2026-09-30 10:27:40 [INFO]: =======================================================================================
2026-09-30 10:27:41 [INFO]: ------------------>cvs name D:/APP_BCI_PYQUE/captures/UserCMSM/Letters/UserCMSM_A_30.csv<----------------
2026-09-30 10:27:41 [INFO]: {'ventana': 1, 'grupo_voto': 'Letters', 'grupo_final': 'Letters', 'comando': 'R', 'confianza_grupo': 0.7676905266309902, 'confianza_comando': 0.3927517745809514}
2026-09-30 10:27:41 [INFO]: {'ventana': 2, 'grupo_voto': 'Letters', 'grupo_final': 'Letters', 'comando': 'R', 'confianza_grupo': 0.992197614020565, 'confianza_comando': 0.724023205826099}
2026-09-30 10:27:41 [INFO]: {'ventana': 3, 'grupo_voto': 'Letters', 'grupo_final': 'Letters', 'comando': 'R', 'confianza_grupo': 0.946528567948111, 'confianza_comando': 0.3589872519209756}
2026-09-30 10:27:41 [INFO]: {'ventana': 4, 'grupo_voto': 'Letters', 'grupo_final': 'Letters', 'comando': 'R', 'confianza_grupo': 0.9948970145650263, 'confianza_comando': 0.28759314895992283}
2026-09-30 10:27:41 [INFO]: Comando predicho R
2026-09-30 10:27:41 [INFO]: Grupo predicho Letters
2026-09-30 10:27:41 [INFO]: ----------------------------------------------------------------
2026-09-30 10:27:42 [INFO]: ------------------>cvs name D:/APP_BCI_PYQUE/captures/UserCMSM/Letters/UserCMSM_A_31.csv<----------------
2026-09-30 10:27:42 [INFO]: {'ventana': 1, 'grupo_voto': 'Letters', 'grupo_final': 'Letters', 'comando': 'A', 'confianza_grupo': 0.9507026943518958, 'confianza_comando': 0.9727570201190475}
2026-09-30 10:27:42 [INFO]: {'ventana': 2, 'grupo_voto': 'Letters', 'grupo_final': 'Letters', 'comando': 'A', 'confianza_grupo': 0.688788808847014, 'confianza_comando': 0.9834296316747991}
2026-09-30 10:27:42 [INFO]: {'ventana': 3, 'grupo_voto': 'Letters', 'grupo_final': 'Letters', 'comando': 'A', 'confianza_grupo': 0.7412802106385208, 'confianza_comando': 0.9695352642216859}
2026-09-30 10:27:42 [INFO]: {'ventana': 4, 'grupo_voto': 'Numbers', 'grupo_final': 'Letters', 'comando': 'A', 'confianza_grupo': 0.5472662675948683, 'confianza_comando': 0.9607854192750754}
2026-09-30 10:27:42 [INFO]: Comando predicho A
2026-09-30 10:27:42 [INFO]: Grupo predicho Letters
2026-09-30 10:27:42 [INFO]: ----------------------------------------------------------------
2026-09-30 10:27:43 [INFO]: ------------------>cvs name D:/APP_BCI_PYQUE/captures/UserCMSM/Letters/UserCMSM_A_32.csv<----------------
2026-09-30 10:27:43 [INFO]: {'ventana': 1, 'grupo_voto': 'Letters', 'grupo_final': 'Letters', 'comando': 'N', 'confianza_grupo': 0.9953828821118915, 'confianza_comando': 0.4795976299906061}
2026-09-30 10:27:43 [INFO]: {'ventana': 2, 'grupo_voto': 'Letters', 'grupo_final': 'Letters', 'comando': 'A', 'confianza_grupo': 0.9922660389791491, 'confianza_comando': 0.3837324144401543}
2026-09-30 10:27:43 [INFO]: {'ventana': 3, 'grupo_voto': 'Letters', 'grupo_final': 'Letters', 'comando': 'A', 'confianza_grupo': 0.989199204349792, 'confianza_comando': 0.4181816036292688}
2026-09-30 10:27:43 [INFO]: {'ventana': 4, 'grupo_voto': 'Letters', 'grupo_final': 'Letters', 'comando': 'O', 'confianza_grupo': 0.9881264384567268, 'confianza_comando': 0.35366521778763516}
2026-09-30 10:27:43 [INFO]: Comando predicho N
2026-09-30 10:27:43 [INFO]: Grupo predicho Letters
2026-09-30 10:27:43 [INFO]: ----------------------------------------------------------------
2026-09-30 10:27:44 [INFO]: ------------------>cvs name D:/APP_BCI_PYQUE/captures/UserCMSM/Letters/UserCMSM_A_33.csv<----------------
2026-09-30 10:27:44 [INFO]: {'ventana': 1, 'grupo_voto': 'Letters', 'grupo_final': 'Letters', 'comando': 'A', 'confianza_grupo': 0.9806010887850009, 'confianza_comando': 0.9713550251390978}
2026-09-30 10:27:44 [INFO]: {'ventana': 2, 'grupo_voto': 'Letters', 'grupo_final': 'Letters', 'comando': 'A', 'confianza_grupo': 0.9928692442252917, 'confianza_comando': 0.9680020152761888}
2026-09-30 10:27:44 [INFO]: {'ventana': 3, 'grupo_voto': 'Letters', 'grupo_final': 'Letters', 'comando': 'A', 'confianza_grupo': 0.9841291771612837, 'confianza_comando': 0.9959906709540858}
2026-09-30 10:27:44 [INFO]: {'ventana': 4, 'grupo_voto': 'Letters', 'grupo_final': 'Letters', 'comando': 'A', 'confianza_grupo': 0.9699788466104633, 'confianza_comando': 0.9748249799463473}
2026-09-30 10:27:44 [INFO]: Comando predicho A
2026-09-30 10:27:44 [INFO]: Grupo predicho Letters
2026-09-30 10:27:44 [INFO]: ----------------------------------------------------------------
2026-09-30 10:27:44 [INFO]: ------------------>cvs name D:/APP_BCI_PYQUE/captures/UserCMSM/Letters/UserCMSM_A_34.csv<----------------
2026-09-30 10:27:44 [INFO]: {'ventana': 1, 'grupo_voto': 'Letters', 'grupo_final': 'Letters', 'comando': 'A', 'confianza_grupo': 0.9200315142232578, 'confianza_comando': 0.8881597484816358}
2026-09-30 10:27:44 [INFO]: {'ventana': 2, 'grupo_voto': 'Letters', 'grupo_final': 'Letters', 'comando': 'A', 'confianza_grupo': 0.9903829314307911, 'confianza_comando': 0.7147960867942909}
2026-09-30 10:27:44 [INFO]: {'ventana': 3, 'grupo_voto': 'Letters', 'grupo_final': 'Letters', 'comando': 'A', 'confianza_grupo': 0.9459312504631967, 'confianza_comando': 0.6211381881416783}
2026-09-30 10:27:44 [INFO]: {'ventana': 4, 'grupo_voto': 'Letters', 'grupo_final': 'Letters', 'comando': 'L', 'confianza_grupo': 0.9321594197514023, 'confianza_comando': 0.3361625747341486}
2026-09-30 10:27:44 [INFO]: Comando predicho A
2026-09-30 10:27:44 [INFO]: Grupo predicho Letters
2026-09-30 10:27:44 [INFO]: ----------------------------------------------------------------
2026-09-30 10:27:45 [INFO]: ------------------>cvs name D:/APP_BCI_PYQUE/captures/UserCMSM/Letters/UserCMSM_A_35.csv<----------------
2026-09-30 10:27:45 [INFO]: {'ventana': 1, 'grupo_voto': 'Letters', 'grupo_final': 'Letters', 'comando': 'A', 'confianza_grupo': 0.9689894649296316, 'confianza_comando': 0.9374729827437698}
2026-09-30 10:27:45 [INFO]: {'ventana': 2, 'grupo_voto': 'Letters', 'grupo_final': 'Letters', 'comando': 'A', 'confianza_grupo': 0.9811518245143291, 'confianza_comando': 0.9622673758076279}
2026-09-30 10:27:45 [INFO]: {'ventana': 3, 'grupo_voto': 'Letters', 'grupo_final': 'Letters', 'comando': 'A', 'confianza_grupo': 0.9888047338166701, 'confianza_comando': 0.9772801641575513}
2026-09-30 10:27:45 [INFO]: {'ventana': 4, 'grupo_voto': 'Letters', 'grupo_final': 'Letters', 'comando': 'A', 'confianza_grupo': 0.9927853074454779, 'confianza_comando': 0.8824328155321038}
2026-09-30 10:27:45 [INFO]: Comando predicho A
2026-09-30 10:27:45 [INFO]: Grupo predicho Letters
2026-09-30 10:27:45 [INFO]: ----------------------------------------------------------------
2026-09-30 10:27:46 [INFO]: ------------------>cvs name D:/APP_BCI_PYQUE/captures/UserCMSM/Letters/UserCMSM_A_36.csv<----------------
2026-09-30 10:27:46 [INFO]: {'ventana': 1, 'grupo_voto': 'Letters', 'grupo_final': 'Letters', 'comando': 'A', 'confianza_grupo': 0.9820633953883692, 'confianza_comando': 0.8659409136861103}
2026-09-30 10:27:46 [INFO]: {'ventana': 2, 'grupo_voto': 'Letters', 'grupo_final': 'Letters', 'comando': 'N', 'confianza_grupo': 0.9665670365877032, 'confianza_comando': 0.5546342646421885}
2026-09-30 10:27:46 [INFO]: {'ventana': 3, 'grupo_voto': 'Letters', 'grupo_final': 'Letters', 'comando': 'N', 'confianza_grupo': 0.7638198995908488, 'confianza_comando': 0.49784893997073226}
2026-09-30 10:27:46 [INFO]: {'ventana': 4, 'grupo_voto': 'Numbers', 'grupo_final': 'Letters', 'comando': 'E', 'confianza_grupo': 0.5388399700652848, 'confianza_comando': 0.26247441043224845}
2026-09-30 10:27:46 [INFO]: Comando predicho A
2026-09-30 10:27:46 [INFO]: Grupo predicho Letters
2026-09-30 10:27:46 [INFO]: ----------------------------------------------------------------
2026-09-30 10:27:47 [INFO]: ------------------>cvs name D:/APP_BCI_PYQUE/captures/UserCMSM/Letters/UserCMSM_A_37.csv<----------------
2026-09-30 10:27:47 [INFO]: {'ventana': 1, 'grupo_voto': 'Letters', 'grupo_final': 'Letters', 'comando': 'A', 'confianza_grupo': 0.9866653531299914, 'confianza_comando': 0.9944604404318462}
2026-09-30 10:27:47 [INFO]: {'ventana': 2, 'grupo_voto': 'Letters', 'grupo_final': 'Letters', 'comando': 'A', 'confianza_grupo': 0.9858270955681985, 'confianza_comando': 0.83268674275724}
2026-09-30 10:27:47 [INFO]: {'ventana': 3, 'grupo_voto': 'Letters', 'grupo_final': 'Letters', 'comando': 'A', 'confianza_grupo': 0.9811717391497838, 'confianza_comando': 0.972249299170013}
2026-09-30 10:27:47 [INFO]: {'ventana': 4, 'grupo_voto': 'Letters', 'grupo_final': 'Letters', 'comando': 'A', 'confianza_grupo': 0.9744489244116102, 'confianza_comando': 0.961353791004748}
2026-09-30 10:27:47 [INFO]: Comando predicho A
2026-09-30 10:27:47 [INFO]: Grupo predicho Letters
2026-09-30 10:27:47 [INFO]: ----------------------------------------------------------------
2026-09-30 10:27:48 [INFO]: ------------------>cvs name D:/APP_BCI_PYQUE/captures/UserCMSM/Letters/UserCMSM_A_38.csv<----------------
2026-09-30 10:27:48 [INFO]: {'ventana': 1, 'grupo_voto': 'Letters', 'grupo_final': 'Letters', 'comando': 'A', 'confianza_grupo': 0.976463013987752, 'confianza_comando': 0.9979951424749636}
2026-09-30 10:27:48 [INFO]: {'ventana': 2, 'grupo_voto': 'Letters', 'grupo_final': 'Letters', 'comando': 'A', 'confianza_grupo': 0.9819726046819736, 'confianza_comando': 0.9905948355658485}
2026-09-30 10:27:48 [INFO]: {'ventana': 3, 'grupo_voto': 'Letters', 'grupo_final': 'Letters', 'comando': 'A', 'confianza_grupo': 0.9738112701808044, 'confianza_comando': 0.9860231642069092}
2026-09-30 10:27:48 [INFO]: {'ventana': 4, 'grupo_voto': 'Letters', 'grupo_final': 'Letters', 'comando': 'A', 'confianza_grupo': 0.9639554822916285, 'confianza_comando': 0.9963061772152039}
2026-09-30 10:27:48 [INFO]: Comando predicho A
2026-09-30 10:27:48 [INFO]: Grupo predicho Letters
2026-09-30 10:27:48 [INFO]: ----------------------------------------------------------------
2026-09-30 10:27:48 [INFO]: ------------------>cvs name D:/APP_BCI_PYQUE/captures/UserCMSM/Letters/UserCMSM_A_39.csv<----------------
2026-09-30 10:27:48 [INFO]: {'ventana': 1, 'grupo_voto': 'Letters', 'grupo_final': 'Letters', 'comando': 'A', 'confianza_grupo': 0.9903652807364108, 'confianza_comando': 0.9840258719296264}
2026-09-30 10:27:48 [INFO]: {'ventana': 2, 'grupo_voto': 'Letters', 'grupo_final': 'Letters', 'comando': 'A', 'confianza_grupo': 0.975250729309851, 'confianza_comando': 0.9675971878778746}
2026-09-30 10:27:48 [INFO]: {'ventana': 3, 'grupo_voto': 'Letters', 'grupo_final': 'Letters', 'comando': 'A', 'confianza_grupo': 0.9574360923527758, 'confianza_comando': 0.9770379729771514}
2026-09-30 10:27:48 [INFO]: {'ventana': 4, 'grupo_voto': 'Letters', 'grupo_final': 'Letters', 'comando': 'A', 'confianza_grupo': 0.9749608460603307, 'confianza_comando': 0.9807204516664448}
2026-09-30 10:27:48 [INFO]: Comando predicho A
2026-09-30 10:27:48 [INFO]: Grupo predicho Letters
2026-09-30 10:27:48 [INFO]: ----------------------------------------------------------------
2026-09-30 10:27:49 [INFO]: ------------------>cvs name D:/APP_BCI_PYQUE/captures/UserCMSM/Letters/UserCMSM_A_40.csv<----------------
2026-09-30 10:27:49 [INFO]: {'ventana': 1, 'grupo_voto': 'Letters', 'grupo_final': 'Letters', 'comando': 'A', 'confianza_grupo': 0.9973317829278182, 'confianza_comando': 0.991771381713641}
2026-09-30 10:27:49 [INFO]: {'ventana': 2, 'grupo_voto': 'Letters', 'grupo_final': 'Letters', 'comando': 'A', 'confianza_grupo': 0.9838827634366548, 'confianza_comando': 0.9606470517631219}
2026-09-30 10:27:49 [INFO]: {'ventana': 3, 'grupo_voto': 'Letters', 'grupo_final': 'Letters', 'comando': 'A', 'confianza_grupo': 0.9890353661520661, 'confianza_comando': 0.9653959316786583}
2026-09-30 10:27:49 [INFO]: {'ventana': 4, 'grupo_voto': 'Letters', 'grupo_final': 'Letters', 'comando': 'A', 'confianza_grupo': 0.9957701943810342, 'confianza_comando': 0.8440882041442779}
2026-09-30 10:27:49 [INFO]: Comando predicho A
2026-09-30 10:27:49 [INFO]: Grupo predicho Letters
2026-09-30 10:27:49 [INFO]: ----------------------------------------------------------------
2026-09-30 10:27:49 [INFO]: ------------------>cvs name D:/APP_BCI_PYQUE/captures/UserCMSM/Letters/UserCMSM_A_41.csv<----------------
2026-09-30 10:27:49 [INFO]: {'ventana': 1, 'grupo_voto': 'Letters', 'grupo_final': 'Letters', 'comando': 'A', 'confianza_grupo': 0.9934885424013541, 'confianza_comando': 0.7042109912814686}
2026-09-30 10:27:49 [INFO]: {'ventana': 2, 'grupo_voto': 'Letters', 'grupo_final': 'Letters', 'comando': 'A', 'confianza_grupo': 0.99662067250369, 'confianza_comando': 0.979666026891232}
2026-09-30 10:27:49 [INFO]: {'ventana': 3, 'grupo_voto': 'Letters', 'grupo_final': 'Letters', 'comando': 'A', 'confianza_grupo': 0.9985878062129703, 'confianza_comando': 0.9683726477790047}
2026-09-30 10:27:49 [INFO]: {'ventana': 4, 'grupo_voto': 'Letters', 'grupo_final': 'Letters', 'comando': 'A', 'confianza_grupo': 0.9989635388047124, 'confianza_comando': 0.9807124459093428}
2026-09-30 10:27:49 [INFO]: Comando predicho A
2026-09-30 10:27:49 [INFO]: Grupo predicho Letters
2026-09-30 10:27:49 [INFO]: ----------------------------------------------------------------
2026-09-30 10:27:50 [INFO]: ------------------>cvs name D:/APP_BCI_PYQUE/captures/UserCMSM/Letters/UserCMSM_A_42.csv<----------------
2026-09-30 10:27:50 [INFO]: {'ventana': 1, 'grupo_voto': 'Letters', 'grupo_final': 'Numbers', 'comando': '8', 'confianza_grupo': 0.6515910085980061, 'confianza_comando': 0.7049348621489445}
2026-09-30 10:27:50 [INFO]: {'ventana': 2, 'grupo_voto': 'Numbers', 'grupo_final': 'Numbers', 'comando': '7', 'confianza_grupo': 0.5859715818647386, 'confianza_comando': 0.6847611675526298}
2026-09-30 10:27:50 [INFO]: {'ventana': 3, 'grupo_voto': 'Numbers', 'grupo_final': 'Numbers', 'comando': '8', 'confianza_grupo': 0.7713043708862811, 'confianza_comando': 0.5919657556497452}
2026-09-30 10:27:50 [INFO]: {'ventana': 4, 'grupo_voto': 'Numbers', 'grupo_final': 'Numbers', 'comando': '5', 'confianza_grupo': 0.9361041281528069, 'confianza_comando': 0.33834466807944985}
2026-09-30 10:27:50 [INFO]: Comando predicho 8
2026-09-30 10:27:50 [INFO]: Grupo predicho Numbers
2026-09-30 10:27:50 [INFO]: ----------------------------------------------------------------
2026-09-30 10:27:50 [INFO]: ------------------>cvs name D:/APP_BCI_PYQUE/captures/UserCMSM/Letters/UserCMSM_A_43.csv<----------------
2026-09-30 10:27:50 [INFO]: {'ventana': 1, 'grupo_voto': 'Letters', 'grupo_final': 'Letters', 'comando': 'A', 'confianza_grupo': 0.9826987575796885, 'confianza_comando': 0.9668828635626244}
2026-09-30 10:27:50 [INFO]: {'ventana': 2, 'grupo_voto': 'Letters', 'grupo_final': 'Letters', 'comando': 'A', 'confianza_grupo': 0.972806023161352, 'confianza_comando': 0.955296724765395}
2026-09-30 10:27:50 [INFO]: {'ventana': 3, 'grupo_voto': 'Letters', 'grupo_final': 'Letters', 'comando': 'A', 'confianza_grupo': 0.9956304611087113, 'confianza_comando': 0.9795632989475624}
2026-09-30 10:27:50 [INFO]: {'ventana': 4, 'grupo_voto': 'Letters', 'grupo_final': 'Letters', 'comando': 'A', 'confianza_grupo': 0.9966875961040623, 'confianza_comando': 0.974497168365973}
2026-09-30 10:27:50 [INFO]: Comando predicho A
2026-09-30 10:27:50 [INFO]: Grupo predicho Letters
2026-09-30 10:27:50 [INFO]: ----------------------------------------------------------------
2026-09-30 10:27:51 [INFO]: ------------------>cvs name D:/APP_BCI_PYQUE/captures/UserCMSM/Letters/UserCMSM_A_44.csv<----------------
2026-09-30 10:27:51 [INFO]: {'ventana': 1, 'grupo_voto': 'Letters', 'grupo_final': 'Letters', 'comando': 'A', 'confianza_grupo': 0.997040440118518, 'confianza_comando': 0.9633373164580613}
2026-09-30 10:27:51 [INFO]: {'ventana': 2, 'grupo_voto': 'Letters', 'grupo_final': 'Letters', 'comando': 'A', 'confianza_grupo': 0.9859048111856528, 'confianza_comando': 0.9398718288090088}
2026-09-30 10:27:51 [INFO]: {'ventana': 3, 'grupo_voto': 'Letters', 'grupo_final': 'Letters', 'comando': 'A', 'confianza_grupo': 0.9632700824470003, 'confianza_comando': 0.9518978970794049}
2026-09-30 10:27:51 [INFO]: {'ventana': 4, 'grupo_voto': 'Letters', 'grupo_final': 'Letters', 'comando': 'A', 'confianza_grupo': 0.887622329688519, 'confianza_comando': 0.9750186367326332}
2026-09-30 10:27:51 [INFO]: Comando predicho A
2026-09-30 10:27:51 [INFO]: Grupo predicho Letters
2026-09-30 10:27:51 [INFO]: ----------------------------------------------------------------
2026-09-30 10:27:51 [INFO]: ------------------>cvs name D:/APP_BCI_PYQUE/captures/UserCMSM/Letters/UserCMSM_A_45.csv<----------------
2026-09-30 10:27:51 [INFO]: {'ventana': 1, 'grupo_voto': 'Letters', 'grupo_final': 'Letters', 'comando': 'A', 'confianza_grupo': 0.9849441318697345, 'confianza_comando': 0.9937958924116731}
2026-09-30 10:27:51 [INFO]: {'ventana': 2, 'grupo_voto': 'Letters', 'grupo_final': 'Letters', 'comando': 'A', 'confianza_grupo': 0.9905604813401239, 'confianza_comando': 0.9731745256829489}
2026-09-30 10:27:51 [INFO]: {'ventana': 3, 'grupo_voto': 'Letters', 'grupo_final': 'Letters', 'comando': 'A', 'confianza_grupo': 0.9882520433860398, 'confianza_comando': 0.9759358705520238}
2026-09-30 10:27:51 [INFO]: {'ventana': 4, 'grupo_voto': 'Letters', 'grupo_final': 'Letters', 'comando': 'A', 'confianza_grupo': 0.9732786938679968, 'confianza_comando': 0.9069176065721744}
2026-09-30 10:27:51 [INFO]: Comando predicho A
2026-09-30 10:27:51 [INFO]: Grupo predicho Letters
2026-09-30 10:27:51 [INFO]: ----------------------------------------------------------------
2026-09-30 10:27:52 [INFO]: ------------------>cvs name D:/APP_BCI_PYQUE/captures/UserCMSM/Letters/UserCMSM_A_46.csv<----------------
2026-09-30 10:27:52 [INFO]: {'ventana': 1, 'grupo_voto': 'Letters', 'grupo_final': 'Letters', 'comando': 'A', 'confianza_grupo': 0.9834558130360326, 'confianza_comando': 0.9977851740071707}
2026-09-30 10:27:52 [INFO]: {'ventana': 2, 'grupo_voto': 'Letters', 'grupo_final': 'Letters', 'comando': 'A', 'confianza_grupo': 0.9967783994704791, 'confianza_comando': 0.988510708429872}
2026-09-30 10:27:52 [INFO]: {'ventana': 3, 'grupo_voto': 'Letters', 'grupo_final': 'Letters', 'comando': 'A', 'confianza_grupo': 0.9946356052440384, 'confianza_comando': 0.9773495049065805}
2026-09-30 10:27:52 [INFO]: {'ventana': 4, 'grupo_voto': 'Letters', 'grupo_final': 'Letters', 'comando': 'A', 'confianza_grupo': 0.9922910429093658, 'confianza_comando': 0.9540217123786561}
2026-09-30 10:27:52 [INFO]: Comando predicho A
2026-09-30 10:27:52 [INFO]: Grupo predicho Letters
2026-09-30 10:27:52 [INFO]: ----------------------------------------------------------------
2026-09-30 10:27:53 [INFO]: ------------------>cvs name D:/APP_BCI_PYQUE/captures/UserCMSM/Letters/UserCMSM_A_47.csv<----------------
2026-09-30 10:27:53 [INFO]: {'ventana': 1, 'grupo_voto': 'Letters', 'grupo_final': 'Letters', 'comando': 'A', 'confianza_grupo': 0.9762571063843849, 'confianza_comando': 0.9324099073935229}
2026-09-30 10:27:53 [INFO]: {'ventana': 2, 'grupo_voto': 'Letters', 'grupo_final': 'Letters', 'comando': 'A', 'confianza_grupo': 0.9738462985551671, 'confianza_comando': 0.9699673204266233}
2026-09-30 10:27:53 [INFO]: {'ventana': 3, 'grupo_voto': 'Letters', 'grupo_final': 'Letters', 'comando': 'A', 'confianza_grupo': 0.9802906996253298, 'confianza_comando': 0.9541030878731559}
2026-09-30 10:27:53 [INFO]: {'ventana': 4, 'grupo_voto': 'Letters', 'grupo_final': 'Letters', 'comando': 'A', 'confianza_grupo': 0.9938169755039639, 'confianza_comando': 0.9460424147181024}
2026-09-30 10:27:53 [INFO]: Comando predicho A
2026-09-30 10:27:53 [INFO]: Grupo predicho Letters
2026-09-30 10:27:53 [INFO]: ----------------------------------------------------------------
2026-09-30 10:27:54 [INFO]: ------------------>cvs name D:/APP_BCI_PYQUE/captures/UserCMSM/Letters/UserCMSM_A_48.csv<----------------
2026-09-30 10:27:54 [INFO]: {'ventana': 1, 'grupo_voto': 'Letters', 'grupo_final': 'Letters', 'comando': 'A', 'confianza_grupo': 0.861372278741391, 'confianza_comando': 0.9637580065782485}
2026-09-30 10:27:54 [INFO]: {'ventana': 2, 'grupo_voto': 'Letters', 'grupo_final': 'Letters', 'comando': 'A', 'confianza_grupo': 0.676387623026676, 'confianza_comando': 0.9896296885334729}
2026-09-30 10:27:54 [INFO]: {'ventana': 3, 'grupo_voto': 'Letters', 'grupo_final': 'Letters', 'comando': 'A', 'confianza_grupo': 0.7856389877305489, 'confianza_comando': 0.9686579581001051}
2026-09-30 10:27:54 [INFO]: {'ventana': 4, 'grupo_voto': 'Letters', 'grupo_final': 'Letters', 'comando': 'A', 'confianza_grupo': 0.9821198374079867, 'confianza_comando': 0.9560181006134039}
2026-09-30 10:27:54 [INFO]: Comando predicho A
2026-09-30 10:27:54 [INFO]: Grupo predicho Letters
2026-09-30 10:27:54 [INFO]: ----------------------------------------------------------------
2026-09-30 10:27:54 [INFO]: ------------------>cvs name D:/APP_BCI_PYQUE/captures/UserCMSM/Letters/UserCMSM_A_49.csv<----------------
2026-09-30 10:27:54 [INFO]: {'ventana': 1, 'grupo_voto': 'Letters', 'grupo_final': 'Numbers', 'comando': '2', 'confianza_grupo': 0.8599306968902036, 'confianza_comando': 0.9471196238190329}
2026-09-30 10:27:54 [INFO]: {'ventana': 2, 'grupo_voto': 'Numbers', 'grupo_final': 'Numbers', 'comando': '2', 'confianza_grupo': 0.7131689029754061, 'confianza_comando': 0.5281723490072722}
2026-09-30 10:27:54 [INFO]: {'ventana': 3, 'grupo_voto': 'Numbers', 'grupo_final': 'Numbers', 'comando': '3', 'confianza_grupo': 0.928029148161901, 'confianza_comando': 0.29141706233110787}
2026-09-30 10:27:54 [INFO]: {'ventana': 4, 'grupo_voto': 'Numbers', 'grupo_final': 'Numbers', 'comando': '1', 'confianza_grupo': 0.8905017615026604, 'confianza_comando': 0.37282249122558114}
2026-09-30 10:27:54 [INFO]: Comando predicho 2
2026-09-30 10:27:54 [INFO]: Grupo predicho Numbers
2026-09-30 10:27:54 [INFO]: ----------------------------------------------------------------
2026-09-30 10:27:55 [INFO]: ------------------>cvs name D:/APP_BCI_PYQUE/captures/UserCMSM/Letters/UserCMSM_A_50.csv<----------------
2026-09-30 10:27:55 [INFO]: {'ventana': 1, 'grupo_voto': 'Numbers', 'grupo_final': 'Numbers', 'comando': '0', 'confianza_grupo': 0.9528965319040444, 'confianza_comando': 0.9177601232535427}
2026-09-30 10:27:55 [INFO]: {'ventana': 2, 'grupo_voto': 'Numbers', 'grupo_final': 'Numbers', 'comando': '9', 'confianza_grupo': 0.9817494323254758, 'confianza_comando': 0.2480146943404908}
2026-09-30 10:27:55 [INFO]: {'ventana': 3, 'grupo_voto': 'Numbers', 'grupo_final': 'Numbers', 'comando': '9', 'confianza_grupo': 0.951327152258683, 'confianza_comando': 0.31192438480452583}
2026-09-30 10:27:55 [INFO]: {'ventana': 4, 'grupo_voto': 'Numbers', 'grupo_final': 'Numbers', 'comando': '0', 'confianza_grupo': 0.5821317877289561, 'confianza_comando': 0.48907429691698706}
2026-09-30 10:27:55 [INFO]: Comando predicho 0
2026-09-30 10:27:55 [INFO]: Grupo predicho Numbers
2026-09-30 10:27:55 [INFO]: ----------------------------------------------------------------
2026-09-30 10:27:56 [INFO]: ------------------>cvs name D:/APP_BCI_PYQUE/captures/UserCMSM/Letters/UserCMSM_A_51.csv<----------------
2026-09-30 10:27:56 [INFO]: {'ventana': 1, 'grupo_voto': 'Letters', 'grupo_final': 'Letters', 'comando': 'A', 'confianza_grupo': 0.9748979625646081, 'confianza_comando': 0.8800048475148}
2026-09-30 10:27:56 [INFO]: {'ventana': 2, 'grupo_voto': 'Letters', 'grupo_final': 'Letters', 'comando': 'A', 'confianza_grupo': 0.9744692766445318, 'confianza_comando': 0.9746587715032697}
2026-09-30 10:27:56 [INFO]: {'ventana': 3, 'grupo_voto': 'Letters', 'grupo_final': 'Letters', 'comando': 'A', 'confianza_grupo': 0.863991612448478, 'confianza_comando': 0.9721624948389442}
2026-09-30 10:27:56 [INFO]: {'ventana': 4, 'grupo_voto': 'Letters', 'grupo_final': 'Letters', 'comando': 'A', 'confianza_grupo': 0.9633443613710357, 'confianza_comando': 0.8957273738965936}
2026-09-30 10:27:56 [INFO]: Comando predicho A
2026-09-30 10:27:56 [INFO]: Grupo predicho Letters
2026-09-30 10:27:56 [INFO]: ----------------------------------------------------------------
2026-09-30 10:27:56 [INFO]: ------------------>cvs name D:/APP_BCI_PYQUE/captures/UserCMSM/Letters/UserCMSM_A_52.csv<----------------
2026-09-30 10:27:56 [INFO]: {'ventana': 1, 'grupo_voto': 'Numbers', 'grupo_final': 'Numbers', 'comando': '1', 'confianza_grupo': 0.7539233580325311, 'confianza_comando': 0.14693356467038546}
2026-09-30 10:27:56 [INFO]: {'ventana': 2, 'grupo_voto': 'Numbers', 'grupo_final': 'Numbers', 'comando': '2', 'confianza_grupo': 0.737045475433812, 'confianza_comando': 0.4736074438564785}
2026-09-30 10:27:56 [INFO]: {'ventana': 3, 'grupo_voto': 'Numbers', 'grupo_final': 'Numbers', 'comando': '2', 'confianza_grupo': 0.7326407838010882, 'confianza_comando': 0.44003424691034637}
2026-09-30 10:27:56 [INFO]: {'ventana': 4, 'grupo_voto': 'Numbers', 'grupo_final': 'Numbers', 'comando': '2', 'confianza_grupo': 0.7334149424049454, 'confianza_comando': 0.5344809459799551}
2026-09-30 10:27:56 [INFO]: Comando predicho 2
2026-09-30 10:27:56 [INFO]: Grupo predicho Numbers
2026-09-30 10:27:56 [INFO]: ----------------------------------------------------------------
2026-09-30 10:27:57 [INFO]: ------------------>cvs name D:/APP_BCI_PYQUE/captures/UserCMSM/Letters/UserCMSM_A_53.csv<----------------
2026-09-30 10:27:57 [INFO]: {'ventana': 1, 'grupo_voto': 'Numbers', 'grupo_final': 'Letters', 'comando': 'A', 'confianza_grupo': 0.7836239985840122, 'confianza_comando': 0.9568178500408917}
2026-09-30 10:27:57 [INFO]: {'ventana': 2, 'grupo_voto': 'Letters', 'grupo_final': 'Letters', 'comando': 'A', 'confianza_grupo': 0.6120894710141276, 'confianza_comando': 0.9704166648411356}
2026-09-30 10:27:57 [INFO]: {'ventana': 3, 'grupo_voto': 'Letters', 'grupo_final': 'Letters', 'comando': 'A', 'confianza_grupo': 0.6140227977665126, 'confianza_comando': 0.9792612041573863}
2026-09-30 10:27:57 [INFO]: {'ventana': 4, 'grupo_voto': 'Letters', 'grupo_final': 'Letters', 'comando': 'A', 'confianza_grupo': 0.9018469602797005, 'confianza_comando': 0.9361751662565188}
2026-09-30 10:27:57 [INFO]: Comando predicho A
2026-09-30 10:27:57 [INFO]: Grupo predicho Letters
2026-09-30 10:27:57 [INFO]: ----------------------------------------------------------------
2026-09-30 10:27:58 [INFO]: ------------------>cvs name D:/APP_BCI_PYQUE/captures/UserCMSM/Letters/UserCMSM_A_54.csv<----------------
2026-09-30 10:27:58 [INFO]: {'ventana': 1, 'grupo_voto': 'Letters', 'grupo_final': 'Letters', 'comando': 'A', 'confianza_grupo': 0.5969927087156239, 'confianza_comando': 0.9652001916800546}
2026-09-30 10:27:58 [INFO]: {'ventana': 2, 'grupo_voto': 'Letters', 'grupo_final': 'Letters', 'comando': 'A', 'confianza_grupo': 0.9460639659854851, 'confianza_comando': 0.9507009006325642}
2026-09-30 10:27:58 [INFO]: {'ventana': 3, 'grupo_voto': 'Letters', 'grupo_final': 'Letters', 'comando': 'A', 'confianza_grupo': 0.8165868886866614, 'confianza_comando': 0.9949718601907442}
2026-09-30 10:27:58 [INFO]: {'ventana': 4, 'grupo_voto': 'Letters', 'grupo_final': 'Letters', 'comando': 'A', 'confianza_grupo': 0.8100943001940373, 'confianza_comando': 0.975524461138989}
2026-09-30 10:27:58 [INFO]: Comando predicho A
2026-09-30 10:27:58 [INFO]: Grupo predicho Letters
2026-09-30 10:27:58 [INFO]: ----------------------------------------------------------------
2026-09-30 10:27:58 [INFO]: ------------------>cvs name D:/APP_BCI_PYQUE/captures/UserCMSM/Letters/UserCMSM_A_55.csv<----------------
2026-09-30 10:27:58 [INFO]: {'ventana': 1, 'grupo_voto': 'Numbers', 'grupo_final': 'Letters', 'comando': 'A', 'confianza_grupo': 0.6399281983826487, 'confianza_comando': 0.79041649693956}
2026-09-30 10:27:58 [INFO]: {'ventana': 2, 'grupo_voto': 'Letters', 'grupo_final': 'Letters', 'comando': 'A', 'confianza_grupo': 0.8548538150422474, 'confianza_comando': 0.7299532043284461}
2026-09-30 10:27:58 [INFO]: {'ventana': 3, 'grupo_voto': 'Letters', 'grupo_final': 'Letters', 'comando': 'A', 'confianza_grupo': 0.5694193857230161, 'confianza_comando': 0.8975846851985091}
2026-09-30 10:27:58 [INFO]: {'ventana': 4, 'grupo_voto': 'Letters', 'grupo_final': 'Letters', 'comando': 'A', 'confianza_grupo': 0.5493987731398193, 'confianza_comando': 0.8702893122312869}
2026-09-30 10:27:58 [INFO]: Comando predicho A
2026-09-30 10:27:58 [INFO]: Grupo predicho Letters
2026-09-30 10:27:58 [INFO]: ----------------------------------------------------------------
2026-09-30 10:27:59 [INFO]: ------------------>cvs name D:/APP_BCI_PYQUE/captures/UserCMSM/Letters/UserCMSM_A_56.csv<----------------
2026-09-30 10:27:59 [INFO]: {'ventana': 1, 'grupo_voto': 'Letters', 'grupo_final': 'Letters', 'comando': 'A', 'confianza_grupo': 0.9907038164822141, 'confianza_comando': 0.9825747170347272}
2026-09-30 10:27:59 [INFO]: {'ventana': 2, 'grupo_voto': 'Letters', 'grupo_final': 'Letters', 'comando': 'A', 'confianza_grupo': 0.9941766155904388, 'confianza_comando': 0.9699591222192677}
2026-09-30 10:27:59 [INFO]: {'ventana': 3, 'grupo_voto': 'Letters', 'grupo_final': 'Letters', 'comando': 'A', 'confianza_grupo': 0.9867903598765372, 'confianza_comando': 0.9709553782489042}
2026-09-30 10:27:59 [INFO]: {'ventana': 4, 'grupo_voto': 'Letters', 'grupo_final': 'Letters', 'comando': 'A', 'confianza_grupo': 0.9988098476920637, 'confianza_comando': 0.9412913501041563}
2026-09-30 10:27:59 [INFO]: Comando predicho A
2026-09-30 10:27:59 [INFO]: Grupo predicho Letters
2026-09-30 10:27:59 [INFO]: ----------------------------------------------------------------
2026-09-30 10:28:00 [INFO]: ------------------>cvs name D:/APP_BCI_PYQUE/captures/UserCMSM/Letters/UserCMSM_A_57.csv<----------------
2026-09-30 10:28:00 [INFO]: {'ventana': 1, 'grupo_voto': 'Letters', 'grupo_final': 'Letters', 'comando': 'A', 'confianza_grupo': 0.8330769520034247, 'confianza_comando': 0.9727741537442541}
2026-09-30 10:28:00 [INFO]: {'ventana': 2, 'grupo_voto': 'Letters', 'grupo_final': 'Letters', 'comando': 'A', 'confianza_grupo': 0.6331979651333709, 'confianza_comando': 0.9480824401257678}
2026-09-30 10:28:00 [INFO]: {'ventana': 3, 'grupo_voto': 'Letters', 'grupo_final': 'Letters', 'comando': 'A', 'confianza_grupo': 0.5382877576318186, 'confianza_comando': 0.9834616441379165}
2026-09-30 10:28:00 [INFO]: {'ventana': 4, 'grupo_voto': 'Letters', 'grupo_final': 'Letters', 'comando': 'A', 'confianza_grupo': 0.6608333962306536, 'confianza_comando': 0.9102065054586838}
2026-09-30 10:28:00 [INFO]: Comando predicho A
2026-09-30 10:28:00 [INFO]: Grupo predicho Letters
2026-09-30 10:28:00 [INFO]: ----------------------------------------------------------------
2026-09-30 10:28:00 [INFO]: ------------------>cvs name D:/APP_BCI_PYQUE/captures/UserCMSM/Letters/UserCMSM_A_58.csv<----------------
2026-09-30 10:28:00 [INFO]: {'ventana': 1, 'grupo_voto': 'Letters', 'grupo_final': 'Letters', 'comando': 'D', 'confianza_grupo': 0.9866329551115006, 'confianza_comando': 0.35305383316857664}
2026-09-30 10:28:00 [INFO]: {'ventana': 2, 'grupo_voto': 'Letters', 'grupo_final': 'Letters', 'comando': 'A', 'confianza_grupo': 0.9849782917107952, 'confianza_comando': 0.8843073343581939}
2026-09-30 10:28:00 [INFO]: {'ventana': 3, 'grupo_voto': 'Letters', 'grupo_final': 'Letters', 'comando': 'A', 'confianza_grupo': 0.9865894506712941, 'confianza_comando': 0.8815627120613729}
2026-09-30 10:28:00 [INFO]: {'ventana': 4, 'grupo_voto': 'Letters', 'grupo_final': 'Letters', 'comando': 'A', 'confianza_grupo': 0.9828301334828413, 'confianza_comando': 0.9348125132742848}
2026-09-30 10:28:00 [INFO]: Comando predicho A
2026-09-30 10:28:00 [INFO]: Grupo predicho Letters
2026-09-30 10:28:00 [INFO]: ----------------------------------------------------------------
2026-09-30 10:28:01 [INFO]: ------------------>cvs name D:/APP_BCI_PYQUE/captures/UserCMSM/Letters/UserCMSM_A_59.csv<----------------
2026-09-30 10:28:01 [INFO]: {'ventana': 1, 'grupo_voto': 'Letters', 'grupo_final': 'Letters', 'comando': 'A', 'confianza_grupo': 0.9151130324341707, 'confianza_comando': 0.681902623376631}
2026-09-30 10:28:01 [INFO]: {'ventana': 2, 'grupo_voto': 'Letters', 'grupo_final': 'Letters', 'comando': 'A', 'confianza_grupo': 0.9710664666137444, 'confianza_comando': 0.7356562830680761}
2026-09-30 10:28:01 [INFO]: {'ventana': 3, 'grupo_voto': 'Letters', 'grupo_final': 'Letters', 'comando': 'A', 'confianza_grupo': 0.9291171347072721, 'confianza_comando': 0.9761423214048496}
2026-09-30 10:28:01 [INFO]: {'ventana': 4, 'grupo_voto': 'Letters', 'grupo_final': 'Letters', 'comando': 'S', 'confianza_grupo': 0.9390290040263463, 'confianza_comando': 0.6755845720031173}
2026-09-30 10:28:01 [INFO]: Comando predicho A
2026-09-30 10:28:01 [INFO]: Grupo predicho Letters
2026-09-30 10:28:01 [INFO]: ----------------------------------------------------------------
2026-09-30 10:28:01 [INFO]: Del Comando A Total Archivos 30
2026-09-30 10:28:01 [INFO]: Comando Reales Predichos, 24
2026-09-30 10:28:01 [INFO]: Grupo Real Predicho, 26
2026-09-30 10:28:01 [INFO]: =======================================================================================
2026-09-30 10:28:01 [INFO]: =======================================================================================
2026-09-30 10:28:02 [INFO]: ------------------>cvs name D:/APP_BCI_PYQUE/captures/UserCMSM/Letters/UserCMSM_E_30.csv<----------------
2026-09-30 10:28:02 [INFO]: {'ventana': 1, 'grupo_voto': 'Letters', 'grupo_final': 'Letters', 'comando': 'E', 'confianza_grupo': 0.9806419048109205, 'confianza_comando': 0.9936540413250863}
2026-09-30 10:28:02 [INFO]: {'ventana': 2, 'grupo_voto': 'Letters', 'grupo_final': 'Letters', 'comando': 'E', 'confianza_grupo': 0.9520338184097321, 'confianza_comando': 0.9724999925941284}
2026-09-30 10:28:02 [INFO]: {'ventana': 3, 'grupo_voto': 'Letters', 'grupo_final': 'Letters', 'comando': 'E', 'confianza_grupo': 0.9793997784938969, 'confianza_comando': 0.9786483384803509}
2026-09-30 10:28:02 [INFO]: {'ventana': 4, 'grupo_voto': 'Letters', 'grupo_final': 'Letters', 'comando': 'E', 'confianza_grupo': 0.9915293171929507, 'confianza_comando': 0.8440115094307037}
2026-09-30 10:28:02 [INFO]: Comando predicho E
2026-09-30 10:28:02 [INFO]: Grupo predicho Letters
2026-09-30 10:28:02 [INFO]: ----------------------------------------------------------------
2026-09-30 10:28:02 [INFO]: ------------------>cvs name D:/APP_BCI_PYQUE/captures/UserCMSM/Letters/UserCMSM_E_31.csv<----------------
2026-09-30 10:28:02 [INFO]: {'ventana': 1, 'grupo_voto': 'Numbers', 'grupo_final': 'Letters', 'comando': 'E', 'confianza_grupo': 0.5778584928650875, 'confianza_comando': 0.9836054779372199}
2026-09-30 10:28:02 [INFO]: {'ventana': 2, 'grupo_voto': 'Letters', 'grupo_final': 'Letters', 'comando': 'E', 'confianza_grupo': 0.6266759976162566, 'confianza_comando': 0.8806575675530066}
2026-09-30 10:28:02 [INFO]: {'ventana': 3, 'grupo_voto': 'Letters', 'grupo_final': 'Letters', 'comando': 'E', 'confianza_grupo': 0.6880587835878519, 'confianza_comando': 0.8978392278812248}
2026-09-30 10:28:02 [INFO]: {'ventana': 4, 'grupo_voto': 'Letters', 'grupo_final': 'Letters', 'comando': 'E', 'confianza_grupo': 0.8774086063723181, 'confianza_comando': 0.9309212094834546}
2026-09-30 10:28:02 [INFO]: Comando predicho E
2026-09-30 10:28:02 [INFO]: Grupo predicho Letters
2026-09-30 10:28:02 [INFO]: ----------------------------------------------------------------
2026-09-30 10:28:03 [INFO]: ------------------>cvs name D:/APP_BCI_PYQUE/captures/UserCMSM/Letters/UserCMSM_E_32.csv<----------------
2026-09-30 10:28:03 [INFO]: {'ventana': 1, 'grupo_voto': 'Letters', 'grupo_final': 'Letters', 'comando': 'E', 'confianza_grupo': 0.9713724626332734, 'confianza_comando': 0.9841500279367513}
2026-09-30 10:28:03 [INFO]: {'ventana': 2, 'grupo_voto': 'Letters', 'grupo_final': 'Letters', 'comando': 'E', 'confianza_grupo': 0.9858029721946895, 'confianza_comando': 0.43196788935866937}
2026-09-30 10:28:03 [INFO]: {'ventana': 3, 'grupo_voto': 'Letters', 'grupo_final': 'Letters', 'comando': 'E', 'confianza_grupo': 0.9885476316619806, 'confianza_comando': 0.9257718794227351}
2026-09-30 10:28:03 [INFO]: {'ventana': 4, 'grupo_voto': 'Letters', 'grupo_final': 'Letters', 'comando': 'E', 'confianza_grupo': 0.9955103954259534, 'confianza_comando': 0.9274457135828215}
2026-09-30 10:28:03 [INFO]: Comando predicho E
2026-09-30 10:28:03 [INFO]: Grupo predicho Letters
2026-09-30 10:28:03 [INFO]: ----------------------------------------------------------------
2026-09-30 10:28:03 [INFO]: ------------------>cvs name D:/APP_BCI_PYQUE/captures/UserCMSM/Letters/UserCMSM_E_33.csv<----------------
2026-09-30 10:28:03 [INFO]: {'ventana': 1, 'grupo_voto': 'Letters', 'grupo_final': 'Letters', 'comando': 'E', 'confianza_grupo': 0.9978434820827803, 'confianza_comando': 0.9330542421455095}
2026-09-30 10:28:03 [INFO]: {'ventana': 2, 'grupo_voto': 'Letters', 'grupo_final': 'Letters', 'comando': 'E', 'confianza_grupo': 0.9968177251528236, 'confianza_comando': 0.9197561497154554}
2026-09-30 10:28:03 [INFO]: {'ventana': 3, 'grupo_voto': 'Letters', 'grupo_final': 'Letters', 'comando': 'E', 'confianza_grupo': 0.9960432891414234, 'confianza_comando': 0.9605459311218618}
2026-09-30 10:28:03 [INFO]: {'ventana': 4, 'grupo_voto': 'Letters', 'grupo_final': 'Letters', 'comando': 'E', 'confianza_grupo': 0.9925585776731284, 'confianza_comando': 0.9784021403946492}
2026-09-30 10:28:03 [INFO]: Comando predicho E
2026-09-30 10:28:03 [INFO]: Grupo predicho Letters
2026-09-30 10:28:03 [INFO]: ----------------------------------------------------------------
2026-09-30 10:28:04 [INFO]: ------------------>cvs name D:/APP_BCI_PYQUE/captures/UserCMSM/Letters/UserCMSM_E_34.csv<----------------
2026-09-30 10:28:04 [INFO]: {'ventana': 1, 'grupo_voto': 'Letters', 'grupo_final': 'Letters', 'comando': 'E', 'confianza_grupo': 0.9748928263417465, 'confianza_comando': 0.7296393787594913}
2026-09-30 10:28:04 [INFO]: {'ventana': 2, 'grupo_voto': 'Letters', 'grupo_final': 'Letters', 'comando': 'E', 'confianza_grupo': 0.9794393135132586, 'confianza_comando': 0.9315074286689404}
2026-09-30 10:28:04 [INFO]: {'ventana': 3, 'grupo_voto': 'Letters', 'grupo_final': 'Letters', 'comando': 'E', 'confianza_grupo': 0.9949424702421121, 'confianza_comando': 0.9019973380291327}
2026-09-30 10:28:04 [INFO]: {'ventana': 4, 'grupo_voto': 'Letters', 'grupo_final': 'Letters', 'comando': 'E', 'confianza_grupo': 0.9640285574512625, 'confianza_comando': 0.9336306219869377}
2026-09-30 10:28:04 [INFO]: Comando predicho E
2026-09-30 10:28:04 [INFO]: Grupo predicho Letters
2026-09-30 10:28:04 [INFO]: ----------------------------------------------------------------
2026-09-30 10:28:05 [INFO]: ------------------>cvs name D:/APP_BCI_PYQUE/captures/UserCMSM/Letters/UserCMSM_E_35.csv<----------------
2026-09-30 10:28:05 [INFO]: {'ventana': 1, 'grupo_voto': 'Letters', 'grupo_final': 'Letters', 'comando': 'E', 'confianza_grupo': 0.8426149866218907, 'confianza_comando': 0.9527709443418091}
2026-09-30 10:28:05 [INFO]: {'ventana': 2, 'grupo_voto': 'Letters', 'grupo_final': 'Letters', 'comando': 'E', 'confianza_grupo': 0.777746277911059, 'confianza_comando': 0.9642768119190134}
2026-09-30 10:28:05 [INFO]: {'ventana': 3, 'grupo_voto': 'Letters', 'grupo_final': 'Letters', 'comando': 'E', 'confianza_grupo': 0.9326125336070425, 'confianza_comando': 0.9676063520980888}
2026-09-30 10:28:05 [INFO]: {'ventana': 4, 'grupo_voto': 'Letters', 'grupo_final': 'Letters', 'comando': 'E', 'confianza_grupo': 0.9447745640565779, 'confianza_comando': 0.9615746945559055}
2026-09-30 10:28:05 [INFO]: Comando predicho E
2026-09-30 10:28:05 [INFO]: Grupo predicho Letters
2026-09-30 10:28:05 [INFO]: ----------------------------------------------------------------
2026-09-30 10:28:05 [INFO]: ------------------>cvs name D:/APP_BCI_PYQUE/captures/UserCMSM/Letters/UserCMSM_E_36.csv<----------------
2026-09-30 10:28:05 [INFO]: {'ventana': 1, 'grupo_voto': 'Numbers', 'grupo_final': 'Numbers', 'comando': '5', 'confianza_grupo': 0.7375526919675082, 'confianza_comando': 0.3951667164832337}
2026-09-30 10:28:05 [INFO]: {'ventana': 2, 'grupo_voto': 'Numbers', 'grupo_final': 'Numbers', 'comando': '9', 'confianza_grupo': 0.6157513622261447, 'confianza_comando': 0.7057845835365114}
2026-09-30 10:28:05 [INFO]: {'ventana': 3, 'grupo_voto': 'Numbers', 'grupo_final': 'Numbers', 'comando': '9', 'confianza_grupo': 0.817109598529785, 'confianza_comando': 0.5480674508416415}
2026-09-30 10:28:05 [INFO]: {'ventana': 4, 'grupo_voto': 'Letters', 'grupo_final': 'Numbers', 'comando': '9', 'confianza_grupo': 0.5973648135757137, 'confianza_comando': 0.3943468878416425}
2026-09-30 10:28:05 [INFO]: Comando predicho 9
2026-09-30 10:28:05 [INFO]: Grupo predicho Numbers
2026-09-30 10:28:05 [INFO]: ----------------------------------------------------------------
2026-09-30 10:28:06 [INFO]: ------------------>cvs name D:/APP_BCI_PYQUE/captures/UserCMSM/Letters/UserCMSM_E_37.csv<----------------
2026-09-30 10:28:06 [INFO]: {'ventana': 1, 'grupo_voto': 'Letters', 'grupo_final': 'Letters', 'comando': 'A', 'confianza_grupo': 0.748314021213928, 'confianza_comando': 0.11511109809799781}
2026-09-30 10:28:06 [INFO]: {'ventana': 2, 'grupo_voto': 'Letters', 'grupo_final': 'Letters', 'comando': 'A', 'confianza_grupo': 0.9082746787712971, 'confianza_comando': 0.6316326015188145}
2026-09-30 10:28:06 [INFO]: {'ventana': 3, 'grupo_voto': 'Letters', 'grupo_final': 'Letters', 'comando': 'O', 'confianza_grupo': 0.9343009048183365, 'confianza_comando': 0.3431822624381829}
2026-09-30 10:28:06 [INFO]: {'ventana': 4, 'grupo_voto': 'Letters', 'grupo_final': 'Letters', 'comando': 'A', 'confianza_grupo': 0.9371344547094554, 'confianza_comando': 0.9010237721956551}
2026-09-30 10:28:06 [INFO]: Comando predicho A
2026-09-30 10:28:06 [INFO]: Grupo predicho Letters
2026-09-30 10:28:06 [INFO]: ----------------------------------------------------------------
2026-09-30 10:28:06 [INFO]: ------------------>cvs name D:/APP_BCI_PYQUE/captures/UserCMSM/Letters/UserCMSM_E_38.csv<----------------
2026-09-30 10:28:06 [INFO]: {'ventana': 1, 'grupo_voto': 'Letters', 'grupo_final': 'Letters', 'comando': 'E', 'confianza_grupo': 0.9773404948012753, 'confianza_comando': 0.8256176767205103}
2026-09-30 10:28:06 [INFO]: {'ventana': 2, 'grupo_voto': 'Letters', 'grupo_final': 'Letters', 'comando': 'E', 'confianza_grupo': 0.9932589823134292, 'confianza_comando': 0.9553522835495898}
2026-09-30 10:28:06 [INFO]: {'ventana': 3, 'grupo_voto': 'Letters', 'grupo_final': 'Letters', 'comando': 'E', 'confianza_grupo': 0.9949090039667561, 'confianza_comando': 0.9661397709045949}
2026-09-30 10:28:06 [INFO]: {'ventana': 4, 'grupo_voto': 'Letters', 'grupo_final': 'Letters', 'comando': 'E', 'confianza_grupo': 0.9961514424535023, 'confianza_comando': 0.9766209499020427}
2026-09-30 10:28:06 [INFO]: Comando predicho E
2026-09-30 10:28:06 [INFO]: Grupo predicho Letters
2026-09-30 10:28:06 [INFO]: ----------------------------------------------------------------
2026-09-30 10:28:07 [INFO]: ------------------>cvs name D:/APP_BCI_PYQUE/captures/UserCMSM/Letters/UserCMSM_E_39.csv<----------------
2026-09-30 10:28:07 [INFO]: {'ventana': 1, 'grupo_voto': 'Letters', 'grupo_final': 'Letters', 'comando': 'E', 'confianza_grupo': 0.9341660288675655, 'confianza_comando': 0.9542691960795001}
2026-09-30 10:28:07 [INFO]: {'ventana': 2, 'grupo_voto': 'Letters', 'grupo_final': 'Letters', 'comando': 'E', 'confianza_grupo': 0.9791006974184596, 'confianza_comando': 0.9852756581719762}
2026-09-30 10:28:07 [INFO]: {'ventana': 3, 'grupo_voto': 'Letters', 'grupo_final': 'Letters', 'comando': 'E', 'confianza_grupo': 0.947830555175259, 'confianza_comando': 0.9678998063637133}
2026-09-30 10:28:07 [INFO]: {'ventana': 4, 'grupo_voto': 'Letters', 'grupo_final': 'Letters', 'comando': 'E', 'confianza_grupo': 0.9738508996144808, 'confianza_comando': 0.9337641198150156}
2026-09-30 10:28:07 [INFO]: Comando predicho E
2026-09-30 10:28:07 [INFO]: Grupo predicho Letters
2026-09-30 10:28:07 [INFO]: ----------------------------------------------------------------
2026-09-30 10:28:07 [INFO]: ------------------>cvs name D:/APP_BCI_PYQUE/captures/UserCMSM/Letters/UserCMSM_E_40.csv<----------------
2026-09-30 10:28:07 [INFO]: {'ventana': 1, 'grupo_voto': 'Letters', 'grupo_final': 'Letters', 'comando': 'E', 'confianza_grupo': 0.972898489505402, 'confianza_comando': 0.4505708310252451}
2026-09-30 10:28:07 [INFO]: {'ventana': 2, 'grupo_voto': 'Letters', 'grupo_final': 'Letters', 'comando': 'E', 'confianza_grupo': 0.9803149977853608, 'confianza_comando': 0.9689862062203679}
2026-09-30 10:28:07 [INFO]: {'ventana': 3, 'grupo_voto': 'Letters', 'grupo_final': 'Letters', 'comando': 'E', 'confianza_grupo': 0.9781595545022127, 'confianza_comando': 0.9759308028131849}
2026-09-30 10:28:07 [INFO]: {'ventana': 4, 'grupo_voto': 'Letters', 'grupo_final': 'Letters', 'comando': 'E', 'confianza_grupo': 0.9495553306659038, 'confianza_comando': 0.9820211618210498}
2026-09-30 10:28:07 [INFO]: Comando predicho E
2026-09-30 10:28:07 [INFO]: Grupo predicho Letters
2026-09-30 10:28:07 [INFO]: ----------------------------------------------------------------
2026-09-30 10:28:08 [INFO]: ------------------>cvs name D:/APP_BCI_PYQUE/captures/UserCMSM/Letters/UserCMSM_E_41.csv<----------------
2026-09-30 10:28:08 [INFO]: {'ventana': 1, 'grupo_voto': 'Letters', 'grupo_final': 'Letters', 'comando': 'E', 'confianza_grupo': 0.9609725414511865, 'confianza_comando': 0.8969879471297677}
2026-09-30 10:28:08 [INFO]: {'ventana': 2, 'grupo_voto': 'Letters', 'grupo_final': 'Letters', 'comando': 'E', 'confianza_grupo': 0.9493854415535498, 'confianza_comando': 0.9579382111987391}
2026-09-30 10:28:08 [INFO]: {'ventana': 3, 'grupo_voto': 'Letters', 'grupo_final': 'Letters', 'comando': 'E', 'confianza_grupo': 0.9724177642166496, 'confianza_comando': 0.8440666161227449}
2026-09-30 10:28:08 [INFO]: {'ventana': 4, 'grupo_voto': 'Letters', 'grupo_final': 'Letters', 'comando': 'E', 'confianza_grupo': 0.9613856808890829, 'confianza_comando': 0.7957621940997357}
2026-09-30 10:28:08 [INFO]: Comando predicho E
2026-09-30 10:28:08 [INFO]: Grupo predicho Letters
2026-09-30 10:28:08 [INFO]: ----------------------------------------------------------------
2026-09-30 10:28:09 [INFO]: ------------------>cvs name D:/APP_BCI_PYQUE/captures/UserCMSM/Letters/UserCMSM_E_42.csv<----------------
2026-09-30 10:28:09 [INFO]: {'ventana': 1, 'grupo_voto': 'Letters', 'grupo_final': 'Letters', 'comando': 'E', 'confianza_grupo': 0.9779987809424999, 'confianza_comando': 0.9790773850180262}
2026-09-30 10:28:09 [INFO]: {'ventana': 2, 'grupo_voto': 'Letters', 'grupo_final': 'Letters', 'comando': 'E', 'confianza_grupo': 0.9812579002128052, 'confianza_comando': 0.9739749242995184}
2026-09-30 10:28:09 [INFO]: {'ventana': 3, 'grupo_voto': 'Letters', 'grupo_final': 'Letters', 'comando': 'A', 'confianza_grupo': 0.9812940295452012, 'confianza_comando': 0.6271825170491547}
2026-09-30 10:28:09 [INFO]: {'ventana': 4, 'grupo_voto': 'Letters', 'grupo_final': 'Letters', 'comando': 'E', 'confianza_grupo': 0.9782940788441372, 'confianza_comando': 0.332757801193867}
2026-09-30 10:28:09 [INFO]: Comando predicho E
2026-09-30 10:28:09 [INFO]: Grupo predicho Letters
2026-09-30 10:28:09 [INFO]: ----------------------------------------------------------------
2026-09-30 10:28:09 [INFO]: ------------------>cvs name D:/APP_BCI_PYQUE/captures/UserCMSM/Letters/UserCMSM_E_43.csv<----------------
2026-09-30 10:28:09 [INFO]: {'ventana': 1, 'grupo_voto': 'Letters', 'grupo_final': 'Letters', 'comando': 'E', 'confianza_grupo': 0.7474331009462051, 'confianza_comando': 0.12957211080049694}
2026-09-30 10:28:09 [INFO]: {'ventana': 2, 'grupo_voto': 'Letters', 'grupo_final': 'Letters', 'comando': 'E', 'confianza_grupo': 0.9117828449731614, 'confianza_comando': 0.6244610055132886}
2026-09-30 10:28:09 [INFO]: {'ventana': 3, 'grupo_voto': 'Letters', 'grupo_final': 'Letters', 'comando': 'E', 'confianza_grupo': 0.8875055537419254, 'confianza_comando': 0.8612286453767232}
2026-09-30 10:28:09 [INFO]: {'ventana': 4, 'grupo_voto': 'Letters', 'grupo_final': 'Letters', 'comando': 'E', 'confianza_grupo': 0.7624282811094979, 'confianza_comando': 0.5321213137512028}
2026-09-30 10:28:09 [INFO]: Comando predicho E
2026-09-30 10:28:09 [INFO]: Grupo predicho Letters
2026-09-30 10:28:09 [INFO]: ----------------------------------------------------------------
2026-09-30 10:28:10 [INFO]: ------------------>cvs name D:/APP_BCI_PYQUE/captures/UserCMSM/Letters/UserCMSM_E_44.csv<----------------
2026-09-30 10:28:10 [INFO]: {'ventana': 1, 'grupo_voto': 'Letters', 'grupo_final': 'Letters', 'comando': 'Q', 'confianza_grupo': 0.9649108840902407, 'confianza_comando': 0.44937859918210266}
2026-09-30 10:28:10 [INFO]: {'ventana': 2, 'grupo_voto': 'Letters', 'grupo_final': 'Letters', 'comando': 'H', 'confianza_grupo': 0.9348703568593865, 'confianza_comando': 0.27356454384765916}
2026-09-30 10:28:10 [INFO]: {'ventana': 3, 'grupo_voto': 'Letters', 'grupo_final': 'Letters', 'comando': 'Q', 'confianza_grupo': 0.9675422381336197, 'confianza_comando': 0.19071763115387985}
2026-09-30 10:28:10 [INFO]: {'ventana': 4, 'grupo_voto': 'Letters', 'grupo_final': 'Letters', 'comando': 'W', 'confianza_grupo': 0.9631100378678791, 'confianza_comando': 0.1836619621811975}
2026-09-30 10:28:10 [INFO]: Comando predicho Q
2026-09-30 10:28:10 [INFO]: Grupo predicho Letters
2026-09-30 10:28:10 [INFO]: ----------------------------------------------------------------
2026-09-30 10:28:11 [INFO]: ------------------>cvs name D:/APP_BCI_PYQUE/captures/UserCMSM/Letters/UserCMSM_E_45.csv<----------------
2026-09-30 10:28:11 [INFO]: {'ventana': 1, 'grupo_voto': 'Letters', 'grupo_final': 'Numbers', 'comando': '2', 'confianza_grupo': 0.5487251597722522, 'confianza_comando': 0.8737485952826989}
2026-09-30 10:28:11 [INFO]: {'ventana': 2, 'grupo_voto': 'Numbers', 'grupo_final': 'Numbers', 'comando': '2', 'confianza_grupo': 0.7940204001407657, 'confianza_comando': 0.9623904749711507}
2026-09-30 10:28:11 [INFO]: {'ventana': 3, 'grupo_voto': 'Numbers', 'grupo_final': 'Numbers', 'comando': '2', 'confianza_grupo': 0.8159900031846014, 'confianza_comando': 0.9544979155349611}
2026-09-30 10:28:11 [INFO]: {'ventana': 4, 'grupo_voto': 'Numbers', 'grupo_final': 'Numbers', 'comando': '2', 'confianza_grupo': 0.510636224113749, 'confianza_comando': 0.9411825944346125}
2026-09-30 10:28:11 [INFO]: Comando predicho 2
2026-09-30 10:28:11 [INFO]: Grupo predicho Numbers
2026-09-30 10:28:11 [INFO]: ----------------------------------------------------------------
2026-09-30 10:28:12 [INFO]: ------------------>cvs name D:/APP_BCI_PYQUE/captures/UserCMSM/Letters/UserCMSM_E_46.csv<----------------
2026-09-30 10:28:12 [INFO]: {'ventana': 1, 'grupo_voto': 'Letters', 'grupo_final': 'Letters', 'comando': 'E', 'confianza_grupo': 0.9540480458864021, 'confianza_comando': 0.9507972655289313}
2026-09-30 10:28:12 [INFO]: {'ventana': 2, 'grupo_voto': 'Letters', 'grupo_final': 'Letters', 'comando': 'E', 'confianza_grupo': 0.9829755122802075, 'confianza_comando': 0.9329167635457698}
2026-09-30 10:28:12 [INFO]: {'ventana': 3, 'grupo_voto': 'Letters', 'grupo_final': 'Letters', 'comando': 'E', 'confianza_grupo': 0.9870829996902618, 'confianza_comando': 0.8920531886881908}
2026-09-30 10:28:12 [INFO]: {'ventana': 4, 'grupo_voto': 'Letters', 'grupo_final': 'Letters', 'comando': 'E', 'confianza_grupo': 0.9749474028455705, 'confianza_comando': 0.820311765881152}
2026-09-30 10:28:12 [INFO]: Comando predicho E
2026-09-30 10:28:12 [INFO]: Grupo predicho Letters
2026-09-30 10:28:12 [INFO]: ----------------------------------------------------------------
2026-09-30 10:28:12 [INFO]: ------------------>cvs name D:/APP_BCI_PYQUE/captures/UserCMSM/Letters/UserCMSM_E_47.csv<----------------
2026-09-30 10:28:12 [INFO]: {'ventana': 1, 'grupo_voto': 'Letters', 'grupo_final': 'Letters', 'comando': 'E', 'confianza_grupo': 0.996505715584643, 'confianza_comando': 0.9959206683939545}
2026-09-30 10:28:12 [INFO]: {'ventana': 2, 'grupo_voto': 'Letters', 'grupo_final': 'Letters', 'comando': 'E', 'confianza_grupo': 0.9953363070889688, 'confianza_comando': 0.9943497091366997}
2026-09-30 10:28:12 [INFO]: {'ventana': 3, 'grupo_voto': 'Letters', 'grupo_final': 'Letters', 'comando': 'E', 'confianza_grupo': 0.9946527170276456, 'confianza_comando': 0.9883960988950123}
2026-09-30 10:28:12 [INFO]: {'ventana': 4, 'grupo_voto': 'Letters', 'grupo_final': 'Letters', 'comando': 'E', 'confianza_grupo': 0.9929519280877618, 'confianza_comando': 0.9856747292325908}
2026-09-30 10:28:12 [INFO]: Comando predicho E
2026-09-30 10:28:12 [INFO]: Grupo predicho Letters
2026-09-30 10:28:12 [INFO]: ----------------------------------------------------------------
2026-09-30 10:28:13 [INFO]: ------------------>cvs name D:/APP_BCI_PYQUE/captures/UserCMSM/Letters/UserCMSM_E_48.csv<----------------
2026-09-30 10:28:13 [INFO]: {'ventana': 1, 'grupo_voto': 'Letters', 'grupo_final': 'Letters', 'comando': 'E', 'confianza_grupo': 0.9730876404910647, 'confianza_comando': 0.9684319520470637}
2026-09-30 10:28:13 [INFO]: {'ventana': 2, 'grupo_voto': 'Letters', 'grupo_final': 'Letters', 'comando': 'E', 'confianza_grupo': 0.9834423855088599, 'confianza_comando': 0.9763648622220444}
2026-09-30 10:28:13 [INFO]: {'ventana': 3, 'grupo_voto': 'Letters', 'grupo_final': 'Letters', 'comando': 'E', 'confianza_grupo': 0.986291504062543, 'confianza_comando': 0.9824949942114412}
2026-09-30 10:28:13 [INFO]: {'ventana': 4, 'grupo_voto': 'Letters', 'grupo_final': 'Letters', 'comando': 'E', 'confianza_grupo': 0.9798183118704862, 'confianza_comando': 0.9770757326538456}
2026-09-30 10:28:13 [INFO]: Comando predicho E
2026-09-30 10:28:13 [INFO]: Grupo predicho Letters
2026-09-30 10:28:13 [INFO]: ----------------------------------------------------------------
2026-09-30 10:28:14 [INFO]: ------------------>cvs name D:/APP_BCI_PYQUE/captures/UserCMSM/Letters/UserCMSM_E_49.csv<----------------
2026-09-30 10:28:14 [INFO]: {'ventana': 1, 'grupo_voto': 'Letters', 'grupo_final': 'Letters', 'comando': 'E', 'confianza_grupo': 0.9478349689785128, 'confianza_comando': 0.9531751458645134}
2026-09-30 10:28:14 [INFO]: {'ventana': 2, 'grupo_voto': 'Letters', 'grupo_final': 'Letters', 'comando': 'E', 'confianza_grupo': 0.9832054484277916, 'confianza_comando': 0.9825723920635692}
2026-09-30 10:28:14 [INFO]: {'ventana': 3, 'grupo_voto': 'Letters', 'grupo_final': 'Letters', 'comando': 'E', 'confianza_grupo': 0.9919694831505381, 'confianza_comando': 0.9591845840152388}
2026-09-30 10:28:14 [INFO]: {'ventana': 4, 'grupo_voto': 'Letters', 'grupo_final': 'Letters', 'comando': 'E', 'confianza_grupo': 0.9537812926915729, 'confianza_comando': 0.8624960585230954}
2026-09-30 10:28:14 [INFO]: Comando predicho E
2026-09-30 10:28:14 [INFO]: Grupo predicho Letters
2026-09-30 10:28:14 [INFO]: ----------------------------------------------------------------
2026-09-30 10:28:14 [INFO]: ------------------>cvs name D:/APP_BCI_PYQUE/captures/UserCMSM/Letters/UserCMSM_E_50.csv<----------------
2026-09-30 10:28:14 [INFO]: {'ventana': 1, 'grupo_voto': 'Letters', 'grupo_final': 'Letters', 'comando': 'E', 'confianza_grupo': 0.9897381627948302, 'confianza_comando': 0.9959258175966933}
2026-09-30 10:28:14 [INFO]: {'ventana': 2, 'grupo_voto': 'Letters', 'grupo_final': 'Letters', 'comando': 'E', 'confianza_grupo': 0.9908703979527841, 'confianza_comando': 0.9897712769576211}
2026-09-30 10:28:14 [INFO]: {'ventana': 3, 'grupo_voto': 'Letters', 'grupo_final': 'Letters', 'comando': 'E', 'confianza_grupo': 0.9859377555778894, 'confianza_comando': 0.9724282810742847}
2026-09-30 10:28:14 [INFO]: {'ventana': 4, 'grupo_voto': 'Letters', 'grupo_final': 'Letters', 'comando': 'E', 'confianza_grupo': 0.9690993495931337, 'confianza_comando': 0.9390932770600559}
2026-09-30 10:28:14 [INFO]: Comando predicho E
2026-09-30 10:28:14 [INFO]: Grupo predicho Letters
2026-09-30 10:28:14 [INFO]: ----------------------------------------------------------------
2026-09-30 10:28:15 [INFO]: ------------------>cvs name D:/APP_BCI_PYQUE/captures/UserCMSM/Letters/UserCMSM_E_51.csv<----------------
2026-09-30 10:28:15 [INFO]: {'ventana': 1, 'grupo_voto': 'Letters', 'grupo_final': 'Letters', 'comando': 'E', 'confianza_grupo': 0.9720081925234906, 'confianza_comando': 0.9727249478023626}
2026-09-30 10:28:15 [INFO]: {'ventana': 2, 'grupo_voto': 'Letters', 'grupo_final': 'Letters', 'comando': 'E', 'confianza_grupo': 0.9625035104917371, 'confianza_comando': 0.990640815071588}
2026-09-30 10:28:15 [INFO]: {'ventana': 3, 'grupo_voto': 'Letters', 'grupo_final': 'Letters', 'comando': 'E', 'confianza_grupo': 0.9783257536139843, 'confianza_comando': 0.9821986910019652}
2026-09-30 10:28:15 [INFO]: {'ventana': 4, 'grupo_voto': 'Letters', 'grupo_final': 'Letters', 'comando': 'E', 'confianza_grupo': 0.9916761882783552, 'confianza_comando': 0.9809399137677236}
2026-09-30 10:28:15 [INFO]: Comando predicho E
2026-09-30 10:28:15 [INFO]: Grupo predicho Letters
2026-09-30 10:28:15 [INFO]: ----------------------------------------------------------------
2026-09-30 10:28:16 [INFO]: ------------------>cvs name D:/APP_BCI_PYQUE/captures/UserCMSM/Letters/UserCMSM_E_52.csv<----------------
2026-09-30 10:28:16 [INFO]: {'ventana': 1, 'grupo_voto': 'Letters', 'grupo_final': 'Letters', 'comando': 'E', 'confianza_grupo': 0.9738790961095751, 'confianza_comando': 0.9382344577541344}
2026-09-30 10:28:16 [INFO]: {'ventana': 2, 'grupo_voto': 'Letters', 'grupo_final': 'Letters', 'comando': 'E', 'confianza_grupo': 0.9264751522536657, 'confianza_comando': 0.9625884693734992}
2026-09-30 10:28:16 [INFO]: {'ventana': 3, 'grupo_voto': 'Letters', 'grupo_final': 'Letters', 'comando': 'E', 'confianza_grupo': 0.9670642755336514, 'confianza_comando': 0.9596020319478678}
2026-09-30 10:28:16 [INFO]: {'ventana': 4, 'grupo_voto': 'Letters', 'grupo_final': 'Letters', 'comando': 'E', 'confianza_grupo': 0.9739463567677, 'confianza_comando': 0.969902651098972}
2026-09-30 10:28:16 [INFO]: Comando predicho E
2026-09-30 10:28:16 [INFO]: Grupo predicho Letters
2026-09-30 10:28:16 [INFO]: ----------------------------------------------------------------
2026-09-30 10:28:16 [INFO]: ------------------>cvs name D:/APP_BCI_PYQUE/captures/UserCMSM/Letters/UserCMSM_E_53.csv<----------------
2026-09-30 10:28:16 [INFO]: {'ventana': 1, 'grupo_voto': 'Letters', 'grupo_final': 'Letters', 'comando': 'E', 'confianza_grupo': 0.9828455015351787, 'confianza_comando': 0.9843875842446814}
2026-09-30 10:28:16 [INFO]: {'ventana': 2, 'grupo_voto': 'Letters', 'grupo_final': 'Letters', 'comando': 'E', 'confianza_grupo': 0.9848390134798943, 'confianza_comando': 0.9904783289754497}
2026-09-30 10:28:16 [INFO]: {'ventana': 3, 'grupo_voto': 'Letters', 'grupo_final': 'Letters', 'comando': 'E', 'confianza_grupo': 0.9796023950041433, 'confianza_comando': 0.9883048267526732}
2026-09-30 10:28:16 [INFO]: {'ventana': 4, 'grupo_voto': 'Letters', 'grupo_final': 'Letters', 'comando': 'E', 'confianza_grupo': 0.9800079980402878, 'confianza_comando': 0.9727823677691192}
2026-09-30 10:28:16 [INFO]: Comando predicho E
2026-09-30 10:28:16 [INFO]: Grupo predicho Letters
2026-09-30 10:28:16 [INFO]: ----------------------------------------------------------------
2026-09-30 10:28:17 [INFO]: ------------------>cvs name D:/APP_BCI_PYQUE/captures/UserCMSM/Letters/UserCMSM_E_54.csv<----------------
2026-09-30 10:28:17 [INFO]: {'ventana': 1, 'grupo_voto': 'Letters', 'grupo_final': 'Letters', 'comando': 'E', 'confianza_grupo': 0.9520885200662738, 'confianza_comando': 0.9803089750883982}
2026-09-30 10:28:17 [INFO]: {'ventana': 2, 'grupo_voto': 'Letters', 'grupo_final': 'Letters', 'comando': 'E', 'confianza_grupo': 0.9827007166095192, 'confianza_comando': 0.985021684922563}
2026-09-30 10:28:17 [INFO]: {'ventana': 3, 'grupo_voto': 'Letters', 'grupo_final': 'Letters', 'comando': 'E', 'confianza_grupo': 0.9661805706719612, 'confianza_comando': 0.9602193510152175}
2026-09-30 10:28:17 [INFO]: {'ventana': 4, 'grupo_voto': 'Letters', 'grupo_final': 'Letters', 'comando': 'E', 'confianza_grupo': 0.9853996087632392, 'confianza_comando': 0.8029651761563318}
2026-09-30 10:28:17 [INFO]: Comando predicho E
2026-09-30 10:28:17 [INFO]: Grupo predicho Letters
2026-09-30 10:28:17 [INFO]: ----------------------------------------------------------------
2026-09-30 10:28:18 [INFO]: ------------------>cvs name D:/APP_BCI_PYQUE/captures/UserCMSM/Letters/UserCMSM_E_55.csv<----------------
2026-09-30 10:28:18 [INFO]: {'ventana': 1, 'grupo_voto': 'Letters', 'grupo_final': 'Letters', 'comando': 'A', 'confianza_grupo': 0.9761484472513517, 'confianza_comando': 0.8662044119626581}
2026-09-30 10:28:18 [INFO]: {'ventana': 2, 'grupo_voto': 'Letters', 'grupo_final': 'Letters', 'comando': 'A', 'confianza_grupo': 0.9898066308351428, 'confianza_comando': 0.7040506020646198}
2026-09-30 10:28:18 [INFO]: {'ventana': 3, 'grupo_voto': 'Letters', 'grupo_final': 'Letters', 'comando': 'A', 'confianza_grupo': 0.9901664179513149, 'confianza_comando': 0.4575222344055001}
2026-09-30 10:28:18 [INFO]: {'ventana': 4, 'grupo_voto': 'Letters', 'grupo_final': 'Letters', 'comando': 'E', 'confianza_grupo': 0.9816755414107673, 'confianza_comando': 0.9544157904261017}
2026-09-30 10:28:18 [INFO]: Comando predicho A
2026-09-30 10:28:18 [INFO]: Grupo predicho Letters
2026-09-30 10:28:18 [INFO]: ----------------------------------------------------------------
2026-09-30 10:28:18 [INFO]: ------------------>cvs name D:/APP_BCI_PYQUE/captures/UserCMSM/Letters/UserCMSM_E_56.csv<----------------
2026-09-30 10:28:18 [INFO]: {'ventana': 1, 'grupo_voto': 'Letters', 'grupo_final': 'Letters', 'comando': 'E', 'confianza_grupo': 0.9886138360388016, 'confianza_comando': 0.621309095750581}
2026-09-30 10:28:18 [INFO]: {'ventana': 2, 'grupo_voto': 'Letters', 'grupo_final': 'Letters', 'comando': 'A', 'confianza_grupo': 0.9871255991865807, 'confianza_comando': 0.17422759083802403}
2026-09-30 10:28:18 [INFO]: Comando predicho E
2026-09-30 10:28:18 [INFO]: Grupo predicho Letters
2026-09-30 10:28:18 [INFO]: ----------------------------------------------------------------
2026-09-30 10:28:18 [INFO]: ------------------>cvs name D:/APP_BCI_PYQUE/captures/UserCMSM/Letters/UserCMSM_E_57.csv<----------------
2026-09-30 10:28:18 [INFO]: {'ventana': 1, 'grupo_voto': 'Letters', 'grupo_final': 'Letters', 'comando': 'S', 'confianza_grupo': 0.9908841541033695, 'confianza_comando': 0.8424683808572949}
2026-09-30 10:28:18 [INFO]: {'ventana': 2, 'grupo_voto': 'Letters', 'grupo_final': 'Letters', 'comando': 'U', 'confianza_grupo': 0.9941772574361106, 'confianza_comando': 0.5751450955091618}
2026-09-30 10:28:18 [INFO]: {'ventana': 3, 'grupo_voto': 'Letters', 'grupo_final': 'Letters', 'comando': 'U', 'confianza_grupo': 0.9945541372839476, 'confianza_comando': 0.31724397800421045}
2026-09-30 10:28:18 [INFO]: Comando predicho S
2026-09-30 10:28:18 [INFO]: Grupo predicho Letters
2026-09-30 10:28:18 [INFO]: ----------------------------------------------------------------
2026-09-30 10:28:19 [INFO]: ------------------>cvs name D:/APP_BCI_PYQUE/captures/UserCMSM/Letters/UserCMSM_E_58.csv<----------------
2026-09-30 10:28:19 [INFO]: {'ventana': 1, 'grupo_voto': 'Letters', 'grupo_final': 'Letters', 'comando': 'E', 'confianza_grupo': 0.8781832315767338, 'confianza_comando': 0.9881700186201957}
2026-09-30 10:28:19 [INFO]: {'ventana': 2, 'grupo_voto': 'Letters', 'grupo_final': 'Letters', 'comando': 'E', 'confianza_grupo': 0.9555721153646398, 'confianza_comando': 0.9290726656562567}
2026-09-30 10:28:19 [INFO]: {'ventana': 3, 'grupo_voto': 'Numbers', 'grupo_final': 'Letters', 'comando': 'E', 'confianza_grupo': 0.6092094682602044, 'confianza_comando': 0.9347421421080877}
2026-09-30 10:28:19 [INFO]: {'ventana': 4, 'grupo_voto': 'Numbers', 'grupo_final': 'Letters', 'comando': 'E', 'confianza_grupo': 0.5005378017137668, 'confianza_comando': 0.9372833444626683}
2026-09-30 10:28:19 [INFO]: Comando predicho E
2026-09-30 10:28:19 [INFO]: Grupo predicho Letters
2026-09-30 10:28:19 [INFO]: ----------------------------------------------------------------
2026-09-30 10:28:20 [INFO]: ------------------>cvs name D:/APP_BCI_PYQUE/captures/UserCMSM/Letters/UserCMSM_E_59.csv<----------------
2026-09-30 10:28:20 [INFO]: {'ventana': 1, 'grupo_voto': 'Letters', 'grupo_final': 'Letters', 'comando': 'E', 'confianza_grupo': 0.9794916325477769, 'confianza_comando': 0.977091835922959}
2026-09-30 10:28:20 [INFO]: {'ventana': 2, 'grupo_voto': 'Letters', 'grupo_final': 'Letters', 'comando': 'E', 'confianza_grupo': 0.9822228645403822, 'confianza_comando': 0.9639216634696873}
2026-09-30 10:28:20 [INFO]: {'ventana': 3, 'grupo_voto': 'Letters', 'grupo_final': 'Letters', 'comando': 'E', 'confianza_grupo': 0.9296445647949364, 'confianza_comando': 0.942455192528873}
2026-09-30 10:28:20 [INFO]: {'ventana': 4, 'grupo_voto': 'Letters', 'grupo_final': 'Letters', 'comando': 'E', 'confianza_grupo': 0.734234881854097, 'confianza_comando': 0.3357290991480411}
2026-09-30 10:28:20 [INFO]: Comando predicho E
2026-09-30 10:28:20 [INFO]: Grupo predicho Letters
2026-09-30 10:28:20 [INFO]: ----------------------------------------------------------------
2026-09-30 10:28:20 [INFO]: Del Comando E Total Archivos 30
2026-09-30 10:28:20 [INFO]: Comando Reales Predichos, 24
2026-09-30 10:28:20 [INFO]: Grupo Real Predicho, 28
2026-09-30 10:28:20 [INFO]: =======================================================================================
2026-09-30 10:28:20 [INFO]: =======================================================================================
2026-09-30 10:28:20 [INFO]: ------------------>cvs name D:/APP_BCI_PYQUE/captures/UserCMSM/Letters/UserCMSM_I_30.csv<----------------
2026-09-30 10:28:20 [INFO]: {'ventana': 1, 'grupo_voto': 'Letters', 'grupo_final': 'Letters', 'comando': 'I', 'confianza_grupo': 0.9669591956624852, 'confianza_comando': 0.9661646774874316}
2026-09-30 10:28:20 [INFO]: {'ventana': 2, 'grupo_voto': 'Letters', 'grupo_final': 'Letters', 'comando': 'I', 'confianza_grupo': 0.8225912524015001, 'confianza_comando': 0.9743817695336029}
2026-09-30 10:28:20 [INFO]: {'ventana': 3, 'grupo_voto': 'Letters', 'grupo_final': 'Letters', 'comando': 'I', 'confianza_grupo': 0.8656308491159286, 'confianza_comando': 0.9481981858210946}
2026-09-30 10:28:20 [INFO]: {'ventana': 4, 'grupo_voto': 'Letters', 'grupo_final': 'Letters', 'comando': 'I', 'confianza_grupo': 0.7320728336898074, 'confianza_comando': 0.9881005706149292}
2026-09-30 10:28:20 [INFO]: Comando predicho I
2026-09-30 10:28:20 [INFO]: Grupo predicho Letters
2026-09-30 10:28:20 [INFO]: ----------------------------------------------------------------
2026-09-30 10:28:21 [INFO]: ------------------>cvs name D:/APP_BCI_PYQUE/captures/UserCMSM/Letters/UserCMSM_I_31.csv<----------------
2026-09-30 10:28:21 [INFO]: {'ventana': 1, 'grupo_voto': 'Letters', 'grupo_final': 'Letters', 'comando': 'I', 'confianza_grupo': 0.9704027952417841, 'confianza_comando': 0.3136930669001099}
2026-09-30 10:28:21 [INFO]: {'ventana': 2, 'grupo_voto': 'Letters', 'grupo_final': 'Letters', 'comando': 'I', 'confianza_grupo': 0.98004350554774, 'confianza_comando': 0.9652448243827896}
2026-09-30 10:28:21 [INFO]: {'ventana': 3, 'grupo_voto': 'Letters', 'grupo_final': 'Letters', 'comando': 'I', 'confianza_grupo': 0.9809199575925647, 'confianza_comando': 0.90896936830453}
2026-09-30 10:28:21 [INFO]: {'ventana': 4, 'grupo_voto': 'Letters', 'grupo_final': 'Letters', 'comando': 'I', 'confianza_grupo': 0.9945280315928088, 'confianza_comando': 0.9476647864016817}
2026-09-30 10:28:21 [INFO]: Comando predicho I
2026-09-30 10:28:21 [INFO]: Grupo predicho Letters
2026-09-30 10:28:21 [INFO]: ----------------------------------------------------------------
2026-09-30 10:28:21 [INFO]: ------------------>cvs name D:/APP_BCI_PYQUE/captures/UserCMSM/Letters/UserCMSM_I_32.csv<----------------
2026-09-30 10:28:21 [INFO]: {'ventana': 1, 'grupo_voto': 'Letters', 'grupo_final': 'Letters', 'comando': 'I', 'confianza_grupo': 0.9919550693190946, 'confianza_comando': 0.8219693797788213}
2026-09-30 10:28:21 [INFO]: {'ventana': 2, 'grupo_voto': 'Letters', 'grupo_final': 'Letters', 'comando': 'I', 'confianza_grupo': 0.9981479692494527, 'confianza_comando': 0.7297529656438332}
2026-09-30 10:28:21 [INFO]: {'ventana': 3, 'grupo_voto': 'Letters', 'grupo_final': 'Letters', 'comando': 'I', 'confianza_grupo': 0.992627399125488, 'confianza_comando': 0.8943876726442991}
2026-09-30 10:28:21 [INFO]: {'ventana': 4, 'grupo_voto': 'Letters', 'grupo_final': 'Letters', 'comando': 'I', 'confianza_grupo': 0.9940184928011555, 'confianza_comando': 0.6667303286715917}
2026-09-30 10:28:21 [INFO]: Comando predicho I
2026-09-30 10:28:21 [INFO]: Grupo predicho Letters
2026-09-30 10:28:21 [INFO]: ----------------------------------------------------------------
2026-09-30 10:28:22 [INFO]: ------------------>cvs name D:/APP_BCI_PYQUE/captures/UserCMSM/Letters/UserCMSM_I_33.csv<----------------
2026-09-30 10:28:22 [INFO]: {'ventana': 1, 'grupo_voto': 'Letters', 'grupo_final': 'Letters', 'comando': 'I', 'confianza_grupo': 0.9900738391397207, 'confianza_comando': 0.9684362931173529}
2026-09-30 10:28:22 [INFO]: {'ventana': 2, 'grupo_voto': 'Letters', 'grupo_final': 'Letters', 'comando': 'I', 'confianza_grupo': 0.9939448954196854, 'confianza_comando': 0.9705880591544863}
2026-09-30 10:28:22 [INFO]: {'ventana': 3, 'grupo_voto': 'Letters', 'grupo_final': 'Letters', 'comando': 'I', 'confianza_grupo': 0.9856552734196826, 'confianza_comando': 0.9633473429332481}
2026-09-30 10:28:22 [INFO]: {'ventana': 4, 'grupo_voto': 'Letters', 'grupo_final': 'Letters', 'comando': 'I', 'confianza_grupo': 0.9914287097372504, 'confianza_comando': 0.9601634844678893}
2026-09-30 10:28:22 [INFO]: Comando predicho I
2026-09-30 10:28:22 [INFO]: Grupo predicho Letters
2026-09-30 10:28:22 [INFO]: ----------------------------------------------------------------
2026-09-30 10:28:22 [INFO]: ------------------>cvs name D:/APP_BCI_PYQUE/captures/UserCMSM/Letters/UserCMSM_I_34.csv<----------------
2026-09-30 10:28:22 [INFO]: {'ventana': 1, 'grupo_voto': 'Numbers', 'grupo_final': 'Numbers', 'comando': '3', 'confianza_grupo': 0.8882415721922493, 'confianza_comando': 0.9458793796196929}
2026-09-30 10:28:22 [INFO]: {'ventana': 2, 'grupo_voto': 'Numbers', 'grupo_final': 'Numbers', 'comando': '3', 'confianza_grupo': 0.7402952000278148, 'confianza_comando': 0.9505196048876676}
2026-09-30 10:28:22 [INFO]: {'ventana': 3, 'grupo_voto': 'Letters', 'grupo_final': 'Numbers', 'comando': '3', 'confianza_grupo': 0.5641101145403771, 'confianza_comando': 0.9755636628814808}
2026-09-30 10:28:22 [INFO]: {'ventana': 4, 'grupo_voto': 'Numbers', 'grupo_final': 'Numbers', 'comando': '3', 'confianza_grupo': 0.7143760165014492, 'confianza_comando': 0.9888369661425118}
2026-09-30 10:28:22 [INFO]: Comando predicho 3
2026-09-30 10:28:22 [INFO]: Grupo predicho Numbers
2026-09-30 10:28:22 [INFO]: ----------------------------------------------------------------
2026-09-30 10:28:23 [INFO]: ------------------>cvs name D:/APP_BCI_PYQUE/captures/UserCMSM/Letters/UserCMSM_I_35.csv<----------------
2026-09-30 10:28:23 [INFO]: {'ventana': 1, 'grupo_voto': 'Letters', 'grupo_final': 'Letters', 'comando': 'I', 'confianza_grupo': 0.9750884897620034, 'confianza_comando': 0.8864881211803366}
2026-09-30 10:28:23 [INFO]: {'ventana': 2, 'grupo_voto': 'Letters', 'grupo_final': 'Letters', 'comando': 'I', 'confianza_grupo': 0.9202018497974018, 'confianza_comando': 0.9572801399202018}
2026-09-30 10:28:23 [INFO]: {'ventana': 3, 'grupo_voto': 'Letters', 'grupo_final': 'Letters', 'comando': 'I', 'confianza_grupo': 0.7909447839282896, 'confianza_comando': 0.9509923402206594}
2026-09-30 10:28:23 [INFO]: {'ventana': 4, 'grupo_voto': 'Letters', 'grupo_final': 'Letters', 'comando': 'I', 'confianza_grupo': 0.7825902604197601, 'confianza_comando': 0.7785391004030133}
2026-09-30 10:28:23 [INFO]: Comando predicho I
2026-09-30 10:28:23 [INFO]: Grupo predicho Letters
2026-09-30 10:28:23 [INFO]: ----------------------------------------------------------------
2026-09-30 10:28:24 [INFO]: ------------------>cvs name D:/APP_BCI_PYQUE/captures/UserCMSM/Letters/UserCMSM_I_36.csv<----------------
2026-09-30 10:28:24 [INFO]: {'ventana': 1, 'grupo_voto': 'Letters', 'grupo_final': 'Letters', 'comando': 'I', 'confianza_grupo': 0.9536146362239077, 'confianza_comando': 0.9359304885848744}
2026-09-30 10:28:24 [INFO]: {'ventana': 2, 'grupo_voto': 'Letters', 'grupo_final': 'Letters', 'comando': 'I', 'confianza_grupo': 0.9574083374672057, 'confianza_comando': 0.8289113693660034}
2026-09-30 10:28:24 [INFO]: {'ventana': 3, 'grupo_voto': 'Letters', 'grupo_final': 'Letters', 'comando': 'I', 'confianza_grupo': 0.9713761740312457, 'confianza_comando': 0.701305450138355}
2026-09-30 10:28:24 [INFO]: {'ventana': 4, 'grupo_voto': 'Letters', 'grupo_final': 'Letters', 'comando': 'I', 'confianza_grupo': 0.9696474233697602, 'confianza_comando': 0.9674611106121593}
2026-09-30 10:28:24 [INFO]: Comando predicho I
2026-09-30 10:28:24 [INFO]: Grupo predicho Letters
2026-09-30 10:28:24 [INFO]: ----------------------------------------------------------------
2026-09-30 10:28:24 [INFO]: ------------------>cvs name D:/APP_BCI_PYQUE/captures/UserCMSM/Letters/UserCMSM_I_37.csv<----------------
2026-09-30 10:28:24 [INFO]: {'ventana': 1, 'grupo_voto': 'Letters', 'grupo_final': 'Letters', 'comando': 'D', 'confianza_grupo': 0.9908198245675701, 'confianza_comando': 0.15498611770239254}
2026-09-30 10:28:24 [INFO]: {'ventana': 2, 'grupo_voto': 'Letters', 'grupo_final': 'Letters', 'comando': 'D', 'confianza_grupo': 0.9943344528049578, 'confianza_comando': 0.1308770230564273}
2026-09-30 10:28:24 [INFO]: {'ventana': 3, 'grupo_voto': 'Letters', 'grupo_final': 'Letters', 'comando': 'O', 'confianza_grupo': 0.992281786932467, 'confianza_comando': 0.13851021403544275}
2026-09-30 10:28:24 [INFO]: {'ventana': 4, 'grupo_voto': 'Letters', 'grupo_final': 'Letters', 'comando': 'E', 'confianza_grupo': 0.9805241960211969, 'confianza_comando': 0.6590278107257846}
2026-09-30 10:28:24 [INFO]: Comando predicho E
2026-09-30 10:28:24 [INFO]: Grupo predicho Letters
2026-09-30 10:28:24 [INFO]: ----------------------------------------------------------------
2026-09-30 10:28:25 [INFO]: ------------------>cvs name D:/APP_BCI_PYQUE/captures/UserCMSM/Letters/UserCMSM_I_38.csv<----------------
2026-09-30 10:28:25 [INFO]: {'ventana': 1, 'grupo_voto': 'Letters', 'grupo_final': 'Letters', 'comando': 'I', 'confianza_grupo': 0.9168225762668997, 'confianza_comando': 0.7557701128149776}
2026-09-30 10:28:25 [INFO]: {'ventana': 2, 'grupo_voto': 'Letters', 'grupo_final': 'Letters', 'comando': 'I', 'confianza_grupo': 0.8856781875173335, 'confianza_comando': 0.9801288916630596}
2026-09-30 10:28:25 [INFO]: {'ventana': 3, 'grupo_voto': 'Letters', 'grupo_final': 'Letters', 'comando': 'I', 'confianza_grupo': 0.7416321064760086, 'confianza_comando': 0.9659231356969271}
2026-09-30 10:28:25 [INFO]: {'ventana': 4, 'grupo_voto': 'Letters', 'grupo_final': 'Letters', 'comando': 'I', 'confianza_grupo': 0.9112178428319231, 'confianza_comando': 0.5338262388874488}
2026-09-30 10:28:25 [INFO]: Comando predicho I
2026-09-30 10:28:25 [INFO]: Grupo predicho Letters
2026-09-30 10:28:25 [INFO]: ----------------------------------------------------------------
2026-09-30 10:28:26 [INFO]: ------------------>cvs name D:/APP_BCI_PYQUE/captures/UserCMSM/Letters/UserCMSM_I_39.csv<----------------
2026-09-30 10:28:26 [INFO]: {'ventana': 1, 'grupo_voto': 'Letters', 'grupo_final': 'Letters', 'comando': 'I', 'confianza_grupo': 0.9978705042292609, 'confianza_comando': 0.8651262421454204}
2026-09-30 10:28:26 [INFO]: {'ventana': 2, 'grupo_voto': 'Letters', 'grupo_final': 'Letters', 'comando': 'I', 'confianza_grupo': 0.9973723212344894, 'confianza_comando': 0.9587818630690577}
2026-09-30 10:28:26 [INFO]: {'ventana': 3, 'grupo_voto': 'Letters', 'grupo_final': 'Letters', 'comando': 'I', 'confianza_grupo': 0.9973863920686629, 'confianza_comando': 0.852035394583639}
2026-09-30 10:28:26 [INFO]: {'ventana': 4, 'grupo_voto': 'Letters', 'grupo_final': 'Letters', 'comando': 'I', 'confianza_grupo': 0.9982281633858734, 'confianza_comando': 0.47130843445653203}
2026-09-30 10:28:26 [INFO]: Comando predicho I
2026-09-30 10:28:26 [INFO]: Grupo predicho Letters
2026-09-30 10:28:26 [INFO]: ----------------------------------------------------------------
2026-09-30 10:28:26 [INFO]: ------------------>cvs name D:/APP_BCI_PYQUE/captures/UserCMSM/Letters/UserCMSM_I_40.csv<----------------
2026-09-30 10:28:26 [INFO]: {'ventana': 1, 'grupo_voto': 'Letters', 'grupo_final': 'Letters', 'comando': 'I', 'confianza_grupo': 0.9941375304098251, 'confianza_comando': 0.8095287640428374}
2026-09-30 10:28:26 [INFO]: {'ventana': 2, 'grupo_voto': 'Letters', 'grupo_final': 'Letters', 'comando': 'I', 'confianza_grupo': 0.9935766068243251, 'confianza_comando': 0.9152711283454702}
2026-09-30 10:28:26 [INFO]: {'ventana': 3, 'grupo_voto': 'Letters', 'grupo_final': 'Letters', 'comando': 'I', 'confianza_grupo': 0.9854198041518449, 'confianza_comando': 0.9609688204828184}
2026-09-30 10:28:26 [INFO]: {'ventana': 4, 'grupo_voto': 'Letters', 'grupo_final': 'Letters', 'comando': 'I', 'confianza_grupo': 0.987571394912906, 'confianza_comando': 0.9465189954110191}
2026-09-30 10:28:26 [INFO]: Comando predicho I
2026-09-30 10:28:26 [INFO]: Grupo predicho Letters
2026-09-30 10:28:26 [INFO]: ----------------------------------------------------------------
2026-09-30 10:28:27 [INFO]: ------------------>cvs name D:/APP_BCI_PYQUE/captures/UserCMSM/Letters/UserCMSM_I_41.csv<----------------
2026-09-30 10:28:27 [INFO]: {'ventana': 1, 'grupo_voto': 'Letters', 'grupo_final': 'Letters', 'comando': 'I', 'confianza_grupo': 0.9522207705850447, 'confianza_comando': 0.599771561529958}
2026-09-30 10:28:27 [INFO]: {'ventana': 2, 'grupo_voto': 'Letters', 'grupo_final': 'Letters', 'comando': 'A', 'confianza_grupo': 0.9124868406221845, 'confianza_comando': 0.7392790131181703}
2026-09-30 10:28:27 [INFO]: {'ventana': 3, 'grupo_voto': 'Letters', 'grupo_final': 'Letters', 'comando': 'I', 'confianza_grupo': 0.7260774923351195, 'confianza_comando': 0.7520254692267166}
2026-09-30 10:28:27 [INFO]: {'ventana': 4, 'grupo_voto': 'Letters', 'grupo_final': 'Letters', 'comando': 'I', 'confianza_grupo': 0.600209573514161, 'confianza_comando': 0.5802734361637437}
2026-09-30 10:28:27 [INFO]: Comando predicho I
2026-09-30 10:28:27 [INFO]: Grupo predicho Letters
2026-09-30 10:28:27 [INFO]: ----------------------------------------------------------------
2026-09-30 10:28:27 [INFO]: ------------------>cvs name D:/APP_BCI_PYQUE/captures/UserCMSM/Letters/UserCMSM_I_42.csv<----------------
2026-09-30 10:28:27 [INFO]: {'ventana': 1, 'grupo_voto': 'Letters', 'grupo_final': 'Letters', 'comando': 'I', 'confianza_grupo': 0.9924237300836084, 'confianza_comando': 0.9520733582468495}
2026-09-30 10:28:27 [INFO]: {'ventana': 2, 'grupo_voto': 'Letters', 'grupo_final': 'Letters', 'comando': 'I', 'confianza_grupo': 0.9943584741061063, 'confianza_comando': 0.8681728873140974}
2026-09-30 10:28:27 [INFO]: {'ventana': 3, 'grupo_voto': 'Letters', 'grupo_final': 'Letters', 'comando': 'I', 'confianza_grupo': 0.9941229653665807, 'confianza_comando': 0.48083336869506227}
2026-09-30 10:28:27 [INFO]: {'ventana': 4, 'grupo_voto': 'Letters', 'grupo_final': 'Letters', 'comando': 'I', 'confianza_grupo': 0.9933502650215038, 'confianza_comando': 0.15099975090319917}
2026-09-30 10:28:27 [INFO]: Comando predicho I
2026-09-30 10:28:27 [INFO]: Grupo predicho Letters
2026-09-30 10:28:27 [INFO]: ----------------------------------------------------------------
2026-09-30 10:28:28 [INFO]: ------------------>cvs name D:/APP_BCI_PYQUE/captures/UserCMSM/Letters/UserCMSM_I_43.csv<----------------
2026-09-30 10:28:28 [INFO]: {'ventana': 1, 'grupo_voto': 'Letters', 'grupo_final': 'Letters', 'comando': 'O', 'confianza_grupo': 0.9962076894642828, 'confianza_comando': 0.8204151859755167}
2026-09-30 10:28:28 [INFO]: {'ventana': 2, 'grupo_voto': 'Letters', 'grupo_final': 'Letters', 'comando': 'I', 'confianza_grupo': 0.9890254523331432, 'confianza_comando': 0.9157453435323917}
2026-09-30 10:28:28 [INFO]: {'ventana': 3, 'grupo_voto': 'Letters', 'grupo_final': 'Letters', 'comando': 'I', 'confianza_grupo': 0.98484911563471, 'confianza_comando': 0.9718136861114021}
2026-09-30 10:28:28 [INFO]: {'ventana': 4, 'grupo_voto': 'Letters', 'grupo_final': 'Letters', 'comando': 'I', 'confianza_grupo': 0.959537164123662, 'confianza_comando': 0.949841184908084}
2026-09-30 10:28:28 [INFO]: Comando predicho I
2026-09-30 10:28:28 [INFO]: Grupo predicho Letters
2026-09-30 10:28:28 [INFO]: ----------------------------------------------------------------
2026-09-30 10:28:29 [INFO]: ------------------>cvs name D:/APP_BCI_PYQUE/captures/UserCMSM/Letters/UserCMSM_I_44.csv<----------------
2026-09-30 10:28:29 [INFO]: {'ventana': 1, 'grupo_voto': 'Letters', 'grupo_final': 'Letters', 'comando': 'I', 'confianza_grupo': 0.9739316636334008, 'confianza_comando': 0.6283215874359885}
2026-09-30 10:28:29 [INFO]: {'ventana': 2, 'grupo_voto': 'Letters', 'grupo_final': 'Letters', 'comando': 'I', 'confianza_grupo': 0.9777058729087148, 'confianza_comando': 0.733136130633025}
2026-09-30 10:28:29 [INFO]: {'ventana': 3, 'grupo_voto': 'Letters', 'grupo_final': 'Letters', 'comando': 'I', 'confianza_grupo': 0.9885865860164618, 'confianza_comando': 0.7304916954703935}
2026-09-30 10:28:29 [INFO]: {'ventana': 4, 'grupo_voto': 'Letters', 'grupo_final': 'Letters', 'comando': 'I', 'confianza_grupo': 0.9890557157129602, 'confianza_comando': 0.822423241321104}
2026-09-30 10:28:29 [INFO]: Comando predicho I
2026-09-30 10:28:29 [INFO]: Grupo predicho Letters
2026-09-30 10:28:29 [INFO]: ----------------------------------------------------------------
2026-09-30 10:28:29 [INFO]: ------------------>cvs name D:/APP_BCI_PYQUE/captures/UserCMSM/Letters/UserCMSM_I_45.csv<----------------
2026-09-30 10:28:29 [INFO]: {'ventana': 1, 'grupo_voto': 'Letters', 'grupo_final': 'Letters', 'comando': 'I', 'confianza_grupo': 0.9462449283366843, 'confianza_comando': 0.9684705238112156}
2026-09-30 10:28:29 [INFO]: {'ventana': 2, 'grupo_voto': 'Letters', 'grupo_final': 'Letters', 'comando': 'I', 'confianza_grupo': 0.9785259470938957, 'confianza_comando': 0.9735138599169406}
2026-09-30 10:28:29 [INFO]: {'ventana': 3, 'grupo_voto': 'Letters', 'grupo_final': 'Letters', 'comando': 'I', 'confianza_grupo': 0.9720029555364381, 'confianza_comando': 0.9603151483596913}
2026-09-30 10:28:29 [INFO]: {'ventana': 4, 'grupo_voto': 'Letters', 'grupo_final': 'Letters', 'comando': 'I', 'confianza_grupo': 0.760365133915573, 'confianza_comando': 0.9505833052645001}
2026-09-30 10:28:29 [INFO]: Comando predicho I
2026-09-30 10:28:29 [INFO]: Grupo predicho Letters
2026-09-30 10:28:29 [INFO]: ----------------------------------------------------------------
2026-09-30 10:28:30 [INFO]: ------------------>cvs name D:/APP_BCI_PYQUE/captures/UserCMSM/Letters/UserCMSM_I_46.csv<----------------
2026-09-30 10:28:30 [INFO]: {'ventana': 1, 'grupo_voto': 'Letters', 'grupo_final': 'Letters', 'comando': 'I', 'confianza_grupo': 0.958008762812139, 'confianza_comando': 0.5795645348307037}
2026-09-30 10:28:30 [INFO]: {'ventana': 2, 'grupo_voto': 'Letters', 'grupo_final': 'Letters', 'comando': 'I', 'confianza_grupo': 0.9718101262251464, 'confianza_comando': 0.9050698445600018}
2026-09-30 10:28:30 [INFO]: {'ventana': 3, 'grupo_voto': 'Letters', 'grupo_final': 'Letters', 'comando': 'I', 'confianza_grupo': 0.9795086459596086, 'confianza_comando': 0.8883971534966969}
2026-09-30 10:28:30 [INFO]: {'ventana': 4, 'grupo_voto': 'Letters', 'grupo_final': 'Letters', 'comando': 'I', 'confianza_grupo': 0.9828803815008311, 'confianza_comando': 0.6738296627853365}
2026-09-30 10:28:30 [INFO]: Comando predicho I
2026-09-30 10:28:30 [INFO]: Grupo predicho Letters
2026-09-30 10:28:30 [INFO]: ----------------------------------------------------------------
2026-09-30 10:28:30 [INFO]: ------------------>cvs name D:/APP_BCI_PYQUE/captures/UserCMSM/Letters/UserCMSM_I_47.csv<----------------
2026-09-30 10:28:30 [INFO]: {'ventana': 1, 'grupo_voto': 'Letters', 'grupo_final': 'Letters', 'comando': 'I', 'confianza_grupo': 0.5544999644079807, 'confianza_comando': 0.3439913300060566}
2026-09-30 10:28:30 [INFO]: {'ventana': 2, 'grupo_voto': 'Letters', 'grupo_final': 'Letters', 'comando': 'I', 'confianza_grupo': 0.9817309580088016, 'confianza_comando': 0.281579855985888}
2026-09-30 10:28:30 [INFO]: {'ventana': 3, 'grupo_voto': 'Letters', 'grupo_final': 'Letters', 'comando': 'I', 'confianza_grupo': 0.9509763691101519, 'confianza_comando': 0.2282268456985147}
2026-09-30 10:28:30 [INFO]: {'ventana': 4, 'grupo_voto': 'Letters', 'grupo_final': 'Letters', 'comando': 'I', 'confianza_grupo': 0.9464049064858481, 'confianza_comando': 0.4056608489565953}
2026-09-30 10:28:30 [INFO]: Comando predicho I
2026-09-30 10:28:30 [INFO]: Grupo predicho Letters
2026-09-30 10:28:30 [INFO]: ----------------------------------------------------------------
2026-09-30 10:28:31 [INFO]: ------------------>cvs name D:/APP_BCI_PYQUE/captures/UserCMSM/Letters/UserCMSM_I_48.csv<----------------
2026-09-30 10:28:31 [INFO]: {'ventana': 1, 'grupo_voto': 'Letters', 'grupo_final': 'Letters', 'comando': 'I', 'confianza_grupo': 0.989593672814058, 'confianza_comando': 0.9399029985042772}
2026-09-30 10:28:31 [INFO]: {'ventana': 2, 'grupo_voto': 'Letters', 'grupo_final': 'Letters', 'comando': 'I', 'confianza_grupo': 0.9694262623100576, 'confianza_comando': 0.9751050433267489}
2026-09-30 10:28:31 [INFO]: {'ventana': 3, 'grupo_voto': 'Letters', 'grupo_final': 'Letters', 'comando': 'I', 'confianza_grupo': 0.987707034094044, 'confianza_comando': 0.9582022542926957}
2026-09-30 10:28:31 [INFO]: {'ventana': 4, 'grupo_voto': 'Letters', 'grupo_final': 'Letters', 'comando': 'I', 'confianza_grupo': 0.9903477241309635, 'confianza_comando': 0.5289055368880916}
2026-09-30 10:28:31 [INFO]: Comando predicho I
2026-09-30 10:28:31 [INFO]: Grupo predicho Letters
2026-09-30 10:28:31 [INFO]: ----------------------------------------------------------------
2026-09-30 10:28:31 [INFO]: ------------------>cvs name D:/APP_BCI_PYQUE/captures/UserCMSM/Letters/UserCMSM_I_49.csv<----------------
2026-09-30 10:28:31 [INFO]: {'ventana': 1, 'grupo_voto': 'Letters', 'grupo_final': 'Letters', 'comando': 'I', 'confianza_grupo': 0.9987196631024342, 'confianza_comando': 0.9857495758295357}
2026-09-30 10:28:31 [INFO]: {'ventana': 2, 'grupo_voto': 'Letters', 'grupo_final': 'Letters', 'comando': 'I', 'confianza_grupo': 0.9985682727837564, 'confianza_comando': 0.9743198959603032}
2026-09-30 10:28:31 [INFO]: {'ventana': 3, 'grupo_voto': 'Letters', 'grupo_final': 'Letters', 'comando': 'I', 'confianza_grupo': 0.9947988269453217, 'confianza_comando': 0.943640826312357}
2026-09-30 10:28:31 [INFO]: {'ventana': 4, 'grupo_voto': 'Letters', 'grupo_final': 'Letters', 'comando': 'M', 'confianza_grupo': 0.9945836518298682, 'confianza_comando': 0.6500643383625055}
2026-09-30 10:28:31 [INFO]: Comando predicho I
2026-09-30 10:28:31 [INFO]: Grupo predicho Letters
2026-09-30 10:28:31 [INFO]: ----------------------------------------------------------------
2026-09-30 10:28:32 [INFO]: ------------------>cvs name D:/APP_BCI_PYQUE/captures/UserCMSM/Letters/UserCMSM_I_50.csv<----------------
2026-09-30 10:28:32 [INFO]: {'ventana': 1, 'grupo_voto': 'Letters', 'grupo_final': 'Letters', 'comando': 'I', 'confianza_grupo': 0.9264628295755625, 'confianza_comando': 0.9572255788274158}
2026-09-30 10:28:32 [INFO]: {'ventana': 2, 'grupo_voto': 'Letters', 'grupo_final': 'Letters', 'comando': 'I', 'confianza_grupo': 0.9740382214458985, 'confianza_comando': 0.9599436416694865}
2026-09-30 10:28:32 [INFO]: {'ventana': 3, 'grupo_voto': 'Letters', 'grupo_final': 'Letters', 'comando': 'I', 'confianza_grupo': 0.9917518703728586, 'confianza_comando': 0.9425935622949427}
2026-09-30 10:28:32 [INFO]: {'ventana': 4, 'grupo_voto': 'Letters', 'grupo_final': 'Letters', 'comando': 'I', 'confianza_grupo': 0.9800667537987572, 'confianza_comando': 0.9617397394833948}
2026-09-30 10:28:32 [INFO]: Comando predicho I
2026-09-30 10:28:32 [INFO]: Grupo predicho Letters
2026-09-30 10:28:32 [INFO]: ----------------------------------------------------------------
2026-09-30 10:28:33 [INFO]: ------------------>cvs name D:/APP_BCI_PYQUE/captures/UserCMSM/Letters/UserCMSM_I_51.csv<----------------
2026-09-30 10:28:33 [INFO]: {'ventana': 1, 'grupo_voto': 'Letters', 'grupo_final': 'Letters', 'comando': 'I', 'confianza_grupo': 0.9953172963823351, 'confianza_comando': 0.8063000966293283}
2026-09-30 10:28:33 [INFO]: {'ventana': 2, 'grupo_voto': 'Letters', 'grupo_final': 'Letters', 'comando': 'I', 'confianza_grupo': 0.9554967206153725, 'confianza_comando': 0.9645906684943275}
2026-09-30 10:28:33 [INFO]: {'ventana': 3, 'grupo_voto': 'Letters', 'grupo_final': 'Letters', 'comando': 'I', 'confianza_grupo': 0.9157983108415223, 'confianza_comando': 0.9850484530748147}
2026-09-30 10:28:33 [INFO]: {'ventana': 4, 'grupo_voto': 'Letters', 'grupo_final': 'Letters', 'comando': 'I', 'confianza_grupo': 0.9719821173624645, 'confianza_comando': 0.9901466878281545}
2026-09-30 10:28:33 [INFO]: Comando predicho I
2026-09-30 10:28:33 [INFO]: Grupo predicho Letters
2026-09-30 10:28:33 [INFO]: ----------------------------------------------------------------
2026-09-30 10:28:33 [INFO]: ------------------>cvs name D:/APP_BCI_PYQUE/captures/UserCMSM/Letters/UserCMSM_I_52.csv<----------------
2026-09-30 10:28:33 [INFO]: {'ventana': 1, 'grupo_voto': 'Letters', 'grupo_final': 'Letters', 'comando': 'I', 'confianza_grupo': 0.9106826849062474, 'confianza_comando': 0.9843940636948006}
2026-09-30 10:28:33 [INFO]: {'ventana': 2, 'grupo_voto': 'Letters', 'grupo_final': 'Letters', 'comando': 'I', 'confianza_grupo': 0.9521357565632279, 'confianza_comando': 0.6815179999726931}
2026-09-30 10:28:33 [INFO]: {'ventana': 3, 'grupo_voto': 'Letters', 'grupo_final': 'Letters', 'comando': 'I', 'confianza_grupo': 0.8945817976833291, 'confianza_comando': 0.9755959529017327}
2026-09-30 10:28:33 [INFO]: {'ventana': 4, 'grupo_voto': 'Letters', 'grupo_final': 'Letters', 'comando': 'I', 'confianza_grupo': 0.984759861921201, 'confianza_comando': 0.8428213792827277}
2026-09-30 10:28:33 [INFO]: Comando predicho I
2026-09-30 10:28:33 [INFO]: Grupo predicho Letters
2026-09-30 10:28:33 [INFO]: ----------------------------------------------------------------
2026-09-30 10:28:34 [INFO]: ------------------>cvs name D:/APP_BCI_PYQUE/captures/UserCMSM/Letters/UserCMSM_I_53.csv<----------------
2026-09-30 10:28:34 [INFO]: {'ventana': 1, 'grupo_voto': 'Letters', 'grupo_final': 'Letters', 'comando': 'I', 'confianza_grupo': 0.9936425638057594, 'confianza_comando': 0.9368474483567731}
2026-09-30 10:28:34 [INFO]: {'ventana': 2, 'grupo_voto': 'Letters', 'grupo_final': 'Letters', 'comando': 'I', 'confianza_grupo': 0.9970053941702234, 'confianza_comando': 0.9465302760544584}
2026-09-30 10:28:34 [INFO]: {'ventana': 3, 'grupo_voto': 'Letters', 'grupo_final': 'Letters', 'comando': 'I', 'confianza_grupo': 0.997116493143466, 'confianza_comando': 0.9443718374269073}
2026-09-30 10:28:34 [INFO]: {'ventana': 4, 'grupo_voto': 'Letters', 'grupo_final': 'Letters', 'comando': 'I', 'confianza_grupo': 0.9980811389199449, 'confianza_comando': 0.9417693593209875}
2026-09-30 10:28:34 [INFO]: Comando predicho I
2026-09-30 10:28:34 [INFO]: Grupo predicho Letters
2026-09-30 10:28:34 [INFO]: ----------------------------------------------------------------
2026-09-30 10:28:35 [INFO]: ------------------>cvs name D:/APP_BCI_PYQUE/captures/UserCMSM/Letters/UserCMSM_I_54.csv<----------------
2026-09-30 10:28:35 [INFO]: {'ventana': 1, 'grupo_voto': 'Letters', 'grupo_final': 'Letters', 'comando': 'I', 'confianza_grupo': 0.9928486617517033, 'confianza_comando': 0.9651701074481286}
2026-09-30 10:28:35 [INFO]: {'ventana': 2, 'grupo_voto': 'Letters', 'grupo_final': 'Letters', 'comando': 'I', 'confianza_grupo': 0.9887422692502001, 'confianza_comando': 0.9574260007565193}
2026-09-30 10:28:35 [INFO]: {'ventana': 3, 'grupo_voto': 'Letters', 'grupo_final': 'Letters', 'comando': 'I', 'confianza_grupo': 0.9731135729343813, 'confianza_comando': 0.907265216543403}
2026-09-30 10:28:35 [INFO]: {'ventana': 4, 'grupo_voto': 'Letters', 'grupo_final': 'Letters', 'comando': 'I', 'confianza_grupo': 0.9789189043649287, 'confianza_comando': 0.9350072431025169}
2026-09-30 10:28:35 [INFO]: Comando predicho I
2026-09-30 10:28:35 [INFO]: Grupo predicho Letters
2026-09-30 10:28:35 [INFO]: ----------------------------------------------------------------
2026-09-30 10:28:35 [INFO]: ------------------>cvs name D:/APP_BCI_PYQUE/captures/UserCMSM/Letters/UserCMSM_I_55.csv<----------------
2026-09-30 10:28:35 [INFO]: {'ventana': 1, 'grupo_voto': 'Letters', 'grupo_final': 'Letters', 'comando': 'I', 'confianza_grupo': 0.9941624880409186, 'confianza_comando': 0.7639990015253401}
2026-09-30 10:28:35 [INFO]: {'ventana': 2, 'grupo_voto': 'Letters', 'grupo_final': 'Letters', 'comando': 'I', 'confianza_grupo': 0.9937349681048447, 'confianza_comando': 0.9735456086633214}
2026-09-30 10:28:35 [INFO]: {'ventana': 3, 'grupo_voto': 'Letters', 'grupo_final': 'Letters', 'comando': 'I', 'confianza_grupo': 0.9909854968483481, 'confianza_comando': 0.987160057297753}
2026-09-30 10:28:35 [INFO]: {'ventana': 4, 'grupo_voto': 'Letters', 'grupo_final': 'Letters', 'comando': 'I', 'confianza_grupo': 0.9898466457573896, 'confianza_comando': 0.9656275506050298}
2026-09-30 10:28:35 [INFO]: Comando predicho I
2026-09-30 10:28:35 [INFO]: Grupo predicho Letters
2026-09-30 10:28:35 [INFO]: ----------------------------------------------------------------
2026-09-30 10:28:36 [INFO]: ------------------>cvs name D:/APP_BCI_PYQUE/captures/UserCMSM/Letters/UserCMSM_I_56.csv<----------------
2026-09-30 10:28:36 [INFO]: {'ventana': 1, 'grupo_voto': 'Letters', 'grupo_final': 'Letters', 'comando': 'I', 'confianza_grupo': 0.9898913549517245, 'confianza_comando': 0.9613967560178492}
2026-09-30 10:28:36 [INFO]: {'ventana': 2, 'grupo_voto': 'Letters', 'grupo_final': 'Letters', 'comando': 'I', 'confianza_grupo': 0.9882957323846688, 'confianza_comando': 0.9740710433895142}
2026-09-30 10:28:36 [INFO]: {'ventana': 3, 'grupo_voto': 'Letters', 'grupo_final': 'Letters', 'comando': 'I', 'confianza_grupo': 0.9909388365290025, 'confianza_comando': 0.9055662639441547}
2026-09-30 10:28:36 [INFO]: {'ventana': 4, 'grupo_voto': 'Letters', 'grupo_final': 'Letters', 'comando': 'I', 'confianza_grupo': 0.9858111858751653, 'confianza_comando': 0.765147712630414}
2026-09-30 10:28:36 [INFO]: Comando predicho I
2026-09-30 10:28:36 [INFO]: Grupo predicho Letters
2026-09-30 10:28:36 [INFO]: ----------------------------------------------------------------
2026-09-30 10:28:36 [INFO]: ------------------>cvs name D:/APP_BCI_PYQUE/captures/UserCMSM/Letters/UserCMSM_I_57.csv<----------------
2026-09-30 10:28:36 [INFO]: {'ventana': 1, 'grupo_voto': 'Letters', 'grupo_final': 'Letters', 'comando': 'I', 'confianza_grupo': 0.9913199394843594, 'confianza_comando': 0.9618852695398664}
2026-09-30 10:28:36 [INFO]: {'ventana': 2, 'grupo_voto': 'Letters', 'grupo_final': 'Letters', 'comando': 'I', 'confianza_grupo': 0.9674057812200967, 'confianza_comando': 0.9686229199285642}
2026-09-30 10:28:36 [INFO]: {'ventana': 3, 'grupo_voto': 'Letters', 'grupo_final': 'Letters', 'comando': 'I', 'confianza_grupo': 0.9541623703149753, 'confianza_comando': 0.9555138836986034}
2026-09-30 10:28:36 [INFO]: {'ventana': 4, 'grupo_voto': 'Letters', 'grupo_final': 'Letters', 'comando': 'I', 'confianza_grupo': 0.9680626268194101, 'confianza_comando': 0.9567118610970938}
2026-09-30 10:28:36 [INFO]: Comando predicho I
2026-09-30 10:28:36 [INFO]: Grupo predicho Letters
2026-09-30 10:28:36 [INFO]: ----------------------------------------------------------------
2026-09-30 10:28:37 [INFO]: ------------------>cvs name D:/APP_BCI_PYQUE/captures/UserCMSM/Letters/UserCMSM_I_58.csv<----------------
2026-09-30 10:28:37 [INFO]: {'ventana': 1, 'grupo_voto': 'Letters', 'grupo_final': 'Letters', 'comando': 'I', 'confianza_grupo': 0.9731898421813368, 'confianza_comando': 0.977006267814977}
2026-09-30 10:28:37 [INFO]: {'ventana': 2, 'grupo_voto': 'Letters', 'grupo_final': 'Letters', 'comando': 'I', 'confianza_grupo': 0.9873465740296642, 'confianza_comando': 0.9724754127994238}
2026-09-30 10:28:37 [INFO]: {'ventana': 3, 'grupo_voto': 'Letters', 'grupo_final': 'Letters', 'comando': 'I', 'confianza_grupo': 0.9497707674480206, 'confianza_comando': 0.9803934632108601}
2026-09-30 10:28:37 [INFO]: {'ventana': 4, 'grupo_voto': 'Letters', 'grupo_final': 'Letters', 'comando': 'I', 'confianza_grupo': 0.9617908030497444, 'confianza_comando': 0.9625233625922262}
2026-09-30 10:28:37 [INFO]: Comando predicho I
2026-09-30 10:28:37 [INFO]: Grupo predicho Letters
2026-09-30 10:28:37 [INFO]: ----------------------------------------------------------------
2026-09-30 10:28:37 [INFO]: ------------------>cvs name D:/APP_BCI_PYQUE/captures/UserCMSM/Letters/UserCMSM_I_59.csv<----------------
2026-09-30 10:28:37 [INFO]: {'ventana': 1, 'grupo_voto': 'Letters', 'grupo_final': 'Letters', 'comando': 'I', 'confianza_grupo': 0.9808130394540462, 'confianza_comando': 0.8033568473404241}
2026-09-30 10:28:37 [INFO]: {'ventana': 2, 'grupo_voto': 'Letters', 'grupo_final': 'Letters', 'comando': 'I', 'confianza_grupo': 0.9872235612230172, 'confianza_comando': 0.9808779849495453}
2026-09-30 10:28:37 [INFO]: {'ventana': 3, 'grupo_voto': 'Letters', 'grupo_final': 'Letters', 'comando': 'I', 'confianza_grupo': 0.976338597209127, 'confianza_comando': 0.9664121842503546}
2026-09-30 10:28:37 [INFO]: {'ventana': 4, 'grupo_voto': 'Letters', 'grupo_final': 'Letters', 'comando': 'I', 'confianza_grupo': 0.9857820900921965, 'confianza_comando': 0.9678855579866914}
2026-09-30 10:28:37 [INFO]: Comando predicho I
2026-09-30 10:28:37 [INFO]: Grupo predicho Letters
2026-09-30 10:28:37 [INFO]: ----------------------------------------------------------------
2026-09-30 10:28:37 [INFO]: Del Comando I Total Archivos 30
2026-09-30 10:28:37 [INFO]: Comando Reales Predichos, 28
2026-09-30 10:28:37 [INFO]: Grupo Real Predicho, 29
2026-09-30 10:28:37 [INFO]: =======================================================================================
2026-09-30 10:28:37 [INFO]: =======================================================================================
2026-09-30 10:28:38 [INFO]: ------------------>cvs name D:/APP_BCI_PYQUE/captures/UserCMSM/Letters/UserCMSM_O_30.csv<----------------
2026-09-30 10:28:38 [INFO]: {'ventana': 1, 'grupo_voto': 'Letters', 'grupo_final': 'Letters', 'comando': 'O', 'confianza_grupo': 0.933802928384481, 'confianza_comando': 0.982604989444558}
2026-09-30 10:28:38 [INFO]: {'ventana': 2, 'grupo_voto': 'Letters', 'grupo_final': 'Letters', 'comando': 'O', 'confianza_grupo': 0.9687591834276413, 'confianza_comando': 0.9691203884838221}
2026-09-30 10:28:38 [INFO]: {'ventana': 3, 'grupo_voto': 'Letters', 'grupo_final': 'Letters', 'comando': 'O', 'confianza_grupo': 0.966843521135735, 'confianza_comando': 0.9741884167390359}
2026-09-30 10:28:38 [INFO]: {'ventana': 4, 'grupo_voto': 'Letters', 'grupo_final': 'Letters', 'comando': 'O', 'confianza_grupo': 0.9634101363533262, 'confianza_comando': 0.9513408419688425}
2026-09-30 10:28:38 [INFO]: Comando predicho O
2026-09-30 10:28:38 [INFO]: Grupo predicho Letters
2026-09-30 10:28:38 [INFO]: ----------------------------------------------------------------
2026-09-30 10:28:38 [INFO]: ------------------>cvs name D:/APP_BCI_PYQUE/captures/UserCMSM/Letters/UserCMSM_O_31.csv<----------------
2026-09-30 10:28:38 [INFO]: {'ventana': 1, 'grupo_voto': 'Letters', 'grupo_final': 'Letters', 'comando': 'O', 'confianza_grupo': 0.9801293701402255, 'confianza_comando': 0.9540761213104884}
2026-09-30 10:28:38 [INFO]: {'ventana': 2, 'grupo_voto': 'Letters', 'grupo_final': 'Letters', 'comando': 'O', 'confianza_grupo': 0.9786937913093731, 'confianza_comando': 0.8431852793331575}
2026-09-30 10:28:38 [INFO]: {'ventana': 3, 'grupo_voto': 'Letters', 'grupo_final': 'Letters', 'comando': 'O', 'confianza_grupo': 0.9901702193748982, 'confianza_comando': 0.8658549500776959}
2026-09-30 10:28:38 [INFO]: {'ventana': 4, 'grupo_voto': 'Letters', 'grupo_final': 'Letters', 'comando': 'A', 'confianza_grupo': 0.9823431977803745, 'confianza_comando': 0.6344740923164437}
2026-09-30 10:28:38 [INFO]: Comando predicho O
2026-09-30 10:28:38 [INFO]: Grupo predicho Letters
2026-09-30 10:28:38 [INFO]: ----------------------------------------------------------------
2026-09-30 10:28:39 [INFO]: ------------------>cvs name D:/APP_BCI_PYQUE/captures/UserCMSM/Letters/UserCMSM_O_32.csv<----------------
2026-09-30 10:28:39 [INFO]: {'ventana': 1, 'grupo_voto': 'Letters', 'grupo_final': 'Letters', 'comando': 'O', 'confianza_grupo': 0.8853523257774125, 'confianza_comando': 0.5501256742234304}
2026-09-30 10:28:39 [INFO]: {'ventana': 2, 'grupo_voto': 'Letters', 'grupo_final': 'Letters', 'comando': 'O', 'confianza_grupo': 0.8502416926372234, 'confianza_comando': 0.9227079768665949}
2026-09-30 10:28:39 [INFO]: {'ventana': 3, 'grupo_voto': 'Letters', 'grupo_final': 'Letters', 'comando': 'O', 'confianza_grupo': 0.9273764983872196, 'confianza_comando': 0.968331948757288}
2026-09-30 10:28:39 [INFO]: {'ventana': 4, 'grupo_voto': 'Letters', 'grupo_final': 'Letters', 'comando': 'O', 'confianza_grupo': 0.883803877526984, 'confianza_comando': 0.9566092213488221}
2026-09-30 10:28:39 [INFO]: Comando predicho O
2026-09-30 10:28:39 [INFO]: Grupo predicho Letters
2026-09-30 10:28:39 [INFO]: ----------------------------------------------------------------
2026-09-30 10:28:39 [INFO]: ------------------>cvs name D:/APP_BCI_PYQUE/captures/UserCMSM/Letters/UserCMSM_O_33.csv<----------------
2026-09-30 10:28:39 [INFO]: {'ventana': 1, 'grupo_voto': 'Numbers', 'grupo_final': 'Numbers', 'comando': '4', 'confianza_grupo': 0.5119709549104143, 'confianza_comando': 0.4046215630864189}
2026-09-30 10:28:39 [INFO]: {'ventana': 2, 'grupo_voto': 'Numbers', 'grupo_final': 'Numbers', 'comando': '4', 'confianza_grupo': 0.7404026352746048, 'confianza_comando': 0.7917735200232157}
2026-09-30 10:28:39 [INFO]: {'ventana': 3, 'grupo_voto': 'Numbers', 'grupo_final': 'Numbers', 'comando': '5', 'confianza_grupo': 0.6003270116714098, 'confianza_comando': 0.44126509496849353}
2026-09-30 10:28:39 [INFO]: {'ventana': 4, 'grupo_voto': 'Numbers', 'grupo_final': 'Numbers', 'comando': '5', 'confianza_grupo': 0.7178951046078922, 'confianza_comando': 0.3363848725462643}
2026-09-30 10:28:39 [INFO]: Comando predicho 4
2026-09-30 10:28:39 [INFO]: Grupo predicho Numbers
2026-09-30 10:28:39 [INFO]: ----------------------------------------------------------------
2026-09-30 10:28:40 [INFO]: ------------------>cvs name D:/APP_BCI_PYQUE/captures/UserCMSM/Letters/UserCMSM_O_34.csv<----------------
2026-09-30 10:28:40 [INFO]: {'ventana': 1, 'grupo_voto': 'Letters', 'grupo_final': 'Letters', 'comando': 'O', 'confianza_grupo': 0.9948403441610294, 'confianza_comando': 0.9718379949929309}
2026-09-30 10:28:40 [INFO]: {'ventana': 2, 'grupo_voto': 'Letters', 'grupo_final': 'Letters', 'comando': 'O', 'confianza_grupo': 0.9878829960378701, 'confianza_comando': 0.9571974839498295}
2026-09-30 10:28:40 [INFO]: {'ventana': 3, 'grupo_voto': 'Letters', 'grupo_final': 'Letters', 'comando': 'O', 'confianza_grupo': 0.9786384565102817, 'confianza_comando': 0.9700258656931727}
2026-09-30 10:28:40 [INFO]: {'ventana': 4, 'grupo_voto': 'Letters', 'grupo_final': 'Letters', 'comando': 'O', 'confianza_grupo': 0.9748887368910143, 'confianza_comando': 0.9568729879338986}
2026-09-30 10:28:40 [INFO]: Comando predicho O
2026-09-30 10:28:40 [INFO]: Grupo predicho Letters
2026-09-30 10:28:40 [INFO]: ----------------------------------------------------------------
2026-09-30 10:28:40 [INFO]: ------------------>cvs name D:/APP_BCI_PYQUE/captures/UserCMSM/Letters/UserCMSM_O_35.csv<----------------
2026-09-30 10:28:40 [INFO]: {'ventana': 1, 'grupo_voto': 'Letters', 'grupo_final': 'Letters', 'comando': 'O', 'confianza_grupo': 0.9951624240676352, 'confianza_comando': 0.9440755529916919}
2026-09-30 10:28:40 [INFO]: {'ventana': 2, 'grupo_voto': 'Letters', 'grupo_final': 'Letters', 'comando': 'O', 'confianza_grupo': 0.9948112466035551, 'confianza_comando': 0.9624933992135487}
2026-09-30 10:28:40 [INFO]: {'ventana': 3, 'grupo_voto': 'Letters', 'grupo_final': 'Letters', 'comando': 'O', 'confianza_grupo': 0.9977364768972021, 'confianza_comando': 0.9395631934840024}
2026-09-30 10:28:40 [INFO]: {'ventana': 4, 'grupo_voto': 'Letters', 'grupo_final': 'Letters', 'comando': 'O', 'confianza_grupo': 0.9986735747750641, 'confianza_comando': 0.7691244302413929}
2026-09-30 10:28:40 [INFO]: Comando predicho O
2026-09-30 10:28:40 [INFO]: Grupo predicho Letters
2026-09-30 10:28:40 [INFO]: ----------------------------------------------------------------
2026-09-30 10:28:41 [INFO]: ------------------>cvs name D:/APP_BCI_PYQUE/captures/UserCMSM/Letters/UserCMSM_O_36.csv<----------------
2026-09-30 10:28:41 [INFO]: {'ventana': 1, 'grupo_voto': 'Letters', 'grupo_final': 'Letters', 'comando': 'O', 'confianza_grupo': 0.9927547874443595, 'confianza_comando': 0.8200254488063967}
2026-09-30 10:28:41 [INFO]: {'ventana': 2, 'grupo_voto': 'Letters', 'grupo_final': 'Letters', 'comando': 'O', 'confianza_grupo': 0.987856020922318, 'confianza_comando': 0.9412065090390275}
2026-09-30 10:28:41 [INFO]: {'ventana': 3, 'grupo_voto': 'Letters', 'grupo_final': 'Letters', 'comando': 'O', 'confianza_grupo': 0.9987453783018534, 'confianza_comando': 0.9613453139332221}
2026-09-30 10:28:41 [INFO]: {'ventana': 4, 'grupo_voto': 'Letters', 'grupo_final': 'Letters', 'comando': 'O', 'confianza_grupo': 0.9947144871155246, 'confianza_comando': 0.9657002282338552}
2026-09-30 10:28:41 [INFO]: Comando predicho O
2026-09-30 10:28:41 [INFO]: Grupo predicho Letters
2026-09-30 10:28:41 [INFO]: ----------------------------------------------------------------
2026-09-30 10:28:41 [INFO]: ------------------>cvs name D:/APP_BCI_PYQUE/captures/UserCMSM/Letters/UserCMSM_O_37.csv<----------------
2026-09-30 10:28:41 [INFO]: {'ventana': 1, 'grupo_voto': 'Letters', 'grupo_final': 'Letters', 'comando': 'O', 'confianza_grupo': 0.9907804706049622, 'confianza_comando': 0.9141313269837795}
2026-09-30 10:28:41 [INFO]: {'ventana': 2, 'grupo_voto': 'Letters', 'grupo_final': 'Letters', 'comando': 'O', 'confianza_grupo': 0.984764331854021, 'confianza_comando': 0.784118770744551}
2026-09-30 10:28:41 [INFO]: {'ventana': 3, 'grupo_voto': 'Letters', 'grupo_final': 'Letters', 'comando': 'R', 'confianza_grupo': 0.9459007744436397, 'confianza_comando': 0.5368013206689759}
2026-09-30 10:28:41 [INFO]: {'ventana': 4, 'grupo_voto': 'Letters', 'grupo_final': 'Letters', 'comando': 'R', 'confianza_grupo': 0.982547875950241, 'confianza_comando': 0.5476079653938917}
2026-09-30 10:28:41 [INFO]: Comando predicho O
2026-09-30 10:28:41 [INFO]: Grupo predicho Letters
2026-09-30 10:28:41 [INFO]: ----------------------------------------------------------------
2026-09-30 10:28:42 [INFO]: ------------------>cvs name D:/APP_BCI_PYQUE/captures/UserCMSM/Letters/UserCMSM_O_38.csv<----------------
2026-09-30 10:28:42 [INFO]: {'ventana': 1, 'grupo_voto': 'Letters', 'grupo_final': 'Letters', 'comando': 'O', 'confianza_grupo': 0.9790980098839885, 'confianza_comando': 0.9673744863736444}
2026-09-30 10:28:42 [INFO]: {'ventana': 2, 'grupo_voto': 'Letters', 'grupo_final': 'Letters', 'comando': 'O', 'confianza_grupo': 0.9543242226097283, 'confianza_comando': 0.9779633677808689}
2026-09-30 10:28:42 [INFO]: {'ventana': 3, 'grupo_voto': 'Letters', 'grupo_final': 'Letters', 'comando': 'O', 'confianza_grupo': 0.967120111514642, 'confianza_comando': 0.8950061616280388}
2026-09-30 10:28:42 [INFO]: {'ventana': 4, 'grupo_voto': 'Letters', 'grupo_final': 'Letters', 'comando': 'O', 'confianza_grupo': 0.941200001483517, 'confianza_comando': 0.9683579198466378}
2026-09-30 10:28:42 [INFO]: Comando predicho O
2026-09-30 10:28:42 [INFO]: Grupo predicho Letters
2026-09-30 10:28:42 [INFO]: ----------------------------------------------------------------
2026-09-30 10:28:43 [INFO]: ------------------>cvs name D:/APP_BCI_PYQUE/captures/UserCMSM/Letters/UserCMSM_O_39.csv<----------------
2026-09-30 10:28:43 [INFO]: {'ventana': 1, 'grupo_voto': 'Letters', 'grupo_final': 'Letters', 'comando': 'O', 'confianza_grupo': 0.8904495707906706, 'confianza_comando': 0.968653812578529}
2026-09-30 10:28:43 [INFO]: {'ventana': 2, 'grupo_voto': 'Numbers', 'grupo_final': 'Letters', 'comando': 'O', 'confianza_grupo': 0.5064466983175332, 'confianza_comando': 0.9481218576028599}
2026-09-30 10:28:43 [INFO]: {'ventana': 3, 'grupo_voto': 'Letters', 'grupo_final': 'Letters', 'comando': 'O', 'confianza_grupo': 0.9336619867796448, 'confianza_comando': 0.9543031126895097}
2026-09-30 10:28:43 [INFO]: {'ventana': 4, 'grupo_voto': 'Letters', 'grupo_final': 'Letters', 'comando': 'O', 'confianza_grupo': 0.9861355294406746, 'confianza_comando': 0.9196090190641274}
2026-09-30 10:28:43 [INFO]: Comando predicho O
2026-09-30 10:28:43 [INFO]: Grupo predicho Letters
2026-09-30 10:28:43 [INFO]: ----------------------------------------------------------------
2026-09-30 10:28:43 [INFO]: ------------------>cvs name D:/APP_BCI_PYQUE/captures/UserCMSM/Letters/UserCMSM_O_40.csv<----------------
2026-09-30 10:28:43 [INFO]: {'ventana': 1, 'grupo_voto': 'Letters', 'grupo_final': 'Letters', 'comando': 'P', 'confianza_grupo': 0.9912373946159122, 'confianza_comando': 0.5394684017918694}
2026-09-30 10:28:43 [INFO]: {'ventana': 2, 'grupo_voto': 'Letters', 'grupo_final': 'Letters', 'comando': 'V', 'confianza_grupo': 0.9961843544019722, 'confianza_comando': 0.24992080809221345}
2026-09-30 10:28:43 [INFO]: {'ventana': 3, 'grupo_voto': 'Letters', 'grupo_final': 'Letters', 'comando': 'V', 'confianza_grupo': 0.9978420697185734, 'confianza_comando': 0.592241493083388}
2026-09-30 10:28:43 [INFO]: {'ventana': 4, 'grupo_voto': 'Letters', 'grupo_final': 'Letters', 'comando': 'V', 'confianza_grupo': 0.9980949954623612, 'confianza_comando': 0.5520087167887882}
2026-09-30 10:28:43 [INFO]: Comando predicho V
2026-09-30 10:28:43 [INFO]: Grupo predicho Letters
2026-09-30 10:28:43 [INFO]: ----------------------------------------------------------------
2026-09-30 10:28:44 [INFO]: ------------------>cvs name D:/APP_BCI_PYQUE/captures/UserCMSM/Letters/UserCMSM_O_41.csv<----------------
2026-09-30 10:28:44 [INFO]: {'ventana': 1, 'grupo_voto': 'Letters', 'grupo_final': 'Letters', 'comando': 'O', 'confianza_grupo': 0.9761306682205397, 'confianza_comando': 0.5211582634312186}
2026-09-30 10:28:44 [INFO]: {'ventana': 2, 'grupo_voto': 'Letters', 'grupo_final': 'Letters', 'comando': 'O', 'confianza_grupo': 0.9794230195883512, 'confianza_comando': 0.9457994006108498}
2026-09-30 10:28:44 [INFO]: {'ventana': 3, 'grupo_voto': 'Letters', 'grupo_final': 'Letters', 'comando': 'O', 'confianza_grupo': 0.9830703154223763, 'confianza_comando': 0.9748918648792294}
2026-09-30 10:28:44 [INFO]: {'ventana': 4, 'grupo_voto': 'Letters', 'grupo_final': 'Letters', 'comando': 'O', 'confianza_grupo': 0.9979347487318339, 'confianza_comando': 0.9589776575741895}
2026-09-30 10:28:44 [INFO]: Comando predicho O
2026-09-30 10:28:44 [INFO]: Grupo predicho Letters
2026-09-30 10:28:44 [INFO]: ----------------------------------------------------------------
2026-09-30 10:28:44 [INFO]: ------------------>cvs name D:/APP_BCI_PYQUE/captures/UserCMSM/Letters/UserCMSM_O_42.csv<----------------
2026-09-30 10:28:44 [INFO]: {'ventana': 1, 'grupo_voto': 'Letters', 'grupo_final': 'Letters', 'comando': 'O', 'confianza_grupo': 0.9407837811392294, 'confianza_comando': 0.9579278005568067}
2026-09-30 10:28:44 [INFO]: {'ventana': 2, 'grupo_voto': 'Letters', 'grupo_final': 'Letters', 'comando': 'O', 'confianza_grupo': 0.9876800795955505, 'confianza_comando': 0.9744068023041265}
2026-09-30 10:28:44 [INFO]: {'ventana': 3, 'grupo_voto': 'Letters', 'grupo_final': 'Letters', 'comando': 'O', 'confianza_grupo': 0.9947574969142935, 'confianza_comando': 0.962571339760044}
2026-09-30 10:28:44 [INFO]: {'ventana': 4, 'grupo_voto': 'Letters', 'grupo_final': 'Letters', 'comando': 'O', 'confianza_grupo': 0.9986103892275073, 'confianza_comando': 0.9614732707410844}
2026-09-30 10:28:44 [INFO]: Comando predicho O
2026-09-30 10:28:44 [INFO]: Grupo predicho Letters
2026-09-30 10:28:44 [INFO]: ----------------------------------------------------------------
2026-09-30 10:28:45 [INFO]: ------------------>cvs name D:/APP_BCI_PYQUE/captures/UserCMSM/Letters/UserCMSM_O_43.csv<----------------
2026-09-30 10:28:45 [INFO]: {'ventana': 1, 'grupo_voto': 'Numbers', 'grupo_final': 'Letters', 'comando': 'O', 'confianza_grupo': 0.5744239937373979, 'confianza_comando': 0.9463510881193039}
2026-09-30 10:28:45 [INFO]: {'ventana': 2, 'grupo_voto': 'Letters', 'grupo_final': 'Letters', 'comando': 'O', 'confianza_grupo': 0.6034325135426447, 'confianza_comando': 0.9575628503376818}
2026-09-30 10:28:45 [INFO]: {'ventana': 3, 'grupo_voto': 'Letters', 'grupo_final': 'Letters', 'comando': 'O', 'confianza_grupo': 0.9063358490968062, 'confianza_comando': 0.9446683228985606}
2026-09-30 10:28:45 [INFO]: {'ventana': 4, 'grupo_voto': 'Letters', 'grupo_final': 'Letters', 'comando': 'O', 'confianza_grupo': 0.6909398395180111, 'confianza_comando': 0.9446649775047308}
2026-09-30 10:28:45 [INFO]: Comando predicho O
2026-09-30 10:28:45 [INFO]: Grupo predicho Letters
2026-09-30 10:28:45 [INFO]: ----------------------------------------------------------------
2026-09-30 10:28:46 [INFO]: ------------------>cvs name D:/APP_BCI_PYQUE/captures/UserCMSM/Letters/UserCMSM_O_44.csv<----------------
2026-09-30 10:28:46 [INFO]: {'ventana': 1, 'grupo_voto': 'Letters', 'grupo_final': 'Letters', 'comando': 'O', 'confianza_grupo': 0.924428380845129, 'confianza_comando': 0.9375448921406282}
2026-09-30 10:28:46 [INFO]: {'ventana': 2, 'grupo_voto': 'Letters', 'grupo_final': 'Letters', 'comando': 'O', 'confianza_grupo': 0.9836031940591861, 'confianza_comando': 0.95246589916048}
2026-09-30 10:28:46 [INFO]: {'ventana': 3, 'grupo_voto': 'Letters', 'grupo_final': 'Letters', 'comando': 'O', 'confianza_grupo': 0.9389670896348867, 'confianza_comando': 0.9541934709789855}
2026-09-30 10:28:46 [INFO]: {'ventana': 4, 'grupo_voto': 'Letters', 'grupo_final': 'Letters', 'comando': 'O', 'confianza_grupo': 0.889780672784166, 'confianza_comando': 0.9709768789377927}
2026-09-30 10:28:46 [INFO]: Comando predicho O
2026-09-30 10:28:46 [INFO]: Grupo predicho Letters
2026-09-30 10:28:46 [INFO]: ----------------------------------------------------------------
2026-09-30 10:28:46 [INFO]: ------------------>cvs name D:/APP_BCI_PYQUE/captures/UserCMSM/Letters/UserCMSM_O_45.csv<----------------
2026-09-30 10:28:46 [INFO]: {'ventana': 1, 'grupo_voto': 'Letters', 'grupo_final': 'Letters', 'comando': 'O', 'confianza_grupo': 0.9894477959634088, 'confianza_comando': 0.9649263197056633}
2026-09-30 10:28:46 [INFO]: {'ventana': 2, 'grupo_voto': 'Letters', 'grupo_final': 'Letters', 'comando': 'O', 'confianza_grupo': 0.9893205688662557, 'confianza_comando': 0.8028273134865072}
2026-09-30 10:28:46 [INFO]: {'ventana': 3, 'grupo_voto': 'Letters', 'grupo_final': 'Letters', 'comando': 'O', 'confianza_grupo': 0.9862496291064179, 'confianza_comando': 0.9755813990819394}
2026-09-30 10:28:46 [INFO]: {'ventana': 4, 'grupo_voto': 'Letters', 'grupo_final': 'Letters', 'comando': 'O', 'confianza_grupo': 0.9902169810907944, 'confianza_comando': 0.9836758720796295}
2026-09-30 10:28:46 [INFO]: Comando predicho O
2026-09-30 10:28:46 [INFO]: Grupo predicho Letters
2026-09-30 10:28:46 [INFO]: ----------------------------------------------------------------
2026-09-30 10:28:47 [INFO]: ------------------>cvs name D:/APP_BCI_PYQUE/captures/UserCMSM/Letters/UserCMSM_O_46.csv<----------------
2026-09-30 10:28:47 [INFO]: {'ventana': 1, 'grupo_voto': 'Letters', 'grupo_final': 'Letters', 'comando': 'O', 'confianza_grupo': 0.9880725440595033, 'confianza_comando': 0.8286352188542236}
2026-09-30 10:28:47 [INFO]: {'ventana': 2, 'grupo_voto': 'Letters', 'grupo_final': 'Letters', 'comando': 'O', 'confianza_grupo': 0.9918410746948055, 'confianza_comando': 0.9729593384285148}
2026-09-30 10:28:47 [INFO]: {'ventana': 3, 'grupo_voto': 'Letters', 'grupo_final': 'Letters', 'comando': 'O', 'confianza_grupo': 0.98881132077304, 'confianza_comando': 0.9742718867001674}
2026-09-30 10:28:47 [INFO]: {'ventana': 4, 'grupo_voto': 'Letters', 'grupo_final': 'Letters', 'comando': 'O', 'confianza_grupo': 0.9478793913744084, 'confianza_comando': 0.3764593427661405}
2026-09-30 10:28:47 [INFO]: Comando predicho O
2026-09-30 10:28:47 [INFO]: Grupo predicho Letters
2026-09-30 10:28:47 [INFO]: ----------------------------------------------------------------
2026-09-30 10:28:48 [INFO]: ------------------>cvs name D:/APP_BCI_PYQUE/captures/UserCMSM/Letters/UserCMSM_O_47.csv<----------------
2026-09-30 10:28:48 [INFO]: {'ventana': 1, 'grupo_voto': 'Letters', 'grupo_final': 'Letters', 'comando': 'O', 'confianza_grupo': 0.9899706249118813, 'confianza_comando': 0.7956878408577952}
2026-09-30 10:28:48 [INFO]: {'ventana': 2, 'grupo_voto': 'Letters', 'grupo_final': 'Letters', 'comando': 'O', 'confianza_grupo': 0.9827126793827176, 'confianza_comando': 0.9443161302482354}
2026-09-30 10:28:48 [INFO]: {'ventana': 3, 'grupo_voto': 'Letters', 'grupo_final': 'Letters', 'comando': 'O', 'confianza_grupo': 0.979759239363919, 'confianza_comando': 0.9294289677728989}
2026-09-30 10:28:48 [INFO]: {'ventana': 4, 'grupo_voto': 'Letters', 'grupo_final': 'Letters', 'comando': 'O', 'confianza_grupo': 0.983775169187183, 'confianza_comando': 0.9827306902987533}
2026-09-30 10:28:48 [INFO]: Comando predicho O
2026-09-30 10:28:48 [INFO]: Grupo predicho Letters
2026-09-30 10:28:48 [INFO]: ----------------------------------------------------------------
2026-09-30 10:28:48 [INFO]: ------------------>cvs name D:/APP_BCI_PYQUE/captures/UserCMSM/Letters/UserCMSM_O_48.csv<----------------
2026-09-30 10:28:48 [INFO]: {'ventana': 1, 'grupo_voto': 'Letters', 'grupo_final': 'Numbers', 'comando': '2', 'confianza_grupo': 0.5436868469607709, 'confianza_comando': 0.8380251750799235}
2026-09-30 10:28:48 [INFO]: {'ventana': 2, 'grupo_voto': 'Letters', 'grupo_final': 'Numbers', 'comando': '2', 'confianza_grupo': 0.6325927326892519, 'confianza_comando': 0.7958222389668937}
2026-09-30 10:28:48 [INFO]: {'ventana': 3, 'grupo_voto': 'Numbers', 'grupo_final': 'Numbers', 'comando': '2', 'confianza_grupo': 0.7037933085309872, 'confianza_comando': 0.4661576565552154}
2026-09-30 10:28:48 [INFO]: {'ventana': 4, 'grupo_voto': 'Numbers', 'grupo_final': 'Numbers', 'comando': '2', 'confianza_grupo': 0.90649448502159, 'confianza_comando': 0.4374547254457725}
2026-09-30 10:28:48 [INFO]: Comando predicho 2
2026-09-30 10:28:48 [INFO]: Grupo predicho Numbers
2026-09-30 10:28:48 [INFO]: ----------------------------------------------------------------
2026-09-30 10:28:49 [INFO]: ------------------>cvs name D:/APP_BCI_PYQUE/captures/UserCMSM/Letters/UserCMSM_O_49.csv<----------------
2026-09-30 10:28:49 [INFO]: {'ventana': 1, 'grupo_voto': 'Letters', 'grupo_final': 'Letters', 'comando': 'O', 'confianza_grupo': 0.9594505449325371, 'confianza_comando': 0.4470920731140661}
2026-09-30 10:28:49 [INFO]: {'ventana': 2, 'grupo_voto': 'Letters', 'grupo_final': 'Letters', 'comando': 'O', 'confianza_grupo': 0.961986128042781, 'confianza_comando': 0.4818244886077669}
2026-09-30 10:28:49 [INFO]: {'ventana': 3, 'grupo_voto': 'Letters', 'grupo_final': 'Letters', 'comando': 'E', 'confianza_grupo': 0.8829390856291742, 'confianza_comando': 0.16476245678730977}
2026-09-30 10:28:49 [INFO]: {'ventana': 4, 'grupo_voto': 'Letters', 'grupo_final': 'Letters', 'comando': 'T', 'confianza_grupo': 0.983959596612055, 'confianza_comando': 0.8040917792794184}
2026-09-30 10:28:49 [INFO]: Comando predicho T
2026-09-30 10:28:49 [INFO]: Grupo predicho Letters
2026-09-30 10:28:49 [INFO]: ----------------------------------------------------------------
2026-09-30 10:28:50 [INFO]: ------------------>cvs name D:/APP_BCI_PYQUE/captures/UserCMSM/Letters/UserCMSM_O_50.csv<----------------
2026-09-30 10:28:50 [INFO]: {'ventana': 1, 'grupo_voto': 'Letters', 'grupo_final': 'Letters', 'comando': 'I', 'confianza_grupo': 0.9869084276247557, 'confianza_comando': 0.47949685513772194}
2026-09-30 10:28:50 [INFO]: {'ventana': 2, 'grupo_voto': 'Letters', 'grupo_final': 'Letters', 'comando': 'I', 'confianza_grupo': 0.967821782551892, 'confianza_comando': 0.5100328827117464}
2026-09-30 10:28:50 [INFO]: {'ventana': 3, 'grupo_voto': 'Letters', 'grupo_final': 'Letters', 'comando': 'I', 'confianza_grupo': 0.939301288728523, 'confianza_comando': 0.5164200126084602}
2026-09-30 10:28:50 [INFO]: {'ventana': 4, 'grupo_voto': 'Letters', 'grupo_final': 'Letters', 'comando': 'I', 'confianza_grupo': 0.9889963919566573, 'confianza_comando': 0.7485513194633725}
2026-09-30 10:28:50 [INFO]: Comando predicho I
2026-09-30 10:28:50 [INFO]: Grupo predicho Letters
2026-09-30 10:28:50 [INFO]: ----------------------------------------------------------------
2026-09-30 10:28:50 [INFO]: ------------------>cvs name D:/APP_BCI_PYQUE/captures/UserCMSM/Letters/UserCMSM_O_51.csv<----------------
2026-09-30 10:28:50 [INFO]: {'ventana': 1, 'grupo_voto': 'Letters', 'grupo_final': 'Letters', 'comando': 'O', 'confianza_grupo': 0.5540718893804444, 'confianza_comando': 0.9486767562429044}
2026-09-30 10:28:50 [INFO]: {'ventana': 2, 'grupo_voto': 'Numbers', 'grupo_final': 'Letters', 'comando': 'O', 'confianza_grupo': 0.5124746986271671, 'confianza_comando': 0.9685562905858028}
2026-09-30 10:28:50 [INFO]: {'ventana': 3, 'grupo_voto': 'Letters', 'grupo_final': 'Letters', 'comando': 'O', 'confianza_grupo': 0.7323912754388937, 'confianza_comando': 0.8642914677402828}
2026-09-30 10:28:50 [INFO]: {'ventana': 4, 'grupo_voto': 'Letters', 'grupo_final': 'Letters', 'comando': 'O', 'confianza_grupo': 0.7638869157629669, 'confianza_comando': 0.9150902411476879}
2026-09-30 10:28:50 [INFO]: Comando predicho O
2026-09-30 10:28:50 [INFO]: Grupo predicho Letters
2026-09-30 10:28:50 [INFO]: ----------------------------------------------------------------
2026-09-30 10:28:51 [INFO]: ------------------>cvs name D:/APP_BCI_PYQUE/captures/UserCMSM/Letters/UserCMSM_O_52.csv<----------------
2026-09-30 10:28:51 [INFO]: {'ventana': 1, 'grupo_voto': 'Numbers', 'grupo_final': 'Numbers', 'comando': '2', 'confianza_grupo': 0.9296875474888361, 'confianza_comando': 0.5632370089037002}
2026-09-30 10:28:51 [INFO]: {'ventana': 2, 'grupo_voto': 'Numbers', 'grupo_final': 'Numbers', 'comando': '2', 'confianza_grupo': 0.8194030666697161, 'confianza_comando': 0.6505080080755851}
2026-09-30 10:28:51 [INFO]: {'ventana': 3, 'grupo_voto': 'Letters', 'grupo_final': 'Numbers', 'comando': '2', 'confianza_grupo': 0.5526333531640183, 'confianza_comando': 0.6037415312701778}
2026-09-30 10:28:51 [INFO]: {'ventana': 4, 'grupo_voto': 'Letters', 'grupo_final': 'Numbers', 'comando': '5', 'confianza_grupo': 0.866943455710286, 'confianza_comando': 0.2679637674799702}
2026-09-30 10:28:51 [INFO]: Comando predicho 2
2026-09-30 10:28:51 [INFO]: Grupo predicho Numbers
2026-09-30 10:28:51 [INFO]: ----------------------------------------------------------------
2026-09-30 10:28:52 [INFO]: ------------------>cvs name D:/APP_BCI_PYQUE/captures/UserCMSM/Letters/UserCMSM_O_53.csv<----------------
2026-09-30 10:28:52 [INFO]: {'ventana': 1, 'grupo_voto': 'Letters', 'grupo_final': 'Letters', 'comando': 'O', 'confianza_grupo': 0.8951471423649613, 'confianza_comando': 0.9776524223723314}
2026-09-30 10:28:52 [INFO]: {'ventana': 2, 'grupo_voto': 'Letters', 'grupo_final': 'Letters', 'comando': 'O', 'confianza_grupo': 0.9357039758561644, 'confianza_comando': 0.9504554293389303}
2026-09-30 10:28:52 [INFO]: {'ventana': 3, 'grupo_voto': 'Letters', 'grupo_final': 'Letters', 'comando': 'O', 'confianza_grupo': 0.9186892294203838, 'confianza_comando': 0.9489323900612529}
2026-09-30 10:28:52 [INFO]: {'ventana': 4, 'grupo_voto': 'Letters', 'grupo_final': 'Letters', 'comando': 'O', 'confianza_grupo': 0.5412204361795212, 'confianza_comando': 0.9682823438320908}
2026-09-30 10:28:52 [INFO]: Comando predicho O
2026-09-30 10:28:52 [INFO]: Grupo predicho Letters
2026-09-30 10:28:52 [INFO]: ----------------------------------------------------------------
2026-09-30 10:28:53 [INFO]: ------------------>cvs name D:/APP_BCI_PYQUE/captures/UserCMSM/Letters/UserCMSM_O_54.csv<----------------
2026-09-30 10:28:53 [INFO]: {'ventana': 1, 'grupo_voto': 'Letters', 'grupo_final': 'Letters', 'comando': 'O', 'confianza_grupo': 0.9873306724594287, 'confianza_comando': 0.4525607406518459}
2026-09-30 10:28:53 [INFO]: {'ventana': 2, 'grupo_voto': 'Letters', 'grupo_final': 'Letters', 'comando': 'O', 'confianza_grupo': 0.985166296506113, 'confianza_comando': 0.9722982414536043}
2026-09-30 10:28:53 [INFO]: {'ventana': 3, 'grupo_voto': 'Letters', 'grupo_final': 'Letters', 'comando': 'O', 'confianza_grupo': 0.9867154843063853, 'confianza_comando': 0.9822016437887896}
2026-09-30 10:28:53 [INFO]: {'ventana': 4, 'grupo_voto': 'Letters', 'grupo_final': 'Letters', 'comando': 'O', 'confianza_grupo': 0.9916321657780612, 'confianza_comando': 0.9658537531258945}
2026-09-30 10:28:53 [INFO]: Comando predicho O
2026-09-30 10:28:53 [INFO]: Grupo predicho Letters
2026-09-30 10:28:53 [INFO]: ----------------------------------------------------------------
2026-09-30 10:28:54 [INFO]: ------------------>cvs name D:/APP_BCI_PYQUE/captures/UserCMSM/Letters/UserCMSM_O_55.csv<----------------
2026-09-30 10:28:54 [INFO]: {'ventana': 1, 'grupo_voto': 'Letters', 'grupo_final': 'Letters', 'comando': 'O', 'confianza_grupo': 0.9570221440268052, 'confianza_comando': 0.9314282665123245}
2026-09-30 10:28:54 [INFO]: {'ventana': 2, 'grupo_voto': 'Letters', 'grupo_final': 'Letters', 'comando': 'O', 'confianza_grupo': 0.9598146159347922, 'confianza_comando': 0.9771511929995889}
2026-09-30 10:28:54 [INFO]: {'ventana': 3, 'grupo_voto': 'Letters', 'grupo_final': 'Letters', 'comando': 'O', 'confianza_grupo': 0.9719671576114731, 'confianza_comando': 0.97786151771873}
2026-09-30 10:28:54 [INFO]: {'ventana': 4, 'grupo_voto': 'Letters', 'grupo_final': 'Letters', 'comando': 'O', 'confianza_grupo': 0.8557111292373567, 'confianza_comando': 0.9545042055181809}
2026-09-30 10:28:54 [INFO]: Comando predicho O
2026-09-30 10:28:54 [INFO]: Grupo predicho Letters
2026-09-30 10:28:54 [INFO]: ----------------------------------------------------------------
2026-09-30 10:28:55 [INFO]: ------------------>cvs name D:/APP_BCI_PYQUE/captures/UserCMSM/Letters/UserCMSM_O_56.csv<----------------
2026-09-30 10:28:55 [INFO]: {'ventana': 1, 'grupo_voto': 'Numbers', 'grupo_final': 'Numbers', 'comando': '2', 'confianza_grupo': 0.710362774940367, 'confianza_comando': 0.7264235675496411}
2026-09-30 10:28:55 [INFO]: {'ventana': 2, 'grupo_voto': 'Numbers', 'grupo_final': 'Numbers', 'comando': '2', 'confianza_grupo': 0.6447986674859476, 'confianza_comando': 0.8236479678074943}
2026-09-30 10:28:55 [INFO]: {'ventana': 3, 'grupo_voto': 'Numbers', 'grupo_final': 'Numbers', 'comando': '2', 'confianza_grupo': 0.6730483025410885, 'confianza_comando': 0.8795798409722846}
2026-09-30 10:28:55 [INFO]: {'ventana': 4, 'grupo_voto': 'Numbers', 'grupo_final': 'Numbers', 'comando': '3', 'confianza_grupo': 0.5082292907374019, 'confianza_comando': 0.40287399426339626}
2026-09-30 10:28:55 [INFO]: Comando predicho 2
2026-09-30 10:28:55 [INFO]: Grupo predicho Numbers
2026-09-30 10:28:55 [INFO]: ----------------------------------------------------------------
2026-09-30 10:28:56 [INFO]: ------------------>cvs name D:/APP_BCI_PYQUE/captures/UserCMSM/Letters/UserCMSM_O_57.csv<----------------
2026-09-30 10:28:56 [INFO]: {'ventana': 1, 'grupo_voto': 'Letters', 'grupo_final': 'Letters', 'comando': 'O', 'confianza_grupo': 0.8306147385254229, 'confianza_comando': 0.4570198027457745}
2026-09-30 10:28:56 [INFO]: {'ventana': 2, 'grupo_voto': 'Letters', 'grupo_final': 'Letters', 'comando': 'O', 'confianza_grupo': 0.9189294884145806, 'confianza_comando': 0.5971880287611696}
2026-09-30 10:28:56 [INFO]: {'ventana': 3, 'grupo_voto': 'Letters', 'grupo_final': 'Letters', 'comando': 'O', 'confianza_grupo': 0.9206744273160655, 'confianza_comando': 0.9757737481404785}
2026-09-30 10:28:56 [INFO]: {'ventana': 4, 'grupo_voto': 'Letters', 'grupo_final': 'Letters', 'comando': 'O', 'confianza_grupo': 0.9264124870966004, 'confianza_comando': 0.6979146828182645}
2026-09-30 10:28:56 [INFO]: Comando predicho O
2026-09-30 10:28:56 [INFO]: Grupo predicho Letters
2026-09-30 10:28:56 [INFO]: ----------------------------------------------------------------
2026-09-30 10:28:57 [INFO]: ------------------>cvs name D:/APP_BCI_PYQUE/captures/UserCMSM/Letters/UserCMSM_O_58.csv<----------------
2026-09-30 10:28:57 [INFO]: {'ventana': 1, 'grupo_voto': 'Letters', 'grupo_final': 'Letters', 'comando': 'O', 'confianza_grupo': 0.9951130436041818, 'confianza_comando': 0.9904594757850337}
2026-09-30 10:28:57 [INFO]: {'ventana': 2, 'grupo_voto': 'Letters', 'grupo_final': 'Letters', 'comando': 'O', 'confianza_grupo': 0.9953493370885206, 'confianza_comando': 0.9917983939760978}
2026-09-30 10:28:57 [INFO]: {'ventana': 3, 'grupo_voto': 'Letters', 'grupo_final': 'Letters', 'comando': 'O', 'confianza_grupo': 0.9971755122686745, 'confianza_comando': 0.9701993701552487}
2026-09-30 10:28:57 [INFO]: {'ventana': 4, 'grupo_voto': 'Letters', 'grupo_final': 'Letters', 'comando': 'O', 'confianza_grupo': 0.9843458655716197, 'confianza_comando': 0.9756809804334899}
2026-09-30 10:28:57 [INFO]: Comando predicho O
2026-09-30 10:28:57 [INFO]: Grupo predicho Letters
2026-09-30 10:28:57 [INFO]: ----------------------------------------------------------------
2026-09-30 10:28:58 [INFO]: ------------------>cvs name D:/APP_BCI_PYQUE/captures/UserCMSM/Letters/UserCMSM_O_59.csv<----------------
2026-09-30 10:28:58 [INFO]: {'ventana': 1, 'grupo_voto': 'Letters', 'grupo_final': 'Letters', 'comando': 'O', 'confianza_grupo': 0.9633557684479177, 'confianza_comando': 0.9788877887034074}
2026-09-30 10:28:58 [INFO]: {'ventana': 2, 'grupo_voto': 'Letters', 'grupo_final': 'Letters', 'comando': 'O', 'confianza_grupo': 0.9136525522178199, 'confianza_comando': 0.9797149557842383}
2026-09-30 10:28:58 [INFO]: {'ventana': 3, 'grupo_voto': 'Letters', 'grupo_final': 'Letters', 'comando': 'O', 'confianza_grupo': 0.9496621806118691, 'confianza_comando': 0.9369432426976427}
2026-09-30 10:28:58 [INFO]: {'ventana': 4, 'grupo_voto': 'Letters', 'grupo_final': 'Letters', 'comando': 'O', 'confianza_grupo': 0.8712055320327555, 'confianza_comando': 0.9207258500792332}
2026-09-30 10:28:58 [INFO]: Comando predicho O
2026-09-30 10:28:58 [INFO]: Grupo predicho Letters
2026-09-30 10:28:58 [INFO]: ----------------------------------------------------------------
2026-09-30 10:28:58 [INFO]: Del Comando O Total Archivos 30
2026-09-30 10:28:58 [INFO]: Comando Reales Predichos, 23
2026-09-30 10:28:58 [INFO]: Grupo Real Predicho, 26
2026-09-30 10:28:58 [INFO]: =======================================================================================
2026-09-30 10:28:58 [INFO]: =======================================================================================
2026-09-30 10:28:58 [INFO]: ------------------>cvs name D:/APP_BCI_PYQUE/captures/UserCMSM/Letters/UserCMSM_U_30.csv<----------------
2026-09-30 10:28:58 [INFO]: {'ventana': 1, 'grupo_voto': 'Letters', 'grupo_final': 'Letters', 'comando': 'U', 'confianza_grupo': 0.9215010135082211, 'confianza_comando': 0.9471023599858256}
2026-09-30 10:28:58 [INFO]: {'ventana': 2, 'grupo_voto': 'Letters', 'grupo_final': 'Letters', 'comando': 'U', 'confianza_grupo': 0.9760968061593727, 'confianza_comando': 0.9005708269875321}
2026-09-30 10:28:58 [INFO]: {'ventana': 3, 'grupo_voto': 'Letters', 'grupo_final': 'Letters', 'comando': 'U', 'confianza_grupo': 0.9251292593731266, 'confianza_comando': 0.9645900066571876}
2026-09-30 10:28:58 [INFO]: {'ventana': 4, 'grupo_voto': 'Letters', 'grupo_final': 'Letters', 'comando': 'U', 'confianza_grupo': 0.9911843313171277, 'confianza_comando': 0.9280541660630173}
2026-09-30 10:28:58 [INFO]: Comando predicho U
2026-09-30 10:28:58 [INFO]: Grupo predicho Letters
2026-09-30 10:28:58 [INFO]: ----------------------------------------------------------------
2026-09-30 10:28:59 [INFO]: ------------------>cvs name D:/APP_BCI_PYQUE/captures/UserCMSM/Letters/UserCMSM_U_31.csv<----------------
2026-09-30 10:28:59 [INFO]: {'ventana': 1, 'grupo_voto': 'Letters', 'grupo_final': 'Letters', 'comando': 'U', 'confianza_grupo': 0.9883638468079492, 'confianza_comando': 0.9529312214413055}
2026-09-30 10:28:59 [INFO]: {'ventana': 2, 'grupo_voto': 'Letters', 'grupo_final': 'Letters', 'comando': 'U', 'confianza_grupo': 0.9906732772930923, 'confianza_comando': 0.8776634059461236}
2026-09-30 10:28:59 [INFO]: {'ventana': 3, 'grupo_voto': 'Letters', 'grupo_final': 'Letters', 'comando': 'O', 'confianza_grupo': 0.9908567256899595, 'confianza_comando': 0.32939783948665946}
2026-09-30 10:28:59 [INFO]: {'ventana': 4, 'grupo_voto': 'Letters', 'grupo_final': 'Letters', 'comando': 'A', 'confianza_grupo': 0.9925309593885961, 'confianza_comando': 0.19021543814389427}
2026-09-30 10:28:59 [INFO]: Comando predicho U
2026-09-30 10:28:59 [INFO]: Grupo predicho Letters
2026-09-30 10:28:59 [INFO]: ----------------------------------------------------------------
2026-09-30 10:29:00 [INFO]: ------------------>cvs name D:/APP_BCI_PYQUE/captures/UserCMSM/Letters/UserCMSM_U_32.csv<----------------
2026-09-30 10:29:00 [INFO]: {'ventana': 1, 'grupo_voto': 'Letters', 'grupo_final': 'Letters', 'comando': 'U', 'confianza_grupo': 0.979900848711299, 'confianza_comando': 0.7776944570464986}
2026-09-30 10:29:00 [INFO]: {'ventana': 2, 'grupo_voto': 'Letters', 'grupo_final': 'Letters', 'comando': 'U', 'confianza_grupo': 0.9893967488152137, 'confianza_comando': 0.8095276360588964}
2026-09-30 10:29:00 [INFO]: {'ventana': 3, 'grupo_voto': 'Letters', 'grupo_final': 'Letters', 'comando': 'U', 'confianza_grupo': 0.9951000776307908, 'confianza_comando': 0.9695160863319656}
2026-09-30 10:29:00 [INFO]: {'ventana': 4, 'grupo_voto': 'Letters', 'grupo_final': 'Letters', 'comando': 'U', 'confianza_grupo': 0.9906612894461847, 'confianza_comando': 0.9384996961096082}
2026-09-30 10:29:00 [INFO]: Comando predicho U
2026-09-30 10:29:00 [INFO]: Grupo predicho Letters
2026-09-30 10:29:00 [INFO]: ----------------------------------------------------------------
2026-09-30 10:29:00 [INFO]: ------------------>cvs name D:/APP_BCI_PYQUE/captures/UserCMSM/Letters/UserCMSM_U_33.csv<----------------
2026-09-30 10:29:00 [INFO]: {'ventana': 1, 'grupo_voto': 'Letters', 'grupo_final': 'Letters', 'comando': 'U', 'confianza_grupo': 0.9985272316957177, 'confianza_comando': 0.9774238210507544}
2026-09-30 10:29:00 [INFO]: {'ventana': 2, 'grupo_voto': 'Letters', 'grupo_final': 'Letters', 'comando': 'U', 'confianza_grupo': 0.99653857861143, 'confianza_comando': 0.8479013342524445}
2026-09-30 10:29:00 [INFO]: {'ventana': 3, 'grupo_voto': 'Letters', 'grupo_final': 'Letters', 'comando': 'U', 'confianza_grupo': 0.9970128772742258, 'confianza_comando': 0.965654272986447}
2026-09-30 10:29:00 [INFO]: {'ventana': 4, 'grupo_voto': 'Letters', 'grupo_final': 'Letters', 'comando': 'U', 'confianza_grupo': 0.9654738339705055, 'confianza_comando': 0.9586263302885951}
2026-09-30 10:29:00 [INFO]: Comando predicho U
2026-09-30 10:29:00 [INFO]: Grupo predicho Letters
2026-09-30 10:29:00 [INFO]: ----------------------------------------------------------------
2026-09-30 10:29:01 [INFO]: ------------------>cvs name D:/APP_BCI_PYQUE/captures/UserCMSM/Letters/UserCMSM_U_34.csv<----------------
2026-09-30 10:29:01 [INFO]: {'ventana': 1, 'grupo_voto': 'Letters', 'grupo_final': 'Letters', 'comando': 'U', 'confianza_grupo': 0.9944074936591166, 'confianza_comando': 0.9560679297707125}
2026-09-30 10:29:01 [INFO]: {'ventana': 2, 'grupo_voto': 'Letters', 'grupo_final': 'Letters', 'comando': 'U', 'confianza_grupo': 0.9702908648569344, 'confianza_comando': 0.96823587909776}
2026-09-30 10:29:01 [INFO]: {'ventana': 3, 'grupo_voto': 'Letters', 'grupo_final': 'Letters', 'comando': 'U', 'confianza_grupo': 0.9921072611721456, 'confianza_comando': 0.9648698266892652}
2026-09-30 10:29:01 [INFO]: {'ventana': 4, 'grupo_voto': 'Letters', 'grupo_final': 'Letters', 'comando': 'U', 'confianza_grupo': 0.9902978992685546, 'confianza_comando': 0.8225192783088843}
2026-09-30 10:29:01 [INFO]: Comando predicho U
2026-09-30 10:29:01 [INFO]: Grupo predicho Letters
2026-09-30 10:29:01 [INFO]: ----------------------------------------------------------------
2026-09-30 10:29:02 [INFO]: ------------------>cvs name D:/APP_BCI_PYQUE/captures/UserCMSM/Letters/UserCMSM_U_35.csv<----------------
2026-09-30 10:29:02 [INFO]: {'ventana': 1, 'grupo_voto': 'Letters', 'grupo_final': 'Letters', 'comando': 'U', 'confianza_grupo': 0.9981917422060574, 'confianza_comando': 0.8641732033582491}
2026-09-30 10:29:02 [INFO]: {'ventana': 2, 'grupo_voto': 'Letters', 'grupo_final': 'Letters', 'comando': 'U', 'confianza_grupo': 0.9977583087292252, 'confianza_comando': 0.910439672098033}
2026-09-30 10:29:02 [INFO]: {'ventana': 3, 'grupo_voto': 'Letters', 'grupo_final': 'Letters', 'comando': 'U', 'confianza_grupo': 0.9980199153537075, 'confianza_comando': 0.9590650673925362}
2026-09-30 10:29:02 [INFO]: {'ventana': 4, 'grupo_voto': 'Letters', 'grupo_final': 'Letters', 'comando': 'U', 'confianza_grupo': 0.9992987786468376, 'confianza_comando': 0.9145098955963499}
2026-09-30 10:29:02 [INFO]: Comando predicho U
2026-09-30 10:29:02 [INFO]: Grupo predicho Letters
2026-09-30 10:29:02 [INFO]: ----------------------------------------------------------------
2026-09-30 10:29:02 [INFO]: ------------------>cvs name D:/APP_BCI_PYQUE/captures/UserCMSM/Letters/UserCMSM_U_36.csv<----------------
2026-09-30 10:29:02 [INFO]: {'ventana': 1, 'grupo_voto': 'Letters', 'grupo_final': 'Letters', 'comando': 'U', 'confianza_grupo': 0.9716415354720148, 'confianza_comando': 0.8659720672466639}
2026-09-30 10:29:02 [INFO]: {'ventana': 2, 'grupo_voto': 'Letters', 'grupo_final': 'Letters', 'comando': 'U', 'confianza_grupo': 0.9835516434044165, 'confianza_comando': 0.9171201007734363}
2026-09-30 10:29:02 [INFO]: {'ventana': 3, 'grupo_voto': 'Letters', 'grupo_final': 'Letters', 'comando': 'U', 'confianza_grupo': 0.9626882996294142, 'confianza_comando': 0.9583711128501716}
2026-09-30 10:29:02 [INFO]: {'ventana': 4, 'grupo_voto': 'Letters', 'grupo_final': 'Letters', 'comando': 'U', 'confianza_grupo': 0.945905202746051, 'confianza_comando': 0.8354598919840986}
2026-09-30 10:29:02 [INFO]: Comando predicho U
2026-09-30 10:29:02 [INFO]: Grupo predicho Letters
2026-09-30 10:29:02 [INFO]: ----------------------------------------------------------------
2026-09-30 10:29:03 [INFO]: ------------------>cvs name D:/APP_BCI_PYQUE/captures/UserCMSM/Letters/UserCMSM_U_37.csv<----------------
2026-09-30 10:29:03 [INFO]: {'ventana': 1, 'grupo_voto': 'Letters', 'grupo_final': 'Letters', 'comando': 'U', 'confianza_grupo': 0.9965730514817479, 'confianza_comando': 0.9193802400516828}
2026-09-30 10:29:03 [INFO]: {'ventana': 2, 'grupo_voto': 'Letters', 'grupo_final': 'Letters', 'comando': 'U', 'confianza_grupo': 0.99604012725162, 'confianza_comando': 0.9399112827257039}
2026-09-30 10:29:03 [INFO]: {'ventana': 3, 'grupo_voto': 'Letters', 'grupo_final': 'Letters', 'comando': 'U', 'confianza_grupo': 0.9950615873221839, 'confianza_comando': 0.9389107927010214}
2026-09-30 10:29:03 [INFO]: {'ventana': 4, 'grupo_voto': 'Letters', 'grupo_final': 'Letters', 'comando': 'U', 'confianza_grupo': 0.9963050752694402, 'confianza_comando': 0.9570139617367708}
2026-09-30 10:29:03 [INFO]: Comando predicho U
2026-09-30 10:29:03 [INFO]: Grupo predicho Letters
2026-09-30 10:29:03 [INFO]: ----------------------------------------------------------------
2026-09-30 10:29:03 [INFO]: ------------------>cvs name D:/APP_BCI_PYQUE/captures/UserCMSM/Letters/UserCMSM_U_38.csv<----------------
2026-09-30 10:29:03 [INFO]: {'ventana': 1, 'grupo_voto': 'Numbers', 'grupo_final': 'Numbers', 'comando': '8', 'confianza_grupo': 0.7317603645180702, 'confianza_comando': 0.3215382617574362}
2026-09-30 10:29:03 [INFO]: {'ventana': 2, 'grupo_voto': 'Numbers', 'grupo_final': 'Numbers', 'comando': '2', 'confianza_grupo': 0.8850052598589241, 'confianza_comando': 0.37035708414659413}
2026-09-30 10:29:03 [INFO]: {'ventana': 3, 'grupo_voto': 'Letters', 'grupo_final': 'Numbers', 'comando': '2', 'confianza_grupo': 0.5039756599828694, 'confianza_comando': 0.393160229811717}
2026-09-30 10:29:03 [INFO]: {'ventana': 4, 'grupo_voto': 'Letters', 'grupo_final': 'Numbers', 'comando': '2', 'confianza_grupo': 0.6030883350021858, 'confianza_comando': 0.5739656604058456}
2026-09-30 10:29:03 [INFO]: Comando predicho 2
2026-09-30 10:29:03 [INFO]: Grupo predicho Numbers
2026-09-30 10:29:03 [INFO]: ----------------------------------------------------------------
2026-09-30 10:29:04 [INFO]: ------------------>cvs name D:/APP_BCI_PYQUE/captures/UserCMSM/Letters/UserCMSM_U_39.csv<----------------
2026-09-30 10:29:04 [INFO]: {'ventana': 1, 'grupo_voto': 'Letters', 'grupo_final': 'Letters', 'comando': 'L', 'confianza_grupo': 0.985563147668503, 'confianza_comando': 0.3625012301712175}
2026-09-30 10:29:04 [INFO]: {'ventana': 2, 'grupo_voto': 'Letters', 'grupo_final': 'Letters', 'comando': 'S', 'confianza_grupo': 0.9876671220261205, 'confianza_comando': 0.4346012198266371}
2026-09-30 10:29:04 [INFO]: {'ventana': 3, 'grupo_voto': 'Letters', 'grupo_final': 'Letters', 'comando': 'U', 'confianza_grupo': 0.9932643368534251, 'confianza_comando': 0.9147585594998568}
2026-09-30 10:29:04 [INFO]: {'ventana': 4, 'grupo_voto': 'Letters', 'grupo_final': 'Letters', 'comando': 'U', 'confianza_grupo': 0.9982448886816091, 'confianza_comando': 0.9831244395067347}
2026-09-30 10:29:04 [INFO]: Comando predicho U
2026-09-30 10:29:04 [INFO]: Grupo predicho Letters
2026-09-30 10:29:04 [INFO]: ----------------------------------------------------------------
2026-09-30 10:29:04 [INFO]: ------------------>cvs name D:/APP_BCI_PYQUE/captures/UserCMSM/Letters/UserCMSM_U_40.csv<----------------
2026-09-30 10:29:04 [INFO]: {'ventana': 1, 'grupo_voto': 'Letters', 'grupo_final': 'Letters', 'comando': 'I', 'confianza_grupo': 0.9958987814288873, 'confianza_comando': 0.7728743136354324}
2026-09-30 10:29:04 [INFO]: {'ventana': 2, 'grupo_voto': 'Letters', 'grupo_final': 'Letters', 'comando': 'U', 'confianza_grupo': 0.9976593000403924, 'confianza_comando': 0.6384023953331838}
2026-09-30 10:29:04 [INFO]: {'ventana': 3, 'grupo_voto': 'Letters', 'grupo_final': 'Letters', 'comando': 'U', 'confianza_grupo': 0.9955838491307487, 'confianza_comando': 0.7826348639944668}
2026-09-30 10:29:04 [INFO]: {'ventana': 4, 'grupo_voto': 'Letters', 'grupo_final': 'Letters', 'comando': 'U', 'confianza_grupo': 0.9957464763505176, 'confianza_comando': 0.8758565213648846}
2026-09-30 10:29:04 [INFO]: Comando predicho U
2026-09-30 10:29:04 [INFO]: Grupo predicho Letters
2026-09-30 10:29:04 [INFO]: ----------------------------------------------------------------
2026-09-30 10:29:05 [INFO]: ------------------>cvs name D:/APP_BCI_PYQUE/captures/UserCMSM/Letters/UserCMSM_U_41.csv<----------------
2026-09-30 10:29:05 [INFO]: {'ventana': 1, 'grupo_voto': 'Letters', 'grupo_final': 'Letters', 'comando': 'U', 'confianza_grupo': 0.750202262619459, 'confianza_comando': 0.463520633072743}
2026-09-30 10:29:05 [INFO]: {'ventana': 2, 'grupo_voto': 'Letters', 'grupo_final': 'Letters', 'comando': 'U', 'confianza_grupo': 0.6751810620180542, 'confianza_comando': 0.8168328886324188}
2026-09-30 10:29:05 [INFO]: {'ventana': 3, 'grupo_voto': 'Letters', 'grupo_final': 'Letters', 'comando': 'U', 'confianza_grupo': 0.8509126608775761, 'confianza_comando': 0.9541592544643789}
2026-09-30 10:29:05 [INFO]: {'ventana': 4, 'grupo_voto': 'Letters', 'grupo_final': 'Letters', 'comando': 'U', 'confianza_grupo': 0.8767257615193994, 'confianza_comando': 0.8799048242463551}
2026-09-30 10:29:05 [INFO]: Comando predicho U
2026-09-30 10:29:05 [INFO]: Grupo predicho Letters
2026-09-30 10:29:05 [INFO]: ----------------------------------------------------------------
2026-09-30 10:29:06 [INFO]: ------------------>cvs name D:/APP_BCI_PYQUE/captures/UserCMSM/Letters/UserCMSM_U_42.csv<----------------
2026-09-30 10:29:06 [INFO]: {'ventana': 1, 'grupo_voto': 'Letters', 'grupo_final': 'Letters', 'comando': 'U', 'confianza_grupo': 0.9184667846938769, 'confianza_comando': 0.9365360992504091}
2026-09-30 10:29:06 [INFO]: {'ventana': 2, 'grupo_voto': 'Letters', 'grupo_final': 'Letters', 'comando': 'U', 'confianza_grupo': 0.9488765709806155, 'confianza_comando': 0.9671933902558597}
2026-09-30 10:29:06 [INFO]: {'ventana': 3, 'grupo_voto': 'Letters', 'grupo_final': 'Letters', 'comando': 'U', 'confianza_grupo': 0.9672246680881235, 'confianza_comando': 0.9059678262160894}
2026-09-30 10:29:06 [INFO]: {'ventana': 4, 'grupo_voto': 'Letters', 'grupo_final': 'Letters', 'comando': 'U', 'confianza_grupo': 0.9530705624206262, 'confianza_comando': 0.9434815264667049}
2026-09-30 10:29:06 [INFO]: Comando predicho U
2026-09-30 10:29:06 [INFO]: Grupo predicho Letters
2026-09-30 10:29:06 [INFO]: ----------------------------------------------------------------
2026-09-30 10:29:06 [INFO]: ------------------>cvs name D:/APP_BCI_PYQUE/captures/UserCMSM/Letters/UserCMSM_U_43.csv<----------------
2026-09-30 10:29:06 [INFO]: {'ventana': 1, 'grupo_voto': 'Letters', 'grupo_final': 'Letters', 'comando': 'U', 'confianza_grupo': 0.9760614692359956, 'confianza_comando': 0.9648899920028432}
2026-09-30 10:29:06 [INFO]: {'ventana': 2, 'grupo_voto': 'Letters', 'grupo_final': 'Letters', 'comando': 'U', 'confianza_grupo': 0.8729500506829055, 'confianza_comando': 0.8178591343473143}
2026-09-30 10:29:06 [INFO]: {'ventana': 3, 'grupo_voto': 'Letters', 'grupo_final': 'Letters', 'comando': 'U', 'confianza_grupo': 0.8945272310172461, 'confianza_comando': 0.9434429769449941}
2026-09-30 10:29:06 [INFO]: {'ventana': 4, 'grupo_voto': 'Letters', 'grupo_final': 'Letters', 'comando': 'U', 'confianza_grupo': 0.9746868233858641, 'confianza_comando': 0.9455090790950894}
2026-09-30 10:29:06 [INFO]: Comando predicho U
2026-09-30 10:29:06 [INFO]: Grupo predicho Letters
2026-09-30 10:29:06 [INFO]: ----------------------------------------------------------------
2026-09-30 10:29:07 [INFO]: ------------------>cvs name D:/APP_BCI_PYQUE/captures/UserCMSM/Letters/UserCMSM_U_44.csv<----------------
2026-09-30 10:29:07 [INFO]: {'ventana': 1, 'grupo_voto': 'Letters', 'grupo_final': 'Letters', 'comando': 'U', 'confianza_grupo': 0.7845851050390172, 'confianza_comando': 0.9409105561203273}
2026-09-30 10:29:07 [INFO]: {'ventana': 2, 'grupo_voto': 'Letters', 'grupo_final': 'Letters', 'comando': 'U', 'confianza_grupo': 0.8911718144325194, 'confianza_comando': 0.9776311489779606}
2026-09-30 10:29:07 [INFO]: {'ventana': 3, 'grupo_voto': 'Letters', 'grupo_final': 'Letters', 'comando': 'U', 'confianza_grupo': 0.9749421508638461, 'confianza_comando': 0.960457779661053}
2026-09-30 10:29:07 [INFO]: {'ventana': 4, 'grupo_voto': 'Letters', 'grupo_final': 'Letters', 'comando': 'U', 'confianza_grupo': 0.957152846227517, 'confianza_comando': 0.8915904771014854}
2026-09-30 10:29:07 [INFO]: Comando predicho U
2026-09-30 10:29:07 [INFO]: Grupo predicho Letters
2026-09-30 10:29:07 [INFO]: ----------------------------------------------------------------
2026-09-30 10:29:08 [INFO]: ------------------>cvs name D:/APP_BCI_PYQUE/captures/UserCMSM/Letters/UserCMSM_U_45.csv<----------------
2026-09-30 10:29:08 [INFO]: {'ventana': 1, 'grupo_voto': 'Numbers', 'grupo_final': 'Numbers', 'comando': '0', 'confianza_grupo': 0.9975642800015149, 'confianza_comando': 0.877802050944633}
2026-09-30 10:29:08 [INFO]: {'ventana': 2, 'grupo_voto': 'Numbers', 'grupo_final': 'Numbers', 'comando': '0', 'confianza_grupo': 0.9982165805743383, 'confianza_comando': 0.8825678012626156}
2026-09-30 10:29:08 [INFO]: {'ventana': 3, 'grupo_voto': 'Numbers', 'grupo_final': 'Numbers', 'comando': '0', 'confianza_grupo': 0.997581525497048, 'confianza_comando': 0.3422380408731596}
2026-09-30 10:29:08 [INFO]: {'ventana': 4, 'grupo_voto': 'Numbers', 'grupo_final': 'Numbers', 'comando': '0', 'confianza_grupo': 0.991019349539827, 'confianza_comando': 0.22125594234726342}
2026-09-30 10:29:08 [INFO]: Comando predicho 0
2026-09-30 10:29:08 [INFO]: Grupo predicho Numbers
2026-09-30 10:29:08 [INFO]: ----------------------------------------------------------------
2026-09-30 10:29:08 [INFO]: ------------------>cvs name D:/APP_BCI_PYQUE/captures/UserCMSM/Letters/UserCMSM_U_46.csv<----------------
2026-09-30 10:29:08 [INFO]: {'ventana': 1, 'grupo_voto': 'Letters', 'grupo_final': 'Letters', 'comando': 'U', 'confianza_grupo': 0.9612740496516975, 'confianza_comando': 0.9474988938084102}
2026-09-30 10:29:08 [INFO]: {'ventana': 2, 'grupo_voto': 'Letters', 'grupo_final': 'Letters', 'comando': 'U', 'confianza_grupo': 0.9161411585674396, 'confianza_comando': 0.9550796422075928}
2026-09-30 10:29:08 [INFO]: {'ventana': 3, 'grupo_voto': 'Letters', 'grupo_final': 'Letters', 'comando': 'U', 'confianza_grupo': 0.9695889040511733, 'confianza_comando': 0.9612093202084568}
2026-09-30 10:29:08 [INFO]: {'ventana': 4, 'grupo_voto': 'Letters', 'grupo_final': 'Letters', 'comando': 'U', 'confianza_grupo': 0.9069173282688929, 'confianza_comando': 0.9345159186852153}
2026-09-30 10:29:08 [INFO]: Comando predicho U
2026-09-30 10:29:08 [INFO]: Grupo predicho Letters
2026-09-30 10:29:08 [INFO]: ----------------------------------------------------------------
2026-09-30 10:29:09 [INFO]: ------------------>cvs name D:/APP_BCI_PYQUE/captures/UserCMSM/Letters/UserCMSM_U_47.csv<----------------
2026-09-30 10:29:09 [INFO]: {'ventana': 1, 'grupo_voto': 'Letters', 'grupo_final': 'Letters', 'comando': 'U', 'confianza_grupo': 0.9695348718588122, 'confianza_comando': 0.9537572775171159}
2026-09-30 10:29:09 [INFO]: {'ventana': 2, 'grupo_voto': 'Letters', 'grupo_final': 'Letters', 'comando': 'D', 'confianza_grupo': 0.980440869361135, 'confianza_comando': 0.45534531393737315}
2026-09-30 10:29:09 [INFO]: {'ventana': 3, 'grupo_voto': 'Letters', 'grupo_final': 'Letters', 'comando': 'U', 'confianza_grupo': 0.9919125774575285, 'confianza_comando': 0.9331358734723227}
2026-09-30 10:29:09 [INFO]: {'ventana': 4, 'grupo_voto': 'Letters', 'grupo_final': 'Letters', 'comando': 'U', 'confianza_grupo': 0.9774837923948863, 'confianza_comando': 0.5664795960293694}
2026-09-30 10:29:09 [INFO]: Comando predicho U
2026-09-30 10:29:09 [INFO]: Grupo predicho Letters
2026-09-30 10:29:09 [INFO]: ----------------------------------------------------------------
2026-09-30 10:29:09 [INFO]: ------------------>cvs name D:/APP_BCI_PYQUE/captures/UserCMSM/Letters/UserCMSM_U_48.csv<----------------
2026-09-30 10:29:09 [INFO]: {'ventana': 1, 'grupo_voto': 'Letters', 'grupo_final': 'Letters', 'comando': 'U', 'confianza_grupo': 0.9874042680617707, 'confianza_comando': 0.9668600698153434}
2026-09-30 10:29:09 [INFO]: {'ventana': 2, 'grupo_voto': 'Letters', 'grupo_final': 'Letters', 'comando': 'U', 'confianza_grupo': 0.9755138995694032, 'confianza_comando': 0.9739227362637325}
2026-09-30 10:29:09 [INFO]: {'ventana': 3, 'grupo_voto': 'Letters', 'grupo_final': 'Letters', 'comando': 'U', 'confianza_grupo': 0.9519963081326659, 'confianza_comando': 0.9858537732271399}
2026-09-30 10:29:09 [INFO]: {'ventana': 4, 'grupo_voto': 'Letters', 'grupo_final': 'Letters', 'comando': 'U', 'confianza_grupo': 0.9467540702288484, 'confianza_comando': 0.9790327069677982}
2026-09-30 10:29:09 [INFO]: Comando predicho U
2026-09-30 10:29:09 [INFO]: Grupo predicho Letters
2026-09-30 10:29:09 [INFO]: ----------------------------------------------------------------
2026-09-30 10:29:10 [INFO]: ------------------>cvs name D:/APP_BCI_PYQUE/captures/UserCMSM/Letters/UserCMSM_U_49.csv<----------------
2026-09-30 10:29:10 [INFO]: {'ventana': 1, 'grupo_voto': 'Letters', 'grupo_final': 'Letters', 'comando': 'U', 'confianza_grupo': 0.9785492549368704, 'confianza_comando': 0.8383741545342099}
2026-09-30 10:29:10 [INFO]: {'ventana': 2, 'grupo_voto': 'Letters', 'grupo_final': 'Letters', 'comando': 'U', 'confianza_grupo': 0.987345457931599, 'confianza_comando': 0.9699884447427073}
2026-09-30 10:29:10 [INFO]: {'ventana': 3, 'grupo_voto': 'Letters', 'grupo_final': 'Letters', 'comando': 'U', 'confianza_grupo': 0.9891160965732074, 'confianza_comando': 0.9658034025629644}
2026-09-30 10:29:10 [INFO]: {'ventana': 4, 'grupo_voto': 'Letters', 'grupo_final': 'Letters', 'comando': 'U', 'confianza_grupo': 0.9834358426001991, 'confianza_comando': 0.9500942917434099}
2026-09-30 10:29:10 [INFO]: Comando predicho U
2026-09-30 10:29:10 [INFO]: Grupo predicho Letters
2026-09-30 10:29:10 [INFO]: ----------------------------------------------------------------
2026-09-30 10:29:10 [INFO]: ------------------>cvs name D:/APP_BCI_PYQUE/captures/UserCMSM/Letters/UserCMSM_U_50.csv<----------------
2026-09-30 10:29:10 [INFO]: {'ventana': 1, 'grupo_voto': 'Letters', 'grupo_final': 'Letters', 'comando': 'U', 'confianza_grupo': 0.7719665067837487, 'confianza_comando': 0.9047990987918216}
2026-09-30 10:29:10 [INFO]: {'ventana': 2, 'grupo_voto': 'Letters', 'grupo_final': 'Letters', 'comando': 'U', 'confianza_grupo': 0.7544288566887565, 'confianza_comando': 0.9597095265434377}
2026-09-30 10:29:10 [INFO]: {'ventana': 3, 'grupo_voto': 'Letters', 'grupo_final': 'Letters', 'comando': 'U', 'confianza_grupo': 0.9365018065491202, 'confianza_comando': 0.9032033494093302}
2026-09-30 10:29:10 [INFO]: {'ventana': 4, 'grupo_voto': 'Letters', 'grupo_final': 'Letters', 'comando': 'U', 'confianza_grupo': 0.9096557676843766, 'confianza_comando': 0.8133174086149773}
2026-09-30 10:29:10 [INFO]: Comando predicho U
2026-09-30 10:29:10 [INFO]: Grupo predicho Letters
2026-09-30 10:29:10 [INFO]: ----------------------------------------------------------------
2026-09-30 10:29:11 [INFO]: ------------------>cvs name D:/APP_BCI_PYQUE/captures/UserCMSM/Letters/UserCMSM_U_51.csv<----------------
2026-09-30 10:29:11 [INFO]: {'ventana': 1, 'grupo_voto': 'Letters', 'grupo_final': 'Letters', 'comando': 'U', 'confianza_grupo': 0.9869341648497949, 'confianza_comando': 0.8310734353157849}
2026-09-30 10:29:11 [INFO]: {'ventana': 2, 'grupo_voto': 'Letters', 'grupo_final': 'Letters', 'comando': 'U', 'confianza_grupo': 0.9946625007853407, 'confianza_comando': 0.9656737675933893}
2026-09-30 10:29:11 [INFO]: {'ventana': 3, 'grupo_voto': 'Letters', 'grupo_final': 'Letters', 'comando': 'U', 'confianza_grupo': 0.9976095085928561, 'confianza_comando': 0.9380874806046993}
2026-09-30 10:29:11 [INFO]: {'ventana': 4, 'grupo_voto': 'Letters', 'grupo_final': 'Letters', 'comando': 'U', 'confianza_grupo': 0.9952670694682297, 'confianza_comando': 0.31596059651674674}
2026-09-30 10:29:11 [INFO]: Comando predicho U
2026-09-30 10:29:11 [INFO]: Grupo predicho Letters
2026-09-30 10:29:11 [INFO]: ----------------------------------------------------------------
2026-09-30 10:29:11 [INFO]: ------------------>cvs name D:/APP_BCI_PYQUE/captures/UserCMSM/Letters/UserCMSM_U_52.csv<----------------
2026-09-30 10:29:11 [INFO]: {'ventana': 1, 'grupo_voto': 'Letters', 'grupo_final': 'Letters', 'comando': 'U', 'confianza_grupo': 0.9714333120038138, 'confianza_comando': 0.7884816709810432}
2026-09-30 10:29:11 [INFO]: {'ventana': 2, 'grupo_voto': 'Letters', 'grupo_final': 'Letters', 'comando': 'M', 'confianza_grupo': 0.968566885562621, 'confianza_comando': 0.2541349553407614}
2026-09-30 10:29:11 [INFO]: {'ventana': 3, 'grupo_voto': 'Letters', 'grupo_final': 'Letters', 'comando': 'U', 'confianza_grupo': 0.9814746602688095, 'confianza_comando': 0.9073349040454359}
2026-09-30 10:29:11 [INFO]: {'ventana': 4, 'grupo_voto': 'Letters', 'grupo_final': 'Letters', 'comando': 'U', 'confianza_grupo': 0.978849383831259, 'confianza_comando': 0.9186941412256868}
2026-09-30 10:29:11 [INFO]: Comando predicho U
2026-09-30 10:29:11 [INFO]: Grupo predicho Letters
2026-09-30 10:29:11 [INFO]: ----------------------------------------------------------------
2026-09-30 10:29:12 [INFO]: ------------------>cvs name D:/APP_BCI_PYQUE/captures/UserCMSM/Letters/UserCMSM_U_53.csv<----------------
2026-09-30 10:29:12 [INFO]: {'ventana': 1, 'grupo_voto': 'Letters', 'grupo_final': 'Letters', 'comando': 'U', 'confianza_grupo': 0.9127227808179231, 'confianza_comando': 0.9249772579782706}
2026-09-30 10:29:12 [INFO]: {'ventana': 2, 'grupo_voto': 'Letters', 'grupo_final': 'Letters', 'comando': 'U', 'confianza_grupo': 0.9815805744225247, 'confianza_comando': 0.9634642114538694}
2026-09-30 10:29:12 [INFO]: {'ventana': 3, 'grupo_voto': 'Letters', 'grupo_final': 'Letters', 'comando': 'U', 'confianza_grupo': 0.9600935904157821, 'confianza_comando': 0.9369744741263301}
2026-09-30 10:29:12 [INFO]: {'ventana': 4, 'grupo_voto': 'Letters', 'grupo_final': 'Letters', 'comando': 'U', 'confianza_grupo': 0.932286831598638, 'confianza_comando': 0.9426825212773812}
2026-09-30 10:29:12 [INFO]: Comando predicho U
2026-09-30 10:29:12 [INFO]: Grupo predicho Letters
2026-09-30 10:29:12 [INFO]: ----------------------------------------------------------------
2026-09-30 10:29:12 [INFO]: ------------------>cvs name D:/APP_BCI_PYQUE/captures/UserCMSM/Letters/UserCMSM_U_54.csv<----------------
2026-09-30 10:29:12 [INFO]: {'ventana': 1, 'grupo_voto': 'Letters', 'grupo_final': 'Letters', 'comando': 'A', 'confianza_grupo': 0.7743897584694056, 'confianza_comando': 0.47100863169449136}
2026-09-30 10:29:12 [INFO]: {'ventana': 2, 'grupo_voto': 'Letters', 'grupo_final': 'Letters', 'comando': 'U', 'confianza_grupo': 0.5937451775258663, 'confianza_comando': 0.4976351926010335}
2026-09-30 10:29:12 [INFO]: {'ventana': 3, 'grupo_voto': 'Numbers', 'grupo_final': 'Letters', 'comando': 'U', 'confianza_grupo': 0.655980872116797, 'confianza_comando': 0.4528098585550215}
2026-09-30 10:29:12 [INFO]: {'ventana': 4, 'grupo_voto': 'Letters', 'grupo_final': 'Letters', 'comando': 'U', 'confianza_grupo': 0.6897193157423991, 'confianza_comando': 0.29395239071545726}
2026-09-30 10:29:12 [INFO]: Comando predicho U
2026-09-30 10:29:12 [INFO]: Grupo predicho Letters
2026-09-30 10:29:12 [INFO]: ----------------------------------------------------------------
2026-09-30 10:29:13 [INFO]: ------------------>cvs name D:/APP_BCI_PYQUE/captures/UserCMSM/Letters/UserCMSM_U_55.csv<----------------
2026-09-30 10:29:13 [INFO]: {'ventana': 1, 'grupo_voto': 'Numbers', 'grupo_final': 'Letters', 'comando': 'I', 'confianza_grupo': 0.7313705320193652, 'confianza_comando': 0.3329027257759378}
2026-09-30 10:29:13 [INFO]: {'ventana': 2, 'grupo_voto': 'Letters', 'grupo_final': 'Letters', 'comando': 'O', 'confianza_grupo': 0.71420204391344, 'confianza_comando': 0.4124664842653424}
2026-09-30 10:29:13 [INFO]: {'ventana': 3, 'grupo_voto': 'Letters', 'grupo_final': 'Letters', 'comando': 'O', 'confianza_grupo': 0.6320515428188912, 'confianza_comando': 0.5313491306906771}
2026-09-30 10:29:13 [INFO]: {'ventana': 4, 'grupo_voto': 'Letters', 'grupo_final': 'Letters', 'comando': 'O', 'confianza_grupo': 0.6187298970672304, 'confianza_comando': 0.5651157715704389}
2026-09-30 10:29:13 [INFO]: Comando predicho O
2026-09-30 10:29:13 [INFO]: Grupo predicho Letters
2026-09-30 10:29:13 [INFO]: ----------------------------------------------------------------
2026-09-30 10:29:14 [INFO]: ------------------>cvs name D:/APP_BCI_PYQUE/captures/UserCMSM/Letters/UserCMSM_U_56.csv<----------------
2026-09-30 10:29:14 [INFO]: {'ventana': 1, 'grupo_voto': 'Letters', 'grupo_final': 'Letters', 'comando': 'R', 'confianza_grupo': 0.9255312151040059, 'confianza_comando': 0.731526827242537}
2026-09-30 10:29:14 [INFO]: {'ventana': 2, 'grupo_voto': 'Letters', 'grupo_final': 'Letters', 'comando': 'O', 'confianza_grupo': 0.9981834549611869, 'confianza_comando': 0.29836456365420355}
2026-09-30 10:29:14 [INFO]: {'ventana': 3, 'grupo_voto': 'Letters', 'grupo_final': 'Letters', 'comando': 'L', 'confianza_grupo': 0.9829079245418307, 'confianza_comando': 0.2246789495970083}
2026-09-30 10:29:14 [INFO]: {'ventana': 4, 'grupo_voto': 'Letters', 'grupo_final': 'Letters', 'comando': 'O', 'confianza_grupo': 0.9794371948764644, 'confianza_comando': 0.9216153068822968}
2026-09-30 10:29:14 [INFO]: Comando predicho O
2026-09-30 10:29:14 [INFO]: Grupo predicho Letters
2026-09-30 10:29:14 [INFO]: ----------------------------------------------------------------
2026-09-30 10:29:14 [INFO]: ------------------>cvs name D:/APP_BCI_PYQUE/captures/UserCMSM/Letters/UserCMSM_U_57.csv<----------------
2026-09-30 10:29:14 [INFO]: {'ventana': 1, 'grupo_voto': 'Numbers', 'grupo_final': 'Letters', 'comando': 'U', 'confianza_grupo': 0.5425759776449128, 'confianza_comando': 0.9434070071671021}
2026-09-30 10:29:14 [INFO]: {'ventana': 2, 'grupo_voto': 'Numbers', 'grupo_final': 'Letters', 'comando': 'U', 'confianza_grupo': 0.5778616549178222, 'confianza_comando': 0.9667841671626656}
2026-09-30 10:29:14 [INFO]: {'ventana': 3, 'grupo_voto': 'Letters', 'grupo_final': 'Letters', 'comando': 'U', 'confianza_grupo': 0.8158617089080418, 'confianza_comando': 0.9428177625349395}
2026-09-30 10:29:14 [INFO]: {'ventana': 4, 'grupo_voto': 'Letters', 'grupo_final': 'Letters', 'comando': 'U', 'confianza_grupo': 0.7690280753759462, 'confianza_comando': 0.9600264005156697}
2026-09-30 10:29:14 [INFO]: Comando predicho U
2026-09-30 10:29:14 [INFO]: Grupo predicho Letters
2026-09-30 10:29:14 [INFO]: ----------------------------------------------------------------
2026-09-30 10:29:15 [INFO]: ------------------>cvs name D:/APP_BCI_PYQUE/captures/UserCMSM/Letters/UserCMSM_U_58.csv<----------------
2026-09-30 10:29:15 [INFO]: {'ventana': 1, 'grupo_voto': 'Letters', 'grupo_final': 'Letters', 'comando': 'U', 'confianza_grupo': 0.9964688378422978, 'confianza_comando': 0.9034160484171792}
2026-09-30 10:29:15 [INFO]: {'ventana': 2, 'grupo_voto': 'Letters', 'grupo_final': 'Letters', 'comando': 'U', 'confianza_grupo': 0.9942212690288057, 'confianza_comando': 0.9745784805555612}
2026-09-30 10:29:15 [INFO]: {'ventana': 3, 'grupo_voto': 'Letters', 'grupo_final': 'Letters', 'comando': 'U', 'confianza_grupo': 0.9973464421574971, 'confianza_comando': 0.9509465088792223}
2026-09-30 10:29:15 [INFO]: {'ventana': 4, 'grupo_voto': 'Letters', 'grupo_final': 'Letters', 'comando': 'U', 'confianza_grupo': 0.9951752736347692, 'confianza_comando': 0.7291565206917545}
2026-09-30 10:29:15 [INFO]: Comando predicho U
2026-09-30 10:29:15 [INFO]: Grupo predicho Letters
2026-09-30 10:29:15 [INFO]: ----------------------------------------------------------------
2026-09-30 10:29:15 [INFO]: ------------------>cvs name D:/APP_BCI_PYQUE/captures/UserCMSM/Letters/UserCMSM_U_59.csv<----------------
2026-09-30 10:29:15 [INFO]: {'ventana': 1, 'grupo_voto': 'Letters', 'grupo_final': 'Letters', 'comando': 'E', 'confianza_grupo': 0.9894128968470904, 'confianza_comando': 0.5201942340183859}
2026-09-30 10:29:15 [INFO]: {'ventana': 2, 'grupo_voto': 'Letters', 'grupo_final': 'Letters', 'comando': 'U', 'confianza_grupo': 0.9928192410837052, 'confianza_comando': 0.7518775086017601}
2026-09-30 10:29:15 [INFO]: {'ventana': 3, 'grupo_voto': 'Letters', 'grupo_final': 'Letters', 'comando': 'U', 'confianza_grupo': 0.9879347014987331, 'confianza_comando': 0.985306128276975}
2026-09-30 10:29:15 [INFO]: {'ventana': 4, 'grupo_voto': 'Letters', 'grupo_final': 'Letters', 'comando': 'U', 'confianza_grupo': 0.98981393818606, 'confianza_comando': 0.9644030478366267}
2026-09-30 10:29:15 [INFO]: Comando predicho U
2026-09-30 10:29:15 [INFO]: Grupo predicho Letters
2026-09-30 10:29:15 [INFO]: ----------------------------------------------------------------
2026-09-30 10:29:15 [INFO]: Del Comando U Total Archivos 30
2026-09-30 10:29:15 [INFO]: Comando Reales Predichos, 26
2026-09-30 10:29:15 [INFO]: Grupo Real Predicho, 28
2026-09-30 10:29:15 [INFO]: =======================================================================================
2026-09-30 10:29:15 [INFO]: =======================================================================================
2026-09-30 10:29:16 [INFO]: ------------------>cvs name D:/APP_BCI_PYQUE/captures/UserCMSM/Letters/UserCMSM_S_30.csv<----------------
2026-09-30 10:29:16 [INFO]: {'ventana': 1, 'grupo_voto': 'Letters', 'grupo_final': 'Letters', 'comando': 'S', 'confianza_grupo': 0.7660426485041167, 'confianza_comando': 0.9410219952338278}
2026-09-30 10:29:16 [INFO]: {'ventana': 2, 'grupo_voto': 'Letters', 'grupo_final': 'Letters', 'comando': 'S', 'confianza_grupo': 0.9348890604076422, 'confianza_comando': 0.950021201367985}
2026-09-30 10:29:16 [INFO]: {'ventana': 3, 'grupo_voto': 'Letters', 'grupo_final': 'Letters', 'comando': 'S', 'confianza_grupo': 0.9334901856202953, 'confianza_comando': 0.9516185738280086}
2026-09-30 10:29:16 [INFO]: {'ventana': 4, 'grupo_voto': 'Letters', 'grupo_final': 'Letters', 'comando': 'S', 'confianza_grupo': 0.9608356053036826, 'confianza_comando': 0.938858907230523}
2026-09-30 10:29:16 [INFO]: Comando predicho S
2026-09-30 10:29:16 [INFO]: Grupo predicho Letters
2026-09-30 10:29:16 [INFO]: ----------------------------------------------------------------
2026-09-30 10:29:17 [INFO]: ------------------>cvs name D:/APP_BCI_PYQUE/captures/UserCMSM/Letters/UserCMSM_S_31.csv<----------------
2026-09-30 10:29:17 [INFO]: {'ventana': 1, 'grupo_voto': 'Letters', 'grupo_final': 'Letters', 'comando': 'S', 'confianza_grupo': 0.9718231208645823, 'confianza_comando': 0.9339099038387889}
2026-09-30 10:29:17 [INFO]: {'ventana': 2, 'grupo_voto': 'Letters', 'grupo_final': 'Letters', 'comando': 'S', 'confianza_grupo': 0.9865158816194725, 'confianza_comando': 0.9542391254344732}
2026-09-30 10:29:17 [INFO]: {'ventana': 3, 'grupo_voto': 'Letters', 'grupo_final': 'Letters', 'comando': 'S', 'confianza_grupo': 0.9940500097655619, 'confianza_comando': 0.9439380781348338}
2026-09-30 10:29:17 [INFO]: {'ventana': 4, 'grupo_voto': 'Letters', 'grupo_final': 'Letters', 'comando': 'S', 'confianza_grupo': 0.9890295043102727, 'confianza_comando': 0.7912348746930364}
2026-09-30 10:29:17 [INFO]: Comando predicho S
2026-09-30 10:29:17 [INFO]: Grupo predicho Letters
2026-09-30 10:29:17 [INFO]: ----------------------------------------------------------------
2026-09-30 10:29:18 [INFO]: ------------------>cvs name D:/APP_BCI_PYQUE/captures/UserCMSM/Letters/UserCMSM_S_32.csv<----------------
2026-09-30 10:29:18 [INFO]: {'ventana': 1, 'grupo_voto': 'Letters', 'grupo_final': 'Letters', 'comando': 'S', 'confianza_grupo': 0.9399039194881426, 'confianza_comando': 0.9407214893250533}
2026-09-30 10:29:18 [INFO]: {'ventana': 2, 'grupo_voto': 'Letters', 'grupo_final': 'Letters', 'comando': 'S', 'confianza_grupo': 0.9517640357319507, 'confianza_comando': 0.9454343804358317}
2026-09-30 10:29:18 [INFO]: {'ventana': 3, 'grupo_voto': 'Letters', 'grupo_final': 'Letters', 'comando': 'S', 'confianza_grupo': 0.8742814387968099, 'confianza_comando': 0.9475437934695253}
2026-09-30 10:29:18 [INFO]: {'ventana': 4, 'grupo_voto': 'Letters', 'grupo_final': 'Letters', 'comando': 'S', 'confianza_grupo': 0.6526200498014042, 'confianza_comando': 0.8635048991825431}
2026-09-30 10:29:18 [INFO]: Comando predicho S
2026-09-30 10:29:18 [INFO]: Grupo predicho Letters
2026-09-30 10:29:18 [INFO]: ----------------------------------------------------------------
2026-09-30 10:29:18 [INFO]: ------------------>cvs name D:/APP_BCI_PYQUE/captures/UserCMSM/Letters/UserCMSM_S_33.csv<----------------
2026-09-30 10:29:18 [INFO]: {'ventana': 1, 'grupo_voto': 'Letters', 'grupo_final': 'Letters', 'comando': 'S', 'confianza_grupo': 0.966963728703885, 'confianza_comando': 0.959539164534221}
2026-09-30 10:29:18 [INFO]: {'ventana': 2, 'grupo_voto': 'Letters', 'grupo_final': 'Letters', 'comando': 'S', 'confianza_grupo': 0.9392596042652125, 'confianza_comando': 0.9612813630427672}
2026-09-30 10:29:18 [INFO]: {'ventana': 3, 'grupo_voto': 'Letters', 'grupo_final': 'Letters', 'comando': 'S', 'confianza_grupo': 0.9605704376658001, 'confianza_comando': 0.9699182458415767}
2026-09-30 10:29:18 [INFO]: {'ventana': 4, 'grupo_voto': 'Letters', 'grupo_final': 'Letters', 'comando': 'S', 'confianza_grupo': 0.9511664624108144, 'confianza_comando': 0.9319313293362063}
2026-09-30 10:29:18 [INFO]: Comando predicho S
2026-09-30 10:29:18 [INFO]: Grupo predicho Letters
2026-09-30 10:29:18 [INFO]: ----------------------------------------------------------------
2026-09-30 10:29:19 [INFO]: ------------------>cvs name D:/APP_BCI_PYQUE/captures/UserCMSM/Letters/UserCMSM_S_34.csv<----------------
2026-09-30 10:29:19 [INFO]: {'ventana': 1, 'grupo_voto': 'Letters', 'grupo_final': 'Letters', 'comando': 'S', 'confianza_grupo': 0.9655897121497796, 'confianza_comando': 0.9204346959656667}
2026-09-30 10:29:19 [INFO]: {'ventana': 2, 'grupo_voto': 'Letters', 'grupo_final': 'Letters', 'comando': 'S', 'confianza_grupo': 0.9637150887641883, 'confianza_comando': 0.928849892010582}
2026-09-30 10:29:19 [INFO]: {'ventana': 3, 'grupo_voto': 'Letters', 'grupo_final': 'Letters', 'comando': 'S', 'confianza_grupo': 0.9567689379209167, 'confianza_comando': 0.8284854900375642}
2026-09-30 10:29:19 [INFO]: {'ventana': 4, 'grupo_voto': 'Letters', 'grupo_final': 'Letters', 'comando': 'D', 'confianza_grupo': 0.978961824314137, 'confianza_comando': 0.21712194591395964}
2026-09-30 10:29:19 [INFO]: Comando predicho S
2026-09-30 10:29:19 [INFO]: Grupo predicho Letters
2026-09-30 10:29:19 [INFO]: ----------------------------------------------------------------
2026-09-30 10:29:19 [INFO]: ------------------>cvs name D:/APP_BCI_PYQUE/captures/UserCMSM/Letters/UserCMSM_S_35.csv<----------------
2026-09-30 10:29:19 [INFO]: {'ventana': 1, 'grupo_voto': 'Letters', 'grupo_final': 'Letters', 'comando': 'S', 'confianza_grupo': 0.9188671514551774, 'confianza_comando': 0.9651766825449696}
2026-09-30 10:29:19 [INFO]: {'ventana': 2, 'grupo_voto': 'Letters', 'grupo_final': 'Letters', 'comando': 'S', 'confianza_grupo': 0.9779935204955398, 'confianza_comando': 0.9599133406658046}
2026-09-30 10:29:19 [INFO]: {'ventana': 3, 'grupo_voto': 'Letters', 'grupo_final': 'Letters', 'comando': 'S', 'confianza_grupo': 0.9474970008518572, 'confianza_comando': 0.9806355043329071}
2026-09-30 10:29:19 [INFO]: {'ventana': 4, 'grupo_voto': 'Letters', 'grupo_final': 'Letters', 'comando': 'S', 'confianza_grupo': 0.9781724867212287, 'confianza_comando': 0.9653074235881276}
2026-09-30 10:29:19 [INFO]: Comando predicho S
2026-09-30 10:29:19 [INFO]: Grupo predicho Letters
2026-09-30 10:29:19 [INFO]: ----------------------------------------------------------------
2026-09-30 10:29:20 [INFO]: ------------------>cvs name D:/APP_BCI_PYQUE/captures/UserCMSM/Letters/UserCMSM_S_36.csv<----------------
2026-09-30 10:29:20 [INFO]: {'ventana': 1, 'grupo_voto': 'Numbers', 'grupo_final': 'Numbers', 'comando': '5', 'confianza_grupo': 0.8654793166492716, 'confianza_comando': 0.1732269191300802}
2026-09-30 10:29:20 [INFO]: {'ventana': 2, 'grupo_voto': 'Numbers', 'grupo_final': 'Numbers', 'comando': '6', 'confianza_grupo': 0.8575414380170159, 'confianza_comando': 0.2598869261248874}
2026-09-30 10:29:20 [INFO]: {'ventana': 3, 'grupo_voto': 'Numbers', 'grupo_final': 'Numbers', 'comando': '7', 'confianza_grupo': 0.7843638103516939, 'confianza_comando': 0.38916008207830577}
2026-09-30 10:29:20 [INFO]: {'ventana': 4, 'grupo_voto': 'Numbers', 'grupo_final': 'Numbers', 'comando': '6', 'confianza_grupo': 0.9885746949670573, 'confianza_comando': 0.33219517546385}
2026-09-30 10:29:20 [INFO]: Comando predicho 7
2026-09-30 10:29:20 [INFO]: Grupo predicho Numbers
2026-09-30 10:29:20 [INFO]: ----------------------------------------------------------------
2026-09-30 10:29:21 [INFO]: ------------------>cvs name D:/APP_BCI_PYQUE/captures/UserCMSM/Letters/UserCMSM_S_37.csv<----------------
2026-09-30 10:29:21 [INFO]: {'ventana': 1, 'grupo_voto': 'Numbers', 'grupo_final': 'Numbers', 'comando': '1', 'confianza_grupo': 0.9615536692038827, 'confianza_comando': 0.9777376184901653}
2026-09-30 10:29:21 [INFO]: {'ventana': 2, 'grupo_voto': 'Numbers', 'grupo_final': 'Numbers', 'comando': '1', 'confianza_grupo': 0.9619938848878862, 'confianza_comando': 0.6506438184589626}
2026-09-30 10:29:21 [INFO]: {'ventana': 3, 'grupo_voto': 'Numbers', 'grupo_final': 'Numbers', 'comando': '1', 'confianza_grupo': 0.5050464833432732, 'confianza_comando': 0.9146789550961505}
2026-09-30 10:29:21 [INFO]: {'ventana': 4, 'grupo_voto': 'Letters', 'grupo_final': 'Numbers', 'comando': '0', 'confianza_grupo': 0.9073369604664796, 'confianza_comando': 0.675072335814323}
2026-09-30 10:29:21 [INFO]: Comando predicho 1
2026-09-30 10:29:21 [INFO]: Grupo predicho Numbers
2026-09-30 10:29:21 [INFO]: ----------------------------------------------------------------
2026-09-30 10:29:21 [INFO]: ------------------>cvs name D:/APP_BCI_PYQUE/captures/UserCMSM/Letters/UserCMSM_S_38.csv<----------------
2026-09-30 10:29:21 [INFO]: {'ventana': 1, 'grupo_voto': 'Letters', 'grupo_final': 'Letters', 'comando': 'S', 'confianza_grupo': 0.937661352584827, 'confianza_comando': 0.8665487730140498}
2026-09-30 10:29:21 [INFO]: {'ventana': 2, 'grupo_voto': 'Letters', 'grupo_final': 'Letters', 'comando': 'S', 'confianza_grupo': 0.9707781200179073, 'confianza_comando': 0.9191603924180588}
2026-09-30 10:29:21 [INFO]: {'ventana': 3, 'grupo_voto': 'Letters', 'grupo_final': 'Letters', 'comando': 'S', 'confianza_grupo': 0.9370263694942831, 'confianza_comando': 0.9724625428749287}
2026-09-30 10:29:21 [INFO]: {'ventana': 4, 'grupo_voto': 'Letters', 'grupo_final': 'Letters', 'comando': 'S', 'confianza_grupo': 0.7835049551285759, 'confianza_comando': 0.9487841543485998}
2026-09-30 10:29:21 [INFO]: Comando predicho S
2026-09-30 10:29:21 [INFO]: Grupo predicho Letters
2026-09-30 10:29:21 [INFO]: ----------------------------------------------------------------
2026-09-30 10:29:22 [INFO]: ------------------>cvs name D:/APP_BCI_PYQUE/captures/UserCMSM/Letters/UserCMSM_S_39.csv<----------------
2026-09-30 10:29:22 [INFO]: {'ventana': 1, 'grupo_voto': 'Letters', 'grupo_final': 'Letters', 'comando': 'S', 'confianza_grupo': 0.9191695398297448, 'confianza_comando': 0.9385425594311242}
2026-09-30 10:29:22 [INFO]: {'ventana': 2, 'grupo_voto': 'Letters', 'grupo_final': 'Letters', 'comando': 'S', 'confianza_grupo': 0.7681476179802367, 'confianza_comando': 0.9338212467543685}
2026-09-30 10:29:22 [INFO]: {'ventana': 3, 'grupo_voto': 'Letters', 'grupo_final': 'Letters', 'comando': 'S', 'confianza_grupo': 0.8884449858736337, 'confianza_comando': 0.9029107120900284}
2026-09-30 10:29:22 [INFO]: {'ventana': 4, 'grupo_voto': 'Letters', 'grupo_final': 'Letters', 'comando': 'S', 'confianza_grupo': 0.9903544748781957, 'confianza_comando': 0.9364172026238926}
2026-09-30 10:29:22 [INFO]: Comando predicho S
2026-09-30 10:29:22 [INFO]: Grupo predicho Letters
2026-09-30 10:29:22 [INFO]: ----------------------------------------------------------------
2026-09-30 10:29:22 [INFO]: ------------------>cvs name D:/APP_BCI_PYQUE/captures/UserCMSM/Letters/UserCMSM_S_40.csv<----------------
2026-09-30 10:29:22 [INFO]: {'ventana': 1, 'grupo_voto': 'Letters', 'grupo_final': 'Letters', 'comando': 'S', 'confianza_grupo': 0.9625638779903801, 'confianza_comando': 0.9645933752269871}
2026-09-30 10:29:22 [INFO]: {'ventana': 2, 'grupo_voto': 'Letters', 'grupo_final': 'Letters', 'comando': 'S', 'confianza_grupo': 0.9152598460073301, 'confianza_comando': 0.9508475493740537}
2026-09-30 10:29:22 [INFO]: {'ventana': 3, 'grupo_voto': 'Letters', 'grupo_final': 'Letters', 'comando': 'S', 'confianza_grupo': 0.8492589655610601, 'confianza_comando': 0.984453504411693}
2026-09-30 10:29:22 [INFO]: {'ventana': 4, 'grupo_voto': 'Letters', 'grupo_final': 'Letters', 'comando': 'S', 'confianza_grupo': 0.742824735723203, 'confianza_comando': 0.9614777269444156}
2026-09-30 10:29:22 [INFO]: Comando predicho S
2026-09-30 10:29:22 [INFO]: Grupo predicho Letters
2026-09-30 10:29:22 [INFO]: ----------------------------------------------------------------
2026-09-30 10:29:23 [INFO]: ------------------>cvs name D:/APP_BCI_PYQUE/captures/UserCMSM/Letters/UserCMSM_S_41.csv<----------------
2026-09-30 10:29:23 [INFO]: {'ventana': 1, 'grupo_voto': 'Letters', 'grupo_final': 'Letters', 'comando': 'S', 'confianza_grupo': 0.985186809917975, 'confianza_comando': 0.9714029890696869}
2026-09-30 10:29:23 [INFO]: {'ventana': 2, 'grupo_voto': 'Letters', 'grupo_final': 'Letters', 'comando': 'S', 'confianza_grupo': 0.9930821928510486, 'confianza_comando': 0.9435531929318106}
2026-09-30 10:29:23 [INFO]: {'ventana': 3, 'grupo_voto': 'Letters', 'grupo_final': 'Letters', 'comando': 'S', 'confianza_grupo': 0.9605707318796303, 'confianza_comando': 0.9665529439595913}
2026-09-30 10:29:23 [INFO]: {'ventana': 4, 'grupo_voto': 'Letters', 'grupo_final': 'Letters', 'comando': 'S', 'confianza_grupo': 0.8347830711448343, 'confianza_comando': 0.9495097817636988}
2026-09-30 10:29:23 [INFO]: Comando predicho S
2026-09-30 10:29:23 [INFO]: Grupo predicho Letters
2026-09-30 10:29:23 [INFO]: ----------------------------------------------------------------
2026-09-30 10:29:23 [INFO]: ------------------>cvs name D:/APP_BCI_PYQUE/captures/UserCMSM/Letters/UserCMSM_S_42.csv<----------------
2026-09-30 10:29:23 [INFO]: {'ventana': 1, 'grupo_voto': 'Letters', 'grupo_final': 'Letters', 'comando': 'S', 'confianza_grupo': 0.9429780823043726, 'confianza_comando': 0.9575190690463241}
2026-09-30 10:29:23 [INFO]: {'ventana': 2, 'grupo_voto': 'Letters', 'grupo_final': 'Letters', 'comando': 'S', 'confianza_grupo': 0.9758632186652884, 'confianza_comando': 0.9504968305827578}
2026-09-30 10:29:23 [INFO]: {'ventana': 3, 'grupo_voto': 'Letters', 'grupo_final': 'Letters', 'comando': 'S', 'confianza_grupo': 0.9840721707180614, 'confianza_comando': 0.9331850780568929}
2026-09-30 10:29:23 [INFO]: {'ventana': 4, 'grupo_voto': 'Letters', 'grupo_final': 'Letters', 'comando': 'S', 'confianza_grupo': 0.9906018308046189, 'confianza_comando': 0.9531975012659532}
2026-09-30 10:29:23 [INFO]: Comando predicho S
2026-09-30 10:29:23 [INFO]: Grupo predicho Letters
2026-09-30 10:29:23 [INFO]: ----------------------------------------------------------------
2026-09-30 10:29:24 [INFO]: ------------------>cvs name D:/APP_BCI_PYQUE/captures/UserCMSM/Letters/UserCMSM_S_43.csv<----------------
2026-09-30 10:29:24 [INFO]: {'ventana': 1, 'grupo_voto': 'Letters', 'grupo_final': 'Letters', 'comando': 'L', 'confianza_grupo': 0.9908273538504955, 'confianza_comando': 0.8113691169626158}
2026-09-30 10:29:24 [INFO]: {'ventana': 2, 'grupo_voto': 'Letters', 'grupo_final': 'Letters', 'comando': 'L', 'confianza_grupo': 0.985667361128691, 'confianza_comando': 0.9663358696102476}
2026-09-30 10:29:24 [INFO]: {'ventana': 3, 'grupo_voto': 'Letters', 'grupo_final': 'Letters', 'comando': 'L', 'confianza_grupo': 0.972003925320174, 'confianza_comando': 0.6636079666654546}
2026-09-30 10:29:24 [INFO]: {'ventana': 4, 'grupo_voto': 'Letters', 'grupo_final': 'Letters', 'comando': 'S', 'confianza_grupo': 0.9567953454068309, 'confianza_comando': 0.6879605881734923}
2026-09-30 10:29:24 [INFO]: Comando predicho L
2026-09-30 10:29:24 [INFO]: Grupo predicho Letters
2026-09-30 10:29:24 [INFO]: ----------------------------------------------------------------
2026-09-30 10:29:25 [INFO]: ------------------>cvs name D:/APP_BCI_PYQUE/captures/UserCMSM/Letters/UserCMSM_S_44.csv<----------------
2026-09-30 10:29:25 [INFO]: {'ventana': 1, 'grupo_voto': 'Letters', 'grupo_final': 'Letters', 'comando': 'S', 'confianza_grupo': 0.9976897022302357, 'confianza_comando': 0.8157731365387018}
2026-09-30 10:29:25 [INFO]: {'ventana': 2, 'grupo_voto': 'Letters', 'grupo_final': 'Letters', 'comando': 'S', 'confianza_grupo': 0.9815285619707604, 'confianza_comando': 0.9670745141425243}
2026-09-30 10:29:25 [INFO]: {'ventana': 3, 'grupo_voto': 'Letters', 'grupo_final': 'Letters', 'comando': 'S', 'confianza_grupo': 0.99342989023237, 'confianza_comando': 0.9814283315138267}
2026-09-30 10:29:25 [INFO]: {'ventana': 4, 'grupo_voto': 'Letters', 'grupo_final': 'Letters', 'comando': 'S', 'confianza_grupo': 0.9943861030771979, 'confianza_comando': 0.9124062400976468}
2026-09-30 10:29:25 [INFO]: Comando predicho S
2026-09-30 10:29:25 [INFO]: Grupo predicho Letters
2026-09-30 10:29:25 [INFO]: ----------------------------------------------------------------
2026-09-30 10:29:25 [INFO]: ------------------>cvs name D:/APP_BCI_PYQUE/captures/UserCMSM/Letters/UserCMSM_S_45.csv<----------------
2026-09-30 10:29:25 [INFO]: {'ventana': 1, 'grupo_voto': 'Letters', 'grupo_final': 'Letters', 'comando': 'I', 'confianza_grupo': 0.9592000711543437, 'confianza_comando': 0.335061728021139}
2026-09-30 10:29:25 [INFO]: {'ventana': 2, 'grupo_voto': 'Letters', 'grupo_final': 'Letters', 'comando': 'S', 'confianza_grupo': 0.9642163384825737, 'confianza_comando': 0.5875565360254092}
2026-09-30 10:29:25 [INFO]: {'ventana': 3, 'grupo_voto': 'Letters', 'grupo_final': 'Letters', 'comando': 'S', 'confianza_grupo': 0.9038985509989486, 'confianza_comando': 0.7379696428436596}
2026-09-30 10:29:25 [INFO]: {'ventana': 4, 'grupo_voto': 'Letters', 'grupo_final': 'Letters', 'comando': 'S', 'confianza_grupo': 0.8741297306368916, 'confianza_comando': 0.9410730245199409}
2026-09-30 10:29:25 [INFO]: Comando predicho S
2026-09-30 10:29:25 [INFO]: Grupo predicho Letters
2026-09-30 10:29:25 [INFO]: ----------------------------------------------------------------
2026-09-30 10:29:26 [INFO]: ------------------>cvs name D:/APP_BCI_PYQUE/captures/UserCMSM/Letters/UserCMSM_S_46.csv<----------------
2026-09-30 10:29:26 [INFO]: {'ventana': 1, 'grupo_voto': 'Letters', 'grupo_final': 'Letters', 'comando': 'S', 'confianza_grupo': 0.9528867007659092, 'confianza_comando': 0.7862199334702002}
2026-09-30 10:29:26 [INFO]: {'ventana': 2, 'grupo_voto': 'Letters', 'grupo_final': 'Letters', 'comando': 'S', 'confianza_grupo': 0.9510703999126773, 'confianza_comando': 0.9543589297324171}
2026-09-30 10:29:26 [INFO]: {'ventana': 3, 'grupo_voto': 'Letters', 'grupo_final': 'Letters', 'comando': 'S', 'confianza_grupo': 0.9738721283119535, 'confianza_comando': 0.9365370610088922}
2026-09-30 10:29:26 [INFO]: {'ventana': 4, 'grupo_voto': 'Letters', 'grupo_final': 'Letters', 'comando': 'S', 'confianza_grupo': 0.9683418761825315, 'confianza_comando': 0.9570963420358721}
2026-09-30 10:29:26 [INFO]: Comando predicho S
2026-09-30 10:29:26 [INFO]: Grupo predicho Letters
2026-09-30 10:29:26 [INFO]: ----------------------------------------------------------------
2026-09-30 10:29:27 [INFO]: ------------------>cvs name D:/APP_BCI_PYQUE/captures/UserCMSM/Letters/UserCMSM_S_47.csv<----------------
2026-09-30 10:29:27 [INFO]: {'ventana': 1, 'grupo_voto': 'Letters', 'grupo_final': 'Letters', 'comando': 'S', 'confianza_grupo': 0.9992954747075322, 'confianza_comando': 0.9456541519554533}
2026-09-30 10:29:27 [INFO]: {'ventana': 2, 'grupo_voto': 'Letters', 'grupo_final': 'Letters', 'comando': 'S', 'confianza_grupo': 0.9984429182070601, 'confianza_comando': 0.965399815508218}
2026-09-30 10:29:27 [INFO]: {'ventana': 3, 'grupo_voto': 'Letters', 'grupo_final': 'Letters', 'comando': 'S', 'confianza_grupo': 0.998183562965416, 'confianza_comando': 0.9689503324285021}
2026-09-30 10:29:27 [INFO]: {'ventana': 4, 'grupo_voto': 'Letters', 'grupo_final': 'Letters', 'comando': 'S', 'confianza_grupo': 0.9934508025238312, 'confianza_comando': 0.9688480944306467}
2026-09-30 10:29:27 [INFO]: Comando predicho S
2026-09-30 10:29:27 [INFO]: Grupo predicho Letters
2026-09-30 10:29:27 [INFO]: ----------------------------------------------------------------
2026-09-30 10:29:27 [INFO]: ------------------>cvs name D:/APP_BCI_PYQUE/captures/UserCMSM/Letters/UserCMSM_S_48.csv<----------------
2026-09-30 10:29:27 [INFO]: {'ventana': 1, 'grupo_voto': 'Letters', 'grupo_final': 'Letters', 'comando': 'S', 'confianza_grupo': 0.8420317644606626, 'confianza_comando': 0.9530592422502283}
2026-09-30 10:29:27 [INFO]: {'ventana': 2, 'grupo_voto': 'Letters', 'grupo_final': 'Letters', 'comando': 'S', 'confianza_grupo': 0.9077747584158539, 'confianza_comando': 0.9788298540968439}
2026-09-30 10:29:27 [INFO]: {'ventana': 3, 'grupo_voto': 'Letters', 'grupo_final': 'Letters', 'comando': 'S', 'confianza_grupo': 0.9847870677846962, 'confianza_comando': 0.9475167937558379}
2026-09-30 10:29:27 [INFO]: {'ventana': 4, 'grupo_voto': 'Letters', 'grupo_final': 'Letters', 'comando': 'S', 'confianza_grupo': 0.8937326002435153, 'confianza_comando': 0.9344823765628003}
2026-09-30 10:29:27 [INFO]: Comando predicho S
2026-09-30 10:29:27 [INFO]: Grupo predicho Letters
2026-09-30 10:29:27 [INFO]: ----------------------------------------------------------------
2026-09-30 10:29:28 [INFO]: ------------------>cvs name D:/APP_BCI_PYQUE/captures/UserCMSM/Letters/UserCMSM_S_49.csv<----------------
2026-09-30 10:29:28 [INFO]: {'ventana': 1, 'grupo_voto': 'Letters', 'grupo_final': 'Letters', 'comando': 'S', 'confianza_grupo': 0.9936159950673312, 'confianza_comando': 0.9311254746253886}
2026-09-30 10:29:28 [INFO]: {'ventana': 2, 'grupo_voto': 'Letters', 'grupo_final': 'Letters', 'comando': 'S', 'confianza_grupo': 0.9924379256053829, 'confianza_comando': 0.9556071834097531}
2026-09-30 10:29:28 [INFO]: {'ventana': 3, 'grupo_voto': 'Letters', 'grupo_final': 'Letters', 'comando': 'S', 'confianza_grupo': 0.98513504766516, 'confianza_comando': 0.9126067082914693}
2026-09-30 10:29:28 [INFO]: {'ventana': 4, 'grupo_voto': 'Letters', 'grupo_final': 'Letters', 'comando': 'S', 'confianza_grupo': 0.995565985727445, 'confianza_comando': 0.9264801855304168}
2026-09-30 10:29:28 [INFO]: Comando predicho S
2026-09-30 10:29:28 [INFO]: Grupo predicho Letters
2026-09-30 10:29:28 [INFO]: ----------------------------------------------------------------
2026-09-30 10:29:28 [INFO]: ------------------>cvs name D:/APP_BCI_PYQUE/captures/UserCMSM/Letters/UserCMSM_S_50.csv<----------------
2026-09-30 10:29:28 [INFO]: {'ventana': 1, 'grupo_voto': 'Letters', 'grupo_final': 'Letters', 'comando': 'S', 'confianza_grupo': 0.9858322524556251, 'confianza_comando': 0.9482750310795929}
2026-09-30 10:29:28 [INFO]: {'ventana': 2, 'grupo_voto': 'Letters', 'grupo_final': 'Letters', 'comando': 'S', 'confianza_grupo': 0.9842350718191707, 'confianza_comando': 0.7190281442233198}
2026-09-30 10:29:28 [INFO]: {'ventana': 3, 'grupo_voto': 'Letters', 'grupo_final': 'Letters', 'comando': 'S', 'confianza_grupo': 0.9881527882657913, 'confianza_comando': 0.9438564635688634}
2026-09-30 10:29:28 [INFO]: {'ventana': 4, 'grupo_voto': 'Letters', 'grupo_final': 'Letters', 'comando': 'S', 'confianza_grupo': 0.9966591297669755, 'confianza_comando': 0.9753574918189706}
2026-09-30 10:29:28 [INFO]: Comando predicho S
2026-09-30 10:29:28 [INFO]: Grupo predicho Letters
2026-09-30 10:29:28 [INFO]: ----------------------------------------------------------------
2026-09-30 10:29:29 [INFO]: ------------------>cvs name D:/APP_BCI_PYQUE/captures/UserCMSM/Letters/UserCMSM_S_51.csv<----------------
2026-09-30 10:29:29 [INFO]: {'ventana': 1, 'grupo_voto': 'Letters', 'grupo_final': 'Letters', 'comando': 'S', 'confianza_grupo': 0.9899590522518343, 'confianza_comando': 0.9281598094451808}
2026-09-30 10:29:29 [INFO]: {'ventana': 2, 'grupo_voto': 'Letters', 'grupo_final': 'Letters', 'comando': 'S', 'confianza_grupo': 0.9807396359290667, 'confianza_comando': 0.9580734916722051}
2026-09-30 10:29:29 [INFO]: {'ventana': 3, 'grupo_voto': 'Letters', 'grupo_final': 'Letters', 'comando': 'S', 'confianza_grupo': 0.9361610910329244, 'confianza_comando': 0.9680470673053332}
2026-09-30 10:29:29 [INFO]: {'ventana': 4, 'grupo_voto': 'Letters', 'grupo_final': 'Letters', 'comando': 'S', 'confianza_grupo': 0.9522093358056014, 'confianza_comando': 0.9353992395460319}
2026-09-30 10:29:29 [INFO]: Comando predicho S
2026-09-30 10:29:29 [INFO]: Grupo predicho Letters
2026-09-30 10:29:29 [INFO]: ----------------------------------------------------------------
2026-09-30 10:29:29 [INFO]: ------------------>cvs name D:/APP_BCI_PYQUE/captures/UserCMSM/Letters/UserCMSM_S_52.csv<----------------
2026-09-30 10:29:29 [INFO]: {'ventana': 1, 'grupo_voto': 'Letters', 'grupo_final': 'Letters', 'comando': 'S', 'confianza_grupo': 0.7833641933303501, 'confianza_comando': 0.953210886535346}
2026-09-30 10:29:29 [INFO]: {'ventana': 2, 'grupo_voto': 'Letters', 'grupo_final': 'Letters', 'comando': 'S', 'confianza_grupo': 0.948999487172716, 'confianza_comando': 0.9771025412321058}
2026-09-30 10:29:29 [INFO]: {'ventana': 3, 'grupo_voto': 'Letters', 'grupo_final': 'Letters', 'comando': 'S', 'confianza_grupo': 0.9514342326382101, 'confianza_comando': 0.9623675492193629}
2026-09-30 10:29:29 [INFO]: {'ventana': 4, 'grupo_voto': 'Letters', 'grupo_final': 'Letters', 'comando': 'S', 'confianza_grupo': 0.8560594533456584, 'confianza_comando': 0.8478921973172737}
2026-09-30 10:29:29 [INFO]: Comando predicho S
2026-09-30 10:29:29 [INFO]: Grupo predicho Letters
2026-09-30 10:29:29 [INFO]: ----------------------------------------------------------------
2026-09-30 10:29:30 [INFO]: ------------------>cvs name D:/APP_BCI_PYQUE/captures/UserCMSM/Letters/UserCMSM_S_53.csv<----------------
2026-09-30 10:29:30 [INFO]: {'ventana': 1, 'grupo_voto': 'Letters', 'grupo_final': 'Letters', 'comando': 'S', 'confianza_grupo': 0.9787813486420514, 'confianza_comando': 0.9715673748642399}
2026-09-30 10:29:30 [INFO]: {'ventana': 2, 'grupo_voto': 'Letters', 'grupo_final': 'Letters', 'comando': 'S', 'confianza_grupo': 0.9895835019698183, 'confianza_comando': 0.9618355831286335}
2026-09-30 10:29:30 [INFO]: {'ventana': 3, 'grupo_voto': 'Letters', 'grupo_final': 'Letters', 'comando': 'S', 'confianza_grupo': 0.9473286896227271, 'confianza_comando': 0.9944174040027198}
2026-09-30 10:29:30 [INFO]: {'ventana': 4, 'grupo_voto': 'Letters', 'grupo_final': 'Letters', 'comando': 'S', 'confianza_grupo': 0.9788496882865773, 'confianza_comando': 0.96309542619737}
2026-09-30 10:29:30 [INFO]: Comando predicho S
2026-09-30 10:29:30 [INFO]: Grupo predicho Letters
2026-09-30 10:29:30 [INFO]: ----------------------------------------------------------------
2026-09-30 10:29:30 [INFO]: ------------------>cvs name D:/APP_BCI_PYQUE/captures/UserCMSM/Letters/UserCMSM_S_54.csv<----------------
2026-09-30 10:29:30 [INFO]: {'ventana': 1, 'grupo_voto': 'Letters', 'grupo_final': 'Letters', 'comando': 'S', 'confianza_grupo': 0.991893457875299, 'confianza_comando': 0.6353348488935466}
2026-09-30 10:29:30 [INFO]: {'ventana': 2, 'grupo_voto': 'Letters', 'grupo_final': 'Letters', 'comando': 'S', 'confianza_grupo': 0.9917870121327661, 'confianza_comando': 0.9608110080018241}
2026-09-30 10:29:30 [INFO]: {'ventana': 3, 'grupo_voto': 'Letters', 'grupo_final': 'Letters', 'comando': 'S', 'confianza_grupo': 0.9839907091235799, 'confianza_comando': 0.6317120781276894}
2026-09-30 10:29:30 [INFO]: {'ventana': 4, 'grupo_voto': 'Letters', 'grupo_final': 'Letters', 'comando': 'L', 'confianza_grupo': 0.9787312708761148, 'confianza_comando': 0.4629052184612645}
2026-09-30 10:29:30 [INFO]: Comando predicho S
2026-09-30 10:29:30 [INFO]: Grupo predicho Letters
2026-09-30 10:29:30 [INFO]: ----------------------------------------------------------------
2026-09-30 10:29:31 [INFO]: ------------------>cvs name D:/APP_BCI_PYQUE/captures/UserCMSM/Letters/UserCMSM_S_55.csv<----------------
2026-09-30 10:29:31 [INFO]: {'ventana': 1, 'grupo_voto': 'Letters', 'grupo_final': 'Letters', 'comando': 'S', 'confianza_grupo': 0.9922162799782502, 'confianza_comando': 0.9663310342200285}
2026-09-30 10:29:31 [INFO]: {'ventana': 2, 'grupo_voto': 'Letters', 'grupo_final': 'Letters', 'comando': 'S', 'confianza_grupo': 0.9894205482141859, 'confianza_comando': 0.9482346531348129}
2026-09-30 10:29:31 [INFO]: {'ventana': 3, 'grupo_voto': 'Letters', 'grupo_final': 'Letters', 'comando': 'S', 'confianza_grupo': 0.9724227445045415, 'confianza_comando': 0.9624387063669959}
2026-09-30 10:29:31 [INFO]: {'ventana': 4, 'grupo_voto': 'Letters', 'grupo_final': 'Letters', 'comando': 'S', 'confianza_grupo': 0.9839168359899545, 'confianza_comando': 0.9598751102373466}
2026-09-30 10:29:31 [INFO]: Comando predicho S
2026-09-30 10:29:31 [INFO]: Grupo predicho Letters
2026-09-30 10:29:31 [INFO]: ----------------------------------------------------------------
2026-09-30 10:29:32 [INFO]: ------------------>cvs name D:/APP_BCI_PYQUE/captures/UserCMSM/Letters/UserCMSM_S_56.csv<----------------
2026-09-30 10:29:32 [INFO]: {'ventana': 1, 'grupo_voto': 'Letters', 'grupo_final': 'Letters', 'comando': 'S', 'confianza_grupo': 0.9814861694036088, 'confianza_comando': 0.9691838010264985}
2026-09-30 10:29:32 [INFO]: {'ventana': 2, 'grupo_voto': 'Letters', 'grupo_final': 'Letters', 'comando': 'S', 'confianza_grupo': 0.9903164814147828, 'confianza_comando': 0.9776299532049322}
2026-09-30 10:29:32 [INFO]: {'ventana': 3, 'grupo_voto': 'Letters', 'grupo_final': 'Letters', 'comando': 'S', 'confianza_grupo': 0.9851959179135084, 'confianza_comando': 0.9624351256565655}
2026-09-30 10:29:32 [INFO]: {'ventana': 4, 'grupo_voto': 'Letters', 'grupo_final': 'Letters', 'comando': 'S', 'confianza_grupo': 0.9800465226218721, 'confianza_comando': 0.9618932196329403}
2026-09-30 10:29:32 [INFO]: Comando predicho S
2026-09-30 10:29:32 [INFO]: Grupo predicho Letters
2026-09-30 10:29:32 [INFO]: ----------------------------------------------------------------
2026-09-30 10:29:32 [INFO]: ------------------>cvs name D:/APP_BCI_PYQUE/captures/UserCMSM/Letters/UserCMSM_S_57.csv<----------------
2026-09-30 10:29:32 [INFO]: {'ventana': 1, 'grupo_voto': 'Letters', 'grupo_final': 'Letters', 'comando': 'S', 'confianza_grupo': 0.9965234962089845, 'confianza_comando': 0.9758239214717048}
2026-09-30 10:29:32 [INFO]: {'ventana': 2, 'grupo_voto': 'Letters', 'grupo_final': 'Letters', 'comando': 'S', 'confianza_grupo': 0.9971080726739662, 'confianza_comando': 0.9795267760500987}
2026-09-30 10:29:32 [INFO]: {'ventana': 3, 'grupo_voto': 'Letters', 'grupo_final': 'Letters', 'comando': 'S', 'confianza_grupo': 0.996882763058625, 'confianza_comando': 0.7198646196078146}
2026-09-30 10:29:32 [INFO]: {'ventana': 4, 'grupo_voto': 'Letters', 'grupo_final': 'Letters', 'comando': 'S', 'confianza_grupo': 0.9810561460320801, 'confianza_comando': 0.9729335979531812}
2026-09-30 10:29:32 [INFO]: Comando predicho S
2026-09-30 10:29:32 [INFO]: Grupo predicho Letters
2026-09-30 10:29:32 [INFO]: ----------------------------------------------------------------
2026-09-30 10:29:33 [INFO]: ------------------>cvs name D:/APP_BCI_PYQUE/captures/UserCMSM/Letters/UserCMSM_S_58.csv<----------------
2026-09-30 10:29:33 [INFO]: {'ventana': 1, 'grupo_voto': 'Letters', 'grupo_final': 'Letters', 'comando': 'S', 'confianza_grupo': 0.9618075165144464, 'confianza_comando': 0.8727700765465782}
2026-09-30 10:29:33 [INFO]: {'ventana': 2, 'grupo_voto': 'Letters', 'grupo_final': 'Letters', 'comando': 'S', 'confianza_grupo': 0.8407305256234715, 'confianza_comando': 0.9556445284513474}
2026-09-30 10:29:33 [INFO]: {'ventana': 3, 'grupo_voto': 'Letters', 'grupo_final': 'Letters', 'comando': 'S', 'confianza_grupo': 0.9488830440049881, 'confianza_comando': 0.982904938336819}
2026-09-30 10:29:33 [INFO]: {'ventana': 4, 'grupo_voto': 'Letters', 'grupo_final': 'Letters', 'comando': 'S', 'confianza_grupo': 0.8333592361036396, 'confianza_comando': 0.9405887272661327}
2026-09-30 10:29:33 [INFO]: Comando predicho S
2026-09-30 10:29:33 [INFO]: Grupo predicho Letters
2026-09-30 10:29:33 [INFO]: ----------------------------------------------------------------
2026-09-30 10:29:34 [INFO]: ------------------>cvs name D:/APP_BCI_PYQUE/captures/UserCMSM/Letters/UserCMSM_S_59.csv<----------------
2026-09-30 10:29:34 [INFO]: {'ventana': 1, 'grupo_voto': 'Letters', 'grupo_final': 'Letters', 'comando': 'S', 'confianza_grupo': 0.7785987510886873, 'confianza_comando': 0.8947105084328167}
2026-09-30 10:29:34 [INFO]: {'ventana': 2, 'grupo_voto': 'Letters', 'grupo_final': 'Letters', 'comando': 'S', 'confianza_grupo': 0.926115050905837, 'confianza_comando': 0.9725734303723944}
2026-09-30 10:29:34 [INFO]: {'ventana': 3, 'grupo_voto': 'Letters', 'grupo_final': 'Letters', 'comando': 'S', 'confianza_grupo': 0.8863480411628099, 'confianza_comando': 0.9657285503964868}
2026-09-30 10:29:34 [INFO]: {'ventana': 4, 'grupo_voto': 'Letters', 'grupo_final': 'Letters', 'comando': 'S', 'confianza_grupo': 0.9718334459715147, 'confianza_comando': 0.9401841872171626}
2026-09-30 10:29:34 [INFO]: Comando predicho S
2026-09-30 10:29:34 [INFO]: Grupo predicho Letters
2026-09-30 10:29:34 [INFO]: ----------------------------------------------------------------
2026-09-30 10:29:34 [INFO]: Del Comando S Total Archivos 30
2026-09-30 10:29:34 [INFO]: Comando Reales Predichos, 27
2026-09-30 10:29:34 [INFO]: Grupo Real Predicho, 28
2026-09-30 10:29:34 [INFO]: =======================================================================================
2026-09-30 10:29:34 [INFO]: =======================================================================================
2026-09-30 10:29:34 [INFO]: ------------------>cvs name D:/APP_BCI_PYQUE/captures/UserCMSM/Letters/UserCMSM_R_30.csv<----------------
2026-09-30 10:29:34 [INFO]: {'ventana': 1, 'grupo_voto': 'Letters', 'grupo_final': 'Letters', 'comando': 'R', 'confianza_grupo': 0.9736827433663067, 'confianza_comando': 0.868526365247612}
2026-09-30 10:29:34 [INFO]: {'ventana': 2, 'grupo_voto': 'Letters', 'grupo_final': 'Letters', 'comando': 'R', 'confianza_grupo': 0.9802531926573328, 'confianza_comando': 0.9802113553602557}
2026-09-30 10:29:34 [INFO]: {'ventana': 3, 'grupo_voto': 'Letters', 'grupo_final': 'Letters', 'comando': 'R', 'confianza_grupo': 0.9370072407132146, 'confianza_comando': 0.9281287501334285}
2026-09-30 10:29:34 [INFO]: {'ventana': 4, 'grupo_voto': 'Letters', 'grupo_final': 'Letters', 'comando': 'R', 'confianza_grupo': 0.9651299268210709, 'confianza_comando': 0.43382368822890627}
2026-09-30 10:29:34 [INFO]: Comando predicho R
2026-09-30 10:29:34 [INFO]: Grupo predicho Letters
2026-09-30 10:29:34 [INFO]: ----------------------------------------------------------------
2026-09-30 10:29:35 [INFO]: ------------------>cvs name D:/APP_BCI_PYQUE/captures/UserCMSM/Letters/UserCMSM_R_31.csv<----------------
2026-09-30 10:29:35 [INFO]: {'ventana': 1, 'grupo_voto': 'Letters', 'grupo_final': 'Letters', 'comando': 'D', 'confianza_grupo': 0.9939289353660341, 'confianza_comando': 0.4137900288170182}
2026-09-30 10:29:35 [INFO]: {'ventana': 2, 'grupo_voto': 'Letters', 'grupo_final': 'Letters', 'comando': 'D', 'confianza_grupo': 0.9976519532804341, 'confianza_comando': 0.2957830821759725}
2026-09-30 10:29:35 [INFO]: Comando predicho D
2026-09-30 10:29:35 [INFO]: Grupo predicho Letters
2026-09-30 10:29:35 [INFO]: ----------------------------------------------------------------
2026-09-30 10:29:35 [INFO]: ------------------>cvs name D:/APP_BCI_PYQUE/captures/UserCMSM/Letters/UserCMSM_R_32.csv<----------------
2026-09-30 10:29:35 [INFO]: {'ventana': 1, 'grupo_voto': 'Letters', 'grupo_final': 'Letters', 'comando': 'P', 'confianza_grupo': 0.9915532790850579, 'confianza_comando': 0.11981764098005175}
2026-09-30 10:29:35 [INFO]: Comando predicho U
2026-09-30 10:29:35 [INFO]: Grupo predicho Letters
2026-09-30 10:29:35 [INFO]: ----------------------------------------------------------------
2026-09-30 10:29:35 [INFO]: ------------------>cvs name D:/APP_BCI_PYQUE/captures/UserCMSM/Letters/UserCMSM_R_33.csv<----------------
2026-09-30 10:29:35 [INFO]: {'ventana': 1, 'grupo_voto': 'Letters', 'grupo_final': 'Letters', 'comando': 'C', 'confianza_grupo': 0.9918162191467385, 'confianza_comando': 0.5667587936785499}
2026-09-30 10:29:35 [INFO]: Comando predicho C
2026-09-30 10:29:35 [INFO]: Grupo predicho Letters
2026-09-30 10:29:35 [INFO]: ----------------------------------------------------------------
2026-09-30 10:29:35 [INFO]: El archivo D:/APP_BCI_PYQUE/captures/UserCMSM/Letters/UserCMSM_R_34.csv no existe
2026-09-30 10:29:35 [INFO]: El archivo D:/APP_BCI_PYQUE/captures/UserCMSM/Letters/UserCMSM_R_35.csv no existe
2026-09-30 10:29:35 [INFO]: El archivo D:/APP_BCI_PYQUE/captures/UserCMSM/Letters/UserCMSM_R_36.csv no existe
2026-09-30 10:29:35 [INFO]: El archivo D:/APP_BCI_PYQUE/captures/UserCMSM/Letters/UserCMSM_R_37.csv no existe
2026-09-30 10:29:35 [INFO]: El archivo D:/APP_BCI_PYQUE/captures/UserCMSM/Letters/UserCMSM_R_38.csv no existe
2026-09-30 10:29:35 [INFO]: El archivo D:/APP_BCI_PYQUE/captures/UserCMSM/Letters/UserCMSM_R_39.csv no existe
2026-09-30 10:29:35 [INFO]: El archivo D:/APP_BCI_PYQUE/captures/UserCMSM/Letters/UserCMSM_R_40.csv no existe
2026-09-30 10:29:35 [INFO]: El archivo D:/APP_BCI_PYQUE/captures/UserCMSM/Letters/UserCMSM_R_41.csv no existe
2026-09-30 10:29:36 [INFO]: ------------------>cvs name D:/APP_BCI_PYQUE/captures/UserCMSM/Letters/UserCMSM_R_42.csv<----------------
2026-09-30 10:29:36 [INFO]: {'ventana': 1, 'grupo_voto': 'Letters', 'grupo_final': 'Numbers', 'comando': '6', 'confianza_grupo': 0.8122719386477257, 'confianza_comando': 0.3497646663487647}
2026-09-30 10:29:36 [INFO]: {'ventana': 2, 'grupo_voto': 'Numbers', 'grupo_final': 'Numbers', 'comando': '1', 'confianza_grupo': 0.7123962654999114, 'confianza_comando': 0.3145156642468674}
2026-09-30 10:29:36 [INFO]: {'ventana': 3, 'grupo_voto': 'Numbers', 'grupo_final': 'Numbers', 'comando': '1', 'confianza_grupo': 0.6941802422359736, 'confianza_comando': 0.6853623114584815}
2026-09-30 10:29:36 [INFO]: {'ventana': 4, 'grupo_voto': 'Numbers', 'grupo_final': 'Numbers', 'comando': '1', 'confianza_grupo': 0.9179821576225945, 'confianza_comando': 0.7128687445798362}
2026-09-30 10:29:36 [INFO]: Comando predicho 1
2026-09-30 10:29:36 [INFO]: Grupo predicho Numbers
2026-09-30 10:29:36 [INFO]: ----------------------------------------------------------------
2026-09-30 10:29:37 [INFO]: ------------------>cvs name D:/APP_BCI_PYQUE/captures/UserCMSM/Letters/UserCMSM_R_43.csv<----------------
2026-09-30 10:29:37 [INFO]: {'ventana': 1, 'grupo_voto': 'Letters', 'grupo_final': 'Letters', 'comando': 'R', 'confianza_grupo': 0.9628383399225675, 'confianza_comando': 0.9393117125263956}
2026-09-30 10:29:37 [INFO]: {'ventana': 2, 'grupo_voto': 'Letters', 'grupo_final': 'Letters', 'comando': 'R', 'confianza_grupo': 0.9574706484605274, 'confianza_comando': 0.9639488021720499}
2026-09-30 10:29:37 [INFO]: {'ventana': 3, 'grupo_voto': 'Letters', 'grupo_final': 'Letters', 'comando': 'R', 'confianza_grupo': 0.9265599668649189, 'confianza_comando': 0.939723784177157}
2026-09-30 10:29:37 [INFO]: {'ventana': 4, 'grupo_voto': 'Letters', 'grupo_final': 'Letters', 'comando': 'R', 'confianza_grupo': 0.9333824361194428, 'confianza_comando': 0.9684428599772158}
2026-09-30 10:29:37 [INFO]: Comando predicho R
2026-09-30 10:29:37 [INFO]: Grupo predicho Letters
2026-09-30 10:29:37 [INFO]: ----------------------------------------------------------------
2026-09-30 10:29:37 [INFO]: ------------------>cvs name D:/APP_BCI_PYQUE/captures/UserCMSM/Letters/UserCMSM_R_44.csv<----------------
2026-09-30 10:29:37 [INFO]: {'ventana': 1, 'grupo_voto': 'Numbers', 'grupo_final': 'Numbers', 'comando': '6', 'confianza_grupo': 0.6346198306979867, 'confianza_comando': 0.49038868028262034}
2026-09-30 10:29:37 [INFO]: {'ventana': 2, 'grupo_voto': 'Numbers', 'grupo_final': 'Numbers', 'comando': '6', 'confianza_grupo': 0.6500282776418689, 'confianza_comando': 0.3796643326244601}
2026-09-30 10:29:37 [INFO]: {'ventana': 3, 'grupo_voto': 'Numbers', 'grupo_final': 'Numbers', 'comando': '6', 'confianza_grupo': 0.6376937190558997, 'confianza_comando': 0.2806792362155821}
2026-09-30 10:29:37 [INFO]: {'ventana': 4, 'grupo_voto': 'Numbers', 'grupo_final': 'Numbers', 'comando': '6', 'confianza_grupo': 0.9171805514949636, 'confianza_comando': 0.11299401552145698}
2026-09-30 10:29:37 [INFO]: Comando predicho 6
2026-09-30 10:29:37 [INFO]: Grupo predicho Numbers
2026-09-30 10:29:37 [INFO]: ----------------------------------------------------------------
2026-09-30 10:29:38 [INFO]: ------------------>cvs name D:/APP_BCI_PYQUE/captures/UserCMSM/Letters/UserCMSM_R_45.csv<----------------
2026-09-30 10:29:38 [INFO]: {'ventana': 1, 'grupo_voto': 'Letters', 'grupo_final': 'Letters', 'comando': 'R', 'confianza_grupo': 0.9872458089447225, 'confianza_comando': 0.9770098154238128}
2026-09-30 10:29:38 [INFO]: {'ventana': 2, 'grupo_voto': 'Letters', 'grupo_final': 'Letters', 'comando': 'R', 'confianza_grupo': 0.9783633064518313, 'confianza_comando': 0.9824573341417189}
2026-09-30 10:29:38 [INFO]: {'ventana': 3, 'grupo_voto': 'Letters', 'grupo_final': 'Letters', 'comando': 'R', 'confianza_grupo': 0.9804782932048536, 'confianza_comando': 0.9343035269316701}
2026-09-30 10:29:38 [INFO]: {'ventana': 4, 'grupo_voto': 'Letters', 'grupo_final': 'Letters', 'comando': 'N', 'confianza_grupo': 0.9857696698179705, 'confianza_comando': 0.7797218658605388}
2026-09-30 10:29:38 [INFO]: Comando predicho R
2026-09-30 10:29:38 [INFO]: Grupo predicho Letters
2026-09-30 10:29:38 [INFO]: ----------------------------------------------------------------
2026-09-30 10:29:39 [INFO]: ------------------>cvs name D:/APP_BCI_PYQUE/captures/UserCMSM/Letters/UserCMSM_R_46.csv<----------------
2026-09-30 10:29:39 [INFO]: {'ventana': 1, 'grupo_voto': 'Numbers', 'grupo_final': 'Numbers', 'comando': '9', 'confianza_grupo': 0.8266744428565151, 'confianza_comando': 0.9614066043269908}
2026-09-30 10:29:39 [INFO]: {'ventana': 2, 'grupo_voto': 'Letters', 'grupo_final': 'Numbers', 'comando': '9', 'confianza_grupo': 0.5956847024046826, 'confianza_comando': 0.9726082108268863}
2026-09-30 10:29:39 [INFO]: {'ventana': 3, 'grupo_voto': 'Numbers', 'grupo_final': 'Numbers', 'comando': '9', 'confianza_grupo': 0.5080079336899441, 'confianza_comando': 0.542310815105039}
2026-09-30 10:29:39 [INFO]: {'ventana': 4, 'grupo_voto': 'Letters', 'grupo_final': 'Numbers', 'comando': '9', 'confianza_grupo': 0.6827072003062248, 'confianza_comando': 0.6159741335893574}
2026-09-30 10:29:39 [INFO]: Comando predicho 9
2026-09-30 10:29:39 [INFO]: Grupo predicho Numbers
2026-09-30 10:29:39 [INFO]: ----------------------------------------------------------------
2026-09-30 10:29:39 [INFO]: ------------------>cvs name D:/APP_BCI_PYQUE/captures/UserCMSM/Letters/UserCMSM_R_47.csv<----------------
2026-09-30 10:29:39 [INFO]: {'ventana': 1, 'grupo_voto': 'Letters', 'grupo_final': 'Letters', 'comando': 'R', 'confianza_grupo': 0.972408642587146, 'confianza_comando': 0.9812937216233819}
2026-09-30 10:29:39 [INFO]: {'ventana': 2, 'grupo_voto': 'Letters', 'grupo_final': 'Letters', 'comando': 'R', 'confianza_grupo': 0.965014681091152, 'confianza_comando': 0.9722294717361297}
2026-09-30 10:29:39 [INFO]: {'ventana': 3, 'grupo_voto': 'Letters', 'grupo_final': 'Letters', 'comando': 'R', 'confianza_grupo': 0.9808037582011356, 'confianza_comando': 0.7654364686065348}
2026-09-30 10:29:39 [INFO]: {'ventana': 4, 'grupo_voto': 'Letters', 'grupo_final': 'Letters', 'comando': 'R', 'confianza_grupo': 0.9514204690830632, 'confianza_comando': 0.8580575159018337}
2026-09-30 10:29:39 [INFO]: Comando predicho R
2026-09-30 10:29:39 [INFO]: Grupo predicho Letters
2026-09-30 10:29:39 [INFO]: ----------------------------------------------------------------
2026-09-30 10:29:40 [INFO]: ------------------>cvs name D:/APP_BCI_PYQUE/captures/UserCMSM/Letters/UserCMSM_R_48.csv<----------------
2026-09-30 10:29:40 [INFO]: {'ventana': 1, 'grupo_voto': 'Letters', 'grupo_final': 'Letters', 'comando': 'R', 'confianza_grupo': 0.9729438531438739, 'confianza_comando': 0.9592330082653662}
2026-09-30 10:29:40 [INFO]: {'ventana': 2, 'grupo_voto': 'Letters', 'grupo_final': 'Letters', 'comando': 'R', 'confianza_grupo': 0.964208639215657, 'confianza_comando': 0.9782361000155333}
2026-09-30 10:29:40 [INFO]: {'ventana': 3, 'grupo_voto': 'Letters', 'grupo_final': 'Letters', 'comando': 'R', 'confianza_grupo': 0.9899563663268406, 'confianza_comando': 0.9567576909819419}
2026-09-30 10:29:40 [INFO]: {'ventana': 4, 'grupo_voto': 'Letters', 'grupo_final': 'Letters', 'comando': 'R', 'confianza_grupo': 0.9872069389376842, 'confianza_comando': 0.7898302058195544}
2026-09-30 10:29:40 [INFO]: Comando predicho R
2026-09-30 10:29:40 [INFO]: Grupo predicho Letters
2026-09-30 10:29:40 [INFO]: ----------------------------------------------------------------
2026-09-30 10:29:40 [INFO]: ------------------>cvs name D:/APP_BCI_PYQUE/captures/UserCMSM/Letters/UserCMSM_R_49.csv<----------------
2026-09-30 10:29:40 [INFO]: {'ventana': 1, 'grupo_voto': 'Letters', 'grupo_final': 'Letters', 'comando': 'R', 'confianza_grupo': 0.8422409928573468, 'confianza_comando': 0.838113533447185}
2026-09-30 10:29:40 [INFO]: {'ventana': 2, 'grupo_voto': 'Letters', 'grupo_final': 'Letters', 'comando': 'R', 'confianza_grupo': 0.8692695107686913, 'confianza_comando': 0.9738396165604718}
2026-09-30 10:29:40 [INFO]: {'ventana': 3, 'grupo_voto': 'Letters', 'grupo_final': 'Letters', 'comando': 'R', 'confianza_grupo': 0.9622413642073104, 'confianza_comando': 0.8520142288843916}
2026-09-30 10:29:40 [INFO]: {'ventana': 4, 'grupo_voto': 'Letters', 'grupo_final': 'Letters', 'comando': 'R', 'confianza_grupo': 0.8623700252901983, 'confianza_comando': 0.9598412885247739}
2026-09-30 10:29:40 [INFO]: Comando predicho R
2026-09-30 10:29:40 [INFO]: Grupo predicho Letters
2026-09-30 10:29:40 [INFO]: ----------------------------------------------------------------
2026-09-30 10:29:41 [INFO]: ------------------>cvs name D:/APP_BCI_PYQUE/captures/UserCMSM/Letters/UserCMSM_R_50.csv<----------------
2026-09-30 10:29:41 [INFO]: {'ventana': 1, 'grupo_voto': 'Letters', 'grupo_final': 'Letters', 'comando': 'R', 'confianza_grupo': 0.5745188786022593, 'confianza_comando': 0.9298608090037328}
2026-09-30 10:29:41 [INFO]: {'ventana': 2, 'grupo_voto': 'Letters', 'grupo_final': 'Letters', 'comando': 'R', 'confianza_grupo': 0.7289154157350825, 'confianza_comando': 0.9763085911907521}
2026-09-30 10:29:41 [INFO]: {'ventana': 3, 'grupo_voto': 'Letters', 'grupo_final': 'Letters', 'comando': 'R', 'confianza_grupo': 0.6717909387186365, 'confianza_comando': 0.9816213123555821}
2026-09-30 10:29:41 [INFO]: {'ventana': 4, 'grupo_voto': 'Letters', 'grupo_final': 'Letters', 'comando': 'L', 'confianza_grupo': 0.8639650689980266, 'confianza_comando': 0.4291808140069821}
2026-09-30 10:29:41 [INFO]: Comando predicho R
2026-09-30 10:29:41 [INFO]: Grupo predicho Letters
2026-09-30 10:29:41 [INFO]: ----------------------------------------------------------------
2026-09-30 10:29:42 [INFO]: ------------------>cvs name D:/APP_BCI_PYQUE/captures/UserCMSM/Letters/UserCMSM_R_51.csv<----------------
2026-09-30 10:29:42 [INFO]: {'ventana': 1, 'grupo_voto': 'Letters', 'grupo_final': 'Letters', 'comando': 'L', 'confianza_grupo': 0.6639552021880392, 'confianza_comando': 0.31419902548898604}
2026-09-30 10:29:42 [INFO]: {'ventana': 2, 'grupo_voto': 'Letters', 'grupo_final': 'Letters', 'comando': 'R', 'confianza_grupo': 0.8008289361726416, 'confianza_comando': 0.6602050567451966}
2026-09-30 10:29:42 [INFO]: {'ventana': 3, 'grupo_voto': 'Letters', 'grupo_final': 'Letters', 'comando': 'R', 'confianza_grupo': 0.669020162307688, 'confianza_comando': 0.9876345276160271}
2026-09-30 10:29:42 [INFO]: {'ventana': 4, 'grupo_voto': 'Letters', 'grupo_final': 'Letters', 'comando': 'R', 'confianza_grupo': 0.6524997177796177, 'confianza_comando': 0.9539022812292645}
2026-09-30 10:29:42 [INFO]: Comando predicho R
2026-09-30 10:29:42 [INFO]: Grupo predicho Letters
2026-09-30 10:29:42 [INFO]: ----------------------------------------------------------------
2026-09-30 10:29:42 [INFO]: ------------------>cvs name D:/APP_BCI_PYQUE/captures/UserCMSM/Letters/UserCMSM_R_52.csv<----------------
2026-09-30 10:29:42 [INFO]: {'ventana': 1, 'grupo_voto': 'Letters', 'grupo_final': 'Letters', 'comando': 'R', 'confianza_grupo': 0.9823749230013934, 'confianza_comando': 0.979122757746101}
2026-09-30 10:29:42 [INFO]: {'ventana': 2, 'grupo_voto': 'Letters', 'grupo_final': 'Letters', 'comando': 'R', 'confianza_grupo': 0.9746593961448465, 'confianza_comando': 0.951263691551464}
2026-09-30 10:29:42 [INFO]: {'ventana': 3, 'grupo_voto': 'Letters', 'grupo_final': 'Letters', 'comando': 'R', 'confianza_grupo': 0.9897940674936175, 'confianza_comando': 0.9775215192850559}
2026-09-30 10:29:42 [INFO]: {'ventana': 4, 'grupo_voto': 'Letters', 'grupo_final': 'Letters', 'comando': 'R', 'confianza_grupo': 0.9862593885845968, 'confianza_comando': 0.9691701391978351}
2026-09-30 10:29:42 [INFO]: Comando predicho R
2026-09-30 10:29:42 [INFO]: Grupo predicho Letters
2026-09-30 10:29:42 [INFO]: ----------------------------------------------------------------
2026-09-30 10:29:43 [INFO]: ------------------>cvs name D:/APP_BCI_PYQUE/captures/UserCMSM/Letters/UserCMSM_R_53.csv<----------------
2026-09-30 10:29:43 [INFO]: {'ventana': 1, 'grupo_voto': 'Letters', 'grupo_final': 'Letters', 'comando': 'R', 'confianza_grupo': 0.9423250159268662, 'confianza_comando': 0.9674248395976625}
2026-09-30 10:29:43 [INFO]: {'ventana': 2, 'grupo_voto': 'Letters', 'grupo_final': 'Letters', 'comando': 'R', 'confianza_grupo': 0.9192973952266873, 'confianza_comando': 0.9542989031526485}
2026-09-30 10:29:43 [INFO]: {'ventana': 3, 'grupo_voto': 'Letters', 'grupo_final': 'Letters', 'comando': 'R', 'confianza_grupo': 0.9540286321707042, 'confianza_comando': 0.9628822453864755}
2026-09-30 10:29:43 [INFO]: {'ventana': 4, 'grupo_voto': 'Letters', 'grupo_final': 'Letters', 'comando': 'R', 'confianza_grupo': 0.9346397907550568, 'confianza_comando': 0.9764662881832789}
2026-09-30 10:29:43 [INFO]: Comando predicho R
2026-09-30 10:29:43 [INFO]: Grupo predicho Letters
2026-09-30 10:29:43 [INFO]: ----------------------------------------------------------------
2026-09-30 10:29:43 [INFO]: ------------------>cvs name D:/APP_BCI_PYQUE/captures/UserCMSM/Letters/UserCMSM_R_54.csv<----------------
2026-09-30 10:29:43 [INFO]: {'ventana': 1, 'grupo_voto': 'Letters', 'grupo_final': 'Letters', 'comando': 'R', 'confianza_grupo': 0.985358143199304, 'confianza_comando': 0.9602523696396363}
2026-09-30 10:29:43 [INFO]: {'ventana': 2, 'grupo_voto': 'Letters', 'grupo_final': 'Letters', 'comando': 'R', 'confianza_grupo': 0.9836791150698135, 'confianza_comando': 0.9503028135578045}
2026-09-30 10:29:43 [INFO]: {'ventana': 3, 'grupo_voto': 'Letters', 'grupo_final': 'Letters', 'comando': 'R', 'confianza_grupo': 0.9866130855879277, 'confianza_comando': 0.9700445820339735}
2026-09-30 10:29:43 [INFO]: {'ventana': 4, 'grupo_voto': 'Letters', 'grupo_final': 'Letters', 'comando': 'R', 'confianza_grupo': 0.9867219380132568, 'confianza_comando': 0.9802517733023827}
2026-09-30 10:29:43 [INFO]: Comando predicho R
2026-09-30 10:29:43 [INFO]: Grupo predicho Letters
2026-09-30 10:29:43 [INFO]: ----------------------------------------------------------------
2026-09-30 10:29:44 [INFO]: ------------------>cvs name D:/APP_BCI_PYQUE/captures/UserCMSM/Letters/UserCMSM_R_55.csv<----------------
2026-09-30 10:29:44 [INFO]: {'ventana': 1, 'grupo_voto': 'Letters', 'grupo_final': 'Letters', 'comando': 'R', 'confianza_grupo': 0.7612843117441948, 'confianza_comando': 0.9758831485786702}
2026-09-30 10:29:44 [INFO]: {'ventana': 2, 'grupo_voto': 'Letters', 'grupo_final': 'Letters', 'comando': 'R', 'confianza_grupo': 0.6695646519582641, 'confianza_comando': 0.9752760556193747}
2026-09-30 10:29:44 [INFO]: {'ventana': 3, 'grupo_voto': 'Letters', 'grupo_final': 'Letters', 'comando': 'R', 'confianza_grupo': 0.7007065493386778, 'confianza_comando': 0.970726035953596}
2026-09-30 10:29:44 [INFO]: {'ventana': 4, 'grupo_voto': 'Letters', 'grupo_final': 'Letters', 'comando': 'R', 'confianza_grupo': 0.7929936807965662, 'confianza_comando': 0.9697394390914983}
2026-09-30 10:29:44 [INFO]: Comando predicho R
2026-09-30 10:29:44 [INFO]: Grupo predicho Letters
2026-09-30 10:29:44 [INFO]: ----------------------------------------------------------------
2026-09-30 10:29:45 [INFO]: ------------------>cvs name D:/APP_BCI_PYQUE/captures/UserCMSM/Letters/UserCMSM_R_56.csv<----------------
2026-09-30 10:29:45 [INFO]: {'ventana': 1, 'grupo_voto': 'Letters', 'grupo_final': 'Letters', 'comando': 'R', 'confianza_grupo': 0.7058154097110456, 'confianza_comando': 0.9689091985888152}
2026-09-30 10:29:45 [INFO]: {'ventana': 2, 'grupo_voto': 'Letters', 'grupo_final': 'Letters', 'comando': 'R', 'confianza_grupo': 0.8014175392600101, 'confianza_comando': 0.9866596026015679}
2026-09-30 10:29:45 [INFO]: {'ventana': 3, 'grupo_voto': 'Letters', 'grupo_final': 'Letters', 'comando': 'R', 'confianza_grupo': 0.9472298302203471, 'confianza_comando': 0.9743743165872364}
2026-09-30 10:29:45 [INFO]: {'ventana': 4, 'grupo_voto': 'Letters', 'grupo_final': 'Letters', 'comando': 'R', 'confianza_grupo': 0.9151261825861914, 'confianza_comando': 0.9683144717210042}
2026-09-30 10:29:45 [INFO]: Comando predicho R
2026-09-30 10:29:45 [INFO]: Grupo predicho Letters
2026-09-30 10:29:45 [INFO]: ----------------------------------------------------------------
2026-09-30 10:29:45 [INFO]: ------------------>cvs name D:/APP_BCI_PYQUE/captures/UserCMSM/Letters/UserCMSM_R_57.csv<----------------
2026-09-30 10:29:45 [INFO]: {'ventana': 1, 'grupo_voto': 'Letters', 'grupo_final': 'Letters', 'comando': 'R', 'confianza_grupo': 0.977329282170308, 'confianza_comando': 0.9150495482924155}
2026-09-30 10:29:45 [INFO]: {'ventana': 2, 'grupo_voto': 'Letters', 'grupo_final': 'Letters', 'comando': 'R', 'confianza_grupo': 0.992060842162511, 'confianza_comando': 0.9543372957812462}
2026-09-30 10:29:45 [INFO]: {'ventana': 3, 'grupo_voto': 'Letters', 'grupo_final': 'Letters', 'comando': 'R', 'confianza_grupo': 0.9872467190873073, 'confianza_comando': 0.971728688914615}
2026-09-30 10:29:45 [INFO]: {'ventana': 4, 'grupo_voto': 'Letters', 'grupo_final': 'Letters', 'comando': 'R', 'confianza_grupo': 0.9898862039740273, 'confianza_comando': 0.9695053114136711}
2026-09-30 10:29:45 [INFO]: Comando predicho R
2026-09-30 10:29:45 [INFO]: Grupo predicho Letters
2026-09-30 10:29:45 [INFO]: ----------------------------------------------------------------
2026-09-30 10:29:46 [INFO]: ------------------>cvs name D:/APP_BCI_PYQUE/captures/UserCMSM/Letters/UserCMSM_R_58.csv<----------------
2026-09-30 10:29:46 [INFO]: {'ventana': 1, 'grupo_voto': 'Letters', 'grupo_final': 'Letters', 'comando': 'R', 'confianza_grupo': 0.5351219569437689, 'confianza_comando': 0.948223393295571}
2026-09-30 10:29:46 [INFO]: {'ventana': 2, 'grupo_voto': 'Letters', 'grupo_final': 'Letters', 'comando': 'R', 'confianza_grupo': 0.6741038293499624, 'confianza_comando': 0.9775565153647539}
2026-09-30 10:29:46 [INFO]: {'ventana': 3, 'grupo_voto': 'Letters', 'grupo_final': 'Letters', 'comando': 'R', 'confianza_grupo': 0.6509180149550975, 'confianza_comando': 0.9888369846977535}
2026-09-30 10:29:46 [INFO]: {'ventana': 4, 'grupo_voto': 'Letters', 'grupo_final': 'Letters', 'comando': 'R', 'confianza_grupo': 0.7167512306778054, 'confianza_comando': 0.9339337223936625}
2026-09-30 10:29:46 [INFO]: Comando predicho R
2026-09-30 10:29:46 [INFO]: Grupo predicho Letters
2026-09-30 10:29:46 [INFO]: ----------------------------------------------------------------
2026-09-30 10:29:47 [INFO]: ------------------>cvs name D:/APP_BCI_PYQUE/captures/UserCMSM/Letters/UserCMSM_R_59.csv<----------------
2026-09-30 10:29:47 [INFO]: {'ventana': 1, 'grupo_voto': 'Letters', 'grupo_final': 'Letters', 'comando': 'R', 'confianza_grupo': 0.9489032998404501, 'confianza_comando': 0.7914300335419686}
2026-09-30 10:29:47 [INFO]: {'ventana': 2, 'grupo_voto': 'Letters', 'grupo_final': 'Letters', 'comando': 'S', 'confianza_grupo': 0.9788134130246052, 'confianza_comando': 0.39122574663438686}
2026-09-30 10:29:47 [INFO]: {'ventana': 3, 'grupo_voto': 'Letters', 'grupo_final': 'Letters', 'comando': 'S', 'confianza_grupo': 0.9920411290242284, 'confianza_comando': 0.8232920573938275}
2026-09-30 10:29:47 [INFO]: {'ventana': 4, 'grupo_voto': 'Letters', 'grupo_final': 'Letters', 'comando': 'R', 'confianza_grupo': 0.9677667222244037, 'confianza_comando': 0.9653822328738552}
2026-09-30 10:29:47 [INFO]: Comando predicho R
2026-09-30 10:29:47 [INFO]: Grupo predicho Letters
2026-09-30 10:29:47 [INFO]: ----------------------------------------------------------------
2026-09-30 10:29:47 [INFO]: Del Comando R Total Archivos 22
2026-09-30 10:29:47 [INFO]: Comando Reales Predichos, 16
2026-09-30 10:29:47 [INFO]: Grupo Real Predicho, 19
2026-09-30 10:29:47 [INFO]: =======================================================================================
2026-09-30 10:29:47 [INFO]: =======================================================================================
2026-09-30 10:29:47 [INFO]: ------------------>cvs name D:/APP_BCI_PYQUE/captures/UserCMSM/Letters/UserCMSM_L_30.csv<----------------
2026-09-30 10:29:47 [INFO]: {'ventana': 1, 'grupo_voto': 'Letters', 'grupo_final': 'Letters', 'comando': 'L', 'confianza_grupo': 0.9826531386478832, 'confianza_comando': 0.945150983905998}
2026-09-30 10:29:47 [INFO]: {'ventana': 2, 'grupo_voto': 'Letters', 'grupo_final': 'Letters', 'comando': 'L', 'confianza_grupo': 0.9671824459504424, 'confianza_comando': 0.9858355401880977}
2026-09-30 10:29:47 [INFO]: {'ventana': 3, 'grupo_voto': 'Letters', 'grupo_final': 'Letters', 'comando': 'L', 'confianza_grupo': 0.8475564380074859, 'confianza_comando': 0.9564467264474887}
2026-09-30 10:29:47 [INFO]: {'ventana': 4, 'grupo_voto': 'Letters', 'grupo_final': 'Letters', 'comando': 'L', 'confianza_grupo': 0.8671930805769794, 'confianza_comando': 0.9527101930914421}
2026-09-30 10:29:47 [INFO]: Comando predicho L
2026-09-30 10:29:47 [INFO]: Grupo predicho Letters
2026-09-30 10:29:47 [INFO]: ----------------------------------------------------------------
2026-09-30 10:29:48 [INFO]: ------------------>cvs name D:/APP_BCI_PYQUE/captures/UserCMSM/Letters/UserCMSM_L_31.csv<----------------
2026-09-30 10:29:48 [INFO]: {'ventana': 1, 'grupo_voto': 'Numbers', 'grupo_final': 'Numbers', 'comando': '6', 'confianza_grupo': 0.588581367305548, 'confianza_comando': 0.3409778758759168}
2026-09-30 10:29:48 [INFO]: {'ventana': 2, 'grupo_voto': 'Numbers', 'grupo_final': 'Numbers', 'comando': '0', 'confianza_grupo': 0.6261427065509958, 'confianza_comando': 0.48701476586758874}
2026-09-30 10:29:48 [INFO]: {'ventana': 3, 'grupo_voto': 'Numbers', 'grupo_final': 'Numbers', 'comando': '0', 'confianza_grupo': 0.6933330506200316, 'confianza_comando': 0.44493600220113516}
2026-09-30 10:29:48 [INFO]: {'ventana': 4, 'grupo_voto': 'Numbers', 'grupo_final': 'Numbers', 'comando': '5', 'confianza_grupo': 0.9459238939566548, 'confianza_comando': 0.43602637679006945}
2026-09-30 10:29:48 [INFO]: Comando predicho 0
2026-09-30 10:29:48 [INFO]: Grupo predicho Numbers
2026-09-30 10:29:48 [INFO]: ----------------------------------------------------------------
2026-09-30 10:29:48 [INFO]: ------------------>cvs name D:/APP_BCI_PYQUE/captures/UserCMSM/Letters/UserCMSM_L_32.csv<----------------
2026-09-30 10:29:48 [INFO]: {'ventana': 1, 'grupo_voto': 'Letters', 'grupo_final': 'Letters', 'comando': 'L', 'confianza_grupo': 0.8887496265460975, 'confianza_comando': 0.940791108364935}
2026-09-30 10:29:48 [INFO]: {'ventana': 2, 'grupo_voto': 'Letters', 'grupo_final': 'Letters', 'comando': 'L', 'confianza_grupo': 0.7269206241926378, 'confianza_comando': 0.9753783720229696}
2026-09-30 10:29:48 [INFO]: {'ventana': 3, 'grupo_voto': 'Letters', 'grupo_final': 'Letters', 'comando': 'L', 'confianza_grupo': 0.8506352803607518, 'confianza_comando': 0.9138059729049943}
2026-09-30 10:29:48 [INFO]: {'ventana': 4, 'grupo_voto': 'Numbers', 'grupo_final': 'Letters', 'comando': 'L', 'confianza_grupo': 0.563758948150779, 'confianza_comando': 0.9361047880248712}
2026-09-30 10:29:48 [INFO]: Comando predicho L
2026-09-30 10:29:48 [INFO]: Grupo predicho Letters
2026-09-30 10:29:48 [INFO]: ----------------------------------------------------------------
2026-09-30 10:29:49 [INFO]: ------------------>cvs name D:/APP_BCI_PYQUE/captures/UserCMSM/Letters/UserCMSM_L_33.csv<----------------
2026-09-30 10:29:49 [INFO]: {'ventana': 1, 'grupo_voto': 'Numbers', 'grupo_final': 'Numbers', 'comando': '4', 'confianza_grupo': 0.6749506148232796, 'confianza_comando': 0.9043910571306665}
2026-09-30 10:29:49 [INFO]: {'ventana': 2, 'grupo_voto': 'Letters', 'grupo_final': 'Numbers', 'comando': '4', 'confianza_grupo': 0.7224290240769545, 'confianza_comando': 0.8942565531491788}
2026-09-30 10:29:49 [INFO]: {'ventana': 3, 'grupo_voto': 'Numbers', 'grupo_final': 'Numbers', 'comando': '4', 'confianza_grupo': 0.5251562217910114, 'confianza_comando': 0.9324874119020277}
2026-09-30 10:29:49 [INFO]: {'ventana': 4, 'grupo_voto': 'Numbers', 'grupo_final': 'Numbers', 'comando': '4', 'confianza_grupo': 0.6325923215572735, 'confianza_comando': 0.5902297950751616}
2026-09-30 10:29:49 [INFO]: Comando predicho 4
2026-09-30 10:29:49 [INFO]: Grupo predicho Numbers
2026-09-30 10:29:49 [INFO]: ----------------------------------------------------------------
2026-09-30 10:29:50 [INFO]: ------------------>cvs name D:/APP_BCI_PYQUE/captures/UserCMSM/Letters/UserCMSM_L_34.csv<----------------
2026-09-30 10:29:50 [INFO]: {'ventana': 1, 'grupo_voto': 'Letters', 'grupo_final': 'Letters', 'comando': 'L', 'confianza_grupo': 0.5304185245318422, 'confianza_comando': 0.9627074105937602}
2026-09-30 10:29:50 [INFO]: {'ventana': 2, 'grupo_voto': 'Letters', 'grupo_final': 'Letters', 'comando': 'L', 'confianza_grupo': 0.9641074224654483, 'confianza_comando': 0.7616437521470564}
2026-09-30 10:29:50 [INFO]: {'ventana': 3, 'grupo_voto': 'Letters', 'grupo_final': 'Letters', 'comando': 'L', 'confianza_grupo': 0.9451840865198332, 'confianza_comando': 0.6955174576212771}
2026-09-30 10:29:50 [INFO]: {'ventana': 4, 'grupo_voto': 'Letters', 'grupo_final': 'Letters', 'comando': 'L', 'confianza_grupo': 0.824093557057609, 'confianza_comando': 0.9461341215216394}
2026-09-30 10:29:50 [INFO]: Comando predicho L
2026-09-30 10:29:50 [INFO]: Grupo predicho Letters
2026-09-30 10:29:50 [INFO]: ----------------------------------------------------------------
2026-09-30 10:29:50 [INFO]: ------------------>cvs name D:/APP_BCI_PYQUE/captures/UserCMSM/Letters/UserCMSM_L_35.csv<----------------
2026-09-30 10:29:50 [INFO]: {'ventana': 1, 'grupo_voto': 'Letters', 'grupo_final': 'Letters', 'comando': 'L', 'confianza_grupo': 0.9807019065597883, 'confianza_comando': 0.9650908762272301}
2026-09-30 10:29:50 [INFO]: {'ventana': 2, 'grupo_voto': 'Letters', 'grupo_final': 'Letters', 'comando': 'L', 'confianza_grupo': 0.9863657666376031, 'confianza_comando': 0.9580820576212458}
2026-09-30 10:29:50 [INFO]: {'ventana': 3, 'grupo_voto': 'Letters', 'grupo_final': 'Letters', 'comando': 'L', 'confianza_grupo': 0.9862464194616498, 'confianza_comando': 0.9573474917103099}
2026-09-30 10:29:50 [INFO]: {'ventana': 4, 'grupo_voto': 'Letters', 'grupo_final': 'Letters', 'comando': 'L', 'confianza_grupo': 0.9555038518810267, 'confianza_comando': 0.9171802628438076}
2026-09-30 10:29:50 [INFO]: Comando predicho L
2026-09-30 10:29:50 [INFO]: Grupo predicho Letters
2026-09-30 10:29:50 [INFO]: ----------------------------------------------------------------
2026-09-30 10:29:51 [INFO]: ------------------>cvs name D:/APP_BCI_PYQUE/captures/UserCMSM/Letters/UserCMSM_L_36.csv<----------------
2026-09-30 10:29:51 [INFO]: {'ventana': 1, 'grupo_voto': 'Letters', 'grupo_final': 'Letters', 'comando': 'L', 'confianza_grupo': 0.8664758443825362, 'confianza_comando': 0.7503862501064866}
2026-09-30 10:29:51 [INFO]: {'ventana': 2, 'grupo_voto': 'Letters', 'grupo_final': 'Letters', 'comando': 'L', 'confianza_grupo': 0.8670421669452698, 'confianza_comando': 0.9187159861529627}
2026-09-30 10:29:51 [INFO]: {'ventana': 3, 'grupo_voto': 'Letters', 'grupo_final': 'Letters', 'comando': 'L', 'confianza_grupo': 0.8139375250181178, 'confianza_comando': 0.9399809532101351}
2026-09-30 10:29:51 [INFO]: {'ventana': 4, 'grupo_voto': 'Letters', 'grupo_final': 'Letters', 'comando': 'L', 'confianza_grupo': 0.9557027960002817, 'confianza_comando': 0.9461729771944649}
2026-09-30 10:29:51 [INFO]: Comando predicho L
2026-09-30 10:29:51 [INFO]: Grupo predicho Letters
2026-09-30 10:29:51 [INFO]: ----------------------------------------------------------------
2026-09-30 10:29:52 [INFO]: ------------------>cvs name D:/APP_BCI_PYQUE/captures/UserCMSM/Letters/UserCMSM_L_37.csv<----------------
2026-09-30 10:29:52 [INFO]: {'ventana': 1, 'grupo_voto': 'Letters', 'grupo_final': 'Letters', 'comando': 'S', 'confianza_grupo': 0.9986294605659988, 'confianza_comando': 0.7998834943475458}
2026-09-30 10:29:52 [INFO]: {'ventana': 2, 'grupo_voto': 'Letters', 'grupo_final': 'Letters', 'comando': 'S', 'confianza_grupo': 0.9979895564595805, 'confianza_comando': 0.6996364482630988}
2026-09-30 10:29:52 [INFO]: {'ventana': 3, 'grupo_voto': 'Letters', 'grupo_final': 'Letters', 'comando': 'O', 'confianza_grupo': 0.9981739072787809, 'confianza_comando': 0.4330008642817113}
2026-09-30 10:29:52 [INFO]: {'ventana': 4, 'grupo_voto': 'Letters', 'grupo_final': 'Letters', 'comando': 'S', 'confianza_grupo': 0.9945189609463457, 'confianza_comando': 0.6653196331032971}
2026-09-30 10:29:52 [INFO]: Comando predicho S
2026-09-30 10:29:52 [INFO]: Grupo predicho Letters
2026-09-30 10:29:52 [INFO]: ----------------------------------------------------------------
2026-09-30 10:29:53 [INFO]: ------------------>cvs name D:/APP_BCI_PYQUE/captures/UserCMSM/Letters/UserCMSM_L_38.csv<----------------
2026-09-30 10:29:53 [INFO]: {'ventana': 1, 'grupo_voto': 'Letters', 'grupo_final': 'Letters', 'comando': 'L', 'confianza_grupo': 0.9854422075849156, 'confianza_comando': 0.9351380840335896}
2026-09-30 10:29:53 [INFO]: {'ventana': 2, 'grupo_voto': 'Letters', 'grupo_final': 'Letters', 'comando': 'L', 'confianza_grupo': 0.9895065525493664, 'confianza_comando': 0.9419487113252386}
2026-09-30 10:29:53 [INFO]: {'ventana': 3, 'grupo_voto': 'Letters', 'grupo_final': 'Letters', 'comando': 'L', 'confianza_grupo': 0.9778164393167778, 'confianza_comando': 0.9124979224266987}
2026-09-30 10:29:53 [INFO]: {'ventana': 4, 'grupo_voto': 'Letters', 'grupo_final': 'Letters', 'comando': 'L', 'confianza_grupo': 0.9874489214217987, 'confianza_comando': 0.951773344085348}
2026-09-30 10:29:53 [INFO]: Comando predicho L
2026-09-30 10:29:53 [INFO]: Grupo predicho Letters
2026-09-30 10:29:53 [INFO]: ----------------------------------------------------------------
2026-09-30 10:29:53 [INFO]: ------------------>cvs name D:/APP_BCI_PYQUE/captures/UserCMSM/Letters/UserCMSM_L_39.csv<----------------
2026-09-30 10:29:53 [INFO]: {'ventana': 1, 'grupo_voto': 'Numbers', 'grupo_final': 'Letters', 'comando': 'L', 'confianza_grupo': 0.8449520413818866, 'confianza_comando': 0.8967925234835589}
2026-09-30 10:29:53 [INFO]: {'ventana': 2, 'grupo_voto': 'Letters', 'grupo_final': 'Letters', 'comando': 'L', 'confianza_grupo': 0.7890132005952445, 'confianza_comando': 0.9720324141114514}
2026-09-30 10:29:53 [INFO]: {'ventana': 3, 'grupo_voto': 'Letters', 'grupo_final': 'Letters', 'comando': 'L', 'confianza_grupo': 0.8215781734853156, 'confianza_comando': 0.9613387032917861}
2026-09-30 10:29:53 [INFO]: {'ventana': 4, 'grupo_voto': 'Letters', 'grupo_final': 'Letters', 'comando': 'L', 'confianza_grupo': 0.7836785592986988, 'confianza_comando': 0.855862159970256}
2026-09-30 10:29:53 [INFO]: Comando predicho L
2026-09-30 10:29:53 [INFO]: Grupo predicho Letters
2026-09-30 10:29:53 [INFO]: ----------------------------------------------------------------
2026-09-30 10:29:54 [INFO]: ------------------>cvs name D:/APP_BCI_PYQUE/captures/UserCMSM/Letters/UserCMSM_L_40.csv<----------------
2026-09-30 10:29:54 [INFO]: {'ventana': 1, 'grupo_voto': 'Letters', 'grupo_final': 'Letters', 'comando': 'L', 'confianza_grupo': 0.8606956264426369, 'confianza_comando': 0.919835821634775}
2026-09-30 10:29:54 [INFO]: {'ventana': 2, 'grupo_voto': 'Letters', 'grupo_final': 'Letters', 'comando': 'L', 'confianza_grupo': 0.9782901947891722, 'confianza_comando': 0.9491407431224299}
2026-09-30 10:29:54 [INFO]: {'ventana': 3, 'grupo_voto': 'Letters', 'grupo_final': 'Letters', 'comando': 'L', 'confianza_grupo': 0.9085274770985141, 'confianza_comando': 0.6916794369847924}
2026-09-30 10:29:54 [INFO]: {'ventana': 4, 'grupo_voto': 'Letters', 'grupo_final': 'Letters', 'comando': 'N', 'confianza_grupo': 0.8679465431711558, 'confianza_comando': 0.7452822378626105}
2026-09-30 10:29:54 [INFO]: Comando predicho L
2026-09-30 10:29:54 [INFO]: Grupo predicho Letters
2026-09-30 10:29:54 [INFO]: ----------------------------------------------------------------
2026-09-30 10:29:54 [INFO]: ------------------>cvs name D:/APP_BCI_PYQUE/captures/UserCMSM/Letters/UserCMSM_L_41.csv<----------------
2026-09-30 10:29:54 [INFO]: {'ventana': 1, 'grupo_voto': 'Letters', 'grupo_final': 'Letters', 'comando': 'L', 'confianza_grupo': 0.7807813510895503, 'confianza_comando': 0.9547187934727135}
2026-09-30 10:29:54 [INFO]: {'ventana': 2, 'grupo_voto': 'Letters', 'grupo_final': 'Letters', 'comando': 'L', 'confianza_grupo': 0.9898218526847405, 'confianza_comando': 0.9673393163319071}
2026-09-30 10:29:54 [INFO]: {'ventana': 3, 'grupo_voto': 'Letters', 'grupo_final': 'Letters', 'comando': 'L', 'confianza_grupo': 0.9868823311960893, 'confianza_comando': 0.9372678912712993}
2026-09-30 10:29:54 [INFO]: {'ventana': 4, 'grupo_voto': 'Letters', 'grupo_final': 'Letters', 'comando': 'L', 'confianza_grupo': 0.9852450050746866, 'confianza_comando': 0.9533472261309016}
2026-09-30 10:29:54 [INFO]: Comando predicho L
2026-09-30 10:29:54 [INFO]: Grupo predicho Letters
2026-09-30 10:29:54 [INFO]: ----------------------------------------------------------------
2026-09-30 10:29:55 [INFO]: ------------------>cvs name D:/APP_BCI_PYQUE/captures/UserCMSM/Letters/UserCMSM_L_42.csv<----------------
2026-09-30 10:29:55 [INFO]: {'ventana': 1, 'grupo_voto': 'Letters', 'grupo_final': 'Letters', 'comando': 'L', 'confianza_grupo': 0.9215697218674689, 'confianza_comando': 0.9653376976913084}
2026-09-30 10:29:55 [INFO]: {'ventana': 2, 'grupo_voto': 'Letters', 'grupo_final': 'Letters', 'comando': 'L', 'confianza_grupo': 0.9006417764102819, 'confianza_comando': 0.9612823719052273}
2026-09-30 10:29:55 [INFO]: {'ventana': 3, 'grupo_voto': 'Letters', 'grupo_final': 'Letters', 'comando': 'L', 'confianza_grupo': 0.8628453409169771, 'confianza_comando': 0.9518091198234755}
2026-09-30 10:29:55 [INFO]: {'ventana': 4, 'grupo_voto': 'Letters', 'grupo_final': 'Letters', 'comando': 'L', 'confianza_grupo': 0.8956395726138372, 'confianza_comando': 0.9480451375961938}
2026-09-30 10:29:55 [INFO]: Comando predicho L
2026-09-30 10:29:55 [INFO]: Grupo predicho Letters
2026-09-30 10:29:55 [INFO]: ----------------------------------------------------------------
2026-09-30 10:29:56 [INFO]: ------------------>cvs name D:/APP_BCI_PYQUE/captures/UserCMSM/Letters/UserCMSM_L_43.csv<----------------
2026-09-30 10:29:56 [INFO]: {'ventana': 1, 'grupo_voto': 'Letters', 'grupo_final': 'Letters', 'comando': 'L', 'confianza_grupo': 0.9872614914533162, 'confianza_comando': 0.9358382459458041}
2026-09-30 10:29:56 [INFO]: {'ventana': 2, 'grupo_voto': 'Letters', 'grupo_final': 'Letters', 'comando': 'L', 'confianza_grupo': 0.9758441589329517, 'confianza_comando': 0.9542073015979723}
2026-09-30 10:29:56 [INFO]: {'ventana': 3, 'grupo_voto': 'Letters', 'grupo_final': 'Letters', 'comando': 'L', 'confianza_grupo': 0.9897139291061743, 'confianza_comando': 0.9615550217869616}
2026-09-30 10:29:56 [INFO]: {'ventana': 4, 'grupo_voto': 'Letters', 'grupo_final': 'Letters', 'comando': 'L', 'confianza_grupo': 0.9824321216247058, 'confianza_comando': 0.9461152721317739}
2026-09-30 10:29:56 [INFO]: Comando predicho L
2026-09-30 10:29:56 [INFO]: Grupo predicho Letters
2026-09-30 10:29:56 [INFO]: ----------------------------------------------------------------
2026-09-30 10:29:56 [INFO]: ------------------>cvs name D:/APP_BCI_PYQUE/captures/UserCMSM/Letters/UserCMSM_L_44.csv<----------------
2026-09-30 10:29:56 [INFO]: {'ventana': 1, 'grupo_voto': 'Letters', 'grupo_final': 'Letters', 'comando': 'L', 'confianza_grupo': 0.978121313522864, 'confianza_comando': 0.7744939868441093}
2026-09-30 10:29:56 [INFO]: {'ventana': 2, 'grupo_voto': 'Letters', 'grupo_final': 'Letters', 'comando': 'L', 'confianza_grupo': 0.9759170393653729, 'confianza_comando': 0.8992454637122836}
2026-09-30 10:29:56 [INFO]: {'ventana': 3, 'grupo_voto': 'Letters', 'grupo_final': 'Letters', 'comando': 'L', 'confianza_grupo': 0.9512859706328755, 'confianza_comando': 0.9163390089148153}
2026-09-30 10:29:56 [INFO]: {'ventana': 4, 'grupo_voto': 'Letters', 'grupo_final': 'Letters', 'comando': 'L', 'confianza_grupo': 0.9817338512744913, 'confianza_comando': 0.8170366570725464}
2026-09-30 10:29:56 [INFO]: Comando predicho L
2026-09-30 10:29:56 [INFO]: Grupo predicho Letters
2026-09-30 10:29:56 [INFO]: ----------------------------------------------------------------
2026-09-30 10:29:57 [INFO]: ------------------>cvs name D:/APP_BCI_PYQUE/captures/UserCMSM/Letters/UserCMSM_L_45.csv<----------------
2026-09-30 10:29:57 [INFO]: {'ventana': 1, 'grupo_voto': 'Letters', 'grupo_final': 'Letters', 'comando': 'L', 'confianza_grupo': 0.9972209708371004, 'confianza_comando': 0.8088777286953711}
2026-09-30 10:29:57 [INFO]: {'ventana': 2, 'grupo_voto': 'Letters', 'grupo_final': 'Letters', 'comando': 'L', 'confianza_grupo': 0.9910426728119917, 'confianza_comando': 0.8954708547159396}
2026-09-30 10:29:57 [INFO]: {'ventana': 3, 'grupo_voto': 'Letters', 'grupo_final': 'Letters', 'comando': 'L', 'confianza_grupo': 0.9955453418702954, 'confianza_comando': 0.8454623445376829}
2026-09-30 10:29:57 [INFO]: {'ventana': 4, 'grupo_voto': 'Letters', 'grupo_final': 'Letters', 'comando': 'L', 'confianza_grupo': 0.9894999607693244, 'confianza_comando': 0.6584134898173386}
2026-09-30 10:29:57 [INFO]: Comando predicho L
2026-09-30 10:29:57 [INFO]: Grupo predicho Letters
2026-09-30 10:29:57 [INFO]: ----------------------------------------------------------------
2026-09-30 10:29:57 [INFO]: ------------------>cvs name D:/APP_BCI_PYQUE/captures/UserCMSM/Letters/UserCMSM_L_46.csv<----------------
2026-09-30 10:29:57 [INFO]: {'ventana': 1, 'grupo_voto': 'Letters', 'grupo_final': 'Letters', 'comando': 'L', 'confianza_grupo': 0.9971736955184292, 'confianza_comando': 0.8812542031612177}
2026-09-30 10:29:57 [INFO]: {'ventana': 2, 'grupo_voto': 'Letters', 'grupo_final': 'Letters', 'comando': 'L', 'confianza_grupo': 0.9987438394548251, 'confianza_comando': 0.951294233071612}
2026-09-30 10:29:57 [INFO]: {'ventana': 3, 'grupo_voto': 'Letters', 'grupo_final': 'Letters', 'comando': 'L', 'confianza_grupo': 0.9971743464724316, 'confianza_comando': 0.9380392054145608}
2026-09-30 10:29:57 [INFO]: {'ventana': 4, 'grupo_voto': 'Letters', 'grupo_final': 'Letters', 'comando': 'L', 'confianza_grupo': 0.9959478526852579, 'confianza_comando': 0.9424575338079226}
2026-09-30 10:29:57 [INFO]: Comando predicho L
2026-09-30 10:29:57 [INFO]: Grupo predicho Letters
2026-09-30 10:29:57 [INFO]: ----------------------------------------------------------------
2026-09-30 10:29:58 [INFO]: ------------------>cvs name D:/APP_BCI_PYQUE/captures/UserCMSM/Letters/UserCMSM_L_47.csv<----------------
2026-09-30 10:29:58 [INFO]: {'ventana': 1, 'grupo_voto': 'Letters', 'grupo_final': 'Letters', 'comando': 'D', 'confianza_grupo': 0.5979318442401405, 'confianza_comando': 0.6244080298809292}
2026-09-30 10:29:58 [INFO]: {'ventana': 2, 'grupo_voto': 'Letters', 'grupo_final': 'Letters', 'comando': 'L', 'confianza_grupo': 0.8425172858889588, 'confianza_comando': 0.5064744856758266}
2026-09-30 10:29:58 [INFO]: {'ventana': 3, 'grupo_voto': 'Letters', 'grupo_final': 'Letters', 'comando': 'L', 'confianza_grupo': 0.8836907024025682, 'confianza_comando': 0.9338915663349499}
2026-09-30 10:29:58 [INFO]: {'ventana': 4, 'grupo_voto': 'Letters', 'grupo_final': 'Letters', 'comando': 'L', 'confianza_grupo': 0.9785339097617732, 'confianza_comando': 0.9482785387568553}
2026-09-30 10:29:58 [INFO]: Comando predicho L
2026-09-30 10:29:58 [INFO]: Grupo predicho Letters
2026-09-30 10:29:58 [INFO]: ----------------------------------------------------------------
2026-09-30 10:29:59 [INFO]: ------------------>cvs name D:/APP_BCI_PYQUE/captures/UserCMSM/Letters/UserCMSM_L_48.csv<----------------
2026-09-30 10:29:59 [INFO]: {'ventana': 1, 'grupo_voto': 'Letters', 'grupo_final': 'Letters', 'comando': 'L', 'confianza_grupo': 0.9834945090791961, 'confianza_comando': 0.8331503159418555}
2026-09-30 10:29:59 [INFO]: {'ventana': 2, 'grupo_voto': 'Letters', 'grupo_final': 'Letters', 'comando': 'L', 'confianza_grupo': 0.990575087801852, 'confianza_comando': 0.9456968131157759}
2026-09-30 10:29:59 [INFO]: {'ventana': 3, 'grupo_voto': 'Letters', 'grupo_final': 'Letters', 'comando': 'L', 'confianza_grupo': 0.9813107573482283, 'confianza_comando': 0.38294901874045534}
2026-09-30 10:29:59 [INFO]: {'ventana': 4, 'grupo_voto': 'Letters', 'grupo_final': 'Letters', 'comando': 'I', 'confianza_grupo': 0.9776229593750337, 'confianza_comando': 0.6609556141479911}
2026-09-30 10:29:59 [INFO]: Comando predicho L
2026-09-30 10:29:59 [INFO]: Grupo predicho Letters
2026-09-30 10:29:59 [INFO]: ----------------------------------------------------------------
2026-09-30 10:29:59 [INFO]: ------------------>cvs name D:/APP_BCI_PYQUE/captures/UserCMSM/Letters/UserCMSM_L_49.csv<----------------
2026-09-30 10:29:59 [INFO]: {'ventana': 1, 'grupo_voto': 'Letters', 'grupo_final': 'Letters', 'comando': 'L', 'confianza_grupo': 0.8689406881868853, 'confianza_comando': 0.9217806287789763}
2026-09-30 10:29:59 [INFO]: {'ventana': 2, 'grupo_voto': 'Letters', 'grupo_final': 'Letters', 'comando': 'L', 'confianza_grupo': 0.7985545959516523, 'confianza_comando': 0.9116803424099434}
2026-09-30 10:29:59 [INFO]: {'ventana': 3, 'grupo_voto': 'Letters', 'grupo_final': 'Letters', 'comando': 'L', 'confianza_grupo': 0.8597846972106089, 'confianza_comando': 0.934130969814518}
2026-09-30 10:29:59 [INFO]: {'ventana': 4, 'grupo_voto': 'Letters', 'grupo_final': 'Letters', 'comando': 'L', 'confianza_grupo': 0.8812692346303082, 'confianza_comando': 0.9218992519122088}
2026-09-30 10:29:59 [INFO]: Comando predicho L
2026-09-30 10:29:59 [INFO]: Grupo predicho Letters
2026-09-30 10:29:59 [INFO]: ----------------------------------------------------------------
2026-09-30 10:30:00 [INFO]: ------------------>cvs name D:/APP_BCI_PYQUE/captures/UserCMSM/Letters/UserCMSM_L_50.csv<----------------
2026-09-30 10:30:00 [INFO]: {'ventana': 1, 'grupo_voto': 'Letters', 'grupo_final': 'Letters', 'comando': 'L', 'confianza_grupo': 0.9795016726998688, 'confianza_comando': 0.9441887233223815}
2026-09-30 10:30:00 [INFO]: {'ventana': 2, 'grupo_voto': 'Letters', 'grupo_final': 'Letters', 'comando': 'L', 'confianza_grupo': 0.9840025669805945, 'confianza_comando': 0.93466945499578}
2026-09-30 10:30:00 [INFO]: {'ventana': 3, 'grupo_voto': 'Letters', 'grupo_final': 'Letters', 'comando': 'L', 'confianza_grupo': 0.9672699674723021, 'confianza_comando': 0.9224346606505619}
2026-09-30 10:30:00 [INFO]: {'ventana': 4, 'grupo_voto': 'Letters', 'grupo_final': 'Letters', 'comando': 'L', 'confianza_grupo': 0.9883271571244644, 'confianza_comando': 0.604493982959537}
2026-09-30 10:30:00 [INFO]: Comando predicho L
2026-09-30 10:30:00 [INFO]: Grupo predicho Letters
2026-09-30 10:30:00 [INFO]: ----------------------------------------------------------------
2026-09-30 10:30:01 [INFO]: ------------------>cvs name D:/APP_BCI_PYQUE/captures/UserCMSM/Letters/UserCMSM_L_51.csv<----------------
2026-09-30 10:30:01 [INFO]: {'ventana': 1, 'grupo_voto': 'Letters', 'grupo_final': 'Letters', 'comando': 'L', 'confianza_grupo': 0.9755535674401912, 'confianza_comando': 0.860272551429032}
2026-09-30 10:30:01 [INFO]: {'ventana': 2, 'grupo_voto': 'Letters', 'grupo_final': 'Letters', 'comando': 'L', 'confianza_grupo': 0.9698177714482848, 'confianza_comando': 0.9411701849549525}
2026-09-30 10:30:01 [INFO]: {'ventana': 3, 'grupo_voto': 'Letters', 'grupo_final': 'Letters', 'comando': 'L', 'confianza_grupo': 0.95681742470685, 'confianza_comando': 0.9353841991570534}
2026-09-30 10:30:01 [INFO]: {'ventana': 4, 'grupo_voto': 'Letters', 'grupo_final': 'Letters', 'comando': 'L', 'confianza_grupo': 0.9890397288791066, 'confianza_comando': 0.8620526139260765}
2026-09-30 10:30:01 [INFO]: Comando predicho L
2026-09-30 10:30:01 [INFO]: Grupo predicho Letters
2026-09-30 10:30:01 [INFO]: ----------------------------------------------------------------
2026-09-30 10:30:01 [INFO]: ------------------>cvs name D:/APP_BCI_PYQUE/captures/UserCMSM/Letters/UserCMSM_L_52.csv<----------------
2026-09-30 10:30:01 [INFO]: {'ventana': 1, 'grupo_voto': 'Letters', 'grupo_final': 'Letters', 'comando': 'L', 'confianza_grupo': 0.9385832423376328, 'confianza_comando': 0.4253591702892066}
2026-09-30 10:30:01 [INFO]: {'ventana': 2, 'grupo_voto': 'Letters', 'grupo_final': 'Letters', 'comando': 'L', 'confianza_grupo': 0.9132507987997163, 'confianza_comando': 0.5480752199161321}
2026-09-30 10:30:01 [INFO]: {'ventana': 3, 'grupo_voto': 'Letters', 'grupo_final': 'Letters', 'comando': 'L', 'confianza_grupo': 0.8288807320351984, 'confianza_comando': 0.9581618531329582}
2026-09-30 10:30:01 [INFO]: {'ventana': 4, 'grupo_voto': 'Letters', 'grupo_final': 'Letters', 'comando': 'L', 'confianza_grupo': 0.9493025434555099, 'confianza_comando': 0.9032960432436724}
2026-09-30 10:30:01 [INFO]: Comando predicho L
2026-09-30 10:30:01 [INFO]: Grupo predicho Letters
2026-09-30 10:30:01 [INFO]: ----------------------------------------------------------------
2026-09-30 10:30:02 [INFO]: ------------------>cvs name D:/APP_BCI_PYQUE/captures/UserCMSM/Letters/UserCMSM_L_53.csv<----------------
2026-09-30 10:30:02 [INFO]: {'ventana': 1, 'grupo_voto': 'Letters', 'grupo_final': 'Letters', 'comando': 'L', 'confianza_grupo': 0.9762035100076457, 'confianza_comando': 0.5179761604672768}
2026-09-30 10:30:02 [INFO]: {'ventana': 2, 'grupo_voto': 'Letters', 'grupo_final': 'Letters', 'comando': 'P', 'confianza_grupo': 0.8874391535128303, 'confianza_comando': 0.43380702622052186}
2026-09-30 10:30:02 [INFO]: {'ventana': 3, 'grupo_voto': 'Letters', 'grupo_final': 'Letters', 'comando': 'L', 'confianza_grupo': 0.7951846113970394, 'confianza_comando': 0.7617414735898657}
2026-09-30 10:30:02 [INFO]: {'ventana': 4, 'grupo_voto': 'Letters', 'grupo_final': 'Letters', 'comando': 'L', 'confianza_grupo': 0.7535029250558105, 'confianza_comando': 0.9055207861039762}
2026-09-30 10:30:02 [INFO]: Comando predicho L
2026-09-30 10:30:02 [INFO]: Grupo predicho Letters
2026-09-30 10:30:02 [INFO]: ----------------------------------------------------------------
2026-09-30 10:30:02 [INFO]: ------------------>cvs name D:/APP_BCI_PYQUE/captures/UserCMSM/Letters/UserCMSM_L_54.csv<----------------
2026-09-30 10:30:02 [INFO]: {'ventana': 1, 'grupo_voto': 'Letters', 'grupo_final': 'Letters', 'comando': 'L', 'confianza_grupo': 0.9782144319356626, 'confianza_comando': 0.9642726321639098}
2026-09-30 10:30:02 [INFO]: {'ventana': 2, 'grupo_voto': 'Letters', 'grupo_final': 'Letters', 'comando': 'L', 'confianza_grupo': 0.9803787366010018, 'confianza_comando': 0.9617088142575809}
2026-09-30 10:30:02 [INFO]: {'ventana': 3, 'grupo_voto': 'Letters', 'grupo_final': 'Letters', 'comando': 'L', 'confianza_grupo': 0.9325605779229452, 'confianza_comando': 0.949815482046654}
2026-09-30 10:30:02 [INFO]: {'ventana': 4, 'grupo_voto': 'Letters', 'grupo_final': 'Letters', 'comando': 'L', 'confianza_grupo': 0.9821584248797532, 'confianza_comando': 0.9608936913110825}
2026-09-30 10:30:02 [INFO]: Comando predicho L
2026-09-30 10:30:02 [INFO]: Grupo predicho Letters
2026-09-30 10:30:02 [INFO]: ----------------------------------------------------------------
2026-09-30 10:30:03 [INFO]: ------------------>cvs name D:/APP_BCI_PYQUE/captures/UserCMSM/Letters/UserCMSM_L_55.csv<----------------
2026-09-30 10:30:03 [INFO]: {'ventana': 1, 'grupo_voto': 'Letters', 'grupo_final': 'Letters', 'comando': 'L', 'confianza_grupo': 0.9443614305576069, 'confianza_comando': 0.9569605192059908}
2026-09-30 10:30:03 [INFO]: {'ventana': 2, 'grupo_voto': 'Letters', 'grupo_final': 'Letters', 'comando': 'L', 'confianza_grupo': 0.9301880317225345, 'confianza_comando': 0.9541019120449475}
2026-09-30 10:30:03 [INFO]: {'ventana': 3, 'grupo_voto': 'Letters', 'grupo_final': 'Letters', 'comando': 'L', 'confianza_grupo': 0.9530955828335285, 'confianza_comando': 0.9772274131898729}
2026-09-30 10:30:03 [INFO]: {'ventana': 4, 'grupo_voto': 'Letters', 'grupo_final': 'Letters', 'comando': 'L', 'confianza_grupo': 0.9911528242604133, 'confianza_comando': 0.8722464998114746}
2026-09-30 10:30:03 [INFO]: Comando predicho L
2026-09-30 10:30:03 [INFO]: Grupo predicho Letters
2026-09-30 10:30:03 [INFO]: ----------------------------------------------------------------
2026-09-30 10:30:03 [INFO]: ------------------>cvs name D:/APP_BCI_PYQUE/captures/UserCMSM/Letters/UserCMSM_L_56.csv<----------------
2026-09-30 10:30:03 [INFO]: {'ventana': 1, 'grupo_voto': 'Letters', 'grupo_final': 'Letters', 'comando': 'L', 'confianza_grupo': 0.9978276333615128, 'confianza_comando': 0.8086409823958431}
2026-09-30 10:30:03 [INFO]: {'ventana': 2, 'grupo_voto': 'Letters', 'grupo_final': 'Letters', 'comando': 'L', 'confianza_grupo': 0.9970621651009333, 'confianza_comando': 0.9493504137680503}
2026-09-30 10:30:03 [INFO]: {'ventana': 3, 'grupo_voto': 'Letters', 'grupo_final': 'Letters', 'comando': 'L', 'confianza_grupo': 0.9921002740528654, 'confianza_comando': 0.8368910192276973}
2026-09-30 10:30:03 [INFO]: {'ventana': 4, 'grupo_voto': 'Letters', 'grupo_final': 'Letters', 'comando': 'L', 'confianza_grupo': 0.989397247316164, 'confianza_comando': 0.8548255709654726}
2026-09-30 10:30:03 [INFO]: Comando predicho L
2026-09-30 10:30:03 [INFO]: Grupo predicho Letters
2026-09-30 10:30:03 [INFO]: ----------------------------------------------------------------
2026-09-30 10:30:04 [INFO]: ------------------>cvs name D:/APP_BCI_PYQUE/captures/UserCMSM/Letters/UserCMSM_L_57.csv<----------------
2026-09-30 10:30:04 [INFO]: {'ventana': 1, 'grupo_voto': 'Letters', 'grupo_final': 'Letters', 'comando': 'L', 'confianza_grupo': 0.9930565178403172, 'confianza_comando': 0.712900666999099}
2026-09-30 10:30:04 [INFO]: {'ventana': 2, 'grupo_voto': 'Letters', 'grupo_final': 'Letters', 'comando': 'L', 'confianza_grupo': 0.9890331901945959, 'confianza_comando': 0.9408630766942542}
2026-09-30 10:30:04 [INFO]: {'ventana': 3, 'grupo_voto': 'Letters', 'grupo_final': 'Letters', 'comando': 'L', 'confianza_grupo': 0.9898890522123828, 'confianza_comando': 0.8862020403890445}
2026-09-30 10:30:04 [INFO]: {'ventana': 4, 'grupo_voto': 'Letters', 'grupo_final': 'Letters', 'comando': 'L', 'confianza_grupo': 0.995512015391379, 'confianza_comando': 0.5236290831480059}
2026-09-30 10:30:04 [INFO]: Comando predicho L
2026-09-30 10:30:04 [INFO]: Grupo predicho Letters
2026-09-30 10:30:04 [INFO]: ----------------------------------------------------------------
2026-09-30 10:30:04 [INFO]: ------------------>cvs name D:/APP_BCI_PYQUE/captures/UserCMSM/Letters/UserCMSM_L_58.csv<----------------
2026-09-30 10:30:04 [INFO]: {'ventana': 1, 'grupo_voto': 'Letters', 'grupo_final': 'Letters', 'comando': 'L', 'confianza_grupo': 0.9895306596906409, 'confianza_comando': 0.9047112060568575}
2026-09-30 10:30:04 [INFO]: {'ventana': 2, 'grupo_voto': 'Letters', 'grupo_final': 'Letters', 'comando': 'L', 'confianza_grupo': 0.9963222295723297, 'confianza_comando': 0.9697813765691476}
2026-09-30 10:30:04 [INFO]: {'ventana': 3, 'grupo_voto': 'Letters', 'grupo_final': 'Letters', 'comando': 'L', 'confianza_grupo': 0.9933790105782572, 'confianza_comando': 0.9637519547246916}
2026-09-30 10:30:04 [INFO]: {'ventana': 4, 'grupo_voto': 'Letters', 'grupo_final': 'Letters', 'comando': 'L', 'confianza_grupo': 0.9908390613753717, 'confianza_comando': 0.9354818330512914}
2026-09-30 10:30:04 [INFO]: Comando predicho L
2026-09-30 10:30:04 [INFO]: Grupo predicho Letters
2026-09-30 10:30:04 [INFO]: ----------------------------------------------------------------
2026-09-30 10:30:05 [INFO]: ------------------>cvs name D:/APP_BCI_PYQUE/captures/UserCMSM/Letters/UserCMSM_L_59.csv<----------------
2026-09-30 10:30:05 [INFO]: {'ventana': 1, 'grupo_voto': 'Letters', 'grupo_final': 'Letters', 'comando': 'L', 'confianza_grupo': 0.990074593862243, 'confianza_comando': 0.9241229236428032}
2026-09-30 10:30:05 [INFO]: {'ventana': 2, 'grupo_voto': 'Letters', 'grupo_final': 'Letters', 'comando': 'L', 'confianza_grupo': 0.9778098614001844, 'confianza_comando': 0.9441680493622733}
2026-09-30 10:30:05 [INFO]: {'ventana': 3, 'grupo_voto': 'Letters', 'grupo_final': 'Letters', 'comando': 'L', 'confianza_grupo': 0.9816269585851163, 'confianza_comando': 0.893157920778066}
2026-09-30 10:30:05 [INFO]: {'ventana': 4, 'grupo_voto': 'Letters', 'grupo_final': 'Letters', 'comando': 'L', 'confianza_grupo': 0.9850449108408664, 'confianza_comando': 0.923974808360763}
2026-09-30 10:30:05 [INFO]: Comando predicho L
2026-09-30 10:30:05 [INFO]: Grupo predicho Letters
2026-09-30 10:30:05 [INFO]: ----------------------------------------------------------------
2026-09-30 10:30:05 [INFO]: Del Comando L Total Archivos 30
2026-09-30 10:30:05 [INFO]: Comando Reales Predichos, 27
2026-09-30 10:30:05 [INFO]: Grupo Real Predicho, 28
2026-09-30 10:30:05 [INFO]: =======================================================================================
2026-09-30 10:30:05 [INFO]: =======================================================================================
2026-09-30 10:30:06 [INFO]: ------------------>cvs name D:/APP_BCI_PYQUE/captures/UserCMSM/Letters/UserCMSM_D_30.csv<----------------
2026-09-30 10:30:06 [INFO]: {'ventana': 1, 'grupo_voto': 'Numbers', 'grupo_final': 'Numbers', 'comando': '9', 'confianza_grupo': 0.8936758198514974, 'confianza_comando': 0.5116592992457928}
2026-09-30 10:30:06 [INFO]: {'ventana': 2, 'grupo_voto': 'Numbers', 'grupo_final': 'Numbers', 'comando': '9', 'confianza_grupo': 0.9018401439656619, 'confianza_comando': 0.8770880403073759}
2026-09-30 10:30:06 [INFO]: {'ventana': 3, 'grupo_voto': 'Numbers', 'grupo_final': 'Numbers', 'comando': '4', 'confianza_grupo': 0.9413852870631212, 'confianza_comando': 0.46916593710945914}
2026-09-30 10:30:06 [INFO]: {'ventana': 4, 'grupo_voto': 'Letters', 'grupo_final': 'Numbers', 'comando': '9', 'confianza_grupo': 0.6064513168981049, 'confianza_comando': 0.4226343381357742}
2026-09-30 10:30:06 [INFO]: Comando predicho 9
2026-09-30 10:30:06 [INFO]: Grupo predicho Numbers
2026-09-30 10:30:06 [INFO]: ----------------------------------------------------------------
2026-09-30 10:30:06 [INFO]: ------------------>cvs name D:/APP_BCI_PYQUE/captures/UserCMSM/Letters/UserCMSM_D_31.csv<----------------
2026-09-30 10:30:06 [INFO]: {'ventana': 1, 'grupo_voto': 'Letters', 'grupo_final': 'Letters', 'comando': 'D', 'confianza_grupo': 0.9657877570674732, 'confianza_comando': 0.37906319914973413}
2026-09-30 10:30:06 [INFO]: {'ventana': 2, 'grupo_voto': 'Letters', 'grupo_final': 'Letters', 'comando': 'D', 'confianza_grupo': 0.9539957913304757, 'confianza_comando': 0.9315990474240089}
2026-09-30 10:30:06 [INFO]: {'ventana': 3, 'grupo_voto': 'Letters', 'grupo_final': 'Letters', 'comando': 'D', 'confianza_grupo': 0.8340786042602064, 'confianza_comando': 0.6824782733270512}
2026-09-30 10:30:06 [INFO]: {'ventana': 4, 'grupo_voto': 'Letters', 'grupo_final': 'Letters', 'comando': 'D', 'confianza_grupo': 0.9438304933146577, 'confianza_comando': 0.9521369549652791}
2026-09-30 10:30:06 [INFO]: Comando predicho D
2026-09-30 10:30:06 [INFO]: Grupo predicho Letters
2026-09-30 10:30:06 [INFO]: ----------------------------------------------------------------
2026-09-30 10:30:07 [INFO]: ------------------>cvs name D:/APP_BCI_PYQUE/captures/UserCMSM/Letters/UserCMSM_D_32.csv<----------------
2026-09-30 10:30:07 [INFO]: {'ventana': 1, 'grupo_voto': 'Letters', 'grupo_final': 'Letters', 'comando': 'D', 'confianza_grupo': 0.8140967384738964, 'confianza_comando': 0.9122435014058471}
2026-09-30 10:30:07 [INFO]: {'ventana': 2, 'grupo_voto': 'Letters', 'grupo_final': 'Letters', 'comando': 'D', 'confianza_grupo': 0.8101254016867298, 'confianza_comando': 0.9299261299753298}
2026-09-30 10:30:07 [INFO]: {'ventana': 3, 'grupo_voto': 'Letters', 'grupo_final': 'Letters', 'comando': 'D', 'confianza_grupo': 0.8299888519778733, 'confianza_comando': 0.9023962333903213}
2026-09-30 10:30:07 [INFO]: {'ventana': 4, 'grupo_voto': 'Letters', 'grupo_final': 'Letters', 'comando': 'D', 'confianza_grupo': 0.5717840126967348, 'confianza_comando': 0.7317015099756206}
2026-09-30 10:30:07 [INFO]: Comando predicho D
2026-09-30 10:30:07 [INFO]: Grupo predicho Letters
2026-09-30 10:30:07 [INFO]: ----------------------------------------------------------------
2026-09-30 10:30:07 [INFO]: ------------------>cvs name D:/APP_BCI_PYQUE/captures/UserCMSM/Letters/UserCMSM_D_33.csv<----------------
2026-09-30 10:30:07 [INFO]: {'ventana': 1, 'grupo_voto': 'Letters', 'grupo_final': 'Letters', 'comando': 'D', 'confianza_grupo': 0.994198501750952, 'confianza_comando': 0.723540224814529}
2026-09-30 10:30:07 [INFO]: {'ventana': 2, 'grupo_voto': 'Letters', 'grupo_final': 'Letters', 'comando': 'D', 'confianza_grupo': 0.9905312598271239, 'confianza_comando': 0.9552984818571171}
2026-09-30 10:30:07 [INFO]: {'ventana': 3, 'grupo_voto': 'Letters', 'grupo_final': 'Letters', 'comando': 'D', 'confianza_grupo': 0.9865012204980805, 'confianza_comando': 0.9556895158149005}
2026-09-30 10:30:07 [INFO]: {'ventana': 4, 'grupo_voto': 'Letters', 'grupo_final': 'Letters', 'comando': 'D', 'confianza_grupo': 0.9831165379669579, 'confianza_comando': 0.9181210012050016}
2026-09-30 10:30:07 [INFO]: Comando predicho D
2026-09-30 10:30:07 [INFO]: Grupo predicho Letters
2026-09-30 10:30:07 [INFO]: ----------------------------------------------------------------
2026-09-30 10:30:08 [INFO]: ------------------>cvs name D:/APP_BCI_PYQUE/captures/UserCMSM/Letters/UserCMSM_D_34.csv<----------------
2026-09-30 10:30:08 [INFO]: {'ventana': 1, 'grupo_voto': 'Letters', 'grupo_final': 'Letters', 'comando': 'D', 'confianza_grupo': 0.9725066002813488, 'confianza_comando': 0.9563037555605336}
2026-09-30 10:30:08 [INFO]: {'ventana': 2, 'grupo_voto': 'Letters', 'grupo_final': 'Letters', 'comando': 'D', 'confianza_grupo': 0.9730405808346978, 'confianza_comando': 0.9608562459458087}
2026-09-30 10:30:08 [INFO]: {'ventana': 3, 'grupo_voto': 'Letters', 'grupo_final': 'Letters', 'comando': 'D', 'confianza_grupo': 0.9931450538712012, 'confianza_comando': 0.9307837917379602}
2026-09-30 10:30:08 [INFO]: {'ventana': 4, 'grupo_voto': 'Letters', 'grupo_final': 'Letters', 'comando': 'D', 'confianza_grupo': 0.9886537913964909, 'confianza_comando': 0.9822399155789867}
2026-09-30 10:30:08 [INFO]: Comando predicho D
2026-09-30 10:30:08 [INFO]: Grupo predicho Letters
2026-09-30 10:30:08 [INFO]: ----------------------------------------------------------------
2026-09-30 10:30:08 [INFO]: ------------------>cvs name D:/APP_BCI_PYQUE/captures/UserCMSM/Letters/UserCMSM_D_35.csv<----------------
2026-09-30 10:30:08 [INFO]: {'ventana': 1, 'grupo_voto': 'Letters', 'grupo_final': 'Letters', 'comando': 'D', 'confianza_grupo': 0.9278268967376854, 'confianza_comando': 0.9545931654758021}
2026-09-30 10:30:08 [INFO]: {'ventana': 2, 'grupo_voto': 'Letters', 'grupo_final': 'Letters', 'comando': 'D', 'confianza_grupo': 0.9514681431569563, 'confianza_comando': 0.9623109812641031}
2026-09-30 10:30:08 [INFO]: {'ventana': 3, 'grupo_voto': 'Letters', 'grupo_final': 'Letters', 'comando': 'D', 'confianza_grupo': 0.9565509853681328, 'confianza_comando': 0.9682959654243071}
2026-09-30 10:30:08 [INFO]: {'ventana': 4, 'grupo_voto': 'Letters', 'grupo_final': 'Letters', 'comando': 'D', 'confianza_grupo': 0.9306821901160933, 'confianza_comando': 0.9589359621422386}
2026-09-30 10:30:08 [INFO]: Comando predicho D
2026-09-30 10:30:08 [INFO]: Grupo predicho Letters
2026-09-30 10:30:08 [INFO]: ----------------------------------------------------------------
2026-09-30 10:30:09 [INFO]: ------------------>cvs name D:/APP_BCI_PYQUE/captures/UserCMSM/Letters/UserCMSM_D_36.csv<----------------
2026-09-30 10:30:09 [INFO]: {'ventana': 1, 'grupo_voto': 'Letters', 'grupo_final': 'Letters', 'comando': 'D', 'confianza_grupo': 0.9831228932743474, 'confianza_comando': 0.9586669427787452}
2026-09-30 10:30:09 [INFO]: {'ventana': 2, 'grupo_voto': 'Letters', 'grupo_final': 'Letters', 'comando': 'D', 'confianza_grupo': 0.9733399316021794, 'confianza_comando': 0.9655065124671242}
2026-09-30 10:30:09 [INFO]: {'ventana': 3, 'grupo_voto': 'Letters', 'grupo_final': 'Letters', 'comando': 'D', 'confianza_grupo': 0.9808423787469301, 'confianza_comando': 0.9525578406613161}
2026-09-30 10:30:09 [INFO]: {'ventana': 4, 'grupo_voto': 'Letters', 'grupo_final': 'Letters', 'comando': 'D', 'confianza_grupo': 0.985436056666253, 'confianza_comando': 0.6336512378049782}
2026-09-30 10:30:09 [INFO]: Comando predicho D
2026-09-30 10:30:09 [INFO]: Grupo predicho Letters
2026-09-30 10:30:09 [INFO]: ----------------------------------------------------------------
2026-09-30 10:30:10 [INFO]: ------------------>cvs name D:/APP_BCI_PYQUE/captures/UserCMSM/Letters/UserCMSM_D_37.csv<----------------
2026-09-30 10:30:10 [INFO]: {'ventana': 1, 'grupo_voto': 'Letters', 'grupo_final': 'Letters', 'comando': 'P', 'confianza_grupo': 0.9952584731687883, 'confianza_comando': 0.2305903802005351}
2026-09-30 10:30:10 [INFO]: {'ventana': 2, 'grupo_voto': 'Letters', 'grupo_final': 'Letters', 'comando': 'B', 'confianza_grupo': 0.9937504849512029, 'confianza_comando': 0.5697136296315023}
2026-09-30 10:30:10 [INFO]: {'ventana': 3, 'grupo_voto': 'Letters', 'grupo_final': 'Letters', 'comando': 'U', 'confianza_grupo': 0.9916809624048891, 'confianza_comando': 0.7753185973158724}
2026-09-30 10:30:10 [INFO]: {'ventana': 4, 'grupo_voto': 'Letters', 'grupo_final': 'Letters', 'comando': 'U', 'confianza_grupo': 0.9947707527655971, 'confianza_comando': 0.5921641416942431}
2026-09-30 10:30:10 [INFO]: Comando predicho U
2026-09-30 10:30:10 [INFO]: Grupo predicho Letters
2026-09-30 10:30:10 [INFO]: ----------------------------------------------------------------
2026-09-30 10:30:10 [INFO]: ------------------>cvs name D:/APP_BCI_PYQUE/captures/UserCMSM/Letters/UserCMSM_D_38.csv<----------------
2026-09-30 10:30:10 [INFO]: {'ventana': 1, 'grupo_voto': 'Letters', 'grupo_final': 'Numbers', 'comando': '2', 'confianza_grupo': 0.7762351300160094, 'confianza_comando': 0.6057414099997727}
2026-09-30 10:30:10 [INFO]: {'ventana': 2, 'grupo_voto': 'Letters', 'grupo_final': 'Numbers', 'comando': '2', 'confianza_grupo': 0.5417775150261253, 'confianza_comando': 0.36830537410279557}
2026-09-30 10:30:10 [INFO]: {'ventana': 3, 'grupo_voto': 'Numbers', 'grupo_final': 'Numbers', 'comando': '8', 'confianza_grupo': 0.6359119447079254, 'confianza_comando': 0.38270008412447665}
2026-09-30 10:30:10 [INFO]: {'ventana': 4, 'grupo_voto': 'Numbers', 'grupo_final': 'Numbers', 'comando': '5', 'confianza_grupo': 0.7659944937634847, 'confianza_comando': 0.7698998932024216}
2026-09-30 10:30:10 [INFO]: Comando predicho 5
2026-09-30 10:30:10 [INFO]: Grupo predicho Numbers
2026-09-30 10:30:10 [INFO]: ----------------------------------------------------------------
2026-09-30 10:30:11 [INFO]: ------------------>cvs name D:/APP_BCI_PYQUE/captures/UserCMSM/Letters/UserCMSM_D_39.csv<----------------
2026-09-30 10:30:11 [INFO]: {'ventana': 1, 'grupo_voto': 'Letters', 'grupo_final': 'Letters', 'comando': 'D', 'confianza_grupo': 0.9901548189874434, 'confianza_comando': 0.7422982499043446}
2026-09-30 10:30:11 [INFO]: {'ventana': 2, 'grupo_voto': 'Letters', 'grupo_final': 'Letters', 'comando': 'D', 'confianza_grupo': 0.9947967563525484, 'confianza_comando': 0.8854150142368032}
2026-09-30 10:30:11 [INFO]: {'ventana': 3, 'grupo_voto': 'Letters', 'grupo_final': 'Letters', 'comando': 'D', 'confianza_grupo': 0.9956912406146594, 'confianza_comando': 0.9573507952515848}
2026-09-30 10:30:11 [INFO]: {'ventana': 4, 'grupo_voto': 'Letters', 'grupo_final': 'Letters', 'comando': 'D', 'confianza_grupo': 0.9979148027974056, 'confianza_comando': 0.7608501238091957}
2026-09-30 10:30:11 [INFO]: Comando predicho D
2026-09-30 10:30:11 [INFO]: Grupo predicho Letters
2026-09-30 10:30:11 [INFO]: ----------------------------------------------------------------
2026-09-30 10:30:11 [INFO]: ------------------>cvs name D:/APP_BCI_PYQUE/captures/UserCMSM/Letters/UserCMSM_D_40.csv<----------------
2026-09-30 10:30:11 [INFO]: {'ventana': 1, 'grupo_voto': 'Letters', 'grupo_final': 'Letters', 'comando': 'D', 'confianza_grupo': 0.9678973678092891, 'confianza_comando': 0.881060266948339}
2026-09-30 10:30:11 [INFO]: {'ventana': 2, 'grupo_voto': 'Letters', 'grupo_final': 'Letters', 'comando': 'D', 'confianza_grupo': 0.9640824986487734, 'confianza_comando': 0.9841061566379984}
2026-09-30 10:30:11 [INFO]: {'ventana': 3, 'grupo_voto': 'Letters', 'grupo_final': 'Letters', 'comando': 'D', 'confianza_grupo': 0.9836047202648206, 'confianza_comando': 0.9647571740802372}
2026-09-30 10:30:11 [INFO]: {'ventana': 4, 'grupo_voto': 'Letters', 'grupo_final': 'Letters', 'comando': 'D', 'confianza_grupo': 0.9803337358275445, 'confianza_comando': 0.8259572291428838}
2026-09-30 10:30:11 [INFO]: Comando predicho D
2026-09-30 10:30:11 [INFO]: Grupo predicho Letters
2026-09-30 10:30:11 [INFO]: ----------------------------------------------------------------
2026-09-30 10:30:12 [INFO]: ------------------>cvs name D:/APP_BCI_PYQUE/captures/UserCMSM/Letters/UserCMSM_D_41.csv<----------------
2026-09-30 10:30:12 [INFO]: {'ventana': 1, 'grupo_voto': 'Letters', 'grupo_final': 'Letters', 'comando': 'D', 'confianza_grupo': 0.9830350535892235, 'confianza_comando': 0.9335487444598741}
2026-09-30 10:30:12 [INFO]: {'ventana': 2, 'grupo_voto': 'Letters', 'grupo_final': 'Letters', 'comando': 'D', 'confianza_grupo': 0.9884814957939607, 'confianza_comando': 0.8100437170178512}
2026-09-30 10:30:12 [INFO]: {'ventana': 3, 'grupo_voto': 'Letters', 'grupo_final': 'Letters', 'comando': 'D', 'confianza_grupo': 0.9769005181994226, 'confianza_comando': 0.9293368703363419}
2026-09-30 10:30:12 [INFO]: {'ventana': 4, 'grupo_voto': 'Letters', 'grupo_final': 'Letters', 'comando': 'D', 'confianza_grupo': 0.9705198581219218, 'confianza_comando': 0.7498179008367539}
2026-09-30 10:30:12 [INFO]: Comando predicho D
2026-09-30 10:30:12 [INFO]: Grupo predicho Letters
2026-09-30 10:30:12 [INFO]: ----------------------------------------------------------------
2026-09-30 10:30:12 [INFO]: ------------------>cvs name D:/APP_BCI_PYQUE/captures/UserCMSM/Letters/UserCMSM_D_42.csv<----------------
2026-09-30 10:30:12 [INFO]: {'ventana': 1, 'grupo_voto': 'Letters', 'grupo_final': 'Letters', 'comando': 'D', 'confianza_grupo': 0.8850738846831043, 'confianza_comando': 0.9734116955738953}
2026-09-30 10:30:12 [INFO]: {'ventana': 2, 'grupo_voto': 'Letters', 'grupo_final': 'Letters', 'comando': 'D', 'confianza_grupo': 0.7980941872346653, 'confianza_comando': 0.941630868069065}
2026-09-30 10:30:12 [INFO]: {'ventana': 3, 'grupo_voto': 'Letters', 'grupo_final': 'Letters', 'comando': 'D', 'confianza_grupo': 0.9568053843360543, 'confianza_comando': 0.9509577219653448}
2026-09-30 10:30:12 [INFO]: {'ventana': 4, 'grupo_voto': 'Letters', 'grupo_final': 'Letters', 'comando': 'D', 'confianza_grupo': 0.9761326258297405, 'confianza_comando': 0.9533892213162541}
2026-09-30 10:30:12 [INFO]: Comando predicho D
2026-09-30 10:30:12 [INFO]: Grupo predicho Letters
2026-09-30 10:30:12 [INFO]: ----------------------------------------------------------------
2026-09-30 10:30:13 [INFO]: ------------------>cvs name D:/APP_BCI_PYQUE/captures/UserCMSM/Letters/UserCMSM_D_43.csv<----------------
2026-09-30 10:30:13 [INFO]: {'ventana': 1, 'grupo_voto': 'Letters', 'grupo_final': 'Letters', 'comando': 'O', 'confianza_grupo': 0.9775861412346317, 'confianza_comando': 0.2422960372636194}
2026-09-30 10:30:13 [INFO]: {'ventana': 2, 'grupo_voto': 'Letters', 'grupo_final': 'Letters', 'comando': 'D', 'confianza_grupo': 0.9750058264095443, 'confianza_comando': 0.8170458881916582}
2026-09-30 10:30:13 [INFO]: {'ventana': 3, 'grupo_voto': 'Letters', 'grupo_final': 'Letters', 'comando': 'D', 'confianza_grupo': 0.9813677921848903, 'confianza_comando': 0.9688871497094516}
2026-09-30 10:30:13 [INFO]: {'ventana': 4, 'grupo_voto': 'Letters', 'grupo_final': 'Letters', 'comando': 'D', 'confianza_grupo': 0.9593929153999613, 'confianza_comando': 0.9703802654657907}
2026-09-30 10:30:13 [INFO]: Comando predicho D
2026-09-30 10:30:13 [INFO]: Grupo predicho Letters
2026-09-30 10:30:13 [INFO]: ----------------------------------------------------------------
2026-09-30 10:30:13 [INFO]: ------------------>cvs name D:/APP_BCI_PYQUE/captures/UserCMSM/Letters/UserCMSM_D_44.csv<----------------
2026-09-30 10:30:13 [INFO]: {'ventana': 1, 'grupo_voto': 'Letters', 'grupo_final': 'Letters', 'comando': 'D', 'confianza_grupo': 0.9762708928641195, 'confianza_comando': 0.43274376932710923}
2026-09-30 10:30:13 [INFO]: {'ventana': 2, 'grupo_voto': 'Letters', 'grupo_final': 'Letters', 'comando': 'D', 'confianza_grupo': 0.9418045734687275, 'confianza_comando': 0.4012839139602613}
2026-09-30 10:30:13 [INFO]: {'ventana': 3, 'grupo_voto': 'Letters', 'grupo_final': 'Letters', 'comando': 'D', 'confianza_grupo': 0.932192394554701, 'confianza_comando': 0.5597995848869066}
2026-09-30 10:30:13 [INFO]: {'ventana': 4, 'grupo_voto': 'Letters', 'grupo_final': 'Letters', 'comando': 'D', 'confianza_grupo': 0.949483521262685, 'confianza_comando': 0.4006716397128776}
2026-09-30 10:30:13 [INFO]: Comando predicho D
2026-09-30 10:30:13 [INFO]: Grupo predicho Letters
2026-09-30 10:30:13 [INFO]: ----------------------------------------------------------------
2026-09-30 10:30:14 [INFO]: ------------------>cvs name D:/APP_BCI_PYQUE/captures/UserCMSM/Letters/UserCMSM_D_45.csv<----------------
2026-09-30 10:30:14 [INFO]: {'ventana': 1, 'grupo_voto': 'Letters', 'grupo_final': 'Letters', 'comando': 'S', 'confianza_grupo': 0.9752826968707791, 'confianza_comando': 0.4059155588864017}
2026-09-30 10:30:14 [INFO]: {'ventana': 2, 'grupo_voto': 'Letters', 'grupo_final': 'Letters', 'comando': 'D', 'confianza_grupo': 0.9838666728618297, 'confianza_comando': 0.5685623732852186}
2026-09-30 10:30:14 [INFO]: {'ventana': 3, 'grupo_voto': 'Letters', 'grupo_final': 'Letters', 'comando': 'L', 'confianza_grupo': 0.9820646820998379, 'confianza_comando': 0.7068796655756157}
2026-09-30 10:30:14 [INFO]: {'ventana': 4, 'grupo_voto': 'Letters', 'grupo_final': 'Letters', 'comando': 'L', 'confianza_grupo': 0.9489655246906704, 'confianza_comando': 0.6205141806642802}
2026-09-30 10:30:14 [INFO]: Comando predicho L
2026-09-30 10:30:14 [INFO]: Grupo predicho Letters
2026-09-30 10:30:14 [INFO]: ----------------------------------------------------------------
2026-09-30 10:30:14 [INFO]: ------------------>cvs name D:/APP_BCI_PYQUE/captures/UserCMSM/Letters/UserCMSM_D_46.csv<----------------
2026-09-30 10:30:14 [INFO]: {'ventana': 1, 'grupo_voto': 'Letters', 'grupo_final': 'Letters', 'comando': 'D', 'confianza_grupo': 0.9916240432724424, 'confianza_comando': 0.9587020044467502}
2026-09-30 10:30:14 [INFO]: {'ventana': 2, 'grupo_voto': 'Letters', 'grupo_final': 'Letters', 'comando': 'D', 'confianza_grupo': 0.9929293500910265, 'confianza_comando': 0.967800829988955}
2026-09-30 10:30:14 [INFO]: {'ventana': 3, 'grupo_voto': 'Letters', 'grupo_final': 'Letters', 'comando': 'D', 'confianza_grupo': 0.9958006280109788, 'confianza_comando': 0.9742259157438562}
2026-09-30 10:30:14 [INFO]: {'ventana': 4, 'grupo_voto': 'Letters', 'grupo_final': 'Letters', 'comando': 'D', 'confianza_grupo': 0.9939127367288767, 'confianza_comando': 0.9486133794618068}
2026-09-30 10:30:14 [INFO]: Comando predicho D
2026-09-30 10:30:14 [INFO]: Grupo predicho Letters
2026-09-30 10:30:14 [INFO]: ----------------------------------------------------------------
2026-09-30 10:30:15 [INFO]: ------------------>cvs name D:/APP_BCI_PYQUE/captures/UserCMSM/Letters/UserCMSM_D_47.csv<----------------
2026-09-30 10:30:15 [INFO]: {'ventana': 1, 'grupo_voto': 'Letters', 'grupo_final': 'Letters', 'comando': 'D', 'confianza_grupo': 0.7469258133688599, 'confianza_comando': 0.9751907033872302}
2026-09-30 10:30:15 [INFO]: {'ventana': 2, 'grupo_voto': 'Letters', 'grupo_final': 'Letters', 'comando': 'D', 'confianza_grupo': 0.7563146982123168, 'confianza_comando': 0.9472806634784934}
2026-09-30 10:30:15 [INFO]: {'ventana': 3, 'grupo_voto': 'Letters', 'grupo_final': 'Letters', 'comando': 'D', 'confianza_grupo': 0.7027500442080677, 'confianza_comando': 0.9327987399368077}
2026-09-30 10:30:15 [INFO]: {'ventana': 4, 'grupo_voto': 'Letters', 'grupo_final': 'Letters', 'comando': 'D', 'confianza_grupo': 0.8136348837286138, 'confianza_comando': 0.4052169456214143}
2026-09-30 10:30:15 [INFO]: Comando predicho D
2026-09-30 10:30:15 [INFO]: Grupo predicho Letters
2026-09-30 10:30:15 [INFO]: ----------------------------------------------------------------
2026-09-30 10:30:15 [INFO]: ------------------>cvs name D:/APP_BCI_PYQUE/captures/UserCMSM/Letters/UserCMSM_D_48.csv<----------------
2026-09-30 10:30:15 [INFO]: {'ventana': 1, 'grupo_voto': 'Letters', 'grupo_final': 'Letters', 'comando': 'D', 'confianza_grupo': 0.9805780403848984, 'confianza_comando': 0.527569475889435}
2026-09-30 10:30:15 [INFO]: {'ventana': 2, 'grupo_voto': 'Letters', 'grupo_final': 'Letters', 'comando': 'D', 'confianza_grupo': 0.9733710923658295, 'confianza_comando': 0.9079486274006725}
2026-09-30 10:30:15 [INFO]: {'ventana': 3, 'grupo_voto': 'Letters', 'grupo_final': 'Letters', 'comando': 'D', 'confianza_grupo': 0.9856787635153874, 'confianza_comando': 0.9333989130255329}
2026-09-30 10:30:15 [INFO]: {'ventana': 4, 'grupo_voto': 'Letters', 'grupo_final': 'Letters', 'comando': 'D', 'confianza_grupo': 0.9711815731793735, 'confianza_comando': 0.9633730952629046}
2026-09-30 10:30:15 [INFO]: Comando predicho D
2026-09-30 10:30:15 [INFO]: Grupo predicho Letters
2026-09-30 10:30:15 [INFO]: ----------------------------------------------------------------
2026-09-30 10:30:16 [INFO]: ------------------>cvs name D:/APP_BCI_PYQUE/captures/UserCMSM/Letters/UserCMSM_D_49.csv<----------------
2026-09-30 10:30:16 [INFO]: {'ventana': 1, 'grupo_voto': 'Letters', 'grupo_final': 'Letters', 'comando': 'D', 'confianza_grupo': 0.9945641978191948, 'confianza_comando': 0.43469137404533176}
2026-09-30 10:30:16 [INFO]: {'ventana': 2, 'grupo_voto': 'Letters', 'grupo_final': 'Letters', 'comando': 'D', 'confianza_grupo': 0.988022821168856, 'confianza_comando': 0.7558860817280516}
2026-09-30 10:30:16 [INFO]: {'ventana': 3, 'grupo_voto': 'Letters', 'grupo_final': 'Letters', 'comando': 'D', 'confianza_grupo': 0.9852953389908004, 'confianza_comando': 0.9730923637315938}
2026-09-30 10:30:16 [INFO]: {'ventana': 4, 'grupo_voto': 'Letters', 'grupo_final': 'Letters', 'comando': 'D', 'confianza_grupo': 0.9671174582816251, 'confianza_comando': 0.9956990637087105}
2026-09-30 10:30:16 [INFO]: Comando predicho D
2026-09-30 10:30:16 [INFO]: Grupo predicho Letters
2026-09-30 10:30:16 [INFO]: ----------------------------------------------------------------
2026-09-30 10:30:17 [INFO]: ------------------>cvs name D:/APP_BCI_PYQUE/captures/UserCMSM/Letters/UserCMSM_D_50.csv<----------------
2026-09-30 10:30:17 [INFO]: {'ventana': 1, 'grupo_voto': 'Letters', 'grupo_final': 'Letters', 'comando': 'D', 'confianza_grupo': 0.9889411719538871, 'confianza_comando': 0.9702261086035906}
2026-09-30 10:30:17 [INFO]: {'ventana': 2, 'grupo_voto': 'Letters', 'grupo_final': 'Letters', 'comando': 'D', 'confianza_grupo': 0.9831246604839234, 'confianza_comando': 0.9197733742873564}
2026-09-30 10:30:17 [INFO]: {'ventana': 3, 'grupo_voto': 'Letters', 'grupo_final': 'Letters', 'comando': 'D', 'confianza_grupo': 0.9938198649998672, 'confianza_comando': 0.9210603339334331}
2026-09-30 10:30:17 [INFO]: {'ventana': 4, 'grupo_voto': 'Letters', 'grupo_final': 'Letters', 'comando': 'D', 'confianza_grupo': 0.9957253715138739, 'confianza_comando': 0.8564148477161494}
2026-09-30 10:30:17 [INFO]: Comando predicho D
2026-09-30 10:30:17 [INFO]: Grupo predicho Letters
2026-09-30 10:30:17 [INFO]: ----------------------------------------------------------------
2026-09-30 10:30:17 [INFO]: ------------------>cvs name D:/APP_BCI_PYQUE/captures/UserCMSM/Letters/UserCMSM_D_51.csv<----------------
2026-09-30 10:30:17 [INFO]: {'ventana': 1, 'grupo_voto': 'Letters', 'grupo_final': 'Letters', 'comando': 'D', 'confianza_grupo': 0.9937499499629474, 'confianza_comando': 0.9549495092029897}
2026-09-30 10:30:17 [INFO]: {'ventana': 2, 'grupo_voto': 'Letters', 'grupo_final': 'Letters', 'comando': 'D', 'confianza_grupo': 0.9958678735401233, 'confianza_comando': 0.9769818906823253}
2026-09-30 10:30:17 [INFO]: {'ventana': 3, 'grupo_voto': 'Letters', 'grupo_final': 'Letters', 'comando': 'D', 'confianza_grupo': 0.9992120017084304, 'confianza_comando': 0.9816108114600139}
2026-09-30 10:30:17 [INFO]: {'ventana': 4, 'grupo_voto': 'Letters', 'grupo_final': 'Letters', 'comando': 'D', 'confianza_grupo': 0.9997724333951565, 'confianza_comando': 0.9638449644991802}
2026-09-30 10:30:17 [INFO]: Comando predicho D
2026-09-30 10:30:17 [INFO]: Grupo predicho Letters
2026-09-30 10:30:17 [INFO]: ----------------------------------------------------------------
2026-09-30 10:30:18 [INFO]: ------------------>cvs name D:/APP_BCI_PYQUE/captures/UserCMSM/Letters/UserCMSM_D_52.csv<----------------
2026-09-30 10:30:18 [INFO]: {'ventana': 1, 'grupo_voto': 'Letters', 'grupo_final': 'Letters', 'comando': 'D', 'confianza_grupo': 0.9912600977446127, 'confianza_comando': 0.9655095517977254}
2026-09-30 10:30:18 [INFO]: {'ventana': 2, 'grupo_voto': 'Letters', 'grupo_final': 'Letters', 'comando': 'D', 'confianza_grupo': 0.9833708325823685, 'confianza_comando': 0.9536627998612222}
2026-09-30 10:30:18 [INFO]: {'ventana': 3, 'grupo_voto': 'Letters', 'grupo_final': 'Letters', 'comando': 'D', 'confianza_grupo': 0.9719970798545617, 'confianza_comando': 0.9607793332493643}
2026-09-30 10:30:18 [INFO]: {'ventana': 4, 'grupo_voto': 'Letters', 'grupo_final': 'Letters', 'comando': 'D', 'confianza_grupo': 0.9664446901009849, 'confianza_comando': 0.9630459075852682}
2026-09-30 10:30:18 [INFO]: Comando predicho D
2026-09-30 10:30:18 [INFO]: Grupo predicho Letters
2026-09-30 10:30:18 [INFO]: ----------------------------------------------------------------
2026-09-30 10:30:18 [INFO]: ------------------>cvs name D:/APP_BCI_PYQUE/captures/UserCMSM/Letters/UserCMSM_D_53.csv<----------------
2026-09-30 10:30:18 [INFO]: {'ventana': 1, 'grupo_voto': 'Letters', 'grupo_final': 'Letters', 'comando': 'D', 'confianza_grupo': 0.9726038229590476, 'confianza_comando': 0.8057029251322695}
2026-09-30 10:30:18 [INFO]: {'ventana': 2, 'grupo_voto': 'Letters', 'grupo_final': 'Letters', 'comando': 'D', 'confianza_grupo': 0.954016321776206, 'confianza_comando': 0.9290539774950619}
2026-09-30 10:30:18 [INFO]: {'ventana': 3, 'grupo_voto': 'Letters', 'grupo_final': 'Letters', 'comando': 'D', 'confianza_grupo': 0.924607359495679, 'confianza_comando': 0.9167057294852066}
2026-09-30 10:30:18 [INFO]: {'ventana': 4, 'grupo_voto': 'Letters', 'grupo_final': 'Letters', 'comando': 'D', 'confianza_grupo': 0.7837632930907992, 'confianza_comando': 0.8615727220705566}
2026-09-30 10:30:18 [INFO]: Comando predicho D
2026-09-30 10:30:18 [INFO]: Grupo predicho Letters
2026-09-30 10:30:18 [INFO]: ----------------------------------------------------------------
2026-09-30 10:30:19 [INFO]: ------------------>cvs name D:/APP_BCI_PYQUE/captures/UserCMSM/Letters/UserCMSM_D_54.csv<----------------
2026-09-30 10:30:19 [INFO]: {'ventana': 1, 'grupo_voto': 'Letters', 'grupo_final': 'Letters', 'comando': 'D', 'confianza_grupo': 0.9787284165335922, 'confianza_comando': 0.903702536501529}
2026-09-30 10:30:19 [INFO]: {'ventana': 2, 'grupo_voto': 'Letters', 'grupo_final': 'Letters', 'comando': 'D', 'confianza_grupo': 0.9774486585234404, 'confianza_comando': 0.9539763585907619}
2026-09-30 10:30:19 [INFO]: {'ventana': 3, 'grupo_voto': 'Letters', 'grupo_final': 'Letters', 'comando': 'D', 'confianza_grupo': 0.9754730347052042, 'confianza_comando': 0.9771204056793937}
2026-09-30 10:30:19 [INFO]: {'ventana': 4, 'grupo_voto': 'Letters', 'grupo_final': 'Letters', 'comando': 'D', 'confianza_grupo': 0.9893643256054293, 'confianza_comando': 0.9646350447604926}
2026-09-30 10:30:19 [INFO]: Comando predicho D
2026-09-30 10:30:19 [INFO]: Grupo predicho Letters
2026-09-30 10:30:19 [INFO]: ----------------------------------------------------------------
2026-09-30 10:30:19 [INFO]: ------------------>cvs name D:/APP_BCI_PYQUE/captures/UserCMSM/Letters/UserCMSM_D_55.csv<----------------
2026-09-30 10:30:19 [INFO]: {'ventana': 1, 'grupo_voto': 'Letters', 'grupo_final': 'Letters', 'comando': 'D', 'confianza_grupo': 0.8325620024019217, 'confianza_comando': 0.9578548788195765}
2026-09-30 10:30:19 [INFO]: {'ventana': 2, 'grupo_voto': 'Letters', 'grupo_final': 'Letters', 'comando': 'D', 'confianza_grupo': 0.8839044508105113, 'confianza_comando': 0.862001706316553}
2026-09-30 10:30:19 [INFO]: {'ventana': 3, 'grupo_voto': 'Letters', 'grupo_final': 'Letters', 'comando': 'D', 'confianza_grupo': 0.8513313605710747, 'confianza_comando': 0.9483745686193643}
2026-09-30 10:30:19 [INFO]: {'ventana': 4, 'grupo_voto': 'Letters', 'grupo_final': 'Letters', 'comando': 'D', 'confianza_grupo': 0.8112180113505235, 'confianza_comando': 0.81315555154836}
2026-09-30 10:30:19 [INFO]: Comando predicho D
2026-09-30 10:30:19 [INFO]: Grupo predicho Letters
2026-09-30 10:30:19 [INFO]: ----------------------------------------------------------------
2026-09-30 10:30:20 [INFO]: ------------------>cvs name D:/APP_BCI_PYQUE/captures/UserCMSM/Letters/UserCMSM_D_56.csv<----------------
2026-09-30 10:30:20 [INFO]: {'ventana': 1, 'grupo_voto': 'Letters', 'grupo_final': 'Letters', 'comando': 'D', 'confianza_grupo': 0.9681378805225819, 'confianza_comando': 0.9165014414432933}
2026-09-30 10:30:20 [INFO]: {'ventana': 2, 'grupo_voto': 'Letters', 'grupo_final': 'Letters', 'comando': 'D', 'confianza_grupo': 0.8368781637410394, 'confianza_comando': 0.97289668045134}
2026-09-30 10:30:20 [INFO]: {'ventana': 3, 'grupo_voto': 'Letters', 'grupo_final': 'Letters', 'comando': 'D', 'confianza_grupo': 0.9348481220856553, 'confianza_comando': 0.9718974058958237}
2026-09-30 10:30:20 [INFO]: {'ventana': 4, 'grupo_voto': 'Letters', 'grupo_final': 'Letters', 'comando': 'D', 'confianza_grupo': 0.5608274625114208, 'confianza_comando': 0.8893268839461929}
2026-09-30 10:30:20 [INFO]: Comando predicho D
2026-09-30 10:30:20 [INFO]: Grupo predicho Letters
2026-09-30 10:30:20 [INFO]: ----------------------------------------------------------------
2026-09-30 10:30:20 [INFO]: ------------------>cvs name D:/APP_BCI_PYQUE/captures/UserCMSM/Letters/UserCMSM_D_57.csv<----------------
2026-09-30 10:30:20 [INFO]: {'ventana': 1, 'grupo_voto': 'Letters', 'grupo_final': 'Letters', 'comando': 'D', 'confianza_grupo': 0.7829095544425493, 'confianza_comando': 0.9296336637873993}
2026-09-30 10:30:20 [INFO]: {'ventana': 2, 'grupo_voto': 'Letters', 'grupo_final': 'Letters', 'comando': 'D', 'confianza_grupo': 0.609153686770181, 'confianza_comando': 0.9442486060352073}
2026-09-30 10:30:20 [INFO]: {'ventana': 3, 'grupo_voto': 'Letters', 'grupo_final': 'Letters', 'comando': 'D', 'confianza_grupo': 0.8510097086763518, 'confianza_comando': 0.9627904410801225}
2026-09-30 10:30:20 [INFO]: {'ventana': 4, 'grupo_voto': 'Letters', 'grupo_final': 'Letters', 'comando': 'D', 'confianza_grupo': 0.9537366548436473, 'confianza_comando': 0.9292890975125718}
2026-09-30 10:30:20 [INFO]: Comando predicho D
2026-09-30 10:30:20 [INFO]: Grupo predicho Letters
2026-09-30 10:30:20 [INFO]: ----------------------------------------------------------------
2026-09-30 10:30:21 [INFO]: ------------------>cvs name D:/APP_BCI_PYQUE/captures/UserCMSM/Letters/UserCMSM_D_58.csv<----------------
2026-09-30 10:30:21 [INFO]: {'ventana': 1, 'grupo_voto': 'Controls', 'grupo_final': 'Letters', 'comando': 'D', 'confianza_grupo': 0.6439503577652357, 'confianza_comando': 0.9296572140847992}
2026-09-30 10:30:21 [INFO]: {'ventana': 2, 'grupo_voto': 'Letters', 'grupo_final': 'Letters', 'comando': 'D', 'confianza_grupo': 0.8227332125315159, 'confianza_comando': 0.9293170643315757}
2026-09-30 10:30:21 [INFO]: {'ventana': 3, 'grupo_voto': 'Letters', 'grupo_final': 'Letters', 'comando': 'D', 'confianza_grupo': 0.8392433588753423, 'confianza_comando': 0.9290343522621133}
2026-09-30 10:30:21 [INFO]: {'ventana': 4, 'grupo_voto': 'Controls', 'grupo_final': 'Letters', 'comando': 'D', 'confianza_grupo': 0.5934708534335914, 'confianza_comando': 0.9292060867343129}
2026-09-30 10:30:21 [INFO]: Comando predicho D
2026-09-30 10:30:21 [INFO]: Grupo predicho Letters
2026-09-30 10:30:21 [INFO]: ----------------------------------------------------------------
2026-09-30 10:30:21 [INFO]: ------------------>cvs name D:/APP_BCI_PYQUE/captures/UserCMSM/Letters/UserCMSM_D_59.csv<----------------
2026-09-30 10:30:21 [INFO]: {'ventana': 1, 'grupo_voto': 'Letters', 'grupo_final': 'Letters', 'comando': 'D', 'confianza_grupo': 0.5854930926810505, 'confianza_comando': 0.9298107991817618}
2026-09-30 10:30:21 [INFO]: {'ventana': 2, 'grupo_voto': 'Letters', 'grupo_final': 'Letters', 'comando': 'D', 'confianza_grupo': 0.9912971084132175, 'confianza_comando': 0.9298270843388597}
2026-09-30 10:30:21 [INFO]: {'ventana': 3, 'grupo_voto': 'Letters', 'grupo_final': 'Letters', 'comando': 'D', 'confianza_grupo': 0.9936885798217272, 'confianza_comando': 0.9297717806751119}
2026-09-30 10:30:21 [INFO]: {'ventana': 4, 'grupo_voto': 'Letters', 'grupo_final': 'Letters', 'comando': 'D', 'confianza_grupo': 0.9826060724045925, 'confianza_comando': 0.9298187324961512}
2026-09-30 10:30:21 [INFO]: Comando predicho D
2026-09-30 10:30:21 [INFO]: Grupo predicho Letters
2026-09-30 10:30:21 [INFO]: ----------------------------------------------------------------
2026-09-30 10:30:21 [INFO]: Del Comando D Total Archivos 30
2026-09-30 10:30:21 [INFO]: Comando Reales Predichos, 26
2026-09-30 10:30:21 [INFO]: Grupo Real Predicho, 28
2026-09-30 10:30:21 [INFO]: =======================================================================================
2026-10-02 13:12:03 [INFO]: =======================================================================================
2026-10-02 13:12:04 [INFO]: ------------------>cvs name D:/APP_BCI_PYQUE/captures/UserCMSM/Letters/UserCMSM_A_30.csv<----------------
2026-10-02 13:12:04 [INFO]: {'ventana': 1, 'grupo_voto': 'Letters', 'grupo_final': 'Letters', 'comando': 'R', 'confianza_grupo': 0.7676905266309902, 'confianza_comando': 0.3927517745809514}
2026-10-02 13:12:04 [INFO]: {'ventana': 2, 'grupo_voto': 'Letters', 'grupo_final': 'Letters', 'comando': 'R', 'confianza_grupo': 0.992197614020565, 'confianza_comando': 0.724023205826099}
2026-10-02 13:12:04 [INFO]: {'ventana': 3, 'grupo_voto': 'Letters', 'grupo_final': 'Letters', 'comando': 'R', 'confianza_grupo': 0.946528567948111, 'confianza_comando': 0.3589872519209756}
2026-10-02 13:12:04 [INFO]: {'ventana': 4, 'grupo_voto': 'Letters', 'grupo_final': 'Letters', 'comando': 'R', 'confianza_grupo': 0.9948970145650263, 'confianza_comando': 0.28759314895992283}
2026-10-02 13:12:04 [INFO]: Comando predicho R
2026-10-02 13:12:04 [INFO]: Grupo predicho Letters
2026-10-02 13:12:04 [INFO]: ----------------------------------------------------------------
2026-10-02 13:12:04 [INFO]: ------------------>cvs name D:/APP_BCI_PYQUE/captures/UserCMSM/Letters/UserCMSM_A_31.csv<----------------
2026-10-02 13:12:04 [INFO]: {'ventana': 1, 'grupo_voto': 'Letters', 'grupo_final': 'Letters', 'comando': 'A', 'confianza_grupo': 0.9507026943518958, 'confianza_comando': 0.9727570201190475}
2026-10-02 13:12:04 [INFO]: {'ventana': 2, 'grupo_voto': 'Letters', 'grupo_final': 'Letters', 'comando': 'A', 'confianza_grupo': 0.688788808847014, 'confianza_comando': 0.9834296316747991}
2026-10-02 13:12:04 [INFO]: {'ventana': 3, 'grupo_voto': 'Letters', 'grupo_final': 'Letters', 'comando': 'A', 'confianza_grupo': 0.7412802106385208, 'confianza_comando': 0.9695352642216859}
2026-10-02 13:12:04 [INFO]: {'ventana': 4, 'grupo_voto': 'Numbers', 'grupo_final': 'Letters', 'comando': 'A', 'confianza_grupo': 0.5472662675948683, 'confianza_comando': 0.9607854192750754}
2026-10-02 13:12:04 [INFO]: Comando predicho A
2026-10-02 13:12:04 [INFO]: Grupo predicho Letters
2026-10-02 13:12:04 [INFO]: ----------------------------------------------------------------
2026-10-02 13:12:05 [INFO]: ------------------>cvs name D:/APP_BCI_PYQUE/captures/UserCMSM/Letters/UserCMSM_A_32.csv<----------------
2026-10-02 13:12:05 [INFO]: {'ventana': 1, 'grupo_voto': 'Letters', 'grupo_final': 'Letters', 'comando': 'N', 'confianza_grupo': 0.9953828821118915, 'confianza_comando': 0.4795976299906061}
2026-10-02 13:12:05 [INFO]: {'ventana': 2, 'grupo_voto': 'Letters', 'grupo_final': 'Letters', 'comando': 'A', 'confianza_grupo': 0.9922660389791491, 'confianza_comando': 0.3837324144401543}
2026-10-02 13:12:05 [INFO]: {'ventana': 3, 'grupo_voto': 'Letters', 'grupo_final': 'Letters', 'comando': 'A', 'confianza_grupo': 0.989199204349792, 'confianza_comando': 0.4181816036292688}
2026-10-02 13:12:05 [INFO]: {'ventana': 4, 'grupo_voto': 'Letters', 'grupo_final': 'Letters', 'comando': 'O', 'confianza_grupo': 0.9881264384567268, 'confianza_comando': 0.35366521778763516}
2026-10-02 13:12:05 [INFO]: Comando predicho N
2026-10-02 13:12:05 [INFO]: Grupo predicho Letters
2026-10-02 13:12:05 [INFO]: ----------------------------------------------------------------
2026-10-02 13:12:06 [INFO]: ------------------>cvs name D:/APP_BCI_PYQUE/captures/UserCMSM/Letters/UserCMSM_A_33.csv<----------------
2026-10-02 13:12:06 [INFO]: {'ventana': 1, 'grupo_voto': 'Letters', 'grupo_final': 'Letters', 'comando': 'A', 'confianza_grupo': 0.9806010887850009, 'confianza_comando': 0.9713550251390978}
2026-10-02 13:12:06 [INFO]: {'ventana': 2, 'grupo_voto': 'Letters', 'grupo_final': 'Letters', 'comando': 'A', 'confianza_grupo': 0.9928692442252917, 'confianza_comando': 0.9680020152761888}
2026-10-02 13:12:06 [INFO]: {'ventana': 3, 'grupo_voto': 'Letters', 'grupo_final': 'Letters', 'comando': 'A', 'confianza_grupo': 0.9841291771612837, 'confianza_comando': 0.9959906709540858}
2026-10-02 13:12:06 [INFO]: {'ventana': 4, 'grupo_voto': 'Letters', 'grupo_final': 'Letters', 'comando': 'A', 'confianza_grupo': 0.9699788466104633, 'confianza_comando': 0.9748249799463473}
2026-10-02 13:12:06 [INFO]: Comando predicho A
2026-10-02 13:12:06 [INFO]: Grupo predicho Letters
2026-10-02 13:12:06 [INFO]: ----------------------------------------------------------------
2026-10-02 13:12:06 [INFO]: ------------------>cvs name D:/APP_BCI_PYQUE/captures/UserCMSM/Letters/UserCMSM_A_34.csv<----------------
2026-10-02 13:12:06 [INFO]: {'ventana': 1, 'grupo_voto': 'Letters', 'grupo_final': 'Letters', 'comando': 'A', 'confianza_grupo': 0.9200315142232578, 'confianza_comando': 0.8881597484816358}
2026-10-02 13:12:06 [INFO]: {'ventana': 2, 'grupo_voto': 'Letters', 'grupo_final': 'Letters', 'comando': 'A', 'confianza_grupo': 0.9903829314307911, 'confianza_comando': 0.7147960867942909}
2026-10-02 13:12:06 [INFO]: {'ventana': 3, 'grupo_voto': 'Letters', 'grupo_final': 'Letters', 'comando': 'A', 'confianza_grupo': 0.9459312504631967, 'confianza_comando': 0.6211381881416783}
2026-10-02 13:12:06 [INFO]: {'ventana': 4, 'grupo_voto': 'Letters', 'grupo_final': 'Letters', 'comando': 'L', 'confianza_grupo': 0.9321594197514023, 'confianza_comando': 0.3361625747341486}
2026-10-02 13:12:06 [INFO]: Comando predicho A
2026-10-02 13:12:06 [INFO]: Grupo predicho Letters
2026-10-02 13:12:06 [INFO]: ----------------------------------------------------------------
2026-10-02 13:12:07 [INFO]: ------------------>cvs name D:/APP_BCI_PYQUE/captures/UserCMSM/Letters/UserCMSM_A_35.csv<----------------
2026-10-02 13:12:07 [INFO]: {'ventana': 1, 'grupo_voto': 'Letters', 'grupo_final': 'Letters', 'comando': 'A', 'confianza_grupo': 0.9689894649296316, 'confianza_comando': 0.9374729827437698}
2026-10-02 13:12:07 [INFO]: {'ventana': 2, 'grupo_voto': 'Letters', 'grupo_final': 'Letters', 'comando': 'A', 'confianza_grupo': 0.9811518245143291, 'confianza_comando': 0.9622673758076279}
2026-10-02 13:12:07 [INFO]: {'ventana': 3, 'grupo_voto': 'Letters', 'grupo_final': 'Letters', 'comando': 'A', 'confianza_grupo': 0.9888047338166701, 'confianza_comando': 0.9772801641575513}
2026-10-02 13:12:07 [INFO]: {'ventana': 4, 'grupo_voto': 'Letters', 'grupo_final': 'Letters', 'comando': 'A', 'confianza_grupo': 0.9927853074454779, 'confianza_comando': 0.8824328155321038}
2026-10-02 13:12:07 [INFO]: Comando predicho A
2026-10-02 13:12:07 [INFO]: Grupo predicho Letters
2026-10-02 13:12:07 [INFO]: ----------------------------------------------------------------
2026-10-02 13:12:07 [INFO]: ------------------>cvs name D:/APP_BCI_PYQUE/captures/UserCMSM/Letters/UserCMSM_A_36.csv<----------------
2026-10-02 13:12:07 [INFO]: {'ventana': 1, 'grupo_voto': 'Letters', 'grupo_final': 'Letters', 'comando': 'A', 'confianza_grupo': 0.9820633953883692, 'confianza_comando': 0.8659409136861103}
2026-10-02 13:12:07 [INFO]: {'ventana': 2, 'grupo_voto': 'Letters', 'grupo_final': 'Letters', 'comando': 'N', 'confianza_grupo': 0.9665670365877032, 'confianza_comando': 0.5546342646421885}
2026-10-02 13:12:07 [INFO]: {'ventana': 3, 'grupo_voto': 'Letters', 'grupo_final': 'Letters', 'comando': 'N', 'confianza_grupo': 0.7638198995908488, 'confianza_comando': 0.49784893997073226}
2026-10-02 13:12:07 [INFO]: {'ventana': 4, 'grupo_voto': 'Numbers', 'grupo_final': 'Letters', 'comando': 'E', 'confianza_grupo': 0.5388399700652848, 'confianza_comando': 0.26247441043224845}
2026-10-02 13:12:07 [INFO]: Comando predicho A
2026-10-02 13:12:07 [INFO]: Grupo predicho Letters
2026-10-02 13:12:07 [INFO]: ----------------------------------------------------------------
2026-10-02 13:12:08 [INFO]: ------------------>cvs name D:/APP_BCI_PYQUE/captures/UserCMSM/Letters/UserCMSM_A_37.csv<----------------
2026-10-02 13:12:08 [INFO]: {'ventana': 1, 'grupo_voto': 'Letters', 'grupo_final': 'Letters', 'comando': 'A', 'confianza_grupo': 0.9866653531299914, 'confianza_comando': 0.9944604404318462}
2026-10-02 13:12:08 [INFO]: {'ventana': 2, 'grupo_voto': 'Letters', 'grupo_final': 'Letters', 'comando': 'A', 'confianza_grupo': 0.9858270955681985, 'confianza_comando': 0.83268674275724}
2026-10-02 13:12:08 [INFO]: {'ventana': 3, 'grupo_voto': 'Letters', 'grupo_final': 'Letters', 'comando': 'A', 'confianza_grupo': 0.9811717391497838, 'confianza_comando': 0.972249299170013}
2026-10-02 13:12:08 [INFO]: {'ventana': 4, 'grupo_voto': 'Letters', 'grupo_final': 'Letters', 'comando': 'A', 'confianza_grupo': 0.9744489244116102, 'confianza_comando': 0.961353791004748}
2026-10-02 13:12:08 [INFO]: Comando predicho A
2026-10-02 13:12:08 [INFO]: Grupo predicho Letters
2026-10-02 13:12:08 [INFO]: ----------------------------------------------------------------
2026-10-02 13:12:08 [INFO]: ------------------>cvs name D:/APP_BCI_PYQUE/captures/UserCMSM/Letters/UserCMSM_A_38.csv<----------------
2026-10-02 13:12:08 [INFO]: {'ventana': 1, 'grupo_voto': 'Letters', 'grupo_final': 'Letters', 'comando': 'A', 'confianza_grupo': 0.976463013987752, 'confianza_comando': 0.9979951424749636}
2026-10-02 13:12:08 [INFO]: {'ventana': 2, 'grupo_voto': 'Letters', 'grupo_final': 'Letters', 'comando': 'A', 'confianza_grupo': 0.9819726046819736, 'confianza_comando': 0.9905948355658485}
2026-10-02 13:12:08 [INFO]: {'ventana': 3, 'grupo_voto': 'Letters', 'grupo_final': 'Letters', 'comando': 'A', 'confianza_grupo': 0.9738112701808044, 'confianza_comando': 0.9860231642069092}
2026-10-02 13:12:08 [INFO]: {'ventana': 4, 'grupo_voto': 'Letters', 'grupo_final': 'Letters', 'comando': 'A', 'confianza_grupo': 0.9639554822916285, 'confianza_comando': 0.9963061772152039}
2026-10-02 13:12:08 [INFO]: Comando predicho A
2026-10-02 13:12:08 [INFO]: Grupo predicho Letters
2026-10-02 13:12:08 [INFO]: ----------------------------------------------------------------
2026-10-02 13:12:09 [INFO]: ------------------>cvs name D:/APP_BCI_PYQUE/captures/UserCMSM/Letters/UserCMSM_A_39.csv<----------------
2026-10-02 13:12:09 [INFO]: {'ventana': 1, 'grupo_voto': 'Letters', 'grupo_final': 'Letters', 'comando': 'A', 'confianza_grupo': 0.9903652807364108, 'confianza_comando': 0.9840258719296264}
2026-10-02 13:12:09 [INFO]: {'ventana': 2, 'grupo_voto': 'Letters', 'grupo_final': 'Letters', 'comando': 'A', 'confianza_grupo': 0.975250729309851, 'confianza_comando': 0.9675971878778746}
2026-10-02 13:12:09 [INFO]: {'ventana': 3, 'grupo_voto': 'Letters', 'grupo_final': 'Letters', 'comando': 'A', 'confianza_grupo': 0.9574360923527758, 'confianza_comando': 0.9770379729771514}
2026-10-02 13:12:09 [INFO]: {'ventana': 4, 'grupo_voto': 'Letters', 'grupo_final': 'Letters', 'comando': 'A', 'confianza_grupo': 0.9749608460603307, 'confianza_comando': 0.9807204516664448}
2026-10-02 13:12:09 [INFO]: Comando predicho A
2026-10-02 13:12:09 [INFO]: Grupo predicho Letters
2026-10-02 13:12:09 [INFO]: ----------------------------------------------------------------
2026-10-02 13:12:10 [INFO]: ------------------>cvs name D:/APP_BCI_PYQUE/captures/UserCMSM/Letters/UserCMSM_A_40.csv<----------------
2026-10-02 13:12:10 [INFO]: {'ventana': 1, 'grupo_voto': 'Letters', 'grupo_final': 'Letters', 'comando': 'A', 'confianza_grupo': 0.9973317829278182, 'confianza_comando': 0.991771381713641}
2026-10-02 13:12:10 [INFO]: {'ventana': 2, 'grupo_voto': 'Letters', 'grupo_final': 'Letters', 'comando': 'A', 'confianza_grupo': 0.9838827634366548, 'confianza_comando': 0.9606470517631219}
2026-10-02 13:12:10 [INFO]: {'ventana': 3, 'grupo_voto': 'Letters', 'grupo_final': 'Letters', 'comando': 'A', 'confianza_grupo': 0.9890353661520661, 'confianza_comando': 0.9653959316786583}
2026-10-02 13:12:10 [INFO]: {'ventana': 4, 'grupo_voto': 'Letters', 'grupo_final': 'Letters', 'comando': 'A', 'confianza_grupo': 0.9957701943810342, 'confianza_comando': 0.8440882041442779}
2026-10-02 13:12:10 [INFO]: Comando predicho A
2026-10-02 13:12:10 [INFO]: Grupo predicho Letters
2026-10-02 13:12:10 [INFO]: ----------------------------------------------------------------
2026-10-02 13:12:10 [INFO]: ------------------>cvs name D:/APP_BCI_PYQUE/captures/UserCMSM/Letters/UserCMSM_A_41.csv<----------------
2026-10-02 13:12:10 [INFO]: {'ventana': 1, 'grupo_voto': 'Letters', 'grupo_final': 'Letters', 'comando': 'A', 'confianza_grupo': 0.9934885424013541, 'confianza_comando': 0.7042109912814686}
2026-10-02 13:12:10 [INFO]: {'ventana': 2, 'grupo_voto': 'Letters', 'grupo_final': 'Letters', 'comando': 'A', 'confianza_grupo': 0.99662067250369, 'confianza_comando': 0.979666026891232}
2026-10-02 13:12:10 [INFO]: {'ventana': 3, 'grupo_voto': 'Letters', 'grupo_final': 'Letters', 'comando': 'A', 'confianza_grupo': 0.9985878062129703, 'confianza_comando': 0.9683726477790047}
2026-10-02 13:12:10 [INFO]: {'ventana': 4, 'grupo_voto': 'Letters', 'grupo_final': 'Letters', 'comando': 'A', 'confianza_grupo': 0.9989635388047124, 'confianza_comando': 0.9807124459093428}
2026-10-02 13:12:10 [INFO]: Comando predicho A
2026-10-02 13:12:10 [INFO]: Grupo predicho Letters
2026-10-02 13:12:10 [INFO]: ----------------------------------------------------------------
2026-10-02 13:12:11 [INFO]: ------------------>cvs name D:/APP_BCI_PYQUE/captures/UserCMSM/Letters/UserCMSM_A_42.csv<----------------
2026-10-02 13:12:11 [INFO]: {'ventana': 1, 'grupo_voto': 'Letters', 'grupo_final': 'Numbers', 'comando': '8', 'confianza_grupo': 0.6515910085980061, 'confianza_comando': 0.7049348621489445}
2026-10-02 13:12:11 [INFO]: {'ventana': 2, 'grupo_voto': 'Numbers', 'grupo_final': 'Numbers', 'comando': '7', 'confianza_grupo': 0.5859715818647386, 'confianza_comando': 0.6847611675526298}
2026-10-02 13:12:11 [INFO]: {'ventana': 3, 'grupo_voto': 'Numbers', 'grupo_final': 'Numbers', 'comando': '8', 'confianza_grupo': 0.7713043708862811, 'confianza_comando': 0.5919657556497452}
2026-10-02 13:12:11 [INFO]: {'ventana': 4, 'grupo_voto': 'Numbers', 'grupo_final': 'Numbers', 'comando': '5', 'confianza_grupo': 0.9361041281528069, 'confianza_comando': 0.33834466807944985}
2026-10-02 13:12:11 [INFO]: Comando predicho 8
2026-10-02 13:12:11 [INFO]: Grupo predicho Numbers
2026-10-02 13:12:11 [INFO]: ----------------------------------------------------------------
2026-10-02 13:12:11 [INFO]: ------------------>cvs name D:/APP_BCI_PYQUE/captures/UserCMSM/Letters/UserCMSM_A_43.csv<----------------
2026-10-02 13:12:11 [INFO]: {'ventana': 1, 'grupo_voto': 'Letters', 'grupo_final': 'Letters', 'comando': 'A', 'confianza_grupo': 0.9826987575796885, 'confianza_comando': 0.9668828635626244}
2026-10-02 13:12:11 [INFO]: {'ventana': 2, 'grupo_voto': 'Letters', 'grupo_final': 'Letters', 'comando': 'A', 'confianza_grupo': 0.972806023161352, 'confianza_comando': 0.955296724765395}
2026-10-02 13:12:11 [INFO]: {'ventana': 3, 'grupo_voto': 'Letters', 'grupo_final': 'Letters', 'comando': 'A', 'confianza_grupo': 0.9956304611087113, 'confianza_comando': 0.9795632989475624}
2026-10-02 13:12:11 [INFO]: {'ventana': 4, 'grupo_voto': 'Letters', 'grupo_final': 'Letters', 'comando': 'A', 'confianza_grupo': 0.9966875961040623, 'confianza_comando': 0.974497168365973}
2026-10-02 13:12:11 [INFO]: Comando predicho A
2026-10-02 13:12:11 [INFO]: Grupo predicho Letters
2026-10-02 13:12:11 [INFO]: ----------------------------------------------------------------
2026-10-02 13:12:12 [INFO]: ------------------>cvs name D:/APP_BCI_PYQUE/captures/UserCMSM/Letters/UserCMSM_A_44.csv<----------------
2026-10-02 13:12:12 [INFO]: {'ventana': 1, 'grupo_voto': 'Letters', 'grupo_final': 'Letters', 'comando': 'A', 'confianza_grupo': 0.997040440118518, 'confianza_comando': 0.9633373164580613}
2026-10-02 13:12:12 [INFO]: {'ventana': 2, 'grupo_voto': 'Letters', 'grupo_final': 'Letters', 'comando': 'A', 'confianza_grupo': 0.9859048111856528, 'confianza_comando': 0.9398718288090088}
2026-10-02 13:12:12 [INFO]: {'ventana': 3, 'grupo_voto': 'Letters', 'grupo_final': 'Letters', 'comando': 'A', 'confianza_grupo': 0.9632700824470003, 'confianza_comando': 0.9518978970794049}
2026-10-02 13:12:12 [INFO]: {'ventana': 4, 'grupo_voto': 'Letters', 'grupo_final': 'Letters', 'comando': 'A', 'confianza_grupo': 0.887622329688519, 'confianza_comando': 0.9750186367326332}
2026-10-02 13:12:12 [INFO]: Comando predicho A
2026-10-02 13:12:12 [INFO]: Grupo predicho Letters
2026-10-02 13:12:12 [INFO]: ----------------------------------------------------------------
2026-10-02 13:12:12 [INFO]: ------------------>cvs name D:/APP_BCI_PYQUE/captures/UserCMSM/Letters/UserCMSM_A_45.csv<----------------
2026-10-02 13:12:12 [INFO]: {'ventana': 1, 'grupo_voto': 'Letters', 'grupo_final': 'Letters', 'comando': 'A', 'confianza_grupo': 0.9849441318697345, 'confianza_comando': 0.9937958924116731}
2026-10-02 13:12:12 [INFO]: {'ventana': 2, 'grupo_voto': 'Letters', 'grupo_final': 'Letters', 'comando': 'A', 'confianza_grupo': 0.9905604813401239, 'confianza_comando': 0.9731745256829489}
2026-10-02 13:12:12 [INFO]: {'ventana': 3, 'grupo_voto': 'Letters', 'grupo_final': 'Letters', 'comando': 'A', 'confianza_grupo': 0.9882520433860398, 'confianza_comando': 0.9759358705520238}
2026-10-02 13:12:12 [INFO]: {'ventana': 4, 'grupo_voto': 'Letters', 'grupo_final': 'Letters', 'comando': 'A', 'confianza_grupo': 0.9732786938679968, 'confianza_comando': 0.9069176065721744}
2026-10-02 13:12:12 [INFO]: Comando predicho A
2026-10-02 13:12:12 [INFO]: Grupo predicho Letters
2026-10-02 13:12:12 [INFO]: ----------------------------------------------------------------
2026-10-02 13:12:13 [INFO]: ------------------>cvs name D:/APP_BCI_PYQUE/captures/UserCMSM/Letters/UserCMSM_A_46.csv<----------------
2026-10-02 13:12:13 [INFO]: {'ventana': 1, 'grupo_voto': 'Letters', 'grupo_final': 'Letters', 'comando': 'A', 'confianza_grupo': 0.9834558130360326, 'confianza_comando': 0.9977851740071707}
2026-10-02 13:12:13 [INFO]: {'ventana': 2, 'grupo_voto': 'Letters', 'grupo_final': 'Letters', 'comando': 'A', 'confianza_grupo': 0.9967783994704791, 'confianza_comando': 0.988510708429872}
2026-10-02 13:12:13 [INFO]: {'ventana': 3, 'grupo_voto': 'Letters', 'grupo_final': 'Letters', 'comando': 'A', 'confianza_grupo': 0.9946356052440384, 'confianza_comando': 0.9773495049065805}
2026-10-02 13:12:13 [INFO]: {'ventana': 4, 'grupo_voto': 'Letters', 'grupo_final': 'Letters', 'comando': 'A', 'confianza_grupo': 0.9922910429093658, 'confianza_comando': 0.9540217123786561}
2026-10-02 13:12:13 [INFO]: Comando predicho A
2026-10-02 13:12:13 [INFO]: Grupo predicho Letters
2026-10-02 13:12:13 [INFO]: ----------------------------------------------------------------
2026-10-02 13:12:13 [INFO]: ------------------>cvs name D:/APP_BCI_PYQUE/captures/UserCMSM/Letters/UserCMSM_A_47.csv<----------------
2026-10-02 13:12:13 [INFO]: {'ventana': 1, 'grupo_voto': 'Letters', 'grupo_final': 'Letters', 'comando': 'A', 'confianza_grupo': 0.9762571063843849, 'confianza_comando': 0.9324099073935229}
2026-10-02 13:12:13 [INFO]: {'ventana': 2, 'grupo_voto': 'Letters', 'grupo_final': 'Letters', 'comando': 'A', 'confianza_grupo': 0.9738462985551671, 'confianza_comando': 0.9699673204266233}
2026-10-02 13:12:13 [INFO]: {'ventana': 3, 'grupo_voto': 'Letters', 'grupo_final': 'Letters', 'comando': 'A', 'confianza_grupo': 0.9802906996253298, 'confianza_comando': 0.9541030878731559}
2026-10-02 13:12:13 [INFO]: {'ventana': 4, 'grupo_voto': 'Letters', 'grupo_final': 'Letters', 'comando': 'A', 'confianza_grupo': 0.9938169755039639, 'confianza_comando': 0.9460424147181024}
2026-10-02 13:12:13 [INFO]: Comando predicho A
2026-10-02 13:12:13 [INFO]: Grupo predicho Letters
2026-10-02 13:12:13 [INFO]: ----------------------------------------------------------------
2026-10-02 13:12:14 [INFO]: ------------------>cvs name D:/APP_BCI_PYQUE/captures/UserCMSM/Letters/UserCMSM_A_48.csv<----------------
2026-10-02 13:12:14 [INFO]: {'ventana': 1, 'grupo_voto': 'Letters', 'grupo_final': 'Letters', 'comando': 'A', 'confianza_grupo': 0.861372278741391, 'confianza_comando': 0.9637580065782485}
2026-10-02 13:12:14 [INFO]: {'ventana': 2, 'grupo_voto': 'Letters', 'grupo_final': 'Letters', 'comando': 'A', 'confianza_grupo': 0.676387623026676, 'confianza_comando': 0.9896296885334729}
2026-10-02 13:12:14 [INFO]: {'ventana': 3, 'grupo_voto': 'Letters', 'grupo_final': 'Letters', 'comando': 'A', 'confianza_grupo': 0.7856389877305489, 'confianza_comando': 0.9686579581001051}
2026-10-02 13:12:14 [INFO]: {'ventana': 4, 'grupo_voto': 'Letters', 'grupo_final': 'Letters', 'comando': 'A', 'confianza_grupo': 0.9821198374079867, 'confianza_comando': 0.9560181006134039}
2026-10-02 13:12:14 [INFO]: Comando predicho A
2026-10-02 13:12:14 [INFO]: Grupo predicho Letters
2026-10-02 13:12:14 [INFO]: ----------------------------------------------------------------
2026-10-02 13:12:14 [INFO]: ------------------>cvs name D:/APP_BCI_PYQUE/captures/UserCMSM/Letters/UserCMSM_A_49.csv<----------------
2026-10-02 13:12:14 [INFO]: {'ventana': 1, 'grupo_voto': 'Letters', 'grupo_final': 'Numbers', 'comando': '2', 'confianza_grupo': 0.8599306968902036, 'confianza_comando': 0.9471196238190329}
2026-10-02 13:12:14 [INFO]: {'ventana': 2, 'grupo_voto': 'Numbers', 'grupo_final': 'Numbers', 'comando': '2', 'confianza_grupo': 0.7131689029754061, 'confianza_comando': 0.5281723490072722}
2026-10-02 13:12:14 [INFO]: {'ventana': 3, 'grupo_voto': 'Numbers', 'grupo_final': 'Numbers', 'comando': '3', 'confianza_grupo': 0.928029148161901, 'confianza_comando': 0.29141706233110787}
2026-10-02 13:12:14 [INFO]: {'ventana': 4, 'grupo_voto': 'Numbers', 'grupo_final': 'Numbers', 'comando': '1', 'confianza_grupo': 0.8905017615026604, 'confianza_comando': 0.37282249122558114}
2026-10-02 13:12:14 [INFO]: Comando predicho 2
2026-10-02 13:12:14 [INFO]: Grupo predicho Numbers
2026-10-02 13:12:14 [INFO]: ----------------------------------------------------------------
2026-10-02 13:12:15 [INFO]: ------------------>cvs name D:/APP_BCI_PYQUE/captures/UserCMSM/Letters/UserCMSM_A_50.csv<----------------
2026-10-02 13:12:15 [INFO]: {'ventana': 1, 'grupo_voto': 'Numbers', 'grupo_final': 'Numbers', 'comando': '0', 'confianza_grupo': 0.9528965319040444, 'confianza_comando': 0.9177601232535427}
2026-10-02 13:12:15 [INFO]: {'ventana': 2, 'grupo_voto': 'Numbers', 'grupo_final': 'Numbers', 'comando': '9', 'confianza_grupo': 0.9817494323254758, 'confianza_comando': 0.2480146943404908}
2026-10-02 13:12:15 [INFO]: {'ventana': 3, 'grupo_voto': 'Numbers', 'grupo_final': 'Numbers', 'comando': '9', 'confianza_grupo': 0.951327152258683, 'confianza_comando': 0.31192438480452583}
2026-10-02 13:12:15 [INFO]: {'ventana': 4, 'grupo_voto': 'Numbers', 'grupo_final': 'Numbers', 'comando': '0', 'confianza_grupo': 0.5821317877289561, 'confianza_comando': 0.48907429691698706}
2026-10-02 13:12:15 [INFO]: Comando predicho 0
2026-10-02 13:12:15 [INFO]: Grupo predicho Numbers
2026-10-02 13:12:15 [INFO]: ----------------------------------------------------------------
2026-10-02 13:12:15 [INFO]: ------------------>cvs name D:/APP_BCI_PYQUE/captures/UserCMSM/Letters/UserCMSM_A_51.csv<----------------
2026-10-02 13:12:15 [INFO]: {'ventana': 1, 'grupo_voto': 'Letters', 'grupo_final': 'Letters', 'comando': 'A', 'confianza_grupo': 0.9748979625646081, 'confianza_comando': 0.8800048475148}
2026-10-02 13:12:15 [INFO]: {'ventana': 2, 'grupo_voto': 'Letters', 'grupo_final': 'Letters', 'comando': 'A', 'confianza_grupo': 0.9744692766445318, 'confianza_comando': 0.9746587715032697}
2026-10-02 13:12:15 [INFO]: {'ventana': 3, 'grupo_voto': 'Letters', 'grupo_final': 'Letters', 'comando': 'A', 'confianza_grupo': 0.863991612448478, 'confianza_comando': 0.9721624948389442}
2026-10-02 13:12:15 [INFO]: {'ventana': 4, 'grupo_voto': 'Letters', 'grupo_final': 'Letters', 'comando': 'A', 'confianza_grupo': 0.9633443613710357, 'confianza_comando': 0.8957273738965936}
2026-10-02 13:12:15 [INFO]: Comando predicho A
2026-10-02 13:12:15 [INFO]: Grupo predicho Letters
2026-10-02 13:12:15 [INFO]: ----------------------------------------------------------------
2026-10-02 13:12:16 [INFO]: ------------------>cvs name D:/APP_BCI_PYQUE/captures/UserCMSM/Letters/UserCMSM_A_52.csv<----------------
2026-10-02 13:12:16 [INFO]: {'ventana': 1, 'grupo_voto': 'Numbers', 'grupo_final': 'Numbers', 'comando': '1', 'confianza_grupo': 0.7539233580325311, 'confianza_comando': 0.14693356467038546}
2026-10-02 13:12:16 [INFO]: {'ventana': 2, 'grupo_voto': 'Numbers', 'grupo_final': 'Numbers', 'comando': '2', 'confianza_grupo': 0.737045475433812, 'confianza_comando': 0.4736074438564785}
2026-10-02 13:12:16 [INFO]: {'ventana': 3, 'grupo_voto': 'Numbers', 'grupo_final': 'Numbers', 'comando': '2', 'confianza_grupo': 0.7326407838010882, 'confianza_comando': 0.44003424691034637}
2026-10-02 13:12:16 [INFO]: {'ventana': 4, 'grupo_voto': 'Numbers', 'grupo_final': 'Numbers', 'comando': '2', 'confianza_grupo': 0.7334149424049454, 'confianza_comando': 0.5344809459799551}
2026-10-02 13:12:16 [INFO]: Comando predicho 2
2026-10-02 13:12:16 [INFO]: Grupo predicho Numbers
2026-10-02 13:12:16 [INFO]: ----------------------------------------------------------------
2026-10-02 13:12:17 [INFO]: ------------------>cvs name D:/APP_BCI_PYQUE/captures/UserCMSM/Letters/UserCMSM_A_53.csv<----------------
2026-10-02 13:12:17 [INFO]: {'ventana': 1, 'grupo_voto': 'Numbers', 'grupo_final': 'Letters', 'comando': 'A', 'confianza_grupo': 0.7836239985840122, 'confianza_comando': 0.9568178500408917}
2026-10-02 13:12:17 [INFO]: {'ventana': 2, 'grupo_voto': 'Letters', 'grupo_final': 'Letters', 'comando': 'A', 'confianza_grupo': 0.6120894710141276, 'confianza_comando': 0.9704166648411356}
2026-10-02 13:12:17 [INFO]: {'ventana': 3, 'grupo_voto': 'Letters', 'grupo_final': 'Letters', 'comando': 'A', 'confianza_grupo': 0.6140227977665126, 'confianza_comando': 0.9792612041573863}
2026-10-02 13:12:17 [INFO]: {'ventana': 4, 'grupo_voto': 'Letters', 'grupo_final': 'Letters', 'comando': 'A', 'confianza_grupo': 0.9018469602797005, 'confianza_comando': 0.9361751662565188}
2026-10-02 13:12:17 [INFO]: Comando predicho A
2026-10-02 13:12:17 [INFO]: Grupo predicho Letters
2026-10-02 13:12:17 [INFO]: ----------------------------------------------------------------
2026-10-02 13:12:17 [INFO]: ------------------>cvs name D:/APP_BCI_PYQUE/captures/UserCMSM/Letters/UserCMSM_A_54.csv<----------------
2026-10-02 13:12:17 [INFO]: {'ventana': 1, 'grupo_voto': 'Letters', 'grupo_final': 'Letters', 'comando': 'A', 'confianza_grupo': 0.5969927087156239, 'confianza_comando': 0.9652001916800546}
2026-10-02 13:12:17 [INFO]: {'ventana': 2, 'grupo_voto': 'Letters', 'grupo_final': 'Letters', 'comando': 'A', 'confianza_grupo': 0.9460639659854851, 'confianza_comando': 0.9507009006325642}
2026-10-02 13:12:17 [INFO]: {'ventana': 3, 'grupo_voto': 'Letters', 'grupo_final': 'Letters', 'comando': 'A', 'confianza_grupo': 0.8165868886866614, 'confianza_comando': 0.9949718601907442}
2026-10-02 13:12:17 [INFO]: {'ventana': 4, 'grupo_voto': 'Letters', 'grupo_final': 'Letters', 'comando': 'A', 'confianza_grupo': 0.8100943001940373, 'confianza_comando': 0.975524461138989}
2026-10-02 13:12:17 [INFO]: Comando predicho A
2026-10-02 13:12:17 [INFO]: Grupo predicho Letters
2026-10-02 13:12:17 [INFO]: ----------------------------------------------------------------
2026-10-02 13:12:18 [INFO]: ------------------>cvs name D:/APP_BCI_PYQUE/captures/UserCMSM/Letters/UserCMSM_A_55.csv<----------------
2026-10-02 13:12:18 [INFO]: {'ventana': 1, 'grupo_voto': 'Numbers', 'grupo_final': 'Letters', 'comando': 'A', 'confianza_grupo': 0.6399281983826487, 'confianza_comando': 0.79041649693956}
2026-10-02 13:12:18 [INFO]: {'ventana': 2, 'grupo_voto': 'Letters', 'grupo_final': 'Letters', 'comando': 'A', 'confianza_grupo': 0.8548538150422474, 'confianza_comando': 0.7299532043284461}
2026-10-02 13:12:18 [INFO]: {'ventana': 3, 'grupo_voto': 'Letters', 'grupo_final': 'Letters', 'comando': 'A', 'confianza_grupo': 0.5694193857230161, 'confianza_comando': 0.8975846851985091}
2026-10-02 13:12:18 [INFO]: {'ventana': 4, 'grupo_voto': 'Letters', 'grupo_final': 'Letters', 'comando': 'A', 'confianza_grupo': 0.5493987731398193, 'confianza_comando': 0.8702893122312869}
2026-10-02 13:12:18 [INFO]: Comando predicho A
2026-10-02 13:12:18 [INFO]: Grupo predicho Letters
2026-10-02 13:12:18 [INFO]: ----------------------------------------------------------------
2026-10-02 13:12:18 [INFO]: ------------------>cvs name D:/APP_BCI_PYQUE/captures/UserCMSM/Letters/UserCMSM_A_56.csv<----------------
2026-10-02 13:12:18 [INFO]: {'ventana': 1, 'grupo_voto': 'Letters', 'grupo_final': 'Letters', 'comando': 'A', 'confianza_grupo': 0.9907038164822141, 'confianza_comando': 0.9825747170347272}
2026-10-02 13:12:18 [INFO]: {'ventana': 2, 'grupo_voto': 'Letters', 'grupo_final': 'Letters', 'comando': 'A', 'confianza_grupo': 0.9941766155904388, 'confianza_comando': 0.9699591222192677}
2026-10-02 13:12:18 [INFO]: {'ventana': 3, 'grupo_voto': 'Letters', 'grupo_final': 'Letters', 'comando': 'A', 'confianza_grupo': 0.9867903598765372, 'confianza_comando': 0.9709553782489042}
2026-10-02 13:12:18 [INFO]: {'ventana': 4, 'grupo_voto': 'Letters', 'grupo_final': 'Letters', 'comando': 'A', 'confianza_grupo': 0.9988098476920637, 'confianza_comando': 0.9412913501041563}
2026-10-02 13:12:18 [INFO]: Comando predicho A
2026-10-02 13:12:18 [INFO]: Grupo predicho Letters
2026-10-02 13:12:18 [INFO]: ----------------------------------------------------------------
2026-10-02 13:12:19 [INFO]: ------------------>cvs name D:/APP_BCI_PYQUE/captures/UserCMSM/Letters/UserCMSM_A_57.csv<----------------
2026-10-02 13:12:19 [INFO]: {'ventana': 1, 'grupo_voto': 'Letters', 'grupo_final': 'Letters', 'comando': 'A', 'confianza_grupo': 0.8330769520034247, 'confianza_comando': 0.9727741537442541}
2026-10-02 13:12:19 [INFO]: {'ventana': 2, 'grupo_voto': 'Letters', 'grupo_final': 'Letters', 'comando': 'A', 'confianza_grupo': 0.6331979651333709, 'confianza_comando': 0.9480824401257678}
2026-10-02 13:12:19 [INFO]: {'ventana': 3, 'grupo_voto': 'Letters', 'grupo_final': 'Letters', 'comando': 'A', 'confianza_grupo': 0.5382877576318186, 'confianza_comando': 0.9834616441379165}
2026-10-02 13:12:19 [INFO]: {'ventana': 4, 'grupo_voto': 'Letters', 'grupo_final': 'Letters', 'comando': 'A', 'confianza_grupo': 0.6608333962306536, 'confianza_comando': 0.9102065054586838}
2026-10-02 13:12:19 [INFO]: Comando predicho A
2026-10-02 13:12:19 [INFO]: Grupo predicho Letters
2026-10-02 13:12:19 [INFO]: ----------------------------------------------------------------
2026-10-02 13:12:19 [INFO]: ------------------>cvs name D:/APP_BCI_PYQUE/captures/UserCMSM/Letters/UserCMSM_A_58.csv<----------------
2026-10-02 13:12:19 [INFO]: {'ventana': 1, 'grupo_voto': 'Letters', 'grupo_final': 'Letters', 'comando': 'D', 'confianza_grupo': 0.9866329551115006, 'confianza_comando': 0.35305383316857664}
2026-10-02 13:12:19 [INFO]: {'ventana': 2, 'grupo_voto': 'Letters', 'grupo_final': 'Letters', 'comando': 'A', 'confianza_grupo': 0.9849782917107952, 'confianza_comando': 0.8843073343581939}
2026-10-02 13:12:19 [INFO]: {'ventana': 3, 'grupo_voto': 'Letters', 'grupo_final': 'Letters', 'comando': 'A', 'confianza_grupo': 0.9865894506712941, 'confianza_comando': 0.8815627120613729}
2026-10-02 13:12:19 [INFO]: {'ventana': 4, 'grupo_voto': 'Letters', 'grupo_final': 'Letters', 'comando': 'A', 'confianza_grupo': 0.9828301334828413, 'confianza_comando': 0.9348125132742848}
2026-10-02 13:12:19 [INFO]: Comando predicho A
2026-10-02 13:12:19 [INFO]: Grupo predicho Letters
2026-10-02 13:12:19 [INFO]: ----------------------------------------------------------------
2026-10-02 13:12:20 [INFO]: ------------------>cvs name D:/APP_BCI_PYQUE/captures/UserCMSM/Letters/UserCMSM_A_59.csv<----------------
2026-10-02 13:12:20 [INFO]: {'ventana': 1, 'grupo_voto': 'Letters', 'grupo_final': 'Letters', 'comando': 'A', 'confianza_grupo': 0.9151130324341707, 'confianza_comando': 0.681902623376631}
2026-10-02 13:12:20 [INFO]: {'ventana': 2, 'grupo_voto': 'Letters', 'grupo_final': 'Letters', 'comando': 'A', 'confianza_grupo': 0.9710664666137444, 'confianza_comando': 0.7356562830680761}
2026-10-02 13:12:20 [INFO]: {'ventana': 3, 'grupo_voto': 'Letters', 'grupo_final': 'Letters', 'comando': 'A', 'confianza_grupo': 0.9291171347072721, 'confianza_comando': 0.9761423214048496}
2026-10-02 13:12:20 [INFO]: {'ventana': 4, 'grupo_voto': 'Letters', 'grupo_final': 'Letters', 'comando': 'S', 'confianza_grupo': 0.9390290040263463, 'confianza_comando': 0.6755845720031173}
2026-10-02 13:12:20 [INFO]: Comando predicho A
2026-10-02 13:12:20 [INFO]: Grupo predicho Letters
2026-10-02 13:12:20 [INFO]: ----------------------------------------------------------------
2026-10-02 13:12:20 [INFO]: Del Comando A Total Archivos 30
2026-10-02 13:12:20 [INFO]: Comando Reales Predichos, 24
2026-10-02 13:12:20 [INFO]: Grupo Real Predicho, 26
2026-10-02 13:12:20 [INFO]: =======================================================================================
2026-10-02 13:12:20 [INFO]: =======================================================================================
2026-10-02 13:12:20 [INFO]: ------------------>cvs name D:/APP_BCI_PYQUE/captures/UserCMSM/Letters/UserCMSM_E_30.csv<----------------
2026-10-02 13:12:20 [INFO]: {'ventana': 1, 'grupo_voto': 'Letters', 'grupo_final': 'Letters', 'comando': 'E', 'confianza_grupo': 0.9806419048109205, 'confianza_comando': 0.9936540413250863}
2026-10-02 13:12:20 [INFO]: {'ventana': 2, 'grupo_voto': 'Letters', 'grupo_final': 'Letters', 'comando': 'E', 'confianza_grupo': 0.9520338184097321, 'confianza_comando': 0.9724999925941284}
2026-10-02 13:12:20 [INFO]: {'ventana': 3, 'grupo_voto': 'Letters', 'grupo_final': 'Letters', 'comando': 'E', 'confianza_grupo': 0.9793997784938969, 'confianza_comando': 0.9786483384803509}
2026-10-02 13:12:20 [INFO]: {'ventana': 4, 'grupo_voto': 'Letters', 'grupo_final': 'Letters', 'comando': 'E', 'confianza_grupo': 0.9915293171929507, 'confianza_comando': 0.8440115094307037}
2026-10-02 13:12:20 [INFO]: Comando predicho E
2026-10-02 13:12:20 [INFO]: Grupo predicho Letters
2026-10-02 13:12:20 [INFO]: ----------------------------------------------------------------
2026-10-02 13:12:21 [INFO]: ------------------>cvs name D:/APP_BCI_PYQUE/captures/UserCMSM/Letters/UserCMSM_E_31.csv<----------------
2026-10-02 13:12:21 [INFO]: {'ventana': 1, 'grupo_voto': 'Numbers', 'grupo_final': 'Letters', 'comando': 'E', 'confianza_grupo': 0.5778584928650875, 'confianza_comando': 0.9836054779372199}
2026-10-02 13:12:21 [INFO]: {'ventana': 2, 'grupo_voto': 'Letters', 'grupo_final': 'Letters', 'comando': 'E', 'confianza_grupo': 0.6266759976162566, 'confianza_comando': 0.8806575675530066}
2026-10-02 13:12:21 [INFO]: {'ventana': 3, 'grupo_voto': 'Letters', 'grupo_final': 'Letters', 'comando': 'E', 'confianza_grupo': 0.6880587835878519, 'confianza_comando': 0.8978392278812248}
2026-10-02 13:12:21 [INFO]: {'ventana': 4, 'grupo_voto': 'Letters', 'grupo_final': 'Letters', 'comando': 'E', 'confianza_grupo': 0.8774086063723181, 'confianza_comando': 0.9309212094834546}
2026-10-02 13:12:21 [INFO]: Comando predicho E
2026-10-02 13:12:21 [INFO]: Grupo predicho Letters
2026-10-02 13:12:21 [INFO]: ----------------------------------------------------------------
2026-10-02 13:12:21 [INFO]: ------------------>cvs name D:/APP_BCI_PYQUE/captures/UserCMSM/Letters/UserCMSM_E_32.csv<----------------
2026-10-02 13:12:21 [INFO]: {'ventana': 1, 'grupo_voto': 'Letters', 'grupo_final': 'Letters', 'comando': 'E', 'confianza_grupo': 0.9713724626332734, 'confianza_comando': 0.9841500279367513}
2026-10-02 13:12:21 [INFO]: {'ventana': 2, 'grupo_voto': 'Letters', 'grupo_final': 'Letters', 'comando': 'E', 'confianza_grupo': 0.9858029721946895, 'confianza_comando': 0.43196788935866937}
2026-10-02 13:12:21 [INFO]: {'ventana': 3, 'grupo_voto': 'Letters', 'grupo_final': 'Letters', 'comando': 'E', 'confianza_grupo': 0.9885476316619806, 'confianza_comando': 0.9257718794227351}
2026-10-02 13:12:21 [INFO]: {'ventana': 4, 'grupo_voto': 'Letters', 'grupo_final': 'Letters', 'comando': 'E', 'confianza_grupo': 0.9955103954259534, 'confianza_comando': 0.9274457135828215}
2026-10-02 13:12:21 [INFO]: Comando predicho E
2026-10-02 13:12:21 [INFO]: Grupo predicho Letters
2026-10-02 13:12:21 [INFO]: ----------------------------------------------------------------
2026-10-02 13:12:22 [INFO]: ------------------>cvs name D:/APP_BCI_PYQUE/captures/UserCMSM/Letters/UserCMSM_E_33.csv<----------------
2026-10-02 13:12:22 [INFO]: {'ventana': 1, 'grupo_voto': 'Letters', 'grupo_final': 'Letters', 'comando': 'E', 'confianza_grupo': 0.9978434820827803, 'confianza_comando': 0.9330542421455095}
2026-10-02 13:12:22 [INFO]: {'ventana': 2, 'grupo_voto': 'Letters', 'grupo_final': 'Letters', 'comando': 'E', 'confianza_grupo': 0.9968177251528236, 'confianza_comando': 0.9197561497154554}
2026-10-02 13:12:22 [INFO]: {'ventana': 3, 'grupo_voto': 'Letters', 'grupo_final': 'Letters', 'comando': 'E', 'confianza_grupo': 0.9960432891414234, 'confianza_comando': 0.9605459311218618}
2026-10-02 13:12:22 [INFO]: {'ventana': 4, 'grupo_voto': 'Letters', 'grupo_final': 'Letters', 'comando': 'E', 'confianza_grupo': 0.9925585776731284, 'confianza_comando': 0.9784021403946492}
2026-10-02 13:12:22 [INFO]: Comando predicho E
2026-10-02 13:12:22 [INFO]: Grupo predicho Letters
2026-10-02 13:12:22 [INFO]: ----------------------------------------------------------------
2026-10-02 13:12:23 [INFO]: ------------------>cvs name D:/APP_BCI_PYQUE/captures/UserCMSM/Letters/UserCMSM_E_34.csv<----------------
2026-10-02 13:12:23 [INFO]: {'ventana': 1, 'grupo_voto': 'Letters', 'grupo_final': 'Letters', 'comando': 'E', 'confianza_grupo': 0.9748928263417465, 'confianza_comando': 0.7296393787594913}
2026-10-02 13:12:23 [INFO]: {'ventana': 2, 'grupo_voto': 'Letters', 'grupo_final': 'Letters', 'comando': 'E', 'confianza_grupo': 0.9794393135132586, 'confianza_comando': 0.9315074286689404}
2026-10-02 13:12:23 [INFO]: {'ventana': 3, 'grupo_voto': 'Letters', 'grupo_final': 'Letters', 'comando': 'E', 'confianza_grupo': 0.9949424702421121, 'confianza_comando': 0.9019973380291327}
2026-10-02 13:12:23 [INFO]: {'ventana': 4, 'grupo_voto': 'Letters', 'grupo_final': 'Letters', 'comando': 'E', 'confianza_grupo': 0.9640285574512625, 'confianza_comando': 0.9336306219869377}
2026-10-02 13:12:23 [INFO]: Comando predicho E
2026-10-02 13:12:23 [INFO]: Grupo predicho Letters
2026-10-02 13:12:23 [INFO]: ----------------------------------------------------------------
2026-10-02 13:12:23 [INFO]: ------------------>cvs name D:/APP_BCI_PYQUE/captures/UserCMSM/Letters/UserCMSM_E_35.csv<----------------
2026-10-02 13:12:23 [INFO]: {'ventana': 1, 'grupo_voto': 'Letters', 'grupo_final': 'Letters', 'comando': 'E', 'confianza_grupo': 0.8426149866218907, 'confianza_comando': 0.9527709443418091}
2026-10-02 13:12:23 [INFO]: {'ventana': 2, 'grupo_voto': 'Letters', 'grupo_final': 'Letters', 'comando': 'E', 'confianza_grupo': 0.777746277911059, 'confianza_comando': 0.9642768119190134}
2026-10-02 13:12:23 [INFO]: {'ventana': 3, 'grupo_voto': 'Letters', 'grupo_final': 'Letters', 'comando': 'E', 'confianza_grupo': 0.9326125336070425, 'confianza_comando': 0.9676063520980888}
2026-10-02 13:12:23 [INFO]: {'ventana': 4, 'grupo_voto': 'Letters', 'grupo_final': 'Letters', 'comando': 'E', 'confianza_grupo': 0.9447745640565779, 'confianza_comando': 0.9615746945559055}
2026-10-02 13:12:23 [INFO]: Comando predicho E
2026-10-02 13:12:23 [INFO]: Grupo predicho Letters
2026-10-02 13:12:23 [INFO]: ----------------------------------------------------------------
2026-10-02 13:12:24 [INFO]: ------------------>cvs name D:/APP_BCI_PYQUE/captures/UserCMSM/Letters/UserCMSM_E_36.csv<----------------
2026-10-02 13:12:24 [INFO]: {'ventana': 1, 'grupo_voto': 'Numbers', 'grupo_final': 'Numbers', 'comando': '5', 'confianza_grupo': 0.7375526919675082, 'confianza_comando': 0.3951667164832337}
2026-10-02 13:12:24 [INFO]: {'ventana': 2, 'grupo_voto': 'Numbers', 'grupo_final': 'Numbers', 'comando': '9', 'confianza_grupo': 0.6157513622261447, 'confianza_comando': 0.7057845835365114}
2026-10-02 13:12:24 [INFO]: {'ventana': 3, 'grupo_voto': 'Numbers', 'grupo_final': 'Numbers', 'comando': '9', 'confianza_grupo': 0.817109598529785, 'confianza_comando': 0.5480674508416415}
2026-10-02 13:12:24 [INFO]: {'ventana': 4, 'grupo_voto': 'Letters', 'grupo_final': 'Numbers', 'comando': '9', 'confianza_grupo': 0.5973648135757137, 'confianza_comando': 0.3943468878416425}
2026-10-02 13:12:24 [INFO]: Comando predicho 9
2026-10-02 13:12:24 [INFO]: Grupo predicho Numbers
2026-10-02 13:12:24 [INFO]: ----------------------------------------------------------------
2026-10-02 13:12:24 [INFO]: ------------------>cvs name D:/APP_BCI_PYQUE/captures/UserCMSM/Letters/UserCMSM_E_37.csv<----------------
2026-10-02 13:12:24 [INFO]: {'ventana': 1, 'grupo_voto': 'Letters', 'grupo_final': 'Letters', 'comando': 'A', 'confianza_grupo': 0.748314021213928, 'confianza_comando': 0.11511109809799781}
2026-10-02 13:12:24 [INFO]: {'ventana': 2, 'grupo_voto': 'Letters', 'grupo_final': 'Letters', 'comando': 'A', 'confianza_grupo': 0.9082746787712971, 'confianza_comando': 0.6316326015188145}
2026-10-02 13:12:24 [INFO]: {'ventana': 3, 'grupo_voto': 'Letters', 'grupo_final': 'Letters', 'comando': 'O', 'confianza_grupo': 0.9343009048183365, 'confianza_comando': 0.3431822624381829}
2026-10-02 13:12:24 [INFO]: {'ventana': 4, 'grupo_voto': 'Letters', 'grupo_final': 'Letters', 'comando': 'A', 'confianza_grupo': 0.9371344547094554, 'confianza_comando': 0.9010237721956551}
2026-10-02 13:12:24 [INFO]: Comando predicho A
2026-10-02 13:12:24 [INFO]: Grupo predicho Letters
2026-10-02 13:12:24 [INFO]: ----------------------------------------------------------------
2026-10-02 13:12:25 [INFO]: ------------------>cvs name D:/APP_BCI_PYQUE/captures/UserCMSM/Letters/UserCMSM_E_38.csv<----------------
2026-10-02 13:12:25 [INFO]: {'ventana': 1, 'grupo_voto': 'Letters', 'grupo_final': 'Letters', 'comando': 'E', 'confianza_grupo': 0.9773404948012753, 'confianza_comando': 0.8256176767205103}
2026-10-02 13:12:25 [INFO]: {'ventana': 2, 'grupo_voto': 'Letters', 'grupo_final': 'Letters', 'comando': 'E', 'confianza_grupo': 0.9932589823134292, 'confianza_comando': 0.9553522835495898}
2026-10-02 13:12:25 [INFO]: {'ventana': 3, 'grupo_voto': 'Letters', 'grupo_final': 'Letters', 'comando': 'E', 'confianza_grupo': 0.9949090039667561, 'confianza_comando': 0.9661397709045949}
2026-10-02 13:12:25 [INFO]: {'ventana': 4, 'grupo_voto': 'Letters', 'grupo_final': 'Letters', 'comando': 'E', 'confianza_grupo': 0.9961514424535023, 'confianza_comando': 0.9766209499020427}
2026-10-02 13:12:25 [INFO]: Comando predicho E
2026-10-02 13:12:25 [INFO]: Grupo predicho Letters
2026-10-02 13:12:25 [INFO]: ----------------------------------------------------------------
2026-10-02 13:12:26 [INFO]: ------------------>cvs name D:/APP_BCI_PYQUE/captures/UserCMSM/Letters/UserCMSM_E_39.csv<----------------
2026-10-02 13:12:26 [INFO]: {'ventana': 1, 'grupo_voto': 'Letters', 'grupo_final': 'Letters', 'comando': 'E', 'confianza_grupo': 0.9341660288675655, 'confianza_comando': 0.9542691960795001}
2026-10-02 13:12:26 [INFO]: {'ventana': 2, 'grupo_voto': 'Letters', 'grupo_final': 'Letters', 'comando': 'E', 'confianza_grupo': 0.9791006974184596, 'confianza_comando': 0.9852756581719762}
2026-10-02 13:12:26 [INFO]: {'ventana': 3, 'grupo_voto': 'Letters', 'grupo_final': 'Letters', 'comando': 'E', 'confianza_grupo': 0.947830555175259, 'confianza_comando': 0.9678998063637133}
2026-10-02 13:12:26 [INFO]: {'ventana': 4, 'grupo_voto': 'Letters', 'grupo_final': 'Letters', 'comando': 'E', 'confianza_grupo': 0.9738508996144808, 'confianza_comando': 0.9337641198150156}
2026-10-02 13:12:26 [INFO]: Comando predicho E
2026-10-02 13:12:26 [INFO]: Grupo predicho Letters
2026-10-02 13:12:26 [INFO]: ----------------------------------------------------------------
2026-10-02 13:12:26 [INFO]: ------------------>cvs name D:/APP_BCI_PYQUE/captures/UserCMSM/Letters/UserCMSM_E_40.csv<----------------
2026-10-02 13:12:26 [INFO]: {'ventana': 1, 'grupo_voto': 'Letters', 'grupo_final': 'Letters', 'comando': 'E', 'confianza_grupo': 0.972898489505402, 'confianza_comando': 0.4505708310252451}
2026-10-02 13:12:26 [INFO]: {'ventana': 2, 'grupo_voto': 'Letters', 'grupo_final': 'Letters', 'comando': 'E', 'confianza_grupo': 0.9803149977853608, 'confianza_comando': 0.9689862062203679}
2026-10-02 13:12:26 [INFO]: {'ventana': 3, 'grupo_voto': 'Letters', 'grupo_final': 'Letters', 'comando': 'E', 'confianza_grupo': 0.9781595545022127, 'confianza_comando': 0.9759308028131849}
2026-10-02 13:12:26 [INFO]: {'ventana': 4, 'grupo_voto': 'Letters', 'grupo_final': 'Letters', 'comando': 'E', 'confianza_grupo': 0.9495553306659038, 'confianza_comando': 0.9820211618210498}
2026-10-02 13:12:26 [INFO]: Comando predicho E
2026-10-02 13:12:26 [INFO]: Grupo predicho Letters
2026-10-02 13:12:26 [INFO]: ----------------------------------------------------------------
2026-10-02 13:12:27 [INFO]: ------------------>cvs name D:/APP_BCI_PYQUE/captures/UserCMSM/Letters/UserCMSM_E_41.csv<----------------
2026-10-02 13:12:27 [INFO]: {'ventana': 1, 'grupo_voto': 'Letters', 'grupo_final': 'Letters', 'comando': 'E', 'confianza_grupo': 0.9609725414511865, 'confianza_comando': 0.8969879471297677}
2026-10-02 13:12:27 [INFO]: {'ventana': 2, 'grupo_voto': 'Letters', 'grupo_final': 'Letters', 'comando': 'E', 'confianza_grupo': 0.9493854415535498, 'confianza_comando': 0.9579382111987391}
2026-10-02 13:12:27 [INFO]: {'ventana': 3, 'grupo_voto': 'Letters', 'grupo_final': 'Letters', 'comando': 'E', 'confianza_grupo': 0.9724177642166496, 'confianza_comando': 0.8440666161227449}
2026-10-02 13:12:27 [INFO]: {'ventana': 4, 'grupo_voto': 'Letters', 'grupo_final': 'Letters', 'comando': 'E', 'confianza_grupo': 0.9613856808890829, 'confianza_comando': 0.7957621940997357}
2026-10-02 13:12:27 [INFO]: Comando predicho E
2026-10-02 13:12:27 [INFO]: Grupo predicho Letters
2026-10-02 13:12:27 [INFO]: ----------------------------------------------------------------
2026-10-02 13:12:27 [INFO]: ------------------>cvs name D:/APP_BCI_PYQUE/captures/UserCMSM/Letters/UserCMSM_E_42.csv<----------------
2026-10-02 13:12:27 [INFO]: {'ventana': 1, 'grupo_voto': 'Letters', 'grupo_final': 'Letters', 'comando': 'E', 'confianza_grupo': 0.9779987809424999, 'confianza_comando': 0.9790773850180262}
2026-10-02 13:12:27 [INFO]: {'ventana': 2, 'grupo_voto': 'Letters', 'grupo_final': 'Letters', 'comando': 'E', 'confianza_grupo': 0.9812579002128052, 'confianza_comando': 0.9739749242995184}
2026-10-02 13:12:27 [INFO]: {'ventana': 3, 'grupo_voto': 'Letters', 'grupo_final': 'Letters', 'comando': 'A', 'confianza_grupo': 0.9812940295452012, 'confianza_comando': 0.6271825170491547}
2026-10-02 13:12:27 [INFO]: {'ventana': 4, 'grupo_voto': 'Letters', 'grupo_final': 'Letters', 'comando': 'E', 'confianza_grupo': 0.9782940788441372, 'confianza_comando': 0.332757801193867}
2026-10-02 13:12:27 [INFO]: Comando predicho E
2026-10-02 13:12:27 [INFO]: Grupo predicho Letters
2026-10-02 13:12:27 [INFO]: ----------------------------------------------------------------
2026-10-02 13:12:28 [INFO]: ------------------>cvs name D:/APP_BCI_PYQUE/captures/UserCMSM/Letters/UserCMSM_E_43.csv<----------------
2026-10-02 13:12:28 [INFO]: {'ventana': 1, 'grupo_voto': 'Letters', 'grupo_final': 'Letters', 'comando': 'E', 'confianza_grupo': 0.7474331009462051, 'confianza_comando': 0.12957211080049694}
2026-10-02 13:12:28 [INFO]: {'ventana': 2, 'grupo_voto': 'Letters', 'grupo_final': 'Letters', 'comando': 'E', 'confianza_grupo': 0.9117828449731614, 'confianza_comando': 0.6244610055132886}
2026-10-02 13:12:28 [INFO]: {'ventana': 3, 'grupo_voto': 'Letters', 'grupo_final': 'Letters', 'comando': 'E', 'confianza_grupo': 0.8875055537419254, 'confianza_comando': 0.8612286453767232}
2026-10-02 13:12:28 [INFO]: {'ventana': 4, 'grupo_voto': 'Letters', 'grupo_final': 'Letters', 'comando': 'E', 'confianza_grupo': 0.7624282811094979, 'confianza_comando': 0.5321213137512028}
2026-10-02 13:12:28 [INFO]: Comando predicho E
2026-10-02 13:12:28 [INFO]: Grupo predicho Letters
2026-10-02 13:12:28 [INFO]: ----------------------------------------------------------------
2026-10-02 13:12:29 [INFO]: ------------------>cvs name D:/APP_BCI_PYQUE/captures/UserCMSM/Letters/UserCMSM_E_44.csv<----------------
2026-10-02 13:12:29 [INFO]: {'ventana': 1, 'grupo_voto': 'Letters', 'grupo_final': 'Letters', 'comando': 'Q', 'confianza_grupo': 0.9649108840902407, 'confianza_comando': 0.44937859918210266}
2026-10-02 13:12:29 [INFO]: {'ventana': 2, 'grupo_voto': 'Letters', 'grupo_final': 'Letters', 'comando': 'H', 'confianza_grupo': 0.9348703568593865, 'confianza_comando': 0.27356454384765916}
2026-10-02 13:12:29 [INFO]: {'ventana': 3, 'grupo_voto': 'Letters', 'grupo_final': 'Letters', 'comando': 'Q', 'confianza_grupo': 0.9675422381336197, 'confianza_comando': 0.19071763115387985}
2026-10-02 13:12:29 [INFO]: {'ventana': 4, 'grupo_voto': 'Letters', 'grupo_final': 'Letters', 'comando': 'W', 'confianza_grupo': 0.9631100378678791, 'confianza_comando': 0.1836619621811975}
2026-10-02 13:12:29 [INFO]: Comando predicho Q
2026-10-02 13:12:29 [INFO]: Grupo predicho Letters
2026-10-02 13:12:29 [INFO]: ----------------------------------------------------------------
2026-10-02 13:12:29 [INFO]: ------------------>cvs name D:/APP_BCI_PYQUE/captures/UserCMSM/Letters/UserCMSM_E_45.csv<----------------
2026-10-02 13:12:29 [INFO]: {'ventana': 1, 'grupo_voto': 'Letters', 'grupo_final': 'Numbers', 'comando': '2', 'confianza_grupo': 0.5487251597722522, 'confianza_comando': 0.8737485952826989}
2026-10-02 13:12:29 [INFO]: {'ventana': 2, 'grupo_voto': 'Numbers', 'grupo_final': 'Numbers', 'comando': '2', 'confianza_grupo': 0.7940204001407657, 'confianza_comando': 0.9623904749711507}
2026-10-02 13:12:29 [INFO]: {'ventana': 3, 'grupo_voto': 'Numbers', 'grupo_final': 'Numbers', 'comando': '2', 'confianza_grupo': 0.8159900031846014, 'confianza_comando': 0.9544979155349611}
2026-10-02 13:12:29 [INFO]: {'ventana': 4, 'grupo_voto': 'Numbers', 'grupo_final': 'Numbers', 'comando': '2', 'confianza_grupo': 0.510636224113749, 'confianza_comando': 0.9411825944346125}
2026-10-02 13:12:29 [INFO]: Comando predicho 2
2026-10-02 13:12:29 [INFO]: Grupo predicho Numbers
2026-10-02 13:12:29 [INFO]: ----------------------------------------------------------------
2026-10-02 13:12:30 [INFO]: ------------------>cvs name D:/APP_BCI_PYQUE/captures/UserCMSM/Letters/UserCMSM_E_46.csv<----------------
2026-10-02 13:12:30 [INFO]: {'ventana': 1, 'grupo_voto': 'Letters', 'grupo_final': 'Letters', 'comando': 'E', 'confianza_grupo': 0.9540480458864021, 'confianza_comando': 0.9507972655289313}
2026-10-02 13:12:30 [INFO]: {'ventana': 2, 'grupo_voto': 'Letters', 'grupo_final': 'Letters', 'comando': 'E', 'confianza_grupo': 0.9829755122802075, 'confianza_comando': 0.9329167635457698}
2026-10-02 13:12:30 [INFO]: {'ventana': 3, 'grupo_voto': 'Letters', 'grupo_final': 'Letters', 'comando': 'E', 'confianza_grupo': 0.9870829996902618, 'confianza_comando': 0.8920531886881908}
2026-10-02 13:12:30 [INFO]: {'ventana': 4, 'grupo_voto': 'Letters', 'grupo_final': 'Letters', 'comando': 'E', 'confianza_grupo': 0.9749474028455705, 'confianza_comando': 0.820311765881152}
2026-10-02 13:12:30 [INFO]: Comando predicho E
2026-10-02 13:12:30 [INFO]: Grupo predicho Letters
2026-10-02 13:12:30 [INFO]: ----------------------------------------------------------------
2026-10-02 13:12:30 [INFO]: ------------------>cvs name D:/APP_BCI_PYQUE/captures/UserCMSM/Letters/UserCMSM_E_47.csv<----------------
2026-10-02 13:12:30 [INFO]: {'ventana': 1, 'grupo_voto': 'Letters', 'grupo_final': 'Letters', 'comando': 'E', 'confianza_grupo': 0.996505715584643, 'confianza_comando': 0.9959206683939545}
2026-10-02 13:12:30 [INFO]: {'ventana': 2, 'grupo_voto': 'Letters', 'grupo_final': 'Letters', 'comando': 'E', 'confianza_grupo': 0.9953363070889688, 'confianza_comando': 0.9943497091366997}
2026-10-02 13:12:30 [INFO]: {'ventana': 3, 'grupo_voto': 'Letters', 'grupo_final': 'Letters', 'comando': 'E', 'confianza_grupo': 0.9946527170276456, 'confianza_comando': 0.9883960988950123}
2026-10-02 13:12:30 [INFO]: {'ventana': 4, 'grupo_voto': 'Letters', 'grupo_final': 'Letters', 'comando': 'E', 'confianza_grupo': 0.9929519280877618, 'confianza_comando': 0.9856747292325908}
2026-10-02 13:12:30 [INFO]: Comando predicho E
2026-10-02 13:12:30 [INFO]: Grupo predicho Letters
2026-10-02 13:12:30 [INFO]: ----------------------------------------------------------------
2026-10-02 13:12:31 [INFO]: ------------------>cvs name D:/APP_BCI_PYQUE/captures/UserCMSM/Letters/UserCMSM_E_48.csv<----------------
2026-10-02 13:12:31 [INFO]: {'ventana': 1, 'grupo_voto': 'Letters', 'grupo_final': 'Letters', 'comando': 'E', 'confianza_grupo': 0.9730876404910647, 'confianza_comando': 0.9684319520470637}
2026-10-02 13:12:31 [INFO]: {'ventana': 2, 'grupo_voto': 'Letters', 'grupo_final': 'Letters', 'comando': 'E', 'confianza_grupo': 0.9834423855088599, 'confianza_comando': 0.9763648622220444}
2026-10-02 13:12:31 [INFO]: {'ventana': 3, 'grupo_voto': 'Letters', 'grupo_final': 'Letters', 'comando': 'E', 'confianza_grupo': 0.986291504062543, 'confianza_comando': 0.9824949942114412}
2026-10-02 13:12:31 [INFO]: {'ventana': 4, 'grupo_voto': 'Letters', 'grupo_final': 'Letters', 'comando': 'E', 'confianza_grupo': 0.9798183118704862, 'confianza_comando': 0.9770757326538456}
2026-10-02 13:12:31 [INFO]: Comando predicho E
2026-10-02 13:12:31 [INFO]: Grupo predicho Letters
2026-10-02 13:12:31 [INFO]: ----------------------------------------------------------------
2026-10-02 13:12:31 [INFO]: ------------------>cvs name D:/APP_BCI_PYQUE/captures/UserCMSM/Letters/UserCMSM_E_49.csv<----------------
2026-10-02 13:12:31 [INFO]: {'ventana': 1, 'grupo_voto': 'Letters', 'grupo_final': 'Letters', 'comando': 'E', 'confianza_grupo': 0.9478349689785128, 'confianza_comando': 0.9531751458645134}
2026-10-02 13:12:31 [INFO]: {'ventana': 2, 'grupo_voto': 'Letters', 'grupo_final': 'Letters', 'comando': 'E', 'confianza_grupo': 0.9832054484277916, 'confianza_comando': 0.9825723920635692}
2026-10-02 13:12:31 [INFO]: {'ventana': 3, 'grupo_voto': 'Letters', 'grupo_final': 'Letters', 'comando': 'E', 'confianza_grupo': 0.9919694831505381, 'confianza_comando': 0.9591845840152388}
2026-10-02 13:12:31 [INFO]: {'ventana': 4, 'grupo_voto': 'Letters', 'grupo_final': 'Letters', 'comando': 'E', 'confianza_grupo': 0.9537812926915729, 'confianza_comando': 0.8624960585230954}
2026-10-02 13:12:31 [INFO]: Comando predicho E
2026-10-02 13:12:31 [INFO]: Grupo predicho Letters
2026-10-02 13:12:31 [INFO]: ----------------------------------------------------------------
2026-10-02 13:12:32 [INFO]: ------------------>cvs name D:/APP_BCI_PYQUE/captures/UserCMSM/Letters/UserCMSM_E_50.csv<----------------
2026-10-02 13:12:32 [INFO]: {'ventana': 1, 'grupo_voto': 'Letters', 'grupo_final': 'Letters', 'comando': 'E', 'confianza_grupo': 0.9897381627948302, 'confianza_comando': 0.9959258175966933}
2026-10-02 13:12:32 [INFO]: {'ventana': 2, 'grupo_voto': 'Letters', 'grupo_final': 'Letters', 'comando': 'E', 'confianza_grupo': 0.9908703979527841, 'confianza_comando': 0.9897712769576211}
2026-10-02 13:12:32 [INFO]: {'ventana': 3, 'grupo_voto': 'Letters', 'grupo_final': 'Letters', 'comando': 'E', 'confianza_grupo': 0.9859377555778894, 'confianza_comando': 0.9724282810742847}
2026-10-02 13:12:32 [INFO]: {'ventana': 4, 'grupo_voto': 'Letters', 'grupo_final': 'Letters', 'comando': 'E', 'confianza_grupo': 0.9690993495931337, 'confianza_comando': 0.9390932770600559}
2026-10-02 13:12:32 [INFO]: Comando predicho E
2026-10-02 13:12:32 [INFO]: Grupo predicho Letters
2026-10-02 13:12:32 [INFO]: ----------------------------------------------------------------
2026-10-02 13:12:32 [INFO]: ------------------>cvs name D:/APP_BCI_PYQUE/captures/UserCMSM/Letters/UserCMSM_E_51.csv<----------------
2026-10-02 13:12:32 [INFO]: {'ventana': 1, 'grupo_voto': 'Letters', 'grupo_final': 'Letters', 'comando': 'E', 'confianza_grupo': 0.9720081925234906, 'confianza_comando': 0.9727249478023626}
2026-10-02 13:12:32 [INFO]: {'ventana': 2, 'grupo_voto': 'Letters', 'grupo_final': 'Letters', 'comando': 'E', 'confianza_grupo': 0.9625035104917371, 'confianza_comando': 0.990640815071588}
2026-10-02 13:12:32 [INFO]: {'ventana': 3, 'grupo_voto': 'Letters', 'grupo_final': 'Letters', 'comando': 'E', 'confianza_grupo': 0.9783257536139843, 'confianza_comando': 0.9821986910019652}
2026-10-02 13:12:32 [INFO]: {'ventana': 4, 'grupo_voto': 'Letters', 'grupo_final': 'Letters', 'comando': 'E', 'confianza_grupo': 0.9916761882783552, 'confianza_comando': 0.9809399137677236}
2026-10-02 13:12:32 [INFO]: Comando predicho E
2026-10-02 13:12:32 [INFO]: Grupo predicho Letters
2026-10-02 13:12:32 [INFO]: ----------------------------------------------------------------
2026-10-02 13:12:33 [INFO]: ------------------>cvs name D:/APP_BCI_PYQUE/captures/UserCMSM/Letters/UserCMSM_E_52.csv<----------------
2026-10-02 13:12:33 [INFO]: {'ventana': 1, 'grupo_voto': 'Letters', 'grupo_final': 'Letters', 'comando': 'E', 'confianza_grupo': 0.9738790961095751, 'confianza_comando': 0.9382344577541344}
2026-10-02 13:12:33 [INFO]: {'ventana': 2, 'grupo_voto': 'Letters', 'grupo_final': 'Letters', 'comando': 'E', 'confianza_grupo': 0.9264751522536657, 'confianza_comando': 0.9625884693734992}
2026-10-02 13:12:33 [INFO]: {'ventana': 3, 'grupo_voto': 'Letters', 'grupo_final': 'Letters', 'comando': 'E', 'confianza_grupo': 0.9670642755336514, 'confianza_comando': 0.9596020319478678}
2026-10-02 13:12:33 [INFO]: {'ventana': 4, 'grupo_voto': 'Letters', 'grupo_final': 'Letters', 'comando': 'E', 'confianza_grupo': 0.9739463567677, 'confianza_comando': 0.969902651098972}
2026-10-02 13:12:33 [INFO]: Comando predicho E
2026-10-02 13:12:33 [INFO]: Grupo predicho Letters
2026-10-02 13:12:33 [INFO]: ----------------------------------------------------------------
2026-10-02 13:12:33 [INFO]: ------------------>cvs name D:/APP_BCI_PYQUE/captures/UserCMSM/Letters/UserCMSM_E_53.csv<----------------
2026-10-02 13:12:33 [INFO]: {'ventana': 1, 'grupo_voto': 'Letters', 'grupo_final': 'Letters', 'comando': 'E', 'confianza_grupo': 0.9828455015351787, 'confianza_comando': 0.9843875842446814}
2026-10-02 13:12:33 [INFO]: {'ventana': 2, 'grupo_voto': 'Letters', 'grupo_final': 'Letters', 'comando': 'E', 'confianza_grupo': 0.9848390134798943, 'confianza_comando': 0.9904783289754497}
2026-10-02 13:12:33 [INFO]: {'ventana': 3, 'grupo_voto': 'Letters', 'grupo_final': 'Letters', 'comando': 'E', 'confianza_grupo': 0.9796023950041433, 'confianza_comando': 0.9883048267526732}
2026-10-02 13:12:33 [INFO]: {'ventana': 4, 'grupo_voto': 'Letters', 'grupo_final': 'Letters', 'comando': 'E', 'confianza_grupo': 0.9800079980402878, 'confianza_comando': 0.9727823677691192}
2026-10-02 13:12:33 [INFO]: Comando predicho E
2026-10-02 13:12:33 [INFO]: Grupo predicho Letters
2026-10-02 13:12:33 [INFO]: ----------------------------------------------------------------
2026-10-02 13:12:34 [INFO]: ------------------>cvs name D:/APP_BCI_PYQUE/captures/UserCMSM/Letters/UserCMSM_E_54.csv<----------------
2026-10-02 13:12:34 [INFO]: {'ventana': 1, 'grupo_voto': 'Letters', 'grupo_final': 'Letters', 'comando': 'E', 'confianza_grupo': 0.9520885200662738, 'confianza_comando': 0.9803089750883982}
2026-10-02 13:12:34 [INFO]: {'ventana': 2, 'grupo_voto': 'Letters', 'grupo_final': 'Letters', 'comando': 'E', 'confianza_grupo': 0.9827007166095192, 'confianza_comando': 0.985021684922563}
2026-10-02 13:12:34 [INFO]: {'ventana': 3, 'grupo_voto': 'Letters', 'grupo_final': 'Letters', 'comando': 'E', 'confianza_grupo': 0.9661805706719612, 'confianza_comando': 0.9602193510152175}
2026-10-02 13:12:34 [INFO]: {'ventana': 4, 'grupo_voto': 'Letters', 'grupo_final': 'Letters', 'comando': 'E', 'confianza_grupo': 0.9853996087632392, 'confianza_comando': 0.8029651761563318}
2026-10-02 13:12:34 [INFO]: Comando predicho E
2026-10-02 13:12:34 [INFO]: Grupo predicho Letters
2026-10-02 13:12:34 [INFO]: ----------------------------------------------------------------
2026-10-02 13:12:35 [INFO]: ------------------>cvs name D:/APP_BCI_PYQUE/captures/UserCMSM/Letters/UserCMSM_E_55.csv<----------------
2026-10-02 13:12:35 [INFO]: {'ventana': 1, 'grupo_voto': 'Letters', 'grupo_final': 'Letters', 'comando': 'A', 'confianza_grupo': 0.9761484472513517, 'confianza_comando': 0.8662044119626581}
2026-10-02 13:12:35 [INFO]: {'ventana': 2, 'grupo_voto': 'Letters', 'grupo_final': 'Letters', 'comando': 'A', 'confianza_grupo': 0.9898066308351428, 'confianza_comando': 0.7040506020646198}
2026-10-02 13:12:35 [INFO]: {'ventana': 3, 'grupo_voto': 'Letters', 'grupo_final': 'Letters', 'comando': 'A', 'confianza_grupo': 0.9901664179513149, 'confianza_comando': 0.4575222344055001}
2026-10-02 13:12:35 [INFO]: {'ventana': 4, 'grupo_voto': 'Letters', 'grupo_final': 'Letters', 'comando': 'E', 'confianza_grupo': 0.9816755414107673, 'confianza_comando': 0.9544157904261017}
2026-10-02 13:12:35 [INFO]: Comando predicho A
2026-10-02 13:12:35 [INFO]: Grupo predicho Letters
2026-10-02 13:12:35 [INFO]: ----------------------------------------------------------------
2026-10-02 13:12:35 [INFO]: ------------------>cvs name D:/APP_BCI_PYQUE/captures/UserCMSM/Letters/UserCMSM_E_56.csv<----------------
2026-10-02 13:12:35 [INFO]: {'ventana': 1, 'grupo_voto': 'Letters', 'grupo_final': 'Letters', 'comando': 'E', 'confianza_grupo': 0.9886138360388016, 'confianza_comando': 0.621309095750581}
2026-10-02 13:12:35 [INFO]: {'ventana': 2, 'grupo_voto': 'Letters', 'grupo_final': 'Letters', 'comando': 'A', 'confianza_grupo': 0.9871255991865807, 'confianza_comando': 0.17422759083802403}
2026-10-02 13:12:35 [INFO]: Comando predicho E
2026-10-02 13:12:35 [INFO]: Grupo predicho Letters
2026-10-02 13:12:35 [INFO]: ----------------------------------------------------------------
2026-10-02 13:12:35 [INFO]: ------------------>cvs name D:/APP_BCI_PYQUE/captures/UserCMSM/Letters/UserCMSM_E_57.csv<----------------
2026-10-02 13:12:35 [INFO]: {'ventana': 1, 'grupo_voto': 'Letters', 'grupo_final': 'Letters', 'comando': 'S', 'confianza_grupo': 0.9908841541033695, 'confianza_comando': 0.8424683808572949}
2026-10-02 13:12:35 [INFO]: {'ventana': 2, 'grupo_voto': 'Letters', 'grupo_final': 'Letters', 'comando': 'U', 'confianza_grupo': 0.9941772574361106, 'confianza_comando': 0.5751450955091618}
2026-10-02 13:12:35 [INFO]: {'ventana': 3, 'grupo_voto': 'Letters', 'grupo_final': 'Letters', 'comando': 'U', 'confianza_grupo': 0.9945541372839476, 'confianza_comando': 0.31724397800421045}
2026-10-02 13:12:35 [INFO]: Comando predicho S
2026-10-02 13:12:35 [INFO]: Grupo predicho Letters
2026-10-02 13:12:35 [INFO]: ----------------------------------------------------------------
2026-10-02 13:12:36 [INFO]: ------------------>cvs name D:/APP_BCI_PYQUE/captures/UserCMSM/Letters/UserCMSM_E_58.csv<----------------
2026-10-02 13:12:36 [INFO]: {'ventana': 1, 'grupo_voto': 'Letters', 'grupo_final': 'Letters', 'comando': 'E', 'confianza_grupo': 0.8781832315767338, 'confianza_comando': 0.9881700186201957}
2026-10-02 13:12:36 [INFO]: {'ventana': 2, 'grupo_voto': 'Letters', 'grupo_final': 'Letters', 'comando': 'E', 'confianza_grupo': 0.9555721153646398, 'confianza_comando': 0.9290726656562567}
2026-10-02 13:12:36 [INFO]: {'ventana': 3, 'grupo_voto': 'Numbers', 'grupo_final': 'Letters', 'comando': 'E', 'confianza_grupo': 0.6092094682602044, 'confianza_comando': 0.9347421421080877}
2026-10-02 13:12:36 [INFO]: {'ventana': 4, 'grupo_voto': 'Numbers', 'grupo_final': 'Letters', 'comando': 'E', 'confianza_grupo': 0.5005378017137668, 'confianza_comando': 0.9372833444626683}
2026-10-02 13:12:36 [INFO]: Comando predicho E
2026-10-02 13:12:36 [INFO]: Grupo predicho Letters
2026-10-02 13:12:36 [INFO]: ----------------------------------------------------------------
2026-10-02 13:12:37 [INFO]: ------------------>cvs name D:/APP_BCI_PYQUE/captures/UserCMSM/Letters/UserCMSM_E_59.csv<----------------
2026-10-02 13:12:37 [INFO]: {'ventana': 1, 'grupo_voto': 'Letters', 'grupo_final': 'Letters', 'comando': 'E', 'confianza_grupo': 0.9794916325477769, 'confianza_comando': 0.977091835922959}
2026-10-02 13:12:37 [INFO]: {'ventana': 2, 'grupo_voto': 'Letters', 'grupo_final': 'Letters', 'comando': 'E', 'confianza_grupo': 0.9822228645403822, 'confianza_comando': 0.9639216634696873}
2026-10-02 13:12:37 [INFO]: {'ventana': 3, 'grupo_voto': 'Letters', 'grupo_final': 'Letters', 'comando': 'E', 'confianza_grupo': 0.9296445647949364, 'confianza_comando': 0.942455192528873}
2026-10-02 13:12:37 [INFO]: {'ventana': 4, 'grupo_voto': 'Letters', 'grupo_final': 'Letters', 'comando': 'E', 'confianza_grupo': 0.734234881854097, 'confianza_comando': 0.3357290991480411}
2026-10-02 13:12:37 [INFO]: Comando predicho E
2026-10-02 13:12:37 [INFO]: Grupo predicho Letters
2026-10-02 13:12:37 [INFO]: ----------------------------------------------------------------
2026-10-02 13:12:37 [INFO]: Del Comando E Total Archivos 30
2026-10-02 13:12:37 [INFO]: Comando Reales Predichos, 24
2026-10-02 13:12:37 [INFO]: Grupo Real Predicho, 28
2026-10-02 13:12:37 [INFO]: =======================================================================================
2026-10-02 13:12:37 [INFO]: =======================================================================================
2026-10-02 13:12:37 [INFO]: ------------------>cvs name D:/APP_BCI_PYQUE/captures/UserCMSM/Letters/UserCMSM_I_30.csv<----------------
2026-10-02 13:12:37 [INFO]: {'ventana': 1, 'grupo_voto': 'Letters', 'grupo_final': 'Letters', 'comando': 'I', 'confianza_grupo': 0.9669591956624852, 'confianza_comando': 0.9661646774874316}
2026-10-02 13:12:37 [INFO]: {'ventana': 2, 'grupo_voto': 'Letters', 'grupo_final': 'Letters', 'comando': 'I', 'confianza_grupo': 0.8225912524015001, 'confianza_comando': 0.9743817695336029}
2026-10-02 13:12:37 [INFO]: {'ventana': 3, 'grupo_voto': 'Letters', 'grupo_final': 'Letters', 'comando': 'I', 'confianza_grupo': 0.8656308491159286, 'confianza_comando': 0.9481981858210946}
2026-10-02 13:12:37 [INFO]: {'ventana': 4, 'grupo_voto': 'Letters', 'grupo_final': 'Letters', 'comando': 'I', 'confianza_grupo': 0.7320728336898074, 'confianza_comando': 0.9881005706149292}
2026-10-02 13:12:37 [INFO]: Comando predicho I
2026-10-02 13:12:37 [INFO]: Grupo predicho Letters
2026-10-02 13:12:37 [INFO]: ----------------------------------------------------------------
2026-10-02 13:12:38 [INFO]: ------------------>cvs name D:/APP_BCI_PYQUE/captures/UserCMSM/Letters/UserCMSM_I_31.csv<----------------
2026-10-02 13:12:38 [INFO]: {'ventana': 1, 'grupo_voto': 'Letters', 'grupo_final': 'Letters', 'comando': 'I', 'confianza_grupo': 0.9704027952417841, 'confianza_comando': 0.3136930669001099}
2026-10-02 13:12:38 [INFO]: {'ventana': 2, 'grupo_voto': 'Letters', 'grupo_final': 'Letters', 'comando': 'I', 'confianza_grupo': 0.98004350554774, 'confianza_comando': 0.9652448243827896}
2026-10-02 13:12:38 [INFO]: {'ventana': 3, 'grupo_voto': 'Letters', 'grupo_final': 'Letters', 'comando': 'I', 'confianza_grupo': 0.9809199575925647, 'confianza_comando': 0.90896936830453}
2026-10-02 13:12:38 [INFO]: {'ventana': 4, 'grupo_voto': 'Letters', 'grupo_final': 'Letters', 'comando': 'I', 'confianza_grupo': 0.9945280315928088, 'confianza_comando': 0.9476647864016817}
2026-10-02 13:12:38 [INFO]: Comando predicho I
2026-10-02 13:12:38 [INFO]: Grupo predicho Letters
2026-10-02 13:12:38 [INFO]: ----------------------------------------------------------------
2026-10-02 13:12:38 [INFO]: ------------------>cvs name D:/APP_BCI_PYQUE/captures/UserCMSM/Letters/UserCMSM_I_32.csv<----------------
2026-10-02 13:12:38 [INFO]: {'ventana': 1, 'grupo_voto': 'Letters', 'grupo_final': 'Letters', 'comando': 'I', 'confianza_grupo': 0.9919550693190946, 'confianza_comando': 0.8219693797788213}
2026-10-02 13:12:38 [INFO]: {'ventana': 2, 'grupo_voto': 'Letters', 'grupo_final': 'Letters', 'comando': 'I', 'confianza_grupo': 0.9981479692494527, 'confianza_comando': 0.7297529656438332}
2026-10-02 13:12:38 [INFO]: {'ventana': 3, 'grupo_voto': 'Letters', 'grupo_final': 'Letters', 'comando': 'I', 'confianza_grupo': 0.992627399125488, 'confianza_comando': 0.8943876726442991}
2026-10-02 13:12:38 [INFO]: {'ventana': 4, 'grupo_voto': 'Letters', 'grupo_final': 'Letters', 'comando': 'I', 'confianza_grupo': 0.9940184928011555, 'confianza_comando': 0.6667303286715917}
2026-10-02 13:12:38 [INFO]: Comando predicho I
2026-10-02 13:12:38 [INFO]: Grupo predicho Letters
2026-10-02 13:12:38 [INFO]: ----------------------------------------------------------------
2026-10-02 13:12:39 [INFO]: ------------------>cvs name D:/APP_BCI_PYQUE/captures/UserCMSM/Letters/UserCMSM_I_33.csv<----------------
2026-10-02 13:12:39 [INFO]: {'ventana': 1, 'grupo_voto': 'Letters', 'grupo_final': 'Letters', 'comando': 'I', 'confianza_grupo': 0.9900738391397207, 'confianza_comando': 0.9684362931173529}
2026-10-02 13:12:39 [INFO]: {'ventana': 2, 'grupo_voto': 'Letters', 'grupo_final': 'Letters', 'comando': 'I', 'confianza_grupo': 0.9939448954196854, 'confianza_comando': 0.9705880591544863}
2026-10-02 13:12:39 [INFO]: {'ventana': 3, 'grupo_voto': 'Letters', 'grupo_final': 'Letters', 'comando': 'I', 'confianza_grupo': 0.9856552734196826, 'confianza_comando': 0.9633473429332481}
2026-10-02 13:12:39 [INFO]: {'ventana': 4, 'grupo_voto': 'Letters', 'grupo_final': 'Letters', 'comando': 'I', 'confianza_grupo': 0.9914287097372504, 'confianza_comando': 0.9601634844678893}
2026-10-02 13:12:39 [INFO]: Comando predicho I
2026-10-02 13:12:39 [INFO]: Grupo predicho Letters
2026-10-02 13:12:39 [INFO]: ----------------------------------------------------------------
2026-10-02 13:12:40 [INFO]: ------------------>cvs name D:/APP_BCI_PYQUE/captures/UserCMSM/Letters/UserCMSM_I_34.csv<----------------
2026-10-02 13:12:40 [INFO]: {'ventana': 1, 'grupo_voto': 'Numbers', 'grupo_final': 'Numbers', 'comando': '3', 'confianza_grupo': 0.8882415721922493, 'confianza_comando': 0.9458793796196929}
2026-10-02 13:12:40 [INFO]: {'ventana': 2, 'grupo_voto': 'Numbers', 'grupo_final': 'Numbers', 'comando': '3', 'confianza_grupo': 0.7402952000278148, 'confianza_comando': 0.9505196048876676}
2026-10-02 13:12:40 [INFO]: {'ventana': 3, 'grupo_voto': 'Letters', 'grupo_final': 'Numbers', 'comando': '3', 'confianza_grupo': 0.5641101145403771, 'confianza_comando': 0.9755636628814808}
2026-10-02 13:12:40 [INFO]: {'ventana': 4, 'grupo_voto': 'Numbers', 'grupo_final': 'Numbers', 'comando': '3', 'confianza_grupo': 0.7143760165014492, 'confianza_comando': 0.9888369661425118}
2026-10-02 13:12:40 [INFO]: Comando predicho 3
2026-10-02 13:12:40 [INFO]: Grupo predicho Numbers
2026-10-02 13:12:40 [INFO]: ----------------------------------------------------------------
2026-10-02 13:12:40 [INFO]: ------------------>cvs name D:/APP_BCI_PYQUE/captures/UserCMSM/Letters/UserCMSM_I_35.csv<----------------
2026-10-02 13:12:40 [INFO]: {'ventana': 1, 'grupo_voto': 'Letters', 'grupo_final': 'Letters', 'comando': 'I', 'confianza_grupo': 0.9750884897620034, 'confianza_comando': 0.8864881211803366}
2026-10-02 13:12:40 [INFO]: {'ventana': 2, 'grupo_voto': 'Letters', 'grupo_final': 'Letters', 'comando': 'I', 'confianza_grupo': 0.9202018497974018, 'confianza_comando': 0.9572801399202018}
2026-10-02 13:12:40 [INFO]: {'ventana': 3, 'grupo_voto': 'Letters', 'grupo_final': 'Letters', 'comando': 'I', 'confianza_grupo': 0.7909447839282896, 'confianza_comando': 0.9509923402206594}
2026-10-02 13:12:40 [INFO]: {'ventana': 4, 'grupo_voto': 'Letters', 'grupo_final': 'Letters', 'comando': 'I', 'confianza_grupo': 0.7825902604197601, 'confianza_comando': 0.7785391004030133}
2026-10-02 13:12:40 [INFO]: Comando predicho I
2026-10-02 13:12:40 [INFO]: Grupo predicho Letters
2026-10-02 13:12:40 [INFO]: ----------------------------------------------------------------
2026-10-02 13:12:41 [INFO]: ------------------>cvs name D:/APP_BCI_PYQUE/captures/UserCMSM/Letters/UserCMSM_I_36.csv<----------------
2026-10-02 13:12:41 [INFO]: {'ventana': 1, 'grupo_voto': 'Letters', 'grupo_final': 'Letters', 'comando': 'I', 'confianza_grupo': 0.9536146362239077, 'confianza_comando': 0.9359304885848744}
2026-10-02 13:12:41 [INFO]: {'ventana': 2, 'grupo_voto': 'Letters', 'grupo_final': 'Letters', 'comando': 'I', 'confianza_grupo': 0.9574083374672057, 'confianza_comando': 0.8289113693660034}
2026-10-02 13:12:41 [INFO]: {'ventana': 3, 'grupo_voto': 'Letters', 'grupo_final': 'Letters', 'comando': 'I', 'confianza_grupo': 0.9713761740312457, 'confianza_comando': 0.701305450138355}
2026-10-02 13:12:41 [INFO]: {'ventana': 4, 'grupo_voto': 'Letters', 'grupo_final': 'Letters', 'comando': 'I', 'confianza_grupo': 0.9696474233697602, 'confianza_comando': 0.9674611106121593}
2026-10-02 13:12:41 [INFO]: Comando predicho I
2026-10-02 13:12:41 [INFO]: Grupo predicho Letters
2026-10-02 13:12:41 [INFO]: ----------------------------------------------------------------
2026-10-02 13:12:41 [INFO]: ------------------>cvs name D:/APP_BCI_PYQUE/captures/UserCMSM/Letters/UserCMSM_I_37.csv<----------------
2026-10-02 13:12:41 [INFO]: {'ventana': 1, 'grupo_voto': 'Letters', 'grupo_final': 'Letters', 'comando': 'D', 'confianza_grupo': 0.9908198245675701, 'confianza_comando': 0.15498611770239254}
2026-10-02 13:12:41 [INFO]: {'ventana': 2, 'grupo_voto': 'Letters', 'grupo_final': 'Letters', 'comando': 'D', 'confianza_grupo': 0.9943344528049578, 'confianza_comando': 0.1308770230564273}
2026-10-02 13:12:41 [INFO]: {'ventana': 3, 'grupo_voto': 'Letters', 'grupo_final': 'Letters', 'comando': 'O', 'confianza_grupo': 0.992281786932467, 'confianza_comando': 0.13851021403544275}
2026-10-02 13:12:41 [INFO]: {'ventana': 4, 'grupo_voto': 'Letters', 'grupo_final': 'Letters', 'comando': 'E', 'confianza_grupo': 0.9805241960211969, 'confianza_comando': 0.6590278107257846}
2026-10-02 13:12:41 [INFO]: Comando predicho E
2026-10-02 13:12:41 [INFO]: Grupo predicho Letters
2026-10-02 13:12:41 [INFO]: ----------------------------------------------------------------
2026-10-02 13:12:42 [INFO]: ------------------>cvs name D:/APP_BCI_PYQUE/captures/UserCMSM/Letters/UserCMSM_I_38.csv<----------------
2026-10-02 13:12:42 [INFO]: {'ventana': 1, 'grupo_voto': 'Letters', 'grupo_final': 'Letters', 'comando': 'I', 'confianza_grupo': 0.9168225762668997, 'confianza_comando': 0.7557701128149776}
2026-10-02 13:12:42 [INFO]: {'ventana': 2, 'grupo_voto': 'Letters', 'grupo_final': 'Letters', 'comando': 'I', 'confianza_grupo': 0.8856781875173335, 'confianza_comando': 0.9801288916630596}
2026-10-02 13:12:42 [INFO]: {'ventana': 3, 'grupo_voto': 'Letters', 'grupo_final': 'Letters', 'comando': 'I', 'confianza_grupo': 0.7416321064760086, 'confianza_comando': 0.9659231356969271}
2026-10-02 13:12:42 [INFO]: {'ventana': 4, 'grupo_voto': 'Letters', 'grupo_final': 'Letters', 'comando': 'I', 'confianza_grupo': 0.9112178428319231, 'confianza_comando': 0.5338262388874488}
2026-10-02 13:12:42 [INFO]: Comando predicho I
2026-10-02 13:12:42 [INFO]: Grupo predicho Letters
2026-10-02 13:12:42 [INFO]: ----------------------------------------------------------------
2026-10-02 13:12:43 [INFO]: ------------------>cvs name D:/APP_BCI_PYQUE/captures/UserCMSM/Letters/UserCMSM_I_39.csv<----------------
2026-10-02 13:12:43 [INFO]: {'ventana': 1, 'grupo_voto': 'Letters', 'grupo_final': 'Letters', 'comando': 'I', 'confianza_grupo': 0.9978705042292609, 'confianza_comando': 0.8651262421454204}
2026-10-02 13:12:43 [INFO]: {'ventana': 2, 'grupo_voto': 'Letters', 'grupo_final': 'Letters', 'comando': 'I', 'confianza_grupo': 0.9973723212344894, 'confianza_comando': 0.9587818630690577}
2026-10-02 13:12:43 [INFO]: {'ventana': 3, 'grupo_voto': 'Letters', 'grupo_final': 'Letters', 'comando': 'I', 'confianza_grupo': 0.9973863920686629, 'confianza_comando': 0.852035394583639}
2026-10-02 13:12:43 [INFO]: {'ventana': 4, 'grupo_voto': 'Letters', 'grupo_final': 'Letters', 'comando': 'I', 'confianza_grupo': 0.9982281633858734, 'confianza_comando': 0.47130843445653203}
2026-10-02 13:12:43 [INFO]: Comando predicho I
2026-10-02 13:12:43 [INFO]: Grupo predicho Letters
2026-10-02 13:12:43 [INFO]: ----------------------------------------------------------------
2026-10-02 13:12:43 [INFO]: ------------------>cvs name D:/APP_BCI_PYQUE/captures/UserCMSM/Letters/UserCMSM_I_40.csv<----------------
2026-10-02 13:12:43 [INFO]: {'ventana': 1, 'grupo_voto': 'Letters', 'grupo_final': 'Letters', 'comando': 'I', 'confianza_grupo': 0.9941375304098251, 'confianza_comando': 0.8095287640428374}
2026-10-02 13:12:43 [INFO]: {'ventana': 2, 'grupo_voto': 'Letters', 'grupo_final': 'Letters', 'comando': 'I', 'confianza_grupo': 0.9935766068243251, 'confianza_comando': 0.9152711283454702}
2026-10-02 13:12:43 [INFO]: {'ventana': 3, 'grupo_voto': 'Letters', 'grupo_final': 'Letters', 'comando': 'I', 'confianza_grupo': 0.9854198041518449, 'confianza_comando': 0.9609688204828184}
2026-10-02 13:12:43 [INFO]: {'ventana': 4, 'grupo_voto': 'Letters', 'grupo_final': 'Letters', 'comando': 'I', 'confianza_grupo': 0.987571394912906, 'confianza_comando': 0.9465189954110191}
2026-10-02 13:12:43 [INFO]: Comando predicho I
2026-10-02 13:12:43 [INFO]: Grupo predicho Letters
2026-10-02 13:12:43 [INFO]: ----------------------------------------------------------------
2026-10-02 13:12:44 [INFO]: ------------------>cvs name D:/APP_BCI_PYQUE/captures/UserCMSM/Letters/UserCMSM_I_41.csv<----------------
2026-10-02 13:12:44 [INFO]: {'ventana': 1, 'grupo_voto': 'Letters', 'grupo_final': 'Letters', 'comando': 'I', 'confianza_grupo': 0.9522207705850447, 'confianza_comando': 0.599771561529958}
2026-10-02 13:12:44 [INFO]: {'ventana': 2, 'grupo_voto': 'Letters', 'grupo_final': 'Letters', 'comando': 'A', 'confianza_grupo': 0.9124868406221845, 'confianza_comando': 0.7392790131181703}
2026-10-02 13:12:44 [INFO]: {'ventana': 3, 'grupo_voto': 'Letters', 'grupo_final': 'Letters', 'comando': 'I', 'confianza_grupo': 0.7260774923351195, 'confianza_comando': 0.7520254692267166}
2026-10-02 13:12:44 [INFO]: {'ventana': 4, 'grupo_voto': 'Letters', 'grupo_final': 'Letters', 'comando': 'I', 'confianza_grupo': 0.600209573514161, 'confianza_comando': 0.5802734361637437}
2026-10-02 13:12:44 [INFO]: Comando predicho I
2026-10-02 13:12:44 [INFO]: Grupo predicho Letters
2026-10-02 13:12:44 [INFO]: ----------------------------------------------------------------
2026-10-02 13:12:44 [INFO]: ------------------>cvs name D:/APP_BCI_PYQUE/captures/UserCMSM/Letters/UserCMSM_I_42.csv<----------------
2026-10-02 13:12:44 [INFO]: {'ventana': 1, 'grupo_voto': 'Letters', 'grupo_final': 'Letters', 'comando': 'I', 'confianza_grupo': 0.9924237300836084, 'confianza_comando': 0.9520733582468495}
2026-10-02 13:12:44 [INFO]: {'ventana': 2, 'grupo_voto': 'Letters', 'grupo_final': 'Letters', 'comando': 'I', 'confianza_grupo': 0.9943584741061063, 'confianza_comando': 0.8681728873140974}
2026-10-02 13:12:44 [INFO]: {'ventana': 3, 'grupo_voto': 'Letters', 'grupo_final': 'Letters', 'comando': 'I', 'confianza_grupo': 0.9941229653665807, 'confianza_comando': 0.48083336869506227}
2026-10-02 13:12:44 [INFO]: {'ventana': 4, 'grupo_voto': 'Letters', 'grupo_final': 'Letters', 'comando': 'I', 'confianza_grupo': 0.9933502650215038, 'confianza_comando': 0.15099975090319917}
2026-10-02 13:12:44 [INFO]: Comando predicho I
2026-10-02 13:12:44 [INFO]: Grupo predicho Letters
2026-10-02 13:12:44 [INFO]: ----------------------------------------------------------------
2026-10-02 13:12:45 [INFO]: ------------------>cvs name D:/APP_BCI_PYQUE/captures/UserCMSM/Letters/UserCMSM_I_43.csv<----------------
2026-10-02 13:12:45 [INFO]: {'ventana': 1, 'grupo_voto': 'Letters', 'grupo_final': 'Letters', 'comando': 'O', 'confianza_grupo': 0.9962076894642828, 'confianza_comando': 0.8204151859755167}
2026-10-02 13:12:45 [INFO]: {'ventana': 2, 'grupo_voto': 'Letters', 'grupo_final': 'Letters', 'comando': 'I', 'confianza_grupo': 0.9890254523331432, 'confianza_comando': 0.9157453435323917}
2026-10-02 13:12:45 [INFO]: {'ventana': 3, 'grupo_voto': 'Letters', 'grupo_final': 'Letters', 'comando': 'I', 'confianza_grupo': 0.98484911563471, 'confianza_comando': 0.9718136861114021}
2026-10-02 13:12:45 [INFO]: {'ventana': 4, 'grupo_voto': 'Letters', 'grupo_final': 'Letters', 'comando': 'I', 'confianza_grupo': 0.959537164123662, 'confianza_comando': 0.949841184908084}
2026-10-02 13:12:45 [INFO]: Comando predicho I
2026-10-02 13:12:45 [INFO]: Grupo predicho Letters
2026-10-02 13:12:45 [INFO]: ----------------------------------------------------------------
2026-10-02 13:12:45 [INFO]: ------------------>cvs name D:/APP_BCI_PYQUE/captures/UserCMSM/Letters/UserCMSM_I_44.csv<----------------
2026-10-02 13:12:45 [INFO]: {'ventana': 1, 'grupo_voto': 'Letters', 'grupo_final': 'Letters', 'comando': 'I', 'confianza_grupo': 0.9739316636334008, 'confianza_comando': 0.6283215874359885}
2026-10-02 13:12:45 [INFO]: {'ventana': 2, 'grupo_voto': 'Letters', 'grupo_final': 'Letters', 'comando': 'I', 'confianza_grupo': 0.9777058729087148, 'confianza_comando': 0.733136130633025}
2026-10-02 13:12:45 [INFO]: {'ventana': 3, 'grupo_voto': 'Letters', 'grupo_final': 'Letters', 'comando': 'I', 'confianza_grupo': 0.9885865860164618, 'confianza_comando': 0.7304916954703935}
2026-10-02 13:12:45 [INFO]: {'ventana': 4, 'grupo_voto': 'Letters', 'grupo_final': 'Letters', 'comando': 'I', 'confianza_grupo': 0.9890557157129602, 'confianza_comando': 0.822423241321104}
2026-10-02 13:12:45 [INFO]: Comando predicho I
2026-10-02 13:12:45 [INFO]: Grupo predicho Letters
2026-10-02 13:12:45 [INFO]: ----------------------------------------------------------------
2026-10-02 13:12:46 [INFO]: ------------------>cvs name D:/APP_BCI_PYQUE/captures/UserCMSM/Letters/UserCMSM_I_45.csv<----------------
2026-10-02 13:12:46 [INFO]: {'ventana': 1, 'grupo_voto': 'Letters', 'grupo_final': 'Letters', 'comando': 'I', 'confianza_grupo': 0.9462449283366843, 'confianza_comando': 0.9684705238112156}
2026-10-02 13:12:46 [INFO]: {'ventana': 2, 'grupo_voto': 'Letters', 'grupo_final': 'Letters', 'comando': 'I', 'confianza_grupo': 0.9785259470938957, 'confianza_comando': 0.9735138599169406}
2026-10-02 13:12:46 [INFO]: {'ventana': 3, 'grupo_voto': 'Letters', 'grupo_final': 'Letters', 'comando': 'I', 'confianza_grupo': 0.9720029555364381, 'confianza_comando': 0.9603151483596913}
2026-10-02 13:12:46 [INFO]: {'ventana': 4, 'grupo_voto': 'Letters', 'grupo_final': 'Letters', 'comando': 'I', 'confianza_grupo': 0.760365133915573, 'confianza_comando': 0.9505833052645001}
2026-10-02 13:12:46 [INFO]: Comando predicho I
2026-10-02 13:12:46 [INFO]: Grupo predicho Letters
2026-10-02 13:12:46 [INFO]: ----------------------------------------------------------------
2026-10-02 13:12:47 [INFO]: ------------------>cvs name D:/APP_BCI_PYQUE/captures/UserCMSM/Letters/UserCMSM_I_46.csv<----------------
2026-10-02 13:12:47 [INFO]: {'ventana': 1, 'grupo_voto': 'Letters', 'grupo_final': 'Letters', 'comando': 'I', 'confianza_grupo': 0.958008762812139, 'confianza_comando': 0.5795645348307037}
2026-10-02 13:12:47 [INFO]: {'ventana': 2, 'grupo_voto': 'Letters', 'grupo_final': 'Letters', 'comando': 'I', 'confianza_grupo': 0.9718101262251464, 'confianza_comando': 0.9050698445600018}
2026-10-02 13:12:47 [INFO]: {'ventana': 3, 'grupo_voto': 'Letters', 'grupo_final': 'Letters', 'comando': 'I', 'confianza_grupo': 0.9795086459596086, 'confianza_comando': 0.8883971534966969}
2026-10-02 13:12:47 [INFO]: {'ventana': 4, 'grupo_voto': 'Letters', 'grupo_final': 'Letters', 'comando': 'I', 'confianza_grupo': 0.9828803815008311, 'confianza_comando': 0.6738296627853365}
2026-10-02 13:12:47 [INFO]: Comando predicho I
2026-10-02 13:12:47 [INFO]: Grupo predicho Letters
2026-10-02 13:12:47 [INFO]: ----------------------------------------------------------------
2026-10-02 13:12:47 [INFO]: ------------------>cvs name D:/APP_BCI_PYQUE/captures/UserCMSM/Letters/UserCMSM_I_47.csv<----------------
2026-10-02 13:12:47 [INFO]: {'ventana': 1, 'grupo_voto': 'Letters', 'grupo_final': 'Letters', 'comando': 'I', 'confianza_grupo': 0.5544999644079807, 'confianza_comando': 0.3439913300060566}
2026-10-02 13:12:47 [INFO]: {'ventana': 2, 'grupo_voto': 'Letters', 'grupo_final': 'Letters', 'comando': 'I', 'confianza_grupo': 0.9817309580088016, 'confianza_comando': 0.281579855985888}
2026-10-02 13:12:47 [INFO]: {'ventana': 3, 'grupo_voto': 'Letters', 'grupo_final': 'Letters', 'comando': 'I', 'confianza_grupo': 0.9509763691101519, 'confianza_comando': 0.2282268456985147}
2026-10-02 13:12:47 [INFO]: {'ventana': 4, 'grupo_voto': 'Letters', 'grupo_final': 'Letters', 'comando': 'I', 'confianza_grupo': 0.9464049064858481, 'confianza_comando': 0.4056608489565953}
2026-10-02 13:12:47 [INFO]: Comando predicho I
2026-10-02 13:12:47 [INFO]: Grupo predicho Letters
2026-10-02 13:12:47 [INFO]: ----------------------------------------------------------------
2026-10-02 13:12:48 [INFO]: ------------------>cvs name D:/APP_BCI_PYQUE/captures/UserCMSM/Letters/UserCMSM_I_48.csv<----------------
2026-10-02 13:12:48 [INFO]: {'ventana': 1, 'grupo_voto': 'Letters', 'grupo_final': 'Letters', 'comando': 'I', 'confianza_grupo': 0.989593672814058, 'confianza_comando': 0.9399029985042772}
2026-10-02 13:12:48 [INFO]: {'ventana': 2, 'grupo_voto': 'Letters', 'grupo_final': 'Letters', 'comando': 'I', 'confianza_grupo': 0.9694262623100576, 'confianza_comando': 0.9751050433267489}
2026-10-02 13:12:48 [INFO]: {'ventana': 3, 'grupo_voto': 'Letters', 'grupo_final': 'Letters', 'comando': 'I', 'confianza_grupo': 0.987707034094044, 'confianza_comando': 0.9582022542926957}
2026-10-02 13:12:48 [INFO]: {'ventana': 4, 'grupo_voto': 'Letters', 'grupo_final': 'Letters', 'comando': 'I', 'confianza_grupo': 0.9903477241309635, 'confianza_comando': 0.5289055368880916}
2026-10-02 13:12:48 [INFO]: Comando predicho I
2026-10-02 13:12:48 [INFO]: Grupo predicho Letters
2026-10-02 13:12:48 [INFO]: ----------------------------------------------------------------
2026-10-02 13:12:48 [INFO]: ------------------>cvs name D:/APP_BCI_PYQUE/captures/UserCMSM/Letters/UserCMSM_I_49.csv<----------------
2026-10-02 13:12:48 [INFO]: {'ventana': 1, 'grupo_voto': 'Letters', 'grupo_final': 'Letters', 'comando': 'I', 'confianza_grupo': 0.9987196631024342, 'confianza_comando': 0.9857495758295357}
2026-10-02 13:12:48 [INFO]: {'ventana': 2, 'grupo_voto': 'Letters', 'grupo_final': 'Letters', 'comando': 'I', 'confianza_grupo': 0.9985682727837564, 'confianza_comando': 0.9743198959603032}
2026-10-02 13:12:48 [INFO]: {'ventana': 3, 'grupo_voto': 'Letters', 'grupo_final': 'Letters', 'comando': 'I', 'confianza_grupo': 0.9947988269453217, 'confianza_comando': 0.943640826312357}
2026-10-02 13:12:48 [INFO]: {'ventana': 4, 'grupo_voto': 'Letters', 'grupo_final': 'Letters', 'comando': 'M', 'confianza_grupo': 0.9945836518298682, 'confianza_comando': 0.6500643383625055}
2026-10-02 13:12:48 [INFO]: Comando predicho I
2026-10-02 13:12:48 [INFO]: Grupo predicho Letters
2026-10-02 13:12:48 [INFO]: ----------------------------------------------------------------
2026-10-02 13:12:49 [INFO]: ------------------>cvs name D:/APP_BCI_PYQUE/captures/UserCMSM/Letters/UserCMSM_I_50.csv<----------------
2026-10-02 13:12:49 [INFO]: {'ventana': 1, 'grupo_voto': 'Letters', 'grupo_final': 'Letters', 'comando': 'I', 'confianza_grupo': 0.9264628295755625, 'confianza_comando': 0.9572255788274158}
2026-10-02 13:12:49 [INFO]: {'ventana': 2, 'grupo_voto': 'Letters', 'grupo_final': 'Letters', 'comando': 'I', 'confianza_grupo': 0.9740382214458985, 'confianza_comando': 0.9599436416694865}
2026-10-02 13:12:49 [INFO]: {'ventana': 3, 'grupo_voto': 'Letters', 'grupo_final': 'Letters', 'comando': 'I', 'confianza_grupo': 0.9917518703728586, 'confianza_comando': 0.9425935622949427}
2026-10-02 13:12:49 [INFO]: {'ventana': 4, 'grupo_voto': 'Letters', 'grupo_final': 'Letters', 'comando': 'I', 'confianza_grupo': 0.9800667537987572, 'confianza_comando': 0.9617397394833948}
2026-10-02 13:12:49 [INFO]: Comando predicho I
2026-10-02 13:12:49 [INFO]: Grupo predicho Letters
2026-10-02 13:12:49 [INFO]: ----------------------------------------------------------------
2026-10-02 13:12:50 [INFO]: ------------------>cvs name D:/APP_BCI_PYQUE/captures/UserCMSM/Letters/UserCMSM_I_51.csv<----------------
2026-10-02 13:12:50 [INFO]: {'ventana': 1, 'grupo_voto': 'Letters', 'grupo_final': 'Letters', 'comando': 'I', 'confianza_grupo': 0.9953172963823351, 'confianza_comando': 0.8063000966293283}
2026-10-02 13:12:50 [INFO]: {'ventana': 2, 'grupo_voto': 'Letters', 'grupo_final': 'Letters', 'comando': 'I', 'confianza_grupo': 0.9554967206153725, 'confianza_comando': 0.9645906684943275}
2026-10-02 13:12:50 [INFO]: {'ventana': 3, 'grupo_voto': 'Letters', 'grupo_final': 'Letters', 'comando': 'I', 'confianza_grupo': 0.9157983108415223, 'confianza_comando': 0.9850484530748147}
2026-10-02 13:12:50 [INFO]: {'ventana': 4, 'grupo_voto': 'Letters', 'grupo_final': 'Letters', 'comando': 'I', 'confianza_grupo': 0.9719821173624645, 'confianza_comando': 0.9901466878281545}
2026-10-02 13:12:50 [INFO]: Comando predicho I
2026-10-02 13:12:50 [INFO]: Grupo predicho Letters
2026-10-02 13:12:50 [INFO]: ----------------------------------------------------------------
2026-10-02 13:12:50 [INFO]: ------------------>cvs name D:/APP_BCI_PYQUE/captures/UserCMSM/Letters/UserCMSM_I_52.csv<----------------
2026-10-02 13:12:50 [INFO]: {'ventana': 1, 'grupo_voto': 'Letters', 'grupo_final': 'Letters', 'comando': 'I', 'confianza_grupo': 0.9106826849062474, 'confianza_comando': 0.9843940636948006}
2026-10-02 13:12:50 [INFO]: {'ventana': 2, 'grupo_voto': 'Letters', 'grupo_final': 'Letters', 'comando': 'I', 'confianza_grupo': 0.9521357565632279, 'confianza_comando': 0.6815179999726931}
2026-10-02 13:12:50 [INFO]: {'ventana': 3, 'grupo_voto': 'Letters', 'grupo_final': 'Letters', 'comando': 'I', 'confianza_grupo': 0.8945817976833291, 'confianza_comando': 0.9755959529017327}
2026-10-02 13:12:50 [INFO]: {'ventana': 4, 'grupo_voto': 'Letters', 'grupo_final': 'Letters', 'comando': 'I', 'confianza_grupo': 0.984759861921201, 'confianza_comando': 0.8428213792827277}
2026-10-02 13:12:50 [INFO]: Comando predicho I
2026-10-02 13:12:50 [INFO]: Grupo predicho Letters
2026-10-02 13:12:50 [INFO]: ----------------------------------------------------------------
2026-10-02 13:12:51 [INFO]: ------------------>cvs name D:/APP_BCI_PYQUE/captures/UserCMSM/Letters/UserCMSM_I_53.csv<----------------
2026-10-02 13:12:51 [INFO]: {'ventana': 1, 'grupo_voto': 'Letters', 'grupo_final': 'Letters', 'comando': 'I', 'confianza_grupo': 0.9936425638057594, 'confianza_comando': 0.9368474483567731}
2026-10-02 13:12:51 [INFO]: {'ventana': 2, 'grupo_voto': 'Letters', 'grupo_final': 'Letters', 'comando': 'I', 'confianza_grupo': 0.9970053941702234, 'confianza_comando': 0.9465302760544584}
2026-10-02 13:12:51 [INFO]: {'ventana': 3, 'grupo_voto': 'Letters', 'grupo_final': 'Letters', 'comando': 'I', 'confianza_grupo': 0.997116493143466, 'confianza_comando': 0.9443718374269073}
2026-10-02 13:12:51 [INFO]: {'ventana': 4, 'grupo_voto': 'Letters', 'grupo_final': 'Letters', 'comando': 'I', 'confianza_grupo': 0.9980811389199449, 'confianza_comando': 0.9417693593209875}
2026-10-02 13:12:51 [INFO]: Comando predicho I
2026-10-02 13:12:51 [INFO]: Grupo predicho Letters
2026-10-02 13:12:51 [INFO]: ----------------------------------------------------------------
2026-10-02 13:12:51 [INFO]: ------------------>cvs name D:/APP_BCI_PYQUE/captures/UserCMSM/Letters/UserCMSM_I_54.csv<----------------
2026-10-02 13:12:51 [INFO]: {'ventana': 1, 'grupo_voto': 'Letters', 'grupo_final': 'Letters', 'comando': 'I', 'confianza_grupo': 0.9928486617517033, 'confianza_comando': 0.9651701074481286}
2026-10-02 13:12:51 [INFO]: {'ventana': 2, 'grupo_voto': 'Letters', 'grupo_final': 'Letters', 'comando': 'I', 'confianza_grupo': 0.9887422692502001, 'confianza_comando': 0.9574260007565193}
2026-10-02 13:12:51 [INFO]: {'ventana': 3, 'grupo_voto': 'Letters', 'grupo_final': 'Letters', 'comando': 'I', 'confianza_grupo': 0.9731135729343813, 'confianza_comando': 0.907265216543403}
2026-10-02 13:12:51 [INFO]: {'ventana': 4, 'grupo_voto': 'Letters', 'grupo_final': 'Letters', 'comando': 'I', 'confianza_grupo': 0.9789189043649287, 'confianza_comando': 0.9350072431025169}
2026-10-02 13:12:51 [INFO]: Comando predicho I
2026-10-02 13:12:51 [INFO]: Grupo predicho Letters
2026-10-02 13:12:51 [INFO]: ----------------------------------------------------------------
2026-10-02 13:12:52 [INFO]: ------------------>cvs name D:/APP_BCI_PYQUE/captures/UserCMSM/Letters/UserCMSM_I_55.csv<----------------
2026-10-02 13:12:52 [INFO]: {'ventana': 1, 'grupo_voto': 'Letters', 'grupo_final': 'Letters', 'comando': 'I', 'confianza_grupo': 0.9941624880409186, 'confianza_comando': 0.7639990015253401}
2026-10-02 13:12:52 [INFO]: {'ventana': 2, 'grupo_voto': 'Letters', 'grupo_final': 'Letters', 'comando': 'I', 'confianza_grupo': 0.9937349681048447, 'confianza_comando': 0.9735456086633214}
2026-10-02 13:12:52 [INFO]: {'ventana': 3, 'grupo_voto': 'Letters', 'grupo_final': 'Letters', 'comando': 'I', 'confianza_grupo': 0.9909854968483481, 'confianza_comando': 0.987160057297753}
2026-10-02 13:12:52 [INFO]: {'ventana': 4, 'grupo_voto': 'Letters', 'grupo_final': 'Letters', 'comando': 'I', 'confianza_grupo': 0.9898466457573896, 'confianza_comando': 0.9656275506050298}
2026-10-02 13:12:52 [INFO]: Comando predicho I
2026-10-02 13:12:52 [INFO]: Grupo predicho Letters
2026-10-02 13:12:52 [INFO]: ----------------------------------------------------------------
2026-10-02 13:12:53 [INFO]: ------------------>cvs name D:/APP_BCI_PYQUE/captures/UserCMSM/Letters/UserCMSM_I_56.csv<----------------
2026-10-02 13:12:53 [INFO]: {'ventana': 1, 'grupo_voto': 'Letters', 'grupo_final': 'Letters', 'comando': 'I', 'confianza_grupo': 0.9898913549517245, 'confianza_comando': 0.9613967560178492}
2026-10-02 13:12:53 [INFO]: {'ventana': 2, 'grupo_voto': 'Letters', 'grupo_final': 'Letters', 'comando': 'I', 'confianza_grupo': 0.9882957323846688, 'confianza_comando': 0.9740710433895142}
2026-10-02 13:12:53 [INFO]: {'ventana': 3, 'grupo_voto': 'Letters', 'grupo_final': 'Letters', 'comando': 'I', 'confianza_grupo': 0.9909388365290025, 'confianza_comando': 0.9055662639441547}
2026-10-02 13:12:53 [INFO]: {'ventana': 4, 'grupo_voto': 'Letters', 'grupo_final': 'Letters', 'comando': 'I', 'confianza_grupo': 0.9858111858751653, 'confianza_comando': 0.765147712630414}
2026-10-02 13:12:53 [INFO]: Comando predicho I
2026-10-02 13:12:53 [INFO]: Grupo predicho Letters
2026-10-02 13:12:53 [INFO]: ----------------------------------------------------------------
2026-10-02 13:12:53 [INFO]: ------------------>cvs name D:/APP_BCI_PYQUE/captures/UserCMSM/Letters/UserCMSM_I_57.csv<----------------
2026-10-02 13:12:53 [INFO]: {'ventana': 1, 'grupo_voto': 'Letters', 'grupo_final': 'Letters', 'comando': 'I', 'confianza_grupo': 0.9913199394843594, 'confianza_comando': 0.9618852695398664}
2026-10-02 13:12:53 [INFO]: {'ventana': 2, 'grupo_voto': 'Letters', 'grupo_final': 'Letters', 'comando': 'I', 'confianza_grupo': 0.9674057812200967, 'confianza_comando': 0.9686229199285642}
2026-10-02 13:12:53 [INFO]: {'ventana': 3, 'grupo_voto': 'Letters', 'grupo_final': 'Letters', 'comando': 'I', 'confianza_grupo': 0.9541623703149753, 'confianza_comando': 0.9555138836986034}
2026-10-02 13:12:53 [INFO]: {'ventana': 4, 'grupo_voto': 'Letters', 'grupo_final': 'Letters', 'comando': 'I', 'confianza_grupo': 0.9680626268194101, 'confianza_comando': 0.9567118610970938}
2026-10-02 13:12:53 [INFO]: Comando predicho I
2026-10-02 13:12:53 [INFO]: Grupo predicho Letters
2026-10-02 13:12:53 [INFO]: ----------------------------------------------------------------
2026-10-02 13:12:54 [INFO]: ------------------>cvs name D:/APP_BCI_PYQUE/captures/UserCMSM/Letters/UserCMSM_I_58.csv<----------------
2026-10-02 13:12:54 [INFO]: {'ventana': 1, 'grupo_voto': 'Letters', 'grupo_final': 'Letters', 'comando': 'I', 'confianza_grupo': 0.9731898421813368, 'confianza_comando': 0.977006267814977}
2026-10-02 13:12:54 [INFO]: {'ventana': 2, 'grupo_voto': 'Letters', 'grupo_final': 'Letters', 'comando': 'I', 'confianza_grupo': 0.9873465740296642, 'confianza_comando': 0.9724754127994238}
2026-10-02 13:12:54 [INFO]: {'ventana': 3, 'grupo_voto': 'Letters', 'grupo_final': 'Letters', 'comando': 'I', 'confianza_grupo': 0.9497707674480206, 'confianza_comando': 0.9803934632108601}
2026-10-02 13:12:54 [INFO]: {'ventana': 4, 'grupo_voto': 'Letters', 'grupo_final': 'Letters', 'comando': 'I', 'confianza_grupo': 0.9617908030497444, 'confianza_comando': 0.9625233625922262}
2026-10-02 13:12:54 [INFO]: Comando predicho I
2026-10-02 13:12:54 [INFO]: Grupo predicho Letters
2026-10-02 13:12:54 [INFO]: ----------------------------------------------------------------
2026-10-02 13:12:54 [INFO]: ------------------>cvs name D:/APP_BCI_PYQUE/captures/UserCMSM/Letters/UserCMSM_I_59.csv<----------------
2026-10-02 13:12:54 [INFO]: {'ventana': 1, 'grupo_voto': 'Letters', 'grupo_final': 'Letters', 'comando': 'I', 'confianza_grupo': 0.9808130394540462, 'confianza_comando': 0.8033568473404241}
2026-10-02 13:12:54 [INFO]: {'ventana': 2, 'grupo_voto': 'Letters', 'grupo_final': 'Letters', 'comando': 'I', 'confianza_grupo': 0.9872235612230172, 'confianza_comando': 0.9808779849495453}
2026-10-02 13:12:54 [INFO]: {'ventana': 3, 'grupo_voto': 'Letters', 'grupo_final': 'Letters', 'comando': 'I', 'confianza_grupo': 0.976338597209127, 'confianza_comando': 0.9664121842503546}
2026-10-02 13:12:54 [INFO]: {'ventana': 4, 'grupo_voto': 'Letters', 'grupo_final': 'Letters', 'comando': 'I', 'confianza_grupo': 0.9857820900921965, 'confianza_comando': 0.9678855579866914}
2026-10-02 13:12:54 [INFO]: Comando predicho I
2026-10-02 13:12:54 [INFO]: Grupo predicho Letters
2026-10-02 13:12:54 [INFO]: ----------------------------------------------------------------
2026-10-02 13:12:54 [INFO]: Del Comando I Total Archivos 30
2026-10-02 13:12:54 [INFO]: Comando Reales Predichos, 28
2026-10-02 13:12:54 [INFO]: Grupo Real Predicho, 29
2026-10-02 13:12:54 [INFO]: =======================================================================================
2026-10-02 13:12:54 [INFO]: =======================================================================================
2026-10-02 13:12:55 [INFO]: ------------------>cvs name D:/APP_BCI_PYQUE/captures/UserCMSM/Letters/UserCMSM_O_30.csv<----------------
2026-10-02 13:12:55 [INFO]: {'ventana': 1, 'grupo_voto': 'Letters', 'grupo_final': 'Letters', 'comando': 'O', 'confianza_grupo': 0.933802928384481, 'confianza_comando': 0.982604989444558}
2026-10-02 13:12:55 [INFO]: {'ventana': 2, 'grupo_voto': 'Letters', 'grupo_final': 'Letters', 'comando': 'O', 'confianza_grupo': 0.9687591834276413, 'confianza_comando': 0.9691203884838221}
2026-10-02 13:12:55 [INFO]: {'ventana': 3, 'grupo_voto': 'Letters', 'grupo_final': 'Letters', 'comando': 'O', 'confianza_grupo': 0.966843521135735, 'confianza_comando': 0.9741884167390359}
2026-10-02 13:12:55 [INFO]: {'ventana': 4, 'grupo_voto': 'Letters', 'grupo_final': 'Letters', 'comando': 'O', 'confianza_grupo': 0.9634101363533262, 'confianza_comando': 0.9513408419688425}
2026-10-02 13:12:55 [INFO]: Comando predicho O
2026-10-02 13:12:55 [INFO]: Grupo predicho Letters
2026-10-02 13:12:55 [INFO]: ----------------------------------------------------------------
2026-10-02 13:12:56 [INFO]: ------------------>cvs name D:/APP_BCI_PYQUE/captures/UserCMSM/Letters/UserCMSM_O_31.csv<----------------
2026-10-02 13:12:56 [INFO]: {'ventana': 1, 'grupo_voto': 'Letters', 'grupo_final': 'Letters', 'comando': 'O', 'confianza_grupo': 0.9801293701402255, 'confianza_comando': 0.9540761213104884}
2026-10-02 13:12:56 [INFO]: {'ventana': 2, 'grupo_voto': 'Letters', 'grupo_final': 'Letters', 'comando': 'O', 'confianza_grupo': 0.9786937913093731, 'confianza_comando': 0.8431852793331575}
2026-10-02 13:12:56 [INFO]: {'ventana': 3, 'grupo_voto': 'Letters', 'grupo_final': 'Letters', 'comando': 'O', 'confianza_grupo': 0.9901702193748982, 'confianza_comando': 0.8658549500776959}
2026-10-02 13:12:56 [INFO]: {'ventana': 4, 'grupo_voto': 'Letters', 'grupo_final': 'Letters', 'comando': 'A', 'confianza_grupo': 0.9823431977803745, 'confianza_comando': 0.6344740923164437}
2026-10-02 13:12:56 [INFO]: Comando predicho O
2026-10-02 13:12:56 [INFO]: Grupo predicho Letters
2026-10-02 13:12:56 [INFO]: ----------------------------------------------------------------
2026-10-02 13:12:56 [INFO]: ------------------>cvs name D:/APP_BCI_PYQUE/captures/UserCMSM/Letters/UserCMSM_O_32.csv<----------------
2026-10-02 13:12:56 [INFO]: {'ventana': 1, 'grupo_voto': 'Letters', 'grupo_final': 'Letters', 'comando': 'O', 'confianza_grupo': 0.8853523257774125, 'confianza_comando': 0.5501256742234304}
2026-10-02 13:12:56 [INFO]: {'ventana': 2, 'grupo_voto': 'Letters', 'grupo_final': 'Letters', 'comando': 'O', 'confianza_grupo': 0.8502416926372234, 'confianza_comando': 0.9227079768665949}
2026-10-02 13:12:56 [INFO]: {'ventana': 3, 'grupo_voto': 'Letters', 'grupo_final': 'Letters', 'comando': 'O', 'confianza_grupo': 0.9273764983872196, 'confianza_comando': 0.968331948757288}
2026-10-02 13:12:56 [INFO]: {'ventana': 4, 'grupo_voto': 'Letters', 'grupo_final': 'Letters', 'comando': 'O', 'confianza_grupo': 0.883803877526984, 'confianza_comando': 0.9566092213488221}
2026-10-02 13:12:56 [INFO]: Comando predicho O
2026-10-02 13:12:56 [INFO]: Grupo predicho Letters
2026-10-02 13:12:56 [INFO]: ----------------------------------------------------------------
2026-10-02 13:12:57 [INFO]: ------------------>cvs name D:/APP_BCI_PYQUE/captures/UserCMSM/Letters/UserCMSM_O_33.csv<----------------
2026-10-02 13:12:57 [INFO]: {'ventana': 1, 'grupo_voto': 'Numbers', 'grupo_final': 'Numbers', 'comando': '4', 'confianza_grupo': 0.5119709549104143, 'confianza_comando': 0.4046215630864189}
2026-10-02 13:12:57 [INFO]: {'ventana': 2, 'grupo_voto': 'Numbers', 'grupo_final': 'Numbers', 'comando': '4', 'confianza_grupo': 0.7404026352746048, 'confianza_comando': 0.7917735200232157}
2026-10-02 13:12:57 [INFO]: {'ventana': 3, 'grupo_voto': 'Numbers', 'grupo_final': 'Numbers', 'comando': '5', 'confianza_grupo': 0.6003270116714098, 'confianza_comando': 0.44126509496849353}
2026-10-02 13:12:57 [INFO]: {'ventana': 4, 'grupo_voto': 'Numbers', 'grupo_final': 'Numbers', 'comando': '5', 'confianza_grupo': 0.7178951046078922, 'confianza_comando': 0.3363848725462643}
2026-10-02 13:12:57 [INFO]: Comando predicho 4
2026-10-02 13:12:57 [INFO]: Grupo predicho Numbers
2026-10-02 13:12:57 [INFO]: ----------------------------------------------------------------
2026-10-02 13:12:58 [INFO]: ------------------>cvs name D:/APP_BCI_PYQUE/captures/UserCMSM/Letters/UserCMSM_O_34.csv<----------------
2026-10-02 13:12:58 [INFO]: {'ventana': 1, 'grupo_voto': 'Letters', 'grupo_final': 'Letters', 'comando': 'O', 'confianza_grupo': 0.9948403441610294, 'confianza_comando': 0.9718379949929309}
2026-10-02 13:12:58 [INFO]: {'ventana': 2, 'grupo_voto': 'Letters', 'grupo_final': 'Letters', 'comando': 'O', 'confianza_grupo': 0.9878829960378701, 'confianza_comando': 0.9571974839498295}
2026-10-02 13:12:58 [INFO]: {'ventana': 3, 'grupo_voto': 'Letters', 'grupo_final': 'Letters', 'comando': 'O', 'confianza_grupo': 0.9786384565102817, 'confianza_comando': 0.9700258656931727}
2026-10-02 13:12:58 [INFO]: {'ventana': 4, 'grupo_voto': 'Letters', 'grupo_final': 'Letters', 'comando': 'O', 'confianza_grupo': 0.9748887368910143, 'confianza_comando': 0.9568729879338986}
2026-10-02 13:12:58 [INFO]: Comando predicho O
2026-10-02 13:12:58 [INFO]: Grupo predicho Letters
2026-10-02 13:12:58 [INFO]: ----------------------------------------------------------------
2026-10-02 13:12:58 [INFO]: ------------------>cvs name D:/APP_BCI_PYQUE/captures/UserCMSM/Letters/UserCMSM_O_35.csv<----------------
2026-10-02 13:12:58 [INFO]: {'ventana': 1, 'grupo_voto': 'Letters', 'grupo_final': 'Letters', 'comando': 'O', 'confianza_grupo': 0.9951624240676352, 'confianza_comando': 0.9440755529916919}
2026-10-02 13:12:58 [INFO]: {'ventana': 2, 'grupo_voto': 'Letters', 'grupo_final': 'Letters', 'comando': 'O', 'confianza_grupo': 0.9948112466035551, 'confianza_comando': 0.9624933992135487}
2026-10-02 13:12:58 [INFO]: {'ventana': 3, 'grupo_voto': 'Letters', 'grupo_final': 'Letters', 'comando': 'O', 'confianza_grupo': 0.9977364768972021, 'confianza_comando': 0.9395631934840024}
2026-10-02 13:12:58 [INFO]: {'ventana': 4, 'grupo_voto': 'Letters', 'grupo_final': 'Letters', 'comando': 'O', 'confianza_grupo': 0.9986735747750641, 'confianza_comando': 0.7691244302413929}
2026-10-02 13:12:58 [INFO]: Comando predicho O
2026-10-02 13:12:58 [INFO]: Grupo predicho Letters
2026-10-02 13:12:58 [INFO]: ----------------------------------------------------------------
2026-10-02 13:12:59 [INFO]: ------------------>cvs name D:/APP_BCI_PYQUE/captures/UserCMSM/Letters/UserCMSM_O_36.csv<----------------
2026-10-02 13:12:59 [INFO]: {'ventana': 1, 'grupo_voto': 'Letters', 'grupo_final': 'Letters', 'comando': 'O', 'confianza_grupo': 0.9927547874443595, 'confianza_comando': 0.8200254488063967}
2026-10-02 13:12:59 [INFO]: {'ventana': 2, 'grupo_voto': 'Letters', 'grupo_final': 'Letters', 'comando': 'O', 'confianza_grupo': 0.987856020922318, 'confianza_comando': 0.9412065090390275}
2026-10-02 13:12:59 [INFO]: {'ventana': 3, 'grupo_voto': 'Letters', 'grupo_final': 'Letters', 'comando': 'O', 'confianza_grupo': 0.9987453783018534, 'confianza_comando': 0.9613453139332221}
2026-10-02 13:12:59 [INFO]: {'ventana': 4, 'grupo_voto': 'Letters', 'grupo_final': 'Letters', 'comando': 'O', 'confianza_grupo': 0.9947144871155246, 'confianza_comando': 0.9657002282338552}
2026-10-02 13:12:59 [INFO]: Comando predicho O
2026-10-02 13:12:59 [INFO]: Grupo predicho Letters
2026-10-02 13:12:59 [INFO]: ----------------------------------------------------------------
2026-10-02 13:12:59 [INFO]: ------------------>cvs name D:/APP_BCI_PYQUE/captures/UserCMSM/Letters/UserCMSM_O_37.csv<----------------
2026-10-02 13:12:59 [INFO]: {'ventana': 1, 'grupo_voto': 'Letters', 'grupo_final': 'Letters', 'comando': 'O', 'confianza_grupo': 0.9907804706049622, 'confianza_comando': 0.9141313269837795}
2026-10-02 13:12:59 [INFO]: {'ventana': 2, 'grupo_voto': 'Letters', 'grupo_final': 'Letters', 'comando': 'O', 'confianza_grupo': 0.984764331854021, 'confianza_comando': 0.784118770744551}
2026-10-02 13:12:59 [INFO]: {'ventana': 3, 'grupo_voto': 'Letters', 'grupo_final': 'Letters', 'comando': 'R', 'confianza_grupo': 0.9459007744436397, 'confianza_comando': 0.5368013206689759}
2026-10-02 13:12:59 [INFO]: {'ventana': 4, 'grupo_voto': 'Letters', 'grupo_final': 'Letters', 'comando': 'R', 'confianza_grupo': 0.982547875950241, 'confianza_comando': 0.5476079653938917}
2026-10-02 13:12:59 [INFO]: Comando predicho O
2026-10-02 13:12:59 [INFO]: Grupo predicho Letters
2026-10-02 13:12:59 [INFO]: ----------------------------------------------------------------
2026-10-02 13:13:00 [INFO]: ------------------>cvs name D:/APP_BCI_PYQUE/captures/UserCMSM/Letters/UserCMSM_O_38.csv<----------------
2026-10-02 13:13:00 [INFO]: {'ventana': 1, 'grupo_voto': 'Letters', 'grupo_final': 'Letters', 'comando': 'O', 'confianza_grupo': 0.9790980098839885, 'confianza_comando': 0.9673744863736444}
2026-10-02 13:13:00 [INFO]: {'ventana': 2, 'grupo_voto': 'Letters', 'grupo_final': 'Letters', 'comando': 'O', 'confianza_grupo': 0.9543242226097283, 'confianza_comando': 0.9779633677808689}
2026-10-02 13:13:00 [INFO]: {'ventana': 3, 'grupo_voto': 'Letters', 'grupo_final': 'Letters', 'comando': 'O', 'confianza_grupo': 0.967120111514642, 'confianza_comando': 0.8950061616280388}
2026-10-02 13:13:00 [INFO]: {'ventana': 4, 'grupo_voto': 'Letters', 'grupo_final': 'Letters', 'comando': 'O', 'confianza_grupo': 0.941200001483517, 'confianza_comando': 0.9683579198466378}
2026-10-02 13:13:00 [INFO]: Comando predicho O
2026-10-02 13:13:00 [INFO]: Grupo predicho Letters
2026-10-02 13:13:00 [INFO]: ----------------------------------------------------------------
2026-10-02 13:13:01 [INFO]: ------------------>cvs name D:/APP_BCI_PYQUE/captures/UserCMSM/Letters/UserCMSM_O_39.csv<----------------
2026-10-02 13:13:01 [INFO]: {'ventana': 1, 'grupo_voto': 'Letters', 'grupo_final': 'Letters', 'comando': 'O', 'confianza_grupo': 0.8904495707906706, 'confianza_comando': 0.968653812578529}
2026-10-02 13:13:01 [INFO]: {'ventana': 2, 'grupo_voto': 'Numbers', 'grupo_final': 'Letters', 'comando': 'O', 'confianza_grupo': 0.5064466983175332, 'confianza_comando': 0.9481218576028599}
2026-10-02 13:13:01 [INFO]: {'ventana': 3, 'grupo_voto': 'Letters', 'grupo_final': 'Letters', 'comando': 'O', 'confianza_grupo': 0.9336619867796448, 'confianza_comando': 0.9543031126895097}
2026-10-02 13:13:01 [INFO]: {'ventana': 4, 'grupo_voto': 'Letters', 'grupo_final': 'Letters', 'comando': 'O', 'confianza_grupo': 0.9861355294406746, 'confianza_comando': 0.9196090190641274}
2026-10-02 13:13:01 [INFO]: Comando predicho O
2026-10-02 13:13:01 [INFO]: Grupo predicho Letters
2026-10-02 13:13:01 [INFO]: ----------------------------------------------------------------
2026-10-02 13:13:01 [INFO]: ------------------>cvs name D:/APP_BCI_PYQUE/captures/UserCMSM/Letters/UserCMSM_O_40.csv<----------------
2026-10-02 13:13:01 [INFO]: {'ventana': 1, 'grupo_voto': 'Letters', 'grupo_final': 'Letters', 'comando': 'P', 'confianza_grupo': 0.9912373946159122, 'confianza_comando': 0.5394684017918694}
2026-10-02 13:13:01 [INFO]: {'ventana': 2, 'grupo_voto': 'Letters', 'grupo_final': 'Letters', 'comando': 'V', 'confianza_grupo': 0.9961843544019722, 'confianza_comando': 0.24992080809221345}
2026-10-02 13:13:01 [INFO]: {'ventana': 3, 'grupo_voto': 'Letters', 'grupo_final': 'Letters', 'comando': 'V', 'confianza_grupo': 0.9978420697185734, 'confianza_comando': 0.592241493083388}
2026-10-02 13:13:01 [INFO]: {'ventana': 4, 'grupo_voto': 'Letters', 'grupo_final': 'Letters', 'comando': 'V', 'confianza_grupo': 0.9980949954623612, 'confianza_comando': 0.5520087167887882}
2026-10-02 13:13:01 [INFO]: Comando predicho V
2026-10-02 13:13:01 [INFO]: Grupo predicho Letters
2026-10-02 13:13:01 [INFO]: ----------------------------------------------------------------
2026-10-02 13:13:02 [INFO]: ------------------>cvs name D:/APP_BCI_PYQUE/captures/UserCMSM/Letters/UserCMSM_O_41.csv<----------------
2026-10-02 13:13:02 [INFO]: {'ventana': 1, 'grupo_voto': 'Letters', 'grupo_final': 'Letters', 'comando': 'O', 'confianza_grupo': 0.9761306682205397, 'confianza_comando': 0.5211582634312186}
2026-10-02 13:13:02 [INFO]: {'ventana': 2, 'grupo_voto': 'Letters', 'grupo_final': 'Letters', 'comando': 'O', 'confianza_grupo': 0.9794230195883512, 'confianza_comando': 0.9457994006108498}
2026-10-02 13:13:02 [INFO]: {'ventana': 3, 'grupo_voto': 'Letters', 'grupo_final': 'Letters', 'comando': 'O', 'confianza_grupo': 0.9830703154223763, 'confianza_comando': 0.9748918648792294}
2026-10-02 13:13:02 [INFO]: {'ventana': 4, 'grupo_voto': 'Letters', 'grupo_final': 'Letters', 'comando': 'O', 'confianza_grupo': 0.9979347487318339, 'confianza_comando': 0.9589776575741895}
2026-10-02 13:13:02 [INFO]: Comando predicho O
2026-10-02 13:13:02 [INFO]: Grupo predicho Letters
2026-10-02 13:13:02 [INFO]: ----------------------------------------------------------------
2026-10-02 13:13:03 [INFO]: ------------------>cvs name D:/APP_BCI_PYQUE/captures/UserCMSM/Letters/UserCMSM_O_42.csv<----------------
2026-10-02 13:13:03 [INFO]: {'ventana': 1, 'grupo_voto': 'Letters', 'grupo_final': 'Letters', 'comando': 'O', 'confianza_grupo': 0.9407837811392294, 'confianza_comando': 0.9579278005568067}
2026-10-02 13:13:03 [INFO]: {'ventana': 2, 'grupo_voto': 'Letters', 'grupo_final': 'Letters', 'comando': 'O', 'confianza_grupo': 0.9876800795955505, 'confianza_comando': 0.9744068023041265}
2026-10-02 13:13:03 [INFO]: {'ventana': 3, 'grupo_voto': 'Letters', 'grupo_final': 'Letters', 'comando': 'O', 'confianza_grupo': 0.9947574969142935, 'confianza_comando': 0.962571339760044}
2026-10-02 13:13:03 [INFO]: {'ventana': 4, 'grupo_voto': 'Letters', 'grupo_final': 'Letters', 'comando': 'O', 'confianza_grupo': 0.9986103892275073, 'confianza_comando': 0.9614732707410844}
2026-10-02 13:13:03 [INFO]: Comando predicho O
2026-10-02 13:13:03 [INFO]: Grupo predicho Letters
2026-10-02 13:13:03 [INFO]: ----------------------------------------------------------------
2026-10-02 13:13:03 [INFO]: ------------------>cvs name D:/APP_BCI_PYQUE/captures/UserCMSM/Letters/UserCMSM_O_43.csv<----------------
2026-10-02 13:13:03 [INFO]: {'ventana': 1, 'grupo_voto': 'Numbers', 'grupo_final': 'Letters', 'comando': 'O', 'confianza_grupo': 0.5744239937373979, 'confianza_comando': 0.9463510881193039}
2026-10-02 13:13:03 [INFO]: {'ventana': 2, 'grupo_voto': 'Letters', 'grupo_final': 'Letters', 'comando': 'O', 'confianza_grupo': 0.6034325135426447, 'confianza_comando': 0.9575628503376818}
2026-10-02 13:13:03 [INFO]: {'ventana': 3, 'grupo_voto': 'Letters', 'grupo_final': 'Letters', 'comando': 'O', 'confianza_grupo': 0.9063358490968062, 'confianza_comando': 0.9446683228985606}
2026-10-02 13:13:03 [INFO]: {'ventana': 4, 'grupo_voto': 'Letters', 'grupo_final': 'Letters', 'comando': 'O', 'confianza_grupo': 0.6909398395180111, 'confianza_comando': 0.9446649775047308}
2026-10-02 13:13:03 [INFO]: Comando predicho O
2026-10-02 13:13:03 [INFO]: Grupo predicho Letters
2026-10-02 13:13:03 [INFO]: ----------------------------------------------------------------
2026-10-02 13:13:04 [INFO]: ------------------>cvs name D:/APP_BCI_PYQUE/captures/UserCMSM/Letters/UserCMSM_O_44.csv<----------------
2026-10-02 13:13:04 [INFO]: {'ventana': 1, 'grupo_voto': 'Letters', 'grupo_final': 'Letters', 'comando': 'O', 'confianza_grupo': 0.924428380845129, 'confianza_comando': 0.9375448921406282}
2026-10-02 13:13:04 [INFO]: {'ventana': 2, 'grupo_voto': 'Letters', 'grupo_final': 'Letters', 'comando': 'O', 'confianza_grupo': 0.9836031940591861, 'confianza_comando': 0.95246589916048}
2026-10-02 13:13:04 [INFO]: {'ventana': 3, 'grupo_voto': 'Letters', 'grupo_final': 'Letters', 'comando': 'O', 'confianza_grupo': 0.9389670896348867, 'confianza_comando': 0.9541934709789855}
2026-10-02 13:13:04 [INFO]: {'ventana': 4, 'grupo_voto': 'Letters', 'grupo_final': 'Letters', 'comando': 'O', 'confianza_grupo': 0.889780672784166, 'confianza_comando': 0.9709768789377927}
2026-10-02 13:13:04 [INFO]: Comando predicho O
2026-10-02 13:13:04 [INFO]: Grupo predicho Letters
2026-10-02 13:13:04 [INFO]: ----------------------------------------------------------------
2026-10-02 13:13:04 [INFO]: ------------------>cvs name D:/APP_BCI_PYQUE/captures/UserCMSM/Letters/UserCMSM_O_45.csv<----------------
2026-10-02 13:13:04 [INFO]: {'ventana': 1, 'grupo_voto': 'Letters', 'grupo_final': 'Letters', 'comando': 'O', 'confianza_grupo': 0.9894477959634088, 'confianza_comando': 0.9649263197056633}
2026-10-02 13:13:04 [INFO]: {'ventana': 2, 'grupo_voto': 'Letters', 'grupo_final': 'Letters', 'comando': 'O', 'confianza_grupo': 0.9893205688662557, 'confianza_comando': 0.8028273134865072}
2026-10-02 13:13:04 [INFO]: {'ventana': 3, 'grupo_voto': 'Letters', 'grupo_final': 'Letters', 'comando': 'O', 'confianza_grupo': 0.9862496291064179, 'confianza_comando': 0.9755813990819394}
2026-10-02 13:13:04 [INFO]: {'ventana': 4, 'grupo_voto': 'Letters', 'grupo_final': 'Letters', 'comando': 'O', 'confianza_grupo': 0.9902169810907944, 'confianza_comando': 0.9836758720796295}
2026-10-02 13:13:04 [INFO]: Comando predicho O
2026-10-02 13:13:04 [INFO]: Grupo predicho Letters
2026-10-02 13:13:04 [INFO]: ----------------------------------------------------------------
2026-10-02 13:13:05 [INFO]: ------------------>cvs name D:/APP_BCI_PYQUE/captures/UserCMSM/Letters/UserCMSM_O_46.csv<----------------
2026-10-02 13:13:05 [INFO]: {'ventana': 1, 'grupo_voto': 'Letters', 'grupo_final': 'Letters', 'comando': 'O', 'confianza_grupo': 0.9880725440595033, 'confianza_comando': 0.8286352188542236}
2026-10-02 13:13:05 [INFO]: {'ventana': 2, 'grupo_voto': 'Letters', 'grupo_final': 'Letters', 'comando': 'O', 'confianza_grupo': 0.9918410746948055, 'confianza_comando': 0.9729593384285148}
2026-10-02 13:13:05 [INFO]: {'ventana': 3, 'grupo_voto': 'Letters', 'grupo_final': 'Letters', 'comando': 'O', 'confianza_grupo': 0.98881132077304, 'confianza_comando': 0.9742718867001674}
2026-10-02 13:13:05 [INFO]: {'ventana': 4, 'grupo_voto': 'Letters', 'grupo_final': 'Letters', 'comando': 'O', 'confianza_grupo': 0.9478793913744084, 'confianza_comando': 0.3764593427661405}
2026-10-02 13:13:05 [INFO]: Comando predicho O
2026-10-02 13:13:05 [INFO]: Grupo predicho Letters
2026-10-02 13:13:05 [INFO]: ----------------------------------------------------------------
2026-10-02 13:13:06 [INFO]: ------------------>cvs name D:/APP_BCI_PYQUE/captures/UserCMSM/Letters/UserCMSM_O_47.csv<----------------
2026-10-02 13:13:06 [INFO]: {'ventana': 1, 'grupo_voto': 'Letters', 'grupo_final': 'Letters', 'comando': 'O', 'confianza_grupo': 0.9899706249118813, 'confianza_comando': 0.7956878408577952}
2026-10-02 13:13:06 [INFO]: {'ventana': 2, 'grupo_voto': 'Letters', 'grupo_final': 'Letters', 'comando': 'O', 'confianza_grupo': 0.9827126793827176, 'confianza_comando': 0.9443161302482354}
2026-10-02 13:13:06 [INFO]: {'ventana': 3, 'grupo_voto': 'Letters', 'grupo_final': 'Letters', 'comando': 'O', 'confianza_grupo': 0.979759239363919, 'confianza_comando': 0.9294289677728989}
2026-10-02 13:13:06 [INFO]: {'ventana': 4, 'grupo_voto': 'Letters', 'grupo_final': 'Letters', 'comando': 'O', 'confianza_grupo': 0.983775169187183, 'confianza_comando': 0.9827306902987533}
2026-10-02 13:13:06 [INFO]: Comando predicho O
2026-10-02 13:13:06 [INFO]: Grupo predicho Letters
2026-10-02 13:13:06 [INFO]: ----------------------------------------------------------------
2026-10-02 13:13:06 [INFO]: ------------------>cvs name D:/APP_BCI_PYQUE/captures/UserCMSM/Letters/UserCMSM_O_48.csv<----------------
2026-10-02 13:13:06 [INFO]: {'ventana': 1, 'grupo_voto': 'Letters', 'grupo_final': 'Numbers', 'comando': '2', 'confianza_grupo': 0.5436868469607709, 'confianza_comando': 0.8380251750799235}
2026-10-02 13:13:06 [INFO]: {'ventana': 2, 'grupo_voto': 'Letters', 'grupo_final': 'Numbers', 'comando': '2', 'confianza_grupo': 0.6325927326892519, 'confianza_comando': 0.7958222389668937}
2026-10-02 13:13:06 [INFO]: {'ventana': 3, 'grupo_voto': 'Numbers', 'grupo_final': 'Numbers', 'comando': '2', 'confianza_grupo': 0.7037933085309872, 'confianza_comando': 0.4661576565552154}
2026-10-02 13:13:06 [INFO]: {'ventana': 4, 'grupo_voto': 'Numbers', 'grupo_final': 'Numbers', 'comando': '2', 'confianza_grupo': 0.90649448502159, 'confianza_comando': 0.4374547254457725}
2026-10-02 13:13:06 [INFO]: Comando predicho 2
2026-10-02 13:13:06 [INFO]: Grupo predicho Numbers
2026-10-02 13:13:06 [INFO]: ----------------------------------------------------------------
2026-10-02 13:13:07 [INFO]: ------------------>cvs name D:/APP_BCI_PYQUE/captures/UserCMSM/Letters/UserCMSM_O_49.csv<----------------
2026-10-02 13:13:07 [INFO]: {'ventana': 1, 'grupo_voto': 'Letters', 'grupo_final': 'Letters', 'comando': 'O', 'confianza_grupo': 0.9594505449325371, 'confianza_comando': 0.4470920731140661}
2026-10-02 13:13:07 [INFO]: {'ventana': 2, 'grupo_voto': 'Letters', 'grupo_final': 'Letters', 'comando': 'O', 'confianza_grupo': 0.961986128042781, 'confianza_comando': 0.4818244886077669}
2026-10-02 13:13:07 [INFO]: {'ventana': 3, 'grupo_voto': 'Letters', 'grupo_final': 'Letters', 'comando': 'E', 'confianza_grupo': 0.8829390856291742, 'confianza_comando': 0.16476245678730977}
2026-10-02 13:13:07 [INFO]: {'ventana': 4, 'grupo_voto': 'Letters', 'grupo_final': 'Letters', 'comando': 'T', 'confianza_grupo': 0.983959596612055, 'confianza_comando': 0.8040917792794184}
2026-10-02 13:13:07 [INFO]: Comando predicho T
2026-10-02 13:13:07 [INFO]: Grupo predicho Letters
2026-10-02 13:13:07 [INFO]: ----------------------------------------------------------------
2026-10-02 13:13:08 [INFO]: ------------------>cvs name D:/APP_BCI_PYQUE/captures/UserCMSM/Letters/UserCMSM_O_50.csv<----------------
2026-10-02 13:13:08 [INFO]: {'ventana': 1, 'grupo_voto': 'Letters', 'grupo_final': 'Letters', 'comando': 'I', 'confianza_grupo': 0.9869084276247557, 'confianza_comando': 0.47949685513772194}
2026-10-02 13:13:08 [INFO]: {'ventana': 2, 'grupo_voto': 'Letters', 'grupo_final': 'Letters', 'comando': 'I', 'confianza_grupo': 0.967821782551892, 'confianza_comando': 0.5100328827117464}
2026-10-02 13:13:08 [INFO]: {'ventana': 3, 'grupo_voto': 'Letters', 'grupo_final': 'Letters', 'comando': 'I', 'confianza_grupo': 0.939301288728523, 'confianza_comando': 0.5164200126084602}
2026-10-02 13:13:08 [INFO]: {'ventana': 4, 'grupo_voto': 'Letters', 'grupo_final': 'Letters', 'comando': 'I', 'confianza_grupo': 0.9889963919566573, 'confianza_comando': 0.7485513194633725}
2026-10-02 13:13:08 [INFO]: Comando predicho I
2026-10-02 13:13:08 [INFO]: Grupo predicho Letters
2026-10-02 13:13:08 [INFO]: ----------------------------------------------------------------
2026-10-02 13:13:08 [INFO]: ------------------>cvs name D:/APP_BCI_PYQUE/captures/UserCMSM/Letters/UserCMSM_O_51.csv<----------------
2026-10-02 13:13:08 [INFO]: {'ventana': 1, 'grupo_voto': 'Letters', 'grupo_final': 'Letters', 'comando': 'O', 'confianza_grupo': 0.5540718893804444, 'confianza_comando': 0.9486767562429044}
2026-10-02 13:13:08 [INFO]: {'ventana': 2, 'grupo_voto': 'Numbers', 'grupo_final': 'Letters', 'comando': 'O', 'confianza_grupo': 0.5124746986271671, 'confianza_comando': 0.9685562905858028}
2026-10-02 13:13:08 [INFO]: {'ventana': 3, 'grupo_voto': 'Letters', 'grupo_final': 'Letters', 'comando': 'O', 'confianza_grupo': 0.7323912754388937, 'confianza_comando': 0.8642914677402828}
2026-10-02 13:13:08 [INFO]: {'ventana': 4, 'grupo_voto': 'Letters', 'grupo_final': 'Letters', 'comando': 'O', 'confianza_grupo': 0.7638869157629669, 'confianza_comando': 0.9150902411476879}
2026-10-02 13:13:08 [INFO]: Comando predicho O
2026-10-02 13:13:08 [INFO]: Grupo predicho Letters
2026-10-02 13:13:08 [INFO]: ----------------------------------------------------------------
2026-10-02 13:13:09 [INFO]: ------------------>cvs name D:/APP_BCI_PYQUE/captures/UserCMSM/Letters/UserCMSM_O_52.csv<----------------
2026-10-02 13:13:09 [INFO]: {'ventana': 1, 'grupo_voto': 'Numbers', 'grupo_final': 'Numbers', 'comando': '2', 'confianza_grupo': 0.9296875474888361, 'confianza_comando': 0.5632370089037002}
2026-10-02 13:13:09 [INFO]: {'ventana': 2, 'grupo_voto': 'Numbers', 'grupo_final': 'Numbers', 'comando': '2', 'confianza_grupo': 0.8194030666697161, 'confianza_comando': 0.6505080080755851}
2026-10-02 13:13:09 [INFO]: {'ventana': 3, 'grupo_voto': 'Letters', 'grupo_final': 'Numbers', 'comando': '2', 'confianza_grupo': 0.5526333531640183, 'confianza_comando': 0.6037415312701778}
2026-10-02 13:13:09 [INFO]: {'ventana': 4, 'grupo_voto': 'Letters', 'grupo_final': 'Numbers', 'comando': '5', 'confianza_grupo': 0.866943455710286, 'confianza_comando': 0.2679637674799702}
2026-10-02 13:13:09 [INFO]: Comando predicho 2
2026-10-02 13:13:09 [INFO]: Grupo predicho Numbers
2026-10-02 13:13:09 [INFO]: ----------------------------------------------------------------
2026-10-02 13:13:10 [INFO]: ------------------>cvs name D:/APP_BCI_PYQUE/captures/UserCMSM/Letters/UserCMSM_O_53.csv<----------------
2026-10-02 13:13:10 [INFO]: {'ventana': 1, 'grupo_voto': 'Letters', 'grupo_final': 'Letters', 'comando': 'O', 'confianza_grupo': 0.8951471423649613, 'confianza_comando': 0.9776524223723314}
2026-10-02 13:13:10 [INFO]: {'ventana': 2, 'grupo_voto': 'Letters', 'grupo_final': 'Letters', 'comando': 'O', 'confianza_grupo': 0.9357039758561644, 'confianza_comando': 0.9504554293389303}
2026-10-02 13:13:10 [INFO]: {'ventana': 3, 'grupo_voto': 'Letters', 'grupo_final': 'Letters', 'comando': 'O', 'confianza_grupo': 0.9186892294203838, 'confianza_comando': 0.9489323900612529}
2026-10-02 13:13:10 [INFO]: {'ventana': 4, 'grupo_voto': 'Letters', 'grupo_final': 'Letters', 'comando': 'O', 'confianza_grupo': 0.5412204361795212, 'confianza_comando': 0.9682823438320908}
2026-10-02 13:13:10 [INFO]: Comando predicho O
2026-10-02 13:13:10 [INFO]: Grupo predicho Letters
2026-10-02 13:13:10 [INFO]: ----------------------------------------------------------------
2026-10-02 13:13:10 [INFO]: ------------------>cvs name D:/APP_BCI_PYQUE/captures/UserCMSM/Letters/UserCMSM_O_54.csv<----------------
2026-10-02 13:13:10 [INFO]: {'ventana': 1, 'grupo_voto': 'Letters', 'grupo_final': 'Letters', 'comando': 'O', 'confianza_grupo': 0.9873306724594287, 'confianza_comando': 0.4525607406518459}
2026-10-02 13:13:10 [INFO]: {'ventana': 2, 'grupo_voto': 'Letters', 'grupo_final': 'Letters', 'comando': 'O', 'confianza_grupo': 0.985166296506113, 'confianza_comando': 0.9722982414536043}
2026-10-02 13:13:10 [INFO]: {'ventana': 3, 'grupo_voto': 'Letters', 'grupo_final': 'Letters', 'comando': 'O', 'confianza_grupo': 0.9867154843063853, 'confianza_comando': 0.9822016437887896}
2026-10-02 13:13:10 [INFO]: {'ventana': 4, 'grupo_voto': 'Letters', 'grupo_final': 'Letters', 'comando': 'O', 'confianza_grupo': 0.9916321657780612, 'confianza_comando': 0.9658537531258945}
2026-10-02 13:13:10 [INFO]: Comando predicho O
2026-10-02 13:13:10 [INFO]: Grupo predicho Letters
2026-10-02 13:13:10 [INFO]: ----------------------------------------------------------------
2026-10-02 13:13:11 [INFO]: ------------------>cvs name D:/APP_BCI_PYQUE/captures/UserCMSM/Letters/UserCMSM_O_55.csv<----------------
2026-10-02 13:13:11 [INFO]: {'ventana': 1, 'grupo_voto': 'Letters', 'grupo_final': 'Letters', 'comando': 'O', 'confianza_grupo': 0.9570221440268052, 'confianza_comando': 0.9314282665123245}
2026-10-02 13:13:11 [INFO]: {'ventana': 2, 'grupo_voto': 'Letters', 'grupo_final': 'Letters', 'comando': 'O', 'confianza_grupo': 0.9598146159347922, 'confianza_comando': 0.9771511929995889}
2026-10-02 13:13:11 [INFO]: {'ventana': 3, 'grupo_voto': 'Letters', 'grupo_final': 'Letters', 'comando': 'O', 'confianza_grupo': 0.9719671576114731, 'confianza_comando': 0.97786151771873}
2026-10-02 13:13:11 [INFO]: {'ventana': 4, 'grupo_voto': 'Letters', 'grupo_final': 'Letters', 'comando': 'O', 'confianza_grupo': 0.8557111292373567, 'confianza_comando': 0.9545042055181809}
2026-10-02 13:13:11 [INFO]: Comando predicho O
2026-10-02 13:13:11 [INFO]: Grupo predicho Letters
2026-10-02 13:13:11 [INFO]: ----------------------------------------------------------------
2026-10-02 13:13:11 [INFO]: ------------------>cvs name D:/APP_BCI_PYQUE/captures/UserCMSM/Letters/UserCMSM_O_56.csv<----------------
2026-10-02 13:13:11 [INFO]: {'ventana': 1, 'grupo_voto': 'Numbers', 'grupo_final': 'Numbers', 'comando': '2', 'confianza_grupo': 0.710362774940367, 'confianza_comando': 0.7264235675496411}
2026-10-02 13:13:11 [INFO]: {'ventana': 2, 'grupo_voto': 'Numbers', 'grupo_final': 'Numbers', 'comando': '2', 'confianza_grupo': 0.6447986674859476, 'confianza_comando': 0.8236479678074943}
2026-10-02 13:13:11 [INFO]: {'ventana': 3, 'grupo_voto': 'Numbers', 'grupo_final': 'Numbers', 'comando': '2', 'confianza_grupo': 0.6730483025410885, 'confianza_comando': 0.8795798409722846}
2026-10-02 13:13:11 [INFO]: {'ventana': 4, 'grupo_voto': 'Numbers', 'grupo_final': 'Numbers', 'comando': '3', 'confianza_grupo': 0.5082292907374019, 'confianza_comando': 0.40287399426339626}
2026-10-02 13:13:11 [INFO]: Comando predicho 2
2026-10-02 13:13:11 [INFO]: Grupo predicho Numbers
2026-10-02 13:13:11 [INFO]: ----------------------------------------------------------------
2026-10-02 13:13:12 [INFO]: ------------------>cvs name D:/APP_BCI_PYQUE/captures/UserCMSM/Letters/UserCMSM_O_57.csv<----------------
2026-10-02 13:13:12 [INFO]: {'ventana': 1, 'grupo_voto': 'Letters', 'grupo_final': 'Letters', 'comando': 'O', 'confianza_grupo': 0.8306147385254229, 'confianza_comando': 0.4570198027457745}
2026-10-02 13:13:12 [INFO]: {'ventana': 2, 'grupo_voto': 'Letters', 'grupo_final': 'Letters', 'comando': 'O', 'confianza_grupo': 0.9189294884145806, 'confianza_comando': 0.5971880287611696}
2026-10-02 13:13:12 [INFO]: {'ventana': 3, 'grupo_voto': 'Letters', 'grupo_final': 'Letters', 'comando': 'O', 'confianza_grupo': 0.9206744273160655, 'confianza_comando': 0.9757737481404785}
2026-10-02 13:13:12 [INFO]: {'ventana': 4, 'grupo_voto': 'Letters', 'grupo_final': 'Letters', 'comando': 'O', 'confianza_grupo': 0.9264124870966004, 'confianza_comando': 0.6979146828182645}
2026-10-02 13:13:12 [INFO]: Comando predicho O
2026-10-02 13:13:12 [INFO]: Grupo predicho Letters
2026-10-02 13:13:12 [INFO]: ----------------------------------------------------------------
2026-10-02 13:13:13 [INFO]: ------------------>cvs name D:/APP_BCI_PYQUE/captures/UserCMSM/Letters/UserCMSM_O_58.csv<----------------
2026-10-02 13:13:13 [INFO]: {'ventana': 1, 'grupo_voto': 'Letters', 'grupo_final': 'Letters', 'comando': 'O', 'confianza_grupo': 0.9951130436041818, 'confianza_comando': 0.9904594757850337}
2026-10-02 13:13:13 [INFO]: {'ventana': 2, 'grupo_voto': 'Letters', 'grupo_final': 'Letters', 'comando': 'O', 'confianza_grupo': 0.9953493370885206, 'confianza_comando': 0.9917983939760978}
2026-10-02 13:13:13 [INFO]: {'ventana': 3, 'grupo_voto': 'Letters', 'grupo_final': 'Letters', 'comando': 'O', 'confianza_grupo': 0.9971755122686745, 'confianza_comando': 0.9701993701552487}
2026-10-02 13:13:13 [INFO]: {'ventana': 4, 'grupo_voto': 'Letters', 'grupo_final': 'Letters', 'comando': 'O', 'confianza_grupo': 0.9843458655716197, 'confianza_comando': 0.9756809804334899}
2026-10-02 13:13:13 [INFO]: Comando predicho O
2026-10-02 13:13:13 [INFO]: Grupo predicho Letters
2026-10-02 13:13:13 [INFO]: ----------------------------------------------------------------
2026-10-02 13:13:13 [INFO]: ------------------>cvs name D:/APP_BCI_PYQUE/captures/UserCMSM/Letters/UserCMSM_O_59.csv<----------------
2026-10-02 13:13:13 [INFO]: {'ventana': 1, 'grupo_voto': 'Letters', 'grupo_final': 'Letters', 'comando': 'O', 'confianza_grupo': 0.9633557684479177, 'confianza_comando': 0.9788877887034074}
2026-10-02 13:13:13 [INFO]: {'ventana': 2, 'grupo_voto': 'Letters', 'grupo_final': 'Letters', 'comando': 'O', 'confianza_grupo': 0.9136525522178199, 'confianza_comando': 0.9797149557842383}
2026-10-02 13:13:13 [INFO]: {'ventana': 3, 'grupo_voto': 'Letters', 'grupo_final': 'Letters', 'comando': 'O', 'confianza_grupo': 0.9496621806118691, 'confianza_comando': 0.9369432426976427}
2026-10-02 13:13:13 [INFO]: {'ventana': 4, 'grupo_voto': 'Letters', 'grupo_final': 'Letters', 'comando': 'O', 'confianza_grupo': 0.8712055320327555, 'confianza_comando': 0.9207258500792332}
2026-10-02 13:13:13 [INFO]: Comando predicho O
2026-10-02 13:13:13 [INFO]: Grupo predicho Letters
2026-10-02 13:13:13 [INFO]: ----------------------------------------------------------------
2026-10-02 13:13:13 [INFO]: Del Comando O Total Archivos 30
2026-10-02 13:13:13 [INFO]: Comando Reales Predichos, 23
2026-10-02 13:13:13 [INFO]: Grupo Real Predicho, 26
2026-10-02 13:13:13 [INFO]: =======================================================================================
2026-10-02 13:13:13 [INFO]: =======================================================================================
2026-10-02 13:13:14 [INFO]: ------------------>cvs name D:/APP_BCI_PYQUE/captures/UserCMSM/Letters/UserCMSM_U_30.csv<----------------
2026-10-02 13:13:14 [INFO]: {'ventana': 1, 'grupo_voto': 'Letters', 'grupo_final': 'Letters', 'comando': 'U', 'confianza_grupo': 0.9215010135082211, 'confianza_comando': 0.9471023599858256}
2026-10-02 13:13:14 [INFO]: {'ventana': 2, 'grupo_voto': 'Letters', 'grupo_final': 'Letters', 'comando': 'U', 'confianza_grupo': 0.9760968061593727, 'confianza_comando': 0.9005708269875321}
2026-10-02 13:13:14 [INFO]: {'ventana': 3, 'grupo_voto': 'Letters', 'grupo_final': 'Letters', 'comando': 'U', 'confianza_grupo': 0.9251292593731266, 'confianza_comando': 0.9645900066571876}
2026-10-02 13:13:14 [INFO]: {'ventana': 4, 'grupo_voto': 'Letters', 'grupo_final': 'Letters', 'comando': 'U', 'confianza_grupo': 0.9911843313171277, 'confianza_comando': 0.9280541660630173}
2026-10-02 13:13:14 [INFO]: Comando predicho U
2026-10-02 13:13:14 [INFO]: Grupo predicho Letters
2026-10-02 13:13:14 [INFO]: ----------------------------------------------------------------
2026-10-02 13:13:15 [INFO]: ------------------>cvs name D:/APP_BCI_PYQUE/captures/UserCMSM/Letters/UserCMSM_U_31.csv<----------------
2026-10-02 13:13:15 [INFO]: {'ventana': 1, 'grupo_voto': 'Letters', 'grupo_final': 'Letters', 'comando': 'U', 'confianza_grupo': 0.9883638468079492, 'confianza_comando': 0.9529312214413055}
2026-10-02 13:13:15 [INFO]: {'ventana': 2, 'grupo_voto': 'Letters', 'grupo_final': 'Letters', 'comando': 'U', 'confianza_grupo': 0.9906732772930923, 'confianza_comando': 0.8776634059461236}
2026-10-02 13:13:15 [INFO]: {'ventana': 3, 'grupo_voto': 'Letters', 'grupo_final': 'Letters', 'comando': 'O', 'confianza_grupo': 0.9908567256899595, 'confianza_comando': 0.32939783948665946}
2026-10-02 13:13:15 [INFO]: {'ventana': 4, 'grupo_voto': 'Letters', 'grupo_final': 'Letters', 'comando': 'A', 'confianza_grupo': 0.9925309593885961, 'confianza_comando': 0.19021543814389427}
2026-10-02 13:13:15 [INFO]: Comando predicho U
2026-10-02 13:13:15 [INFO]: Grupo predicho Letters
2026-10-02 13:13:15 [INFO]: ----------------------------------------------------------------
2026-10-02 13:13:15 [INFO]: ------------------>cvs name D:/APP_BCI_PYQUE/captures/UserCMSM/Letters/UserCMSM_U_32.csv<----------------
2026-10-02 13:13:15 [INFO]: {'ventana': 1, 'grupo_voto': 'Letters', 'grupo_final': 'Letters', 'comando': 'U', 'confianza_grupo': 0.979900848711299, 'confianza_comando': 0.7776944570464986}
2026-10-02 13:13:15 [INFO]: {'ventana': 2, 'grupo_voto': 'Letters', 'grupo_final': 'Letters', 'comando': 'U', 'confianza_grupo': 0.9893967488152137, 'confianza_comando': 0.8095276360588964}
2026-10-02 13:13:15 [INFO]: {'ventana': 3, 'grupo_voto': 'Letters', 'grupo_final': 'Letters', 'comando': 'U', 'confianza_grupo': 0.9951000776307908, 'confianza_comando': 0.9695160863319656}
2026-10-02 13:13:15 [INFO]: {'ventana': 4, 'grupo_voto': 'Letters', 'grupo_final': 'Letters', 'comando': 'U', 'confianza_grupo': 0.9906612894461847, 'confianza_comando': 0.9384996961096082}
2026-10-02 13:13:15 [INFO]: Comando predicho U
2026-10-02 13:13:15 [INFO]: Grupo predicho Letters
2026-10-02 13:13:15 [INFO]: ----------------------------------------------------------------
2026-10-02 13:13:16 [INFO]: ------------------>cvs name D:/APP_BCI_PYQUE/captures/UserCMSM/Letters/UserCMSM_U_33.csv<----------------
2026-10-02 13:13:16 [INFO]: {'ventana': 1, 'grupo_voto': 'Letters', 'grupo_final': 'Letters', 'comando': 'U', 'confianza_grupo': 0.9985272316957177, 'confianza_comando': 0.9774238210507544}
2026-10-02 13:13:16 [INFO]: {'ventana': 2, 'grupo_voto': 'Letters', 'grupo_final': 'Letters', 'comando': 'U', 'confianza_grupo': 0.99653857861143, 'confianza_comando': 0.8479013342524445}
2026-10-02 13:13:16 [INFO]: {'ventana': 3, 'grupo_voto': 'Letters', 'grupo_final': 'Letters', 'comando': 'U', 'confianza_grupo': 0.9970128772742258, 'confianza_comando': 0.965654272986447}
2026-10-02 13:13:16 [INFO]: {'ventana': 4, 'grupo_voto': 'Letters', 'grupo_final': 'Letters', 'comando': 'U', 'confianza_grupo': 0.9654738339705055, 'confianza_comando': 0.9586263302885951}
2026-10-02 13:13:16 [INFO]: Comando predicho U
2026-10-02 13:13:16 [INFO]: Grupo predicho Letters
2026-10-02 13:13:16 [INFO]: ----------------------------------------------------------------
2026-10-02 13:13:17 [INFO]: ------------------>cvs name D:/APP_BCI_PYQUE/captures/UserCMSM/Letters/UserCMSM_U_34.csv<----------------
2026-10-02 13:13:17 [INFO]: {'ventana': 1, 'grupo_voto': 'Letters', 'grupo_final': 'Letters', 'comando': 'U', 'confianza_grupo': 0.9944074936591166, 'confianza_comando': 0.9560679297707125}
2026-10-02 13:13:17 [INFO]: {'ventana': 2, 'grupo_voto': 'Letters', 'grupo_final': 'Letters', 'comando': 'U', 'confianza_grupo': 0.9702908648569344, 'confianza_comando': 0.96823587909776}
2026-10-02 13:13:17 [INFO]: {'ventana': 3, 'grupo_voto': 'Letters', 'grupo_final': 'Letters', 'comando': 'U', 'confianza_grupo': 0.9921072611721456, 'confianza_comando': 0.9648698266892652}
2026-10-02 13:13:17 [INFO]: {'ventana': 4, 'grupo_voto': 'Letters', 'grupo_final': 'Letters', 'comando': 'U', 'confianza_grupo': 0.9902978992685546, 'confianza_comando': 0.8225192783088843}
2026-10-02 13:13:17 [INFO]: Comando predicho U
2026-10-02 13:13:17 [INFO]: Grupo predicho Letters
2026-10-02 13:13:17 [INFO]: ----------------------------------------------------------------
2026-10-02 13:13:17 [INFO]: ------------------>cvs name D:/APP_BCI_PYQUE/captures/UserCMSM/Letters/UserCMSM_U_35.csv<----------------
2026-10-02 13:13:17 [INFO]: {'ventana': 1, 'grupo_voto': 'Letters', 'grupo_final': 'Letters', 'comando': 'U', 'confianza_grupo': 0.9981917422060574, 'confianza_comando': 0.8641732033582491}
2026-10-02 13:13:17 [INFO]: {'ventana': 2, 'grupo_voto': 'Letters', 'grupo_final': 'Letters', 'comando': 'U', 'confianza_grupo': 0.9977583087292252, 'confianza_comando': 0.910439672098033}
2026-10-02 13:13:17 [INFO]: {'ventana': 3, 'grupo_voto': 'Letters', 'grupo_final': 'Letters', 'comando': 'U', 'confianza_grupo': 0.9980199153537075, 'confianza_comando': 0.9590650673925362}
2026-10-02 13:13:17 [INFO]: {'ventana': 4, 'grupo_voto': 'Letters', 'grupo_final': 'Letters', 'comando': 'U', 'confianza_grupo': 0.9992987786468376, 'confianza_comando': 0.9145098955963499}
2026-10-02 13:13:17 [INFO]: Comando predicho U
2026-10-02 13:13:17 [INFO]: Grupo predicho Letters
2026-10-02 13:13:17 [INFO]: ----------------------------------------------------------------
2026-10-02 13:13:18 [INFO]: ------------------>cvs name D:/APP_BCI_PYQUE/captures/UserCMSM/Letters/UserCMSM_U_36.csv<----------------
2026-10-02 13:13:18 [INFO]: {'ventana': 1, 'grupo_voto': 'Letters', 'grupo_final': 'Letters', 'comando': 'U', 'confianza_grupo': 0.9716415354720148, 'confianza_comando': 0.8659720672466639}
2026-10-02 13:13:18 [INFO]: {'ventana': 2, 'grupo_voto': 'Letters', 'grupo_final': 'Letters', 'comando': 'U', 'confianza_grupo': 0.9835516434044165, 'confianza_comando': 0.9171201007734363}
2026-10-02 13:13:18 [INFO]: {'ventana': 3, 'grupo_voto': 'Letters', 'grupo_final': 'Letters', 'comando': 'U', 'confianza_grupo': 0.9626882996294142, 'confianza_comando': 0.9583711128501716}
2026-10-02 13:13:18 [INFO]: {'ventana': 4, 'grupo_voto': 'Letters', 'grupo_final': 'Letters', 'comando': 'U', 'confianza_grupo': 0.945905202746051, 'confianza_comando': 0.8354598919840986}
2026-10-02 13:13:18 [INFO]: Comando predicho U
2026-10-02 13:13:18 [INFO]: Grupo predicho Letters
2026-10-02 13:13:18 [INFO]: ----------------------------------------------------------------
2026-10-02 13:13:18 [INFO]: ------------------>cvs name D:/APP_BCI_PYQUE/captures/UserCMSM/Letters/UserCMSM_U_37.csv<----------------
2026-10-02 13:13:18 [INFO]: {'ventana': 1, 'grupo_voto': 'Letters', 'grupo_final': 'Letters', 'comando': 'U', 'confianza_grupo': 0.9965730514817479, 'confianza_comando': 0.9193802400516828}
2026-10-02 13:13:18 [INFO]: {'ventana': 2, 'grupo_voto': 'Letters', 'grupo_final': 'Letters', 'comando': 'U', 'confianza_grupo': 0.99604012725162, 'confianza_comando': 0.9399112827257039}
2026-10-02 13:13:18 [INFO]: {'ventana': 3, 'grupo_voto': 'Letters', 'grupo_final': 'Letters', 'comando': 'U', 'confianza_grupo': 0.9950615873221839, 'confianza_comando': 0.9389107927010214}
2026-10-02 13:13:18 [INFO]: {'ventana': 4, 'grupo_voto': 'Letters', 'grupo_final': 'Letters', 'comando': 'U', 'confianza_grupo': 0.9963050752694402, 'confianza_comando': 0.9570139617367708}
2026-10-02 13:13:18 [INFO]: Comando predicho U
2026-10-02 13:13:18 [INFO]: Grupo predicho Letters
2026-10-02 13:13:18 [INFO]: ----------------------------------------------------------------
2026-10-02 13:13:19 [INFO]: ------------------>cvs name D:/APP_BCI_PYQUE/captures/UserCMSM/Letters/UserCMSM_U_38.csv<----------------
2026-10-02 13:13:19 [INFO]: {'ventana': 1, 'grupo_voto': 'Numbers', 'grupo_final': 'Numbers', 'comando': '8', 'confianza_grupo': 0.7317603645180702, 'confianza_comando': 0.3215382617574362}
2026-10-02 13:13:19 [INFO]: {'ventana': 2, 'grupo_voto': 'Numbers', 'grupo_final': 'Numbers', 'comando': '2', 'confianza_grupo': 0.8850052598589241, 'confianza_comando': 0.37035708414659413}
2026-10-02 13:13:19 [INFO]: {'ventana': 3, 'grupo_voto': 'Letters', 'grupo_final': 'Numbers', 'comando': '2', 'confianza_grupo': 0.5039756599828694, 'confianza_comando': 0.393160229811717}
2026-10-02 13:13:19 [INFO]: {'ventana': 4, 'grupo_voto': 'Letters', 'grupo_final': 'Numbers', 'comando': '2', 'confianza_grupo': 0.6030883350021858, 'confianza_comando': 0.5739656604058456}
2026-10-02 13:13:19 [INFO]: Comando predicho 2
2026-10-02 13:13:19 [INFO]: Grupo predicho Numbers
2026-10-02 13:13:19 [INFO]: ----------------------------------------------------------------
2026-10-02 13:13:20 [INFO]: ------------------>cvs name D:/APP_BCI_PYQUE/captures/UserCMSM/Letters/UserCMSM_U_39.csv<----------------
2026-10-02 13:13:20 [INFO]: {'ventana': 1, 'grupo_voto': 'Letters', 'grupo_final': 'Letters', 'comando': 'L', 'confianza_grupo': 0.985563147668503, 'confianza_comando': 0.3625012301712175}
2026-10-02 13:13:20 [INFO]: {'ventana': 2, 'grupo_voto': 'Letters', 'grupo_final': 'Letters', 'comando': 'S', 'confianza_grupo': 0.9876671220261205, 'confianza_comando': 0.4346012198266371}
2026-10-02 13:13:20 [INFO]: {'ventana': 3, 'grupo_voto': 'Letters', 'grupo_final': 'Letters', 'comando': 'U', 'confianza_grupo': 0.9932643368534251, 'confianza_comando': 0.9147585594998568}
2026-10-02 13:13:20 [INFO]: {'ventana': 4, 'grupo_voto': 'Letters', 'grupo_final': 'Letters', 'comando': 'U', 'confianza_grupo': 0.9982448886816091, 'confianza_comando': 0.9831244395067347}
2026-10-02 13:13:20 [INFO]: Comando predicho U
2026-10-02 13:13:20 [INFO]: Grupo predicho Letters
2026-10-02 13:13:20 [INFO]: ----------------------------------------------------------------
2026-10-02 13:13:20 [INFO]: ------------------>cvs name D:/APP_BCI_PYQUE/captures/UserCMSM/Letters/UserCMSM_U_40.csv<----------------
2026-10-02 13:13:20 [INFO]: {'ventana': 1, 'grupo_voto': 'Letters', 'grupo_final': 'Letters', 'comando': 'I', 'confianza_grupo': 0.9958987814288873, 'confianza_comando': 0.7728743136354324}
2026-10-02 13:13:20 [INFO]: {'ventana': 2, 'grupo_voto': 'Letters', 'grupo_final': 'Letters', 'comando': 'U', 'confianza_grupo': 0.9976593000403924, 'confianza_comando': 0.6384023953331838}
2026-10-02 13:13:20 [INFO]: {'ventana': 3, 'grupo_voto': 'Letters', 'grupo_final': 'Letters', 'comando': 'U', 'confianza_grupo': 0.9955838491307487, 'confianza_comando': 0.7826348639944668}
2026-10-02 13:13:20 [INFO]: {'ventana': 4, 'grupo_voto': 'Letters', 'grupo_final': 'Letters', 'comando': 'U', 'confianza_grupo': 0.9957464763505176, 'confianza_comando': 0.8758565213648846}
2026-10-02 13:13:20 [INFO]: Comando predicho U
2026-10-02 13:13:20 [INFO]: Grupo predicho Letters
2026-10-02 13:13:20 [INFO]: ----------------------------------------------------------------
2026-10-02 13:13:21 [INFO]: ------------------>cvs name D:/APP_BCI_PYQUE/captures/UserCMSM/Letters/UserCMSM_U_41.csv<----------------
2026-10-02 13:13:21 [INFO]: {'ventana': 1, 'grupo_voto': 'Letters', 'grupo_final': 'Letters', 'comando': 'U', 'confianza_grupo': 0.750202262619459, 'confianza_comando': 0.463520633072743}
2026-10-02 13:13:21 [INFO]: {'ventana': 2, 'grupo_voto': 'Letters', 'grupo_final': 'Letters', 'comando': 'U', 'confianza_grupo': 0.6751810620180542, 'confianza_comando': 0.8168328886324188}
2026-10-02 13:13:21 [INFO]: {'ventana': 3, 'grupo_voto': 'Letters', 'grupo_final': 'Letters', 'comando': 'U', 'confianza_grupo': 0.8509126608775761, 'confianza_comando': 0.9541592544643789}
2026-10-02 13:13:21 [INFO]: {'ventana': 4, 'grupo_voto': 'Letters', 'grupo_final': 'Letters', 'comando': 'U', 'confianza_grupo': 0.8767257615193994, 'confianza_comando': 0.8799048242463551}
2026-10-02 13:13:21 [INFO]: Comando predicho U
2026-10-02 13:13:21 [INFO]: Grupo predicho Letters
2026-10-02 13:13:21 [INFO]: ----------------------------------------------------------------
2026-10-02 13:13:22 [INFO]: ------------------>cvs name D:/APP_BCI_PYQUE/captures/UserCMSM/Letters/UserCMSM_U_42.csv<----------------
2026-10-02 13:13:22 [INFO]: {'ventana': 1, 'grupo_voto': 'Letters', 'grupo_final': 'Letters', 'comando': 'U', 'confianza_grupo': 0.9184667846938769, 'confianza_comando': 0.9365360992504091}
2026-10-02 13:13:22 [INFO]: {'ventana': 2, 'grupo_voto': 'Letters', 'grupo_final': 'Letters', 'comando': 'U', 'confianza_grupo': 0.9488765709806155, 'confianza_comando': 0.9671933902558597}
2026-10-02 13:13:22 [INFO]: {'ventana': 3, 'grupo_voto': 'Letters', 'grupo_final': 'Letters', 'comando': 'U', 'confianza_grupo': 0.9672246680881235, 'confianza_comando': 0.9059678262160894}
2026-10-02 13:13:22 [INFO]: {'ventana': 4, 'grupo_voto': 'Letters', 'grupo_final': 'Letters', 'comando': 'U', 'confianza_grupo': 0.9530705624206262, 'confianza_comando': 0.9434815264667049}
2026-10-02 13:13:22 [INFO]: Comando predicho U
2026-10-02 13:13:22 [INFO]: Grupo predicho Letters
2026-10-02 13:13:22 [INFO]: ----------------------------------------------------------------
2026-10-02 13:13:22 [INFO]: ------------------>cvs name D:/APP_BCI_PYQUE/captures/UserCMSM/Letters/UserCMSM_U_43.csv<----------------
2026-10-02 13:13:22 [INFO]: {'ventana': 1, 'grupo_voto': 'Letters', 'grupo_final': 'Letters', 'comando': 'U', 'confianza_grupo': 0.9760614692359956, 'confianza_comando': 0.9648899920028432}
2026-10-02 13:13:22 [INFO]: {'ventana': 2, 'grupo_voto': 'Letters', 'grupo_final': 'Letters', 'comando': 'U', 'confianza_grupo': 0.8729500506829055, 'confianza_comando': 0.8178591343473143}
2026-10-02 13:13:22 [INFO]: {'ventana': 3, 'grupo_voto': 'Letters', 'grupo_final': 'Letters', 'comando': 'U', 'confianza_grupo': 0.8945272310172461, 'confianza_comando': 0.9434429769449941}
2026-10-02 13:13:22 [INFO]: {'ventana': 4, 'grupo_voto': 'Letters', 'grupo_final': 'Letters', 'comando': 'U', 'confianza_grupo': 0.9746868233858641, 'confianza_comando': 0.9455090790950894}
2026-10-02 13:13:22 [INFO]: Comando predicho U
2026-10-02 13:13:22 [INFO]: Grupo predicho Letters
2026-10-02 13:13:22 [INFO]: ----------------------------------------------------------------
2026-10-02 13:13:23 [INFO]: ------------------>cvs name D:/APP_BCI_PYQUE/captures/UserCMSM/Letters/UserCMSM_U_44.csv<----------------
2026-10-02 13:13:23 [INFO]: {'ventana': 1, 'grupo_voto': 'Letters', 'grupo_final': 'Letters', 'comando': 'U', 'confianza_grupo': 0.7845851050390172, 'confianza_comando': 0.9409105561203273}
2026-10-02 13:13:23 [INFO]: {'ventana': 2, 'grupo_voto': 'Letters', 'grupo_final': 'Letters', 'comando': 'U', 'confianza_grupo': 0.8911718144325194, 'confianza_comando': 0.9776311489779606}
2026-10-02 13:13:23 [INFO]: {'ventana': 3, 'grupo_voto': 'Letters', 'grupo_final': 'Letters', 'comando': 'U', 'confianza_grupo': 0.9749421508638461, 'confianza_comando': 0.960457779661053}
2026-10-02 13:13:23 [INFO]: {'ventana': 4, 'grupo_voto': 'Letters', 'grupo_final': 'Letters', 'comando': 'U', 'confianza_grupo': 0.957152846227517, 'confianza_comando': 0.8915904771014854}
2026-10-02 13:13:23 [INFO]: Comando predicho U
2026-10-02 13:13:23 [INFO]: Grupo predicho Letters
2026-10-02 13:13:23 [INFO]: ----------------------------------------------------------------
2026-10-02 13:13:23 [INFO]: ------------------>cvs name D:/APP_BCI_PYQUE/captures/UserCMSM/Letters/UserCMSM_U_45.csv<----------------
2026-10-02 13:13:23 [INFO]: {'ventana': 1, 'grupo_voto': 'Numbers', 'grupo_final': 'Numbers', 'comando': '0', 'confianza_grupo': 0.9975642800015149, 'confianza_comando': 0.877802050944633}
2026-10-02 13:13:23 [INFO]: {'ventana': 2, 'grupo_voto': 'Numbers', 'grupo_final': 'Numbers', 'comando': '0', 'confianza_grupo': 0.9982165805743383, 'confianza_comando': 0.8825678012626156}
2026-10-02 13:13:23 [INFO]: {'ventana': 3, 'grupo_voto': 'Numbers', 'grupo_final': 'Numbers', 'comando': '0', 'confianza_grupo': 0.997581525497048, 'confianza_comando': 0.3422380408731596}
2026-10-02 13:13:23 [INFO]: {'ventana': 4, 'grupo_voto': 'Numbers', 'grupo_final': 'Numbers', 'comando': '0', 'confianza_grupo': 0.991019349539827, 'confianza_comando': 0.22125594234726342}
2026-10-02 13:13:23 [INFO]: Comando predicho 0
2026-10-02 13:13:23 [INFO]: Grupo predicho Numbers
2026-10-02 13:13:23 [INFO]: ----------------------------------------------------------------
2026-10-02 13:13:24 [INFO]: ------------------>cvs name D:/APP_BCI_PYQUE/captures/UserCMSM/Letters/UserCMSM_U_46.csv<----------------
2026-10-02 13:13:24 [INFO]: {'ventana': 1, 'grupo_voto': 'Letters', 'grupo_final': 'Letters', 'comando': 'U', 'confianza_grupo': 0.9612740496516975, 'confianza_comando': 0.9474988938084102}
2026-10-02 13:13:24 [INFO]: {'ventana': 2, 'grupo_voto': 'Letters', 'grupo_final': 'Letters', 'comando': 'U', 'confianza_grupo': 0.9161411585674396, 'confianza_comando': 0.9550796422075928}
2026-10-02 13:13:24 [INFO]: {'ventana': 3, 'grupo_voto': 'Letters', 'grupo_final': 'Letters', 'comando': 'U', 'confianza_grupo': 0.9695889040511733, 'confianza_comando': 0.9612093202084568}
2026-10-02 13:13:24 [INFO]: {'ventana': 4, 'grupo_voto': 'Letters', 'grupo_final': 'Letters', 'comando': 'U', 'confianza_grupo': 0.9069173282688929, 'confianza_comando': 0.9345159186852153}
2026-10-02 13:13:24 [INFO]: Comando predicho U
2026-10-02 13:13:24 [INFO]: Grupo predicho Letters
2026-10-02 13:13:24 [INFO]: ----------------------------------------------------------------
2026-10-02 13:13:25 [INFO]: ------------------>cvs name D:/APP_BCI_PYQUE/captures/UserCMSM/Letters/UserCMSM_U_47.csv<----------------
2026-10-02 13:13:25 [INFO]: {'ventana': 1, 'grupo_voto': 'Letters', 'grupo_final': 'Letters', 'comando': 'U', 'confianza_grupo': 0.9695348718588122, 'confianza_comando': 0.9537572775171159}
2026-10-02 13:13:25 [INFO]: {'ventana': 2, 'grupo_voto': 'Letters', 'grupo_final': 'Letters', 'comando': 'D', 'confianza_grupo': 0.980440869361135, 'confianza_comando': 0.45534531393737315}
2026-10-02 13:13:25 [INFO]: {'ventana': 3, 'grupo_voto': 'Letters', 'grupo_final': 'Letters', 'comando': 'U', 'confianza_grupo': 0.9919125774575285, 'confianza_comando': 0.9331358734723227}
2026-10-02 13:13:25 [INFO]: {'ventana': 4, 'grupo_voto': 'Letters', 'grupo_final': 'Letters', 'comando': 'U', 'confianza_grupo': 0.9774837923948863, 'confianza_comando': 0.5664795960293694}
2026-10-02 13:13:25 [INFO]: Comando predicho U
2026-10-02 13:13:25 [INFO]: Grupo predicho Letters
2026-10-02 13:13:25 [INFO]: ----------------------------------------------------------------
2026-10-02 13:13:25 [INFO]: ------------------>cvs name D:/APP_BCI_PYQUE/captures/UserCMSM/Letters/UserCMSM_U_48.csv<----------------
2026-10-02 13:13:25 [INFO]: {'ventana': 1, 'grupo_voto': 'Letters', 'grupo_final': 'Letters', 'comando': 'U', 'confianza_grupo': 0.9874042680617707, 'confianza_comando': 0.9668600698153434}
2026-10-02 13:13:25 [INFO]: {'ventana': 2, 'grupo_voto': 'Letters', 'grupo_final': 'Letters', 'comando': 'U', 'confianza_grupo': 0.9755138995694032, 'confianza_comando': 0.9739227362637325}
2026-10-02 13:13:25 [INFO]: {'ventana': 3, 'grupo_voto': 'Letters', 'grupo_final': 'Letters', 'comando': 'U', 'confianza_grupo': 0.9519963081326659, 'confianza_comando': 0.9858537732271399}
2026-10-02 13:13:25 [INFO]: {'ventana': 4, 'grupo_voto': 'Letters', 'grupo_final': 'Letters', 'comando': 'U', 'confianza_grupo': 0.9467540702288484, 'confianza_comando': 0.9790327069677982}
2026-10-02 13:13:25 [INFO]: Comando predicho U
2026-10-02 13:13:25 [INFO]: Grupo predicho Letters
2026-10-02 13:13:25 [INFO]: ----------------------------------------------------------------
2026-10-02 13:13:26 [INFO]: ------------------>cvs name D:/APP_BCI_PYQUE/captures/UserCMSM/Letters/UserCMSM_U_49.csv<----------------
2026-10-02 13:13:26 [INFO]: {'ventana': 1, 'grupo_voto': 'Letters', 'grupo_final': 'Letters', 'comando': 'U', 'confianza_grupo': 0.9785492549368704, 'confianza_comando': 0.8383741545342099}
2026-10-02 13:13:26 [INFO]: {'ventana': 2, 'grupo_voto': 'Letters', 'grupo_final': 'Letters', 'comando': 'U', 'confianza_grupo': 0.987345457931599, 'confianza_comando': 0.9699884447427073}
2026-10-02 13:13:26 [INFO]: {'ventana': 3, 'grupo_voto': 'Letters', 'grupo_final': 'Letters', 'comando': 'U', 'confianza_grupo': 0.9891160965732074, 'confianza_comando': 0.9658034025629644}
2026-10-02 13:13:26 [INFO]: {'ventana': 4, 'grupo_voto': 'Letters', 'grupo_final': 'Letters', 'comando': 'U', 'confianza_grupo': 0.9834358426001991, 'confianza_comando': 0.9500942917434099}
2026-10-02 13:13:26 [INFO]: Comando predicho U
2026-10-02 13:13:26 [INFO]: Grupo predicho Letters
2026-10-02 13:13:26 [INFO]: ----------------------------------------------------------------
2026-10-02 13:13:27 [INFO]: ------------------>cvs name D:/APP_BCI_PYQUE/captures/UserCMSM/Letters/UserCMSM_U_50.csv<----------------
2026-10-02 13:13:27 [INFO]: {'ventana': 1, 'grupo_voto': 'Letters', 'grupo_final': 'Letters', 'comando': 'U', 'confianza_grupo': 0.7719665067837487, 'confianza_comando': 0.9047990987918216}
2026-10-02 13:13:27 [INFO]: {'ventana': 2, 'grupo_voto': 'Letters', 'grupo_final': 'Letters', 'comando': 'U', 'confianza_grupo': 0.7544288566887565, 'confianza_comando': 0.9597095265434377}
2026-10-02 13:13:27 [INFO]: {'ventana': 3, 'grupo_voto': 'Letters', 'grupo_final': 'Letters', 'comando': 'U', 'confianza_grupo': 0.9365018065491202, 'confianza_comando': 0.9032033494093302}
2026-10-02 13:13:27 [INFO]: {'ventana': 4, 'grupo_voto': 'Letters', 'grupo_final': 'Letters', 'comando': 'U', 'confianza_grupo': 0.9096557676843766, 'confianza_comando': 0.8133174086149773}
2026-10-02 13:13:27 [INFO]: Comando predicho U
2026-10-02 13:13:27 [INFO]: Grupo predicho Letters
2026-10-02 13:13:27 [INFO]: ----------------------------------------------------------------
2026-10-02 13:13:27 [INFO]: ------------------>cvs name D:/APP_BCI_PYQUE/captures/UserCMSM/Letters/UserCMSM_U_51.csv<----------------
2026-10-02 13:13:27 [INFO]: {'ventana': 1, 'grupo_voto': 'Letters', 'grupo_final': 'Letters', 'comando': 'U', 'confianza_grupo': 0.9869341648497949, 'confianza_comando': 0.8310734353157849}
2026-10-02 13:13:27 [INFO]: {'ventana': 2, 'grupo_voto': 'Letters', 'grupo_final': 'Letters', 'comando': 'U', 'confianza_grupo': 0.9946625007853407, 'confianza_comando': 0.9656737675933893}
2026-10-02 13:13:27 [INFO]: {'ventana': 3, 'grupo_voto': 'Letters', 'grupo_final': 'Letters', 'comando': 'U', 'confianza_grupo': 0.9976095085928561, 'confianza_comando': 0.9380874806046993}
2026-10-02 13:13:27 [INFO]: {'ventana': 4, 'grupo_voto': 'Letters', 'grupo_final': 'Letters', 'comando': 'U', 'confianza_grupo': 0.9952670694682297, 'confianza_comando': 0.31596059651674674}
2026-10-02 13:13:27 [INFO]: Comando predicho U
2026-10-02 13:13:27 [INFO]: Grupo predicho Letters
2026-10-02 13:13:27 [INFO]: ----------------------------------------------------------------
2026-10-02 13:13:28 [INFO]: ------------------>cvs name D:/APP_BCI_PYQUE/captures/UserCMSM/Letters/UserCMSM_U_52.csv<----------------
2026-10-02 13:13:28 [INFO]: {'ventana': 1, 'grupo_voto': 'Letters', 'grupo_final': 'Letters', 'comando': 'U', 'confianza_grupo': 0.9714333120038138, 'confianza_comando': 0.7884816709810432}
2026-10-02 13:13:28 [INFO]: {'ventana': 2, 'grupo_voto': 'Letters', 'grupo_final': 'Letters', 'comando': 'M', 'confianza_grupo': 0.968566885562621, 'confianza_comando': 0.2541349553407614}
2026-10-02 13:13:28 [INFO]: {'ventana': 3, 'grupo_voto': 'Letters', 'grupo_final': 'Letters', 'comando': 'U', 'confianza_grupo': 0.9814746602688095, 'confianza_comando': 0.9073349040454359}
2026-10-02 13:13:28 [INFO]: {'ventana': 4, 'grupo_voto': 'Letters', 'grupo_final': 'Letters', 'comando': 'U', 'confianza_grupo': 0.978849383831259, 'confianza_comando': 0.9186941412256868}
2026-10-02 13:13:28 [INFO]: Comando predicho U
2026-10-02 13:13:28 [INFO]: Grupo predicho Letters
2026-10-02 13:13:28 [INFO]: ----------------------------------------------------------------
2026-10-02 13:13:29 [INFO]: ------------------>cvs name D:/APP_BCI_PYQUE/captures/UserCMSM/Letters/UserCMSM_U_53.csv<----------------
2026-10-02 13:13:29 [INFO]: {'ventana': 1, 'grupo_voto': 'Letters', 'grupo_final': 'Letters', 'comando': 'U', 'confianza_grupo': 0.9127227808179231, 'confianza_comando': 0.9249772579782706}
2026-10-02 13:13:29 [INFO]: {'ventana': 2, 'grupo_voto': 'Letters', 'grupo_final': 'Letters', 'comando': 'U', 'confianza_grupo': 0.9815805744225247, 'confianza_comando': 0.9634642114538694}
2026-10-02 13:13:29 [INFO]: {'ventana': 3, 'grupo_voto': 'Letters', 'grupo_final': 'Letters', 'comando': 'U', 'confianza_grupo': 0.9600935904157821, 'confianza_comando': 0.9369744741263301}
2026-10-02 13:13:29 [INFO]: {'ventana': 4, 'grupo_voto': 'Letters', 'grupo_final': 'Letters', 'comando': 'U', 'confianza_grupo': 0.932286831598638, 'confianza_comando': 0.9426825212773812}
2026-10-02 13:13:29 [INFO]: Comando predicho U
2026-10-02 13:13:29 [INFO]: Grupo predicho Letters
2026-10-02 13:13:29 [INFO]: ----------------------------------------------------------------
2026-10-02 13:13:29 [INFO]: ------------------>cvs name D:/APP_BCI_PYQUE/captures/UserCMSM/Letters/UserCMSM_U_54.csv<----------------
2026-10-02 13:13:29 [INFO]: {'ventana': 1, 'grupo_voto': 'Letters', 'grupo_final': 'Letters', 'comando': 'A', 'confianza_grupo': 0.7743897584694056, 'confianza_comando': 0.47100863169449136}
2026-10-02 13:13:29 [INFO]: {'ventana': 2, 'grupo_voto': 'Letters', 'grupo_final': 'Letters', 'comando': 'U', 'confianza_grupo': 0.5937451775258663, 'confianza_comando': 0.4976351926010335}
2026-10-02 13:13:29 [INFO]: {'ventana': 3, 'grupo_voto': 'Numbers', 'grupo_final': 'Letters', 'comando': 'U', 'confianza_grupo': 0.655980872116797, 'confianza_comando': 0.4528098585550215}
2026-10-02 13:13:29 [INFO]: {'ventana': 4, 'grupo_voto': 'Letters', 'grupo_final': 'Letters', 'comando': 'U', 'confianza_grupo': 0.6897193157423991, 'confianza_comando': 0.29395239071545726}
2026-10-02 13:13:29 [INFO]: Comando predicho U
2026-10-02 13:13:29 [INFO]: Grupo predicho Letters
2026-10-02 13:13:29 [INFO]: ----------------------------------------------------------------
2026-10-02 13:13:30 [INFO]: ------------------>cvs name D:/APP_BCI_PYQUE/captures/UserCMSM/Letters/UserCMSM_U_55.csv<----------------
2026-10-02 13:13:30 [INFO]: {'ventana': 1, 'grupo_voto': 'Numbers', 'grupo_final': 'Letters', 'comando': 'I', 'confianza_grupo': 0.7313705320193652, 'confianza_comando': 0.3329027257759378}
2026-10-02 13:13:30 [INFO]: {'ventana': 2, 'grupo_voto': 'Letters', 'grupo_final': 'Letters', 'comando': 'O', 'confianza_grupo': 0.71420204391344, 'confianza_comando': 0.4124664842653424}
2026-10-02 13:13:30 [INFO]: {'ventana': 3, 'grupo_voto': 'Letters', 'grupo_final': 'Letters', 'comando': 'O', 'confianza_grupo': 0.6320515428188912, 'confianza_comando': 0.5313491306906771}
2026-10-02 13:13:30 [INFO]: {'ventana': 4, 'grupo_voto': 'Letters', 'grupo_final': 'Letters', 'comando': 'O', 'confianza_grupo': 0.6187298970672304, 'confianza_comando': 0.5651157715704389}
2026-10-02 13:13:30 [INFO]: Comando predicho O
2026-10-02 13:13:30 [INFO]: Grupo predicho Letters
2026-10-02 13:13:30 [INFO]: ----------------------------------------------------------------
2026-10-02 13:13:31 [INFO]: ------------------>cvs name D:/APP_BCI_PYQUE/captures/UserCMSM/Letters/UserCMSM_U_56.csv<----------------
2026-10-02 13:13:31 [INFO]: {'ventana': 1, 'grupo_voto': 'Letters', 'grupo_final': 'Letters', 'comando': 'R', 'confianza_grupo': 0.9255312151040059, 'confianza_comando': 0.731526827242537}
2026-10-02 13:13:31 [INFO]: {'ventana': 2, 'grupo_voto': 'Letters', 'grupo_final': 'Letters', 'comando': 'O', 'confianza_grupo': 0.9981834549611869, 'confianza_comando': 0.29836456365420355}
2026-10-02 13:13:31 [INFO]: {'ventana': 3, 'grupo_voto': 'Letters', 'grupo_final': 'Letters', 'comando': 'L', 'confianza_grupo': 0.9829079245418307, 'confianza_comando': 0.2246789495970083}
2026-10-02 13:13:31 [INFO]: {'ventana': 4, 'grupo_voto': 'Letters', 'grupo_final': 'Letters', 'comando': 'O', 'confianza_grupo': 0.9794371948764644, 'confianza_comando': 0.9216153068822968}
2026-10-02 13:13:31 [INFO]: Comando predicho O
2026-10-02 13:13:31 [INFO]: Grupo predicho Letters
2026-10-02 13:13:31 [INFO]: ----------------------------------------------------------------
2026-10-02 13:13:31 [INFO]: ------------------>cvs name D:/APP_BCI_PYQUE/captures/UserCMSM/Letters/UserCMSM_U_57.csv<----------------
2026-10-02 13:13:31 [INFO]: {'ventana': 1, 'grupo_voto': 'Numbers', 'grupo_final': 'Letters', 'comando': 'U', 'confianza_grupo': 0.5425759776449128, 'confianza_comando': 0.9434070071671021}
2026-10-02 13:13:31 [INFO]: {'ventana': 2, 'grupo_voto': 'Numbers', 'grupo_final': 'Letters', 'comando': 'U', 'confianza_grupo': 0.5778616549178222, 'confianza_comando': 0.9667841671626656}
2026-10-02 13:13:31 [INFO]: {'ventana': 3, 'grupo_voto': 'Letters', 'grupo_final': 'Letters', 'comando': 'U', 'confianza_grupo': 0.8158617089080418, 'confianza_comando': 0.9428177625349395}
2026-10-02 13:13:31 [INFO]: {'ventana': 4, 'grupo_voto': 'Letters', 'grupo_final': 'Letters', 'comando': 'U', 'confianza_grupo': 0.7690280753759462, 'confianza_comando': 0.9600264005156697}
2026-10-02 13:13:31 [INFO]: Comando predicho U
2026-10-02 13:13:31 [INFO]: Grupo predicho Letters
2026-10-02 13:13:31 [INFO]: ----------------------------------------------------------------
2026-10-02 13:13:32 [INFO]: ------------------>cvs name D:/APP_BCI_PYQUE/captures/UserCMSM/Letters/UserCMSM_U_58.csv<----------------
2026-10-02 13:13:32 [INFO]: {'ventana': 1, 'grupo_voto': 'Letters', 'grupo_final': 'Letters', 'comando': 'U', 'confianza_grupo': 0.9964688378422978, 'confianza_comando': 0.9034160484171792}
2026-10-02 13:13:32 [INFO]: {'ventana': 2, 'grupo_voto': 'Letters', 'grupo_final': 'Letters', 'comando': 'U', 'confianza_grupo': 0.9942212690288057, 'confianza_comando': 0.9745784805555612}
2026-10-02 13:13:32 [INFO]: {'ventana': 3, 'grupo_voto': 'Letters', 'grupo_final': 'Letters', 'comando': 'U', 'confianza_grupo': 0.9973464421574971, 'confianza_comando': 0.9509465088792223}
2026-10-02 13:13:32 [INFO]: {'ventana': 4, 'grupo_voto': 'Letters', 'grupo_final': 'Letters', 'comando': 'U', 'confianza_grupo': 0.9951752736347692, 'confianza_comando': 0.7291565206917545}
2026-10-02 13:13:32 [INFO]: Comando predicho U
2026-10-02 13:13:32 [INFO]: Grupo predicho Letters
2026-10-02 13:13:32 [INFO]: ----------------------------------------------------------------
2026-10-02 13:13:32 [INFO]: ------------------>cvs name D:/APP_BCI_PYQUE/captures/UserCMSM/Letters/UserCMSM_U_59.csv<----------------
2026-10-02 13:13:32 [INFO]: {'ventana': 1, 'grupo_voto': 'Letters', 'grupo_final': 'Letters', 'comando': 'E', 'confianza_grupo': 0.9894128968470904, 'confianza_comando': 0.5201942340183859}
2026-10-02 13:13:32 [INFO]: {'ventana': 2, 'grupo_voto': 'Letters', 'grupo_final': 'Letters', 'comando': 'U', 'confianza_grupo': 0.9928192410837052, 'confianza_comando': 0.7518775086017601}
2026-10-02 13:13:32 [INFO]: {'ventana': 3, 'grupo_voto': 'Letters', 'grupo_final': 'Letters', 'comando': 'U', 'confianza_grupo': 0.9879347014987331, 'confianza_comando': 0.985306128276975}
2026-10-02 13:13:32 [INFO]: {'ventana': 4, 'grupo_voto': 'Letters', 'grupo_final': 'Letters', 'comando': 'U', 'confianza_grupo': 0.98981393818606, 'confianza_comando': 0.9644030478366267}
2026-10-02 13:13:32 [INFO]: Comando predicho U
2026-10-02 13:13:32 [INFO]: Grupo predicho Letters
2026-10-02 13:13:32 [INFO]: ----------------------------------------------------------------
2026-10-02 13:13:32 [INFO]: Del Comando U Total Archivos 30
2026-10-02 13:13:32 [INFO]: Comando Reales Predichos, 26
2026-10-02 13:13:32 [INFO]: Grupo Real Predicho, 28
2026-10-02 13:13:32 [INFO]: =======================================================================================
2026-10-02 13:13:32 [INFO]: =======================================================================================
2026-10-02 13:13:33 [INFO]: ------------------>cvs name D:/APP_BCI_PYQUE/captures/UserCMSM/Letters/UserCMSM_S_30.csv<----------------
2026-10-02 13:13:33 [INFO]: {'ventana': 1, 'grupo_voto': 'Letters', 'grupo_final': 'Letters', 'comando': 'S', 'confianza_grupo': 0.7660426485041167, 'confianza_comando': 0.9410219952338278}
2026-10-02 13:13:33 [INFO]: {'ventana': 2, 'grupo_voto': 'Letters', 'grupo_final': 'Letters', 'comando': 'S', 'confianza_grupo': 0.9348890604076422, 'confianza_comando': 0.950021201367985}
2026-10-02 13:13:33 [INFO]: {'ventana': 3, 'grupo_voto': 'Letters', 'grupo_final': 'Letters', 'comando': 'S', 'confianza_grupo': 0.9334901856202953, 'confianza_comando': 0.9516185738280086}
2026-10-02 13:13:33 [INFO]: {'ventana': 4, 'grupo_voto': 'Letters', 'grupo_final': 'Letters', 'comando': 'S', 'confianza_grupo': 0.9608356053036826, 'confianza_comando': 0.938858907230523}
2026-10-02 13:13:33 [INFO]: Comando predicho S
2026-10-02 13:13:33 [INFO]: Grupo predicho Letters
2026-10-02 13:13:33 [INFO]: ----------------------------------------------------------------
2026-10-02 13:13:34 [INFO]: ------------------>cvs name D:/APP_BCI_PYQUE/captures/UserCMSM/Letters/UserCMSM_S_31.csv<----------------
2026-10-02 13:13:34 [INFO]: {'ventana': 1, 'grupo_voto': 'Letters', 'grupo_final': 'Letters', 'comando': 'S', 'confianza_grupo': 0.9718231208645823, 'confianza_comando': 0.9339099038387889}
2026-10-02 13:13:34 [INFO]: {'ventana': 2, 'grupo_voto': 'Letters', 'grupo_final': 'Letters', 'comando': 'S', 'confianza_grupo': 0.9865158816194725, 'confianza_comando': 0.9542391254344732}
2026-10-02 13:13:34 [INFO]: {'ventana': 3, 'grupo_voto': 'Letters', 'grupo_final': 'Letters', 'comando': 'S', 'confianza_grupo': 0.9940500097655619, 'confianza_comando': 0.9439380781348338}
2026-10-02 13:13:34 [INFO]: {'ventana': 4, 'grupo_voto': 'Letters', 'grupo_final': 'Letters', 'comando': 'S', 'confianza_grupo': 0.9890295043102727, 'confianza_comando': 0.7912348746930364}
2026-10-02 13:13:34 [INFO]: Comando predicho S
2026-10-02 13:13:34 [INFO]: Grupo predicho Letters
2026-10-02 13:13:34 [INFO]: ----------------------------------------------------------------
2026-10-02 13:13:34 [INFO]: ------------------>cvs name D:/APP_BCI_PYQUE/captures/UserCMSM/Letters/UserCMSM_S_32.csv<----------------
2026-10-02 13:13:34 [INFO]: {'ventana': 1, 'grupo_voto': 'Letters', 'grupo_final': 'Letters', 'comando': 'S', 'confianza_grupo': 0.9399039194881426, 'confianza_comando': 0.9407214893250533}
2026-10-02 13:13:34 [INFO]: {'ventana': 2, 'grupo_voto': 'Letters', 'grupo_final': 'Letters', 'comando': 'S', 'confianza_grupo': 0.9517640357319507, 'confianza_comando': 0.9454343804358317}
2026-10-02 13:13:34 [INFO]: {'ventana': 3, 'grupo_voto': 'Letters', 'grupo_final': 'Letters', 'comando': 'S', 'confianza_grupo': 0.8742814387968099, 'confianza_comando': 0.9475437934695253}
2026-10-02 13:13:34 [INFO]: {'ventana': 4, 'grupo_voto': 'Letters', 'grupo_final': 'Letters', 'comando': 'S', 'confianza_grupo': 0.6526200498014042, 'confianza_comando': 0.8635048991825431}
2026-10-02 13:13:34 [INFO]: Comando predicho S
2026-10-02 13:13:34 [INFO]: Grupo predicho Letters
2026-10-02 13:13:34 [INFO]: ----------------------------------------------------------------
2026-10-02 13:13:35 [INFO]: ------------------>cvs name D:/APP_BCI_PYQUE/captures/UserCMSM/Letters/UserCMSM_S_33.csv<----------------
2026-10-02 13:13:35 [INFO]: {'ventana': 1, 'grupo_voto': 'Letters', 'grupo_final': 'Letters', 'comando': 'S', 'confianza_grupo': 0.966963728703885, 'confianza_comando': 0.959539164534221}
2026-10-02 13:13:35 [INFO]: {'ventana': 2, 'grupo_voto': 'Letters', 'grupo_final': 'Letters', 'comando': 'S', 'confianza_grupo': 0.9392596042652125, 'confianza_comando': 0.9612813630427672}
2026-10-02 13:13:35 [INFO]: {'ventana': 3, 'grupo_voto': 'Letters', 'grupo_final': 'Letters', 'comando': 'S', 'confianza_grupo': 0.9605704376658001, 'confianza_comando': 0.9699182458415767}
2026-10-02 13:13:35 [INFO]: {'ventana': 4, 'grupo_voto': 'Letters', 'grupo_final': 'Letters', 'comando': 'S', 'confianza_grupo': 0.9511664624108144, 'confianza_comando': 0.9319313293362063}
2026-10-02 13:13:35 [INFO]: Comando predicho S
2026-10-02 13:13:35 [INFO]: Grupo predicho Letters
2026-10-02 13:13:35 [INFO]: ----------------------------------------------------------------
2026-10-02 13:13:35 [INFO]: ------------------>cvs name D:/APP_BCI_PYQUE/captures/UserCMSM/Letters/UserCMSM_S_34.csv<----------------
2026-10-02 13:13:35 [INFO]: {'ventana': 1, 'grupo_voto': 'Letters', 'grupo_final': 'Letters', 'comando': 'S', 'confianza_grupo': 0.9655897121497796, 'confianza_comando': 0.9204346959656667}
2026-10-02 13:13:35 [INFO]: {'ventana': 2, 'grupo_voto': 'Letters', 'grupo_final': 'Letters', 'comando': 'S', 'confianza_grupo': 0.9637150887641883, 'confianza_comando': 0.928849892010582}
2026-10-02 13:13:35 [INFO]: {'ventana': 3, 'grupo_voto': 'Letters', 'grupo_final': 'Letters', 'comando': 'S', 'confianza_grupo': 0.9567689379209167, 'confianza_comando': 0.8284854900375642}
2026-10-02 13:13:35 [INFO]: {'ventana': 4, 'grupo_voto': 'Letters', 'grupo_final': 'Letters', 'comando': 'D', 'confianza_grupo': 0.978961824314137, 'confianza_comando': 0.21712194591395964}
2026-10-02 13:13:35 [INFO]: Comando predicho S
2026-10-02 13:13:35 [INFO]: Grupo predicho Letters
2026-10-02 13:13:35 [INFO]: ----------------------------------------------------------------
2026-10-02 13:13:36 [INFO]: ------------------>cvs name D:/APP_BCI_PYQUE/captures/UserCMSM/Letters/UserCMSM_S_35.csv<----------------
2026-10-02 13:13:36 [INFO]: {'ventana': 1, 'grupo_voto': 'Letters', 'grupo_final': 'Letters', 'comando': 'S', 'confianza_grupo': 0.9188671514551774, 'confianza_comando': 0.9651766825449696}
2026-10-02 13:13:36 [INFO]: {'ventana': 2, 'grupo_voto': 'Letters', 'grupo_final': 'Letters', 'comando': 'S', 'confianza_grupo': 0.9779935204955398, 'confianza_comando': 0.9599133406658046}
2026-10-02 13:13:36 [INFO]: {'ventana': 3, 'grupo_voto': 'Letters', 'grupo_final': 'Letters', 'comando': 'S', 'confianza_grupo': 0.9474970008518572, 'confianza_comando': 0.9806355043329071}
2026-10-02 13:13:36 [INFO]: {'ventana': 4, 'grupo_voto': 'Letters', 'grupo_final': 'Letters', 'comando': 'S', 'confianza_grupo': 0.9781724867212287, 'confianza_comando': 0.9653074235881276}
2026-10-02 13:13:36 [INFO]: Comando predicho S
2026-10-02 13:13:36 [INFO]: Grupo predicho Letters
2026-10-02 13:13:36 [INFO]: ----------------------------------------------------------------
2026-10-02 13:13:36 [INFO]: ------------------>cvs name D:/APP_BCI_PYQUE/captures/UserCMSM/Letters/UserCMSM_S_36.csv<----------------
2026-10-02 13:13:36 [INFO]: {'ventana': 1, 'grupo_voto': 'Numbers', 'grupo_final': 'Numbers', 'comando': '5', 'confianza_grupo': 0.8654793166492716, 'confianza_comando': 0.1732269191300802}
2026-10-02 13:13:36 [INFO]: {'ventana': 2, 'grupo_voto': 'Numbers', 'grupo_final': 'Numbers', 'comando': '6', 'confianza_grupo': 0.8575414380170159, 'confianza_comando': 0.2598869261248874}
2026-10-02 13:13:36 [INFO]: {'ventana': 3, 'grupo_voto': 'Numbers', 'grupo_final': 'Numbers', 'comando': '7', 'confianza_grupo': 0.7843638103516939, 'confianza_comando': 0.38916008207830577}
2026-10-02 13:13:36 [INFO]: {'ventana': 4, 'grupo_voto': 'Numbers', 'grupo_final': 'Numbers', 'comando': '6', 'confianza_grupo': 0.9885746949670573, 'confianza_comando': 0.33219517546385}
2026-10-02 13:13:36 [INFO]: Comando predicho 7
2026-10-02 13:13:36 [INFO]: Grupo predicho Numbers
2026-10-02 13:13:36 [INFO]: ----------------------------------------------------------------
2026-10-02 13:13:37 [INFO]: ------------------>cvs name D:/APP_BCI_PYQUE/captures/UserCMSM/Letters/UserCMSM_S_37.csv<----------------
2026-10-02 13:13:37 [INFO]: {'ventana': 1, 'grupo_voto': 'Numbers', 'grupo_final': 'Numbers', 'comando': '1', 'confianza_grupo': 0.9615536692038827, 'confianza_comando': 0.9777376184901653}
2026-10-02 13:13:37 [INFO]: {'ventana': 2, 'grupo_voto': 'Numbers', 'grupo_final': 'Numbers', 'comando': '1', 'confianza_grupo': 0.9619938848878862, 'confianza_comando': 0.6506438184589626}
2026-10-02 13:13:37 [INFO]: {'ventana': 3, 'grupo_voto': 'Numbers', 'grupo_final': 'Numbers', 'comando': '1', 'confianza_grupo': 0.5050464833432732, 'confianza_comando': 0.9146789550961505}
2026-10-02 13:13:37 [INFO]: {'ventana': 4, 'grupo_voto': 'Letters', 'grupo_final': 'Numbers', 'comando': '0', 'confianza_grupo': 0.9073369604664796, 'confianza_comando': 0.675072335814323}
2026-10-02 13:13:37 [INFO]: Comando predicho 1
2026-10-02 13:13:37 [INFO]: Grupo predicho Numbers
2026-10-02 13:13:37 [INFO]: ----------------------------------------------------------------
2026-10-02 13:13:38 [INFO]: ------------------>cvs name D:/APP_BCI_PYQUE/captures/UserCMSM/Letters/UserCMSM_S_38.csv<----------------
2026-10-02 13:13:38 [INFO]: {'ventana': 1, 'grupo_voto': 'Letters', 'grupo_final': 'Letters', 'comando': 'S', 'confianza_grupo': 0.937661352584827, 'confianza_comando': 0.8665487730140498}
2026-10-02 13:13:38 [INFO]: {'ventana': 2, 'grupo_voto': 'Letters', 'grupo_final': 'Letters', 'comando': 'S', 'confianza_grupo': 0.9707781200179073, 'confianza_comando': 0.9191603924180588}
2026-10-02 13:13:38 [INFO]: {'ventana': 3, 'grupo_voto': 'Letters', 'grupo_final': 'Letters', 'comando': 'S', 'confianza_grupo': 0.9370263694942831, 'confianza_comando': 0.9724625428749287}
2026-10-02 13:13:38 [INFO]: {'ventana': 4, 'grupo_voto': 'Letters', 'grupo_final': 'Letters', 'comando': 'S', 'confianza_grupo': 0.7835049551285759, 'confianza_comando': 0.9487841543485998}
2026-10-02 13:13:38 [INFO]: Comando predicho S
2026-10-02 13:13:38 [INFO]: Grupo predicho Letters
2026-10-02 13:13:38 [INFO]: ----------------------------------------------------------------
2026-10-02 13:13:38 [INFO]: ------------------>cvs name D:/APP_BCI_PYQUE/captures/UserCMSM/Letters/UserCMSM_S_39.csv<----------------
2026-10-02 13:13:38 [INFO]: {'ventana': 1, 'grupo_voto': 'Letters', 'grupo_final': 'Letters', 'comando': 'S', 'confianza_grupo': 0.9191695398297448, 'confianza_comando': 0.9385425594311242}
2026-10-02 13:13:38 [INFO]: {'ventana': 2, 'grupo_voto': 'Letters', 'grupo_final': 'Letters', 'comando': 'S', 'confianza_grupo': 0.7681476179802367, 'confianza_comando': 0.9338212467543685}
2026-10-02 13:13:38 [INFO]: {'ventana': 3, 'grupo_voto': 'Letters', 'grupo_final': 'Letters', 'comando': 'S', 'confianza_grupo': 0.8884449858736337, 'confianza_comando': 0.9029107120900284}
2026-10-02 13:13:38 [INFO]: {'ventana': 4, 'grupo_voto': 'Letters', 'grupo_final': 'Letters', 'comando': 'S', 'confianza_grupo': 0.9903544748781957, 'confianza_comando': 0.9364172026238926}
2026-10-02 13:13:38 [INFO]: Comando predicho S
2026-10-02 13:13:38 [INFO]: Grupo predicho Letters
2026-10-02 13:13:38 [INFO]: ----------------------------------------------------------------
2026-10-02 13:13:39 [INFO]: ------------------>cvs name D:/APP_BCI_PYQUE/captures/UserCMSM/Letters/UserCMSM_S_40.csv<----------------
2026-10-02 13:13:39 [INFO]: {'ventana': 1, 'grupo_voto': 'Letters', 'grupo_final': 'Letters', 'comando': 'S', 'confianza_grupo': 0.9625638779903801, 'confianza_comando': 0.9645933752269871}
2026-10-02 13:13:39 [INFO]: {'ventana': 2, 'grupo_voto': 'Letters', 'grupo_final': 'Letters', 'comando': 'S', 'confianza_grupo': 0.9152598460073301, 'confianza_comando': 0.9508475493740537}
2026-10-02 13:13:39 [INFO]: {'ventana': 3, 'grupo_voto': 'Letters', 'grupo_final': 'Letters', 'comando': 'S', 'confianza_grupo': 0.8492589655610601, 'confianza_comando': 0.984453504411693}
2026-10-02 13:13:39 [INFO]: {'ventana': 4, 'grupo_voto': 'Letters', 'grupo_final': 'Letters', 'comando': 'S', 'confianza_grupo': 0.742824735723203, 'confianza_comando': 0.9614777269444156}
2026-10-02 13:13:39 [INFO]: Comando predicho S
2026-10-02 13:13:39 [INFO]: Grupo predicho Letters
2026-10-02 13:13:39 [INFO]: ----------------------------------------------------------------
2026-10-02 13:13:40 [INFO]: ------------------>cvs name D:/APP_BCI_PYQUE/captures/UserCMSM/Letters/UserCMSM_S_41.csv<----------------
2026-10-02 13:13:40 [INFO]: {'ventana': 1, 'grupo_voto': 'Letters', 'grupo_final': 'Letters', 'comando': 'S', 'confianza_grupo': 0.985186809917975, 'confianza_comando': 0.9714029890696869}
2026-10-02 13:13:40 [INFO]: {'ventana': 2, 'grupo_voto': 'Letters', 'grupo_final': 'Letters', 'comando': 'S', 'confianza_grupo': 0.9930821928510486, 'confianza_comando': 0.9435531929318106}
2026-10-02 13:13:40 [INFO]: {'ventana': 3, 'grupo_voto': 'Letters', 'grupo_final': 'Letters', 'comando': 'S', 'confianza_grupo': 0.9605707318796303, 'confianza_comando': 0.9665529439595913}
2026-10-02 13:13:40 [INFO]: {'ventana': 4, 'grupo_voto': 'Letters', 'grupo_final': 'Letters', 'comando': 'S', 'confianza_grupo': 0.8347830711448343, 'confianza_comando': 0.9495097817636988}
2026-10-02 13:13:40 [INFO]: Comando predicho S
2026-10-02 13:13:40 [INFO]: Grupo predicho Letters
2026-10-02 13:13:40 [INFO]: ----------------------------------------------------------------
2026-10-02 13:13:40 [INFO]: ------------------>cvs name D:/APP_BCI_PYQUE/captures/UserCMSM/Letters/UserCMSM_S_42.csv<----------------
2026-10-02 13:13:40 [INFO]: {'ventana': 1, 'grupo_voto': 'Letters', 'grupo_final': 'Letters', 'comando': 'S', 'confianza_grupo': 0.9429780823043726, 'confianza_comando': 0.9575190690463241}
2026-10-02 13:13:40 [INFO]: {'ventana': 2, 'grupo_voto': 'Letters', 'grupo_final': 'Letters', 'comando': 'S', 'confianza_grupo': 0.9758632186652884, 'confianza_comando': 0.9504968305827578}
2026-10-02 13:13:40 [INFO]: {'ventana': 3, 'grupo_voto': 'Letters', 'grupo_final': 'Letters', 'comando': 'S', 'confianza_grupo': 0.9840721707180614, 'confianza_comando': 0.9331850780568929}
2026-10-02 13:13:40 [INFO]: {'ventana': 4, 'grupo_voto': 'Letters', 'grupo_final': 'Letters', 'comando': 'S', 'confianza_grupo': 0.9906018308046189, 'confianza_comando': 0.9531975012659532}
2026-10-02 13:13:40 [INFO]: Comando predicho S
2026-10-02 13:13:40 [INFO]: Grupo predicho Letters
2026-10-02 13:13:40 [INFO]: ----------------------------------------------------------------
2026-10-02 13:13:41 [INFO]: ------------------>cvs name D:/APP_BCI_PYQUE/captures/UserCMSM/Letters/UserCMSM_S_43.csv<----------------
2026-10-02 13:13:41 [INFO]: {'ventana': 1, 'grupo_voto': 'Letters', 'grupo_final': 'Letters', 'comando': 'L', 'confianza_grupo': 0.9908273538504955, 'confianza_comando': 0.8113691169626158}
2026-10-02 13:13:41 [INFO]: {'ventana': 2, 'grupo_voto': 'Letters', 'grupo_final': 'Letters', 'comando': 'L', 'confianza_grupo': 0.985667361128691, 'confianza_comando': 0.9663358696102476}
2026-10-02 13:13:41 [INFO]: {'ventana': 3, 'grupo_voto': 'Letters', 'grupo_final': 'Letters', 'comando': 'L', 'confianza_grupo': 0.972003925320174, 'confianza_comando': 0.6636079666654546}
2026-10-02 13:13:41 [INFO]: {'ventana': 4, 'grupo_voto': 'Letters', 'grupo_final': 'Letters', 'comando': 'S', 'confianza_grupo': 0.9567953454068309, 'confianza_comando': 0.6879605881734923}
2026-10-02 13:13:41 [INFO]: Comando predicho L
2026-10-02 13:13:41 [INFO]: Grupo predicho Letters
2026-10-02 13:13:41 [INFO]: ----------------------------------------------------------------
2026-10-02 13:13:42 [INFO]: ------------------>cvs name D:/APP_BCI_PYQUE/captures/UserCMSM/Letters/UserCMSM_S_44.csv<----------------
2026-10-02 13:13:42 [INFO]: {'ventana': 1, 'grupo_voto': 'Letters', 'grupo_final': 'Letters', 'comando': 'S', 'confianza_grupo': 0.9976897022302357, 'confianza_comando': 0.8157731365387018}
2026-10-02 13:13:42 [INFO]: {'ventana': 2, 'grupo_voto': 'Letters', 'grupo_final': 'Letters', 'comando': 'S', 'confianza_grupo': 0.9815285619707604, 'confianza_comando': 0.9670745141425243}
2026-10-02 13:13:42 [INFO]: {'ventana': 3, 'grupo_voto': 'Letters', 'grupo_final': 'Letters', 'comando': 'S', 'confianza_grupo': 0.99342989023237, 'confianza_comando': 0.9814283315138267}
2026-10-02 13:13:42 [INFO]: {'ventana': 4, 'grupo_voto': 'Letters', 'grupo_final': 'Letters', 'comando': 'S', 'confianza_grupo': 0.9943861030771979, 'confianza_comando': 0.9124062400976468}
2026-10-02 13:13:42 [INFO]: Comando predicho S
2026-10-02 13:13:42 [INFO]: Grupo predicho Letters
2026-10-02 13:13:42 [INFO]: ----------------------------------------------------------------
2026-10-02 13:13:42 [INFO]: ------------------>cvs name D:/APP_BCI_PYQUE/captures/UserCMSM/Letters/UserCMSM_S_45.csv<----------------
2026-10-02 13:13:42 [INFO]: {'ventana': 1, 'grupo_voto': 'Letters', 'grupo_final': 'Letters', 'comando': 'I', 'confianza_grupo': 0.9592000711543437, 'confianza_comando': 0.335061728021139}
2026-10-02 13:13:42 [INFO]: {'ventana': 2, 'grupo_voto': 'Letters', 'grupo_final': 'Letters', 'comando': 'S', 'confianza_grupo': 0.9642163384825737, 'confianza_comando': 0.5875565360254092}
2026-10-02 13:13:42 [INFO]: {'ventana': 3, 'grupo_voto': 'Letters', 'grupo_final': 'Letters', 'comando': 'S', 'confianza_grupo': 0.9038985509989486, 'confianza_comando': 0.7379696428436596}
2026-10-02 13:13:42 [INFO]: {'ventana': 4, 'grupo_voto': 'Letters', 'grupo_final': 'Letters', 'comando': 'S', 'confianza_grupo': 0.8741297306368916, 'confianza_comando': 0.9410730245199409}
2026-10-02 13:13:42 [INFO]: Comando predicho S
2026-10-02 13:13:42 [INFO]: Grupo predicho Letters
2026-10-02 13:13:42 [INFO]: ----------------------------------------------------------------
2026-10-02 13:13:43 [INFO]: ------------------>cvs name D:/APP_BCI_PYQUE/captures/UserCMSM/Letters/UserCMSM_S_46.csv<----------------
2026-10-02 13:13:43 [INFO]: {'ventana': 1, 'grupo_voto': 'Letters', 'grupo_final': 'Letters', 'comando': 'S', 'confianza_grupo': 0.9528867007659092, 'confianza_comando': 0.7862199334702002}
2026-10-02 13:13:43 [INFO]: {'ventana': 2, 'grupo_voto': 'Letters', 'grupo_final': 'Letters', 'comando': 'S', 'confianza_grupo': 0.9510703999126773, 'confianza_comando': 0.9543589297324171}
2026-10-02 13:13:43 [INFO]: {'ventana': 3, 'grupo_voto': 'Letters', 'grupo_final': 'Letters', 'comando': 'S', 'confianza_grupo': 0.9738721283119535, 'confianza_comando': 0.9365370610088922}
2026-10-02 13:13:43 [INFO]: {'ventana': 4, 'grupo_voto': 'Letters', 'grupo_final': 'Letters', 'comando': 'S', 'confianza_grupo': 0.9683418761825315, 'confianza_comando': 0.9570963420358721}
2026-10-02 13:13:43 [INFO]: Comando predicho S
2026-10-02 13:13:43 [INFO]: Grupo predicho Letters
2026-10-02 13:13:43 [INFO]: ----------------------------------------------------------------
2026-10-02 13:13:44 [INFO]: ------------------>cvs name D:/APP_BCI_PYQUE/captures/UserCMSM/Letters/UserCMSM_S_47.csv<----------------
2026-10-02 13:13:44 [INFO]: {'ventana': 1, 'grupo_voto': 'Letters', 'grupo_final': 'Letters', 'comando': 'S', 'confianza_grupo': 0.9992954747075322, 'confianza_comando': 0.9456541519554533}
2026-10-02 13:13:44 [INFO]: {'ventana': 2, 'grupo_voto': 'Letters', 'grupo_final': 'Letters', 'comando': 'S', 'confianza_grupo': 0.9984429182070601, 'confianza_comando': 0.965399815508218}
2026-10-02 13:13:44 [INFO]: {'ventana': 3, 'grupo_voto': 'Letters', 'grupo_final': 'Letters', 'comando': 'S', 'confianza_grupo': 0.998183562965416, 'confianza_comando': 0.9689503324285021}
2026-10-02 13:13:44 [INFO]: {'ventana': 4, 'grupo_voto': 'Letters', 'grupo_final': 'Letters', 'comando': 'S', 'confianza_grupo': 0.9934508025238312, 'confianza_comando': 0.9688480944306467}
2026-10-02 13:13:44 [INFO]: Comando predicho S
2026-10-02 13:13:44 [INFO]: Grupo predicho Letters
2026-10-02 13:13:44 [INFO]: ----------------------------------------------------------------
2026-10-02 13:13:44 [INFO]: ------------------>cvs name D:/APP_BCI_PYQUE/captures/UserCMSM/Letters/UserCMSM_S_48.csv<----------------
2026-10-02 13:13:44 [INFO]: {'ventana': 1, 'grupo_voto': 'Letters', 'grupo_final': 'Letters', 'comando': 'S', 'confianza_grupo': 0.8420317644606626, 'confianza_comando': 0.9530592422502283}
2026-10-02 13:13:44 [INFO]: {'ventana': 2, 'grupo_voto': 'Letters', 'grupo_final': 'Letters', 'comando': 'S', 'confianza_grupo': 0.9077747584158539, 'confianza_comando': 0.9788298540968439}
2026-10-02 13:13:44 [INFO]: {'ventana': 3, 'grupo_voto': 'Letters', 'grupo_final': 'Letters', 'comando': 'S', 'confianza_grupo': 0.9847870677846962, 'confianza_comando': 0.9475167937558379}
2026-10-02 13:13:44 [INFO]: {'ventana': 4, 'grupo_voto': 'Letters', 'grupo_final': 'Letters', 'comando': 'S', 'confianza_grupo': 0.8937326002435153, 'confianza_comando': 0.9344823765628003}
2026-10-02 13:13:44 [INFO]: Comando predicho S
2026-10-02 13:13:44 [INFO]: Grupo predicho Letters
2026-10-02 13:13:44 [INFO]: ----------------------------------------------------------------
2026-10-02 13:13:45 [INFO]: ------------------>cvs name D:/APP_BCI_PYQUE/captures/UserCMSM/Letters/UserCMSM_S_49.csv<----------------
2026-10-02 13:13:45 [INFO]: {'ventana': 1, 'grupo_voto': 'Letters', 'grupo_final': 'Letters', 'comando': 'S', 'confianza_grupo': 0.9936159950673312, 'confianza_comando': 0.9311254746253886}
2026-10-02 13:13:45 [INFO]: {'ventana': 2, 'grupo_voto': 'Letters', 'grupo_final': 'Letters', 'comando': 'S', 'confianza_grupo': 0.9924379256053829, 'confianza_comando': 0.9556071834097531}
2026-10-02 13:13:45 [INFO]: {'ventana': 3, 'grupo_voto': 'Letters', 'grupo_final': 'Letters', 'comando': 'S', 'confianza_grupo': 0.98513504766516, 'confianza_comando': 0.9126067082914693}
2026-10-02 13:13:45 [INFO]: {'ventana': 4, 'grupo_voto': 'Letters', 'grupo_final': 'Letters', 'comando': 'S', 'confianza_grupo': 0.995565985727445, 'confianza_comando': 0.9264801855304168}
2026-10-02 13:13:45 [INFO]: Comando predicho S
2026-10-02 13:13:45 [INFO]: Grupo predicho Letters
2026-10-02 13:13:45 [INFO]: ----------------------------------------------------------------
2026-10-02 13:13:46 [INFO]: ------------------>cvs name D:/APP_BCI_PYQUE/captures/UserCMSM/Letters/UserCMSM_S_50.csv<----------------
2026-10-02 13:13:46 [INFO]: {'ventana': 1, 'grupo_voto': 'Letters', 'grupo_final': 'Letters', 'comando': 'S', 'confianza_grupo': 0.9858322524556251, 'confianza_comando': 0.9482750310795929}
2026-10-02 13:13:46 [INFO]: {'ventana': 2, 'grupo_voto': 'Letters', 'grupo_final': 'Letters', 'comando': 'S', 'confianza_grupo': 0.9842350718191707, 'confianza_comando': 0.7190281442233198}
2026-10-02 13:13:46 [INFO]: {'ventana': 3, 'grupo_voto': 'Letters', 'grupo_final': 'Letters', 'comando': 'S', 'confianza_grupo': 0.9881527882657913, 'confianza_comando': 0.9438564635688634}
2026-10-02 13:13:46 [INFO]: {'ventana': 4, 'grupo_voto': 'Letters', 'grupo_final': 'Letters', 'comando': 'S', 'confianza_grupo': 0.9966591297669755, 'confianza_comando': 0.9753574918189706}
2026-10-02 13:13:46 [INFO]: Comando predicho S
2026-10-02 13:13:46 [INFO]: Grupo predicho Letters
2026-10-02 13:13:46 [INFO]: ----------------------------------------------------------------
2026-10-02 13:13:46 [INFO]: ------------------>cvs name D:/APP_BCI_PYQUE/captures/UserCMSM/Letters/UserCMSM_S_51.csv<----------------
2026-10-02 13:13:46 [INFO]: {'ventana': 1, 'grupo_voto': 'Letters', 'grupo_final': 'Letters', 'comando': 'S', 'confianza_grupo': 0.9899590522518343, 'confianza_comando': 0.9281598094451808}
2026-10-02 13:13:46 [INFO]: {'ventana': 2, 'grupo_voto': 'Letters', 'grupo_final': 'Letters', 'comando': 'S', 'confianza_grupo': 0.9807396359290667, 'confianza_comando': 0.9580734916722051}
2026-10-02 13:13:46 [INFO]: {'ventana': 3, 'grupo_voto': 'Letters', 'grupo_final': 'Letters', 'comando': 'S', 'confianza_grupo': 0.9361610910329244, 'confianza_comando': 0.9680470673053332}
2026-10-02 13:13:46 [INFO]: {'ventana': 4, 'grupo_voto': 'Letters', 'grupo_final': 'Letters', 'comando': 'S', 'confianza_grupo': 0.9522093358056014, 'confianza_comando': 0.9353992395460319}
2026-10-02 13:13:46 [INFO]: Comando predicho S
2026-10-02 13:13:46 [INFO]: Grupo predicho Letters
2026-10-02 13:13:46 [INFO]: ----------------------------------------------------------------
2026-10-02 13:13:47 [INFO]: ------------------>cvs name D:/APP_BCI_PYQUE/captures/UserCMSM/Letters/UserCMSM_S_52.csv<----------------
2026-10-02 13:13:47 [INFO]: {'ventana': 1, 'grupo_voto': 'Letters', 'grupo_final': 'Letters', 'comando': 'S', 'confianza_grupo': 0.7833641933303501, 'confianza_comando': 0.953210886535346}
2026-10-02 13:13:47 [INFO]: {'ventana': 2, 'grupo_voto': 'Letters', 'grupo_final': 'Letters', 'comando': 'S', 'confianza_grupo': 0.948999487172716, 'confianza_comando': 0.9771025412321058}
2026-10-02 13:13:47 [INFO]: {'ventana': 3, 'grupo_voto': 'Letters', 'grupo_final': 'Letters', 'comando': 'S', 'confianza_grupo': 0.9514342326382101, 'confianza_comando': 0.9623675492193629}
2026-10-02 13:13:47 [INFO]: {'ventana': 4, 'grupo_voto': 'Letters', 'grupo_final': 'Letters', 'comando': 'S', 'confianza_grupo': 0.8560594533456584, 'confianza_comando': 0.8478921973172737}
2026-10-02 13:13:47 [INFO]: Comando predicho S
2026-10-02 13:13:47 [INFO]: Grupo predicho Letters
2026-10-02 13:13:47 [INFO]: ----------------------------------------------------------------
2026-10-02 13:13:48 [INFO]: ------------------>cvs name D:/APP_BCI_PYQUE/captures/UserCMSM/Letters/UserCMSM_S_53.csv<----------------
2026-10-02 13:13:48 [INFO]: {'ventana': 1, 'grupo_voto': 'Letters', 'grupo_final': 'Letters', 'comando': 'S', 'confianza_grupo': 0.9787813486420514, 'confianza_comando': 0.9715673748642399}
2026-10-02 13:13:48 [INFO]: {'ventana': 2, 'grupo_voto': 'Letters', 'grupo_final': 'Letters', 'comando': 'S', 'confianza_grupo': 0.9895835019698183, 'confianza_comando': 0.9618355831286335}
2026-10-02 13:13:48 [INFO]: {'ventana': 3, 'grupo_voto': 'Letters', 'grupo_final': 'Letters', 'comando': 'S', 'confianza_grupo': 0.9473286896227271, 'confianza_comando': 0.9944174040027198}
2026-10-02 13:13:48 [INFO]: {'ventana': 4, 'grupo_voto': 'Letters', 'grupo_final': 'Letters', 'comando': 'S', 'confianza_grupo': 0.9788496882865773, 'confianza_comando': 0.96309542619737}
2026-10-02 13:13:48 [INFO]: Comando predicho S
2026-10-02 13:13:48 [INFO]: Grupo predicho Letters
2026-10-02 13:13:48 [INFO]: ----------------------------------------------------------------
2026-10-02 13:13:48 [INFO]: ------------------>cvs name D:/APP_BCI_PYQUE/captures/UserCMSM/Letters/UserCMSM_S_54.csv<----------------
2026-10-02 13:13:48 [INFO]: {'ventana': 1, 'grupo_voto': 'Letters', 'grupo_final': 'Letters', 'comando': 'S', 'confianza_grupo': 0.991893457875299, 'confianza_comando': 0.6353348488935466}
2026-10-02 13:13:48 [INFO]: {'ventana': 2, 'grupo_voto': 'Letters', 'grupo_final': 'Letters', 'comando': 'S', 'confianza_grupo': 0.9917870121327661, 'confianza_comando': 0.9608110080018241}
2026-10-02 13:13:48 [INFO]: {'ventana': 3, 'grupo_voto': 'Letters', 'grupo_final': 'Letters', 'comando': 'S', 'confianza_grupo': 0.9839907091235799, 'confianza_comando': 0.6317120781276894}
2026-10-02 13:13:48 [INFO]: {'ventana': 4, 'grupo_voto': 'Letters', 'grupo_final': 'Letters', 'comando': 'L', 'confianza_grupo': 0.9787312708761148, 'confianza_comando': 0.4629052184612645}
2026-10-02 13:13:48 [INFO]: Comando predicho S
2026-10-02 13:13:48 [INFO]: Grupo predicho Letters
2026-10-02 13:13:48 [INFO]: ----------------------------------------------------------------
2026-10-02 13:13:49 [INFO]: ------------------>cvs name D:/APP_BCI_PYQUE/captures/UserCMSM/Letters/UserCMSM_S_55.csv<----------------
2026-10-02 13:13:49 [INFO]: {'ventana': 1, 'grupo_voto': 'Letters', 'grupo_final': 'Letters', 'comando': 'S', 'confianza_grupo': 0.9922162799782502, 'confianza_comando': 0.9663310342200285}
2026-10-02 13:13:49 [INFO]: {'ventana': 2, 'grupo_voto': 'Letters', 'grupo_final': 'Letters', 'comando': 'S', 'confianza_grupo': 0.9894205482141859, 'confianza_comando': 0.9482346531348129}
2026-10-02 13:13:49 [INFO]: {'ventana': 3, 'grupo_voto': 'Letters', 'grupo_final': 'Letters', 'comando': 'S', 'confianza_grupo': 0.9724227445045415, 'confianza_comando': 0.9624387063669959}
2026-10-02 13:13:49 [INFO]: {'ventana': 4, 'grupo_voto': 'Letters', 'grupo_final': 'Letters', 'comando': 'S', 'confianza_grupo': 0.9839168359899545, 'confianza_comando': 0.9598751102373466}
2026-10-02 13:13:49 [INFO]: Comando predicho S
2026-10-02 13:13:49 [INFO]: Grupo predicho Letters
2026-10-02 13:13:49 [INFO]: ----------------------------------------------------------------
2026-10-02 13:13:49 [INFO]: ------------------>cvs name D:/APP_BCI_PYQUE/captures/UserCMSM/Letters/UserCMSM_S_56.csv<----------------
2026-10-02 13:13:49 [INFO]: {'ventana': 1, 'grupo_voto': 'Letters', 'grupo_final': 'Letters', 'comando': 'S', 'confianza_grupo': 0.9814861694036088, 'confianza_comando': 0.9691838010264985}
2026-10-02 13:13:49 [INFO]: {'ventana': 2, 'grupo_voto': 'Letters', 'grupo_final': 'Letters', 'comando': 'S', 'confianza_grupo': 0.9903164814147828, 'confianza_comando': 0.9776299532049322}
2026-10-02 13:13:49 [INFO]: {'ventana': 3, 'grupo_voto': 'Letters', 'grupo_final': 'Letters', 'comando': 'S', 'confianza_grupo': 0.9851959179135084, 'confianza_comando': 0.9624351256565655}
2026-10-02 13:13:49 [INFO]: {'ventana': 4, 'grupo_voto': 'Letters', 'grupo_final': 'Letters', 'comando': 'S', 'confianza_grupo': 0.9800465226218721, 'confianza_comando': 0.9618932196329403}
2026-10-02 13:13:49 [INFO]: Comando predicho S
2026-10-02 13:13:49 [INFO]: Grupo predicho Letters
2026-10-02 13:13:49 [INFO]: ----------------------------------------------------------------
2026-10-02 13:13:50 [INFO]: ------------------>cvs name D:/APP_BCI_PYQUE/captures/UserCMSM/Letters/UserCMSM_S_57.csv<----------------
2026-10-02 13:13:50 [INFO]: {'ventana': 1, 'grupo_voto': 'Letters', 'grupo_final': 'Letters', 'comando': 'S', 'confianza_grupo': 0.9965234962089845, 'confianza_comando': 0.9758239214717048}
2026-10-02 13:13:50 [INFO]: {'ventana': 2, 'grupo_voto': 'Letters', 'grupo_final': 'Letters', 'comando': 'S', 'confianza_grupo': 0.9971080726739662, 'confianza_comando': 0.9795267760500987}
2026-10-02 13:13:50 [INFO]: {'ventana': 3, 'grupo_voto': 'Letters', 'grupo_final': 'Letters', 'comando': 'S', 'confianza_grupo': 0.996882763058625, 'confianza_comando': 0.7198646196078146}
2026-10-02 13:13:50 [INFO]: {'ventana': 4, 'grupo_voto': 'Letters', 'grupo_final': 'Letters', 'comando': 'S', 'confianza_grupo': 0.9810561460320801, 'confianza_comando': 0.9729335979531812}
2026-10-02 13:13:50 [INFO]: Comando predicho S
2026-10-02 13:13:50 [INFO]: Grupo predicho Letters
2026-10-02 13:13:50 [INFO]: ----------------------------------------------------------------
2026-10-02 13:13:51 [INFO]: ------------------>cvs name D:/APP_BCI_PYQUE/captures/UserCMSM/Letters/UserCMSM_S_58.csv<----------------
2026-10-02 13:13:51 [INFO]: {'ventana': 1, 'grupo_voto': 'Letters', 'grupo_final': 'Letters', 'comando': 'S', 'confianza_grupo': 0.9618075165144464, 'confianza_comando': 0.8727700765465782}
2026-10-02 13:13:51 [INFO]: {'ventana': 2, 'grupo_voto': 'Letters', 'grupo_final': 'Letters', 'comando': 'S', 'confianza_grupo': 0.8407305256234715, 'confianza_comando': 0.9556445284513474}
2026-10-02 13:13:51 [INFO]: {'ventana': 3, 'grupo_voto': 'Letters', 'grupo_final': 'Letters', 'comando': 'S', 'confianza_grupo': 0.9488830440049881, 'confianza_comando': 0.982904938336819}
2026-10-02 13:13:51 [INFO]: {'ventana': 4, 'grupo_voto': 'Letters', 'grupo_final': 'Letters', 'comando': 'S', 'confianza_grupo': 0.8333592361036396, 'confianza_comando': 0.9405887272661327}
2026-10-02 13:13:51 [INFO]: Comando predicho S
2026-10-02 13:13:51 [INFO]: Grupo predicho Letters
2026-10-02 13:13:51 [INFO]: ----------------------------------------------------------------
2026-10-02 13:13:51 [INFO]: ------------------>cvs name D:/APP_BCI_PYQUE/captures/UserCMSM/Letters/UserCMSM_S_59.csv<----------------
2026-10-02 13:13:51 [INFO]: {'ventana': 1, 'grupo_voto': 'Letters', 'grupo_final': 'Letters', 'comando': 'S', 'confianza_grupo': 0.7785987510886873, 'confianza_comando': 0.8947105084328167}
2026-10-02 13:13:51 [INFO]: {'ventana': 2, 'grupo_voto': 'Letters', 'grupo_final': 'Letters', 'comando': 'S', 'confianza_grupo': 0.926115050905837, 'confianza_comando': 0.9725734303723944}
2026-10-02 13:13:51 [INFO]: {'ventana': 3, 'grupo_voto': 'Letters', 'grupo_final': 'Letters', 'comando': 'S', 'confianza_grupo': 0.8863480411628099, 'confianza_comando': 0.9657285503964868}
2026-10-02 13:13:51 [INFO]: {'ventana': 4, 'grupo_voto': 'Letters', 'grupo_final': 'Letters', 'comando': 'S', 'confianza_grupo': 0.9718334459715147, 'confianza_comando': 0.9401841872171626}
2026-10-02 13:13:51 [INFO]: Comando predicho S
2026-10-02 13:13:51 [INFO]: Grupo predicho Letters
2026-10-02 13:13:51 [INFO]: ----------------------------------------------------------------
2026-10-02 13:13:51 [INFO]: Del Comando S Total Archivos 30
2026-10-02 13:13:51 [INFO]: Comando Reales Predichos, 27
2026-10-02 13:13:51 [INFO]: Grupo Real Predicho, 28
2026-10-02 13:13:51 [INFO]: =======================================================================================
2026-10-02 13:13:51 [INFO]: =======================================================================================
2026-10-02 13:13:52 [INFO]: ------------------>cvs name D:/APP_BCI_PYQUE/captures/UserCMSM/Letters/UserCMSM_R_30.csv<----------------
2026-10-02 13:13:52 [INFO]: {'ventana': 1, 'grupo_voto': 'Letters', 'grupo_final': 'Letters', 'comando': 'R', 'confianza_grupo': 0.9736827433663067, 'confianza_comando': 0.868526365247612}
2026-10-02 13:13:52 [INFO]: {'ventana': 2, 'grupo_voto': 'Letters', 'grupo_final': 'Letters', 'comando': 'R', 'confianza_grupo': 0.9802531926573328, 'confianza_comando': 0.9802113553602557}
2026-10-02 13:13:52 [INFO]: {'ventana': 3, 'grupo_voto': 'Letters', 'grupo_final': 'Letters', 'comando': 'R', 'confianza_grupo': 0.9370072407132146, 'confianza_comando': 0.9281287501334285}
2026-10-02 13:13:52 [INFO]: {'ventana': 4, 'grupo_voto': 'Letters', 'grupo_final': 'Letters', 'comando': 'R', 'confianza_grupo': 0.9651299268210709, 'confianza_comando': 0.43382368822890627}
2026-10-02 13:13:52 [INFO]: Comando predicho R
2026-10-02 13:13:52 [INFO]: Grupo predicho Letters
2026-10-02 13:13:52 [INFO]: ----------------------------------------------------------------
2026-10-02 13:13:52 [INFO]: ------------------>cvs name D:/APP_BCI_PYQUE/captures/UserCMSM/Letters/UserCMSM_R_31.csv<----------------
2026-10-02 13:13:52 [INFO]: {'ventana': 1, 'grupo_voto': 'Letters', 'grupo_final': 'Letters', 'comando': 'D', 'confianza_grupo': 0.9939289353660341, 'confianza_comando': 0.4137900288170182}
2026-10-02 13:13:52 [INFO]: {'ventana': 2, 'grupo_voto': 'Letters', 'grupo_final': 'Letters', 'comando': 'D', 'confianza_grupo': 0.9976519532804341, 'confianza_comando': 0.2957830821759725}
2026-10-02 13:13:52 [INFO]: Comando predicho D
2026-10-02 13:13:52 [INFO]: Grupo predicho Letters
2026-10-02 13:13:52 [INFO]: ----------------------------------------------------------------
2026-10-02 13:13:52 [INFO]: ------------------>cvs name D:/APP_BCI_PYQUE/captures/UserCMSM/Letters/UserCMSM_R_32.csv<----------------
2026-10-02 13:13:52 [INFO]: {'ventana': 1, 'grupo_voto': 'Letters', 'grupo_final': 'Letters', 'comando': 'P', 'confianza_grupo': 0.9915532790850579, 'confianza_comando': 0.11981764098005175}
2026-10-02 13:13:52 [INFO]: Comando predicho U
2026-10-02 13:13:52 [INFO]: Grupo predicho Letters
2026-10-02 13:13:52 [INFO]: ----------------------------------------------------------------
2026-10-02 13:13:52 [INFO]: ------------------>cvs name D:/APP_BCI_PYQUE/captures/UserCMSM/Letters/UserCMSM_R_33.csv<----------------
2026-10-02 13:13:52 [INFO]: {'ventana': 1, 'grupo_voto': 'Letters', 'grupo_final': 'Letters', 'comando': 'C', 'confianza_grupo': 0.9918162191467385, 'confianza_comando': 0.5667587936785499}
2026-10-02 13:13:52 [INFO]: Comando predicho C
2026-10-02 13:13:52 [INFO]: Grupo predicho Letters
2026-10-02 13:13:52 [INFO]: ----------------------------------------------------------------
2026-10-02 13:13:52 [INFO]: El archivo D:/APP_BCI_PYQUE/captures/UserCMSM/Letters/UserCMSM_R_34.csv no existe
2026-10-02 13:13:52 [INFO]: El archivo D:/APP_BCI_PYQUE/captures/UserCMSM/Letters/UserCMSM_R_35.csv no existe
2026-10-02 13:13:52 [INFO]: El archivo D:/APP_BCI_PYQUE/captures/UserCMSM/Letters/UserCMSM_R_36.csv no existe
2026-10-02 13:13:52 [INFO]: El archivo D:/APP_BCI_PYQUE/captures/UserCMSM/Letters/UserCMSM_R_37.csv no existe
2026-10-02 13:13:52 [INFO]: El archivo D:/APP_BCI_PYQUE/captures/UserCMSM/Letters/UserCMSM_R_38.csv no existe
2026-10-02 13:13:52 [INFO]: El archivo D:/APP_BCI_PYQUE/captures/UserCMSM/Letters/UserCMSM_R_39.csv no existe
2026-10-02 13:13:52 [INFO]: El archivo D:/APP_BCI_PYQUE/captures/UserCMSM/Letters/UserCMSM_R_40.csv no existe
2026-10-02 13:13:52 [INFO]: El archivo D:/APP_BCI_PYQUE/captures/UserCMSM/Letters/UserCMSM_R_41.csv no existe
2026-10-02 13:13:53 [INFO]: ------------------>cvs name D:/APP_BCI_PYQUE/captures/UserCMSM/Letters/UserCMSM_R_42.csv<----------------
2026-10-02 13:13:53 [INFO]: {'ventana': 1, 'grupo_voto': 'Letters', 'grupo_final': 'Numbers', 'comando': '6', 'confianza_grupo': 0.8122719386477257, 'confianza_comando': 0.3497646663487647}
2026-10-02 13:13:53 [INFO]: {'ventana': 2, 'grupo_voto': 'Numbers', 'grupo_final': 'Numbers', 'comando': '1', 'confianza_grupo': 0.7123962654999114, 'confianza_comando': 0.3145156642468674}
2026-10-02 13:13:53 [INFO]: {'ventana': 3, 'grupo_voto': 'Numbers', 'grupo_final': 'Numbers', 'comando': '1', 'confianza_grupo': 0.6941802422359736, 'confianza_comando': 0.6853623114584815}
2026-10-02 13:13:53 [INFO]: {'ventana': 4, 'grupo_voto': 'Numbers', 'grupo_final': 'Numbers', 'comando': '1', 'confianza_grupo': 0.9179821576225945, 'confianza_comando': 0.7128687445798362}
2026-10-02 13:13:53 [INFO]: Comando predicho 1
2026-10-02 13:13:53 [INFO]: Grupo predicho Numbers
2026-10-02 13:13:53 [INFO]: ----------------------------------------------------------------
2026-10-02 13:13:54 [INFO]: ------------------>cvs name D:/APP_BCI_PYQUE/captures/UserCMSM/Letters/UserCMSM_R_43.csv<----------------
2026-10-02 13:13:54 [INFO]: {'ventana': 1, 'grupo_voto': 'Letters', 'grupo_final': 'Letters', 'comando': 'R', 'confianza_grupo': 0.9628383399225675, 'confianza_comando': 0.9393117125263956}
2026-10-02 13:13:54 [INFO]: {'ventana': 2, 'grupo_voto': 'Letters', 'grupo_final': 'Letters', 'comando': 'R', 'confianza_grupo': 0.9574706484605274, 'confianza_comando': 0.9639488021720499}
2026-10-02 13:13:54 [INFO]: {'ventana': 3, 'grupo_voto': 'Letters', 'grupo_final': 'Letters', 'comando': 'R', 'confianza_grupo': 0.9265599668649189, 'confianza_comando': 0.939723784177157}
2026-10-02 13:13:54 [INFO]: {'ventana': 4, 'grupo_voto': 'Letters', 'grupo_final': 'Letters', 'comando': 'R', 'confianza_grupo': 0.9333824361194428, 'confianza_comando': 0.9684428599772158}
2026-10-02 13:13:54 [INFO]: Comando predicho R
2026-10-02 13:13:54 [INFO]: Grupo predicho Letters
2026-10-02 13:13:54 [INFO]: ----------------------------------------------------------------
2026-10-02 13:13:54 [INFO]: ------------------>cvs name D:/APP_BCI_PYQUE/captures/UserCMSM/Letters/UserCMSM_R_44.csv<----------------
2026-10-02 13:13:54 [INFO]: {'ventana': 1, 'grupo_voto': 'Numbers', 'grupo_final': 'Numbers', 'comando': '6', 'confianza_grupo': 0.6346198306979867, 'confianza_comando': 0.49038868028262034}
2026-10-02 13:13:54 [INFO]: {'ventana': 2, 'grupo_voto': 'Numbers', 'grupo_final': 'Numbers', 'comando': '6', 'confianza_grupo': 0.6500282776418689, 'confianza_comando': 0.3796643326244601}
2026-10-02 13:13:54 [INFO]: {'ventana': 3, 'grupo_voto': 'Numbers', 'grupo_final': 'Numbers', 'comando': '6', 'confianza_grupo': 0.6376937190558997, 'confianza_comando': 0.2806792362155821}
2026-10-02 13:13:54 [INFO]: {'ventana': 4, 'grupo_voto': 'Numbers', 'grupo_final': 'Numbers', 'comando': '6', 'confianza_grupo': 0.9171805514949636, 'confianza_comando': 0.11299401552145698}
2026-10-02 13:13:54 [INFO]: Comando predicho 6
2026-10-02 13:13:54 [INFO]: Grupo predicho Numbers
2026-10-02 13:13:54 [INFO]: ----------------------------------------------------------------
2026-10-02 13:13:55 [INFO]: ------------------>cvs name D:/APP_BCI_PYQUE/captures/UserCMSM/Letters/UserCMSM_R_45.csv<----------------
2026-10-02 13:13:55 [INFO]: {'ventana': 1, 'grupo_voto': 'Letters', 'grupo_final': 'Letters', 'comando': 'R', 'confianza_grupo': 0.9872458089447225, 'confianza_comando': 0.9770098154238128}
2026-10-02 13:13:55 [INFO]: {'ventana': 2, 'grupo_voto': 'Letters', 'grupo_final': 'Letters', 'comando': 'R', 'confianza_grupo': 0.9783633064518313, 'confianza_comando': 0.9824573341417189}
2026-10-02 13:13:55 [INFO]: {'ventana': 3, 'grupo_voto': 'Letters', 'grupo_final': 'Letters', 'comando': 'R', 'confianza_grupo': 0.9804782932048536, 'confianza_comando': 0.9343035269316701}
2026-10-02 13:13:55 [INFO]: {'ventana': 4, 'grupo_voto': 'Letters', 'grupo_final': 'Letters', 'comando': 'N', 'confianza_grupo': 0.9857696698179705, 'confianza_comando': 0.7797218658605388}
2026-10-02 13:13:55 [INFO]: Comando predicho R
2026-10-02 13:13:55 [INFO]: Grupo predicho Letters
2026-10-02 13:13:55 [INFO]: ----------------------------------------------------------------
2026-10-02 13:13:55 [INFO]: ------------------>cvs name D:/APP_BCI_PYQUE/captures/UserCMSM/Letters/UserCMSM_R_46.csv<----------------
2026-10-02 13:13:55 [INFO]: {'ventana': 1, 'grupo_voto': 'Numbers', 'grupo_final': 'Numbers', 'comando': '9', 'confianza_grupo': 0.8266744428565151, 'confianza_comando': 0.9614066043269908}
2026-10-02 13:13:55 [INFO]: {'ventana': 2, 'grupo_voto': 'Letters', 'grupo_final': 'Numbers', 'comando': '9', 'confianza_grupo': 0.5956847024046826, 'confianza_comando': 0.9726082108268863}
2026-10-02 13:13:55 [INFO]: {'ventana': 3, 'grupo_voto': 'Numbers', 'grupo_final': 'Numbers', 'comando': '9', 'confianza_grupo': 0.5080079336899441, 'confianza_comando': 0.542310815105039}
2026-10-02 13:13:55 [INFO]: {'ventana': 4, 'grupo_voto': 'Letters', 'grupo_final': 'Numbers', 'comando': '9', 'confianza_grupo': 0.6827072003062248, 'confianza_comando': 0.6159741335893574}
2026-10-02 13:13:55 [INFO]: Comando predicho 9
2026-10-02 13:13:55 [INFO]: Grupo predicho Numbers
2026-10-02 13:13:55 [INFO]: ----------------------------------------------------------------
2026-10-02 13:13:56 [INFO]: ------------------>cvs name D:/APP_BCI_PYQUE/captures/UserCMSM/Letters/UserCMSM_R_47.csv<----------------
2026-10-02 13:13:56 [INFO]: {'ventana': 1, 'grupo_voto': 'Letters', 'grupo_final': 'Letters', 'comando': 'R', 'confianza_grupo': 0.972408642587146, 'confianza_comando': 0.9812937216233819}
2026-10-02 13:13:56 [INFO]: {'ventana': 2, 'grupo_voto': 'Letters', 'grupo_final': 'Letters', 'comando': 'R', 'confianza_grupo': 0.965014681091152, 'confianza_comando': 0.9722294717361297}
2026-10-02 13:13:56 [INFO]: {'ventana': 3, 'grupo_voto': 'Letters', 'grupo_final': 'Letters', 'comando': 'R', 'confianza_grupo': 0.9808037582011356, 'confianza_comando': 0.7654364686065348}
2026-10-02 13:13:56 [INFO]: {'ventana': 4, 'grupo_voto': 'Letters', 'grupo_final': 'Letters', 'comando': 'R', 'confianza_grupo': 0.9514204690830632, 'confianza_comando': 0.8580575159018337}
2026-10-02 13:13:56 [INFO]: Comando predicho R
2026-10-02 13:13:56 [INFO]: Grupo predicho Letters
2026-10-02 13:13:56 [INFO]: ----------------------------------------------------------------
2026-10-02 13:13:57 [INFO]: ------------------>cvs name D:/APP_BCI_PYQUE/captures/UserCMSM/Letters/UserCMSM_R_48.csv<----------------
2026-10-02 13:13:57 [INFO]: {'ventana': 1, 'grupo_voto': 'Letters', 'grupo_final': 'Letters', 'comando': 'R', 'confianza_grupo': 0.9729438531438739, 'confianza_comando': 0.9592330082653662}
2026-10-02 13:13:57 [INFO]: {'ventana': 2, 'grupo_voto': 'Letters', 'grupo_final': 'Letters', 'comando': 'R', 'confianza_grupo': 0.964208639215657, 'confianza_comando': 0.9782361000155333}
2026-10-02 13:13:57 [INFO]: {'ventana': 3, 'grupo_voto': 'Letters', 'grupo_final': 'Letters', 'comando': 'R', 'confianza_grupo': 0.9899563663268406, 'confianza_comando': 0.9567576909819419}
2026-10-02 13:13:57 [INFO]: {'ventana': 4, 'grupo_voto': 'Letters', 'grupo_final': 'Letters', 'comando': 'R', 'confianza_grupo': 0.9872069389376842, 'confianza_comando': 0.7898302058195544}
2026-10-02 13:13:57 [INFO]: Comando predicho R
2026-10-02 13:13:57 [INFO]: Grupo predicho Letters
2026-10-02 13:13:57 [INFO]: ----------------------------------------------------------------
2026-10-02 13:13:57 [INFO]: ------------------>cvs name D:/APP_BCI_PYQUE/captures/UserCMSM/Letters/UserCMSM_R_49.csv<----------------
2026-10-02 13:13:57 [INFO]: {'ventana': 1, 'grupo_voto': 'Letters', 'grupo_final': 'Letters', 'comando': 'R', 'confianza_grupo': 0.8422409928573468, 'confianza_comando': 0.838113533447185}
2026-10-02 13:13:57 [INFO]: {'ventana': 2, 'grupo_voto': 'Letters', 'grupo_final': 'Letters', 'comando': 'R', 'confianza_grupo': 0.8692695107686913, 'confianza_comando': 0.9738396165604718}
2026-10-02 13:13:57 [INFO]: {'ventana': 3, 'grupo_voto': 'Letters', 'grupo_final': 'Letters', 'comando': 'R', 'confianza_grupo': 0.9622413642073104, 'confianza_comando': 0.8520142288843916}
2026-10-02 13:13:57 [INFO]: {'ventana': 4, 'grupo_voto': 'Letters', 'grupo_final': 'Letters', 'comando': 'R', 'confianza_grupo': 0.8623700252901983, 'confianza_comando': 0.9598412885247739}
2026-10-02 13:13:57 [INFO]: Comando predicho R
2026-10-02 13:13:57 [INFO]: Grupo predicho Letters
2026-10-02 13:13:57 [INFO]: ----------------------------------------------------------------
2026-10-02 13:13:58 [INFO]: ------------------>cvs name D:/APP_BCI_PYQUE/captures/UserCMSM/Letters/UserCMSM_R_50.csv<----------------
2026-10-02 13:13:58 [INFO]: {'ventana': 1, 'grupo_voto': 'Letters', 'grupo_final': 'Letters', 'comando': 'R', 'confianza_grupo': 0.5745188786022593, 'confianza_comando': 0.9298608090037328}
2026-10-02 13:13:58 [INFO]: {'ventana': 2, 'grupo_voto': 'Letters', 'grupo_final': 'Letters', 'comando': 'R', 'confianza_grupo': 0.7289154157350825, 'confianza_comando': 0.9763085911907521}
2026-10-02 13:13:58 [INFO]: {'ventana': 3, 'grupo_voto': 'Letters', 'grupo_final': 'Letters', 'comando': 'R', 'confianza_grupo': 0.6717909387186365, 'confianza_comando': 0.9816213123555821}
2026-10-02 13:13:58 [INFO]: {'ventana': 4, 'grupo_voto': 'Letters', 'grupo_final': 'Letters', 'comando': 'L', 'confianza_grupo': 0.8639650689980266, 'confianza_comando': 0.4291808140069821}
2026-10-02 13:13:58 [INFO]: Comando predicho R
2026-10-02 13:13:58 [INFO]: Grupo predicho Letters
2026-10-02 13:13:58 [INFO]: ----------------------------------------------------------------
2026-10-02 13:13:58 [INFO]: ------------------>cvs name D:/APP_BCI_PYQUE/captures/UserCMSM/Letters/UserCMSM_R_51.csv<----------------
2026-10-02 13:13:58 [INFO]: {'ventana': 1, 'grupo_voto': 'Letters', 'grupo_final': 'Letters', 'comando': 'L', 'confianza_grupo': 0.6639552021880392, 'confianza_comando': 0.31419902548898604}
2026-10-02 13:13:58 [INFO]: {'ventana': 2, 'grupo_voto': 'Letters', 'grupo_final': 'Letters', 'comando': 'R', 'confianza_grupo': 0.8008289361726416, 'confianza_comando': 0.6602050567451966}
2026-10-02 13:13:58 [INFO]: {'ventana': 3, 'grupo_voto': 'Letters', 'grupo_final': 'Letters', 'comando': 'R', 'confianza_grupo': 0.669020162307688, 'confianza_comando': 0.9876345276160271}
2026-10-02 13:13:58 [INFO]: {'ventana': 4, 'grupo_voto': 'Letters', 'grupo_final': 'Letters', 'comando': 'R', 'confianza_grupo': 0.6524997177796177, 'confianza_comando': 0.9539022812292645}
2026-10-02 13:13:58 [INFO]: Comando predicho R
2026-10-02 13:13:58 [INFO]: Grupo predicho Letters
2026-10-02 13:13:58 [INFO]: ----------------------------------------------------------------
2026-10-02 13:13:59 [INFO]: ------------------>cvs name D:/APP_BCI_PYQUE/captures/UserCMSM/Letters/UserCMSM_R_52.csv<----------------
2026-10-02 13:13:59 [INFO]: {'ventana': 1, 'grupo_voto': 'Letters', 'grupo_final': 'Letters', 'comando': 'R', 'confianza_grupo': 0.9823749230013934, 'confianza_comando': 0.979122757746101}
2026-10-02 13:13:59 [INFO]: {'ventana': 2, 'grupo_voto': 'Letters', 'grupo_final': 'Letters', 'comando': 'R', 'confianza_grupo': 0.9746593961448465, 'confianza_comando': 0.951263691551464}
2026-10-02 13:13:59 [INFO]: {'ventana': 3, 'grupo_voto': 'Letters', 'grupo_final': 'Letters', 'comando': 'R', 'confianza_grupo': 0.9897940674936175, 'confianza_comando': 0.9775215192850559}
2026-10-02 13:13:59 [INFO]: {'ventana': 4, 'grupo_voto': 'Letters', 'grupo_final': 'Letters', 'comando': 'R', 'confianza_grupo': 0.9862593885845968, 'confianza_comando': 0.9691701391978351}
2026-10-02 13:13:59 [INFO]: Comando predicho R
2026-10-02 13:13:59 [INFO]: Grupo predicho Letters
2026-10-02 13:13:59 [INFO]: ----------------------------------------------------------------
2026-10-02 13:13:59 [INFO]: ------------------>cvs name D:/APP_BCI_PYQUE/captures/UserCMSM/Letters/UserCMSM_R_53.csv<----------------
2026-10-02 13:13:59 [INFO]: {'ventana': 1, 'grupo_voto': 'Letters', 'grupo_final': 'Letters', 'comando': 'R', 'confianza_grupo': 0.9423250159268662, 'confianza_comando': 0.9674248395976625}
2026-10-02 13:13:59 [INFO]: {'ventana': 2, 'grupo_voto': 'Letters', 'grupo_final': 'Letters', 'comando': 'R', 'confianza_grupo': 0.9192973952266873, 'confianza_comando': 0.9542989031526485}
2026-10-02 13:13:59 [INFO]: {'ventana': 3, 'grupo_voto': 'Letters', 'grupo_final': 'Letters', 'comando': 'R', 'confianza_grupo': 0.9540286321707042, 'confianza_comando': 0.9628822453864755}
2026-10-02 13:13:59 [INFO]: {'ventana': 4, 'grupo_voto': 'Letters', 'grupo_final': 'Letters', 'comando': 'R', 'confianza_grupo': 0.9346397907550568, 'confianza_comando': 0.9764662881832789}
2026-10-02 13:13:59 [INFO]: Comando predicho R
2026-10-02 13:13:59 [INFO]: Grupo predicho Letters
2026-10-02 13:13:59 [INFO]: ----------------------------------------------------------------
2026-10-02 13:14:00 [INFO]: ------------------>cvs name D:/APP_BCI_PYQUE/captures/UserCMSM/Letters/UserCMSM_R_54.csv<----------------
2026-10-02 13:14:00 [INFO]: {'ventana': 1, 'grupo_voto': 'Letters', 'grupo_final': 'Letters', 'comando': 'R', 'confianza_grupo': 0.985358143199304, 'confianza_comando': 0.9602523696396363}
2026-10-02 13:14:00 [INFO]: {'ventana': 2, 'grupo_voto': 'Letters', 'grupo_final': 'Letters', 'comando': 'R', 'confianza_grupo': 0.9836791150698135, 'confianza_comando': 0.9503028135578045}
2026-10-02 13:14:00 [INFO]: {'ventana': 3, 'grupo_voto': 'Letters', 'grupo_final': 'Letters', 'comando': 'R', 'confianza_grupo': 0.9866130855879277, 'confianza_comando': 0.9700445820339735}
2026-10-02 13:14:00 [INFO]: {'ventana': 4, 'grupo_voto': 'Letters', 'grupo_final': 'Letters', 'comando': 'R', 'confianza_grupo': 0.9867219380132568, 'confianza_comando': 0.9802517733023827}
2026-10-02 13:14:00 [INFO]: Comando predicho R
2026-10-02 13:14:00 [INFO]: Grupo predicho Letters
2026-10-02 13:14:00 [INFO]: ----------------------------------------------------------------
2026-10-02 13:14:01 [INFO]: ------------------>cvs name D:/APP_BCI_PYQUE/captures/UserCMSM/Letters/UserCMSM_R_55.csv<----------------
2026-10-02 13:14:01 [INFO]: {'ventana': 1, 'grupo_voto': 'Letters', 'grupo_final': 'Letters', 'comando': 'R', 'confianza_grupo': 0.7612843117441948, 'confianza_comando': 0.9758831485786702}
2026-10-02 13:14:01 [INFO]: {'ventana': 2, 'grupo_voto': 'Letters', 'grupo_final': 'Letters', 'comando': 'R', 'confianza_grupo': 0.6695646519582641, 'confianza_comando': 0.9752760556193747}
2026-10-02 13:14:01 [INFO]: {'ventana': 3, 'grupo_voto': 'Letters', 'grupo_final': 'Letters', 'comando': 'R', 'confianza_grupo': 0.7007065493386778, 'confianza_comando': 0.970726035953596}
2026-10-02 13:14:01 [INFO]: {'ventana': 4, 'grupo_voto': 'Letters', 'grupo_final': 'Letters', 'comando': 'R', 'confianza_grupo': 0.7929936807965662, 'confianza_comando': 0.9697394390914983}
2026-10-02 13:14:01 [INFO]: Comando predicho R
2026-10-02 13:14:01 [INFO]: Grupo predicho Letters
2026-10-02 13:14:01 [INFO]: ----------------------------------------------------------------
2026-10-02 13:14:01 [INFO]: ------------------>cvs name D:/APP_BCI_PYQUE/captures/UserCMSM/Letters/UserCMSM_R_56.csv<----------------
2026-10-02 13:14:01 [INFO]: {'ventana': 1, 'grupo_voto': 'Letters', 'grupo_final': 'Letters', 'comando': 'R', 'confianza_grupo': 0.7058154097110456, 'confianza_comando': 0.9689091985888152}
2026-10-02 13:14:01 [INFO]: {'ventana': 2, 'grupo_voto': 'Letters', 'grupo_final': 'Letters', 'comando': 'R', 'confianza_grupo': 0.8014175392600101, 'confianza_comando': 0.9866596026015679}
2026-10-02 13:14:01 [INFO]: {'ventana': 3, 'grupo_voto': 'Letters', 'grupo_final': 'Letters', 'comando': 'R', 'confianza_grupo': 0.9472298302203471, 'confianza_comando': 0.9743743165872364}
2026-10-02 13:14:01 [INFO]: {'ventana': 4, 'grupo_voto': 'Letters', 'grupo_final': 'Letters', 'comando': 'R', 'confianza_grupo': 0.9151261825861914, 'confianza_comando': 0.9683144717210042}
2026-10-02 13:14:01 [INFO]: Comando predicho R
2026-10-02 13:14:01 [INFO]: Grupo predicho Letters
2026-10-02 13:14:01 [INFO]: ----------------------------------------------------------------
2026-10-02 13:14:02 [INFO]: ------------------>cvs name D:/APP_BCI_PYQUE/captures/UserCMSM/Letters/UserCMSM_R_57.csv<----------------
2026-10-02 13:14:02 [INFO]: {'ventana': 1, 'grupo_voto': 'Letters', 'grupo_final': 'Letters', 'comando': 'R', 'confianza_grupo': 0.977329282170308, 'confianza_comando': 0.9150495482924155}
2026-10-02 13:14:02 [INFO]: {'ventana': 2, 'grupo_voto': 'Letters', 'grupo_final': 'Letters', 'comando': 'R', 'confianza_grupo': 0.992060842162511, 'confianza_comando': 0.9543372957812462}
2026-10-02 13:14:02 [INFO]: {'ventana': 3, 'grupo_voto': 'Letters', 'grupo_final': 'Letters', 'comando': 'R', 'confianza_grupo': 0.9872467190873073, 'confianza_comando': 0.971728688914615}
2026-10-02 13:14:02 [INFO]: {'ventana': 4, 'grupo_voto': 'Letters', 'grupo_final': 'Letters', 'comando': 'R', 'confianza_grupo': 0.9898862039740273, 'confianza_comando': 0.9695053114136711}
2026-10-02 13:14:02 [INFO]: Comando predicho R
2026-10-02 13:14:02 [INFO]: Grupo predicho Letters
2026-10-02 13:14:02 [INFO]: ----------------------------------------------------------------
2026-10-02 13:14:02 [INFO]: ------------------>cvs name D:/APP_BCI_PYQUE/captures/UserCMSM/Letters/UserCMSM_R_58.csv<----------------
2026-10-02 13:14:02 [INFO]: {'ventana': 1, 'grupo_voto': 'Letters', 'grupo_final': 'Letters', 'comando': 'R', 'confianza_grupo': 0.5351219569437689, 'confianza_comando': 0.948223393295571}
2026-10-02 13:14:02 [INFO]: {'ventana': 2, 'grupo_voto': 'Letters', 'grupo_final': 'Letters', 'comando': 'R', 'confianza_grupo': 0.6741038293499624, 'confianza_comando': 0.9775565153647539}
2026-10-02 13:14:02 [INFO]: {'ventana': 3, 'grupo_voto': 'Letters', 'grupo_final': 'Letters', 'comando': 'R', 'confianza_grupo': 0.6509180149550975, 'confianza_comando': 0.9888369846977535}
2026-10-02 13:14:02 [INFO]: {'ventana': 4, 'grupo_voto': 'Letters', 'grupo_final': 'Letters', 'comando': 'R', 'confianza_grupo': 0.7167512306778054, 'confianza_comando': 0.9339337223936625}
2026-10-02 13:14:02 [INFO]: Comando predicho R
2026-10-02 13:14:02 [INFO]: Grupo predicho Letters
2026-10-02 13:14:02 [INFO]: ----------------------------------------------------------------
2026-10-02 13:14:03 [INFO]: ------------------>cvs name D:/APP_BCI_PYQUE/captures/UserCMSM/Letters/UserCMSM_R_59.csv<----------------
2026-10-02 13:14:03 [INFO]: {'ventana': 1, 'grupo_voto': 'Letters', 'grupo_final': 'Letters', 'comando': 'R', 'confianza_grupo': 0.9489032998404501, 'confianza_comando': 0.7914300335419686}
2026-10-02 13:14:03 [INFO]: {'ventana': 2, 'grupo_voto': 'Letters', 'grupo_final': 'Letters', 'comando': 'S', 'confianza_grupo': 0.9788134130246052, 'confianza_comando': 0.39122574663438686}
2026-10-02 13:14:03 [INFO]: {'ventana': 3, 'grupo_voto': 'Letters', 'grupo_final': 'Letters', 'comando': 'S', 'confianza_grupo': 0.9920411290242284, 'confianza_comando': 0.8232920573938275}
2026-10-02 13:14:03 [INFO]: {'ventana': 4, 'grupo_voto': 'Letters', 'grupo_final': 'Letters', 'comando': 'R', 'confianza_grupo': 0.9677667222244037, 'confianza_comando': 0.9653822328738552}
2026-10-02 13:14:03 [INFO]: Comando predicho R
2026-10-02 13:14:03 [INFO]: Grupo predicho Letters
2026-10-02 13:14:03 [INFO]: ----------------------------------------------------------------
2026-10-02 13:14:03 [INFO]: Del Comando R Total Archivos 22
2026-10-02 13:14:03 [INFO]: Comando Reales Predichos, 16
2026-10-02 13:14:03 [INFO]: Grupo Real Predicho, 19
2026-10-02 13:14:03 [INFO]: =======================================================================================
2026-10-02 13:14:03 [INFO]: =======================================================================================
2026-10-02 13:14:03 [INFO]: ------------------>cvs name D:/APP_BCI_PYQUE/captures/UserCMSM/Letters/UserCMSM_L_30.csv<----------------
2026-10-02 13:14:03 [INFO]: {'ventana': 1, 'grupo_voto': 'Letters', 'grupo_final': 'Letters', 'comando': 'L', 'confianza_grupo': 0.9826531386478832, 'confianza_comando': 0.945150983905998}
2026-10-02 13:14:03 [INFO]: {'ventana': 2, 'grupo_voto': 'Letters', 'grupo_final': 'Letters', 'comando': 'L', 'confianza_grupo': 0.9671824459504424, 'confianza_comando': 0.9858355401880977}
2026-10-02 13:14:03 [INFO]: {'ventana': 3, 'grupo_voto': 'Letters', 'grupo_final': 'Letters', 'comando': 'L', 'confianza_grupo': 0.8475564380074859, 'confianza_comando': 0.9564467264474887}
2026-10-02 13:14:03 [INFO]: {'ventana': 4, 'grupo_voto': 'Letters', 'grupo_final': 'Letters', 'comando': 'L', 'confianza_grupo': 0.8671930805769794, 'confianza_comando': 0.9527101930914421}
2026-10-02 13:14:03 [INFO]: Comando predicho L
2026-10-02 13:14:03 [INFO]: Grupo predicho Letters
2026-10-02 13:14:03 [INFO]: ----------------------------------------------------------------
2026-10-02 13:14:04 [INFO]: ------------------>cvs name D:/APP_BCI_PYQUE/captures/UserCMSM/Letters/UserCMSM_L_31.csv<----------------
2026-10-02 13:14:04 [INFO]: {'ventana': 1, 'grupo_voto': 'Numbers', 'grupo_final': 'Numbers', 'comando': '6', 'confianza_grupo': 0.588581367305548, 'confianza_comando': 0.3409778758759168}
2026-10-02 13:14:04 [INFO]: {'ventana': 2, 'grupo_voto': 'Numbers', 'grupo_final': 'Numbers', 'comando': '0', 'confianza_grupo': 0.6261427065509958, 'confianza_comando': 0.48701476586758874}
2026-10-02 13:14:04 [INFO]: {'ventana': 3, 'grupo_voto': 'Numbers', 'grupo_final': 'Numbers', 'comando': '0', 'confianza_grupo': 0.6933330506200316, 'confianza_comando': 0.44493600220113516}
2026-10-02 13:14:04 [INFO]: {'ventana': 4, 'grupo_voto': 'Numbers', 'grupo_final': 'Numbers', 'comando': '5', 'confianza_grupo': 0.9459238939566548, 'confianza_comando': 0.43602637679006945}
2026-10-02 13:14:04 [INFO]: Comando predicho 0
2026-10-02 13:14:04 [INFO]: Grupo predicho Numbers
2026-10-02 13:14:04 [INFO]: ----------------------------------------------------------------
2026-10-02 13:14:04 [INFO]: ------------------>cvs name D:/APP_BCI_PYQUE/captures/UserCMSM/Letters/UserCMSM_L_32.csv<----------------
2026-10-02 13:14:04 [INFO]: {'ventana': 1, 'grupo_voto': 'Letters', 'grupo_final': 'Letters', 'comando': 'L', 'confianza_grupo': 0.8887496265460975, 'confianza_comando': 0.940791108364935}
2026-10-02 13:14:04 [INFO]: {'ventana': 2, 'grupo_voto': 'Letters', 'grupo_final': 'Letters', 'comando': 'L', 'confianza_grupo': 0.7269206241926378, 'confianza_comando': 0.9753783720229696}
2026-10-02 13:14:04 [INFO]: {'ventana': 3, 'grupo_voto': 'Letters', 'grupo_final': 'Letters', 'comando': 'L', 'confianza_grupo': 0.8506352803607518, 'confianza_comando': 0.9138059729049943}
2026-10-02 13:14:04 [INFO]: {'ventana': 4, 'grupo_voto': 'Numbers', 'grupo_final': 'Letters', 'comando': 'L', 'confianza_grupo': 0.563758948150779, 'confianza_comando': 0.9361047880248712}
2026-10-02 13:14:04 [INFO]: Comando predicho L
2026-10-02 13:14:04 [INFO]: Grupo predicho Letters
2026-10-02 13:14:04 [INFO]: ----------------------------------------------------------------
2026-10-02 13:14:05 [INFO]: ------------------>cvs name D:/APP_BCI_PYQUE/captures/UserCMSM/Letters/UserCMSM_L_33.csv<----------------
2026-10-02 13:14:05 [INFO]: {'ventana': 1, 'grupo_voto': 'Numbers', 'grupo_final': 'Numbers', 'comando': '4', 'confianza_grupo': 0.6749506148232796, 'confianza_comando': 0.9043910571306665}
2026-10-02 13:14:05 [INFO]: {'ventana': 2, 'grupo_voto': 'Letters', 'grupo_final': 'Numbers', 'comando': '4', 'confianza_grupo': 0.7224290240769545, 'confianza_comando': 0.8942565531491788}
2026-10-02 13:14:05 [INFO]: {'ventana': 3, 'grupo_voto': 'Numbers', 'grupo_final': 'Numbers', 'comando': '4', 'confianza_grupo': 0.5251562217910114, 'confianza_comando': 0.9324874119020277}
2026-10-02 13:14:05 [INFO]: {'ventana': 4, 'grupo_voto': 'Numbers', 'grupo_final': 'Numbers', 'comando': '4', 'confianza_grupo': 0.6325923215572735, 'confianza_comando': 0.5902297950751616}
2026-10-02 13:14:05 [INFO]: Comando predicho 4
2026-10-02 13:14:05 [INFO]: Grupo predicho Numbers
2026-10-02 13:14:05 [INFO]: ----------------------------------------------------------------
2026-10-02 13:14:06 [INFO]: ------------------>cvs name D:/APP_BCI_PYQUE/captures/UserCMSM/Letters/UserCMSM_L_34.csv<----------------
2026-10-02 13:14:06 [INFO]: {'ventana': 1, 'grupo_voto': 'Letters', 'grupo_final': 'Letters', 'comando': 'L', 'confianza_grupo': 0.5304185245318422, 'confianza_comando': 0.9627074105937602}
2026-10-02 13:14:06 [INFO]: {'ventana': 2, 'grupo_voto': 'Letters', 'grupo_final': 'Letters', 'comando': 'L', 'confianza_grupo': 0.9641074224654483, 'confianza_comando': 0.7616437521470564}
2026-10-02 13:14:06 [INFO]: {'ventana': 3, 'grupo_voto': 'Letters', 'grupo_final': 'Letters', 'comando': 'L', 'confianza_grupo': 0.9451840865198332, 'confianza_comando': 0.6955174576212771}
2026-10-02 13:14:06 [INFO]: {'ventana': 4, 'grupo_voto': 'Letters', 'grupo_final': 'Letters', 'comando': 'L', 'confianza_grupo': 0.824093557057609, 'confianza_comando': 0.9461341215216394}
2026-10-02 13:14:06 [INFO]: Comando predicho L
2026-10-02 13:14:06 [INFO]: Grupo predicho Letters
2026-10-02 13:14:06 [INFO]: ----------------------------------------------------------------
2026-10-02 13:14:06 [INFO]: ------------------>cvs name D:/APP_BCI_PYQUE/captures/UserCMSM/Letters/UserCMSM_L_35.csv<----------------
2026-10-02 13:14:06 [INFO]: {'ventana': 1, 'grupo_voto': 'Letters', 'grupo_final': 'Letters', 'comando': 'L', 'confianza_grupo': 0.9807019065597883, 'confianza_comando': 0.9650908762272301}
2026-10-02 13:14:06 [INFO]: {'ventana': 2, 'grupo_voto': 'Letters', 'grupo_final': 'Letters', 'comando': 'L', 'confianza_grupo': 0.9863657666376031, 'confianza_comando': 0.9580820576212458}
2026-10-02 13:14:06 [INFO]: {'ventana': 3, 'grupo_voto': 'Letters', 'grupo_final': 'Letters', 'comando': 'L', 'confianza_grupo': 0.9862464194616498, 'confianza_comando': 0.9573474917103099}
2026-10-02 13:14:06 [INFO]: {'ventana': 4, 'grupo_voto': 'Letters', 'grupo_final': 'Letters', 'comando': 'L', 'confianza_grupo': 0.9555038518810267, 'confianza_comando': 0.9171802628438076}
2026-10-02 13:14:06 [INFO]: Comando predicho L
2026-10-02 13:14:06 [INFO]: Grupo predicho Letters
2026-10-02 13:14:06 [INFO]: ----------------------------------------------------------------
2026-10-02 13:14:07 [INFO]: ------------------>cvs name D:/APP_BCI_PYQUE/captures/UserCMSM/Letters/UserCMSM_L_36.csv<----------------
2026-10-02 13:14:07 [INFO]: {'ventana': 1, 'grupo_voto': 'Letters', 'grupo_final': 'Letters', 'comando': 'L', 'confianza_grupo': 0.8664758443825362, 'confianza_comando': 0.7503862501064866}
2026-10-02 13:14:07 [INFO]: {'ventana': 2, 'grupo_voto': 'Letters', 'grupo_final': 'Letters', 'comando': 'L', 'confianza_grupo': 0.8670421669452698, 'confianza_comando': 0.9187159861529627}
2026-10-02 13:14:07 [INFO]: {'ventana': 3, 'grupo_voto': 'Letters', 'grupo_final': 'Letters', 'comando': 'L', 'confianza_grupo': 0.8139375250181178, 'confianza_comando': 0.9399809532101351}
2026-10-02 13:14:07 [INFO]: {'ventana': 4, 'grupo_voto': 'Letters', 'grupo_final': 'Letters', 'comando': 'L', 'confianza_grupo': 0.9557027960002817, 'confianza_comando': 0.9461729771944649}
2026-10-02 13:14:07 [INFO]: Comando predicho L
2026-10-02 13:14:07 [INFO]: Grupo predicho Letters
2026-10-02 13:14:07 [INFO]: ----------------------------------------------------------------
2026-10-02 13:14:07 [INFO]: ------------------>cvs name D:/APP_BCI_PYQUE/captures/UserCMSM/Letters/UserCMSM_L_37.csv<----------------
2026-10-02 13:14:07 [INFO]: {'ventana': 1, 'grupo_voto': 'Letters', 'grupo_final': 'Letters', 'comando': 'S', 'confianza_grupo': 0.9986294605659988, 'confianza_comando': 0.7998834943475458}
2026-10-02 13:14:07 [INFO]: {'ventana': 2, 'grupo_voto': 'Letters', 'grupo_final': 'Letters', 'comando': 'S', 'confianza_grupo': 0.9979895564595805, 'confianza_comando': 0.6996364482630988}
2026-10-02 13:14:07 [INFO]: {'ventana': 3, 'grupo_voto': 'Letters', 'grupo_final': 'Letters', 'comando': 'O', 'confianza_grupo': 0.9981739072787809, 'confianza_comando': 0.4330008642817113}
2026-10-02 13:14:07 [INFO]: {'ventana': 4, 'grupo_voto': 'Letters', 'grupo_final': 'Letters', 'comando': 'S', 'confianza_grupo': 0.9945189609463457, 'confianza_comando': 0.6653196331032971}
2026-10-02 13:14:07 [INFO]: Comando predicho S
2026-10-02 13:14:07 [INFO]: Grupo predicho Letters
2026-10-02 13:14:07 [INFO]: ----------------------------------------------------------------
2026-10-02 13:14:08 [INFO]: ------------------>cvs name D:/APP_BCI_PYQUE/captures/UserCMSM/Letters/UserCMSM_L_38.csv<----------------
2026-10-02 13:14:08 [INFO]: {'ventana': 1, 'grupo_voto': 'Letters', 'grupo_final': 'Letters', 'comando': 'L', 'confianza_grupo': 0.9854422075849156, 'confianza_comando': 0.9351380840335896}
2026-10-02 13:14:08 [INFO]: {'ventana': 2, 'grupo_voto': 'Letters', 'grupo_final': 'Letters', 'comando': 'L', 'confianza_grupo': 0.9895065525493664, 'confianza_comando': 0.9419487113252386}
2026-10-02 13:14:08 [INFO]: {'ventana': 3, 'grupo_voto': 'Letters', 'grupo_final': 'Letters', 'comando': 'L', 'confianza_grupo': 0.9778164393167778, 'confianza_comando': 0.9124979224266987}
2026-10-02 13:14:08 [INFO]: {'ventana': 4, 'grupo_voto': 'Letters', 'grupo_final': 'Letters', 'comando': 'L', 'confianza_grupo': 0.9874489214217987, 'confianza_comando': 0.951773344085348}
2026-10-02 13:14:08 [INFO]: Comando predicho L
2026-10-02 13:14:08 [INFO]: Grupo predicho Letters
2026-10-02 13:14:08 [INFO]: ----------------------------------------------------------------
2026-10-02 13:14:08 [INFO]: ------------------>cvs name D:/APP_BCI_PYQUE/captures/UserCMSM/Letters/UserCMSM_L_39.csv<----------------
2026-10-02 13:14:08 [INFO]: {'ventana': 1, 'grupo_voto': 'Numbers', 'grupo_final': 'Letters', 'comando': 'L', 'confianza_grupo': 0.8449520413818866, 'confianza_comando': 0.8967925234835589}
2026-10-02 13:14:08 [INFO]: {'ventana': 2, 'grupo_voto': 'Letters', 'grupo_final': 'Letters', 'comando': 'L', 'confianza_grupo': 0.7890132005952445, 'confianza_comando': 0.9720324141114514}
2026-10-02 13:14:08 [INFO]: {'ventana': 3, 'grupo_voto': 'Letters', 'grupo_final': 'Letters', 'comando': 'L', 'confianza_grupo': 0.8215781734853156, 'confianza_comando': 0.9613387032917861}
2026-10-02 13:14:08 [INFO]: {'ventana': 4, 'grupo_voto': 'Letters', 'grupo_final': 'Letters', 'comando': 'L', 'confianza_grupo': 0.7836785592986988, 'confianza_comando': 0.855862159970256}
2026-10-02 13:14:08 [INFO]: Comando predicho L
2026-10-02 13:14:08 [INFO]: Grupo predicho Letters
2026-10-02 13:14:08 [INFO]: ----------------------------------------------------------------
2026-10-02 13:14:09 [INFO]: ------------------>cvs name D:/APP_BCI_PYQUE/captures/UserCMSM/Letters/UserCMSM_L_40.csv<----------------
2026-10-02 13:14:09 [INFO]: {'ventana': 1, 'grupo_voto': 'Letters', 'grupo_final': 'Letters', 'comando': 'L', 'confianza_grupo': 0.8606956264426369, 'confianza_comando': 0.919835821634775}
2026-10-02 13:14:09 [INFO]: {'ventana': 2, 'grupo_voto': 'Letters', 'grupo_final': 'Letters', 'comando': 'L', 'confianza_grupo': 0.9782901947891722, 'confianza_comando': 0.9491407431224299}
2026-10-02 13:14:09 [INFO]: {'ventana': 3, 'grupo_voto': 'Letters', 'grupo_final': 'Letters', 'comando': 'L', 'confianza_grupo': 0.9085274770985141, 'confianza_comando': 0.6916794369847924}
2026-10-02 13:14:09 [INFO]: {'ventana': 4, 'grupo_voto': 'Letters', 'grupo_final': 'Letters', 'comando': 'N', 'confianza_grupo': 0.8679465431711558, 'confianza_comando': 0.7452822378626105}
2026-10-02 13:14:09 [INFO]: Comando predicho L
2026-10-02 13:14:09 [INFO]: Grupo predicho Letters
2026-10-02 13:14:09 [INFO]: ----------------------------------------------------------------
2026-10-02 13:14:09 [INFO]: ------------------>cvs name D:/APP_BCI_PYQUE/captures/UserCMSM/Letters/UserCMSM_L_41.csv<----------------
2026-10-02 13:14:09 [INFO]: {'ventana': 1, 'grupo_voto': 'Letters', 'grupo_final': 'Letters', 'comando': 'L', 'confianza_grupo': 0.7807813510895503, 'confianza_comando': 0.9547187934727135}
2026-10-02 13:14:09 [INFO]: {'ventana': 2, 'grupo_voto': 'Letters', 'grupo_final': 'Letters', 'comando': 'L', 'confianza_grupo': 0.9898218526847405, 'confianza_comando': 0.9673393163319071}
2026-10-02 13:14:09 [INFO]: {'ventana': 3, 'grupo_voto': 'Letters', 'grupo_final': 'Letters', 'comando': 'L', 'confianza_grupo': 0.9868823311960893, 'confianza_comando': 0.9372678912712993}
2026-10-02 13:14:09 [INFO]: {'ventana': 4, 'grupo_voto': 'Letters', 'grupo_final': 'Letters', 'comando': 'L', 'confianza_grupo': 0.9852450050746866, 'confianza_comando': 0.9533472261309016}
2026-10-02 13:14:09 [INFO]: Comando predicho L
2026-10-02 13:14:09 [INFO]: Grupo predicho Letters
2026-10-02 13:14:09 [INFO]: ----------------------------------------------------------------
2026-10-02 13:14:10 [INFO]: ------------------>cvs name D:/APP_BCI_PYQUE/captures/UserCMSM/Letters/UserCMSM_L_42.csv<----------------
2026-10-02 13:14:10 [INFO]: {'ventana': 1, 'grupo_voto': 'Letters', 'grupo_final': 'Letters', 'comando': 'L', 'confianza_grupo': 0.9215697218674689, 'confianza_comando': 0.9653376976913084}
2026-10-02 13:14:10 [INFO]: {'ventana': 2, 'grupo_voto': 'Letters', 'grupo_final': 'Letters', 'comando': 'L', 'confianza_grupo': 0.9006417764102819, 'confianza_comando': 0.9612823719052273}
2026-10-02 13:14:10 [INFO]: {'ventana': 3, 'grupo_voto': 'Letters', 'grupo_final': 'Letters', 'comando': 'L', 'confianza_grupo': 0.8628453409169771, 'confianza_comando': 0.9518091198234755}
2026-10-02 13:14:10 [INFO]: {'ventana': 4, 'grupo_voto': 'Letters', 'grupo_final': 'Letters', 'comando': 'L', 'confianza_grupo': 0.8956395726138372, 'confianza_comando': 0.9480451375961938}
2026-10-02 13:14:10 [INFO]: Comando predicho L
2026-10-02 13:14:10 [INFO]: Grupo predicho Letters
2026-10-02 13:14:10 [INFO]: ----------------------------------------------------------------
2026-10-02 13:14:10 [INFO]: ------------------>cvs name D:/APP_BCI_PYQUE/captures/UserCMSM/Letters/UserCMSM_L_43.csv<----------------
2026-10-02 13:14:10 [INFO]: {'ventana': 1, 'grupo_voto': 'Letters', 'grupo_final': 'Letters', 'comando': 'L', 'confianza_grupo': 0.9872614914533162, 'confianza_comando': 0.9358382459458041}
2026-10-02 13:14:10 [INFO]: {'ventana': 2, 'grupo_voto': 'Letters', 'grupo_final': 'Letters', 'comando': 'L', 'confianza_grupo': 0.9758441589329517, 'confianza_comando': 0.9542073015979723}
2026-10-02 13:14:10 [INFO]: {'ventana': 3, 'grupo_voto': 'Letters', 'grupo_final': 'Letters', 'comando': 'L', 'confianza_grupo': 0.9897139291061743, 'confianza_comando': 0.9615550217869616}
2026-10-02 13:14:10 [INFO]: {'ventana': 4, 'grupo_voto': 'Letters', 'grupo_final': 'Letters', 'comando': 'L', 'confianza_grupo': 0.9824321216247058, 'confianza_comando': 0.9461152721317739}
2026-10-02 13:14:10 [INFO]: Comando predicho L
2026-10-02 13:14:10 [INFO]: Grupo predicho Letters
2026-10-02 13:14:10 [INFO]: ----------------------------------------------------------------
2026-10-02 13:14:11 [INFO]: ------------------>cvs name D:/APP_BCI_PYQUE/captures/UserCMSM/Letters/UserCMSM_L_44.csv<----------------
2026-10-02 13:14:11 [INFO]: {'ventana': 1, 'grupo_voto': 'Letters', 'grupo_final': 'Letters', 'comando': 'L', 'confianza_grupo': 0.978121313522864, 'confianza_comando': 0.7744939868441093}
2026-10-02 13:14:11 [INFO]: {'ventana': 2, 'grupo_voto': 'Letters', 'grupo_final': 'Letters', 'comando': 'L', 'confianza_grupo': 0.9759170393653729, 'confianza_comando': 0.8992454637122836}
2026-10-02 13:14:11 [INFO]: {'ventana': 3, 'grupo_voto': 'Letters', 'grupo_final': 'Letters', 'comando': 'L', 'confianza_grupo': 0.9512859706328755, 'confianza_comando': 0.9163390089148153}
2026-10-02 13:14:11 [INFO]: {'ventana': 4, 'grupo_voto': 'Letters', 'grupo_final': 'Letters', 'comando': 'L', 'confianza_grupo': 0.9817338512744913, 'confianza_comando': 0.8170366570725464}
2026-10-02 13:14:11 [INFO]: Comando predicho L
2026-10-02 13:14:11 [INFO]: Grupo predicho Letters
2026-10-02 13:14:11 [INFO]: ----------------------------------------------------------------
2026-10-02 13:14:12 [INFO]: ------------------>cvs name D:/APP_BCI_PYQUE/captures/UserCMSM/Letters/UserCMSM_L_45.csv<----------------
2026-10-02 13:14:12 [INFO]: {'ventana': 1, 'grupo_voto': 'Letters', 'grupo_final': 'Letters', 'comando': 'L', 'confianza_grupo': 0.9972209708371004, 'confianza_comando': 0.8088777286953711}
2026-10-02 13:14:12 [INFO]: {'ventana': 2, 'grupo_voto': 'Letters', 'grupo_final': 'Letters', 'comando': 'L', 'confianza_grupo': 0.9910426728119917, 'confianza_comando': 0.8954708547159396}
2026-10-02 13:14:12 [INFO]: {'ventana': 3, 'grupo_voto': 'Letters', 'grupo_final': 'Letters', 'comando': 'L', 'confianza_grupo': 0.9955453418702954, 'confianza_comando': 0.8454623445376829}
2026-10-02 13:14:12 [INFO]: {'ventana': 4, 'grupo_voto': 'Letters', 'grupo_final': 'Letters', 'comando': 'L', 'confianza_grupo': 0.9894999607693244, 'confianza_comando': 0.6584134898173386}
2026-10-02 13:14:12 [INFO]: Comando predicho L
2026-10-02 13:14:12 [INFO]: Grupo predicho Letters
2026-10-02 13:14:12 [INFO]: ----------------------------------------------------------------
2026-10-02 13:14:12 [INFO]: ------------------>cvs name D:/APP_BCI_PYQUE/captures/UserCMSM/Letters/UserCMSM_L_46.csv<----------------
2026-10-02 13:14:12 [INFO]: {'ventana': 1, 'grupo_voto': 'Letters', 'grupo_final': 'Letters', 'comando': 'L', 'confianza_grupo': 0.9971736955184292, 'confianza_comando': 0.8812542031612177}
2026-10-02 13:14:12 [INFO]: {'ventana': 2, 'grupo_voto': 'Letters', 'grupo_final': 'Letters', 'comando': 'L', 'confianza_grupo': 0.9987438394548251, 'confianza_comando': 0.951294233071612}
2026-10-02 13:14:12 [INFO]: {'ventana': 3, 'grupo_voto': 'Letters', 'grupo_final': 'Letters', 'comando': 'L', 'confianza_grupo': 0.9971743464724316, 'confianza_comando': 0.9380392054145608}
2026-10-02 13:14:12 [INFO]: {'ventana': 4, 'grupo_voto': 'Letters', 'grupo_final': 'Letters', 'comando': 'L', 'confianza_grupo': 0.9959478526852579, 'confianza_comando': 0.9424575338079226}
2026-10-02 13:14:12 [INFO]: Comando predicho L
2026-10-02 13:14:12 [INFO]: Grupo predicho Letters
2026-10-02 13:14:12 [INFO]: ----------------------------------------------------------------
2026-10-02 13:14:13 [INFO]: ------------------>cvs name D:/APP_BCI_PYQUE/captures/UserCMSM/Letters/UserCMSM_L_47.csv<----------------
2026-10-02 13:14:13 [INFO]: {'ventana': 1, 'grupo_voto': 'Letters', 'grupo_final': 'Letters', 'comando': 'D', 'confianza_grupo': 0.5979318442401405, 'confianza_comando': 0.6244080298809292}
2026-10-02 13:14:13 [INFO]: {'ventana': 2, 'grupo_voto': 'Letters', 'grupo_final': 'Letters', 'comando': 'L', 'confianza_grupo': 0.8425172858889588, 'confianza_comando': 0.5064744856758266}
2026-10-02 13:14:13 [INFO]: {'ventana': 3, 'grupo_voto': 'Letters', 'grupo_final': 'Letters', 'comando': 'L', 'confianza_grupo': 0.8836907024025682, 'confianza_comando': 0.9338915663349499}
2026-10-02 13:14:13 [INFO]: {'ventana': 4, 'grupo_voto': 'Letters', 'grupo_final': 'Letters', 'comando': 'L', 'confianza_grupo': 0.9785339097617732, 'confianza_comando': 0.9482785387568553}
2026-10-02 13:14:13 [INFO]: Comando predicho L
2026-10-02 13:14:13 [INFO]: Grupo predicho Letters
2026-10-02 13:14:13 [INFO]: ----------------------------------------------------------------
2026-10-02 13:14:13 [INFO]: ------------------>cvs name D:/APP_BCI_PYQUE/captures/UserCMSM/Letters/UserCMSM_L_48.csv<----------------
2026-10-02 13:14:13 [INFO]: {'ventana': 1, 'grupo_voto': 'Letters', 'grupo_final': 'Letters', 'comando': 'L', 'confianza_grupo': 0.9834945090791961, 'confianza_comando': 0.8331503159418555}
2026-10-02 13:14:13 [INFO]: {'ventana': 2, 'grupo_voto': 'Letters', 'grupo_final': 'Letters', 'comando': 'L', 'confianza_grupo': 0.990575087801852, 'confianza_comando': 0.9456968131157759}
2026-10-02 13:14:13 [INFO]: {'ventana': 3, 'grupo_voto': 'Letters', 'grupo_final': 'Letters', 'comando': 'L', 'confianza_grupo': 0.9813107573482283, 'confianza_comando': 0.38294901874045534}
2026-10-02 13:14:13 [INFO]: {'ventana': 4, 'grupo_voto': 'Letters', 'grupo_final': 'Letters', 'comando': 'I', 'confianza_grupo': 0.9776229593750337, 'confianza_comando': 0.6609556141479911}
2026-10-02 13:14:13 [INFO]: Comando predicho L
2026-10-02 13:14:13 [INFO]: Grupo predicho Letters
2026-10-02 13:14:13 [INFO]: ----------------------------------------------------------------
2026-10-02 13:14:14 [INFO]: ------------------>cvs name D:/APP_BCI_PYQUE/captures/UserCMSM/Letters/UserCMSM_L_49.csv<----------------
2026-10-02 13:14:14 [INFO]: {'ventana': 1, 'grupo_voto': 'Letters', 'grupo_final': 'Letters', 'comando': 'L', 'confianza_grupo': 0.8689406881868853, 'confianza_comando': 0.9217806287789763}
2026-10-02 13:14:14 [INFO]: {'ventana': 2, 'grupo_voto': 'Letters', 'grupo_final': 'Letters', 'comando': 'L', 'confianza_grupo': 0.7985545959516523, 'confianza_comando': 0.9116803424099434}
2026-10-02 13:14:14 [INFO]: {'ventana': 3, 'grupo_voto': 'Letters', 'grupo_final': 'Letters', 'comando': 'L', 'confianza_grupo': 0.8597846972106089, 'confianza_comando': 0.934130969814518}
2026-10-02 13:14:14 [INFO]: {'ventana': 4, 'grupo_voto': 'Letters', 'grupo_final': 'Letters', 'comando': 'L', 'confianza_grupo': 0.8812692346303082, 'confianza_comando': 0.9218992519122088}
2026-10-02 13:14:14 [INFO]: Comando predicho L
2026-10-02 13:14:14 [INFO]: Grupo predicho Letters
2026-10-02 13:14:14 [INFO]: ----------------------------------------------------------------
2026-10-02 13:14:14 [INFO]: ------------------>cvs name D:/APP_BCI_PYQUE/captures/UserCMSM/Letters/UserCMSM_L_50.csv<----------------
2026-10-02 13:14:14 [INFO]: {'ventana': 1, 'grupo_voto': 'Letters', 'grupo_final': 'Letters', 'comando': 'L', 'confianza_grupo': 0.9795016726998688, 'confianza_comando': 0.9441887233223815}
2026-10-02 13:14:14 [INFO]: {'ventana': 2, 'grupo_voto': 'Letters', 'grupo_final': 'Letters', 'comando': 'L', 'confianza_grupo': 0.9840025669805945, 'confianza_comando': 0.93466945499578}
2026-10-02 13:14:14 [INFO]: {'ventana': 3, 'grupo_voto': 'Letters', 'grupo_final': 'Letters', 'comando': 'L', 'confianza_grupo': 0.9672699674723021, 'confianza_comando': 0.9224346606505619}
2026-10-02 13:14:14 [INFO]: {'ventana': 4, 'grupo_voto': 'Letters', 'grupo_final': 'Letters', 'comando': 'L', 'confianza_grupo': 0.9883271571244644, 'confianza_comando': 0.604493982959537}
2026-10-02 13:14:14 [INFO]: Comando predicho L
2026-10-02 13:14:14 [INFO]: Grupo predicho Letters
2026-10-02 13:14:14 [INFO]: ----------------------------------------------------------------
2026-10-02 13:14:15 [INFO]: ------------------>cvs name D:/APP_BCI_PYQUE/captures/UserCMSM/Letters/UserCMSM_L_51.csv<----------------
2026-10-02 13:14:15 [INFO]: {'ventana': 1, 'grupo_voto': 'Letters', 'grupo_final': 'Letters', 'comando': 'L', 'confianza_grupo': 0.9755535674401912, 'confianza_comando': 0.860272551429032}
2026-10-02 13:14:15 [INFO]: {'ventana': 2, 'grupo_voto': 'Letters', 'grupo_final': 'Letters', 'comando': 'L', 'confianza_grupo': 0.9698177714482848, 'confianza_comando': 0.9411701849549525}
2026-10-02 13:14:15 [INFO]: {'ventana': 3, 'grupo_voto': 'Letters', 'grupo_final': 'Letters', 'comando': 'L', 'confianza_grupo': 0.95681742470685, 'confianza_comando': 0.9353841991570534}
2026-10-02 13:14:15 [INFO]: {'ventana': 4, 'grupo_voto': 'Letters', 'grupo_final': 'Letters', 'comando': 'L', 'confianza_grupo': 0.9890397288791066, 'confianza_comando': 0.8620526139260765}
2026-10-02 13:14:15 [INFO]: Comando predicho L
2026-10-02 13:14:15 [INFO]: Grupo predicho Letters
2026-10-02 13:14:15 [INFO]: ----------------------------------------------------------------
2026-10-02 13:14:15 [INFO]: ------------------>cvs name D:/APP_BCI_PYQUE/captures/UserCMSM/Letters/UserCMSM_L_52.csv<----------------
2026-10-02 13:14:15 [INFO]: {'ventana': 1, 'grupo_voto': 'Letters', 'grupo_final': 'Letters', 'comando': 'L', 'confianza_grupo': 0.9385832423376328, 'confianza_comando': 0.4253591702892066}
2026-10-02 13:14:15 [INFO]: {'ventana': 2, 'grupo_voto': 'Letters', 'grupo_final': 'Letters', 'comando': 'L', 'confianza_grupo': 0.9132507987997163, 'confianza_comando': 0.5480752199161321}
2026-10-02 13:14:15 [INFO]: {'ventana': 3, 'grupo_voto': 'Letters', 'grupo_final': 'Letters', 'comando': 'L', 'confianza_grupo': 0.8288807320351984, 'confianza_comando': 0.9581618531329582}
2026-10-02 13:14:15 [INFO]: {'ventana': 4, 'grupo_voto': 'Letters', 'grupo_final': 'Letters', 'comando': 'L', 'confianza_grupo': 0.9493025434555099, 'confianza_comando': 0.9032960432436724}
2026-10-02 13:14:15 [INFO]: Comando predicho L
2026-10-02 13:14:15 [INFO]: Grupo predicho Letters
2026-10-02 13:14:15 [INFO]: ----------------------------------------------------------------
2026-10-02 13:14:16 [INFO]: ------------------>cvs name D:/APP_BCI_PYQUE/captures/UserCMSM/Letters/UserCMSM_L_53.csv<----------------
2026-10-02 13:14:16 [INFO]: {'ventana': 1, 'grupo_voto': 'Letters', 'grupo_final': 'Letters', 'comando': 'L', 'confianza_grupo': 0.9762035100076457, 'confianza_comando': 0.5179761604672768}
2026-10-02 13:14:16 [INFO]: {'ventana': 2, 'grupo_voto': 'Letters', 'grupo_final': 'Letters', 'comando': 'P', 'confianza_grupo': 0.8874391535128303, 'confianza_comando': 0.43380702622052186}
2026-10-02 13:14:16 [INFO]: {'ventana': 3, 'grupo_voto': 'Letters', 'grupo_final': 'Letters', 'comando': 'L', 'confianza_grupo': 0.7951846113970394, 'confianza_comando': 0.7617414735898657}
2026-10-02 13:14:16 [INFO]: {'ventana': 4, 'grupo_voto': 'Letters', 'grupo_final': 'Letters', 'comando': 'L', 'confianza_grupo': 0.7535029250558105, 'confianza_comando': 0.9055207861039762}
2026-10-02 13:14:16 [INFO]: Comando predicho L
2026-10-02 13:14:16 [INFO]: Grupo predicho Letters
2026-10-02 13:14:16 [INFO]: ----------------------------------------------------------------
2026-10-02 13:14:17 [INFO]: ------------------>cvs name D:/APP_BCI_PYQUE/captures/UserCMSM/Letters/UserCMSM_L_54.csv<----------------
2026-10-02 13:14:17 [INFO]: {'ventana': 1, 'grupo_voto': 'Letters', 'grupo_final': 'Letters', 'comando': 'L', 'confianza_grupo': 0.9782144319356626, 'confianza_comando': 0.9642726321639098}
2026-10-02 13:14:17 [INFO]: {'ventana': 2, 'grupo_voto': 'Letters', 'grupo_final': 'Letters', 'comando': 'L', 'confianza_grupo': 0.9803787366010018, 'confianza_comando': 0.9617088142575809}
2026-10-02 13:14:17 [INFO]: {'ventana': 3, 'grupo_voto': 'Letters', 'grupo_final': 'Letters', 'comando': 'L', 'confianza_grupo': 0.9325605779229452, 'confianza_comando': 0.949815482046654}
2026-10-02 13:14:17 [INFO]: {'ventana': 4, 'grupo_voto': 'Letters', 'grupo_final': 'Letters', 'comando': 'L', 'confianza_grupo': 0.9821584248797532, 'confianza_comando': 0.9608936913110825}
2026-10-02 13:14:17 [INFO]: Comando predicho L
2026-10-02 13:14:17 [INFO]: Grupo predicho Letters
2026-10-02 13:14:17 [INFO]: ----------------------------------------------------------------
2026-10-02 13:14:17 [INFO]: ------------------>cvs name D:/APP_BCI_PYQUE/captures/UserCMSM/Letters/UserCMSM_L_55.csv<----------------
2026-10-02 13:14:17 [INFO]: {'ventana': 1, 'grupo_voto': 'Letters', 'grupo_final': 'Letters', 'comando': 'L', 'confianza_grupo': 0.9443614305576069, 'confianza_comando': 0.9569605192059908}
2026-10-02 13:14:17 [INFO]: {'ventana': 2, 'grupo_voto': 'Letters', 'grupo_final': 'Letters', 'comando': 'L', 'confianza_grupo': 0.9301880317225345, 'confianza_comando': 0.9541019120449475}
2026-10-02 13:14:17 [INFO]: {'ventana': 3, 'grupo_voto': 'Letters', 'grupo_final': 'Letters', 'comando': 'L', 'confianza_grupo': 0.9530955828335285, 'confianza_comando': 0.9772274131898729}
2026-10-02 13:14:17 [INFO]: {'ventana': 4, 'grupo_voto': 'Letters', 'grupo_final': 'Letters', 'comando': 'L', 'confianza_grupo': 0.9911528242604133, 'confianza_comando': 0.8722464998114746}
2026-10-02 13:14:17 [INFO]: Comando predicho L
2026-10-02 13:14:17 [INFO]: Grupo predicho Letters
2026-10-02 13:14:17 [INFO]: ----------------------------------------------------------------
2026-10-02 13:14:18 [INFO]: ------------------>cvs name D:/APP_BCI_PYQUE/captures/UserCMSM/Letters/UserCMSM_L_56.csv<----------------
2026-10-02 13:14:18 [INFO]: {'ventana': 1, 'grupo_voto': 'Letters', 'grupo_final': 'Letters', 'comando': 'L', 'confianza_grupo': 0.9978276333615128, 'confianza_comando': 0.8086409823958431}
2026-10-02 13:14:18 [INFO]: {'ventana': 2, 'grupo_voto': 'Letters', 'grupo_final': 'Letters', 'comando': 'L', 'confianza_grupo': 0.9970621651009333, 'confianza_comando': 0.9493504137680503}
2026-10-02 13:14:18 [INFO]: {'ventana': 3, 'grupo_voto': 'Letters', 'grupo_final': 'Letters', 'comando': 'L', 'confianza_grupo': 0.9921002740528654, 'confianza_comando': 0.8368910192276973}
2026-10-02 13:14:18 [INFO]: {'ventana': 4, 'grupo_voto': 'Letters', 'grupo_final': 'Letters', 'comando': 'L', 'confianza_grupo': 0.989397247316164, 'confianza_comando': 0.8548255709654726}
2026-10-02 13:14:18 [INFO]: Comando predicho L
2026-10-02 13:14:18 [INFO]: Grupo predicho Letters
2026-10-02 13:14:18 [INFO]: ----------------------------------------------------------------
2026-10-02 13:14:18 [INFO]: ------------------>cvs name D:/APP_BCI_PYQUE/captures/UserCMSM/Letters/UserCMSM_L_57.csv<----------------
2026-10-02 13:14:18 [INFO]: {'ventana': 1, 'grupo_voto': 'Letters', 'grupo_final': 'Letters', 'comando': 'L', 'confianza_grupo': 0.9930565178403172, 'confianza_comando': 0.712900666999099}
2026-10-02 13:14:18 [INFO]: {'ventana': 2, 'grupo_voto': 'Letters', 'grupo_final': 'Letters', 'comando': 'L', 'confianza_grupo': 0.9890331901945959, 'confianza_comando': 0.9408630766942542}
2026-10-02 13:14:18 [INFO]: {'ventana': 3, 'grupo_voto': 'Letters', 'grupo_final': 'Letters', 'comando': 'L', 'confianza_grupo': 0.9898890522123828, 'confianza_comando': 0.8862020403890445}
2026-10-02 13:14:18 [INFO]: {'ventana': 4, 'grupo_voto': 'Letters', 'grupo_final': 'Letters', 'comando': 'L', 'confianza_grupo': 0.995512015391379, 'confianza_comando': 0.5236290831480059}
2026-10-02 13:14:18 [INFO]: Comando predicho L
2026-10-02 13:14:18 [INFO]: Grupo predicho Letters
2026-10-02 13:14:18 [INFO]: ----------------------------------------------------------------
2026-10-02 13:14:19 [INFO]: ------------------>cvs name D:/APP_BCI_PYQUE/captures/UserCMSM/Letters/UserCMSM_L_58.csv<----------------
2026-10-02 13:14:19 [INFO]: {'ventana': 1, 'grupo_voto': 'Letters', 'grupo_final': 'Letters', 'comando': 'L', 'confianza_grupo': 0.9895306596906409, 'confianza_comando': 0.9047112060568575}
2026-10-02 13:14:19 [INFO]: {'ventana': 2, 'grupo_voto': 'Letters', 'grupo_final': 'Letters', 'comando': 'L', 'confianza_grupo': 0.9963222295723297, 'confianza_comando': 0.9697813765691476}
2026-10-02 13:14:19 [INFO]: {'ventana': 3, 'grupo_voto': 'Letters', 'grupo_final': 'Letters', 'comando': 'L', 'confianza_grupo': 0.9933790105782572, 'confianza_comando': 0.9637519547246916}
2026-10-02 13:14:19 [INFO]: {'ventana': 4, 'grupo_voto': 'Letters', 'grupo_final': 'Letters', 'comando': 'L', 'confianza_grupo': 0.9908390613753717, 'confianza_comando': 0.9354818330512914}
2026-10-02 13:14:19 [INFO]: Comando predicho L
2026-10-02 13:14:19 [INFO]: Grupo predicho Letters
2026-10-02 13:14:19 [INFO]: ----------------------------------------------------------------
2026-10-02 13:14:19 [INFO]: ------------------>cvs name D:/APP_BCI_PYQUE/captures/UserCMSM/Letters/UserCMSM_L_59.csv<----------------
2026-10-02 13:14:19 [INFO]: {'ventana': 1, 'grupo_voto': 'Letters', 'grupo_final': 'Letters', 'comando': 'L', 'confianza_grupo': 0.990074593862243, 'confianza_comando': 0.9241229236428032}
2026-10-02 13:14:19 [INFO]: {'ventana': 2, 'grupo_voto': 'Letters', 'grupo_final': 'Letters', 'comando': 'L', 'confianza_grupo': 0.9778098614001844, 'confianza_comando': 0.9441680493622733}
2026-10-02 13:14:19 [INFO]: {'ventana': 3, 'grupo_voto': 'Letters', 'grupo_final': 'Letters', 'comando': 'L', 'confianza_grupo': 0.9816269585851163, 'confianza_comando': 0.893157920778066}
2026-10-02 13:14:19 [INFO]: {'ventana': 4, 'grupo_voto': 'Letters', 'grupo_final': 'Letters', 'comando': 'L', 'confianza_grupo': 0.9850449108408664, 'confianza_comando': 0.923974808360763}
2026-10-02 13:14:19 [INFO]: Comando predicho L
2026-10-02 13:14:19 [INFO]: Grupo predicho Letters
2026-10-02 13:14:19 [INFO]: ----------------------------------------------------------------
2026-10-02 13:14:19 [INFO]: Del Comando L Total Archivos 30
2026-10-02 13:14:19 [INFO]: Comando Reales Predichos, 27
2026-10-02 13:14:19 [INFO]: Grupo Real Predicho, 28
2026-10-02 13:14:19 [INFO]: =======================================================================================
2026-10-02 13:14:19 [INFO]: =======================================================================================
2026-10-02 13:14:20 [INFO]: ------------------>cvs name D:/APP_BCI_PYQUE/captures/UserCMSM/Letters/UserCMSM_D_30.csv<----------------
2026-10-02 13:14:20 [INFO]: {'ventana': 1, 'grupo_voto': 'Numbers', 'grupo_final': 'Numbers', 'comando': '9', 'confianza_grupo': 0.8936758198514974, 'confianza_comando': 0.5116592992457928}
2026-10-02 13:14:20 [INFO]: {'ventana': 2, 'grupo_voto': 'Numbers', 'grupo_final': 'Numbers', 'comando': '9', 'confianza_grupo': 0.9018401439656619, 'confianza_comando': 0.8770880403073759}
2026-10-02 13:14:20 [INFO]: {'ventana': 3, 'grupo_voto': 'Numbers', 'grupo_final': 'Numbers', 'comando': '4', 'confianza_grupo': 0.9413852870631212, 'confianza_comando': 0.46916593710945914}
2026-10-02 13:14:20 [INFO]: {'ventana': 4, 'grupo_voto': 'Letters', 'grupo_final': 'Numbers', 'comando': '9', 'confianza_grupo': 0.6064513168981049, 'confianza_comando': 0.4226343381357742}
2026-10-02 13:14:20 [INFO]: Comando predicho 9
2026-10-02 13:14:20 [INFO]: Grupo predicho Numbers
2026-10-02 13:14:20 [INFO]: ----------------------------------------------------------------
2026-10-02 13:14:21 [INFO]: ------------------>cvs name D:/APP_BCI_PYQUE/captures/UserCMSM/Letters/UserCMSM_D_31.csv<----------------
2026-10-02 13:14:21 [INFO]: {'ventana': 1, 'grupo_voto': 'Letters', 'grupo_final': 'Letters', 'comando': 'D', 'confianza_grupo': 0.9657877570674732, 'confianza_comando': 0.37906319914973413}
2026-10-02 13:14:21 [INFO]: {'ventana': 2, 'grupo_voto': 'Letters', 'grupo_final': 'Letters', 'comando': 'D', 'confianza_grupo': 0.9539957913304757, 'confianza_comando': 0.9315990474240089}
2026-10-02 13:14:21 [INFO]: {'ventana': 3, 'grupo_voto': 'Letters', 'grupo_final': 'Letters', 'comando': 'D', 'confianza_grupo': 0.8340786042602064, 'confianza_comando': 0.6824782733270512}
2026-10-02 13:14:21 [INFO]: {'ventana': 4, 'grupo_voto': 'Letters', 'grupo_final': 'Letters', 'comando': 'D', 'confianza_grupo': 0.9438304933146577, 'confianza_comando': 0.9521369549652791}
2026-10-02 13:14:21 [INFO]: Comando predicho D
2026-10-02 13:14:21 [INFO]: Grupo predicho Letters
2026-10-02 13:14:21 [INFO]: ----------------------------------------------------------------
2026-10-02 13:14:21 [INFO]: ------------------>cvs name D:/APP_BCI_PYQUE/captures/UserCMSM/Letters/UserCMSM_D_32.csv<----------------
2026-10-02 13:14:21 [INFO]: {'ventana': 1, 'grupo_voto': 'Letters', 'grupo_final': 'Letters', 'comando': 'D', 'confianza_grupo': 0.8140967384738964, 'confianza_comando': 0.9122435014058471}
2026-10-02 13:14:21 [INFO]: {'ventana': 2, 'grupo_voto': 'Letters', 'grupo_final': 'Letters', 'comando': 'D', 'confianza_grupo': 0.8101254016867298, 'confianza_comando': 0.9299261299753298}
2026-10-02 13:14:21 [INFO]: {'ventana': 3, 'grupo_voto': 'Letters', 'grupo_final': 'Letters', 'comando': 'D', 'confianza_grupo': 0.8299888519778733, 'confianza_comando': 0.9023962333903213}
2026-10-02 13:14:21 [INFO]: {'ventana': 4, 'grupo_voto': 'Letters', 'grupo_final': 'Letters', 'comando': 'D', 'confianza_grupo': 0.5717840126967348, 'confianza_comando': 0.7317015099756206}
2026-10-02 13:14:21 [INFO]: Comando predicho D
2026-10-02 13:14:21 [INFO]: Grupo predicho Letters
2026-10-02 13:14:21 [INFO]: ----------------------------------------------------------------
2026-10-02 13:14:22 [INFO]: ------------------>cvs name D:/APP_BCI_PYQUE/captures/UserCMSM/Letters/UserCMSM_D_33.csv<----------------
2026-10-02 13:14:22 [INFO]: {'ventana': 1, 'grupo_voto': 'Letters', 'grupo_final': 'Letters', 'comando': 'D', 'confianza_grupo': 0.994198501750952, 'confianza_comando': 0.723540224814529}
2026-10-02 13:14:22 [INFO]: {'ventana': 2, 'grupo_voto': 'Letters', 'grupo_final': 'Letters', 'comando': 'D', 'confianza_grupo': 0.9905312598271239, 'confianza_comando': 0.9552984818571171}
2026-10-02 13:14:22 [INFO]: {'ventana': 3, 'grupo_voto': 'Letters', 'grupo_final': 'Letters', 'comando': 'D', 'confianza_grupo': 0.9865012204980805, 'confianza_comando': 0.9556895158149005}
2026-10-02 13:14:22 [INFO]: {'ventana': 4, 'grupo_voto': 'Letters', 'grupo_final': 'Letters', 'comando': 'D', 'confianza_grupo': 0.9831165379669579, 'confianza_comando': 0.9181210012050016}
2026-10-02 13:14:22 [INFO]: Comando predicho D
2026-10-02 13:14:22 [INFO]: Grupo predicho Letters
2026-10-02 13:14:22 [INFO]: ----------------------------------------------------------------
2026-10-02 13:14:22 [INFO]: ------------------>cvs name D:/APP_BCI_PYQUE/captures/UserCMSM/Letters/UserCMSM_D_34.csv<----------------
2026-10-02 13:14:22 [INFO]: {'ventana': 1, 'grupo_voto': 'Letters', 'grupo_final': 'Letters', 'comando': 'D', 'confianza_grupo': 0.9725066002813488, 'confianza_comando': 0.9563037555605336}
2026-10-02 13:14:22 [INFO]: {'ventana': 2, 'grupo_voto': 'Letters', 'grupo_final': 'Letters', 'comando': 'D', 'confianza_grupo': 0.9730405808346978, 'confianza_comando': 0.9608562459458087}
2026-10-02 13:14:22 [INFO]: {'ventana': 3, 'grupo_voto': 'Letters', 'grupo_final': 'Letters', 'comando': 'D', 'confianza_grupo': 0.9931450538712012, 'confianza_comando': 0.9307837917379602}
2026-10-02 13:14:22 [INFO]: {'ventana': 4, 'grupo_voto': 'Letters', 'grupo_final': 'Letters', 'comando': 'D', 'confianza_grupo': 0.9886537913964909, 'confianza_comando': 0.9822399155789867}
2026-10-02 13:14:22 [INFO]: Comando predicho D
2026-10-02 13:14:22 [INFO]: Grupo predicho Letters
2026-10-02 13:14:22 [INFO]: ----------------------------------------------------------------
2026-10-02 13:14:23 [INFO]: ------------------>cvs name D:/APP_BCI_PYQUE/captures/UserCMSM/Letters/UserCMSM_D_35.csv<----------------
2026-10-02 13:14:23 [INFO]: {'ventana': 1, 'grupo_voto': 'Letters', 'grupo_final': 'Letters', 'comando': 'D', 'confianza_grupo': 0.9278268967376854, 'confianza_comando': 0.9545931654758021}
2026-10-02 13:14:23 [INFO]: {'ventana': 2, 'grupo_voto': 'Letters', 'grupo_final': 'Letters', 'comando': 'D', 'confianza_grupo': 0.9514681431569563, 'confianza_comando': 0.9623109812641031}
2026-10-02 13:14:23 [INFO]: {'ventana': 3, 'grupo_voto': 'Letters', 'grupo_final': 'Letters', 'comando': 'D', 'confianza_grupo': 0.9565509853681328, 'confianza_comando': 0.9682959654243071}
2026-10-02 13:14:23 [INFO]: {'ventana': 4, 'grupo_voto': 'Letters', 'grupo_final': 'Letters', 'comando': 'D', 'confianza_grupo': 0.9306821901160933, 'confianza_comando': 0.9589359621422386}
2026-10-02 13:14:23 [INFO]: Comando predicho D
2026-10-02 13:14:23 [INFO]: Grupo predicho Letters
2026-10-02 13:14:23 [INFO]: ----------------------------------------------------------------
2026-10-02 13:14:23 [INFO]: ------------------>cvs name D:/APP_BCI_PYQUE/captures/UserCMSM/Letters/UserCMSM_D_36.csv<----------------
2026-10-02 13:14:23 [INFO]: {'ventana': 1, 'grupo_voto': 'Letters', 'grupo_final': 'Letters', 'comando': 'D', 'confianza_grupo': 0.9831228932743474, 'confianza_comando': 0.9586669427787452}
2026-10-02 13:14:23 [INFO]: {'ventana': 2, 'grupo_voto': 'Letters', 'grupo_final': 'Letters', 'comando': 'D', 'confianza_grupo': 0.9733399316021794, 'confianza_comando': 0.9655065124671242}
2026-10-02 13:14:23 [INFO]: {'ventana': 3, 'grupo_voto': 'Letters', 'grupo_final': 'Letters', 'comando': 'D', 'confianza_grupo': 0.9808423787469301, 'confianza_comando': 0.9525578406613161}
2026-10-02 13:14:23 [INFO]: {'ventana': 4, 'grupo_voto': 'Letters', 'grupo_final': 'Letters', 'comando': 'D', 'confianza_grupo': 0.985436056666253, 'confianza_comando': 0.6336512378049782}
2026-10-02 13:14:23 [INFO]: Comando predicho D
2026-10-02 13:14:23 [INFO]: Grupo predicho Letters
2026-10-02 13:14:23 [INFO]: ----------------------------------------------------------------
2026-10-02 13:14:24 [INFO]: ------------------>cvs name D:/APP_BCI_PYQUE/captures/UserCMSM/Letters/UserCMSM_D_37.csv<----------------
2026-10-02 13:14:24 [INFO]: {'ventana': 1, 'grupo_voto': 'Letters', 'grupo_final': 'Letters', 'comando': 'P', 'confianza_grupo': 0.9952584731687883, 'confianza_comando': 0.2305903802005351}
2026-10-02 13:14:24 [INFO]: {'ventana': 2, 'grupo_voto': 'Letters', 'grupo_final': 'Letters', 'comando': 'B', 'confianza_grupo': 0.9937504849512029, 'confianza_comando': 0.5697136296315023}
2026-10-02 13:14:24 [INFO]: {'ventana': 3, 'grupo_voto': 'Letters', 'grupo_final': 'Letters', 'comando': 'U', 'confianza_grupo': 0.9916809624048891, 'confianza_comando': 0.7753185973158724}
2026-10-02 13:14:24 [INFO]: {'ventana': 4, 'grupo_voto': 'Letters', 'grupo_final': 'Letters', 'comando': 'U', 'confianza_grupo': 0.9947707527655971, 'confianza_comando': 0.5921641416942431}
2026-10-02 13:14:24 [INFO]: Comando predicho U
2026-10-02 13:14:24 [INFO]: Grupo predicho Letters
2026-10-02 13:14:24 [INFO]: ----------------------------------------------------------------
2026-10-02 13:14:25 [INFO]: ------------------>cvs name D:/APP_BCI_PYQUE/captures/UserCMSM/Letters/UserCMSM_D_38.csv<----------------
2026-10-02 13:14:25 [INFO]: {'ventana': 1, 'grupo_voto': 'Letters', 'grupo_final': 'Numbers', 'comando': '2', 'confianza_grupo': 0.7762351300160094, 'confianza_comando': 0.6057414099997727}
2026-10-02 13:14:25 [INFO]: {'ventana': 2, 'grupo_voto': 'Letters', 'grupo_final': 'Numbers', 'comando': '2', 'confianza_grupo': 0.5417775150261253, 'confianza_comando': 0.36830537410279557}
2026-10-02 13:14:25 [INFO]: {'ventana': 3, 'grupo_voto': 'Numbers', 'grupo_final': 'Numbers', 'comando': '8', 'confianza_grupo': 0.6359119447079254, 'confianza_comando': 0.38270008412447665}
2026-10-02 13:14:25 [INFO]: {'ventana': 4, 'grupo_voto': 'Numbers', 'grupo_final': 'Numbers', 'comando': '5', 'confianza_grupo': 0.7659944937634847, 'confianza_comando': 0.7698998932024216}
2026-10-02 13:14:25 [INFO]: Comando predicho 5
2026-10-02 13:14:25 [INFO]: Grupo predicho Numbers
2026-10-02 13:14:25 [INFO]: ----------------------------------------------------------------
2026-10-02 13:14:25 [INFO]: ------------------>cvs name D:/APP_BCI_PYQUE/captures/UserCMSM/Letters/UserCMSM_D_39.csv<----------------
2026-10-02 13:14:25 [INFO]: {'ventana': 1, 'grupo_voto': 'Letters', 'grupo_final': 'Letters', 'comando': 'D', 'confianza_grupo': 0.9901548189874434, 'confianza_comando': 0.7422982499043446}
2026-10-02 13:14:25 [INFO]: {'ventana': 2, 'grupo_voto': 'Letters', 'grupo_final': 'Letters', 'comando': 'D', 'confianza_grupo': 0.9947967563525484, 'confianza_comando': 0.8854150142368032}
2026-10-02 13:14:25 [INFO]: {'ventana': 3, 'grupo_voto': 'Letters', 'grupo_final': 'Letters', 'comando': 'D', 'confianza_grupo': 0.9956912406146594, 'confianza_comando': 0.9573507952515848}
2026-10-02 13:14:25 [INFO]: {'ventana': 4, 'grupo_voto': 'Letters', 'grupo_final': 'Letters', 'comando': 'D', 'confianza_grupo': 0.9979148027974056, 'confianza_comando': 0.7608501238091957}
2026-10-02 13:14:25 [INFO]: Comando predicho D
2026-10-02 13:14:25 [INFO]: Grupo predicho Letters
2026-10-02 13:14:25 [INFO]: ----------------------------------------------------------------
2026-10-02 13:14:26 [INFO]: ------------------>cvs name D:/APP_BCI_PYQUE/captures/UserCMSM/Letters/UserCMSM_D_40.csv<----------------
2026-10-02 13:14:26 [INFO]: {'ventana': 1, 'grupo_voto': 'Letters', 'grupo_final': 'Letters', 'comando': 'D', 'confianza_grupo': 0.9678973678092891, 'confianza_comando': 0.881060266948339}
2026-10-02 13:14:26 [INFO]: {'ventana': 2, 'grupo_voto': 'Letters', 'grupo_final': 'Letters', 'comando': 'D', 'confianza_grupo': 0.9640824986487734, 'confianza_comando': 0.9841061566379984}
2026-10-02 13:14:26 [INFO]: {'ventana': 3, 'grupo_voto': 'Letters', 'grupo_final': 'Letters', 'comando': 'D', 'confianza_grupo': 0.9836047202648206, 'confianza_comando': 0.9647571740802372}
2026-10-02 13:14:26 [INFO]: {'ventana': 4, 'grupo_voto': 'Letters', 'grupo_final': 'Letters', 'comando': 'D', 'confianza_grupo': 0.9803337358275445, 'confianza_comando': 0.8259572291428838}
2026-10-02 13:14:26 [INFO]: Comando predicho D
2026-10-02 13:14:26 [INFO]: Grupo predicho Letters
2026-10-02 13:14:26 [INFO]: ----------------------------------------------------------------
2026-10-02 13:14:26 [INFO]: ------------------>cvs name D:/APP_BCI_PYQUE/captures/UserCMSM/Letters/UserCMSM_D_41.csv<----------------
2026-10-02 13:14:26 [INFO]: {'ventana': 1, 'grupo_voto': 'Letters', 'grupo_final': 'Letters', 'comando': 'D', 'confianza_grupo': 0.9830350535892235, 'confianza_comando': 0.9335487444598741}
2026-10-02 13:14:26 [INFO]: {'ventana': 2, 'grupo_voto': 'Letters', 'grupo_final': 'Letters', 'comando': 'D', 'confianza_grupo': 0.9884814957939607, 'confianza_comando': 0.8100437170178512}
2026-10-02 13:14:26 [INFO]: {'ventana': 3, 'grupo_voto': 'Letters', 'grupo_final': 'Letters', 'comando': 'D', 'confianza_grupo': 0.9769005181994226, 'confianza_comando': 0.9293368703363419}
2026-10-02 13:14:26 [INFO]: {'ventana': 4, 'grupo_voto': 'Letters', 'grupo_final': 'Letters', 'comando': 'D', 'confianza_grupo': 0.9705198581219218, 'confianza_comando': 0.7498179008367539}
2026-10-02 13:14:26 [INFO]: Comando predicho D
2026-10-02 13:14:26 [INFO]: Grupo predicho Letters
2026-10-02 13:14:26 [INFO]: ----------------------------------------------------------------
2026-10-02 13:14:27 [INFO]: ------------------>cvs name D:/APP_BCI_PYQUE/captures/UserCMSM/Letters/UserCMSM_D_42.csv<----------------
2026-10-02 13:14:27 [INFO]: {'ventana': 1, 'grupo_voto': 'Letters', 'grupo_final': 'Letters', 'comando': 'D', 'confianza_grupo': 0.8850738846831043, 'confianza_comando': 0.9734116955738953}
2026-10-02 13:14:27 [INFO]: {'ventana': 2, 'grupo_voto': 'Letters', 'grupo_final': 'Letters', 'comando': 'D', 'confianza_grupo': 0.7980941872346653, 'confianza_comando': 0.941630868069065}
2026-10-02 13:14:27 [INFO]: {'ventana': 3, 'grupo_voto': 'Letters', 'grupo_final': 'Letters', 'comando': 'D', 'confianza_grupo': 0.9568053843360543, 'confianza_comando': 0.9509577219653448}
2026-10-02 13:14:27 [INFO]: {'ventana': 4, 'grupo_voto': 'Letters', 'grupo_final': 'Letters', 'comando': 'D', 'confianza_grupo': 0.9761326258297405, 'confianza_comando': 0.9533892213162541}
2026-10-02 13:14:27 [INFO]: Comando predicho D
2026-10-02 13:14:27 [INFO]: Grupo predicho Letters
2026-10-02 13:14:27 [INFO]: ----------------------------------------------------------------
2026-10-02 13:14:27 [INFO]: ------------------>cvs name D:/APP_BCI_PYQUE/captures/UserCMSM/Letters/UserCMSM_D_43.csv<----------------
2026-10-02 13:14:27 [INFO]: {'ventana': 1, 'grupo_voto': 'Letters', 'grupo_final': 'Letters', 'comando': 'O', 'confianza_grupo': 0.9775861412346317, 'confianza_comando': 0.2422960372636194}
2026-10-02 13:14:27 [INFO]: {'ventana': 2, 'grupo_voto': 'Letters', 'grupo_final': 'Letters', 'comando': 'D', 'confianza_grupo': 0.9750058264095443, 'confianza_comando': 0.8170458881916582}
2026-10-02 13:14:27 [INFO]: {'ventana': 3, 'grupo_voto': 'Letters', 'grupo_final': 'Letters', 'comando': 'D', 'confianza_grupo': 0.9813677921848903, 'confianza_comando': 0.9688871497094516}
2026-10-02 13:14:27 [INFO]: {'ventana': 4, 'grupo_voto': 'Letters', 'grupo_final': 'Letters', 'comando': 'D', 'confianza_grupo': 0.9593929153999613, 'confianza_comando': 0.9703802654657907}
2026-10-02 13:14:27 [INFO]: Comando predicho D
2026-10-02 13:14:27 [INFO]: Grupo predicho Letters
2026-10-02 13:14:27 [INFO]: ----------------------------------------------------------------
2026-10-02 13:14:28 [INFO]: ------------------>cvs name D:/APP_BCI_PYQUE/captures/UserCMSM/Letters/UserCMSM_D_44.csv<----------------
2026-10-02 13:14:28 [INFO]: {'ventana': 1, 'grupo_voto': 'Letters', 'grupo_final': 'Letters', 'comando': 'D', 'confianza_grupo': 0.9762708928641195, 'confianza_comando': 0.43274376932710923}
2026-10-02 13:14:28 [INFO]: {'ventana': 2, 'grupo_voto': 'Letters', 'grupo_final': 'Letters', 'comando': 'D', 'confianza_grupo': 0.9418045734687275, 'confianza_comando': 0.4012839139602613}
2026-10-02 13:14:28 [INFO]: {'ventana': 3, 'grupo_voto': 'Letters', 'grupo_final': 'Letters', 'comando': 'D', 'confianza_grupo': 0.932192394554701, 'confianza_comando': 0.5597995848869066}
2026-10-02 13:14:28 [INFO]: {'ventana': 4, 'grupo_voto': 'Letters', 'grupo_final': 'Letters', 'comando': 'D', 'confianza_grupo': 0.949483521262685, 'confianza_comando': 0.4006716397128776}
2026-10-02 13:14:28 [INFO]: Comando predicho D
2026-10-02 13:14:28 [INFO]: Grupo predicho Letters
2026-10-02 13:14:28 [INFO]: ----------------------------------------------------------------
2026-10-02 13:14:28 [INFO]: ------------------>cvs name D:/APP_BCI_PYQUE/captures/UserCMSM/Letters/UserCMSM_D_45.csv<----------------
2026-10-02 13:14:28 [INFO]: {'ventana': 1, 'grupo_voto': 'Letters', 'grupo_final': 'Letters', 'comando': 'S', 'confianza_grupo': 0.9752826968707791, 'confianza_comando': 0.4059155588864017}
2026-10-02 13:14:28 [INFO]: {'ventana': 2, 'grupo_voto': 'Letters', 'grupo_final': 'Letters', 'comando': 'D', 'confianza_grupo': 0.9838666728618297, 'confianza_comando': 0.5685623732852186}
2026-10-02 13:14:28 [INFO]: {'ventana': 3, 'grupo_voto': 'Letters', 'grupo_final': 'Letters', 'comando': 'L', 'confianza_grupo': 0.9820646820998379, 'confianza_comando': 0.7068796655756157}
2026-10-02 13:14:28 [INFO]: {'ventana': 4, 'grupo_voto': 'Letters', 'grupo_final': 'Letters', 'comando': 'L', 'confianza_grupo': 0.9489655246906704, 'confianza_comando': 0.6205141806642802}
2026-10-02 13:14:28 [INFO]: Comando predicho L
2026-10-02 13:14:28 [INFO]: Grupo predicho Letters
2026-10-02 13:14:28 [INFO]: ----------------------------------------------------------------
2026-10-02 13:14:29 [INFO]: ------------------>cvs name D:/APP_BCI_PYQUE/captures/UserCMSM/Letters/UserCMSM_D_46.csv<----------------
2026-10-02 13:14:29 [INFO]: {'ventana': 1, 'grupo_voto': 'Letters', 'grupo_final': 'Letters', 'comando': 'D', 'confianza_grupo': 0.9916240432724424, 'confianza_comando': 0.9587020044467502}
2026-10-02 13:14:29 [INFO]: {'ventana': 2, 'grupo_voto': 'Letters', 'grupo_final': 'Letters', 'comando': 'D', 'confianza_grupo': 0.9929293500910265, 'confianza_comando': 0.967800829988955}
2026-10-02 13:14:29 [INFO]: {'ventana': 3, 'grupo_voto': 'Letters', 'grupo_final': 'Letters', 'comando': 'D', 'confianza_grupo': 0.9958006280109788, 'confianza_comando': 0.9742259157438562}
2026-10-02 13:14:29 [INFO]: {'ventana': 4, 'grupo_voto': 'Letters', 'grupo_final': 'Letters', 'comando': 'D', 'confianza_grupo': 0.9939127367288767, 'confianza_comando': 0.9486133794618068}
2026-10-02 13:14:29 [INFO]: Comando predicho D
2026-10-02 13:14:29 [INFO]: Grupo predicho Letters
2026-10-02 13:14:29 [INFO]: ----------------------------------------------------------------
2026-10-02 13:14:29 [INFO]: ------------------>cvs name D:/APP_BCI_PYQUE/captures/UserCMSM/Letters/UserCMSM_D_47.csv<----------------
2026-10-02 13:14:29 [INFO]: {'ventana': 1, 'grupo_voto': 'Letters', 'grupo_final': 'Letters', 'comando': 'D', 'confianza_grupo': 0.7469258133688599, 'confianza_comando': 0.9751907033872302}
2026-10-02 13:14:29 [INFO]: {'ventana': 2, 'grupo_voto': 'Letters', 'grupo_final': 'Letters', 'comando': 'D', 'confianza_grupo': 0.7563146982123168, 'confianza_comando': 0.9472806634784934}
2026-10-02 13:14:29 [INFO]: {'ventana': 3, 'grupo_voto': 'Letters', 'grupo_final': 'Letters', 'comando': 'D', 'confianza_grupo': 0.7027500442080677, 'confianza_comando': 0.9327987399368077}
2026-10-02 13:14:29 [INFO]: {'ventana': 4, 'grupo_voto': 'Letters', 'grupo_final': 'Letters', 'comando': 'D', 'confianza_grupo': 0.8136348837286138, 'confianza_comando': 0.4052169456214143}
2026-10-02 13:14:29 [INFO]: Comando predicho D
2026-10-02 13:14:29 [INFO]: Grupo predicho Letters
2026-10-02 13:14:29 [INFO]: ----------------------------------------------------------------
2026-10-02 13:14:30 [INFO]: ------------------>cvs name D:/APP_BCI_PYQUE/captures/UserCMSM/Letters/UserCMSM_D_48.csv<----------------
2026-10-02 13:14:30 [INFO]: {'ventana': 1, 'grupo_voto': 'Letters', 'grupo_final': 'Letters', 'comando': 'D', 'confianza_grupo': 0.9805780403848984, 'confianza_comando': 0.527569475889435}
2026-10-02 13:14:30 [INFO]: {'ventana': 2, 'grupo_voto': 'Letters', 'grupo_final': 'Letters', 'comando': 'D', 'confianza_grupo': 0.9733710923658295, 'confianza_comando': 0.9079486274006725}
2026-10-02 13:14:30 [INFO]: {'ventana': 3, 'grupo_voto': 'Letters', 'grupo_final': 'Letters', 'comando': 'D', 'confianza_grupo': 0.9856787635153874, 'confianza_comando': 0.9333989130255329}
2026-10-02 13:14:30 [INFO]: {'ventana': 4, 'grupo_voto': 'Letters', 'grupo_final': 'Letters', 'comando': 'D', 'confianza_grupo': 0.9711815731793735, 'confianza_comando': 0.9633730952629046}
2026-10-02 13:14:30 [INFO]: Comando predicho D
2026-10-02 13:14:30 [INFO]: Grupo predicho Letters
2026-10-02 13:14:30 [INFO]: ----------------------------------------------------------------
2026-10-02 13:14:30 [INFO]: ------------------>cvs name D:/APP_BCI_PYQUE/captures/UserCMSM/Letters/UserCMSM_D_49.csv<----------------
2026-10-02 13:14:30 [INFO]: {'ventana': 1, 'grupo_voto': 'Letters', 'grupo_final': 'Letters', 'comando': 'D', 'confianza_grupo': 0.9945641978191948, 'confianza_comando': 0.43469137404533176}
2026-10-02 13:14:30 [INFO]: {'ventana': 2, 'grupo_voto': 'Letters', 'grupo_final': 'Letters', 'comando': 'D', 'confianza_grupo': 0.988022821168856, 'confianza_comando': 0.7558860817280516}
2026-10-02 13:14:30 [INFO]: {'ventana': 3, 'grupo_voto': 'Letters', 'grupo_final': 'Letters', 'comando': 'D', 'confianza_grupo': 0.9852953389908004, 'confianza_comando': 0.9730923637315938}
2026-10-02 13:14:30 [INFO]: {'ventana': 4, 'grupo_voto': 'Letters', 'grupo_final': 'Letters', 'comando': 'D', 'confianza_grupo': 0.9671174582816251, 'confianza_comando': 0.9956990637087105}
2026-10-02 13:14:30 [INFO]: Comando predicho D
2026-10-02 13:14:30 [INFO]: Grupo predicho Letters
2026-10-02 13:14:30 [INFO]: ----------------------------------------------------------------
2026-10-02 13:14:31 [INFO]: ------------------>cvs name D:/APP_BCI_PYQUE/captures/UserCMSM/Letters/UserCMSM_D_50.csv<----------------
2026-10-02 13:14:31 [INFO]: {'ventana': 1, 'grupo_voto': 'Letters', 'grupo_final': 'Letters', 'comando': 'D', 'confianza_grupo': 0.9889411719538871, 'confianza_comando': 0.9702261086035906}
2026-10-02 13:14:31 [INFO]: {'ventana': 2, 'grupo_voto': 'Letters', 'grupo_final': 'Letters', 'comando': 'D', 'confianza_grupo': 0.9831246604839234, 'confianza_comando': 0.9197733742873564}
2026-10-02 13:14:31 [INFO]: {'ventana': 3, 'grupo_voto': 'Letters', 'grupo_final': 'Letters', 'comando': 'D', 'confianza_grupo': 0.9938198649998672, 'confianza_comando': 0.9210603339334331}
2026-10-02 13:14:31 [INFO]: {'ventana': 4, 'grupo_voto': 'Letters', 'grupo_final': 'Letters', 'comando': 'D', 'confianza_grupo': 0.9957253715138739, 'confianza_comando': 0.8564148477161494}
2026-10-02 13:14:31 [INFO]: Comando predicho D
2026-10-02 13:14:31 [INFO]: Grupo predicho Letters
2026-10-02 13:14:31 [INFO]: ----------------------------------------------------------------
2026-10-02 13:14:31 [INFO]: ------------------>cvs name D:/APP_BCI_PYQUE/captures/UserCMSM/Letters/UserCMSM_D_51.csv<----------------
2026-10-02 13:14:31 [INFO]: {'ventana': 1, 'grupo_voto': 'Letters', 'grupo_final': 'Letters', 'comando': 'D', 'confianza_grupo': 0.9937499499629474, 'confianza_comando': 0.9549495092029897}
2026-10-02 13:14:31 [INFO]: {'ventana': 2, 'grupo_voto': 'Letters', 'grupo_final': 'Letters', 'comando': 'D', 'confianza_grupo': 0.9958678735401233, 'confianza_comando': 0.9769818906823253}
2026-10-02 13:14:31 [INFO]: {'ventana': 3, 'grupo_voto': 'Letters', 'grupo_final': 'Letters', 'comando': 'D', 'confianza_grupo': 0.9992120017084304, 'confianza_comando': 0.9816108114600139}
2026-10-02 13:14:31 [INFO]: {'ventana': 4, 'grupo_voto': 'Letters', 'grupo_final': 'Letters', 'comando': 'D', 'confianza_grupo': 0.9997724333951565, 'confianza_comando': 0.9638449644991802}
2026-10-02 13:14:31 [INFO]: Comando predicho D
2026-10-02 13:14:31 [INFO]: Grupo predicho Letters
2026-10-02 13:14:31 [INFO]: ----------------------------------------------------------------
2026-10-02 13:14:32 [INFO]: ------------------>cvs name D:/APP_BCI_PYQUE/captures/UserCMSM/Letters/UserCMSM_D_52.csv<----------------
2026-10-02 13:14:32 [INFO]: {'ventana': 1, 'grupo_voto': 'Letters', 'grupo_final': 'Letters', 'comando': 'D', 'confianza_grupo': 0.9912600977446127, 'confianza_comando': 0.9655095517977254}
2026-10-02 13:14:32 [INFO]: {'ventana': 2, 'grupo_voto': 'Letters', 'grupo_final': 'Letters', 'comando': 'D', 'confianza_grupo': 0.9833708325823685, 'confianza_comando': 0.9536627998612222}
2026-10-02 13:14:32 [INFO]: {'ventana': 3, 'grupo_voto': 'Letters', 'grupo_final': 'Letters', 'comando': 'D', 'confianza_grupo': 0.9719970798545617, 'confianza_comando': 0.9607793332493643}
2026-10-02 13:14:32 [INFO]: {'ventana': 4, 'grupo_voto': 'Letters', 'grupo_final': 'Letters', 'comando': 'D', 'confianza_grupo': 0.9664446901009849, 'confianza_comando': 0.9630459075852682}
2026-10-02 13:14:32 [INFO]: Comando predicho D
2026-10-02 13:14:32 [INFO]: Grupo predicho Letters
2026-10-02 13:14:32 [INFO]: ----------------------------------------------------------------
2026-10-02 13:14:32 [INFO]: ------------------>cvs name D:/APP_BCI_PYQUE/captures/UserCMSM/Letters/UserCMSM_D_53.csv<----------------
2026-10-02 13:14:32 [INFO]: {'ventana': 1, 'grupo_voto': 'Letters', 'grupo_final': 'Letters', 'comando': 'D', 'confianza_grupo': 0.9726038229590476, 'confianza_comando': 0.8057029251322695}
2026-10-02 13:14:32 [INFO]: {'ventana': 2, 'grupo_voto': 'Letters', 'grupo_final': 'Letters', 'comando': 'D', 'confianza_grupo': 0.954016321776206, 'confianza_comando': 0.9290539774950619}
2026-10-02 13:14:32 [INFO]: {'ventana': 3, 'grupo_voto': 'Letters', 'grupo_final': 'Letters', 'comando': 'D', 'confianza_grupo': 0.924607359495679, 'confianza_comando': 0.9167057294852066}
2026-10-02 13:14:32 [INFO]: {'ventana': 4, 'grupo_voto': 'Letters', 'grupo_final': 'Letters', 'comando': 'D', 'confianza_grupo': 0.7837632930907992, 'confianza_comando': 0.8615727220705566}
2026-10-02 13:14:32 [INFO]: Comando predicho D
2026-10-02 13:14:32 [INFO]: Grupo predicho Letters
2026-10-02 13:14:32 [INFO]: ----------------------------------------------------------------
2026-10-02 13:14:33 [INFO]: ------------------>cvs name D:/APP_BCI_PYQUE/captures/UserCMSM/Letters/UserCMSM_D_54.csv<----------------
2026-10-02 13:14:33 [INFO]: {'ventana': 1, 'grupo_voto': 'Letters', 'grupo_final': 'Letters', 'comando': 'D', 'confianza_grupo': 0.9787284165335922, 'confianza_comando': 0.903702536501529}
2026-10-02 13:14:33 [INFO]: {'ventana': 2, 'grupo_voto': 'Letters', 'grupo_final': 'Letters', 'comando': 'D', 'confianza_grupo': 0.9774486585234404, 'confianza_comando': 0.9539763585907619}
2026-10-02 13:14:33 [INFO]: {'ventana': 3, 'grupo_voto': 'Letters', 'grupo_final': 'Letters', 'comando': 'D', 'confianza_grupo': 0.9754730347052042, 'confianza_comando': 0.9771204056793937}
2026-10-02 13:14:33 [INFO]: {'ventana': 4, 'grupo_voto': 'Letters', 'grupo_final': 'Letters', 'comando': 'D', 'confianza_grupo': 0.9893643256054293, 'confianza_comando': 0.9646350447604926}
2026-10-02 13:14:33 [INFO]: Comando predicho D
2026-10-02 13:14:33 [INFO]: Grupo predicho Letters
2026-10-02 13:14:33 [INFO]: ----------------------------------------------------------------
2026-10-02 13:14:33 [INFO]: ------------------>cvs name D:/APP_BCI_PYQUE/captures/UserCMSM/Letters/UserCMSM_D_55.csv<----------------
2026-10-02 13:14:33 [INFO]: {'ventana': 1, 'grupo_voto': 'Letters', 'grupo_final': 'Letters', 'comando': 'D', 'confianza_grupo': 0.8325620024019217, 'confianza_comando': 0.9578548788195765}
2026-10-02 13:14:33 [INFO]: {'ventana': 2, 'grupo_voto': 'Letters', 'grupo_final': 'Letters', 'comando': 'D', 'confianza_grupo': 0.8839044508105113, 'confianza_comando': 0.862001706316553}
2026-10-02 13:14:33 [INFO]: {'ventana': 3, 'grupo_voto': 'Letters', 'grupo_final': 'Letters', 'comando': 'D', 'confianza_grupo': 0.8513313605710747, 'confianza_comando': 0.9483745686193643}
2026-10-02 13:14:33 [INFO]: {'ventana': 4, 'grupo_voto': 'Letters', 'grupo_final': 'Letters', 'comando': 'D', 'confianza_grupo': 0.8112180113505235, 'confianza_comando': 0.81315555154836}
2026-10-02 13:14:33 [INFO]: Comando predicho D
2026-10-02 13:14:33 [INFO]: Grupo predicho Letters
2026-10-02 13:14:33 [INFO]: ----------------------------------------------------------------
2026-10-02 13:14:34 [INFO]: ------------------>cvs name D:/APP_BCI_PYQUE/captures/UserCMSM/Letters/UserCMSM_D_56.csv<----------------
2026-10-02 13:14:34 [INFO]: {'ventana': 1, 'grupo_voto': 'Letters', 'grupo_final': 'Letters', 'comando': 'D', 'confianza_grupo': 0.9681378805225819, 'confianza_comando': 0.9165014414432933}
2026-10-02 13:14:34 [INFO]: {'ventana': 2, 'grupo_voto': 'Letters', 'grupo_final': 'Letters', 'comando': 'D', 'confianza_grupo': 0.8368781637410394, 'confianza_comando': 0.97289668045134}
2026-10-02 13:14:34 [INFO]: {'ventana': 3, 'grupo_voto': 'Letters', 'grupo_final': 'Letters', 'comando': 'D', 'confianza_grupo': 0.9348481220856553, 'confianza_comando': 0.9718974058958237}
2026-10-02 13:14:34 [INFO]: {'ventana': 4, 'grupo_voto': 'Letters', 'grupo_final': 'Letters', 'comando': 'D', 'confianza_grupo': 0.5608274625114208, 'confianza_comando': 0.8893268839461929}
2026-10-02 13:14:34 [INFO]: Comando predicho D
2026-10-02 13:14:34 [INFO]: Grupo predicho Letters
2026-10-02 13:14:34 [INFO]: ----------------------------------------------------------------
2026-10-02 13:14:34 [INFO]: ------------------>cvs name D:/APP_BCI_PYQUE/captures/UserCMSM/Letters/UserCMSM_D_57.csv<----------------
2026-10-02 13:14:34 [INFO]: {'ventana': 1, 'grupo_voto': 'Letters', 'grupo_final': 'Letters', 'comando': 'D', 'confianza_grupo': 0.7829095544425493, 'confianza_comando': 0.9296336637873993}
2026-10-02 13:14:34 [INFO]: {'ventana': 2, 'grupo_voto': 'Letters', 'grupo_final': 'Letters', 'comando': 'D', 'confianza_grupo': 0.609153686770181, 'confianza_comando': 0.9442486060352073}
2026-10-02 13:14:34 [INFO]: {'ventana': 3, 'grupo_voto': 'Letters', 'grupo_final': 'Letters', 'comando': 'D', 'confianza_grupo': 0.8510097086763518, 'confianza_comando': 0.9627904410801225}
2026-10-02 13:14:34 [INFO]: {'ventana': 4, 'grupo_voto': 'Letters', 'grupo_final': 'Letters', 'comando': 'D', 'confianza_grupo': 0.9537366548436473, 'confianza_comando': 0.9292890975125718}
2026-10-02 13:14:34 [INFO]: Comando predicho D
2026-10-02 13:14:34 [INFO]: Grupo predicho Letters
2026-10-02 13:14:34 [INFO]: ----------------------------------------------------------------
2026-10-02 13:14:35 [INFO]: ------------------>cvs name D:/APP_BCI_PYQUE/captures/UserCMSM/Letters/UserCMSM_D_58.csv<----------------
2026-10-02 13:14:35 [INFO]: {'ventana': 1, 'grupo_voto': 'Controls', 'grupo_final': 'Letters', 'comando': 'D', 'confianza_grupo': 0.6439503577652357, 'confianza_comando': 0.9296572140847992}
2026-10-02 13:14:35 [INFO]: {'ventana': 2, 'grupo_voto': 'Letters', 'grupo_final': 'Letters', 'comando': 'D', 'confianza_grupo': 0.8227332125315159, 'confianza_comando': 0.9293170643315757}
2026-10-02 13:14:35 [INFO]: {'ventana': 3, 'grupo_voto': 'Letters', 'grupo_final': 'Letters', 'comando': 'D', 'confianza_grupo': 0.8392433588753423, 'confianza_comando': 0.9290343522621133}
2026-10-02 13:14:35 [INFO]: {'ventana': 4, 'grupo_voto': 'Controls', 'grupo_final': 'Letters', 'comando': 'D', 'confianza_grupo': 0.5934708534335914, 'confianza_comando': 0.9292060867343129}
2026-10-02 13:14:35 [INFO]: Comando predicho D
2026-10-02 13:14:35 [INFO]: Grupo predicho Letters
2026-10-02 13:14:35 [INFO]: ----------------------------------------------------------------
2026-10-02 13:14:35 [INFO]: ------------------>cvs name D:/APP_BCI_PYQUE/captures/UserCMSM/Letters/UserCMSM_D_59.csv<----------------
2026-10-02 13:14:35 [INFO]: {'ventana': 1, 'grupo_voto': 'Letters', 'grupo_final': 'Letters', 'comando': 'D', 'confianza_grupo': 0.5854930926810505, 'confianza_comando': 0.9298107991817618}
2026-10-02 13:14:35 [INFO]: {'ventana': 2, 'grupo_voto': 'Letters', 'grupo_final': 'Letters', 'comando': 'D', 'confianza_grupo': 0.9912971084132175, 'confianza_comando': 0.9298270843388597}
2026-10-02 13:14:35 [INFO]: {'ventana': 3, 'grupo_voto': 'Letters', 'grupo_final': 'Letters', 'comando': 'D', 'confianza_grupo': 0.9936885798217272, 'confianza_comando': 0.9297717806751119}
2026-10-02 13:14:35 [INFO]: {'ventana': 4, 'grupo_voto': 'Letters', 'grupo_final': 'Letters', 'comando': 'D', 'confianza_grupo': 0.9826060724045925, 'confianza_comando': 0.9298187324961512}
2026-10-02 13:14:35 [INFO]: Comando predicho D
2026-10-02 13:14:35 [INFO]: Grupo predicho Letters
2026-10-02 13:14:35 [INFO]: ----------------------------------------------------------------
2026-10-02 13:14:35 [INFO]: Del Comando D Total Archivos 30
2026-10-02 13:14:35 [INFO]: Comando Reales Predichos, 26
2026-10-02 13:14:35 [INFO]: Grupo Real Predicho, 28
2026-10-02 13:14:35 [INFO]: =======================================================================================
