Tm,Oz,Po7,Po4,Po3,P4,P3,Po8,Pz,Fz,F2,F3,F4,AF3,Cz,AF4,F1
5762.8164,115400.78,18739.883,34558.434,50715.46,187500.0,187500.0,78271.3,161275.06,-21216.389,83024.195,48585.117,-20422.545,1856.022,23717.75,-1805.1716,36047.465
5762.839,104283.945,7447.468,22386.592,38391.047,187500.0,187500.0,65952.53,149419.66,-31798.643,70699.29,36715.47,-32702.28,18654.299,24253.633,14174.046,25103.535
5762.8613,89214.4,-8618.676,8881.131,25836.785,179183.8,172410.88,50784.82,133474.6,-42226.336,56482.992,23133.342,-46037.465,15684.0625,20101.797,12027.474,13328.4795
5762.8833,97115.12,-736.9594,17909.807,35105.293,187500.0,180563.72,59736.85,141954.06,-34049.04,65582.945,31866.01,-36835.164,453.2934,19118.365,-2366.9382,21640.043
5762.906,114390.93,17570.438,33813.34,50034.785,187500.0,187500.0,77308.61,160265.47,-21853.234,82080.64,47626.94,-21249.156,-467.64322,23020.822,-3908.1577,35255.926
5762.928,107553.0,10810.712,25655.734,41355.312,187500.0,187500.0,69375.945,152933.78,-29423.057,73865.8,39675.4,-29665.215,16774.96,24679.68,12276.294,27739.096
5762.9507,89962.49,-7687.168,9848.201,26114.975,180044.73,173456.3,51681.727,134448.73,-42120.168,57090.402,23604.203,-45572.395,17760.318,20709.139,13889.889,13708.615
5762.9727,93506.47,-4292.2056,15405.404,31832.818,184954.0,177215.61,56513.125,138514.73,-36844.305,62302.004,28609.205,-40041.766,2851.099,18840.533,-59.098015,18808.637
5762.995,111434.0,14696.676,32753.508,48161.35,187500.0,187500.0,75231.1,157754.12,-23287.256,80070.125,45614.145,-23066.531,-2114.2292,22186.611,-5346.448,33730.258
5763.0176,109222.09,12842.643,29142.16,43712.438,187500.0,187500.0,72197.35,155548.94,-27288.127,76469.64,42159.28,-27019.08,14288.42,24853.441,9845.967,30134.602
5763.04,90246.23,-7181.3696,11431.42,26436.213,181525.69,174214.44,52823.59,135813.92,-41597.805,57928.434,24449.613,-44667.973,19450.467,21352.197,15382.494,14535.094
5763.0625,89398.11,-8620.464,12705.827,28074.775,182358.92,173089.75,53102.07,135499.58,-39656.848,58817.637,25339.771,-43215.625,5595.0664,18659.059,2554.0894,16002.687
5763.0845,107004.89,9711.186,30116.34,44684.336,187500.0,187500.0,71725.57,154641.33,-25688.66,76726.03,42430.387,-25974.65,-2960.0193,21248.441,-6034.837,31238.375
5763.107,109797.78,12917.5205,31351.049,44843.367,187500.0,187500.0,73911.21,157854.56,-25882.54,78211.87,43709.13,-25112.588,11348.093,24712.268,7020.325,31839.725
5763.1294,90854.81,-7399.7915,13135.941,26728.754,183116.38,174799.06,54221.668,137911.98,-40956.242,59308.57,25432.352,-43322.4,20561.908,21958.11,16324.909,15674.049
5763.152,85873.555,-13786.623,10221.744,24365.549,179723.02,168785.64,49984.203,132768.86,-42574.844,55884.414,21998.834,-46064.555,8493.082,18545.512,5306.662,13338.649
5763.174,102260.35,2716.9216,26518.178,40527.805,187500.0,185950.22,67396.12,150496.4,-29144.418,72807.59,38008.316,-29648.271,-3052.8237,20218.295,-5994.4697,27890.06
5763.1963,109913.03,10826.157,32177.951,45584.934,187500.0,187500.0,74595.69,158978.33,-25631.662,79120.95,43760.426,-24137.27,8137.577,24175.223,3992.4016,32510.008
5763.2188,92282.47,-8044.3926,14584.335,28039.012,185222.8,175014.36,55981.465,140403.69,-40558.72,61012.2,25867.428,-41765.22,20985.809,22378.322,16601.49,16692.193
5763.241,83230.95,-18645.135,7593.6255,21648.135,177787.48,164541.34,47432.66,130788.016,-45898.996,53249.902,17907.885,-48769.363,11380.212,18434.066,8032.9487,10395.082
5763.2637,97426.875,-4480.0723,22273.068,36334.91,187500.0,179190.23,62738.285,145705.95,-33875.117,68193.25,31847.258,-34202.617,-2396.1296,19182.18,-5251.029,23328.293
5763.2856,109345.38,8164.3545,32445.904,45789.34,187500.0,187500.0,74439.27,157376.62,-27056.877,78845.984,41742.11,-24564.256,4992.218,23435.514,1041.6583,31673.875
5763.308,94356.91,-7645.0796,17025.37,30210.352,187500.0,175621.55,58305.375,139746.55,-40915.004,62929.84,25997.582,-40403.44,20613.205,22847.418,16084.628,17583.492
5763.3306,81710.67,-21703.902,6358.7363,19806.643,178465.23,161239.75,45840.703,124420.61,-49947.746,51203.87,14253.015,-51598.69,14198.23,18645.67,10621.394,7803.8887
5763.353,92893.516,-10602.126,18451.031,31552.504,187500.0,172400.42,58106.668,134644.77,-39941.25,63249.758,25351.326,-39964.16,-860.09515,18454.25,-3739.5142,18484.805
5763.375,108084.68,5562.3438,32021.512,44020.4,187500.0,187500.0,73307.11,149205.95,-29922.305,77301.234,38168.98,-27119.842,2300.4417,22654.836,-1447.3425,29924.607
5763.3975,96794.01,-6080.7476,19806.084,31171.186,187500.0,175755.89,60818.184,135453.67,-41125.895,64626.895,24812.36,-39986.312,19493.137,23245.547,14894.332,18509.348
5763.42,81298.51,-23035.283,6064.2744,17733.25,179214.66,158114.75,45204.438,116785.27,-52499.355,49604.402,9141.328,-54232.977,16661.639,19017.826,12876.55,5795.003
5763.4424,89064.84,-15643.024,14832.261,26807.477,187500.0,165370.12,53984.36,122767.055,-44508.94,58222.25,16470.934,-45557.953,1108.7136,17908.242,-1821.5554,13702.245
5763.465,106642.99,3011.093,30545.963,42489.684,187500.0,183787.33,71889.25,139532.86,-31784.36,74836.62,31775.889,-29913.252,-129.77423,21783.498,-3667.6309,27609.523
5763.487,100095.27,-3310.897,22205.744,34466.008,187500.0,176583.39,64235.918,130734.33,-39230.285,66539.71,23195.031,-38397.82,17412.611,23562.875,12788.104,20046.588
5763.5093,82499.35,-21937.613,5794.109,19199.277,182091.8,156757.55,46218.156,109784.59,-52594.215,48715.383,5590.1045,-55056.46,18780.496,19609.299,14781.97,5130.128
5763.5317,86044.3,-18650.99,10814.4,24536.717,186666.62,159293.92,50706.41,111606.11,-47729.156,52777.41,9270.074,-50200.477,3711.5522,17609.51,696.6592,9602.221
5763.554,104384.15,988.57294,28128.307,41042.074,187500.0,178361.84,69687.35,130053.18,-33782.63,70227.55,25967.564,-33202.13,-1671.9999,20866.248,-4993.1787,24771.143
5763.576,102719.97,50.09026,24723.533,36854.945,187500.0,176441.55,67107.96,127435.77,-37529.273,66630.64,22330.87,-36888.25,14888.476,23638.379,10331.469,21435.012
5763.5986,83903.6,-19731.383,6914.3335,19164.209,183542.89,155643.12,47646.254,106014.98,-52325.57,47433.266,3400.2146,-54859.473,20429.898,20197.775,16231.412,5231.9404
5763.621,83216.266,-20992.357,8064.465,20547.646,184148.05,153926.55,47749.855,103892.43,-50487.965,47668.984,3132.5076,-53734.6,6369.599,17422.38,3224.3286,6192.4614
5763.6436,101445.09,-1679.9572,25737.318,37688.26,187500.0,173039.34,66755.164,122745.234,-35730.473,65725.35,20256.225,-36168.39,-2697.6545,19939.457,-5850.323,21826.121
5763.666,105015.38,2902.4412,27342.465,38494.824,187500.0,176977.16,69554.25,126385.21,-35175.75,67694.23,21980.662,-34724.44,11662.067,23508.314,7229.7837,23024.645
5763.688,86301.32,-16582.133,9048.792,20279.18,185274.89,156651.36,49948.574,105849.46,-50443.62,48498.234,3085.7256,-53011.03,21318.402,20856.906,16950.646,6551.4976
5763.7104,81319.27,-22348.885,5875.022,17593.283,181504.12,150536.88,45615.465,99767.664,-52143.223,44570.633,-1068.838,-55998.832,9157.153,17418.691,5860.4263,3840.477
5763.733,98143.05,-4709.6025,22317.012,33976.527,187500.0,168175.62,63438.81,117526.46,-37832.05,61749.516,15323.999,-39252.66,-2802.9312,19072.098,-5832.889,18865.545
5763.7554,106420.32,4781.6646,28300.236,39456.17,187500.0,177302.72,71259.805,126655.2,-33240.31,68772.805,22040.297,-33086.37,8326.338,23157.883,4087.0388,24312.508
5763.7773,89067.95,-13128.432,10992.768,22003.035,185673.8,158727.27,52841.625,108101.734,-47849.363,50813.137,4527.2344,-50485.953,21470.64,21520.082,16972.305,8664.743
5763.8,80050.836,-23107.213,4300.632,15390.786,177160.75,148467.64,44201.473,98046.76,-52916.01,42867.25,-3332.064,-57515.195,11899.9795,17630.12,8436.8,2309.8518
5763.8223,94513.64,-8087.7773,19387.256,30073.85,187500.0,163555.2,59710.32,113453.81,-39819.727,58071.508,11294.829,-42619.75,-2169.0356,18355.41,-5118.952,15726.33
5763.8447,106873.69,5624.146,29737.053,39902.227,187500.0,176872.67,71865.875,127107.43,-31575.572,69425.75,22343.72,-32285.688,5110.0786,22657.74,1082.3832,24923.895
5763.8667,91868.76,-9615.878,14086.137,24395.387,183846.95,160747.5,55749.945,111281.24,-44825.195,53657.555,7058.681,-47739.75,21150.742,22162.537,16523.035,11103.185
5763.889,78752.555,-23811.627,2941.065,13778.979,168380.14,145958.94,42801.78,96682.27,-53613.117,41548.297,-4758.6646,-58778.14,14920.282,17940.607,11261.212,1142.8672
5763.9116,89842.15,-12589.531,14893.4375,25700.975,177978.28,157097.1,54934.688,107726.984,-42824.918,53663.03,6929.622,-46652.81,-560.9618,17642.322,-3471.1812,12124.347
5763.934,105478.84,4280.091,28667.566,38914.902,187500.0,173692.03,70586.414,124126.15,-31553.87,68552.24,21457.877,-32768.04,2238.9075,21873.15,-1532.9274,24541.992
5763.9565,94375.125,-6976.471,16351.218,26546.363,178095.53,161601.12,58209.22,111877.44,-42154.61,56397.164,9766.7295,-44849.156,19783.754,22606.6,15131.908,13794.357
5763.9785,78444.414,-24284.523,2115.168,12712.532,159418.66,143551.55,41997.277,93794.83,-53761.2,41106.426,-5049.2817,-59007.133,17311.762,18443.05,13480.784,1071.8779
5764.001,85907.34,-17199.041,10829.711,21154.451,165063.36,150406.6,50328.04,100741.055,-45682.453,49671.367,3234.2527,-50169.945,1514.1743,17365.941,-1418.7546,9143.5625
5764.0234,103744.75,1724.9065,27194.607,36525.055,181417.23,168997.86,68373.72,119438.586,-32183.584,67040.03,20173.59,-33800.49,-146.33688,21324.146,-3653.1914,23823.115
5764.046,97309.28,-4577.0566,19306.098,28027.232,172134.97,161797.86,60676.742,112255.94,-39304.203,59529.582,12926.126,-41654.29,17646.033,23274.895,13026.44,16890.676
5764.068,79204.95,-24099.652,2758.0266,11681.581,150920.84,141510.38,41987.13,91910.016,-53116.26,42036.125,-4208.9004,-58268.137,19318.748,19362.871,15306.498,1996.0779
5764.0903,82544.64,-21570.775,7698.075,16857.752,152887.48,143967.23,46084.227,94279.73,-48141.457,46783.855,188.38051,-53200.64,3901.7207,17263.66,901.64703,6711.134
5764.113,101468.74,-2012.484,25127.117,34226.734,171532.36,163629.81,65269.863,113822.95,-33268.67,65541.75,18341.865,-35448.26,-1942.7914,20452.809,-5212.4497,22707.742
5764.1353,100357.08,-2983.0415,21641.451,30755.02,169006.88,162292.02,62683.254,112244.38,-36392.152,63150.16,16044.708,-38511.543,14727.141,23288.35,10215.843,20109.105
5764.1577,81371.87,-23479.436,3334.7014,12986.945,147802.94,141414.02,42488.723,91018.38,-51549.81,44317.05,-2327.018,-56593.703,20693.783,19871.105,16532.133,3998.146
5764.1797,80431.375,-25553.834,4073.7842,14126.504,146006.31,139552.47,41947.14,88832.52,-50040.06,44729.016,-2062.932,-55653.477,6566.898,17033.996,3476.3445,5029.2993
5764.202,98843.06,-6561.422,21629.584,31439.316,164908.77,158979.39,60885.91,107965.01,-34917.492,63408.902,16025.418,-37807.89,-2858.4753,19546.334,-5930.611,21137.576
5764.2246,102680.25,-2108.4846,23087.877,32587.033,168160.78,163379.11,63807.055,111983.445,-33968.414,66152.02,18719.162,-35960.652,11480.729,23201.291,7121.065,22867.422
5764.247,83763.26,-22190.791,4500.815,14313.498,147215.1,142960.94,43773.01,91184.52,-49552.145,47151.59,215.78374,-54334.23,21489.617,20618.748,17163.033,6465.9575
5764.269,78438.29,-28722.752,1234.3976,11357.392,140730.34,136524.4,38736.113,84460.12,-51668.293,43140.3,-3806.547,-57586.344,9380.111,17168.24,6142.3936,3626.213
5764.2915,95299.64,-11425.206,18016.045,27781.117,157799.61,154267.28,56251.54,101944.875,-37219.145,60537.848,13046.736,-40745.2,-2916.9697,18791.582,-5861.119,18809.174
5764.314,103929.04,-1897.2162,24484.303,33663.96,166112.72,163868.38,64165.51,111195.7,-32257.1,68077.16,20492.863,-34166.34,8069.002,22928.555,3904.5818,24696.107
5764.3364,86476.914,-20191.695,7040.375,16214.335,146638.16,145246.25,45406.855,92213.89,-47150.625,50150.453,3146.7458,-51551.28,21622.564,21381.59,17174.342,9142.96
5764.359,76995.15,-30967.54,-208.7206,9219.737,135801.73,134464.28,36107.367,81174.68,-52818.426,41805.855,-4991.279,-58886.39,12198.442,17458.299,8806.074,2545.819
5764.381,91376.195,-16366.438,14626.222,23842.652,150646.25,149486.97,51415.117,96006.445,-39819.547,56987.094,9733.783,-43939.867,-2214.298,18129.926,-5055.2944,16019.719
5764.4033,104199.234,-2432.9429,25335.166,34019.332,163876.62,163552.06,63983.746,109817.12,-31185.29,68913.84,21444.756,-33054.363,4696.102,22473.406,785.0156,25709.402
5764.426,89572.36,-17538.207,10054.419,18716.771,147705.92,148103.12,48145.926,94085.09,-44274.605,53572.016,6604.114,-48144.52,20876.04,22097.852,16346.322,12209.439
5764.448,76471.38,-31999.406,-993.4456,8035.206,133216.44,133523.55,35111.125,79293.22,-53230.57,41464.945,-5241.7305,-59221.89,14805.015,17935.02,11235.552,2207.4585
5764.47,87615.36,-20943.34,11030.363,20020.795,144770.94,144962.53,47306.53,90559.016,-42457.387,53668.754,6514.5947,-47060.06,-776.07495,17653.432,-3597.044,13197.812
5764.4927,103584.94,-3846.132,25063.348,33523.39,161542.34,162292.4,63394.58,107636.15,-30912.799,68981.98,21482.709,-32848.1,1783.3563,21892.953,-1887.9625,25904.912
5764.515,92741.484,-14853.384,12998.345,21273.229,149576.67,150980.4,51433.29,96023.79,-41353.59,57180.254,10131.264,-44666.945,19434.04,22693.236,14856.736,15435.177
5764.5376,76688.414,-32282.713,-1246.691,7372.701,132064.56,133335.34,35274.902,78144.48,-53121.918,41862.72,-4791.7896,-58915.76,17130.78,18511.225,13369.204,2648.3242
5764.56,84070.93,-25243.166,7481.42,16157.562,139701.31,140681.36,43749.14,85362.79,-45073.727,50450.883,3471.7625,-50098.4,1206.1672,17300.027,-1650.0505,10701.859
5764.582,102038.51,-6149.658,23881.654,32111.477,158722.61,160041.45,62141.543,104568.414,-31423.334,68025.7,20622.37,-33577.977,-571.5118,21167.797,-4010.1936,25511.812
5764.6045,95721.88,-12233.244,15958.028,23994.285,151725.17,153668.84,54782.99,97968.125,-38475.066,60620.348,13555.283,-41307.344,17249.244,23078.781,12693.556,18649.984
5764.627,77604.26,-31619.963,-635.54956,7791.282,132109.98,133957.25,36282.27,78070.266,-52386.945,42977.49,-3618.3005,-57951.457,19041.877,19158.15,15095.609,3663.2947
5764.6494,80874.586,-28950.338,4319.6533,13028.922,135392.61,136842.47,40520.7,80898.14,-47519.543,47531.902,709.42206,-52961.344,3648.386,17103.777,715.0547,8211.874
5764.6714,99662.766,-9142.848,21879.81,30419.564,155333.97,156974.19,59955.7,101073.2,-32672.059,66211.7,18936.377,-35236.367,-2239.8015,20377.752,-5452.418,24052.2
5764.694,98455.37,-9753.408,18623.72,27080.346,153846.64,156150.81,57868.355,100261.26,-35762.816,63819.73,16832.004,-38230.203,14413.12,23276.057,9950.192,21363.664
5764.7163,79346.04,-29947.785,505.97644,9421.597,133045.89,135551.11,38293.93,79689.02,-51001.965,44855.906,-1512.8108,-56302.594,20463.314,19909.146,16339.371,5094.745
5764.739,78292.04,-31787.31,1359.4556,10640.19,131460.12,133770.48,38337.426,78030.33,-49606.95,45087.83,-1287.9076,-55429.242,6359.429,17090.836,3311.4333,5945.3184
5764.761,96725.26,-12459.243,19094.113,28144.713,150961.7,153372.19,57858.297,97782.09,-34458.12,63703.836,17059.701,-37595.613,-3149.428,19598.324,-6173.1943,22014.973
5764.783,100579.34,-7508.823,21146.115,29627.754,155171.16,158109.02,61406.258,102612.59,-33363.465,66397.445,20207.23,-35631.746,11137.941,23269.24,6826.804,23831.7
5764.8057,81421.11,-27237.502,3102.3774,11498.811,134933.62,137855.34,41827.47,82500.0,-48999.92,47134.758,1759.8423,-53977.094,21316.592,20727.488,17038.31,7351.914
5764.828,75768.71,-33613.582,25.458637,8557.835,129129.47,131389.97,37138.68,76241.11,-51298.28,42775.742,-2433.6357,-57343.668,9260.954,17256.574,6066.9116,4352.7114
5764.8506,92531.17,-16064.579,16899.326,25183.867,147387.56,149198.27,55136.01,94287.84,-36854.273,60056.996,14535.876,-40533.15,-3158.5474,18853.832,-6051.713,19578.273
5764.8726,101289.88,-6076.4336,23499.262,31470.742,157319.64,159110.03,63717.65,104319.17,-31753.021,67718.14,22348.795,-33854.688,7719.7344,23003.59,3607.5269,25688.771
5764.895,83965.83,-23825.932,6038.972,14477.694,141044.55,140934.22,45682.562,86226.69,-46542.906,49965.047,5227.7383,-51099.598,21158.072,21449.719,16758.422,10384.554
5764.9175,74866.64,-33684.48,-1166.3141,8416.996,138023.55,131027.74,37340.336,76632.2,-51871.227,42112.543,-2506.7483,-58019.453,11415.752,17534.004,8076.669,4342.1167
5764.94,89617.24,-18183.459,13856.518,23996.678,159901.6,146995.56,53464.703,93065.266,-38600.438,57732.543,12639.286,-42790.695,-2934.4712,18290.97,-5734.9883,18287.26
5764.9624,102656.516,-3553.0781,25172.871,34625.824,177218.4,162143.73,66602.37,108299.68,-29911.598,69835.74,24603.594,-31881.053,4011.311,22642.877,144.7052,28166.172
5764.9844,88328.96,-17811.146,10771.999,19658.584,165868.81,148218.11,51412.77,94136.07,-42944.5,54670.223,9971.739,-46862.938,20098.086,22244.322,15612.985,14827.299
5765.007,75561.69,-31387.057,530.8986,9520.525,157007.47,135154.28,38995.37,81209.52,-51855.355,42715.996,-1750.2086,-57808.496,14045.523,18083.166,10510.216,4964.569
5765.0293,86891.31,-19709.3,13251.925,22123.758,171828.78,147570.66,51530.81,94360.93,-41173.258,54840.586,10008.419,-45739.695,-1355.8793,17808.418,-4148.3496,15901.5
5765.052,102960.945,-2200.753,27994.42,36268.75,187500.0,165376.78,67784.64,112955.86,-29823.174,69912.66,24923.426,-31800.273,1273.6025,22009.115,-2359.0256,28349.791
5765.0737,92357.125,-12601.109,16686.984,24770.785,179355.83,154751.6,56158.223,103001.6,-40335.492,58022.18,13581.166,-43712.28,18808.078,22763.129,14277.11,17673.883
5765.096,76557.26,-29359.443,2961.852,11575.142,165625.86,137965.38,40354.38,86949.25,-52150.71,42649.434,-1418.7323,-57966.656,16535.463,18575.15,12801.917,4744.8955
5765.1187,84010.31,-21950.441,11948.394,20771.701,175422.4,145933.1,48908.367,95547.07,-44296.668,50988.49,6627.0913,-49357.055,831.7531,17368.848,-2005.9126,12496.033
5765.141,102002.37,-2660.953,28684.865,36928.438,187500.0,165747.9,67267.69,115670.28,-30862.018,68240.19,23627.203,-33127.723,-886.71606,21201.1,-4294.2617,26926.768
5765.1636,95976.25,-8261.183,21334.451,29156.934,187500.0,160150.31,60164.06,110085.79,-37932.41,60745.9,16584.973,-40870.816,16773.71,23071.807,12244.8,19904.922
5765.1855,78111.8,-27125.049,5098.009,13283.44,170785.53,141287.27,41924.945,91219.33,-51872.88,43016.85,-720.5532,-57460.992,18577.05,19140.203,14642.315,4801.446
5765.208,81418.76,-24190.936,10206.612,18632.662,175822.55,144745.28,46200.297,94767.24,-47173.45,47323.676,3321.8716,-52624.098,3362.7754,17081.38,431.41104,9119.825
5765.2305,100200.64,-4299.939,28084.99,35967.6,187500.0,165231.1,65576.53,115233.86,-32535.824,65707.734,21304.008,-35219.47,-2470.516,20321.18,-5669.2295,24712.492
5765.253,99241.68,-4599.2964,25394.488,32724.832,187500.0,164969.2,63688.01,114747.11,-35685.12,63229.8,19101.11,-38353.473,14031.196,23175.072,9590.308,21953.617
5765.275,80370.4,-24408.129,7602.6333,15229.25,174270.36,145008.97,44215.844,94538.695,-50990.207,44192.867,524.43896,-56498.816,20080.562,19785.342,15965.359,5640.865
5765.2974,79322.75,-26103.016,8494.267,16498.225,174577.11,143637.86,44037.05,92978.92,-49792.445,44182.94,318.31122,-55885.887,6146.931,16944.41,3091.604,6283.053
5765.32,97648.875,-6875.218,26278.32,33743.758,187500.0,163581.14,63187.02,112404.53,-34912.887,62462.805,18070.404,-38512.15,-3284.6113,19387.883,-6306.545,21994.945
5765.3423,101764.26,-1860.984,28422.076,34816.105,187500.0,169198.94,66588.62,116825.71,-33958.266,65093.266,20763.52,-36841.824,10810.511,22959.803,6508.783,23584.533
5765.3647,83120.266,-21269.943,10373.199,16486.602,177216.1,150212.64,47135.76,96463.61,-49584.73,45995.555,2142.3923,-55229.574,20803.307,20334.367,16522.365,7071.958
5765.3867,77870.42,-27315.865,7274.241,13481.12,173111.0,144989.72,42603.97,90059.09,-51831.82,41785.785,-2156.6975,-58614.01,8838.439,16885.559,5631.3433,4018.5977
5765.409,94786.24,-9681.301,24209.6,29933.861,187500.0,163656.38,60556.56,107799.02,-37460.074,59014.934,14499.822,-42032.703,-3351.2417,18532.525,-6255.4937,18971.402
5765.4316,103655.88,348.419,31160.86,35997.844,187500.0,174198.23,69044.41,117389.914,-32480.66,66546.195,21942.127,-35595.535,7484.7056,22635.256,3372.23,24732.162
5765.454,86531.85,-17228.121,14180.26,18852.201,179970.72,156792.1,51060.24,99162.13,-47327.473,48728.035,4622.006,-52872.516,20864.08,21024.744,16456.428,9145.016
5765.476,77289.164,-27329.277,7177.324,12214.29,171621.77,147238.75,42434.566,89342.41,-52956.336,40500.918,-3546.216,-60051.25,11518.056,17128.387,8146.965,2509.028
5765.4985,91771.57,-12293.236,22170.986,27112.8,186624.08,163135.02,58125.58,105379.29,-39973.395,55673.12,11093.797,-45171.605,-2678.231,17865.818,-5507.962,15830.198
5765.521,104722.89,2061.5908,33181.344,37535.938,187500.0,177926.11,71003.23,120466.5,-31346.824,67561.586,22775.713,-34410.49,4168.6675,22188.02,280.69324,25364.045
5765.5435,90350.36,-12297.55,18361.4,22594.688,183195.55,163535.94,55662.33,106616.836,-44373.715,52346.066,8007.87,-49367.316,20092.879,21730.346,15585.515,11860.73
5765.5654,77479.555,-25911.707,7640.162,12267.04,171225.11,150165.7,43094.41,94158.56,-53252.63,40454.38,-3781.3342,-60222.355,14049.949,17581.504,10494.189,1899.8536
5765.588,88712.16,-14213.14,19754.227,24504.062,182950.89,162463.28,55492.676,108244.336,-42476.586,52716.812,7934.9585,-48065.215,-1312.6287,17365.607,-4118.2866,12807.394
5765.6104,104834.69,3502.7642,33869.887,38313.33,187500.0,180435.94,71714.234,128741.79,-30929.34,68025.68,22897.977,-33947.27,1195.3043,21597.799,-2448.0527,25379.133
5765.633,94408.5,-6550.827,21968.615,26618.783,185142.81,170170.92,60086.945,120720.53,-41290.203,56343.383,11663.565,-45634.33,18552.531,22310.932,14002.653,14862.815
5765.6553,78754.164,-22922.81,7720.4717,13245.22,169631.25,153762.11,44234.527,106485.26,-53006.96,41097.55,-3188.0518,-59685.668,16278.061,18125.926,12523.526,2052.6277
5765.6772,86360.75,-15087.675,16572.299,22352.059,178123.2,161931.62,52763.418,116351.47,-45010.984,49595.797,5014.145,-50896.58,654.86145,17000.49,-2197.9365,9958.061
5765.6997,104518.57,4624.107,33328.215,38515.21,187500.0,181698.28,71123.57,137109.89,-31443.986,67012.83,22098.344,-34550.344,-1087.9712,20887.527,-4501.53,24561.527
5765.722,98602.805,-596.9257,25694.762,30755.176,187500.0,176005.53,64003.727,132265.64,-38495.652,59606.363,15113.714,-42253.004,16446.66,22703.518,11911.9375,17645.586
5765.7446,80819.195,-19095.701,8899.46,14900.479,171442.94,157183.75,45737.46,114740.16,-52437.28,41948.883,-1986.2654,-58788.49,18225.39,18738.988,14281.178,2628.7441
5765.7666,84289.77,-15734.778,13570.817,20397.107,176320.52,160716.98,50046.855,119634.836,-47644.02,46412.19,2365.3289,-53784.133,3107.295,16754.488,163.86064,7109.6206
5765.789,103197.625,4561.4995,31148.096,37898.75,187500.0,181084.64,69438.445,140831.0,-32902.01,64925.18,20565.596,-36199.883,-2670.743,20066.973,-5885.483,22851.709
5765.8115,102313.19,4615.7476,28224.174,34779.94,187500.0,180703.45,67514.586,140921.3,-36021.895,62489.355,18498.707,-39193.117,13680.811,22864.293,9224.097,20166.572
5765.834,83573.24,-14787.714,10177.331,17451.414,174969.53,160917.44,48055.715,121964.96,-51249.11,43560.246,159.32324,-57111.746,19609.924,19419.152,15481.267,3949.531
5765.8564,82754.99,-15975.842,10913.598,18986.87,175692.78,159849.62,47989.355,121894.71,-49855.254,43785.797,317.59595,-56148.188,5757.4966,16669.172,2690.7478,4791.432
5765.8784,101227.7,3656.0078,28639.09,36566.25,187500.0,179610.11,67182.055,142164.23,-34843.957,62222.7,18347.117,-38502.805,-3463.6487,19259.314,-6510.9067,20651.605
5765.901,105314.445,8891.436,30611.252,38107.45,187500.0,184457.84,70456.7,147047.19,-33910.793,64900.594,21154.697,-36738.695,10613.525,22831.39,6290.161,22235.494
5765.9233,86691.086,-10196.018,12308.011,20295.252,178745.58,164897.78,50950.223,127838.24,-49493.29,46035.098,2742.1567,-54964.64,20483.654,20178.688,16187.535,5772.629
5765.946,81523.03,-15875.595,8977.534,17743.777,174979.56,159265.77,46429.85,122871.7,-51624.37,42172.895,-1271.792,-58100.32,8590.178,16813.965,5364.8213,2868.757
5765.968,98430.445,2016.2838,25746.662,34457.246,187500.0,177384.56,64274.05,141218.2,-37222.406,59587.363,15488.978,-41364.164,-3447.2874,18555.033,-6372.1475,17930.414
5765.99,107245.44,12209.708,32530.707,40665.45,187500.0,187308.84,72564.66,150867.22,-32275.36,67185.79,22918.34,-34870.867,7328.445,22652.912,3201.6416,23723.158
5766.0127,90119.16,-5202.123,15313.517,23626.734,182626.03,169410.45,54380.05,133037.83,-47134.98,49524.316,5599.9395,-52131.62,20615.53,21006.371,16191.335,8152.3965
5766.035,80886.56,-15174.399,8021.8623,17015.6,174762.23,159398.97,45539.805,123581.234,-52771.867,41484.973,-2542.0417,-59333.18,11371.853,17144.682,7978.835,1543.5891
5766.0576,95336.54,-130.33302,22869.367,31826.717,187500.0,174702.55,61001.938,139313.58,-39840.47,56719.473,12121.485,-44523.76,-2694.6594,17937.32,-5544.708,14872.964
5766.0796,108367.65,14142.888,33962.76,42169.72,187500.0,187500.0,73732.445,153305.22,-31277.154,68584.625,23825.977,-33840.63,4104.272,22266.027,204.47377,24392.594
5766.102,94230.06,-437.46835,19112.174,27184.438,186335.55,173915.1,58293.17,138334.67,-44321.812,53390.605,9127.983,-48866.703,19961.227,21804.754,15436.25,10844.709
5766.1245,81583.02,-14475.75,8221.419,16836.586,174651.02,160022.92,45647.695,124956.79,-53186.914,41604.02,-2530.9106,-59778.09,13990.226,17698.068,10404.938,864.0961
5766.147,92967.59,-3316.4177,20401.4,28991.867,186480.12,171737.95,57942.27,136873.66,-42425.535,53978.324,9278.344,-47677.258,-1222.2382,17543.303,-4059.032,11773.647
5766.169,109177.03,13761.724,35015.28,42671.047,187500.0,187500.0,74062.89,153580.72,-30914.744,69381.85,24254.057,-33574.62,1290.8134,21800.172,-2369.844,24337.652
5766.1914,98762.98,2988.2273,23641.285,30803.074,187500.0,178230.28,62389.223,142145.67,-41238.055,57943.39,13090.947,-45185.418,18597.145,22527.453,14031.665,13842.727
5766.214,83032.87,-14207.708,9615.051,17220.03,175010.33,161225.12,46491.562,125273.17,-52895.582,43063.434,-1626.7153,-59130.227,16361.164,18364.91,12584.323,1116.0674
5766.2363,90506.445,-7252.18,18308.74,26114.572,183335.19,168819.03,54947.45,133036.27,-44898.645,51837.855,6636.2554,-50204.566,817.20215,17266.164,-2055.3323,9124.117
5766.259,108569.24,11586.251,34958.598,42121.285,187500.0,187500.0,73267.04,151860.86,-31310.86,69441.016,23705.68,-33642.637,-988.21533,21162.477,-4419.03,23859.258
5766.281,102749.586,5596.028,27699.533,34300.652,187500.0,182183.45,66250.055,145229.53,-38196.72,62423.8,16896.6,-40908.992,16435.215,23009.4,11875.84,17226.758
5766.303,85058.516,-13676.496,11392.886,18316.719,176308.34,163111.03,48083.88,126124.93,-51864.004,45320.89,70.94444,-56992.188,18242.668,19087.252,14254.803,2564.036
5766.3257,88456.19,-11147.643,16360.27,23537.104,180744.95,166303.98,52379.258,129479.484,-46782.0,50252.445,4557.074,-51686.2,3232.4424,17130.623,232.94989,7300.3706
5766.348,107278.27,8340.576,34224.88,40774.902,187500.0,186354.83,71734.484,149095.62,-31742.473,69111.57,22714.246,-33846.152,-2543.9417,20460.744,-5817.7124,23196.797
5766.37,106461.65,7714.884,31656.73,37534.37,187500.0,185791.02,69891.53,147888.05,-34454.633,67146.92,20764.504,-36458.47,13721.334,23312.334,9205.365,20765.756
5766.3926,87702.69,-12433.471,13763.266,19980.137,178258.08,165707.55,50417.38,127906.92,-49351.312,48679.957,2725.4824,-54079.555,19705.143,19919.072,15519.935,4824.133
5766.415,86689.48,-14445.978,14362.427,21174.613,178409.7,164225.61,50184.207,126975.79,-47741.406,49199.363,3095.4932,-52961.5,5961.121,17172.354,2827.8535,5814.0913
5766.4375,104983.734,4430.6973,31906.824,38525.36,187500.0,183671.69,69239.24,146530.1,-32531.8,67812.13,21177.207,-35135.086,-3339.4177,19737.889,-6441.706,21749.947
5766.46,109193.95,9183.863,34009.297,40107.457,187500.0,187500.0,72647.83,151028.53,-31205.92,70800.66,24294.424,-32968.934,10561.96,23362.334,6191.724,23620.564
5766.482,90640.195,-10507.98,15736.768,22192.803,180791.47,168748.08,53167.78,131514.67,-46466.016,52150.62,6374.1143,-50929.883,20516.242,20773.89,16166.033,7491.4336
5766.5044,85307.586,-16958.94,12261.8545,19341.86,176711.8,162681.95,48450.56,126035.484,-48555.723,48278.273,2686.8586,-54042.9,8755.982,17375.576,5473.004,4724.489
5766.527,101997.67,159.99379,29034.402,35771.51,187500.0,180342.95,66087.94,143611.55,-34230.8,65596.18,19550.96,-37310.227,-3299.967,19054.773,-6280.17,19766.766
5766.5493,110839.46,9798.425,36080.1,41926.58,187500.0,187500.0,74412.36,152629.45,-29177.99,73263.26,27193.535,-30635.08,7343.085,23164.008,3162.6155,25691.7
5766.5713,93789.13,-8134.962,19035.395,24839.36,183628.75,171987.05,56285.156,134349.8,-43811.164,55728.957,10376.82,-47696.613,20673.756,21577.033,16191.85,10438.712
5766.5938,84443.71,-18733.602,11688.0625,18029.924,175497.11,161656.1,47348.016,124396.336,-49400.33,47668.85,2629.2358,-54861.754,11534.887,17696.637,8078.4346,4027.829
5766.616,98666.51,-4317.843,26365.402,32605.607,187500.0,176609.05,62627.98,139419.31,-36585.785,62775.613,17295.936,-40083.566,-2499.73,18439.877,-5414.8223,17354.43
5766.6387,111493.43,9481.812,37340.45,42827.49,187500.0,187500.0,75238.75,152814.38,-28071.467,74571.53,28880.6,-29348.715,4216.0083,22749.316,254.4299,26882.51
5766.661,97137.734,-5421.058,22378.254,27771.172,186691.66,175447.31,59727.8,137505.72,-41003.72,59409.4,14323.244,-44271.05,20060.736,22295.889,15483.3,13562.391
5766.683,84168.74,-19679.797,11250.326,17277.004,174937.4,161325.7,46924.875,123830.08,-49846.47,47512.656,2809.1897,-55184.156,14141.927,18139.873,10505.343,3769.6667
5766.7056,95124.67,-8752.362,23072.611,29218.938,186608.17,172754.33,58983.484,135521.48,-39242.805,59582.895,14444.524,-43183.66,-1023.5087,17925.229,-3921.3677,14626.065
5766.728,110970.336,8174.5693,37290.29,42745.836,187500.0,187500.0,74919.39,152227.16,-27899.27,74641.266,29075.932,-29208.947,1412.3397,22140.723,-2308.533,27046.08
5766.7505,100412.11,-2568.7966,25673.684,30869.729,187500.0,178920.1,63197.566,140974.03,-38202.62,63005.41,17858.465,-40880.137,18644.643,22870.596,14025.139,16620.4
5766.7725,84522.75,-19744.795,11419.887,17208.43,175157.53,161765.67,47191.04,124222.305,-49898.973,47894.156,3168.7175,-54982.766,16461.59,18696.186,12638.034,3916.2268
5766.795,91707.984,-12836.495,19850.719,25908.578,183368.53,169123.02,55436.44,131950.42,-42111.113,56328.676,11216.062,-46372.52,987.79065,17548.266,-1940.3551,11715.533
5766.8174,109533.07,6063.626,36361.465,41796.668,187500.0,187500.0,73625.78,150802.55,-28761.398,73631.305,27941.826,-30114.62,-878.7365,21403.584,-4361.4736,26187.395
5766.84,103591.51,288.73987,28948.08,33973.242,187500.0,182278.55,66591.57,144504.17,-35767.957,66395.875,20912.562,-37675.633,16502.092,23270.223,11905.68,19430.842
5766.8623,85603.23,-18923.123,12108.164,17817.203,176144.64,162972.45,48209.094,125780.41,-49777.785,48841.336,3738.4636,-54266.66,18438.357,19342.889,14426.576,4523.345
5766.8843,88595.81,-16448.27,16394.088,22800.367,180368.44,165810.67,52170.805,129456.37,-45275.203,53139.82,7637.949,-49550.535,3457.681,17310.531,446.0067,8846.731
5766.9067,107143.89,3104.7468,33778.938,39966.508,187500.0,185641.98,71336.0,149480.62,-30707.656,71473.016,25202.889,-32130.342,-2459.3403,20569.686,-5729.624,24426.3
5766.929,106195.51,2709.188,30940.605,36812.387,187500.0,185041.7,69487.84,148847.53,-33707.973,69137.766,22782.129,-35002.63,13749.05,23429.814,9245.71,21876.703
5766.9517,87104.82,-17335.41,12740.383,19216.355,177965.58,164800.4,49885.63,129336.984,-48931.277,50203.426,4125.752,-52991.113,19846.496,20060.916,15667.88,5737.9834
5766.9736,85679.07,-19342.576,13113.1875,20293.844,178030.36,163055.83,49434.37,128616.03,-47759.13,50193.617,3752.5452,-52322.91,6129.005,17274.59,3001.6829,6400.5117
5766.996,103696.14,-333.91272,30625.2,37622.01,187500.0,182337.84,68379.98,148323.95,-32899.44,68430.6,21213.215,-34852.94,-3265.724,19769.74,-6356.9927,22078.295
5767.0186,107779.84,4721.605,32759.812,39283.797,187500.0,187112.94,71810.95,153092.03,-31800.207,71199.234,23809.28,-32924.543,10601.165,23376.752,6242.418,23806.465
5767.041,89058.875,-14704.633,14337.884,21381.814,180592.31,167207.38,52274.004,133809.03,-47319.562,52222.33,5196.915,-51236.414,20642.977,20795.572,16300.613,7439.242
5767.0635,83525.3,-20872.977,10459.589,18524.635,176499.62,160876.3,47426.582,128651.89,-49651.473,47936.402,776.6337,-54818.703,8867.116,17352.174,5592.5854,4352.041
5767.0854,100129.914,-3287.6511,26715.12,35047.6,187500.0,178422.38,65034.5,146950.67,-35414.91,64966.082,17152.863,-38409.844,-3305.7336,18971.291,-6276.4146,19206.186
5767.108,108987.914,7059.3965,33378.934,41361.637,187500.0,187500.0,73425.4,156839.98,-30366.01,72420.69,24454.574,-31883.13,7306.8745,23069.996,3131.9937,25064.42
5767.1304,91869.18,-10219.889,15959.437,24333.764,183839.7,169996.7,55263.84,139187.92,-45172.566,54506.99,7040.375,-49177.73,20768.75,21503.541,16283.938,9567.374
5767.153,82360.26,-20351.287,8115.047,17484.182,175668.47,159378.81,46170.234,129711.29,-51020.184,45948.504,-1430.8246,-56686.73,11647.2705,17587.896,8200.363,2753.355
5767.175,96491.66,-5434.626,22428.502,32104.549,187500.0,174150.27,61379.39,145270.7,-38304.86,60714.004,12798.564,-42159.64,-2521.2546,18249.82,-5413.839,15833.216
5767.1973,109404.44,9056.279,33269.59,42523.727,187500.0,187500.0,74133.63,159302.4,-29683.79,72467.89,24300.773,-31479.102,4119.9404,22546.361,176.5788,25370.975
5767.2197,95111.93,-5248.1006,18199.64,27586.031,187146.11,172957.38,58671.793,144276.97,-42640.156,57181.91,9470.391,-46566.418,20150.703,22153.844,15568.55,11908.474
5767.242,82042.11,-19200.598,6850.944,17045.775,175401.48,158430.7,45657.375,130360.055,-51716.215,44907.81,-2591.7073,-57834.56,14294.075,17976.303,10649.579,1710.0873
5767.264,92968.51,-7958.249,18495.713,29057.514,187237.17,169546.44,57616.406,141370.12,-41190.668,56711.54,8747.087,-46065.094,-1023.03937,17672.877,-3920.0266,12332.933
5767.2866,108971.75,9453.761,32716.07,42854.285,187500.0,186582.94,73692.88,156970.88,-29700.531,71790.21,23475.904,-32055.285,1328.6548,21865.998,-2380.7515,24844.389
5767.309,98559.39,-906.09503,21206.957,31303.283,187500.0,175224.25,62042.95,143927.92,-39997.31,60099.13,12202.3545,-43752.625,18798.064,22690.375,14190.296,14378.072
5767.3315,82583.625,-18118.191,6998.264,17817.45,178081.62,157000.86,45761.11,124207.18,-51964.61,44568.71,-2977.0066,-58199.742,16791.166,18516.41,12963.744,1294.032
5767.354,89709.83,-11284.436,15551.719,26629.11,186406.42,163379.39,53776.062,129009.4,-44285.535,52671.46,4771.7847,-49835.473,1193.2703,17266.834,-1753.5391,8879.478
5767.376,107670.68,7814.483,32232.98,42684.883,187500.0,182044.11,72004.03,145826.42,-30686.13,70029.22,21709.67,-33472.004,-811.7036,21080.959,-4311.115,23536.344
5767.3984,101870.49,2236.337,24803.643,34931.33,187500.0,175584.36,65011.703,137327.78,-37443.176,62870.605,14887.112,-40902.062,16793.982,23045.521,12175.822,16919.354
5767.421,83728.73,-17197.834,7745.9976,18509.012,180444.2,155358.72,46352.758,115050.664,-51542.207,44976.406,-2525.7249,-57711.758,18949.543,19130.256,14913.822,1744.6431
5767.4434,86471.84,-15068.296,11799.017,23148.473,184470.22,157281.66,49993.008,115266.72,-47125.504,48918.473,1208.1343,-53200.684,3847.1602,16971.836,819.5938,5857.1406
5767.4653,104957.78,4424.1484,28762.516,40148.92,187500.0,176699.22,69123.91,133261.64,-32390.248,67271.58,19105.4,-35641.715,-2290.5176,20140.576,-5572.3794,21617.021
5767.488,104119.34,4167.505,25516.104,36939.703,187500.0,175916.25,67388.92,131105.77,-35115.105,65126.926,17232.725,-38218.223,14036.8955,23082.49,9505.55,19360.256
5767.5103,84994.81,-16045.669,6953.047,19123.506,183299.48,155094.61,47636.754,109107.0,-50364.45,45996.34,-1234.174,-56232.832,20368.186,19763.48,16159.1045,3158.7263
5767.5327,83361.305,-18420.969,7057.1836,19871.908,183329.66,152670.48,46906.68,105800.11,-49336.984,45658.984,-1567.4161,-55705.086,6521.3003,16865.934,3377.2593,3684.7747
5767.555,101339.08,439.41296,24477.486,37043.637,187500.0,171746.14,65802.734,124157.445,-34360.086,63939.758,16227.724,-38053.332,-3137.1792,19273.508,-6234.1475,19579.035
5767.577,105587.32,5580.18,26738.879,38718.992,187500.0,176657.16,69394.766,128331.29,-32946.74,67032.79,19381.668,-35688.05,10773.229,22963.043,6405.563,21732.29
5767.5996,86860.85,-14038.103,8868.86,20631.332,185380.25,156611.39,49767.324,107652.17,-48406.996,48045.547,1001.26874,-53816.387,21051.32,20463.314,16694.965,5474.3447
5767.622,81120.34,-20771.232,5700.388,17369.16,180912.34,149925.69,44586.234,100640.37,-50889.87,43483.375,-3467.9402,-57391.727,9259.658,16954.76,5983.987,2286.6284
5767.6445,97637.945,-3691.1897,22497.613,33537.72,187500.0,167371.4,62003.72,117852.4,-36644.57,60536.598,13047.25,-40802.375,-3155.4854,18476.064,-6111.4365,17259.592
5767.6665,106693.1,6387.771,29757.795,39676.45,187500.0,177371.56,70449.266,127584.74,-31312.357,68578.19,20857.354,-33815.082,7414.9233,22637.914,3251.6648,23545.06
5767.689,89606.586,-11396.552,12712.242,22369.94,185985.08,159043.19,52139.223,109214.07,-46051.86,50990.277,3715.2625,-50945.016,21194.44,21190.93,16702.564,8236.059
5767.7114,79794.86,-22411.111,4917.9204,15128.399,176529.22,147705.84,42583.16,98254.78,-52164.48,42269.99,-4887.7456,-58666.63,12177.365,17237.195,8727.663,1309.7899
5767.734,93727.555,-8247.101,19240.271,29592.215,187500.0,161886.38,57481.066,112996.984,-39687.918,56940.758,9327.271,-44198.387,-2215.371,17814.342,-5077.959,14466.005
5767.7563,106740.89,5872.653,30227.92,40166.51,187500.0,175751.11,70209.87,127267.62,-31076.324,68922.164,21145.176,-33253.227,4283.131,22134.553,387.5122,24391.297
5767.7783,92300.59,-9029.167,15176.299,25146.07,184134.94,160150.84,54415.637,111918.07,-44223.42,53568.93,6375.969,-48379.324,20701.605,21846.373,16144.754,11043.036
5767.801,78571.44,-24132.955,3615.797,13920.152,167832.2,144560.06,40564.844,96467.336,-53838.113,40697.566,-6148.1606,-60200.83,15110.205,17613.176,11491.188,511.65378
5767.823,89055.766,-13817.446,15221.718,25388.877,176693.4,154881.11,51901.266,106916.98,-43597.707,52204.938,4965.843,-48712.77,-517.5323,17172.867,-3358.506,11050.346
5767.8457,105174.35,3317.4014,29670.445,39177.47,187500.0,171824.7,67940.01,123932.14,-31900.79,67643.22,20072.383,-34420.254,1488.2239,21351.236,-2166.577,23988.854
5767.8677,94878.47,-7325.2036,18070.18,27341.459,177323.08,160487.5,56179.145,112579.836,-42070.703,56209.297,9079.234,-45954.273,19198.004,22281.516,14606.954,13855.578
5767.89,78666.3,-25315.877,3232.6436,12899.93,157047.81,141934.98,39309.57,94067.41,-54284.207,40403.016,-6338.977,-60705.89,17441.916,18101.428,13636.554,645.31726
5767.9126,85665.57,-19118.7,11078.263,20904.762,161785.78,148122.7,46957.844,100242.95,-46752.742,48353.844,1266.8075,-52511.74,1580.0001,16760.88,-1292.6909,8184.516
5767.935,103941.56,-70.76563,27339.18,36774.95,178833.38,167195.48,65393.18,119122.49,-32939.7,66096.27,18563.08,-35854.414,-832.06604,20553.414,-4239.1646,23224.379
5767.9575,98490.91,-5570.077,19734.111,29048.975,170870.52,161234.16,58589.58,112845.94,-39489.434,59384.633,12165.675,-42980.37,16837.77,22615.475,12280.809,17055.498
5767.9795,80244.086,-25370.527,2457.038,12292.253,149655.02,140944.25,39604.098,92310.12,-53717.188,41451.56,-5296.671,-59940.812,19265.932,18758.793,15281.866,1900.9937
5768.002,82917.195,-23591.686,6522.9766,16643.758,150894.62,142799.64,43040.074,93984.24,-49364.77,45368.656,-1599.178,-55555.22,4050.4268,16599.545,1094.2073,5998.1577
5768.0244,101806.34,-3955.6328,24135.146,33848.363,169535.48,162705.75,62501.824,113620.266,-34329.64,64188.53,16742.262,-37672.035,-2447.3374,19803.871,-5632.349,22115.734
5768.047,101508.62,-3888.0862,21661.725,31023.418,167912.05,162578.52,61098.99,113148.445,-36697.344,62673.71,15452.142,-39812.1,13909.446,22880.564,9460.734,20309.176
5768.069,82367.57,-24378.4,3280.8562,13038.801,146691.62,141740.42,40800.945,92056.914,-52031.867,43634.652,-3029.466,-57949.938,20650.934,19649.51,16499.611,4032.3218
5768.0913,80560.97,-27228.27,3342.2563,13465.094,144223.5,139043.14,39372.98,89209.7,-51170.79,43192.87,-3541.8352,-57668.664,6840.5728,16733.545,3766.4705,4311.674
5768.114,98747.305,-8366.66,20953.398,30747.955,163159.44,158319.84,58145.07,108287.12,-36011.746,61744.887,14554.16,-39824.13,-3189.3928,19114.498,-6192.2827,20326.9
5768.136,103479.414,-2850.3616,23533.84,32891.555,167644.58,163784.05,62007.723,113440.555,-34219.223,65410.457,18359.076,-36984.07,10620.969,22901.688,6334.4175,22874.463
5768.1587,84671.32,-22666.816,5170.026,14769.877,146986.27,143598.53,42132.46,93002.69,-49757.02,46478.754,28.453772,-55186.48,21378.104,20515.975,17062.719,6524.899
5768.1807,78491.87,-29985.068,1229.3013,11118.809,139734.38,136324.5,36429.926,85588.81,-52528.41,41654.734,-4747.8237,-59122.223,9699.607,16979.816,6470.517,2952.688
5768.203,94967.72,-13019.422,17793.197,27352.568,156602.5,153688.16,53858.117,102793.664,-38186.887,58854.965,11967.772,-42455.086,-3083.6914,18459.615,-5962.7974,17935.912
5768.2256,104366.84,-2577.648,24975.08,34065.535,165925.9,164141.08,62860.547,112960.71,-32486.293,67379.375,20417.068,-35037.008,7253.32,22672.605,3170.975,24568.838
5768.248,87216.89,-20422.188,7636.6753,16890.7,146866.81,145892.39,44663.48,94434.16,-47206.082,49865.066,3412.6868,-52163.363,21372.38,21310.445,16933.48,9242.737
5768.27,77016.12,-31892.967,-424.77255,9233.395,135310.03,134346.67,34822.742,82611.38,-53504.176,40897.906,-5463.638,-60192.29,12487.674,17332.057,9082.923,1978.2188
5768.2925,90901.62,-17843.488,13929.495,23437.727,149607.66,148776.64,49809.723,96647.445,-40799.74,55702.137,8871.185,-45669.11,-2183.7432,17858.777,-5004.489,15074.085
5768.315,104308.93,-3323.0786,25114.71,34143.473,163247.67,163403.66,63343.457,110875.336,-31599.22,68280.65,21318.96,-34207.42,4036.0544,22209.812,184.46895,25339.123
5768.3374,90215.0,-17844.338,10133.388,19213.383,147238.06,148482.11,48516.316,95566.56,-44350.87,53400.375,6995.895,-48878.594,20547.445,22015.82,16023.988,12259.597
5768.36,76624.36,-32808.918,-1538.7836,7963.614,131819.33,133301.55,35322.332,80063.89,-53808.027,40701.703,-5441.175,-60506.355,15067.603,17838.885,11478.538,1744.2631
5768.382,87287.766,-22270.207,10011.548,19496.578,142494.84,144107.44,47292.36,90627.19,-43367.19,52380.22,5860.225,-48805.395,-632.1968,17428.348,-3435.4856,12301.976
5768.4043,103760.89,-4636.199,24543.29,33513.758,159494.47,161865.23,64112.65,108110.65,-31324.74,68169.0,21450.992,-34113.098,1203.9321,21644.111,-2399.1694,25429.111
5768.427,93675.516,-14808.814,13100.291,21986.25,148055.84,151308.89,53037.383,97237.47,-41247.844,57036.133,10834.025,-45321.94,18975.291,22633.13,14425.682,15436.295
5768.449,77268.375,-32617.477,-1635.9242,7702.054,129919.47,133201.28,36541.15,78890.664,-53468.703,41249.61,-4591.764,-60046.805,17369.586,18478.479,13595.784,2125.0251
5768.471,84051.35,-26252.258,6413.297,15902.35,136937.77,139816.14,44459.5,85505.95,-45896.36,49214.652,3058.7468,-51824.062,1471.0354,17137.148,-1371.7042,9577.254
5768.4937,102180.51,-6766.387,23194.205,32230.41,156766.78,159554.86,63360.87,105499.09,-31807.494,67208.55,20751.004,-34905.555,-1131.7583,20944.436,-4496.769,24741.615
5768.516,96528.43,-11682.162,16205.998,24951.812,151533.34,154450.08,57143.22,100614.234,-38082.457,60786.043,14745.0,-41742.266,16534.19,23057.01,12016.343,18699.672
5768.5386,77988.88,-31046.889,-726.1412,8401.819,133442.55,134999.64,38550.547,81325.15,-52237.75,42939.426,-2663.7021,-58612.445,18957.387,19200.463,15016.082,3511.8838
5768.561,80772.46,-28398.271,3778.2944,13438.249,141998.2,138191.03,42655.98,84527.664,-47515.207,47271.887,1428.0306,-53822.35,3350.8396,17034.578,453.78513,7918.642
5768.583,99902.82,-7722.4834,21939.826,31416.248,168070.8,159712.39,62835.535,105692.06,-32108.951,66455.54,20322.23,-35530.09,-3154.7476,20318.787,-6287.3,24358.238
5768.6055,99704.43,-6774.0093,20244.715,29181.611,172152.4,161000.0,62082.71,106562.08,-34379.91,64957.098,19318.57,-37542.617,13204.584,23377.355,8810.611,22598.553
5768.628,80843.76,-26231.695,2847.6794,11961.291,157351.56,141653.31,42824.023,86992.125,-49611.375,45996.516,1046.1063,-55513.844,19844.193,20116.414,15742.244,6436.0283
5768.6504,79379.03,-28074.775,3770.0913,13292.605,160500.48,140248.56,42383.18,85910.34,-48686.348,45614.1,684.4328,-55124.164,6162.577,17240.035,3112.4583,6827.05
5768.6724,97703.08,-8560.651,22079.88,31347.605,181937.64,160170.11,61716.434,106741.72,-33682.27,63955.74,18718.783,-37483.297,-3605.806,19646.402,-6592.737,22693.28
5768.695,102460.89,-2603.7324,25316.459,33945.125,187500.0,166058.0,65890.51,113446.28,-32176.14,67250.56,22284.2,-35014.7,10189.759,23326.104,5932.4883,24910.26
5768.7173,83881.63,-21729.34,7598.2524,16387.807,170713.2,146618.42,46519.523,94823.44,-47865.86,48147.426,3808.134,-53345.637,20730.104,20819.936,16454.482,8410.201
5768.7397,78018.99,-28278.846,4132.5244,13397.859,167549.69,140204.0,41352.785,89204.05,-50727.734,43236.547,-1065.8876,-57338.418,9127.135,17277.764,5922.274,4796.864
5768.762,94611.92,-10900.053,21060.127,30017.076,186002.11,158114.6,58966.453,107592.445,-36614.44,60092.133,15368.4795,-40998.71,-3374.4429,18767.621,-6246.0166,19540.857
5768.784,104077.68,-201.6798,28863.344,36934.473,187500.0,168998.66,68009.97,118538.1,-31170.717,68151.83,23476.105,-33966.76,6954.902,22900.771,2890.5054,25849.28
5768.8066,87230.59,-17497.504,12298.399,20156.559,178611.1,151542.42,50125.35,101002.125,-45975.91,50446.3,6336.1387,-51114.91,20859.744,21453.676,16444.604,10424.072
5768.829,77401.52,-28308.752,4916.624,13032.498,170409.67,140919.05,40676.555,90370.86,-52297.473,41420.555,-2593.719,-59058.32,11996.204,17478.684,8609.355,3192.9692
5768.8516,91448.26,-13890.269,19779.664,27572.643,185686.61,155955.8,55774.49,105398.18,-39734.742,55994.316,11505.494,-44767.24,-2439.939,18027.041,-5248.7485,16141.29
5768.8735,104874.09,761.8816,31530.242,38415.836,187500.0,170934.22,69039.46,120154.11,-30774.912,68205.79,23570.607,-33758.195,3844.8804,22316.967,0.2905727,26064.684
5768.896,90923.5,-13444.351,17146.068,23709.727,184010.58,156604.22,53938.895,105415.61,-43681.324,53124.35,9013.878,-48627.43,20136.309,22000.936,15623.691,12760.164
5768.9185,77555.484,-27947.861,5871.4683,12535.06,171694.23,142524.75,40670.363,90652.17,-53220.49,40344.32,-3532.3804,-60270.68,14609.458,17780.523,11030.676,2180.0103
5768.941,88317.695,-17146.38,17617.11,23846.184,183532.23,154489.73,52536.86,101685.266,-42890.14,51846.84,7538.752,-48777.117,-892.32635,17388.182,-3693.2014,12591.141
5768.9634,104765.89,548.0424,32370.02,37602.477,187500.0,173070.52,69144.12,119211.09,-31005.559,67344.305,22727.389,-34488.9,1011.3941,21564.607,-2582.8337,25387.291
5768.9854,94784.21,-9310.508,21303.783,25971.297,187500.0,163580.17,58088.742,108471.766,-40991.113,56087.637,11872.354,-45850.402,18531.363,22438.873,13999.412,15189.219
5769.008,78590.15,-26568.066,6818.3774,11789.965,172812.75,146861.53,41852.93,90520.34,-53193.844,40335.758,-3572.3452,-60464.355,16843.111,18254.201,13080.442,1861.6099
5769.0303,85478.33,-19834.984,14993.551,20107.273,180708.02,154571.17,49900.984,97282.59,-45561.06,48225.008,3922.7087,-52314.06,1180.0604,16967.299,-1662.6792,9199.51
5769.0527,103736.484,-274.1665,31912.725,36370.516,187500.0,174887.3,68689.34,116788.65,-31361.822,65930.76,21170.613,-35758.48,-1245.931,20765.51,-4606.471,24033.982
5769.0747,98438.625,-4995.3916,25069.36,29142.137,187500.0,170364.25,62525.117,111771.46,-37622.48,59338.117,14865.408,-42738.594,16209.954,22764.27,11705.2295,17761.37
5769.097,80296.77,-23960.938,8287.893,12883.188,173646.11,151633.36,44206.543,93135.09,-51926.59,41495.457,-2560.8171,-59463.89,18619.697,18882.8,14666.635,2523.8027
5769.1196,83015.055,-21464.09,12883.456,17709.914,177387.78,154807.61,48071.965,96766.72,-47613.152,45412.332,1092.0839,-55005.297,3561.5046,16763.562,629.9616,6493.8525
5769.142,101978.336,-1198.6794,31052.074,35345.62,187500.0,175667.06,67815.484,118277.305,-32377.932,64179.703,19355.941,-37238.188,-2884.8503,19972.828,-6034.144,22431.496
5769.164,101919.086,-329.84473,29097.703,32989.766,187500.0,176542.1,66917.39,119741.19,-34622.83,62695.727,18057.662,-39396.785,13243.186,22945.252,8830.974,20492.035
5769.1865,83117.266,-19823.719,11059.666,15476.304,174862.36,156972.97,47461.586,101686.695,-50148.555,43729.023,-394.7318,-57377.8,19845.734,19625.146,15716.897,4176.066
5769.209,81672.9,-21686.559,11347.064,16364.338,173369.28,155513.1,46813.117,102730.99,-49406.676,43337.82,-892.37103,-57003.586,6196.1494,16751.291,3131.7925,4446.455
5769.2314,100215.52,-2042.6588,29059.348,34026.598,187500.0,175525.75,66069.34,124818.41,-34151.99,61791.02,17055.03,-39348.082,-3627.0623,19189.666,-6621.3467,20320.084
5769.254,105484.52,4317.977,31773.988,36503.44,187500.0,181629.53,70371.08,132391.92,-32286.736,65356.812,20710.01,-36701.656,9984.614,22876.43,5714.984,22703.115
5769.276,87337.45,-14381.649,13573.857,18765.162,175326.27,162547.22,51085.83,114731.1,-47985.13,46536.0,2423.0857,-54798.92,20494.45,20375.873,16195.358,6353.4834
5769.2983,81784.93,-20550.418,9647.215,15583.883,170612.45,156440.94,45944.48,110144.64,-50879.637,41935.34,-2260.3203,-58575.363,8949.662,16890.072,5726.3833,2850.1604
5769.321,98673.08,-2798.2373,26153.799,32166.91,187500.0,174431.56,63622.406,129295.44,-36476.082,59111.742,14335.023,-42056.17,-3523.663,18461.201,-6401.6963,17718.7
5769.3433,108425.43,8278.729,33526.79,39147.227,187500.0,185270.58,72770.71,140764.16,-30673.322,67497.375,22603.738,-34846.973,6704.808,22617.486,2633.9297,24169.746
5769.365,91765.36,-8681.574,16291.873,22351.143,179291.36,167859.78,54920.07,124163.75,-45506.344,50075.242,5625.554,-51882.895,20527.531,21130.76,16097.86,8828.806
5769.3877,81971.09,-19149.725,8144.73,15182.133,170755.0,157357.5,45460.79,114887.21,-51936.918,41317.426,-3110.4465,-59716.625,11737.394,17186.725,8330.853,1655.6161
5769.41,95890.89,-4359.842,22563.729,29716.334,185781.95,172373.27,60546.992,130880.73,-39186.457,56124.918,11148.291,-45273.797,-2601.3408,17829.049,-5429.06,14678.168
5769.4326,109183.87,10687.621,34032.676,40631.027,187500.0,187235.44,73819.77,146191.11,-29890.162,68546.66,23341.168,-34071.59,3599.0332,22157.465,-246.96443,24702.412
5769.455,95171.14,-3100.3882,19313.875,26095.797,184252.67,172954.28,58769.69,132469.94,-42713.27,53746.96,9003.1045,-48719.43,19743.9,21816.377,15233.229,11539.514
5769.477,81819.15,-17212.676,7662.3574,15368.792,172160.14,158762.98,45557.574,119232.22,-52295.953,41329.742,-3197.4841,-60122.977,14258.3125,17646.658,10670.589,1108.9596
5769.4995,92583.73,-6149.412,19243.467,27217.027,184039.62,170164.64,57341.812,131190.78,-41864.082,53046.12,8109.7495,-48473.426,-1075.9906,17359.84,-3884.7559,11600.757
5769.522,109084.25,11737.035,33979.883,41358.71,187500.0,187500.0,73846.33,148937.23,-29752.723,68618.07,23460.191,-34069.625,827.8863,21604.102,-2771.639,24475.742
5769.5444,99189.31,2017.6696,22753.719,29988.533,187500.0,177929.7,62695.234,138735.72,-39729.312,57469.086,12830.08,-45312.844,18245.037,22487.576,13696.926,14377.066
5769.5664,83086.18,-15261.638,8048.774,16021.127,173826.19,160688.55,46352.2,121994.53,-52071.23,42025.93,-2294.943,-59801.227,16564.297,18350.537,12781.868,1166.0682
5769.589,90022.82,-8644.18,16066.345,24488.305,181923.73,167866.39,54270.84,129726.47,-44505.656,50247.594,5568.2446,-51501.15,1019.5301,17158.361,-1841.7615,8628.063
5769.6113,108318.99,10719.36,32819.758,40862.367,187500.0,187500.0,72894.66,149447.86,-30365.719,68183.33,23135.777,-34778.58,-1382.3884,21027.182,-4755.714,23618.195
5769.634,103219.24,5718.001,25854.912,33758.53,187500.0,182443.86,66547.984,144195.72,-36676.58,61878.105,17199.041,-41597.54,15966.835,23041.877,11446.53,17615.59
5769.6562,85365.48,-13629.804,8975.746,17592.97,175805.61,163224.72,48051.67,125554.96,-51020.652,44471.727,327.8554,-58087.246,18347.9,19187.41,14374.8545,2788.0674
5769.678,88224.69,-11713.142,13111.176,22364.621,179689.58,165826.34,51691.516,129012.375,-46875.363,48728.773,4455.91,-53414.055,3491.879,17139.385,528.0376,7073.612
5769.7007,107090.695,7694.2085,30679.47,39776.117,187500.0,185840.81,71050.93,149249.86,-32152.56,67534.37,22874.352,-35600.945,-2775.1257,20387.229,-5963.1997,23066.242
5769.723,106939.17,7656.0986,28269.324,37238.523,187500.0,185908.31,69833.58,149227.42,-34694.465,66147.77,21810.186,-37690.164,13227.964,23332.809,8788.996,21269.854
5769.7456,88119.61,-12647.623,9758.124,19638.758,177914.89,165745.66,50206.312,129514.98,-49903.8,47632.062,3965.1995,-55452.49,19735.43,20012.658,15579.189,5380.9146
5769.7676,86585.766,-15328.269,9627.791,20399.5,177606.94,163675.75,49358.02,128146.6,-48781.32,47823.215,4090.615,-54743.445,6184.6606,17188.514,3071.8003,6058.418
5769.79,104858.2,3363.6023,27345.527,37806.055,187500.0,182990.67,68337.62,147656.53,-33484.164,66682.48,22330.846,-36705.21,-3536.5154,19676.69,-6587.685,22101.986
5769.8125,109819.016,8757.503,30341.22,40088.816,187500.0,187500.0,72460.43,152950.56,-31437.104,70619.9,26316.117,-33658.17,9972.254,23400.78,5653.427,24678.025
5769.835,91485.47,-10795.424,12318.047,22283.104,181037.03,169016.44,53114.875,133707.52,-46409.4,52322.773,8794.049,-51277.316,20384.926,20937.707,16045.759,8820.759
5769.8574,85699.86,-17817.338,8444.064,18981.863,176528.25,162501.64,47876.477,127884.3,-48629.06,48141.055,4911.1704,-54621.137,8936.653,17487.355,5662.3228,5789.7505
5769.8794,102176.47,-1039.4679,24906.26,35274.812,187500.0,179931.88,65301.0,145606.67,-34189.316,65425.12,21900.441,-37854.203,-3387.9658,19092.035,-6332.965,20785.336
5769.902,111596.31,9130.51,32044.266,42025.418,187500.0,187500.0,74240.27,155887.12,-28534.55,73833.945,30462.055,-30390.283,6761.5146,23276.348,2637.8188,27308.781
5769.9243,94840.83,-8490.936,14641.466,25193.367,184251.7,172648.34,56376.42,138566.28,-42860.523,56740.06,14268.146,-46951.047,20422.746,21838.84,15959.392,12452.984
5769.947,85028.34,-19576.865,6596.0225,17953.258,175710.97,161940.92,46907.707,128414.02,-48732.215,48373.848,6400.1987,-54353.723,11691.751,17939.266,8239.926,5827.5024
5769.9688,98841.07,-5636.3057,20863.209,32244.291,187500.0,176526.86,61766.547,143182.03,-36148.695,63257.918,21022.354,-39735.48,-2454.8699,18607.828,-5350.2705,18994.648
5769.991,112103.12,8560.896,32270.242,42984.062,187500.0,187500.0,74843.66,157179.8,-27268.28,75606.66,33310.113,-28446.395,3702.075,22953.656,-212.36392,28995.71
5770.0137,98234.31,-5847.798,17657.188,28356.52,187453.69,176461.94,59784.17,142471.78,-39792.723,60978.895,19446.422,-42885.176,19749.668,22672.45,15184.055,16143.391
5770.036,84866.25,-20531.24,6036.67,17441.2,175330.42,161989.67,46502.09,128410.35,-48875.758,48775.91,7766.0024,-54147.637,14335.112,18507.469,10692.472,6098.696
5770.0586,95344.74,-10107.884,17409.104,28975.236,186526.53,172954.14,58052.49,139606.4,-38591.363,60528.707,19162.129,-42487.023,-875.56256,18180.754,-3760.212,16669.416
5770.0806,111599.71,7316.0166,32045.809,42947.785,187500.0,187500.0,74429.08,156752.5,-26958.305,76082.69,34330.0,-28055.441,904.1951,22372.78,-2761.2004,29481.328
5770.103,101786.766,-2449.9302,21036.121,31709.906,187500.0,180498.72,63438.43,146300.06,-36679.17,65183.79,23910.467,-39081.2,18164.795,23277.152,13583.401,19680.936
5770.1255,85679.18,-19578.877,6565.423,17759.043,175864.0,163261.86,47148.01,129316.766,-48436.21,49874.543,9095.909,-53444.676,16571.248,19122.791,12742.842,6859.214
5770.148,92325.625,-13015.689,14656.0625,25982.986,183506.89,170147.12,54836.965,136468.38,-40991.625,57874.344,16739.2,-45266.105,1220.0924,17867.605,-1712.9036,14315.555
5770.17,110330.18,6193.959,31516.16,42123.99,187500.0,187500.0,73239.695,155496.31,-27511.512,75429.66,33722.613,-28738.732,-1225.2333,21663.223,-4668.8774,28989.832
5770.1924,105185.97,1388.334,24914.193,35017.004,187500.0,184455.4,66983.69,149948.77,-33859.16,68949.3,27500.156,-35589.746,16003.938,23676.041,11429.207,22856.402
5770.215,87174.16,-17685.506,8175.106,18730.25,177079.31,165143.55,48491.53,130910.766,-47681.996,51367.684,10431.135,-52260.258,18463.436,19799.87,14441.977,7948.258
5770.2373,89739.35,-15546.063,12383.225,23281.824,180808.83,167582.58,51987.723,133731.47,-43394.91,55324.973,14110.321,-47887.7,3669.3296,17682.557,652.9839,11967.415
5770.26,108329.72,4061.5579,30143.05,40501.766,187500.0,187500.0,71208.555,153403.3,-28937.037,73783.41,31907.764,-30312.969,-2636.992,20893.34,-5878.643,27583.527
5770.2817,108152.625,4438.2744,28173.19,37957.043,187500.0,187500.0,70071.664,153094.58,-31520.072,72141.58,30358.14,-32546.42,13292.605,23855.28,8806.879,25523.814
5770.304,89341.336,-15379.454,10145.592,20326.297,179012.02,167569.2,50526.297,133184.61,-46492.992,53376.793,12159.036,-50482.176,19826.916,20543.691,15633.548,9493.1
5770.3267,87647.66,-17756.451,10238.776,20933.393,178585.36,165442.39,49614.637,131494.98,-45577.824,53047.62,11696.512,-50177.5,6392.465,17666.352,3248.7815,9850.102
5770.349,105588.1,993.24445,27747.322,38098.617,187500.0,184573.89,68384.445,150529.44,-31015.037,71201.96,29147.39,-32722.305,-3269.658,20090.666,-6350.5557,25404.97
5770.371,110436.95,6619.268,30621.4,40352.08,187500.0,187500.0,72496.08,155563.55,-29585.732,74589.01,32421.518,-30129.773,10158.377,23781.654,5822.1377,27623.828
5770.3936,92079.16,-12621.226,12503.633,22525.285,181603.9,170550.22,53170.35,136112.02,-44758.098,55899.566,14272.796,-48162.223,20599.793,21314.178,16244.152,11543.581
5770.416,86166.18,-19499.193,8437.358,19068.7,176966.45,163878.6,47803.656,129946.875,-47344.484,51254.652,9608.367,-52021.54,9221.884,17799.725,5927.7944,8161.9185
5770.4385,102426.94,-2832.212,24702.01,35158.09,187500.0,181043.11,65002.984,147269.05,-33546.324,68051.56,25685.73,-35706.2,-3130.2725,19313.697,-6087.6543,22741.582
5770.461,111896.48,7394.1587,32184.344,41968.934,187500.0,187500.0,73989.29,157277.44,-28286.982,76182.555,33515.055,-28501.18,6909.8853,23448.076,2772.8457,29024.121
5770.483,95195.48,-10167.898,15244.182,25144.172,184559.7,173640.1,56178.004,139679.48,-42702.652,58833.082,16663.672,-45404.89,20684.775,22025.053,16202.757,13950.908
5770.5054,85124.68,-21457.05,7131.2573,17682.87,175878.92,162587.06,46508.305,129328.97,-48842.406,49990.438,7943.676,-53347.29,12063.64,18048.432,8594.066,6847.6357
5770.528,98584.3,-7737.571,21250.05,31790.53,187500.0,176843.94,61171.79,144041.64,-36722.758,64443.03,21743.086,-39143.652,-2153.568,18600.273,-5059.0273,19534.957
5770.5503,111748.4,6555.7446,32824.9,42639.418,187500.0,187500.0,74378.875,158340.72,-28162.395,76658.484,33517.758,-27947.414,3828.273,22901.24,-90.3234,29333.002
5770.5723,97589.15,-7710.391,18607.404,28132.486,187500.0,176746.11,59471.27,143972.42,-40885.074,61897.484,19183.855,-42553.5,20017.084,22676.56,15435.132,16316.192
5770.5947,83563.81,-22620.3,7073.232,17026.285,175607.17,161862.22,45966.05,129873.16,-50386.4,49186.848,6715.403,-54355.176,14752.89,18469.113,11090.758,5794.422
5770.617,93429.65,-12525.493,18392.604,28358.307,186598.69,172359.1,57243.242,140966.61,-40627.07,60384.227,17304.676,-43199.35,-550.79175,18019.508,-3443.4429,15861.603
5770.6396,109409.58,4786.604,33204.97,42393.64,187500.0,187500.0,73628.51,158263.28,-29249.336,75700.58,31997.215,-28923.38,1085.2666,22164.348,-2587.9746,28475.207
5770.662,99439.94,-5089.6265,22448.842,31241.773,187500.0,179447.14,62698.387,147919.83,-39155.855,64618.47,21081.652,-40077.953,18498.305,23139.6,13888.212,18514.555
5770.684,82926.45,-22742.008,7811.779,17059.143,175992.97,161506.16,46124.348,130535.06,-51303.133,48794.82,5303.242,-54910.613,17073.738,18971.111,13219.783,5196.6245
5770.7065,89231.09,-16698.562,15656.302,25087.24,183359.55,167715.94,53540.79,137313.11,-44140.45,56314.84,11996.204,-47154.402,1564.2422,17595.809,-1368.955,12194.979
5770.729,107207.414,2378.6729,32517.229,41320.465,187500.0,186811.33,71991.69,156396.17,-30644.064,73749.766,28478.559,-30695.43,-1110.6135,21331.59,-4541.9644,26760.156
5770.7515,102137.82,-2420.7388,25903.393,34344.684,187500.0,181520.62,65881.74,151043.4,-36935.188,67253.9,21917.451,-37527.734,16213.53,23434.531,11652.658,20586.54
5770.7734,83889.48,-21847.244,8788.907,17862.332,176838.03,161634.73,47167.75,131526.1,-51030.844,49256.586,4193.8804,-54591.074,18912.193,19596.0,14895.673,5152.2563
5770.796,86092.734,-20128.998,12565.659,22139.627,180703.89,163311.66,50276.52,132887.4,-47051.14,52667.46,7198.4243,-50776.234,4083.1719,17377.61,1064.4572,8528.867
5770.8184,104617.34,-457.29434,30261.426,39397.613,187500.0,182852.58,69454.78,151033.61,-32556.076,70929.11,24678.182,-33487.63,-2491.9292,20490.36,-5720.572,23939.412
5770.841,104611.375,310.19754,28496.307,37099.07,187500.0,182947.3,68563.15,149193.77,-34950.348,69371.836,23009.646,-35705.395,13512.703,23544.523,9015.622,21926.123
5770.863,85614.02,-19526.172,10409.141,19392.375,180788.75,162218.89,48828.37,126869.35,-50238.05,50073.387,4118.0405,-54041.29,20411.19,20299.72,16171.487,5335.876
5770.8853,83542.49,-22090.99,10263.631,19905.057,180412.8,158932.05,47471.375,122573.29,-49684.062,48863.395,2794.8623,-54273.098,6932.528,17320.01,3746.8455,4994.788
5770.9077,101470.42,-3088.0054,27802.732,37419.594,187500.0,177162.36,66162.68,139975.14,-34981.082,66599.08,19851.367,-36943.168,-3080.741,19605.297,-6182.828,20448.785
5770.93,106589.37,3138.6096,30849.969,40115.33,187500.0,182200.53,70488.78,143995.62,-33182.37,70001.375,23126.166,-34122.53,10324.339,23344.297,5968.9443,22946.615
5770.9526,88146.3,-15997.121,12563.044,22255.41,184237.53,161781.38,50998.39,122543.625,-48580.266,50789.29,4417.465,-52462.586,21172.043,20960.484,16773.33,6530.465
5770.9746,81829.49,-23191.076,8064.688,18427.695,179558.52,153836.75,45188.48,113517.72,-51574.64,45291.273,-1074.4707,-56949.72,9833.449,17365.025,6497.7866,2530.5305
5770.997,98029.14,-6330.0366,24194.334,34416.723,187500.0,170311.33,62340.562,128600.836,-37626.324,61728.84,14751.906,-40854.746,-2888.6726,18734.63,-5870.373,17062.07
5771.0195,107815.85,4645.319,31772.156,41416.086,187500.0,180588.62,71688.71,137295.95,-31828.639,70110.58,22915.389,-33352.625,6982.0815,22906.314,2824.3665,23814.555
5771.042,91201.24,-12467.49,14554.405,24537.434,187500.0,162494.56,53954.43,117736.016,-46263.645,52652.754,5948.7607,-50239.75,21094.951,21617.29,16571.494,8718.298
5771.064,80926.4,-23783.688,5954.863,16712.154,179827.1,150616.66,43972.992,104733.82,-52697.523,43289.43,-3284.2983,-58534.21,12534.501,17624.285,9032.363,1225.1216
5771.0864,94472.734,-9853.409,19832.928,30665.746,187500.0,164486.5,58594.05,117797.48,-40223.555,57589.516,10454.492,-44403.73,-2044.8047,18056.59,-4958.936,14001.535
5771.109,108094.78,5105.921,31460.014,41639.09,187500.0,179154.67,72144.375,131668.84,-30777.326,70247.086,22753.496,-32770.43,3737.5696,22362.43,-181.02678,24426.121
5771.1313,94458.74,-8698.562,17050.0,27061.615,187500.0,164635.31,57374.87,116284.016,-43140.86,55687.918,8603.052,-47087.527,20215.098,22257.176,15618.573,11654.826
5771.154,80683.14,-23586.254,5158.023,15647.54,179955.02,149311.02,43638.297,100265.64,-52729.53,42753.84,-4103.4673,-58953.938,15072.408,18073.062,11396.194,956.61005
5771.176,90804.1,-13329.038,16378.509,26899.633,187500.0,159672.58,54821.7,110195.31,-42642.215,54000.34,6616.1167,-47697.418,-475.91336,17569.611,-3372.5654,11194.961
5771.198,107199.77,4466.706,31212.627,41108.19,187500.0,177432.77,71403.46,127585.086,-30556.559,69834.516,21954.13,-32964.285,957.19116,21718.252,-2710.1267,24424.334
5771.2207,97490.76,-5027.1313,20219.545,29983.84,187500.0,167409.8,60605.215,117177.37,-40087.23,59079.152,11561.016,-43754.438,18591.29,22790.756,13977.775,14841.671
5771.243,80823.06,-22734.61,4811.66,15467.497,180019.23,149292.52,43826.23,98781.82,-52419.492,43006.613,-4062.072,-58637.703,17364.758,18645.604,13508.567,1419.2018
5771.265,87003.63,-16693.244,12117.619,23243.043,186778.88,155449.66,51094.66,104931.74,-45257.95,50393.527,2995.715,-50868.816,1689.6132,17197.857,-1240.4325,8497.574
5771.2876,105148.71,2746.806,29168.2,39474.883,187500.0,174977.73,69645.266,124542.01,-31285.938,68188.42,20255.152,-34050.402,-1199.3947,20897.072,-4621.0225,23601.879
5771.31,100267.31,-1682.9523,22899.117,32606.947,187500.0,170123.84,63588.457,119690.76,-37229.492,62071.535,14389.718,-40492.242,16248.467,23048.158,11671.657,17913.428
5771.3325,81888.414,-21148.148,5940.4233,16080.314,179723.64,150109.66,44605.48,99882.375,-51523.387,43924.848,-3212.0576,-57523.176,19176.145,19216.086,15135.061,2589.9192
5771.355,83921.15,-19601.564,9762.014,20309.557,182199.19,151449.05,47444.305,101722.766,-47674.35,47103.598,-134.98218,-53696.29,4254.9004,16925.545,1235.4705,6142.349
5771.377,102525.76,102.77332,27391.818,37666.895,187500.0,171066.73,66648.164,121775.15,-32911.29,65503.418,17874.758,-36050.508,-2571.926,19978.303,-5773.679,22057.016
5771.3994,102678.58,979.9675,25538.725,35493.164,187500.0,171446.11,65867.414,122397.02,-35083.566,64207.35,16916.068,-37822.082,13442.205,23065.438,8983.904,20571.43
5771.422,83454.78,-19261.326,7083.469,17557.16,178098.22,150589.45,45857.42,101856.234,-50705.246,44802.105,-1744.2407,-56167.5,20640.965,19859.906,16444.312,4108.966
5771.4443,80974.2,-22539.232,6506.973,17543.168,175438.28,147187.14,44038.93,98917.94,-50565.01,43513.773,-2992.8093,-56629.195,7185.594,16828.584,4063.793,3774.7852
5771.4663,98761.99,-3896.8481,23874.793,34647.906,187500.0,165925.86,62535.332,118061.63,-35815.434,61648.953,14589.028,-39238.758,-3099.74,19064.988,-6113.7837,19519.914
5771.489,103943.016,2241.8801,27033.072,37221.758,187500.0,171707.55,66907.96,124034.13,-33776.906,65721.75,18636.305,-36123.977,10296.063,22872.049,6007.9927,22453.312
5771.511,85161.96,-17410.176,8651.287,18996.705,172790.86,151393.61,47045.04,103899.78,-49438.73,46740.965,178.83632,-54512.13,21493.371,20562.064,17144.883,6075.45
5771.5337,78344.14,-25300.477,3968.038,14717.775,163918.2,143262.42,40663.21,96015.68,-52816.86,41257.12,-5295.777,-59201.887,10151.872,16920.941,6885.6113,1998.9835
5771.556,94414.29,-8723.036,20118.47,30608.95,179264.55,160000.38,57643.07,112900.54,-38807.08,58039.95,10925.287,-42979.95,-2885.6104,18252.19,-5774.2383,16807.55
5771.578,104336.94,2290.048,27916.28,37779.906,187500.0,170814.02,67114.04,123595.766,-32711.934,66981.78,19728.344,-35113.9,6907.203,22493.479,2837.9563,24012.412
5771.6006,87525.164,-15192.28,10924.595,20721.79,167633.72,152749.61,49137.16,105226.74,-47274.723,49639.246,2945.066,-52020.89,21410.938,21285.97,16938.555,8943.067
5771.623,76798.97,-27271.52,2218.992,12353.787,153877.02,140447.94,38631.33,92657.53,-54118.65,40048.85,-6484.9116,-60653.05,13010.839,17250.809,9560.758,1169.801
5771.6455,90324.14,-13786.802,15929.328,26036.787,166088.06,154199.2,53113.47,106138.85,-41772.13,54399.387,7362.352,-46593.754,-1859.6653,17619.547,-4688.1895,13941.477
5771.6675,104465.75,1163.319,27378.406,37167.266,178946.6,169176.97,66940.57,120716.95,-32148.895,67487.94,20177.793,-34691.426,3691.726,21960.166,-133.03758,24676.438
5771.69,91146.82,-12833.746,12606.675,22601.414,162751.58,154718.97,52259.92,105866.734,-44504.18,53143.016,6313.6304,-48919.387,20407.434,21939.959,15870.789,12002.798
5771.7124,77267.84,-28322.275,146.53806,10784.472,146405.52,138979.86,38250.027,89860.63,-54371.78,40007.12,-6524.72,-61019.617,15477.108,17746.125,11846.648,1049.6603
5771.735,87437.15,-18509.28,10920.057,21710.809,155964.28,149059.45,49353.258,99705.52,-44376.418,51157.8,4256.6885,-49876.38,-269.31616,17176.89,-3092.051,11155.9795
5771.7573,104328.83,-606.4476,25725.74,36050.438,172740.19,167089.94,66353.34,117376.8,-31985.234,67377.945,20223.926,-34837.473,837.16223,21334.451,-2740.771,24668.594
5771.7793,95046.7,-10023.015,14845.068,25082.525,161685.69,157270.19,55866.957,107190.23,-41321.83,57003.207,10344.12,-45365.484,18630.984,22514.11,14068.546,15306.632
5771.802,78338.58,-28170.709,-426.82892,10326.976,143021.52,138790.33,38858.51,88489.484,-53846.336,40869.742,-5370.5435,-60412.656,17665.055,18404.986,13857.366,1675.5762
5771.824,84484.68,-22528.525,6954.2314,17904.688,148905.5,144621.17,45961.805,94177.49,-46782.74,48202.566,1682.9746,-52784.63,1854.3232,16926.016,-998.9889,8586.848
5771.8467,102968.92,-2985.8801,23880.135,34396.562,167936.89,164353.7,64875.895,113681.17,-32543.402,66359.05,19505.988,-35712.86,-1363.0989,20636.898,-4693.6655,23917.955
5771.8687,98429.664,-7218.496,17387.734,27779.352,162385.61,159781.2,59277.434,108912.92,-38256.734,60646.39,14184.328,-41863.39,16205.261,22912.059,11691.46,18482.525
5771.891,79884.875,-27039.732,-105.96962,10865.317,142136.14,139555.95,40193.11,88657.15,-52741.445,42435.527,-3554.2852,-59058.566,19454.715,19159.357,15460.993,2943.2554
5771.9136,81721.086,-25901.291,3312.3052,14661.472,143774.31,140811.17,42894.074,89935.47,-49018.473,45577.086,-626.6088,-55389.547,4422.5166,16848.879,1475.9976,6267.921
5771.936,100556.27,-6103.904,21093.41,32124.508,163506.11,160879.8,62408.89,109913.86,-33907.953,64427.76,17799.143,-37488.215,-2751.947,19891.578,-5872.899,22367.213
5771.9585,101103.56,-4880.7944,19556.324,30292.629,163662.81,161878.6,62100.617,110717.71,-35600.273,63782.582,17407.807,-38838.664,13242.828,23072.299,8838.528,21233.78
5771.9805,81893.375,-25142.605,1126.9751,12289.325,142957.48,141211.42,42173.496,89971.27,-51112.562,44634.83,-1213.074,-57088.39,20685.223,19944.775,16520.486,4782.916
5772.003,79281.484,-28539.938,612.7284,12131.924,140192.23,137888.94,40401.785,86677.45,-50915.98,43436.125,-2522.0815,-57537.457,7194.714,16907.977,4107.513,4360.736
5772.0254,97063.03,-9699.495,18408.004,29436.4,159385.56,157060.14,59332.508,105801.0,-35854.57,61831.387,15389.4,-39893.15,-3356.8298,19139.465,-6321.3193,20253.387
5772.048,102561.01,-2900.4072,22163.299,32683.793,167171.75,163736.56,64513.125,112341.234,-33259.26,66485.914,20133.111,-36184.168,9647.282,22973.37,5429.038,23650.293
5772.07,84292.88,-21534.654,4331.5444,15512.134,153602.55,144653.22,45652.97,93421.375,-48286.297,48252.992,2441.3918,-53761.42,20664.86,20774.719,16375.849,7887.551
5772.0923,77755.16,-28624.516,-38.78028,12189.032,152874.64,137527.81,39982.246,86839.414,-51330.38,43172.375,-2610.2593,-57949.65,9450.676,17246.227,6230.3926,4081.2944
5772.1147,93931.94,-11501.94,16521.537,28884.266,173857.28,155007.27,57430.996,104916.32,-37189.418,59977.824,13868.944,-41541.457,-3479.6973,18614.266,-6318.5254,18874.172
5772.137,104034.41,76.53238,24982.299,36837.152,186501.31,166586.48,67401.93,116939.57,-30964.008,68896.93,22982.824,-33529.383,6265.6636,22842.344,2249.5916,26075.791
5772.1597,87455.23,-16719.91,8669.481,20597.021,171827.62,149381.73,49985.027,100269.95,-45390.94,51597.17,6425.143,-50234.965,20730.328,21638.145,16312.259,11102.022
5772.1816,76869.555,-28151.844,853.27783,13043.294,163995.22,137865.73,39922.32,89500.46,-52188.44,41934.96,-2949.849,-58747.7,12388.365,17618.271,8989.426,3363.58
5772.204,90334.06,-14221.387,15592.98,27351.338,179762.55,152165.88,54580.66,104520.734,-39953.434,56055.54,10838.004,-44788.81,-2291.9258,17997.402,-5085.7373,15983.464
5772.2266,104200.17,1000.7323,28123.547,38835.355,187500.0,167531.1,68422.086,120315.16,-30544.98,68803.56,23521.613,-33146.16,3367.3127,22292.715,-433.91443,26446.809
5772.249,90725.49,-12581.06,14314.124,24564.166,180759.55,153772.06,53886.594,106778.4,-43029.21,54241.426,9549.649,-47476.715,19964.266,22199.553,15459.205,13645.137
5772.271,76884.28,-27456.348,2654.0464,13166.541,168575.45,139024.03,40187.812,92298.984,-52912.773,41043.46,-3336.5344,-59510.293,14950.435,17987.902,11364.253,2721.191
5772.2935,87062.24,-17178.88,14062.02,24471.562,180586.4,149902.34,51479.758,103469.086,-43010.684,52043.914,7312.5522,-48442.312,-633.1132,17439.77,-3425.2485,12752.476
5772.316,103802.29,870.444,29322.271,38916.312,187500.0,168394.12,68410.17,122024.016,-30893.443,67899.88,22924.084,-33744.117,642.1433,21563.87,-2907.7163,25972.213
5772.3384,94493.14,-8274.705,18923.39,28099.518,187500.0,159150.33,57980.223,112744.64,-40408.29,57288.1,12776.816,-44484.42,18304.873,22657.92,13780.7,16431.393
5772.361,77981.84,-25880.773,4242.1377,13750.637,171972.45,141522.16,41265.836,95267.48,-52928.418,41155.02,-2981.2087,-59506.36,17229.484,18522.602,13445.558,2846.3384
5772.383,84252.42,-19844.818,12123.766,21617.29,179702.28,148101.12,48533.195,102035.18,-45942.09,48392.133,3943.116,-51981.195,1594.1935,17067.031,-1258.448,9712.929
5772.4053,102646.88,-259.77197,29404.795,38069.406,187500.0,168212.77,67323.23,122117.375,-31981.166,66198.625,21372.135,-35303.29,-1451.9694,20746.398,-4781.754,24753.842
5772.4277,98116.18,-4371.4873,23382.16,31442.377,187500.0,164070.67,61699.715,117784.36,-37904.695,60216.832,15728.453,-41748.344,15970.321,22913.893,11473.353,19088.303
5772.45,79803.18,-23769.941,6396.533,14808.613,174588.95,144571.36,42863.004,98212.3,-52391.395,41979.797,-2065.6587,-58946.473,19041.408,19087.006,15070.017,3564.0752
5772.472,81826.57,-22272.531,10151.09,18873.19,177987.75,146468.72,45757.13,100126.875,-48704.832,45055.35,777.97485,-55329.555,4138.8276,16786.361,1192.1304,6876.2686
5772.4946,100668.414,-2402.0752,28149.877,36333.613,187500.0,166847.84,65214.633,120355.44,-33784.93,63654.504,18915.143,-37703.574,-2864.868,19833.912,-5988.0103,22780.184
5772.517,101295.56,-1052.6777,26930.074,34469.945,187500.0,168186.78,64910.895,121337.836,-35618.29,62825.3,18289.473,-39269.67,13001.384,22946.771,8613.982,21480.832
5772.5396,82339.07,-20948.012,8835.332,16636.828,177470.1,148101.42,45194.65,100861.84,-51119.96,43676.406,-360.3325,-57521.41,20310.986,19767.75,16157.92,5041.682
5772.5615,80021.8,-24012.95,8490.221,16690.852,176458.67,145316.84,43607.61,97716.664,-50926.24,42461.633,-1701.5043,-57981.832,6918.67,16750.777,3836.9006,4637.16
5772.584,98075.234,-5135.47,26201.006,33995.348,187500.0,164697.11,62498.59,116703.484,-36020.49,60659.332,15975.194,-40556.504,-3396.5042,19016.844,-6364.816,20373.459
5772.6064,103666.9,1410.1493,29814.234,36912.77,187500.0,171260.55,67430.66,122696.984,-33771.52,64897.24,20258.08,-37280.03,9821.536,22816.305,5580.5156,23389.156
5772.629,85320.66,-17690.535,11771.972,19062.73,180384.98,151881.92,48166.65,102695.49,-49277.977,46088.094,1964.3384,-55390.508,20948.793,20498.316,16630.547,7104.5693
5772.6514,78782.1,-25166.791,7203.3413,14974.731,175086.78,144658.19,42208.23,94878.78,-52613.75,40621.75,-3512.8225,-59920.137,9756.358,16898.924,6509.588,2967.932
5772.6733,94986.23,-8398.757,23462.873,30829.629,187500.0,162205.39,59437.383,111655.98,-38623.348,57293.89,12628.088,-43750.523,-3131.5242,18265.02,-6001.533,17559.105
5772.696,105169.45,2913.0137,31659.592,38095.29,187500.0,173889.48,69274.07,122374.22,-32459.873,66260.65,21486.822,-35872.7,6504.0,22468.287,2463.1401,24636.562
5772.7183,88753.24,-13996.193,15148.94,21373.633,183489.19,156878.6,51818.79,104361.21,-46888.91,49089.996,4823.8423,-52568.31,20838.152,21220.547,16394.646,9614.895
5772.7407,78275.79,-25538.143,6846.0044,13537.736,174059.22,145371.33,41696.555,92210.02,-53666.36,39540.707,-4602.828,-61030.93,12524.107,17208.295,9092.422,1850.367
5772.7627,91770.48,-11739.472,21052.46,27625.818,187500.0,159638.77,56320.832,106038.65,-41354.508,53783.082,9145.91,-46997.047,-2142.6829,17626.252,-4963.4287,14485.093
5772.785,105801.9,3550.083,33319.344,38779.117,187500.0,175521.52,70328.516,121028.805,-31726.223,66822.98,21954.465,-35111.33,3325.3809,21948.61,-478.88617,25108.252
5772.8076,92556.5,-9848.716,19609.879,24250.906,186543.33,162427.42,56041.656,106734.97,-44013.18,52575.82,8190.0815,-49154.64,19870.791,21876.012,15349.302,12449.811
5772.83,78689.055,-24809.453,7941.083,12502.807,173510.7,147968.39,42333.0,91203.26,-53904.63,39425.977,-4703.5674,-61130.258,15011.969,17679.248,11394.495,1433.1715
5772.8525,88789.695,-14658.499,19244.205,23502.592,184261.0,159031.9,53582.207,101536.516,-43974.2,50457.098,5902.5596,-50000.676,-543.61676,17147.564,-3347.5315,11375.161
5772.8745,105663.25,3522.635,34615.766,37968.8,187500.0,177876.6,70725.35,119923.664,-31617.525,66585.53,21699.588,-35003.637,557.6761,21299.201,-3001.4148,24723.22
5772.897,96567.72,-5341.3296,24437.432,27291.145,187500.0,169147.64,60624.195,111029.41,-40885.656,56306.863,11847.587,-45386.383,18122.014,22417.885,13577.411,15352.766
5772.9194,79998.28,-22887.047,9573.678,12840.765,173521.88,151849.19,43992.37,93943.07,-53381.13,40239.266,-3837.7053,-60290.75,17171.973,18289.383,13354.967,1711.0931
5772.942,86098.586,-16867.834,16997.742,20615.217,180575.02,158535.23,51257.223,101020.68,-46387.83,47477.566,3079.1987,-52698.887,1604.3635,16847.27,-1268.2157,8480.587
5772.964,104501.07,2916.1875,33840.496,37244.96,187500.0,178810.56,70236.445,121674.73,-32239.105,65502.434,20678.36,-35757.23,-1584.9623,20557.414,-4913.2266,23615.312
5772.9863,100115.945,-785.7309,27443.137,30944.518,187500.0,175057.84,64965.992,118250.484,-37909.812,59895.707,15372.346,-41831.07,15716.92,22769.344,11218.677,18157.06
5773.009,81734.21,-19991.715,9957.77,14394.837,174643.75,155871.53,46230.85,99574.836,-52353.35,41812.45,-2260.3428,-58897.188,18933.963,18977.885,14941.807,2633.7957
5773.0312,83640.19,-18439.834,13257.49,18460.732,177685.52,157943.22,49084.23,102290.59,-48668.848,44935.39,645.22784,-55231.766,4128.591,16701.58,1162.3802,5874.5527
5773.0537,102499.6,1605.2352,31050.732,36100.082,187500.0,178471.95,68612.26,123373.73,-33626.344,63686.734,18935.506,-37437.855,-2957.4937,19775.014,-6092.996,21828.066
5773.0757,103325.88,3344.8044,29850.377,34602.957,187500.0,180135.19,68553.94,126085.43,-35256.305,63152.13,18609.236,-38716.4,12737.299,22904.303,8335.882,20695.84
5773.098,84537.48,-16163.53,11764.797,17010.527,175073.31,160485.33,49018.406,108855.5,-50646.91,44235.87,204.09378,-56773.92,20014.604,19737.129,15845.465,4348.3306
5773.1206,82259.99,-18937.875,11278.69,17148.146,173042.88,158037.77,47457.63,108912.3,-50417.98,43127.38,-1007.8625,-57147.13,6714.911,16759.025,3618.278,3936.2317
5773.143,100360.586,243.81284,28835.494,34570.414,187500.0,177583.42,66353.08,130354.33,-35445.535,61395.707,16788.596,-39624.594,-3617.2722,19047.465,-6591.6636,19678.164
5773.165,106322.195,7339.2407,32384.615,37800.535,187500.0,184478.8,71499.68,138673.61,-33004.383,65882.55,21377.188,-36085.35,9404.743,22853.832,5167.9697,22858.258
5773.1875,88423.73,-11295.589,14011.728,20163.69,176622.47,165479.38,52345.016,121206.52,-48456.816,47270.945,3278.3303,-54075.598,20579.453,20559.38,16251.573,6624.007
5773.21,82088.95,-18531.543,8998.769,16221.108,171127.11,158332.62,46278.484,115733.13,-51872.566,41883.06,-2197.0872,-58669.332,9541.268,16987.684,6278.0015,2378.9634
5773.2324,98428.62,-1531.944,24948.525,32391.344,187500.0,175606.72,63392.855,134244.05,-37895.555,58646.152,13965.683,-42522.676,-3332.0193,18370.922,-6202.654,16914.816
5773.255,108798.03,10237.793,33216.01,40151.0,187500.0,187177.28,73352.76,146435.28,-31589.496,67888.88,23058.686,-34473.23,6097.31,22578.504,2072.2078,24132.084
5773.277,92326.86,-6277.331,16687.432,23757.223,180551.69,170222.02,55981.688,130166.73,-45986.906,50959.23,6539.7183,-51102.39,20450.104,21344.621,16002.933,9177.516
5773.2993,81550.97,-17692.123,7938.3115,15834.512,171073.06,158783.14,45682.99,119723.71,-52906.96,41439.914,-2984.718,-59717.184,12316.772,17351.793,8874.403,1287.4606
5773.322,94735.55,-3831.6926,21719.102,29837.48,185389.22,172916.6,60052.906,134571.44,-40706.418,55629.492,10644.572,-45833.46,-2266.1765,17780.457,-5087.0117,13812.73
5773.344,108718.64,11736.633,33924.72,41490.586,187500.0,187500.0,74034.08,149925.36,-31021.676,68760.05,23544.121,-33894.99,3034.4954,22097.629,-764.18384,24524.85
5773.366,95478.19,-1387.6858,19951.682,27518.596,185148.62,174740.86,59710.812,136193.33,-43303.625,54627.887,9869.592,-47933.52,19556.727,22030.373,15031.929,11948.506
5773.3887,81541.0,-16307.341,7604.0415,16028.413,172109.73,159649.8,45741.863,121475.57,-53322.434,41457.324,-3091.4028,-60084.51,14841.827,17841.521,11209.914,883.3186
5773.411,91696.56,-6188.93,18241.863,27175.207,183090.1,169989.67,56694.44,132148.25,-43492.855,52393.363,7414.387,-49123.324,-601.2173,17326.938,-3427.953,10798.039
5773.4336,108716.36,12028.1,33273.77,41795.773,187500.0,187500.0,73643.84,150125.56,-31180.35,68415.54,23116.264,-34213.816,419.6093,21476.361,-3141.7837,24174.486
5773.456,99803.36,3213.3762,22853.945,31249.797,187500.0,178877.69,63393.637,140626.81,-40504.94,58086.73,13184.288,-44673.965,17926.57,22589.412,13376.066,14842.476
5773.478,83313.65,-14417.523,7713.2075,16797.225,173360.11,161041.11,46525.45,123072.65,-53093.285,41971.906,-2597.8765,-59715.348,17043.227,18480.021,13215.357,1264.1254
5773.5005,89428.06,-8552.738,15043.016,24482.156,180535.19,167167.83,53536.88,129565.555,-46162.59,49132.71,4230.984,-52231.156,1584.5599,17081.002,-1301.4751,8139.0303
5773.523,107891.16,11090.399,32145.564,41047.75,187500.0,186929.53,72353.23,149201.8,-32026.094,67054.65,21767.65,-35313.883,-1647.8824,20796.602,-4988.1274,23391.75
5773.5454,103734.516,7336.491,26263.592,34779.47,187500.0,182856.66,67060.35,144766.98,-37632.54,61518.734,16530.412,-41304.598,15513.431,23008.53,11006.559,18162.426
5773.5674,85497.195,-12138.607,9100.782,18165.176,175180.88,163320.5,48253.305,125318.84,-52053.684,43648.555,-1033.3882,-58352.47,18775.287,19264.031,14770.749,2888.4714
5773.59,87306.45,-11094.602,12477.325,22009.965,178144.97,164892.38,50924.785,127174.03,-48421.613,46941.703,1833.5361,-54758.152,4125.6177,17039.182,1148.0527,6249.682
5773.6123,106037.88,8448.646,30308.432,39421.508,187500.0,184905.77,70308.93,147047.62,-33422.676,65793.5,20026.627,-36994.195,-2972.8716,20113.375,-6110.9224,22237.059
5773.635,106940.65,9888.882,29250.455,37862.34,187500.0,186277.12,70307.48,147993.12,-34969.01,65503.55,19782.055,-38140.73,12602.227,23257.305,8202.979,21282.26
5773.657,88052.06,-10067.025,10979.423,20033.959,177440.05,166190.02,50652.875,127921.18,-50375.96,46718.836,1427.0024,-56225.95,20047.861,20132.977,15861.535,5087.213
5773.679,85456.05,-13481.768,10118.702,19772.758,176043.75,163089.8,48803.76,125145.586,-50265.32,45556.613,110.50703,-56770.617,6923.2295,17148.885,3799.4167,4674.2866
5773.7017,103286.14,5099.7744,27490.209,36894.04,187500.0,182063.9,67505.82,144112.28,-35344.28,63759.715,17738.592,-39323.965,-3459.6702,19402.857,-6440.834,20372.566
5773.724,109178.64,11871.861,31307.307,40128.65,187500.0,187500.0,72742.04,150388.4,-32736.455,68405.26,22374.344,-35606.4,9378.703,23218.389,5150.8257,23720.342
5773.7466,91008.8,-7132.017,13265.515,22407.646,180238.89,169504.92,53604.246,131098.66,-48040.562,49936.457,4441.672,-53479.77,20611.371,20966.63,16274.774,7747.093
5773.7686,84200.14,-15000.592,8334.139,18155.943,174586.48,161924.38,47335.61,123845.73,-51475.195,44468.53,-1008.44366,-58125.848,9729.089,17406.264,6442.6445,3595.077
5773.791,100099.34,1234.174,24320.174,34035.85,187500.0,178751.11,64233.06,140761.3,-37552.363,61058.734,15009.265,-41977.293,-3127.948,18772.404,-6015.6147,18067.676
5773.8135,110427.86,12375.558,32651.629,41715.53,187500.0,187500.0,74165.195,151740.11,-31166.514,70279.74,24046.656,-33708.977,6185.89,22988.39,2149.6343,25325.309
5773.836,94165.84,-4726.858,16053.984,25226.76,183261.83,172944.48,56783.668,134467.6,-45418.703,53422.594,7692.8896,-50084.316,20531.732,21793.98,16066.389,10598.214
5773.8584,83463.586,-16818.145,7244.2007,17081.45,173629.17,161205.19,46367.086,123055.37,-52264.168,43921.426,-1657.002,-58552.273,12454.124,17803.256,8987.525,2914.556
5773.8804,96655.586,-3651.6492,21002.104,30849.633,187423.83,175027.0,60608.973,137064.86,-40042.93,58082.215,11965.068,-44554.54,-2120.3088,18211.443,-4967.6978,15480.886
5773.903,110730.39,11312.6875,33236.13,42383.023,187500.0,187500.0,74565.78,151996.77,-30288.807,71256.12,24805.63,-32435.533,3103.5623,22530.918,-713.0877,26197.766
5773.9253,97620.04,-2355.0247,19289.982,28348.56,186578.64,176526.38,60258.25,138040.83,-42420.395,57286.047,11282.915,-46258.48,19606.393,22504.922,15063.355,13820.486
5773.9478,83541.93,-17887.744,6956.9805,16683.14,173442.72,161223.66,46189.168,123010.17,-52372.574,44215.574,-1505.7924,-58317.89,14964.404,18323.357,11312.486,2950.7656
5773.9697,93236.1,-8469.947,17641.63,27545.06,184041.83,171245.89,56938.008,133281.34,-42585.082,55144.168,8938.776,-47375.797,-418.1788,17778.064,-3262.9302,12819.24
5773.992,109972.51,9212.63,32807.465,42058.97,187500.0,187500.0,73858.195,151052.12,-30152.326,71327.46,24611.104,-32323.93,435.2332,21895.77,-3142.8564,26163.41
5774.0146,101062.3,119.87241,22615.385,31597.453,187500.0,180056.56,63785.484,141580.03,-39144.637,61403.71,14974.016,-42457.723,17865.639,23058.574,13292.158,17089.34
5774.037,84393.664,-17947.312,7433.498,17012.158,174058.23,162073.31,46857.91,123822.52,-51563.867,45538.17,-576.67505,-57394.9,17113.926,18960.383,13254.897,3638.6182
5774.0596,90194.91,-12630.211,14587.195,24469.328,180955.28,167901.05,53663.387,129961.61,-44577.94,52818.38,6220.446,-49951.254,1715.4741,17510.29,-1212.3588,10365.398
5774.0815,108493.94,6624.5654,31662.117,40961.543,187500.0,187499.69,72415.66,149406.19,-30293.611,70943.93,23662.318,-32952.797,-1646.5859,21197.19,-5021.722,25455.33
5774.104,104385.13,2717.4136,25911.46,34778.71,187500.0,183458.61,67244.64,145040.98,-35639.727,65701.52,18536.951,-38712.688,15468.928,23462.38,10924.014,20269.39
5774.1265,85988.35,-16969.467,8638.658,18018.838,175442.34,163724.14,48314.816,125459.164,-50053.293,47733.426,996.39606,-55790.133,18908.75,19721.594,14851.685,4930.8174
5774.149,87514.195,-16145.224,11809.41,21628.242,178161.08,164960.31,50733.387,127046.51,-46545.117,50703.996,3695.3247,-52362.137,4301.347,17421.307,1267.0087,8074.679
5774.171,106106.39,3302.6267,29601.088,38960.95,187500.0,184780.31,70012.95,146809.72,-31536.031,69358.18,21691.342,-34637.895,-2926.134,20440.627,-6112.4424,23878.414
5774.1934,107098.41,4833.677,28711.688,37513.34,187500.0,186188.05,70118.92,147868.62,-32908.25,69081.71,21443.84,-35638.562,12562.933,23613.992,8121.1265,22944.0
5774.216,88188.66,-15188.012,10490.591,19677.986,177459.72,166008.56,50432.086,127757.68,-48309.004,50193.234,3081.2104,-53730.734,20111.342,20509.47,15886.793,6734.0444
5774.2383,85431.44,-18825.781,9577.701,19300.197,175900.16,162676.88,48406.1,124789.8,-48344.633,48809.93,1620.591,-54426.97,7043.3477,17484.473,3877.4915,6164.455
5774.2607,103155.18,-405.28183,26963.736,36365.62,187500.0,181483.88,66999.76,143634.73,-33497.508,66875.55,19070.777,-37076.52,-3402.8074,19693.744,-6430.2173,21688.3
5774.2827,109104.68,6368.638,30928.111,39665.742,187500.0,187500.0,72292.234,149958.89,-30841.564,71550.664,23659.166,-33313.934,9372.959,23526.553,5099.3945,24988.312
5774.305,90918.5,-12681.575,12941.504,21895.613,180039.44,168823.9,53127.06,130636.09,-46202.645,53009.31,5663.9995,-51240.527,20695.324,21297.033,16321.043,8959.697
5774.3276,83993.234,-20548.809,7948.4146,17497.035,174213.55,161052.28,46726.523,123406.16,-49797.832,47336.527,58.02513,-56126.55,9827.66,17680.566,6507.5093,4665.3906
5774.35,99858.7,-3994.3909,23929.264,33324.773,187500.0,177800.62,63582.555,140669.92,-35949.566,63807.836,15956.218,-40271.008,-3138.498,18982.02,-6061.2344,19021.47
5774.372,110370.08,7789.2256,32460.164,41153.61,187500.0,187500.0,73706.49,152198.98,-29458.596,73109.766,25057.021,-32118.295,6040.7603,23195.39,1968.4957,26310.44
5774.3945,94169.02,-8699.8125,16084.964,24754.514,182936.8,172318.88,56470.723,135410.39,-43692.633,56234.508,8630.769,-48653.445,20505.982,22045.93,16006.353,11580.193
5774.417,83043.69,-20481.04,7403.144,16453.543,173093.17,160424.47,45906.527,124147.66,-50801.07,46385.727,-1187.2577,-57539.74,12569.549,18008.266,9079.548,3625.2742
5774.4395,95788.36,-7019.655,21286.148,30107.533,186810.98,174103.34,59997.07,138241.98,-38792.508,60228.836,12014.801,-43899.543,-2063.893,18326.732,-4923.9106,15925.171
5774.4614,109771.34,8574.665,33861.195,41834.062,187500.0,187500.0,74121.48,153567.84,-28999.086,73371.016,24789.873,-31805.438,2984.9639,22618.604,-835.99994,26653.205
5774.484,96619.95,-4368.738,20203.252,27961.072,186359.83,175992.69,59999.15,140098.31,-41219.39,59175.934,11123.659,-45673.133,19615.848,22641.938,15073.593,14287.369
5774.5063,82214.75,-19444.098,7826.799,16141.916,173038.28,160494.45,45771.39,125220.69,-51616.64,45355.87,-2203.5247,-58126.18,15136.178,18416.744,11486.54,3105.5515
5774.529,91670.5,-9560.981,18479.598,26948.47,183583.39,170367.11,56404.27,135606.72,-42221.555,55590.668,7865.7803,-47519.855,-341.51233,17771.002,-3180.6309,12713.762
5774.5513,108448.27,8836.159,33830.46,41662.805,187500.0,187500.0,73470.81,153663.39,-29991.506,71366.47,23542.422,-32557.908,372.46948,21842.662,-3187.2249,26035.312
5774.573,99606.87,458.18845,23825.553,31391.326,187500.0,179445.8,63568.54,144477.19,-39156.48,61081.53,13869.168,-42772.055,17919.463,23040.492,13361.068,16939.762
5774.5957,82725.96,-17270.455,8530.477,16699.637,173948.67,161212.06,46506.25,126708.82,-51980.703,44550.94,-2117.2913,-58086.016,17329.709,18910.338,13487.468,3162.079
5774.618,88331.484,-11695.506,15537.771,24066.438,180780.3,166765.12,53153.613,132748.16,-45442.15,51164.13,4317.195,-51018.754,1863.2416,17356.062,-1033.3882,9564.178
5774.6406,106659.58,8029.305,32584.238,40693.453,187500.0,186367.92,71940.55,152033.33,-31423.043,68914.63,21758.373,-34156.906,-1628.3022,20972.018,-4962.4897,24573.598
5774.6626,102682.266,4710.921,26822.072,34738.21,187500.0,182448.11,66874.9,147051.16,-36861.875,63475.58,16718.725,-39935.33,15549.461,23263.986,11033.939,19401.115
5774.685,84202.4,-14677.274,9423.161,17964.5,177518.16,162556.39,47851.285,126267.445,-51457.023,45128.53,-1085.1101,-57244.516,19136.96,19526.955,15109.043,3814.8618
5774.7075,85555.35,-13750.905,12447.218,21468.695,180641.55,163514.95,50078.727,126318.73,-48227.957,47617.332,1276.5977,-54124.84,4520.6406,17149.867,1522.9138,6633.9087
5774.73,104088.63,5891.227,30182.658,38805.133,187500.0,183246.36,69301.27,144592.33,-33429.203,65940.53,19210.03,-36532.188,-2815.5823,20093.102,-5949.2744,22324.543
5774.7524,105187.89,7794.8584,29404.639,37496.598,187500.0,184739.6,69557.64,144378.8,-34821.336,65550.6,19092.771,-37471.9,12722.367,23301.426,8317.598,21450.568
5774.7744,86231.38,-12085.388,11216.329,19598.637,181319.12,164353.25,49838.266,122594.61,-50308.348,46377.637,522.9414,-55703.566,20457.346,20235.014,16248.869,5036.3623
5774.797,83309.61,-15797.609,10222.102,19044.94,179969.75,160631.64,47582.617,117736.59,-50541.97,44578.566,-1294.032,-56662.32,7350.282,17133.707,4218.959,4124.2544
5774.8193,101001.14,2681.9636,27587.016,36071.76,187500.0,179290.86,66018.984,135206.11,-35810.27,62418.434,16096.072,-39367.37,-3250.6367,19253.393,-6233.0747,19550.982
5774.842,107154.17,9776.899,31729.553,39524.438,187500.0,186091.2,71434.414,140563.72,-33062.188,67152.17,20911.533,-35408.766,9528.46,23130.727,5292.8486,22945.117
5774.864,89074.99,-9182.478,13835.73,21714.855,184678.27,166598.16,52320.586,119518.66,-48421.637,48486.32,2811.6038,-53350.73,21133.195,21003.22,16775.006,6676.8687
5774.886,82009.94,-17413.775,8749.009,17021.166,179035.94,158235.67,45674.52,109669.375,-52266.895,42384.43,-3237.069,-58482.6,10339.493,17346.607,7038.3633,1885.3921
5774.9087,97803.59,-1278.3187,24735.67,32641.324,187500.0,174508.7,62346.06,124430.2,-38611.03,58544.426,12449.564,-42654.707,-2805.0547,18534.918,-5688.9663,16053.313
5774.931,108512.6,10414.147,33510.76,40518.82,187500.0,185950.0,72574.49,134254.8,-32022.494,67898.38,21752.025,-34202.996,6280.863,22763.42,2250.888,23572.262
5774.9536,92528.72,-6226.526,17263.996,24064.426,187500.0,168711.89,55394.867,115424.74,-46159.082,50984.734,5446.204,-50577.887,21005.076,21743.867,16521.248,8882.114
5774.9756,81531.01,-18503.58,8197.904,15440.116,178086.86,156197.73,44591.242,101625.984,-53398.52,40786.617,-4493.908,-59623.348,13133.17,17697.756,9659.53,657.5884
5774.998,94434.31,-5487.13,21438.432,28864.686,187500.0,169379.84,58475.9,113957.6,-41520.535,54375.74,8697.511,-46077.92,-1716.0328,17909.113,-4546.5015,12885.759
5775.0205,108826.35,10020.377,33371.957,40690.37,187500.0,184732.92,72696.28,128634.05,-31561.512,67710.83,21838.08,-33734.973,3139.392,22190.098,-649.7876,23951.438
5775.043,96220.195,-2993.0774,19191.836,26982.87,187500.0,171104.11,58725.816,114351.95,-43433.332,53930.336,8569.569,-47304.832,19961.764,22357.223,15415.373,11851.767
5775.065,81987.01,-18686.373,6080.39,15098.225,179512.64,154865.66,44257.305,97783.32,-53754.36,40271.99,-4802.653,-59846.58,15659.073,18160.549,11998.35,495.8958
5775.0874,91422.39,-9537.445,16054.163,25870.223,187500.0,163807.88,54543.51,106844.38,-44367.992,50658.62,5128.8765,-49373.91,18.663708,17403.895,-2814.621,9989.264
5775.11,108467.97,8553.699,31133.01,40787.668,187500.0,181635.22,71620.67,124796.81,-31829.443,67027.36,21052.797,-34130.53,441.04462,21442.03,-3097.3037,23678.5
5775.1323,100055.93,107.0425,21131.742,30801.957,187500.0,172497.83,61904.77,115717.04,-40573.94,57447.695,11764.081,-43924.51,18116.895,22792.545,13562.212,15001.441
5775.155,83113.16,-18148.97,5570.2563,15984.291,180392.44,153700.67,44530.51,97135.72,-53387.992,41066.953,-4328.1245,-59285.926,17808.06,18723.723,13960.028,1135.3346
5775.177,88251.11,-13277.473,12311.498,23072.389,186433.36,158585.34,50688.37,102438.07,-46981.29,47632.465,1825.2882,-52414.664,2266.8472,17075.66,-617.8246,7395.567
5775.199,106338.05,6155.246,29377.102,39700.344,187500.0,178034.62,69409.516,122214.5,-32775.816,65703.84,19350.018,-35387.754,-1549.803,20620.67,-4862.041,22710.49
5775.2217,102422.47,2849.1323,23652.125,33922.906,187500.0,174250.19,64598.418,118537.63,-37852.258,60779.402,14624.813,-40788.004,15680.979,23024.398,11182.109,17985.512
5775.244,83664.64,-16910.637,6265.686,16979.055,181473.34,154001.72,45340.36,98453.89,-52427.785,42505.98,-3263.3325,-58117.242,19529.123,19340.766,15509.43,2405.0032
5775.266,84625.72,-16463.893,9460.242,20222.877,183697.83,154506.67,47077.56,99361.6,-49271.047,45066.348,-1083.6572,-55103.688,4825.116,16894.053,1837.8947,5167.5225
5775.2886,103073.77,3049.784,27369.51,37576.707,187500.0,174231.66,66150.1,119549.74,-34277.586,63852.316,17007.062,-37321.402,-2853.1333,19783.06,-5965.7256,21174.926
5775.311,104418.055,5195.507,26990.426,36550.38,187500.0,176104.86,66592.28,121757.83,-35260.37,64191.977,17342.986,-37820.027,12605.267,23086.201,8227.186,20840.275
5775.3335,85359.59,-14800.41,8891.659,18638.094,183262.25,155662.22,46731.22,101695.7,-50678.426,45272.656,-1153.6854,-56001.83,20658.803,20109.262,16465.682,4559.108
5775.356,82071.21,-18896.523,7731.871,17882.76,181249.14,151575.14,44181.914,98160.08,-51078.543,43405.727,-3152.8477,-57188.816,7600.689,16964.773,4474.596,3580.146
5775.378,99610.06,-582.1289,25023.83,34890.023,187500.0,170141.58,62645.86,117245.59,-36344.098,61397.945,14306.904,-39950.527,-3260.829,19032.29,-6227.2188,19223.15
5775.4004,105916.9,6685.1836,29275.264,38582.242,187500.0,177204.47,68379.15,124656.555,-33361.79,66562.51,19517.188,-35784.97,9387.13,22960.674,5175.7925,23158.822
5775.423,87729.98,-12296.388,11340.739,20858.516,184764.1,157678.84,49288.973,105546.836,-48677.945,48000.55,1557.6038,-53716.473,21195.29,20898.3,16860.838,7206.5825
5775.4453,80324.484,-20755.271,6040.984,16110.221,178403.38,149038.55,42492.793,97519.5,-52643.79,41695.75,-4579.8506,-59028.68,10433.482,17196.94,7160.292,2506.1672
5775.4673,95973.7,-4636.2886,21888.527,31824.436,187500.0,165335.6,59249.695,114402.47,-38948.207,57850.203,11253.612,-43204.492,-2918.5344,18330.756,-5773.5454,16892.6
5775.4897,106841.766,7343.398,30723.95,39966.17,187500.0,177210.64,69853.445,126552.92,-32121.156,67524.53,21005.031,-34503.473,6028.6235,22585.68,2032.9806,24804.135
5775.512,90850.81,-9186.725,14407.912,23492.602,186488.72,160360.28,52807.99,109724.11,-46206.29,50759.74,4886.3154,-50812.402,20947.408,21618.451,16496.078,10265.353
5775.5347,79590.92,-21634.344,5173.8706,14625.596,176127.38,147971.75,41841.574,97432.016,-53614.594,40445.484,-5195.8423,-60046.734,13199.443,17549.092,9749.81,1918.6738
5775.557,92366.82,-8674.399,18547.412,27932.104,187500.0,161412.6,55706.383,111026.68,-41791.797,54065.742,8004.9194,-46581.64,-1780.54,17723.303,-4579.8506,14113.361
5775.579,106904.84,7080.7866,31007.459,39865.703,187500.0,177379.22,70220.06,126948.414,-31649.89,67831.195,21478.932,-34047.9,2893.6123,22031.178,-852.9873,25373.434
5775.6016,94292.695,-5731.077,17319.875,26201.117,187500.0,164308.02,56465.938,113745.15,-43400.43,54426.766,8431.212,-47487.266,19849.871,22272.129,15326.614,13386.93
5775.624,79747.63,-21493.64,4446.2764,14016.265,175319.36,148477.22,41917.996,97950.13,-53814.598,40809.125,-5043.828,-60144.637,15700.849,18093.336,12054.318,1907.9897
5775.6465,88974.9,-12368.539,14553.578,24464.342,185207.23,158012.6,52191.39,107635.586,-44477.516,51204.516,4853.2124,-49750.83,-9.790065,17325.082,-2823.3608,11297.6455
5775.6685,106119.18,5967.536,29829.947,39384.402,187500.0,176606.39,69536.09,126237.05,-31778.504,67778.89,21041.307,-34355.1,248.26082,21371.086,-3263.31,25078.166
5775.691,97810.63,-2228.1562,19953.18,29442.592,187500.0,168145.39,60066.76,117702.75,-40389.695,58345.363,11980.491,-44006.965,18014.1,22764.918,13477.901,16477.975
5775.7134,80699.1,-20523.664,4313.082,14441.663,175731.62,149664.47,42690.07,99292.33,-53307.727,41781.492,-4215.181,-59502.07,17856.676,18686.664,14024.625,2452.2996
5775.736,85903.164,-15660.348,10920.683,21444.309,181942.1,154869.86,48923.926,104642.22,-46949.93,48212.78,1909.599,-52721.375,2230.615,17010.191,-633.0238,8593.24
5775.7583,104347.13,3948.771,28060.672,38196.363,187500.0,174808.28,67896.17,124598.266,-32631.066,66374.29,19670.945,-35599.156,-1736.9764,20574.871,-5011.9766,23956.69
5775.7803,100821.59,919.26025,22785.393,32618.258,187500.0,171559.19,63388.855,121274.625,-37561.105,61630.18,15251.58,-40817.28,15502.657,23035.508,11032.174,19336.205
5775.8027,82174.05,-18801.662,5319.358,15661.309,177272.52,151550.61,44239.156,101342.68,-52222.816,43227.246,-2668.4631,-58195.81,19529.928,19377.266,15521.275,3620.6697
5775.825,83141.63,-18416.855,8054.697,18858.682,179431.31,152165.11,46124.12,102168.58,-49205.49,45462.957,-612.9743,-55347.816,4828.2676,16900.11,1859.0171,6166.377
5775.8477,101744.49,1199.0818,25878.18,36333.59,187500.0,172141.53,65479.523,122265.37,-34197.97,64078.383,17568.314,-37598.41,-2962.5227,19773.293,-6043.8896,22097.494
5775.8696,103329.34,3578.3132,25585.998,35521.082,187500.0,174369.11,66267.625,124488.0,-35089.42,64354.16,18101.473,-38000.582,12475.291,23095.031,8124.211,21775.965
5775.892,84352.56,-16325.088,7532.963,17649.744,179907.42,154128.31,46544.96,104346.91,-50569.01,45103.9,-437.04367,-56194.902,20658.893,20125.154,16480.031,5364.732
5775.9146,81045.664,-20451.646,6387.235,16847.158,177927.0,150138.44,43977.195,100608.914,-51096.066,42817.273,-2599.307,-57480.93,7634.1494,16943.717,4525.1333,4166.544
5775.937,98686.06,-2039.105,23851.816,33977.645,187500.0,168935.56,62532.918,119587.49,-36329.68,60607.387,14874.662,-40217.9,-3357.992,18964.965,-6294.5645,19701.992
5775.9595,105319.39,5605.08,28505.605,38018.195,187500.0,176505.08,68587.78,127157.945,-33135.164,65873.66,20331.215,-35787.984,9158.963,22899.273,4969.3296,23702.773
5775.9814,87287.32,-13140.367,10714.041,20416.264,183586.75,157380.7,49591.84,108108.75,-48426.4,47294.125,2391.7039,-53615.6,21123.049,20864.639,16790.184,7676.8413
5776.004,79785.02,-21626.275,5291.865,15561.353,177621.9,148928.3,42579.652,99920.414,-52543.855,40824.75,-3966.5183,-59048.863,10468.418,17135.92,7197.083,2719.671
5776.0264,95387.28,-5512.6333,21121.104,31280.082,187500.0,165446.78,59168.74,116668.15,-38894.99,56953.61,11741.841,-43302.035,-2954.4314,18242.334,-5792.365,16925.322
5776.049,106481.57,6741.4204,30442.094,39727.5,187500.0,177742.7,69920.1,128985.195,-31903.896,66876.6,21639.508,-34441.355,5811.7666,22511.248,1838.23,24890.1
5776.071,90687.31,-9512.076,14720.838,23578.79,186979.78,161128.61,53021.38,112413.984,-45903.152,50268.383,5608.4775,-50618.926,20815.42,21583.248,16364.003,10394.3
5776.0933,79375.25,-21944.094,5743.415,14798.376,176853.84,148648.2,41965.85,100149.52,-53429.254,39829.94,-4632.0195,-59962.54,13190.436,17500.432,9739.482,1901.776
5776.1157,92106.85,-9010.771,19352.678,28175.156,187500.0,161986.47,55759.78,113694.09,-41667.543,53330.906,8459.912,-46620.734,-1814.8275,17648.312,-4603.588,13977.708
5776.138,106811.99,6908.6113,32325.719,40320.316,187500.0,178060.67,70419.4,129738.33,-31432.9,67061.24,22035.268,-34058.87,2740.7935,21943.781,-997.8936,25273.408
5776.16,94358.516,-5714.2686,19155.604,26781.48,187500.0,165128.95,56810.38,116720.23,-43159.297,53532.9,9043.539,-47477.32,19738.559,22189.695,15219.08,13306.463
5776.1826,79764.016,-21497.664,6579.1914,14510.618,176390.23,149246.61,42204.97,100920.32,-53730.176,39588.43,-4594.0884,-60292.203,15687.84,17977.6,12043.389,1692.1165
5776.205,88964.89,-12397.798,16995.26,24891.664,186137.33,158752.67,52454.25,110532.125,-44482.855,49738.914,5191.6846,-50037.02,-18.663708,17186.436,-2829.3733,11002.691
5776.2275,106197.92,6024.3096,32677.602,39857.61,187500.0,177443.81,69904.97,129067.67,-31761.18,66256.445,21416.639,-34680.543,156.73044,21238.494,-3346.1233,24814.818
5776.25,98036.164,-2002.0011,23212.467,29995.752,187500.0,169160.48,60586.844,120495.24,-40347.965,56842.23,12438.701,-44295.64,17892.752,22651.705,13358.744,16276.607
5776.272,80979.75,-20256.494,7735.2686,14954.704,176962.31,150706.44,43188.176,101834.28,-53373.664,40175.652,-3837.035,-59845.438,17830.727,18581.432,13990.672,2201.9375
5776.2944,86144.79,-15488.128,14260.436,21908.89,183156.88,155737.0,49287.23,106770.71,-47154.83,46443.484,2132.3787,-53209.156,2284.1472,16897.605,-590.9131,8232.729
5776.317,104635.695,4102.864,31383.615,38843.043,187500.0,175441.89,68241.87,126484.37,-32839.99,64582.1,19869.562,-36147.535,-1758.7247,20447.803,-5040.6763,23584.87
5776.3394,101262.48,1194.835,26211.87,33505.934,187500.0,172108.6,63839.598,123054.45,-37710.883,59923.242,15519.175,-41322.074,15407.371,22907.566,10928.908,19040.379
5776.3613,82633.445,-18525.574,8724.355,16478.398,178570.25,152056.56,44662.496,102849.72,-52460.93,41457.145,-2487.6824,-58768.26,19546.512,19254.756,15516.851,3294.312
5776.384,83501.49,-18271.234,11412.265,19406.256,180581.81,152628.1,46413.355,103263.12,-49581.355,43548.4,-604.6371,-56075.99,4931.086,16770.09,1943.8866,5744.2866
5776.4062,102130.33,1317.6577,29395.766,36742.09,187500.0,172692.45,65768.22,122982.97,-34554.566,62179.63,17550.836,-38373.23,-2976.1797,19623.357,-6063.045,21680.59
5776.4287,103922.72,3857.0842,29380.252,35945.184,187500.0,175185.17,66738.77,124867.11,-35341.13,62655.918,18203.016,-38695.23,12357.028,22946.168,7989.72,21460.09
5776.451,84949.82,-16076.358,11154.974,17919.037,180357.33,154968.77,46996.758,104066.375,-50921.945,43513.887,-422.69385,-56983.65,20653.393,19971.934,16452.807,4975.141
5776.473,81512.33,-20378.445,9721.848,16969.13,178171.53,150728.56,44276.707,99505.45,-51594.355,41257.39,-2773.2258,-58432.625,7712.9614,16782.83,4585.8184,3626.3022
5776.4956,99115.44,-2080.858,27137.32,34135.383,187500.0,169224.67,62778.43,117810.94,-36827.496,59160.223,14610.062,-41223.438,-3333.4722,18809.15,-6280.483,19104.887
5776.518,105848.01,5577.0063,31907.049,38269.61,187500.0,176654.4,68923.19,124861.26,-33551.49,64631.03,20099.605,-36737.91,9071.367,22736.709,4876.346,23138.482
5776.5405,87847.97,-13225.349,14128.136,20590.809,182870.9,157406.78,49948.82,105066.5,-48873.387,46155.66,2136.7373,-54561.883,21071.84,20682.965,16722.234,7052.959
5776.5625,80291.85,-21868.21,8562.372,15459.429,176489.36,148898.28,42891.168,95890.59,-53061.098,39727.637,-4312.814,-60030.73,10489.764,16954.646,7194.1997,1958.6163
5776.585,95886.125,-5868.071,24292.39,30960.678,187500.0,165438.92,59523.816,111812.86,-39374.074,55973.016,11355.604,-44249.887,-2942.5625,18082.586,-5802.0884,16097.413
5776.6074,107018.7,6344.923,33402.96,39307.98,187500.0,177782.67,70385.18,123523.414,-32300.26,66056.625,21261.16,-35316.23,5779.1777,22359.86,1794.1522,24053.898
