Tm,Oz,Po7,Po4,Po3,P4,P3,Po8,Pz,Fz,F2,F3,F4,AF3,Cz,AF4,F1
4976.7725,103481.695,13951.468,29126.201,37591.992,187500.0,181438.64,70142.92,139795.23,-33825.117,67791.01,23142.596,-33025.527,12572.723,22810.201,8378.306,24020.504
4976.795,84655.13,-5790.935,10960.38,19671.906,182018.45,161351.75,50538.01,119727.64,-49096.816,48845.47,4779.0938,-51123.83,21156.219,19531.201,17109.836,7670.4263
4976.8174,80974.54,-10287.928,9223.962,18397.209,179667.23,156982.77,47564.2,115623.41,-49793.07,46455.465,2385.669,-52697.906,8392.879,16303.697,5594.865,6144.9644
4976.84,98377.2,7861.1978,26321.303,35332.5,187500.0,175493.97,65847.234,134168.12,-35305.344,64191.215,19548.346,-35635.727,-2831.9438,18644.04,-5377.897,21541.115
4976.8623,105357.27,15837.932,31212.916,39711.766,187500.0,183378.47,72227.766,141776.47,-31990.621,69868.85,25141.89,-30945.656,9342.226,22690.174,5349.779,25863.271
4976.8843,87533.88,-2690.2786,13529.131,22154.223,184611.0,164476.72,53440.184,122825.39,-47000.246,51597.797,7449.6807,-48582.21,21552.693,20344.402,17343.68,9993.823
4976.9067,79795.06,-11410.208,7811.466,16937.438,178301.45,155793.86,46205.24,114396.37,-51124.117,45058.637,1043.1112,-54151.19,11155.287,16504.26,8173.653,4831.866
4976.929,95122.164,4408.703,23317.027,32404.084,187500.0,171989.14,62524.69,130689.17,-37742.31,61024.402,16468.363,-38611.883,-2346.7097,17909.807,-4789.063,18862.639
4976.9517,106362.25,16798.363,32504.377,41062.684,187500.0,184380.12,73430.49,142824.55,-30800.08,71105.195,26321.951,-29650.105,6108.5977,22343.63,2372.4814,27001.824
4976.9736,90763.69,755.556,16509.914,25062.922,187490.92,167960.81,56742.945,126289.32,-44531.473,54759.406,10513.948,-45621.945,21218.535,21116.611,16889.291,12691.299
4976.996,79271.16,-11836.411,7001.751,16064.735,177557.97,155315.06,45515.26,113872.17,-51956.004,44304.332,322.55804,-55002.438,13845.5205,16854.803,10651.858,4072.1526
4977.0186,91708.81,812.46356,20092.99,29242.61,187500.0,168334.28,59002.754,127044.62,-40406.95,57641.594,13183.148,-41821.746,-1164.8389,17267.482,-3570.8923,15976.804
4977.041,106468.23,16798.81,32957.51,41594.945,187500.0,184417.5,73709.16,142906.92,-30285.186,71459.984,26645.828,-29179.621,3081.6575,21806.006,-391.84845,27408.783
4977.0635,94254.85,4445.5835,19825.686,28320.912,187500.0,171704.19,60352.31,130017.84,-41754.895,58235.438,13882.199,-42327.547,20098.443,21812.129,15686.23,15690.746
4977.0854,79551.27,-11410.521,6945.626,15928.479,177605.16,155703.58,45653.508,114210.58,-52152.434,44346.176,373.96704,-55100.18,16286.71,17355.525,12873.175,4014.0828
4977.108,88460.38,-2573.066,16941.705,26127.58,187090.61,164878.77,55610.582,123588.37,-43065.98,54356.895,9999.769,-44975.957,630.07336,16771.9,-1797.1697,13147.654
4977.1304,105609.29,15791.888,32477.24,41197.418,187500.0,183427.64,72982.27,141969.48,-30560.178,70841.805,26026.596,-29646.395,578.7761,21117.795,-2621.2117,26982.133
4977.153,97601.96,7955.612,23103.277,31558.562,187500.0,175271.86,63859.137,133590.52,-39000.938,61629.777,17166.9,-39083.594,18264.752,22342.09,13850.706,18629.71
4977.175,80511.32,-10281.177,7557.952,16452.068,178345.27,156811.45,46503.97,115276.125,-51776.273,45079.87,1093.872,-54536.848,18366.496,17970.156,14739.479,4561.5444
4977.1973,85505.195,-5630.1587,14004.352,23206.432,184292.38,161749.84,52486.39,120450.14,-45583.234,51311.805,7052.892,-47934.055,2874.0098,16441.094,379.7785,10494.726
4977.2197,103925.195,13918.744,31174.158,39990.715,187500.0,181559.17,71382.54,140151.28,-31512.652,69379.164,24589.49,-30926.3,-1317.1213,20332.602,-4257.873,25834.996
4977.242,100722.28,11194.179,26241.977,34685.637,187500.0,178575.16,67167.055,136906.89,-36331.4,64852.38,20284.611,-35968.965,15776.644,22684.43,11428.671,21444.13
4977.2646,82167.766,-8429.446,8853.706,17657.723,179776.56,158659.9,48089.625,117078.35,-50797.223,46536.355,2513.8562,-53275.207,20018.537,18683.13,16182.127,5748.2876
4977.2866,82986.69,-8202.33,11417.003,20617.117,181780.86,159104.89,49787.35,117780.31,-47846.527,48658.766,4489.505,-50548.113,5463.5713,16274.573,2838.8728,8147.5684
4977.309,101506.0,11287.609,29121.06,38035.453,187500.0,178915.36,69001.42,137551.5,-33099.78,67156.914,22420.03,-32950.34,-2461.7766,19500.11,-5189.3154,24023.186
4977.3315,103317.9,13854.461,28957.11,37417.07,187500.0,181298.02,69970.836,139657.39,-33988.31,67610.875,22950.727,-33268.785,12800.6875,22799.898,8590.155,23870.19
4977.354,84461.836,-5927.9062,10798.821,19517.723,181824.34,161172.81,50353.742,119555.96,-49244.67,48661.715,4582.421,-51357.402,21102.953,19465.129,17067.3,7527.6436
4977.376,81069.78,-10121.675,9342.694,18523.988,179754.56,157111.64,47681.883,115758.414,-49705.945,46559.066,2467.4763,-52654.81,8202.486,16288.432,5417.3257,6255.65
4977.3984,98572.56,8141.5337,26503.715,35515.81,187500.0,175735.47,66053.516,134408.86,-35174.207,64372.53,19708.473,-35530.96,-2822.8467,18689.547,-5380.423,21709.758
4977.421,105236.53,15789.071,31080.906,39584.918,187500.0,183285.05,72103.23,141681.11,-32118.473,69731.41,24994.525,-31147.38,9569.855,22696.521,5560.913,25759.246
4977.4434,87287.055,-2880.7153,13310.441,21951.605,184371.47,164242.81,53201.71,122593.805,-47191.598,51362.613,7206.404,-48865.543,21561.232,20279.314,17359.729,9811.143
4977.466,79781.36,-11359.515,7831.023,16975.121,178291.31,155808.5,46216.504,114413.305,-51111.98,45065.68,1034.8634,-54197.33,10996.769,16470.867,8025.148,4862.913
4977.488,95273.375,4638.166,23471.97,32569.867,187500.0,172183.81,62695.527,130881.445,-37626.797,61177.867,16605.357,-38525.38,-2400.22,17937.479,-4850.351,19013.355
4977.5103,106292.36,16796.71,32426.123,40994.086,187500.0,184338.78,73361.12,142777.69,-30876.076,71023.88,26234.645,-29790.273,6301.2476,22359.904,2534.9116,26951.6
4977.5327,90531.3,574.8422,16297.528,24871.547,187278.03,167739.14,56516.008,126066.52,-44708.23,54533.965,10285.335,-45888.18,21252.867,21056.82,16912.291,12522.208
4977.555,79259.65,-11787.305,7012.7256,16101.549,177549.44,155329.19,45527.13,113886.5,-51937.14,44312.87,318.57944,-55038.69,13684.364,16816.357,10496.782,4106.574
4977.577,91879.84,1061.6407,20253.79,29424.441,187500.0,168550.22,59196.79,127256.7,-40268.414,57819.605,13345.512,-41702.03,-1247.5851,17289.857,-3655.516,16148.04
4977.5996,106432.35,16833.256,32896.09,41552.387,187500.0,184413.31,73677.21,142896.83,-30338.74,71411.55,26591.49,-29280.986,3273.212,21829.117,-223.38333,27380.06
4977.622,93952.73,4186.504,19530.42,28057.318,187500.0,171407.11,60054.09,129719.27,-41991.49,57936.816,13584.519,-42654.082,20201.285,21751.602,15789.585,15452.254
4977.6445,79446.84,-11472.883,6861.516,15884.044,177510.4,155610.12,45570.715,114117.62,-52199.684,44261.082,281.36377,-55208.945,16129.265,17301.904,12732.917,3965.0654
4977.667,88613.3,-2359.048,17086.812,26306.104,187231.5,165066.22,55787.63,123771.14,-42922.438,54517.85,10146.643,-44850.88,479.98138,16784.572,-1937.8293,13307.3125
4977.689,105669.53,15917.146,32502.924,41251.332,187500.0,183522.02,73047.984,142054.03,-30523.656,70886.17,26065.42,-29635.756,704.37054,21154.766,-2515.2866,27038.973
4977.7114,97374.33,7772.3726,22860.941,31351.986,187500.0,175054.9,63629.56,133364.34,-39179.414,61392.96,16935.648,-39329.035,18405.86,22306.238,13983.632,18450.004
4977.734,80384.7,-10366.762,7438.9966,16376.296,178220.39,156697.6,46392.59,115154.04,-51842.438,44966.773,982.2921,-54650.17,18262.695,17917.361,14643.321,4489.2144
4977.7563,85620.44,-5459.213,14109.404,23350.398,184396.73,161896.53,52622.29,120586.24,-45459.004,51440.953,7177.8604,-47816.22,2747.9014,16447.867,252.12767,10628.345
4977.7783,103994.69,14048.72,31209.922,40057.973,187500.0,181661.7,71457.21,140240.11,-31455.207,69442.47,24656.59,-30875.16,-1206.0332,20375.47,-4167.8403,25907.527
4977.801,100500.06,11009.8,26003.64,34483.445,187500.0,178360.84,66939.54,136682.12,-36498.523,64623.61,20071.756,-36184.1,15933.844,22661.184,11577.533,21271.598
4977.823,82034.06,-8531.482,8726.009,17572.137,179644.56,158532.17,47964.184,116944.195,-50867.184,46408.996,2398.1858,-53377.91,19916.434,18633.176,16088.249,5667.039
4977.8457,83100.73,-8042.0234,11519.084,20756.412,181884.89,159243.23,49914.957,117909.69,-47718.99,48779.35,4614.205,-50412.484,5313.8145,16281.637,2697.3862,8280.494
4977.868,101644.12,11481.667,29220.703,38161.895,187500.0,179086.12,69142.46,137708.23,-32984.38,67284.92,22554.588,-32812.07,-2426.9749,19548.234,-5158.3584,24155.33
4977.89,103208.13,13787.204,28818.73,37303.97,187500.0,181204.28,69855.125,139550.3,-34078.184,67482.664,22838.969,-33369.188,12959.162,22805.777,8741.946,23782.637
4977.9126,84328.625,-6026.7456,10663.772,19413.61,181694.31,161050.95,50227.145,119422.83,-49324.56,48527.652,4465.186,-51450.97,21085.162,19430.238,17056.459,7435.934
4977.935,81119.02,-10030.122,9386.214,18597.234,179800.8,157186.6,47747.22,115819.79,-49627.156,46617.113,2537.9514,-52559.793,8097.791,16284.855,5315.312,6330.6177
4977.9575,98689.17,8308.77,26593.883,35626.402,187500.0,175885.9,66179.23,134542.84,-35067.742,64482.055,19832.66,-35386.57,-2811.8496,18722.36,-5382.099,21825.451
4977.9795,105133.49,15722.485,30952.25,39473.99,187500.0,183199.34,71995.69,141578.17,-32194.537,69613.08,24899.195,-31216.203,9708.168,22696.477,5698.041,25681.373
4978.002,87124.13,-3020.9502,13145.352,21809.873,184214.45,164086.6,53041.99,122423.4,-47293.207,51197.32,7064.023,-48966.527,21502.424,20231.75,17330.135,9693.326
4978.0244,79819.96,-11291.633,7863.9023,17028.766,178326.42,155865.94,46269.363,114457.56,-51043.54,45108.504,1092.352,-54095.605,10814.0205,16452.09,7861.444,4922.7485
4978.047,95441.86,4847.0654,23606.572,32716.807,187500.0,172384.33,62872.73,131063.91,-37483.656,61331.133,16771.967,-38322.156,-2447.4492,17965.664,-4905.672,19161.996
4978.0693,106256.64,16791.904,32349.59,40928.035,187500.0,184322.64,73317.82,142742.11,-30906.766,70962.55,26197.586,-29791.168,6488.8457,22380.4,2705.5,26918.072
4978.0913,90331.27,387.4228,16089.031,24678.316,187081.17,167541.95,56312.492,125853.06,-44838.473,54325.156,10108.487,-46016.207,21313.328,21014.688,16977.559,12368.338
4978.114,79264.74,-11766.495,7019.0737,16121.554,177553.56,155346.84,45543.203,113890.37,-51879.094,44321.23,353.3811,-54950.625,13533.713,16788.217,10355.877,4144.751
4978.136,92095.2,1308.27,20444.828,29617.383,187500.0,168795.42,59418.742,127484.875,-40066.31,58022.426,13571.935,-41432.74,-1336.7238,17323.92,-3750.556,16348.759
4978.1587,106474.95,16904.758,32899.285,41552.945,187500.0,184479.14,73708.03,142941.27,-30299.826,71426.33,26640.732,-29193.926,3453.9927,21872.145,-65.91529,27416.338
4978.1807,93775.09,4021.0342,19341.95,27871.82,187500.0,171232.77,59865.887,129525.8,-42102.82,57745.867,13436.17,-42752.43,20307.12,21721.494,15885.586,15315.148
4978.203,79438.305,-11466.49,6856.353,15882.837,177501.8,155612.64,45569.195,114103.84,-52147.246,44258.402,317.5736,-55120.32,16026.805,17277.07,12622.321,3993.4297
4978.2256,88813.19,-2130.4788,17264.688,26482.303,187406.25,165292.6,55994.383,123979.61,-42721.473,54717.004,10382.118,-44576.777,409.0146,16819.129,-2031.5277,13504.164
4978.248,105710.72,15982.48,32504.264,41249.207,187500.0,183581.23,73078.32,142091.9,-30477.209,70911.836,26137.975,-29534.48,906.45264,21202.508,-2353.013,27079.496
4978.2705,97132.95,7530.3926,22611.674,31107.773,187500.0,174805.14,63375.71,133096.69,-39333.17,61148.766,16748.072,-39474.816,18565.494,22273.18,14118.167,18267.725
4978.2925,80299.79,-10455.275,7368.387,16313.0625,178148.03,156606.98,46314.74,115048.07,-51834.457,44898.355,963.7849,-54617.582,18149.014,17875.562,14518.554,4468.6504
4978.315,85814.48,-5252.1685,14293.762,23533.549,184584.34,162106.89,52829.71,120777.93,-45241.633,51642.836,7421.7856,-47528.953,2593.3835,16467.691,78.164055,10840.328
4978.3374,104160.984,14236.005,31335.18,40174.18,187500.0,181847.55,71619.78,140402.12,-31300.064,69593.9,24855.453,-30646.746,-1098.0741,20432.424,-4105.5684,26066.494
4978.36,100337.9,10850.678,25816.734,34295.152,187500.0,178195.22,66764.08,136492.3,-36598.348,64452.28,19956.824,-36261.82,16149.783,22654.188,11758.158,21154.943
4978.382,81898.23,-8674.31,8595.273,17449.895,179519.78,158387.56,47833.43,116777.56,-50906.902,46290.53,2332.6729,-53395.324,19874.033,18590.371,16030.47,5602.3755
4978.4043,83223.04,-7912.7856,11635.269,20879.012,182010.12,159377.2,50056.266,118020.414,-47548.598,48923.523,4803.9043,-50181.277,5178.7876,16286.397,2535.8726,8442.231
4978.427,101794.45,11649.707,29336.734,38278.1,187500.0,179256.05,69299.21,137849.38,-32827.47,67437.36,22756.268,-32582.674,-2339.1104,19602.258,-5121.813,24315.346
4978.449,103032.695,13608.033,28619.375,37109.062,187500.0,181022.1,69669.96,139339.06,-34178.477,67310.18,22725.557,-33448.066,13176.711,22800.322,8918.414,23667.816
4978.4717,84147.64,-6226.593,10488.0205,19249.39,181528.42,160850.67,50049.402,119197.46,-49397.6,48367.633,4361.8086,-51505.707,21032.568,19372.326,16989.963,7338.883
4978.4937,81217.7,-9939.71,9480.516,18698.531,179909.03,157282.05,47862.305,115891.56,-49472.234,46739.957,2707.3105,-52345.977,7911.914,16275.69,5115.0854,6478.05
4978.516,98881.91,8505.531,26750.322,35781.883,187500.0,176087.47,66378.11,134715.25,-34877.484,64677.207,20072.113,-35118.277,-2800.6514,18775.78,-5407.267,22022.816
4978.5386,105037.58,15615.757,30822.855,39347.367,187500.0,183093.27,71889.79,141442.14,-32243.979,69513.45,24853.375,-31232.967,9941.162,22715.834,5873.592,25627.104
4978.561,86929.805,-3240.9136,12952.232,21629.047,184045.92,163868.0,52848.6,122179.85,-47385.344,51020.047,6942.787,-49046.746,21567.781,20189.46,17351.168,9582.932
4978.583,79838.2,-11293.487,7885.539,17063.299,178364.66,155871.02,46301.797,114437.89,-50947.496,45153.945,1186.9672,-53960.04,10723.898,16440.758,7740.5435,5010.859
4978.6055,95589.945,4986.1606,23734.447,32850.54,187500.0,172530.8,63030.645,131182.9,-37309.332,61495.332,16981.223,-38083.17,-2478.0933,18007.482,-4968.57,19345.146
4978.628,106218.29,16737.053,32282.914,40866.277,187500.0,184269.94,73272.4,142661.69,-30901.355,70931.234,26214.373,-29746.732,6629.8853,22407.156,2806.6416,26928.78
4978.6504,90168.125,195.44366,15922.601,24523.955,186946.9,167350.66,56147.895,125638.65,-44917.555,54180.742,10011.771,-46076.69,21340.463,20987.238,16981.424,12282.217
4978.6724,79248.14,-11807.332,7006.4673,16122.447,177558.89,155310.19,45539.984,113831.87,-51828.535,44333.457,407.1594,-54861.465,13418.535,16774.895,10222.974,4192.606
4978.695,92217.49,1416.2737,20551.021,29732.584,187500.0,168908.7,59553.613,127574.64,-39927.727,58161.094,13748.424,-41232.445,-1409.7023,17353.066,-3850.6917,16497.242
4978.7173,106431.25,16839.447,32830.11,41492.06,187500.0,184413.81,73660.94,142852.83,-30312.342,71386.54,26643.123,-29174.102,3593.6687,21894.25,36.99214,27405.72
4978.7397,93527.484,3734.1497,19099.5,27647.275,187500.0,170946.34,59619.504,129219.89,-42257.676,57516.426,13250.2705,-42909.004,20365.145,21679.404,15930.223,15143.04
4978.762,79345.81,-11597.024,6783.777,15831.584,177436.7,155488.42,45494.25,113961.33,-52155.63,44195.727,289.8798,-55113.613,15870.588,17237.955,12465.591,3968.5076
4978.784,88934.4,-2032.7123,17385.143,26615.475,187500.0,165399.17,56134.977,124064.8,-42573.46,54856.973,10550.002,-44383.258,266.49985,16835.4,-2181.6643,13650.479
4978.8066,105752.68,16003.111,32526.594,41276.812,187500.0,183606.36,73124.164,142093.27,-30423.23,70953.09,26208.83,-29447.084,980.8169,21237.668,-2300.0618,27135.645
4978.829,96941.15,7302.896,22421.059,30925.697,187500.0,174579.16,63184.605,132850.0,-39455.727,60964.92,16597.914,-39601.953,18638.139,22250.111,14191.548,18128.184
4978.8516,80204.5,-10584.468,7293.3965,16250.635,178074.19,156480.64,46235.793,114905.914,-51859.09,44824.168,917.8968,-54634.57,18017.34,17841.03,14399.396,4424.0366
4978.8735,85912.69,-5173.446,14397.898,23644.705,184689.62,162190.03,52948.914,120844.78,-45125.133,51753.43,7554.0186,-47376.445,2456.0322,16478.467,-59.90268,10952.512
4978.896,104193.06,14250.533,31354.646,40195.523,187500.0,181862.8,71659.66,140399.08,-31265.219,69622.22,24906.125,-30585.592,-1029.0967,20465.348,-4049.8008,26100.826
4978.9185,100111.7,10589.117,25597.822,34080.574,187500.0,177930.28,66538.84,136212.77,-36759.547,64226.24,19757.803,-36442.2,16247.483,22622.895,11852.907,20973.492
4978.941,81768.03,-8840.5625,8493.015,17354.453,179408.0,158220.2,47717.555,116599.28,-50963.5,46176.07,2240.6062,-53460.055,19726.824,18535.924,15896.002,5522.3115
4978.9634,83352.48,-7801.877,11773.826,21017.213,182144.03,159489.28,50205.082,118120.1,-47410.49,49057.566,4951.694,-50012.945,4974.001,16286.465,2346.0615,8576.007
4978.9854,101918.26,11764.551,29441.34,38375.58,187500.0,179367.22,69426.64,137943.47,-32736.969,67538.79,22873.568,-32460.299,-2306.8342,19641.799,-5101.272,24410.252
4979.008,102820.734,13370.009,28404.865,36893.77,187500.0,180775.11,69450.36,139076.56,-34352.977,67076.984,22519.473,-33646.574,13357.09,22781.928,9081.984,23479.19
4979.0303,83937.71,-6472.529,10313.028,19081.395,181335.53,160600.39,49848.348,118935.18,-49533.324,48160.03,4181.0054,-51670.91,20942.334,19307.35,16905.205,7179.9614
4979.0527,81292.61,-9887.004,9581.434,18800.746,179986.28,157337.39,47956.586,115932.95,-49375.316,46818.523,2802.596,-52240.32,7704.87,16261.833,4914.9927,6569.96
4979.0747,99052.3,8668.028,26913.445,35937.117,187500.0,176249.64,66554.664,134860.36,-34745.117,64825.49,20237.338,-34960.34,-2819.807,18819.701,-5434.1787,22165.176
4979.097,104890.1,15444.52,30671.758,39186.902,187500.0,182913.95,71728.3,141247.23,-32376.166,69333.52,24700.668,-31393.07,10131.666,22717.555,6057.8145,25489.729
4979.1196,86720.15,-3487.498,12773.91,21447.326,183839.05,163614.39,52636.234,121914.23,-47529.914,50801.516,6749.847,-49233.742,21492.969,20124.686,17290.773,9421.238
4979.142,79965.16,-11184.746,8033.9546,17203.2,178483.06,155977.2,46440.938,114532.24,-50815.285,45273.06,1321.1223,-53825.773,10479.46,16429.56,7511.148,5145.171
4979.1646,95866.97,5268.1724,23993.549,33090.33,187500.0,172806.81,63309.28,131441.56,-37109.062,61732.305,17232.637,-37854.45,-2523.557,18067.096,-5022.415,19565.69
4979.1865,106115.086,16626.434,32164.295,40730.74,187500.0,184145.81,73152.04,142518.28,-31022.457,70777.66,26088.018,-29900.355,6893.01,22427.674,3052.779,26809.375
4979.209,89859.805,-143.98994,15648.702,24244.535,186661.81,166997.9,55834.504,125271.5,-45161.59,53847.164,9709.129,-46387.426,21355.506,20907.354,17014.885,12020.076
4979.2314,79259.49,-11817.636,7057.3174,16166.815,177567.83,155293.0,45566.18,113802.45,-51792.03,44332.184,426.06897,-54848.008,13181.36,16730.93,10008.955,4230.2686
4979.254,92475.27,1676.6938,20808.447,29972.262,187500.0,169161.3,59821.52,127810.39,-39729.535,58385.33,13987.812,-41017.555,-1523.629,17391.646,-3964.8418,16721.877
4979.276,106450.74,16859.697,32830.355,41471.63,187500.0,184418.23,73667.83,142837.67,-30338.002,71352.23,26633.11,-29219.475,3803.1272,21934.148,229.7536,27400.355
4979.2983,93262.79,3447.846,18852.402,27388.732,187500.0,170642.25,59343.17,128900.7,-42480.812,57219.082,12983.815,-43197.23,20459.984,21624.33,16032.929,14920.059
4979.321,79290.3,-11671.545,6763.1016,15802.325,177378.6,155403.56,45448.562,113864.305,-52179.5,44129.586,245.77979,-55172.2,15694.009,17190.168,12308.413,3953.3755
4979.3433,89136.68,-1830.7644,17592.814,26808.438,187500.0,165596.62,56351.79,124247.12,-42418.07,55038.668,10742.338,-44218.48,125.63915,16859.34,-2317.6973,13838.457
4979.3657,105785.29,16033.89,32541.86,41275.81,187500.0,183628.53,73152.62,142096.55,-30440.463,70947.93,26216.832,-29476.611,1151.0255,21275.33,-2149.1648,27150.06
4979.3877,96650.87,6983.2217,22143.941,30643.283,187500.0,174250.25,62886.766,132505.61,-39707.92,60650.434,16300.702,-39920.71,18771.89,22192.936,14322.618,17886.56
4979.41,80101.8,-10718.757,7223.4355,16179.892,177978.55,156345.11,46145.47,114757.81,-51923.82,44720.098,820.84546,-54742.797,17837.096,17775.518,14237.637,4374.8623
4979.4326,86127.2,-4970.0,14612.319,23852.732,184884.56,162395.78,53180.41,121035.84,-44952.957,51958.598,7754.4463,-47197.117,2250.7761,16489.418,-253.31232,11162.663
4979.455,104338.68,14392.981,31468.148,40297.336,187500.0,182003.17,71802.95,140518.69,-31196.69,69730.76,25014.129,-30513.508,-911.3253,20520.803,-3951.118,26211.266
4979.477,99888.81,10339.337,25365.588,33847.113,187500.0,177675.33,66306.02,135939.89,-36975.13,63974.96,19516.56,-36712.9,16440.848,22600.363,12036.4375,20778.518
4979.4995,81600.836,-9044.701,8349.695,17216.096,179253.67,158016.48,47560.58,116382.61,-51097.094,46004.766,2076.6558,-53645.574,19642.604,18483.799,15825.505,5404.16
4979.522,83447.12,-7733.57,11879.081,21123.316,182245.36,159564.38,50318.496,118182.016,-47330.625,49152.27,5044.32,-49948.93,4815.08,16292.879,2197.1318,8686.469
4979.5444,102044.48,11869.917,29545.656,38475.87,187500.0,179477.45,69556.836,138039.0,-32667.12,67645.61,22976.186,-32397.424,-2266.8247,19692.693,-5066.157,24518.725
4979.567,102666.64,13175.84,28233.674,36723.875,187500.0,180581.67,69285.4,138869.98,-34506.71,66901.07,22345.04,-33852.363,13533.624,22784.207,9256.439,23345.973
4979.589,83778.88,-6678.8354,10164.747,18940.824,181196.0,160397.58,49692.848,118723.31,-49654.984,48002.855,4021.727,-51846.125,20888.443,19266.379,16871.275,7069.4097
4979.6113,81388.74,-9823.727,9679.334,18904.057,180098.48,157409.1,48068.277,115996.34,-49288.3,46921.543,2894.6404,-52166.47,7537.1875,16268.561,4764.923,6684.848
4979.634,99230.64,8826.615,27062.04,36084.793,187500.0,176414.19,66738.69,135012.56,-34627.746,64994.246,20393.6,-34834.992,-2811.2014,18877.3,-5436.995,22324.387
4979.6562,104753.15,15273.037,30506.178,39026.35,187500.0,182742.75,71580.84,141062.19,-32518.3,69183.41,24545.078,-31574.723,10364.974,22736.33,6270.581,25372.002
4979.678,86465.47,-3792.063,12530.769,21220.031,183618.48,163312.69,52385.785,121603.336,-47730.184,50557.547,6499.999,-49492.754,21498.021,20072.113,17306.396,9224.477
4979.7007,79988.625,-11200.348,8071.461,17255.322,178537.58,155973.36,46488.008,114519.945,-50770.715,45323.55,1354.0017,-53798.504,10264.614,16410.516,7313.8037,5205.923
4979.723,96105.555,5487.644,24207.342,33308.414,187500.0,173039.08,63563.555,131660.22,-36930.137,61977.86,17454.902,-37651.67,-2599.4187,18127.334,-5102.2104,19784.67
4979.7456,106037.64,16514.318,32048.133,40618.152,187500.0,184039.67,73061.31,142396.45,-31123.062,70688.92,25984.998,-30022.955,7154.816,22469.852,3295.4072,26739.348
4979.768,89563.76,-497.28162,15357.415,23968.447,186400.7,166651.33,55531.68,124914.164,-45397.98,53565.58,9415.472,-46682.133,21397.281,20853.195,17070.049,11787.797
4979.79,79272.32,-11850.023,7084.654,16210.401,177611.12,155276.66,45595.75,113776.04,-51753.363,44377.492,446.74432,-54824.85,12942.0625,16709.783,9797.91,4282.5493
4979.8125,92753.15,1933.1802,21062.363,30230.379,187500.0,169436.38,60112.586,128070.664,-39520.77,58675.234,14243.582,-40773.117,-1638.2264,17461.182,-4072.7114,16971.701
4979.835,106427.45,16804.51,32768.574,41411.01,187500.0,184375.94,73631.37,142776.98,-30405.035,71322.5,26577.611,-29286.664,4063.9941,21995.324,473.5441,27369.465
4979.8574,92950.05,3076.5613,18546.385,27093.02,187500.0,170281.88,59020.277,128526.46,-42742.438,56919.477,12663.984,-43507.09,20553.525,21574.621,16133.668,14663.55
4979.8794,79265.234,-11747.385,6760.0615,15808.137,177380.97,155344.72,45436.047,113793.96,-52178.99,44131.734,216.99074,-55184.2,15471.5205,17154.785,12105.348,3964.4395
4979.902,89431.14,-1559.7495,17869.371,27081.105,187500.0,165884.06,56655.75,124518.76,-42191.42,55341.58,11006.401,-43950.93,-55.141754,16910.793,-2492.756,14104.152
4979.9243,105907.44,16135.434,32615.129,41339.062,187500.0,183735.9,73256.33,142184.03,-30399.09,71047.35,26286.39,-29411.836,1335.8297,21350.678,-1980.3422,27232.428
4979.947,96419.91,6709.5913,21898.877,30398.195,187500.0,173976.88,62633.812,132216.3,-39926.363,60409.953,16039.701,-40170.355,18923.145,22171.1,14476.085,17676.32
4979.969,80018.02,-10844.464,7153.698,16115.406,177907.61,156225.48,46062.656,114624.64,-51988.324,44650.16,724.88947,-54821.05,17704.596,17742.951,14118.211,4310.735
4979.991,86310.04,-4810.073,14788.898,24028.953,185064.55,162566.3,53370.18,121190.12,-44817.195,52148.812,7911.534,-47033.457,2101.0864,16521.38,-397.65988,11318.969
4980.0137,104448.97,14485.405,31543.475,40367.543,187500.0,182100.0,71900.12,140596.14,-31155.383,69827.05,25080.445,-30450.252,-797.7785,20583.008,-3846.8918,26280.758
4980.036,99689.3,10103.414,25153.045,33635.664,187500.0,177438.81,66083.47,135684.02,-37167.535,63766.04,19284.438,-36933.668,16584.57,22585.88,12186.1045,20588.037
4980.0586,81505.44,-9176.353,8268.983,17141.91,179168.02,157887.69,47460.98,116237.5,-51171.504,45919.383,1961.7231,-53735.83,19511.488,18443.654,15715.69,5322.5767
4980.0806,83638.31,-7557.1475,12067.081,21310.31,182429.22,159745.62,50515.01,118347.04,-47184.535,49347.87,5201.8325,-49772.285,4616.3955,16309.442,2017.5802,8843.894
4980.103,102237.4,12061.181,29707.102,38627.574,187500.0,179669.33,69740.99,138208.69,-32562.602,67821.02,23115.08,-32252.605,-2196.5505,19759.346,-5005.4946,24646.152
4980.1255,102504.99,12995.841,28059.129,36545.35,187500.0,180396.92,69104.24,138662.36,-34681.996,66724.78,22141.215,-34042.242,13738.97,22784.676,9457.27,23170.31
4980.148,83608.805,-6875.7095,10018.589,18800.5,181039.1,160197.7,49521.766,118504.76,-49795.13,47845.094,3833.168,-52007.06,20822.104,19216.734,16820.201,6911.785
4980.1704,81490.87,-9733.381,9795.742,19024.8,180207.81,157500.66,48181.555,116068.14,-49197.867,47041.684,2974.436,-52061.684,7350.394,16268.024,4593.4404,6770.3213
4980.1924,99425.93,9026.328,27237.232,36256.746,187500.0,176611.17,66932.945,135185.27,-34500.32,65186.246,20541.969,-34676.25,-2810.6426,18933.047,-5438.8057,22461.918
4980.215,104668.93,15183.921,30404.924,38923.02,187500.0,182643.9,71480.04,140939.25,-32623.668,69091.164,24416.242,-31692.023,10542.425,22748.645,6442.1978,25264.67
4980.2373,86316.54,-3954.4482,12394.579,21089.096,183476.86,163140.44,52229.836,121410.19,-47856.383,50421.2,6328.472,-49643.74,21473.902,20027.477,17294.482,9085.337
4980.26,80043.75,-11147.553,8136.4595,17327.52,178588.84,156018.89,46547.13,114544.04,-50722.168,45400.465,1387.3505,-53749.688,10119.239,16395.139,7185.9966,5251.699
4980.2817,96252.18,5645.179,24340.916,33442.566,187500.0,173187.14,63709.0,131783.34,-36836.484,62135.91,17565.14,-37539.066,-2622.061,18159.297,-5120.651,19889.389
4980.304,105966.12,16448.38,31965.072,40535.605,187500.0,183958.08,72977.87,142288.4,-31214.504,70626.336,25879.99,-30127.248,7306.249,22479.889,3442.4146,26649.27
4980.3267,89377.55,-689.4619,15186.469,23804.363,186225.6,166443.19,55341.42,124682.04,-45550.844,53409.113,9217.167,-46868.57,21409.418,20807.42,17094.1,11622.841
4980.349,79257.305,-11865.558,7087.962,16219.722,177593.0,155248.25,45588.285,113724.58,-51746.906,44405.207,424.63846,-54833.367,12807.281,16680.303,9670.215,4282.7954
4980.371,92900.695,2094.4478,21204.162,30371.04,187500.0,169585.38,60265.137,128192.875,-39405.258,58854.383,14368.126,-40646.875,-1714.0212,17483.668,-4153.9375,17097.342
4980.3936,106423.34,16812.4,32746.826,41383.81,187500.0,184365.64,73617.195,142738.94,-30432.596,71338.1,26543.346,-29326.139,4199.759,22021.365,594.98114,27349.17
4980.416,92756.81,2880.5142,18361.178,26908.662,187500.0,170064.47,58819.38,128287.164,-42899.707,56761.43,12459.533,-43706.65,20608.713,21537.137,16199.181,14499.376
4980.4385,79212.484,-11800.626,6727.8306,15779.706,177318.88,155274.19,45389.71,113704.016,-52195.66,44134.66,167.59338,-55227.047,15344.72,17122.107,11996.428,3944.6357
4980.461,89561.08,-1415.9607,18000.576,27211.707,187500.0,166012.64,56793.86,124625.195,-42079.754,55518.582,11126.341,-43839.082,-155.03171,16928.139,-2587.1252,14227.578
4980.483,105913.25,16155.908,32606.97,41327.863,187500.0,183737.0,73254.586,142160.14,-30410.11,71090.6,26275.951,-29440.871,1468.398,21380.451,-1858.2571,27231.51
4980.5054,96181.17,6468.349,21671.246,30174.723,187500.0,173712.86,62385.086,131929.38,-40112.867,60222.285,15803.667,-40416.004,19024.174,22130.977,14585.095,17485.166
4980.528,79927.48,-10936.575,7090.3535,16058.969,177802.39,156114.11,45977.406,114491.984,-52026.523,44627.918,648.3124,-54899.996,17559.06,17695.297,13994.673,4273.8545
4980.5503,86472.195,-4631.148,14954.659,24192.658,185189.36,162727.9,53540.586,121327.47,-44667.75,52371.523,8072.69,-46885.938,1943.7749,16533.34,-543.68384,11490.384
4980.5723,104540.09,14599.087,31614.06,40431.047,187500.0,182192.11,71983.95,140660.08,-31099.102,69962.32,25156.621,-30401.48,-691.0713,20624.604,-3752.724,26363.123
4980.5947,99454.9,9871.604,24921.48,33405.195,187500.0,177181.44,65835.74,135402.27,-37357.168,63588.164,19054.818,-37182.844,16756.12,22557.738,12352.155,20404.373
4980.617,81315.41,-9371.26,8112.9233,16993.674,178964.36,157670.52,47276.312,115999.97,-51284.65,45813.703,1800.0531,-53908.23,19426.037,18382.031,15639.225,5208.024
4980.6396,83706.93,-7480.571,12157.896,21404.59,182478.89,159806.23,50599.32,118384.75,-47086.613,49505.516,5296.0225,-49697.61,4460.135,16301.932,1859.9781,8959.765
4980.662,102338.31,12180.562,29800.107,38717.94,187500.0,179768.8,69844.35,138281.22,-32476.213,67990.3,23221.072,-32181.191,-2154.3506,19796.092,-4980.9526,24764.414
4980.684,102307.47,12801.358,27863.44,36350.62,187500.0,180176.72,68895.63,138416.56,-34832.4,66599.5,21958.936,-34255.434,13907.301,22768.023,9614.917,23038.033
4980.7065,83427.84,-7061.6763,9866.016,18653.516,180839.39,159989.08,49342.684,118273.7,-49902.617,47756.047,3683.143,-52177.668,20730.863,19155.514,16745.637,6818.154
4980.729,81582.734,-9632.328,9902.159,19132.29,180268.92,157584.86,48285.67,116128.83,-49090.355,47225.168,3087.0667,-51976.48,7150.301,16255.1045,4407.2725,6911.9194
4980.7515,99580.16,9203.846,27377.133,36390.41,187500.0,176769.55,67090.08,135315.81,-34385.855,65414.793,20698.455,-34562.547,-2808.318,18975.738,-5441.689,22628.662
4980.7734,104482.09,15002.067,30213.771,38731.484,187500.0,182438.3,71281.17,140705.64,-32788.355,68976.99,24240.49,-31908.635,10754.743,22746.5,6647.1406,25135.365
4980.796,86047.13,-4237.757,12159.752,20864.707,183200.67,162836.78,51962.49,121083.164,-48047.355,50248.49,6094.2256,-49903.734,21434.072,19959.842,17271.395,8912.9375
4980.8184,80049.18,-11148.805,8174.2563,17372.76,178581.86,156005.22,46568.656,114508.86,-50677.395,45507.996,1424.9014,-53737.215,9919.102,16371.244,6997.9736,5328.7456
4980.841,96418.26,5821.9146,24506.633,33606.695,187500.0,173351.42,63884.684,131922.62,-36697.008,62385.266,17742.213,-37400.484,-2684.8022,18197.854,-5195.909,20082.44
4980.8633,105894.055,16379.582,31885.3,40451.543,187500.0,183872.25,72897.336,142176.86,-31283.457,70626.78,25816.02,-30231.586,7486.784,22500.943,3602.8555,26625.354
4980.8853,89139.3,-940.71796,14972.921,23595.174,185983.33,166176.08,55101.836,124393.48,-45723.758,53261.883,9008.916,-47104.47,21448.533,20759.475,17134.87,11473.173
4980.9077,79206.54,-11925.707,7069.8345,16208.457,177535.44,155179.25,45552.387,113636.02,-51749.9,44457.13,410.26627,-54873.29,12661.459,16649.502,9538.228,4307.7847
4980.93,93015.29,2214.1416,21327.387,30496.006,187500.0,169697.14,60393.637,128283.4,-39298.08,59061.023,14505.59,-40547.855,-1801.8859,17503.227,-4239.2764,17249.533
4980.9526,106352.53,16741.635,32671.611,41311.3,187500.0,184281.56,73541.41,142630.75,-30492.43,71347.22,26489.635,-29424.309,4359.5957,22039.291,740.17804,27329.902
4980.9746,92497.13,2603.5984,18124.54,26684.295,187500.0,169773.94,58555.402,127974.05,-43083.215,56598.215,12235.658,-43963.09,20655.896,21484.72,16248.31,14335.895
4980.997,79151.76,-11872.8,6697.656,15763.434,177252.94,155194.39,45340.875,113602.61,-52196.266,44185.133,148.21443,-55275.016,15177.037,17082.074,11839.384,3968.6863
4981.0195,89717.805,-1252.7706,18160.348,27376.484,187500.0,166170.88,56962.816,124759.64,-41930.11,55774.89,11306.139,-43698.6,-282.95074,16950.646,-2714.2842,14421.994
4981.042,105919.64,16167.934,32598.902,41320.31,187500.0,183738.73,73255.39,142136.86,-30413.104,71179.85,26293.564,-29470.688,1614.7124,21418.047,-1730.8074,27273.465
4981.0645,95915.984,6188.617,21420.75,29931.805,187500.0,173420.38,62112.617,131615.88,-40310.906,60055.832,15571.165,-40684.625,19146.46,22094.074,14697.972,17307.693
4981.0864,79777.85,-11103.252,6979.176,15959.95,177655.4,155939.81,45840.367,114301.164,-52100.176,44597.074,546.9472,-55030.867,17454.678,17650.705,13895.879,4215.539
4981.109,86550.07,-4556.18,15055.398,24300.549,185259.95,162798.94,53637.594,121381.516,-44566.633,52565.223,8188.8296,-46806.207,1805.1493,16542.393,-681.08,11623.467
4981.1313,104566.625,14627.272,31641.107,40457.957,187500.0,182212.86,72013.98,140660.17,-31072.547,70085.95,25204.453,-30398.553,-597.10455,20663.43,-3679.567,26429.127
4981.154,99209.56,9609.775,24693.963,33182.55,187500.0,176908.44,65585.18,135111.58,-37537.68,63446.32,18842.434,-37430.703,16895.504,22531.297,12481.014,20246.28
4981.176,81161.94,-9543.569,7997.834,16889.96,178818.94,157490.58,47132.97,115806.516,-51361.45,45781.203,1693.9493,-54040.28,19316.982,18333.059,15541.214,5152.1445
4981.198,83816.27,-7372.634,12286.441,21540.623,182585.25,159909.7,50726.3,118474.58,-46960.19,49730.31,5438.9175,-49586.184,4288.3164,16308.235,1696.6763,9124.608
4981.2207,102442.38,12293.058,29895.371,38813.36,187500.0,179873.12,69951.28,138369.53,-32391.254,68191.125,23341.793,-32103.229,-2074.2866,19850.318,-4915.6406,24896.334
4981.243,102074.07,12555.512,27637.127,36130.414,187500.0,179918.61,68652.29,138145.36,-35010.566,66465.08,21754.395,-34493.3,14108.22,22760.76,9812.707,22885.46
4981.2656,83212.484,-7299.8784,9692.097,18493.32,180643.81,159741.86,49134.344,118019.39,-50030.45,47659.508,3516.399,-52365.49,20661.418,19101.49,16689.734,6706.1494
4981.2876,81645.07,-9578.17,9996.773,19235.756,180346.48,157634.75,48367.703,116173.484,-48990.42,47407.293,3192.008,-51896.816,6976.829,16251.193,4237.913,7043.3477
4981.31,99736.75,9366.41,27530.152,36543.586,187500.0,176926.16,67252.445,135463.1,-34248.01,65665.65,20873.066,-34427.074,-2781.7642,19029.896,-5439.9233,22809.799
4981.3325,104335.555,14848.556,30063.277,38583.586,187500.0,182273.31,71123.125,140531.45,-32897.832,68920.17,24116.104,-32068.316,10981.859,22762.102,6848.7085,25052.64
4981.355,85820.49,-4482.1284,11964.085,20679.12,182995.39,162582.19,51738.547,120824.35,-48184.93,50134.605,5912.573,-50106.668,21427.725,19913.193,17270.008,8787.298
4981.377,80088.14,-11115.277,8240.842,17447.705,178634.86,156033.89,46625.94,114533.984,-50593.49,45663.207,1503.669,-53680.844,9753.207,16363.98,6840.506,5438.3584
4981.3994,96578.445,5990.5806,24662.244,33764.88,187500.0,173514.4,64053.348,132078.11,-36552.906,62640.785,17918.88,-37259.066,-2683.2153,18254.336,-5201.7876,20265.947
4981.422,105751.67,16232.798,31738.896,40313.23,187500.0,183713.16,72745.68,142010.0,-31392.89,70572.47,25690.492,-30388.473,7724.339,22526.291,3825.4119,26540.463
4981.4443,88871.164,-1229.6366,14738.854,23378.607,185754.84,165873.64,54834.934,124089.02,-45895.152,53103.164,8782.537,-47346.34,21459.709,20710.814,17159.791,11312.979
4981.467,79229.41,-11912.273,7125.3115,16278.552,177578.31,155184.11,45592.645,113640.984,-51668.918,44597.03,473.47702,-54824.785,12466.082,16638.191,9360.33,4415.878
4981.489,93242.05,2451.9194,21549.832,30723.057,187500.0,169926.92,60631.637,128508.66,-39092.355,59381.01,14744.15,-40336.633,-1872.7186,17565.654,-4315.3394,17501.215
4981.511,106335.07,16728.76,32638.576,41281.28,187500.0,184255.81,73515.25,142598.56,-30512.168,71407.33,26477.184,-29468.385,4569.345,22090.744,931.57605,27347.27
4981.5337,92257.92,2349.705,17905.225,26478.592,187500.0,169506.34,58312.707,127703.43,-43258.07,56449.332,12022.646,-44197.605,20745.281,21453.719,16340.198,14180.752
4981.556,79090.805,-11945.152,6670.5205,15753.264,177216.55,155112.45,45294.72,113520.484,-52204.535,44226.324,122.80048,-55319.16,15061.456,17061.578,11734.331,3986.9478
4981.578,89856.56,-1109.9207,18309.68,27538.043,187500.0,166305.77,57117.36,124891.52,-41795.105,56005.695,11465.774,-43564.355,-363.52878,16986.008,-2796.6504,14598.751
4981.6006,105946.22,16200.187,32615.912,41349.41,187500.0,183759.56,73282.73,142150.55,-30392.832,71282.54,26330.668,-29462.82,1760.9375,21466.059,-1601.3461,27334.127
4981.623,95714.84,5978.533,21228.258,29762.379,187500.0,173196.62,61910.492,131387.06,-40456.617,59936.99,15393.9375,-40879.4,19254.441,22075.59,14812.077,17187.574
4981.6455,79713.73,-11173.347,6926.761,15944.862,177617.2,155858.5,45791.24,114218.06,-52108.625,44627.676,515.38654,-55074.32,17335.477,17626.096,13793.754,4236.9966
4981.668,86726.07,-4367.799,15208.463,24497.043,185443.8,162979.45,53833.977,121558.09,-44400.56,52823.387,8379.133,-46637.164,1676.8949,16573.885,-801.623,11838.49
4981.69,104660.234,14740.686,31681.318,40544.727,187500.0,182312.88,72112.836,140753.8,-31005.76,70243.87,25300.12,-30333.488,-458.97076,20725.299,-3552.9663,26545.982
4981.7124,98974.16,9375.73,24425.697,32974.5,187500.0,176657.52,65350.4,134855.88,-37720.94,63282.168,18627.32,-37665.31,17093.922,22523.361,12682.737,20092.498
4981.735,80999.914,-9710.001,7828.3633,16791.256,178693.22,157312.23,46990.387,115626.72,-51448.332,45712.316,1570.5677,-54172.113,19227.06,18292.826,15474.091,5091.5264
4981.7573,83960.13,-7214.987,12398.915,21721.627,182749.5,160060.77,50898.12,118622.03,-46804.58,49962.99,5607.6953,-49431.914,4097.321,16323.367,1521.3268,9326.468
4981.7793,102610.086,12488.546,29993.406,38973.332,187500.0,180058.16,70131.125,138545.86,-32259.379,68420.836,23509.543,-31961.766,-2007.5667,19915.986,-4861.2363,25083.486
4981.802,101893.42,12387.024,27397.674,35957.902,187500.0,179733.89,68471.87,137953.48,-35158.203,66345.32,21583.47,-34683.78,14333.704,22764.47,10019.527,22773.254
4981.824,83023.125,-7485.041,9474.078,18354.158,180491.16,159541.89,48962.414,117815.02,-50144.754,47555.773,3361.546,-52529.484,20613.898,19056.629,16652.541,6617.413
4981.8467,81750.86,-9452.24,10060.208,19376.371,180483.45,157752.06,48504.94,116282.56,-48863.73,47600.633,3325.1572,-51776.656,6791.2646,16255.73,4069.3362,7213.668
4981.869,99916.39,9581.165,27635.965,36717.66,187500.0,177131.19,67452.6,135653.7,-34105.074,65910.78,21057.379,-34267.527,-2743.945,19094.896,-5405.5464,23010.072
4981.891,104163.53,14694.775,29828.047,38419.723,187500.0,182103.66,70955.24,140349.77,-33042.74,68808.21,23955.059,-32246.996,11225.337,22775.334,7083.8936,24946.402
4981.9136,85579.445,-4719.705,11696.959,20495.188,182799.7,162330.62,51516.84,120568.29,-48346.355,49974.008,5705.2383,-50316.64,21406.244,19857.805,17264.219,8649.343
4981.936,80134.54,-11052.335,8254.454,17544.309,178722.64,156089.4,46707.168,114586.6,-50505.69,45799.04,1584.7164,-53602.883,9560.691,16353.408,6666.654,5563.9307
4981.9585,96781.76,6228.515,24796.557,33972.215,187500.0,173744.3,64282.344,132303.42,-36379.12,62911.02,18131.646,-37061.79,-2724.7224,18309.008,-5248.816,20495.902
4981.9805,105677.22,16183.513,31590.637,40236.094,187500.0,183650.05,72678.47,141942.95,-31461.443,70551.7,25623.326,-30471.6,7945.196,22556.576,4026.5774,26516.926
4982.003,88638.82,-1454.2046,14467.569,23188.863,185565.45,165636.78,54618.12,123852.37,-46061.785,52938.5,8575.671,-47556.56,21500.88,20665.373,17202.707,11168.184
4982.0254,79208.266,-11918.755,7072.6284,16308.66,177592.31,155171.25,45602.992,113629.09,-51643.46,44656.285,484.63055,-54816.023,12337.672,16619.55,9236.971,4467.242
4982.048,93391.76,2632.0745,21643.463,30891.297,187500.0,170101.17,60810.293,128680.99,-38955.54,59597.777,14908.1455,-40184.348,-1927.637,17602.738,-4375.0635,17681.596
4982.07,106296.85,16718.389,32534.596,41249.855,187500.0,184232.61,73489.62,142572.53,-30544.69,71425.05,26446.361,-29509.133,4754.6187,22127.646,1099.7283,27354.826
4982.0923,92020.86,2124.0415,17631.705,26286.121,187500.0,169266.61,58091.582,127464.086,-43417.773,56286.41,11815.043,-44399.105,20817.947,21421.87,16421.111,14038.997
4982.1147,79069.73,-11947.902,6621.6597,15787.015,177225.56,155101.05,45307.457,113509.94,-52167.027,44290.676,135.40686,-55296.742,14900.858,17043.406,11592.822,4047.5432
4982.137,90071.12,-855.13306,18468.377,27768.443,187500.0,166552.44,57366.29,125134.99,-41597.74,56289.81,11693.069,-43340.48,-478.01443,17032.14,-2908.0737,14842.744
4982.1597,105987.68,16283.246,32585.445,41382.67,187500.0,183826.58,73338.38,142211.27,-30371.016,71373.33,26370.656,-29433.227,1952.9167,21526.162,-1427.2931,27402.592
4982.1816,95450.336,5731.6807,20928.521,29532.379,187500.0,172930.89,61658.23,131118.33,-40655.324,59736.85,15150.907,-41120.26,19407.484,22049.46,14965.254,17009.252
4982.204,79610.39,-11261.011,6819.875,15904.183,177540.77,155758.3,45720.742,114116.36,-52142.957,44610.777,450.14178,-55132.055,17216.318,17593.463,13686.867,4221.641
4982.2266,86895.74,-4164.443,15360.634,24698.389,185612.89,163173.39,54040.15,121746.67,-44227.375,53073.66,8572.676,-46445.34,1535.2296,16606.162,-940.91907,12052.128
4982.249,104761.76,14881.569,31745.848,40644.37,187500.0,182438.31,72231.75,140869.11,-30927.307,70399.69,25402.445,-30240.66,-326.2014,20789.225,-3440.9841,26672.963
4982.271,98777.86,9199.979,24217.736,32801.41,187500.0,176460.28,65162.086,134650.06,-37866.004,63146.9,18446.314,-37843.273,17252.172,22514.467,12835.043,19974.928
4982.2935,80928.586,-9761.388,7770.7856,16769.955,178631.64,157242.0,46944.766,115549.83,-51466.324,45715.758,1526.2666,-54208.01,19115.885,18266.205,15374.492,5097.9863
4982.316,84145.54,-6991.469,12582.312,21933.566,182927.89,160268.3,51116.184,118819.83,-46634.39,50213.777,5805.1953,-49237.562,3956.1694,16354.458,1380.6227,9542.832
4982.3384,102758.26,12683.788,30116.25,39113.97,187500.0,180231.92,70295.19,138704.72,-32162.35,68614.29,23651.924,-31835.611,-1896.5233,19985.344,-4767.3145,25237.959
4982.361,101686.94,12207.696,27189.734,35770.707,187500.0,179526.1,68269.29,137731.03,-35336.59,66190.16,21385.86,-34888.457,14551.12,22765.633,10234.484,22628.684
4982.383,82846.48,-7643.157,9333.933,18239.518,180316.05,159359.2,48808.14,117621.5,-50258.504,47453.94,3215.4104,-52669.875,20539.936,19012.865,16594.56,6524.6533
4982.4053,81867.07,-9302.7295,10201.181,19536.008,180586.1,157882.36,48652.844,116401.96,-48738.023,47790.87,3464.2075,-51639.438,6606.058,16266.37,3893.3389,7375.8525
4982.4277,100101.46,9812.662,27811.092,36899.85,187500.0,177339.92,67653.73,135846.78,-33966.113,66145.43,21240.44,-34101.52,-2717.4583,19160.766,-5392.515,23199.168
4982.45,104018.85,14579.439,29680.594,38279.734,187500.0,181960.19,70809.195,140189.02,-33170.816,68710.914,23813.996,-32401.178,11446.798,22792.879,7290.7812,24848.95
4982.472,85381.27,-4902.3413,11534.864,20345.096,182595.34,162122.38,51330.203,120344.64,-48477.715,49846.984,5536.7954,-50487.855,21375.668,19814.13,17240.84,8531.4375
4982.4946,80208.08,-10950.925,8362.257,17656.896,178780.44,156171.11,46806.926,114651.42,-50410.516,45948.17,1686.3944,-53510.188,9386.258,16350.904,6500.9155,5685.39
4982.517,96966.66,6456.6816,24986.592,34156.24,187500.0,173951.8,64485.88,132487.23,-36232.984,63151.793,18322.129,-36895.51,-2744.1016,18366.006,-5269.6924,20682.428
4982.5396,105563.65,16099.402,31483.17,40122.234,187500.0,183539.23,72564.25,141805.44,-31569.805,70483.016,25510.56,-30607.744,8133.7773,22581.053,4206.6206,26433.375
4982.562,88408.93,-1670.8823,14280.485,23002.137,185329.05,165393.05,54395.945,123586.24,-46227.254,52775.89,8370.639,-47772.92,21473.725,20618.48,17190.973,11012.66
4982.584,79264.9,-11837.372,7170.1714,16404.191,177628.22,155231.84,45683.3,113667.41,-51562.055,44788.63,567.48846,-54749.793,12134.114,16603.635,9046.489,4573.57
4982.6064,93637.25,2922.8484,21894.139,31130.08,187500.0,170370.9,61071.965,128923.21,-38758.645,59901.023,15159.669,-39969.547,-1993.5298,17658.17,-4446.9023,17923.285
4982.629,106277.766,16737.68,32511.797,41211.59,187500.0,184224.16,73466.19,142533.58,-30587.314,71449.5,26428.19,-29573.416,4957.774,22166.025,1286.03,27346.377
4982.6514,91792.13,1914.5612,17435.947,26083.123,187500.0,169027.61,57864.02,127198.98,-43601.84,56116.445,11609.563,-44640.973,20888.78,21381.21,16497.889,13872.477
4982.6733,79027.305,-11970.231,6624.1187,15785.539,177155.22,155054.34,45283.14,113442.234,-52175.836,44321.59,127.02496,-55339.902,14761.607,17017.188,11468.636,4062.6978
4982.696,90227.76,-667.0655,18644.06,27935.77,187500.0,166720.02,57538.734,125280.01,-41468.008,56507.47,11868.106,-43213.48,-578.0162,17065.512,-3004.7676,15014.093
4982.7183,105988.71,16310.426,32590.52,41375.652,187500.0,183829.08,73335.766,142188.95,-30392.719,71418.66,26377.719,-29483.004,2095.029,21562.596,-1296.3342,27420.54
4982.7407,95218.52,5506.1514,20728.025,29325.805,187500.0,172678.16,61420.117,130845.58,-40843.21,59560.61,14941.605,-41374.734,19473.914,22010.725,15044.133,16844.408
4982.763,79545.664,-11318.79,6801.4795,15880.602,177445.45,155678.92,45665.31,114021.03,-52172.797,44616.387,417.82117,-55204.047,17042.379,17554.256,13536.843,4222.0435
4982.785,87061.91,-3975.6155,15548.12,24870.184,185729.66,163345.05,54216.594,121900.945,-44096.664,53298.316,8753.01,-46317.332,1376.8676,16622.902,-1091.3687,12233.96
4982.8076,104826.06,14970.439,31810.287,40684.38,187500.0,182507.42,72289.03,140917.31,-30914.521,70503.65,25466.305,-30242.695,-216.05197,20831.336,-3337.3613,26737.023
4982.83,98526.07,8949.885,23992.564,32557.127,187500.0,176188.66,64898.2,134360.72,-38088.023,62943.54,18211.465,-38134.402,17398.799,22480.916,12986.028,19778.031
4982.8525,80761.71,-9934.4795,7657.261,16641.768,178444.02,157054.67,46784.863,115348.86,-51577.637,45622.215,1397.677,-54381.37,18997.219,18208.336,15274.58,5004.6675
4982.8745,84252.76,-6877.386,12723.351,22052.031,183004.94,160374.47,51237.62,118912.09,-46526.074,50394.98,5942.5244,-49151.285,3760.5696,16354.078,1203.2616,9685.302
4982.897,102869.59,12809.808,30230.736,39198.547,187500.0,180346.48,70404.96,138802.39,-32089.148,68776.516,23769.852,-31781.543,-1857.363,20028.596,-4733.854,25352.914
4982.9194,101490.984,12007.604,27010.363,35568.09,187500.0,179311.66,68061.77,137502.06,-35505.39,66043.484,21203.38,-35128.047,14707.8955,22750.59,10385.582,22483.107
4982.942,82670.5,-7834.644,9202.482,18093.918,180124.53,159158.3,48636.906,117411.375,-50377.055,47347.457,3070.638,-52859.44,20455.715,18958.371,16523.572,6419.712
4982.9644,81942.71,-9231.919,10309.721,19629.035,180644.0,157950.02,48743.188,116460.37,-48651.5,47940.09,3566.0645,-51585.504,6434.5757,16262.437,3731.244,7490.137
4982.9863,100216.98,9933.987,27934.025,37001.574,187500.0,177455.7,67774.22,135950.86,-33883.812,66316.82,21365.408,-34038.13,-2690.9043,19204.844,-5374.2983,23319.42
4983.009,103826.6,14375.077,29506.094,38088.785,187500.0,181745.36,70608.27,139965.6,-33333.96,68573.54,23640.436,-32632.676,11631.066,22789.459,7468.2324,24705.361
4983.0312,85147.32,-5164.125,11348.897,20153.027,182363.22,161853.3,51098.906,120071.86,-48638.0,49687.57,5339.9663,-50725.676,21314.379,19755.791,17199.287,8378.351
4983.0537,80253.3,-10923.611,8446.143,17732.49,178814.16,156196.92,46865.867,114673.86,-50334.273,46074.523,1765.0278,-53471.7,9171.525,16336.309,6303.952,5784.475
4983.0757,97167.75,6658.0483,25190.818,34342.562,187500.0,174149.11,64691.516,132677.12,-36072.23,63410.42,18531.52,-36742.74,-2791.286,18415.805,-5326.1973,20886.008
4983.098,105479.25,16006.062,31397.025,40019.24,187500.0,183435.02,72465.99,141693.5,-31652.059,70446.734,25437.693,-30741.518,8368.448,22606.69,4425.646,26381.898
4983.1206,88148.734,-1960.3821,14055.225,22772.092,185070.84,165094.88,54131.523,123284.02,-46414.67,52586.39,8149.3564,-48038.617,21517.557,20564.768,17246.025,10834.428
4983.143,79233.32,-11894.079,7181.347,16412.014,177592.84,155174.33,45665.645,113609.13,-51544.266,44841.805,580.1396,-54776.08,11936.815,16575.205,8873.397,4609.6006
4983.1655,93808.71,3086.1948,22078.674,31302.367,187500.0,170534.45,61255.92,129083.9,-38612.105,60137.844,15348.966,-39829.67,-2104.3943,17694.738,-4552.09,18109.475
4983.1875,106204.67,16647.736,32439.422,41126.25,187500.0,184129.22,73384.29,142433.39,-30659.152,71425.03,26364.33,-29686.986,5165.846,22199.285,1476.9586,27307.328
4983.21,91478.12,1559.5707,17159.479,25804.463,187500.0,168668.08,57544.434,126839.83,-43831.324,55870.266,11328.759,-44949.383,20940.21,21321.756,16556.586,13650.277
4983.2324,78984.72,-12047.166,6627.114,15789.138,177118.77,154981.2,45256.027,113372.09,-52158.78,44362.605,124.186295,-55361.406,14530.557,16973.982,11257.546,4095.5996
4983.255,90473.25,-432.41687,18896.568,28178.486,187500.0,166961.8,57799.332,125521.44,-41251.957,56817.44,12127.5205,-42984.64,-738.3005,17103.174,-3161.2966,15271.316
4983.277,106022.125,16332.621,32606.703,41377.953,187500.0,183852.67,73361.56,142208.05,-30381.432,71494.9,26414.018,-29484.121,2305.1133,21616.105,-1109.8536,27469.043
4983.2993,94893.93,5144.2095,20426.254,29022.332,187500.0,172316.4,61088.438,130483.41,-41087.07,59294.914,14647.232,-41687.66,19637.53,21963.027,15198.65,16605.736
4983.322,79422.17,-11480.281,6723.986,15806.662,177333.16,155525.75,45557.91,113870.16,-52213.027,44572.44,338.53955,-55286.75,16883.838,17501.104,13389.991,4183.509
4983.344,87276.8,-3778.5627,15776.219,25092.248,185927.52,163554.52,54449.656,122109.445,-43882.535,53578.227,8989.716,-46091.824,1195.0808,16651.938,-1269.6686,12472.185
4983.3667,104945.555,15076.163,31907.383,40768.824,187500.0,182618.64,72400.73,141022.73,-30823.326,70657.16,25584.164,-30147.9,-62.048443,20896.379,-3206.3801,26856.695
4983.3887,98257.195,8641.811,23728.389,32291.855,187500.0,175882.14,64613.28,134051.17,-38292.43,62716.355,17961.506,-38393.035,17593.484,22453.96,13172.465,19575.3
4983.411,80613.586,-10125.318,7543.6694,16536.715,178298.0,156870.61,46644.09,115166.85,-51645.785,45540.25,1287.9746,-54485.395,18858.234,18152.635,15148.136,4933.1196
4983.4336,84420.71,-6733.1504,12902.59,22234.912,183159.47,160532.44,51420.836,119069.47,-46352.066,50620.31,6131.106,-48962.527,3579.386,16369.099,1031.4213,9878.086
4983.456,102998.36,12923.086,30340.148,39306.082,187500.0,180470.47,70531.56,138920.02,-31986.553,68939.35,23902.465,-31661.0,-1734.0037,20090.375,-4633.897,25478.732
4983.478,101240.4,11717.455,26762.482,35325.797,187500.0,179027.16,67797.0,137214.48,-35690.062,65833.4,20975.615,-35353.87,14948.49,22736.285,10609.278,22291.195
4983.5005,82469.67,-8083.486,9040.633,17946.217,179937.33,158918.73,48443.184,117174.15,-50475.383,47213.68,2916.8357,-52993.016,20372.32,18898.871,16450.816,6302.432
4983.523,82079.97,-9125.123,10467.993,19795.713,180783.75,158072.28,48899.875,116584.89,-48478.41,48141.03,3737.0554,-51396.387,6223.374,16260.201,3523.976,7666.7827
4983.5454,100438.08,10140.316,28134.834,37199.99,187500.0,177673.81,67999.21,136166.2,-33689.914,66570.49,21591.562,-33807.57,-2653.912,19265.977,-5357.311,23532.498
4983.568,103682.57,14201.047,29348.916,37933.28,187500.0,181576.5,70451.19,139791.69,-33439.484,68453.31,23506.504,-32755.186,11892.604,22797.617,7706.234,24598.834
4983.59,84941.62,-5411.112,11169.234,19986.238,182167.84,161614.67,50897.293,119830.57,-48757.94,49527.62,5168.238,-50869.332,21296.117,19695.957,17183.262,8243.524
4983.6123,80339.8,-10865.765,8552.291,17851.826,178909.64,156270.75,46973.445,114746.1,-50211.16,46210.38,1881.9276,-53326.48,8987.883,16320.819,6124.8027,5909.332
4983.635,97379.02,6855.727,25386.777,34543.504,187500.0,174361.64,64914.81,132884.78,-35888.32,63647.508,18749.516,-36506.57,-2792.426,18465.516,-5338.4014,21087.777
4983.657,105368.41,15867.079,31273.02,39899.88,187500.0,183305.19,72347.53,141558.08,-31736.482,70352.66,25336.328,-30818.475,8608.819,22617.977,4637.4956,26299.936
4983.679,87933.4,-2217.6733,13865.905,22593.322,184877.28,164847.56,53920.32,123035.34,-46546.973,52406.1,7966.0723,-48180.395,21517.557,20502.943,17246.314,10688.582
4983.7017,79304.87,-11852.125,7275.739,16514.34,177672.19,155231.94,45756.46,113664.43,-51434.875,44952.02,680.1413,-54631.664,11756.481,16554.797,8699.478,4720.488
4983.724,94044.5,3309.8687,22302.146,31524.79,187500.0,170773.5,61502.707,129315.195,-38412.504,60386.504,15588.0625,-39558.945,-2151.1318,17738.748,-4612.0146,18329.906
4983.7466,106179.59,16604.06,32396.373,41081.523,187500.0,184094.03,73351.91,142388.58,-30689.596,71398.54,26339.184,-29682.762,5382.7476,22225.324,1672.3129,27284.62
4983.7686,91237.836,1282.0067,16939.582,25592.1,187500.0,168398.25,57302.406,126563.53,-44001.96,55647.707,11114.249,-45119.727,21022.912,21268.736,16637.678,13461.875
4983.791,78945.85,-12119.049,6621.548,15791.552,177088.11,154922.86,45233.406,113307.92,-52137.12,44359.32,123.94042,-55312.254,14396.401,16937.414,11123.257,4102.551
4983.8135,90655.35,-263.46002,19088.748,28368.008,187500.0,167144.36,57998.395,125693.78,-41074.55,57022.117,12331.391,-42740.562,-834.61414,17130.89,-3266.238,15452.008
4983.836,106062.23,16361.32,32640.387,41404.484,187500.0,183887.56,73398.69,142229.34,-30347.77,71534.53,26460.777,-29402.984,2456.971,21654.125,-976.36896,27501.72
4983.8584,94713.87,4936.674,20263.936,28858.314,187500.0,172112.22,60903.88,130267.89,-41207.746,59125.664,14492.826,-41795.04,19720.186,21932.516,15284.19,16464.229
4983.8804,79400.04,-11526.706,6732.748,15814.127,177313.06,155487.16,45547.67,113822.484,-52184.64,44575.996,352.50937,-55221.016,16749.459,17472.09,13265.492,4192.5835
4983.903,87476.77,-3582.56,15987.442,25295.648,186108.02,163760.69,54666.71,122305.05,-43692.88,53797.074,9213.971,-45825.145,1073.0848,16679.363,-1392.9385,12658.6875
4983.9253,105028.91,15160.876,31985.37,40837.355,187500.0,182707.33,72486.36,141097.69,-30755.756,70742.96,25682.557,-30012.896,91.37393,20950.672,-3079.534,26919.703
4983.9478,98048.86,8413.711,23541.395,32102.336,187500.0,175653.53,64400.652,133813.0,-38440.62,62516.49,17783.363,-38520.688,17751.645,22435.564,13316.209,19397.38
4983.9697,80521.96,-10241.101,7496.038,16488.3,178218.92,156758.3,46563.402,115048.03,-51668.094,45475.812,1240.5443,-54470.49,18749.227,18115.643,15050.414,4878.984
4983.992,84611.77,-6547.6084,13116.183,22439.633,183349.42,160724.14,51628.688,119252.42,-46160.535,50829.812,6348.9683,-48687.4,3391.9443,16386.377,848.33813,10056.207
4984.0146,103180.53,13112.405,30515.9,39464.4,187500.0,180660.81,70713.98,139097.05,-31846.252,69112.29,24087.895,-31428.766,-1663.5734,20156.514,-4577.615,25614.742
4984.037,101081.79,11548.521,26616.19,35165.51,187500.0,178855.06,67625.72,137028.17,-35821.38,65664.95,20830.598,-35443.945,15146.75,22738.475,10796.43,22136.924
4984.0596,82329.19,-8244.709,8944.432,17840.404,179808.81,158760.3,48304.715,117003.695,-50556.094,47086.77,2813.2131,-53032.02,20301.465,18855.732,16389.35,6191.858
4984.0815,82211.086,-9000.177,10632.703,19944.865,180919.69,158206.34,49044.11,116705.74,-48337.996,48288.4,3900.8938,-51171.438,6040.5815,16268.874,3356.651,7793.4277
4984.104,100631.086,10340.387,28332.848,37373.996,187500.0,177880.97,68194.19,136356.0,-33538.68,66759.27,21796.729,-33552.293,-2629.2805,19332.383,-5342.693,23680.758
4984.1265,103554.16,14062.332,29236.262,37798.168,187500.0,181439.31,70310.54,139639.12,-33547.35,68317.62,23396.422,-32809.7,12092.16,22816.125,7894.569,24468.88
4984.149,84783.97,-5592.0044,11060.851,19859.146,182026.53,161435.72,50740.004,119642.52,-48847.66,49386.316,5052.053,-50916.695,21241.334,19660.797,17141.486,8118.578
4984.171,80480.234,-10733.666,8730.949,18006.275,179059.83,156409.62,47126.31,114875.09,-50055.637,46368.184,2056.0923,-53085.418,8791.277,16334.319,5940.4683,6046.6836
4984.1934,97648.27,7135.3027,25656.316,34781.637,187500.0,174646.34,65185.844,133154.22,-35671.645,63910.855,19029.92,-36174.336,-2810.7544,18544.887,-5367.906,21304.678
4984.216,105309.195,15805.187,31212.492,39813.176,187500.0,183242.17,72271.04,141478.3,-31796.229,70278.664,25291.559,-30811.479,8855.561,22666.994,4874.491,26225.37
4984.2383,87710.28,-2463.9895,13682.576,22395.086,184671.34,164600.72,53690.098,122776.305,-46699.703,52191.01,7783.347,-48293.875,21551.084,20472.277,17298.662,10500.023
4984.2607,79366.71,-11804.828,7379.5854,16603.703,177757.44,155285.38,45830.89,113708.87,-51334.47,45036.598,787.13904,-54452.27,11555.763,16553.299,8519.725,4796.819
4984.2827,94336.75,3609.7173,22598.352,31797.055,187500.0,171080.02,61802.89,129609.41,-38162.074,60684.074,15902.551,-39185.203,-2230.749,17815.66,-4691.7207,18579.42
4984.305,106187.58,16612.8,32395.143,41055.73,187500.0,184102.22,73346.164,142382.25,-30692.77,71394.63,26363.861,-29601.244,5632.7295,22291.195,1904.3688,27272.012
4984.3276,91007.44,1030.6389,16740.025,25378.596,187500.0,168144.5,57063.914,126300.17,-44161.082,55425.754,10925.108,-45234.59,21094.416,21240.328,16719.484,13269.628
4984.35,78991.79,-12088.025,6707.96,15863.368,177160.17,154958.48,45290.246,113337.05,-52051.336,44428.61,213.3027,-55144.145,14187.256,16930.283,10942.319,4165.65
4984.372,90971.36,59.25448,19406.502,28663.184,187500.0,167474.77,58322.855,126013.77,-40810.8,57341.344,12663.337,-42345.293,-966.9812,17202.818,-3389.508,15718.596
4984.3945,106127.445,16429.627,32688.107,41429.543,187500.0,183956.62,73449.23,142284.7,-30321.463,71582.25,26530.65,-29276.47,2704.1812,21732.736,-751.1751,27525.816
4984.417,94422.734,4621.045,19999.85,28586.184,187500.0,171792.83,60598.62,129940.375,-41434.19,58833.395,14230.819,-41982.457,19873.562,21899.592,15440.296,16200.723
4984.4395,79342.664,-11608.513,6723.338,15801.968,177283.5,155407.28,45498.496,113739.086,-52180.484,44542.023,337.93604,-55153.242,16572.656,17440.127,13107.488,4160.0396
4984.462,87740.88,-3321.5586,16263.106,25560.07,186358.08,164027.6,54941.15,122564.46,-43452.645,54069.676,9496.608,-45471.965,898.339,16727.174,-1560.42,12888.821
4984.484,105184.02,15320.312,32122.967,40954.723,187500.0,182867.02,72632.56,141245.27,-30645.54,70882.26,25838.148,-29799.303,229.21716,21027.271,-2952.5762,27025.406
4984.5063,97861.84,8211.45,23367.074,31913.127,187500.0,175447.53,64199.598,133596.23,-38586.355,62326.57,17618.451,-38618.7,17913.383,22426.379,13487.065,19219.998
4984.529,80451.04,-10331.692,7464.5444,16447.754,178166.89,156669.48,46496.793,114951.734,-51687.16,45421.496,1206.0555,-54432.062,18635.322,18085.938,14953.721,4821.495
4984.5513,84812.76,-6350.712,13338.806,22645.805,183550.61,160929.4,51840.805,119448.16,-45968.02,51045.285,6577.157,-48395.55,3243.0818,16418.139,702.94006,10231.579
4984.573,103341.195,13277.115,30671.379,39596.05,187500.0,180830.4,70870.37,139251.9,-31722.467,69268.81,24261.053,-31204.646,-1557.0673,20223.95,-4489.929,25731.754
4984.5957,100896.875,11347.4,26445.176,34977.977,187500.0,178652.16,67426.67,136813.42,-35962.484,65481.312,20673.488,-35542.742,15325.43,22733.201,10973.411,21964.635
4984.618,82227.445,-8369.298,8881.712,17768.252,179724.31,158635.14,48203.84,116872.58,-50600.484,46999.484,2747.0742,-53029.895,20173.658,18812.37,16285.704,6105.245
4984.6406,82435.74,-8778.536,10872.582,20170.953,181147.0,158430.83,49277.598,116924.28,-48130.617,48518.375,4140.5938,-50871.902,5822.4956,16285.682,3150.8809,7981.45
4984.663,100903.82,10627.83,28581.086,37601.96,187500.0,178165.56,68459.68,136629.0,-33342.656,67010.22,22058.691,-33246.188,-2590.7014,19404.422,-5322.867,23877.922
4984.685,103461.734,13970.332,29127.877,37676.504,187500.0,181338.02,70195.45,139525.25,-33645.992,68202.73,23304.197,-32853.4,12331.614,22830.967,8115.0913,24353.41
4984.7075,84640.72,-5745.002,10938.408,19735.385,181891.14,161275.38,50591.273,119473.63,-48950.523,49242.95,4931.868,-50978.05,21215.92,19612.941,17121.504,7981.987
4984.73,80619.414,-10589.05,8885.557,18156.95,179203.2,156552.66,47274.746,115009.766,-49919.137,46516.688,2218.9697,-52870.168,8625.784,16332.442,5774.998,6164.723
4984.7524,97896.664,7407.8154,25887.857,35001.066,187500.0,174914.88,65433.234,133408.7,-35484.047,64149.617,19281.107,-35886.152,-2781.0935,18603.045,-5366.3857,21491.785
4984.7744,105255.1,15766.831,31143.09,39734.477,187500.0,183192.23,72199.78,141412.75,-31855.191,70209.42,25244.418,-30818.14,9118.775,22691.582,5096.7344,26150.736
4984.797,87563.48,-2607.7112,13552.488,22265.625,184531.72,164445.02,53535.96,122610.52,-46791.277,52052.855,7670.18,-48356.035,21600.414,20430.1,17324.457,10374.474
4984.8193,79488.53,-11667.053,7512.5337,16735.22,177875.08,155415.27,45958.387,113829.68,-51193.32,45177.01,944.3836,-54249.92,11452.096,16552.764,8393.55,4915.9985
4984.842,94615.81,3925.0557,22855.129,32043.617,187500.0,171385.67,62081.594,129900.99,-37927.473,60964.344,16198.354,-38861.773,-2179.675,17877.62,-4689.441,18808.928
4984.8643,106191.375,16646.707,32369.037,41020.01,187500.0,184118.53,73328.75,142382.19,-30688.209,71391.61,26386.928,-29553.055,5985.552,22335.742,2185.263,27257.93
4984.886,90807.34,842.1914,16548.158,25187.355,187435.5,167937.12,56849.785,126080.555,-44270.383,55248.418,10780.292,-45340.54,21294.643,21201.324,16867.14,13117.792
4984.9087,79045.85,-12013.549,6776.244,15934.246,177212.38,155019.88,45349.32,113387.23,-51921.984,44523.984,334.69504,-54983.39,14163.384,16911.865,10866.122,4261.606
4984.931,91267.61,399.78333,19681.248,28931.227,187500.0,167801.81,58620.895,126325.0,-40507.266,57669.625,13012.426,-41970.453,-909.4254,17256.598,-3399.5215,16011.807
4984.9536,106234.914,16584.457,32755.03,41485.2,187500.0,184090.36,73539.03,142398.7,-30192.604,71708.6,26687.693,-29101.457,3074.9297,21797.064,-464.15637,27639.967
4984.9756,94258.56,4486.8228,19828.436,28411.37,187500.0,171635.27,60419.586,129766.13,-41488.17,58713.97,14150.621,-42032.637,20186.062,21885.98,15687.996,16112.992
4984.998,79350.125,-11567.766,6741.912,15820.564,177288.14,155429.6,45511.082,113748.01,-52059.492,44618.824,450.11945,-55008.18,16629.607,17426.717,13113.255,4250.363
4985.0205,88000.9,-3006.7344,16510.43,25800.977,186592.61,164325.84,55210.777,122846.96,-43145.664,54396.145,9852.784,-45096.3,972.3233,16781.69,-1549.6688,13186.166
4985.043,105284.2,15476.059,32189.217,41012.973,187500.0,182999.75,72722.28,141358.84,-30500.164,71032.266,26024.473,-29602.295,628.2182,21103.043,-2641.2834,27160.12
4985.0654,97621.16,8000.2036,23124.088,31673.65,187500.0,175209.14,63942.395,133342.86,-38681.195,62152.36,17488.652,-38721.25,18278.23,22409.39,13785.192,19091.432
4985.0874,80408.125,-10343.74,7441.9917,16432.623,178128.45,156633.92,46458.348,114906.2,-51579.715,45469.395,1291.618,-54310.18,18656.242,18058.602,14929.826,4900.553
4985.11,85110.15,-5996.4146,13625.825,22933.404,183828.33,161263.44,52150.49,119770.22,-45606.547,51426.54,6986.44,-47964.117,3225.2898,16470.91,638.2764,10591.956
4985.1323,103569.07,13572.94,30854.953,39774.016,187500.0,181099.36,71091.49,139503.36,-31469.893,69554.72,24578.45,-30880.748,-1233.7717,20321.582,-4236.46,25989.402
4985.155,100694.414,11189.061,26227.783,34764.34,187500.0,178461.1,67208.37,136606.39,-36040.938,65346.62,20581.936,-35616.39,15762.07,22743.572,11347.959,21865.44
4985.177,82057.016,-8507.275,8740.694,17639.908,179562.31,158469.9,48041.23,116696.96,-50603.883,46929.902,2718.1511,-53029.223,20269.322,18776.16,16344.4,6076.1206
4985.199,82571.51,-8598.202,11026.765,20332.266,181284.6,158591.33,49434.707,117074.664,-47886.09,48758.633,4412.9053,-50577.598,5798.3335,16312.929,3096.3872,8221.061
4985.2217,101059.77,10838.764,28729.838,37748.613,187500.0,178354.95,68625.195,136804.16,-33123.473,67251.016,22332.656,-32965.156,-2382.4502,19484.666,-5161.443,24103.117
4985.244,103259.54,13801.018,28936.523,37487.633,187500.0,181142.66,69989.75,139317.94,-33712.44,68084.44,23228.426,-32913.188,12685.8,22848.469,8429.58,24273.393
4985.2666,84426.73,-5943.329,10773.362,19579.682,181699.14,161056.17,50388.79,119249.49,-48986.04,49137.496,4865.9976,-51012.582,21274.66,19575.37,17172.129,7922.866
4985.2886,80723.734,-10457.645,9028.161,18303.69,179323.27,156670.94,47403.74,115125.66,-49698.457,46729.81,2460.0107,-52602.777,8509.733,16346.479,5654.5,6380.35
4985.311,98120.27,7674.606,26115.87,35222.574,187500.0,175168.0,65671.73,133655.73,-35223.6,64451.88,19609.879,-35549.918,-2704.5613,18684.406,-5314.083,21766.33
4985.3335,105084.78,15617.947,30983.543,39572.582,187500.0,183024.2,72024.055,141239.31,-31929.445,70106.11,25179.285,-30876.166,9471.955,22726.494,5420.857,26072.416
4985.356,87219.17,-2957.6724,13270.768,21992.576,184226.75,164078.98,53201.355,122246.86,-46964.145,51803.32,7458.5767,-48541.195,21663.736,20372.41,17403.27,10175.319
4985.378,79460.1,-11697.473,7552.5654,16781.936,177884.95,155380.02,45959.57,113799.51,-51096.0,45252.293,1043.2006,-54120.37,11248.427,16530.254,8219.317,5001.7397
4985.4004,94808.52,4131.8096,23078.646,32264.229,187500.0,171589.8,62296.75,130107.25,-37700.824,61233.883,16484.457,-38560.047,-2268.7246,17935.87,-4764.3643,19050.572
4985.423,106082.41,16538.658,32282.334,40931.344,187500.0,184002.22,73220.07,142266.42,-30738.791,71338.08,26359.703,-29568.209,6195.032,22380.088,2405.875,27215.55
4985.4453,90469.586,477.45566,16276.093,24922.105,187159.14,167565.73,56519.67,125716.9,-44480.777,54979.3,10540.4795,-45551.36,21288.943,21150.451,16914.146,12891.213
4985.468,78983.445,-12100.944,6789.7896,15951.68,177190.88,154936.0,45314.766,113314.766,-51894.895,44537.33,366.97095,-54920.94,13891.185,16887.703,10655.658,4279.3086
4985.4897,91448.91,573.4564,19906.152,29149.514,187500.0,167983.11,58829.64,126516.0,-40329.836,57900.473,13254.719,-41714.863,-1108.0208,17307.693,-3557.2578,16203.651
4985.512,106163.39,16495.967,32712.291,41434.793,187500.0,184005.42,73473.9,142322.66,-30256.688,71663.97,26662.973,-29119.451,3204.6367,21848.295,-312.83502,27587.06
4985.5347,93878.42,4057.9368,19518.46,28104.39,187500.0,171211.12,60046.668,129356.83,-41772.91,58371.38,13834.635,-42324.504,20187.582,21834.705,15742.4,15808.875
4985.557,79219.04,-11748.949,6697.432,15781.695,177205.4,155263.3,45409.67,113601.67,-52117.34,44534.98,383.33243,-55043.383,16297.7295,17379.486,12852.164,4176.647
4985.579,88194.76,-2842.3374,16753.549,26040.14,186794.78,164510.92,55435.145,123049.18,-42975.613,54613.0,10077.709,-44852.44,649.2735,16814.613,-1814.4923,13367.997
4985.6016,105364.2,15532.519,32287.877,41101.484,187500.0,183072.6,72812.29,141444.33,-30471.621,71105.17,26110.973,-29509.871,638.09766,21166.746,-2602.5479,27207.014
4985.624,97336.555,7668.6826,22886.242,31435.918,187500.0,174891.92,63663.043,133043.12,-38937.5,61865.7,17226.422,-38967.52,18325.861,22383.62,13873.236,18823.814
4985.6465,80215.56,-10591.308,7323.9067,16323.233,177979.98,156408.64,46291.227,114703.07,-51730.344,45293.02,1134.0605,-54441.742,18417.191,18005.137,14758.075,4725.897
4985.6685,85197.1,-5950.169,13766.574,23076.59,183943.8,161336.27,52268.684,119865.44,-45541.367,51520.504,7090.6885,-47840.535,2933.063,16477.303,402.1973,10652.193
4985.691,103640.91,13611.363,30949.748,39865.86,187500.0,181161.58,71176.97,139584.81,-31457.309,69604.766,24644.05,-30808.574,-1265.8241,20372.477,-4243.97,26010.1
4985.7134,100456.92,10896.118,26024.83,34566.145,187500.0,178189.77,66970.3,136356.23,-36268.883,65084.836,20346.48,-35836.086,15820.408,22728.037,11435.913,21623.168
4985.736,81910.32,-8714.274,8650.147,17558.814,179454.25,158289.44,47908.375,116541.39,-50725.43,46775.855,2586.164,-53132.758,20048.287,18729.533,16173.812,5928.7783
4985.7583,82738.36,-8470.439,11227.841,20534.414,181479.31,158750.81,49622.707,117256.66,-47763.555,48911.742,4579.001,-50390.043,5502.2173,16327.301,2840.594,8337.894
4985.7803,101254.27,11009.531,28922.018,37935.562,187500.0,178553.48,68824.75,137019.58,-33029.465,67398.98,22498.307,-32794.902,-2394.5203,19554.559,-5159.275,24203.096
4985.8027,103058.484,13557.406,28747.16,37300.55,187500.0,180920.19,69777.74,139112.73,-33935.848,67831.04,23007.299,-33125.26,12861.708,22850.86,8621.157,24028.059
4985.825,84184.72,-6241.747,10582.166,19398.41,181501.28,160781.98,50152.688,118996.984,-49198.63,48867.91,4628.801,-51226.29,21151.86,19510.549,17090.635,7667.6772
4985.8477,80772.414,-10453.599,9117.523,18399.51,179406.97,156705.3,47470.055,115180.734,-49666.293,46755.293,2508.5142,-52532.95,8249.358,16329.134,5434.693,6384.4854
4985.8696,98281.54,7806.3247,26282.857,35387.465,187500.0,175328.17,65839.3,133831.3,-35132.67,64571.574,19750.852,-35399.71,-2789.9448,18725.041,-5380.4453,21843.713
4985.892,104995.76,15491.012,30898.764,39485.387,187500.0,182919.55,71923.74,141149.02,-32046.926,69966.125,25068.377,-30975.184,9573.543,22735.994,5538.1816,25930.148
4985.9146,87082.375,-3139.012,13161.669,21886.74,184123.05,163918.1,53060.473,122103.52,-47094.727,51625.734,7309.6016,-48665.895,21563.488,20326.521,17335.812,10006.899
4985.937,79572.04,-11613.073,7681.759,16911.91,178018.84,155487.17,46078.86,113924.45,-51017.95,45328.78,1141.2578,-54001.523,11025.803,16523.639,8021.214,5054.11
4985.9595,95044.6,4361.518,23302.008,32480.773,187500.0,171840.33,62534.66,130369.234,-37557.863,61415.266,16686.137,-38352.4,-2343.0217,17986.338,-4828.8936,19181.732
4985.9814,106033.19,16476.498,32222.32,40866.254,187500.0,183954.56,73158.49,142229.14,-30839.486,71224.78,26277.248,-29649.055,6380.4844,22407.736,2584.2642,27089.332
4986.004,90216.56,194.48253,16052.821,24706.88,186944.98,167296.06,56264.438,125463.56,-44709.168,54685.645,10282.183,-45792.445,21327.834,21098.707,16964.371,12618.298
4986.0264,78942.055,-12167.374,6787.554,15961.225,177189.72,154886.64,45289.844,113286.16,-51922.656,44474.297,328.88358,-54932.9,13697.3955,16849.662,10488.758,4214.958
4986.049,91633.98,752.2703,20100.902,29348.357,187500.0,168179.55,59029.867,126729.56,-40195.01,58052.355,13425.062,-41527.42,-1241.5947,17337.13,-3677.7786,16319.902
4986.071,106170.23,16496.057,32714.416,41438.996,187500.0,184016.58,73477.34,142346.61,-30292.852,71620.78,26644.441,-29127.273,3347.6208,21881.777,-175.26004,27531.426
4986.0933,93641.586,3795.5276,19305.314,27901.861,187500.0,170958.06,59805.918,129118.46,-41983.53,58099.383,13592.9,-42543.484,20267.424,21791.03,15834.177,15564.37
4986.1157,79138.15,-11855.611,6657.199,15753.867,177167.81,155172.03,45342.484,113526.08,-52178.473,44435.965,307.00122,-55088.805,16154.098,17339.656,12733.298,4089.0505
4986.138,88347.195,-2699.7332,16926.506,26216.742,186973.08,164672.92,55606.133,123223.41,-42864.973,54742.195,10221.5205,-44687.31,515.7218,16838.352,-1932.7778,13472.335
4986.1606,105365.09,15523.422,32294.762,41109.777,187500.0,183077.7,72815.4,141458.05,-30510.244,71067.11,26094.947,-29514.61,809.8037,21211.672,-2443.247,27161.125
4986.1826,97027.9,7325.9634,22615.34,31175.678,187500.0,174559.81,63352.98,132721.61,-39193.43,61533.64,16924.316,-39243.855,18463.414,22342.805,14016.31,18540.795
4986.205,80106.734,-10736.146,7268.832,16278.686,177924.2,156279.66,46198.688,114588.55,-51786.355,45181.258,1043.3794,-54495.945,18236.834,17956.7,14594.84,4648.85
4986.2275,85421.4,-5739.4365,14011.013,23321.23,184192.25,161568.03,52513.39,120108.31,-45347.4,51732.777,7314.899,-47592.52,2729.5728,16506.293,200.11517,10849.492
4986.25,103790.64,13758.415,31088.373,39999.926,187500.0,181324.44,71330.414,139753.52,-31372.55,69718.58,24776.172,-30671.154,-1144.0518,20442.773,-4148.64,26103.328
4986.272,100209.22,10623.852,25792.752,34337.934,187500.0,177927.73,66717.12,136102.4,-36491.37,64807.23,20099.45,-36069.15,16021.351,22710.646,11636.2295,21385.838
4986.2944,81738.836,-8919.353,8524.084,17443.21,179334.98,158097.72,47747.844,116362.76,-50847.65,46595.14,2431.8477,-53259.113,19926.492,18673.432,16080.984,5787.113
4986.317,82876.48,-8349.874,11389.958,20702.143,181653.39,158889.64,49779.84,117407.89,-47636.688,49040.332,4722.902,-50223.23,5296.604,16334.007,2656.6392,8462.393
4986.3394,101439.26,11191.206,29096.182,38108.14,187500.0,178751.39,69015.73,137224.72,-32903.58,67556.85,22670.414,-32614.57,-2380.8857,19613.254,-5146.4673,24338.502
4986.362,102944.83,13427.073,28627.197,37181.305,187500.0,180800.64,69653.71,138999.05,-34050.11,67686.625,22884.902,-33235.59,13021.232,22856.09,8778.737,23908.209
4986.384,84081.1,-6367.0957,10496.134,19319.934,181430.42,160665.95,50048.754,118890.19,-49278.09,48746.9,4527.6143,-51302.508,21076.512,19472.797,17026.62,7577.264
4986.4062,80939.984,-10288.889,9292.448,18578.414,179607.1,156883.08,47650.992,115367.77,-49526.797,46908.246,2672.1511,-52347.117,8069.2705,16346.568,5264.082,6532.1636
4986.4287,98532.26,8072.0645,26510.78,35613.418,187500.0,175605.66,66097.195,134114.25,-34964.676,64790.91,19981.143,-35164.258,-2782.0994,18800.992,-5380.4897,22033.277
4986.451,104906.555,15403.169,30792.95,39381.855,187500.0,182837.77,71827.12,141071.67,-32158.281,69841.53,24966.318,-31072.436,9806.672,22765.9,5758.5693,25818.857
4986.473,86879.89,-3357.7686,12979.748,21717.492,183967.92,163707.73,52860.914,121901.52,-47259.21,51409.438,7118.025,-48837.02,21557.945,20282.71,17340.953,9825.671
4986.4956,79651.41,-11541.234,7781.045,17022.775,178143.55,155574.92,46177.008,114021.37,-50940.273,45400.305,1228.0497,-53893.68,10810.913,16514.027,7825.1,5128.787
4986.518,95330.93,4660.965,23571.078,32755.297,187500.0,172157.58,62835.402,130691.35,-37352.875,61673.273,16956.816,-38078.414,-2439.9165,18049.125,-4930.348,19405.541
4986.5405,106066.41,16516.865,32223.191,40873.207,187500.0,184007.14,73182.61,142282.69,-30864.543,71211.03,26285.607,-29641.857,6569.6475,22454.967,2759.0771,27075.115
4986.563,90084.484,52.25838,15916.432,24581.354,186847.22,167165.08,56121.7,125335.35,-44838.72,54516.734,10139.892,-45921.773,21326.203,21062.541,16979.682,12478.622
4986.585,79079.85,-12027.005,6919.72,16099.693,177358.6,155043.02,45429.79,113445.12,-51820.934,44581.54,454.14276,-54792.645,13490.798,16844.9,10301.048,4317.3066
4986.6074,91953.9,1097.113,20384.21,29629.52,187500.0,168541.88,59350.613,127090.08,-39986.758,58325.38,13711.946,-41242.035,-1321.7482,17401.727,-3759.0496,16550.08
4986.63,106228.1,16575.047,32728.318,41449.883,187500.0,184106.88,73518.67,142432.98,-30316.098,71621.99,26670.17,-29111.45,3578.2686,21939.646,34.376987,27517.59
4986.6523,93447.26,3599.4355,19103.01,27705.502,187500.0,170768.97,59594.582,128930.57,-42171.285,57865.246,13388.382,-42739.4,20343.465,21753.01,15918.376,15356.253
4986.6743,79219.69,-11769.312,6736.011,15835.026,177284.61,155268.83,45421.766,113627.51,-52113.9,44488.938,380.002,-54998.234,15944.147,17319.338,12539.307,4138.269
4986.697,88705.54,-2311.3271,17244.662,26528.057,187310.39,165073.69,55961.773,123625.45,-42607.992,55055.14,10547.923,-44356.457,365.0934,16895.572,-2083.719,13737.002
4986.719,105554.414,15747.765,32418.59,41221.805,187500.0,183308.73,72980.22,141685.67,-30430.83,71189.59,26237.46,-29379.717,989.91406,21285.992,-2279.0288,27246.91
4986.7417,96856.77,7163.4214,22413.012,30966.69,187500.0,174401.5,63151.03,132562.97,-39382.457,61305.43,16725.117,-39436.684,18631.924,22322.42,14189.066,18325.168
4986.764,80072.625,-10769.384,7231.08,16236.553,177926.44,156257.92,46152.62,114570.53,-51830.613,45109.043,994.7644,-54526.59,18102.701,17921.541,14482.835,4573.5024
4986.786,85661.91,-5484.001,14228.249,23528.072,184448.23,161841.48,52747.86,120384.78,-45185.664,51926.3,7522.6143,-47373.496,2548.6355,16533.988,40.434307,11001.037
4986.8086,103987.625,13976.412,31237.234,40130.3,187500.0,181558.11,71504.555,139986.28,-31282.227,69847.88,24921.145,-30526.227,-1051.1355,20506.252,-4057.7803,26190.166
4986.831,100064.445,10476.889,25621.693,34150.96,187500.0,177792.58,66537.25,135968.23,-36659.145,64601.883,19918.133,-36239.78,16219.007,22699.36,11828.275,21187.645
4986.8535,81676.23,-8991.236,8463.733,17369.607,179313.58,158041.42,47668.113,116311.51,-50909.7,46494.918,2351.2026,-53316.78,19841.332,18630.36,16000.742,5686.1274
4986.8755,83113.72,-8104.6533,11613.698,20905.543,181917.38,159156.38,50013.125,117679.664,-47464.758,49237.562,4930.3706,-50000.273,5116.7393,16351.553,2477.6462,8619.012
4986.898,101676.164,11449.592,29291.895,38279.62,187500.0,179027.03,69237.26,137501.84,-32775.324,67733.875,22861.365,-32426.838,-2282.605,19684.758,-5074.383,24463.963
4986.9204,102741.0,13219.067,28403.121,36944.957,187500.0,180604.34,69421.19,138806.17,-34264.508,67432.15,22658.947,-33459.152,13321.596,22858.438,9057.934,23663.77
4986.943,83848.64,-6625.5938,10287.592,19108.73,181261.03,160424.7,49805.992,118658.71,-49461.24,48497.9,4304.812,-51503.652,21026.957,19407.998,16993.047,7345.812
4986.9653,81065.695,-10179.074,9431.588,18709.105,179785.25,157019.64,47781.46,115515.18,-49409.137,47021.613,2798.014,-52199.414,7833.795,16335.28,5045.75,6619.514
4986.9873,98790.78,8334.809,26744.266,35831.324,187500.0,175892.56,66351.555,134407.78,-34787.383,65014.16,20214.158,-34927.26,-2776.3328,18866.193,-5388.313,22200.96
4987.01,104760.62,15243.153,30625.268,39205.723,187500.0,182694.86,71657.484,140935.64,-32312.844,69656.82,24804.066,-31229.121,10097.96,22781.37,6028.668,25636.021
4987.032,86627.5,-3645.6143,12748.273,21485.771,183778.34,163439.02,52597.656,121644.75,-47452.062,51144.055,6876.984,-49054.01,21555.441,20216.416,17350.61,9582.06
4987.0547,79738.2,-11478.157,7885.0474,17119.916,178286.97,155664.44,46270.863,114124.63,-50841.48,45485.49,1326.2185,-53770.004,10601.724,16499.477,7629.4556,5194.8364
4987.0767,95585.3,4911.8857,23806.062,32972.758,187500.0,172433.67,63090.01,130977.85,-37164.473,61905.64,17198.639,-37829.28,-2461.419,18112.604,-4956.097,19583.861
4987.099,105965.58,16399.63,32104.168,40738.426,187500.0,183907.89,73064.305,142193.06,-30973.73,71084.52,26180.107,-29743.469,6852.106,22488.248,3025.1523,26939.396
4987.1216,89784.39,-288.5834,15644.902,24303.143,186625.02,166842.78,55815.75,125026.75,-45060.83,54219.97,9866.284,-46172.09,21384.43,21004.83,17049.889,12207.808
4987.144,79072.19,-12072.826,6945.5366,16119.005,177413.9,155024.66,45434.707,113442.77,-51779.94,44590.367,475.1087,-54744.004,13287.866,16814.682,10113.472,4323.364
4987.1665,92210.13,1335.025,20634.059,29865.576,187500.0,168808.53,59615.84,127369.05,-39769.703,58575.63,13970.266,-40971.934,-1448.3484,17448.688,-3887.6838,16758.287
4987.1885,106288.23,16614.654,32760.93,41469.35,187500.0,184169.31,73566.99,142504.14,-30295.266,71653.42,26718.896,-29062.61,3763.2742,21993.469,198.59526,27527.717
4987.211,93237.47,3348.5596,18899.63,27498.055,187500.0,170539.12,59374.707,128712.74,-42343.727,57643.094,13189.161,-42927.2,20452.854,21723.08,16027.542,15151.623
4987.2334,79165.62,-11865.379,6705.188,15805.321,177280.56,155199.4,45375.117,113572.59,-52132.047,44442.445,348.2402,-55012.63,15815.514,17286.123,12426.475,4091.2185
4987.256,88888.71,-2154.6858,17428.414,26707.273,187500.0,165260.0,56154.98,123824.18,-42456.27,55236.504,10737.443,-44160.926,232.3017,16921.074,-2210.856,13880.3
4987.278,105624.914,15793.34,32470.982,41266.105,187500.0,183378.25,73043.23,141764.83,-30402.084,71237.5,26300.36,-29322.562,1120.6719,21330.963,-2166.644,27267.564
4987.3003,96657.734,6920.9717,22220.518,30772.408,187500.0,174176.78,62938.71,132352.08,-39550.945,61093.42,16535.127,-39622.336,18732.62,22290.637,14292.331,18131.021
4987.3228,80016.99,-10866.882,7199.564,16206.513,177911.36,156178.67,46099.492,114509.125,-51854.574,45057.23,959.09106,-54550.91,17954.107,17879.318,14348.3,4526.3403
4987.345,85885.734,-5281.3823,14451.498,23745.086,184683.36,162063.67,52980.543,120622.56,-45001.37,52145.457,7749.708,-47146.223,2393.0896,16556.63,-118.57601,11183.182
4987.367,104130.586,14107.349,31355.004,40237.457,187500.0,181701.78,71641.86,140140.88,-31201.809,69966.836,25052.977,-30408.566,-913.3817,20567.986,-3944.39,26269.895
4987.3896,99839.73,10218.749,25400.59,33926.594,187500.0,177540.67,66300.59,135729.48,-36858.656,64363.277,19701.857,-36461.91,16408.26,22682.752,12011.09,20964.73
4987.412,81510.02,-9201.901,8335.01,17242.65,179187.88,157839.64,47508.566,116129.36,-51022.617,46336.49,2210.9453,-53449.637,19729.932,18573.117,15905.948,5546.7866
4987.4346,83255.6,-7992.403,11776.665,21063.615,182088.45,159281.73,50170.727,117824.305,-47331.25,49383.566,5085.469,-49842.066,4916.8477,16355.062,2289.8247,8746.192
4987.457,101866.805,11620.8955,29469.615,38442.21,187500.0,179207.45,69427.83,137696.56,-32647.986,67899.99,23038.123,-32262.598,-2235.51,19744.996,-5036.8765,24595.637
4987.479,102594.78,13034.956,28257.389,36785.566,187500.0,180421.81,69261.195,138638.84,-34406.465,67260.22,22506.598,-33619.37,13521.956,22859.488,9253.087,23508.246
4987.5015,83710.305,-6812.767,10180.259,18992.3,181153.53,160241.33,49668.484,118494.63,-49560.973,48352.613,4176.9375,-51625.51,20957.936,19359.295,16941.773,7225.827
4987.524,81201.5,-10079.766,9583.244,18847.26,179941.92,157126.69,47926.68,115641.914,-49289.688,47148.234,2934.896,-52060.77,7663.4077,16338.924,4886.047,6736.6816
4987.5464,98995.234,8514.07,26932.4,35998.582,187500.0,176077.9,66553.57,134608.69,-34654.613,65187.543,20398.404,-34757.14,-2757.1772,18922.988,-5377.0254,22345.33
4987.5684,104656.48,15100.079,30512.324,39074.9,187500.0,182551.12,71536.38,140807.66,-32432.873,69518.59,24686.094,-31359.117,10318.259,22798.088,6235.9805,25512.527
4987.591,86421.04,-3906.1912,12570.577,21297.213,183597.75,163177.42,52386.477,121404.67,-47615.32,50928.695,6682.367,-49244.67,21559.69,20169.188,17363.684,9403.894
4987.6133,79788.984,-11474.09,7961.557,17183.82,178358.61,155672.77,46330.832,114156.57,-50779.812,45536.16,1387.9093,-53701.7,10425.703,16486.178,7465.1924,5254.918
4987.6357,95811.83,5109.4526,24025.846,33169.61,187500.0,172635.28,63320.12,131198.11,-36995.63,62113.355,17411.92,-37621.99,-2510.973,18165.062,-5013.7646,19770.098
4987.658,105928.695,16326.474,32053.184,40665.27,187500.0,183832.11,73013.99,142134.12,-31034.996,71019.91,26129.703,-29803.281,7092.164,22527.855,3243.1711,26886.086
4987.68,89508.7,-623.72546,15394.653,24043.906,186367.61,166505.03,55534.094,124713.06,-45281.754,53941.086,9608.323,-46426.273,21515.008,20966.496,17176.87,11970.857
4987.7026,78946.234,-12262.033,6867.6855,16035.432,177316.36,154840.84,45325.383,113287.49,-51849.566,44486.992,387.02048,-54822.996,13215.536,16786.271,10049.903,4238.226
4987.725,92247.35,1317.2107,20708.959,29929.3,187500.0,168801.66,59675.383,127389.1,-39720.773,58635.445,14041.12,-40902.957,-1452.6847,17482.371,-3898.7927,16804.197
4987.7476,106022.016,16274.261,32536.182,41233.81,187500.0,183837.2,73305.75,142199.14,-30492.273,71408.11,26494.82,-29289.145,4076.5781,22016.0,488.65384,27311.799
4987.7695,92700.87,2699.5544,18454.742,27051.2,187500.0,169901.39,58847.543,128109.414,-42702.316,57156.43,12729.677,-43366.344,20569.53,21638.145,16152.689,14744.664
4987.792,78960.914,-12186.574,6602.795,15698.613,177131.47,154901.69,45200.57,113314.54,-52179.41,44312.36,232.9946,-55098.527,15604.38,17227.719,12228.551,4007.2432
4987.8145,89026.664,-2111.7258,17625.715,26886.422,187500.0,165331.7,56322.688,123933.37,-42261.137,55431.3,10937.245,-43948.918,88.75878,16959.363,-2362.2666,14070.781
4987.837,105588.73,15664.035,32465.53,41235.46,187500.0,183272.33,73014.39,141692.69,-30391.355,71237.01,26311.76,-29313.443,1342.4458,21394.621,-1974.9108,27277.354
4987.8594,96254.35,6396.8906,21880.303,30417.15,187500.0,173675.39,62539.668,131886.94,-39808.773,60743.617,16207.049,-39939.688,18930.99,22253.71,14483.372,17842.393
4987.8813,79803.87,-11205.467,7071.1084,16066.59,177732.98,155872.31,45911.133,114242.16,-51923.15,44919.766,836.9387,-54654.71,17816.666,17829.496,14224.069,4427.3667
4987.904,86017.48,-5253.2637,14635.162,23908.164,184827.39,162130.1,53141.16,120724.82,-44813.484,52340.836,7951.879,-46940.586,2217.7402,16585.33,-289.09747,11369.171
4987.9263,104198.11,14082.985,31438.398,40293.133,187500.0,181709.02,71716.36,140178.06,-31115.172,70069.66,25168.938,-30309.615,-757.9924,20639.178,-3814.4148,26366.99
4987.9487,99541.17,9807.41,25136.08,33643.934,187500.0,177155.28,65997.664,135376.16,-37053.027,64106.992,19470.07,-36702.887,16613.56,22667.688,12209.574,20756.145
4987.9707,81339.97,-9487.981,8220.838,17117.95,179026.95,157586.02,47352.062,115910.18,-51083.168,46226.45,2120.5771,-53538.17,19608.695,18532.838,15800.984,5467.7065
4987.993,83401.625,-7940.39,11952.819,21222.604,182225.02,159372.16,50337.473,117946.25,-47151.945,49584.33,5296.0225,-49641.305,4743.51,16386.197,2125.338,8929.947
4988.0156,101992.555,11668.841,29594.338,38540.824,187500.0,179289.12,69558.43,137804.52,-32533.277,68056.97,23207.348,-32121.848,-2130.9036,19820.768,-4950.554,24727.133
4988.038,102353.18,12699.144,28031.1,36539.27,187500.0,180114.53,69010.586,138358.23,-34585.613,67049.04,22317.615,-33830.93,13752.381,22859.018,9466.725,23325.588
4988.0605,83478.74,-7146.568,9995.231,18797.55,180919.62,159938.38,49442.215,118222.875,-49693.605,48174.137,4020.0505,-51793.598,20904.648,19309.293,16894.455,7080.3174
4988.0825,81279.664,-10085.801,9693.014,18944.916,180008.67,157157.0,48021.004,115702.555,-49167.895,47280.266,3079.154,-51930.992,7480.615,16346.792,4710.2505,6865.629
4988.105,99160.164,8613.646,27095.88,36140.83,187500.0,176210.4,66722.88,134766.03,-34506.49,65379.723,20603.93,-34583.492,-2715.2007,18992.1,-5355.344,22516.992
4988.1274,104478.72,14844.621,30343.791,38886.36,187500.0,182323.81,71349.03,140603.38,-32569.04,69363.48,24556.03,-31524.318,10579.707,22820.283,6471.188,25382.709
4988.15,86136.74,-4284.5386,12337.358,21054.025,183318.9,162831.27,52106.613,121086.72,-47800.57,50691.254,6472.0146,-49476.883,21577.682,20119.32,17383.197,9207.779
4988.172,79757.89,-11592.0625,7981.92,17193.72,178322.6,155594.39,46316.527,114108.984,-50748.184,45556.633,1428.0753,-53682.43,10285.089,16473.102,7324.645,5287.149
4988.1943,95909.26,5131.9385,24146.68,33272.27,187500.0,172696.8,63425.58,131289.7,-36888.316,62246.168,17563.062,-37504.332,-2508.5364,18213.164,-5026.1475,19893.746
4988.217,105777.71,16089.971,31926.584,40517.01,187500.0,183629.75,72853.91,141962.27,-31138.799,70893.62,26028.941,-29937.324,7280.008,22546.273,3417.336,26789.549
4988.2393,89318.94,-907.9726,15252.966,23883.309,186191.58,166254.39,55339.23,124496.72,-45388.816,53785.363,9476.917,-46576.992,21434.162,20914.953,17111.22,11860.998
4988.2617,79129.79,-12149.761,7071.712,16215.051,177472.33,154988.75,45507.33,113469.93,-51659.152,44692.72,605.84406,-54625.184,12944.745,16786.182,9790.825,4447.7515
4988.2837,92664.95,1698.6432,21092.023,30274.635,187500.0,169214.08,60079.414,127830.95,-39399.223,59039.97,14453.264,-40532.207,-1590.5278,17556.2,-4043.8777,17171.906
4988.306,106263.414,16495.387,32718.014,41373.15,187500.0,184077.14,73515.164,142463.3,-30360.756,71609.09,26709.865,-29129.621,4200.3623,22087.146,597.8198,27488.086
4988.3286,92709.164,2686.6575,18425.752,26989.688,187500.0,169899.28,58826.375,128133.15,-42755.18,57128.89,12723.418,-43422.87,20658.557,21643.217,16242.812,14715.339
4988.351,79062.22,-12095.401,6683.1494,15751.096,177175.48,155001.94,45288.055,113443.77,-52141.68,44384.734,324.97205,-55053.555,15501.182,17221.75,12137.6455,4062.4072
4988.373,89303.12,-1825.0424,17865.549,27094.875,187500.0,165625.23,56587.8,124253.24,-42098.33,55666.35,11187.898,-43752.29,-17.032028,16997.34,-2461.732,14262.067
4988.3955,105771.03,15862.608,32593.648,41331.844,187500.0,183469.62,73169.805,141911.56,-30327.967,71356.03,26450.316,-29235.635,1429.3718,21440.152,-1893.5059,27366.314
4988.418,96254.75,6406.882,21841.701,30354.14,187500.0,173675.77,62507.055,131910.81,-39878.89,60681.703,16169.833,-40028.6,18994.537,22246.559,14550.673,17783.117
4988.4404,79947.45,-11042.679,7183.0684,16156.757,177815.12,156024.12,46032.996,114419.164,-51862.957,45005.73,942.28253,-54593.152,17688.547,17823.371,14104.354,4499.362
4988.463,86366.45,-4862.712,14928.485,24174.865,185088.5,162508.78,53470.582,121125.09,-44609.836,52616.77,8241.49,-46702.496,2095.856,16629.385,-413.06024,11599.505
4988.485,104429.92,14363.768,31597.678,40424.453,187500.0,181970.92,71916.7,140457.27,-31038.908,70209.87,25326.852,-30212.676,-629.8722,20702.12,-3696.5764,26467.998
4988.5073,99473.23,9773.4795,25024.254,33513.51,187500.0,177096.34,65896.12,135335.38,-37201.242,63953.684,19341.39,-36879.957,16773.465,22660.334,12369.255,20608.041
4988.53,81354.32,-9440.506,8216.858,17101.834,178993.27,157608.78,47349.734,115953.68,-51125.125,46177.117,2091.2068,-53602.523,19506.95,18498.953,15711.511,5417.7056
4988.5522,83704.67,-7586.697,12213.978,21468.248,182463.3,159703.45,50627.195,118295.7,-46968.28,49813.277,5534.985,-49439.78,4545.898,16403.52,1934.0966,9124.787
4988.574,102343.86,12088.941,29866.113,38792.75,187500.0,179679.52,69880.05,138205.95,-32353.166,68305.73,23465.734,-31912.682,-2096.1912,19891.13,-4932.9185,24931.516
4988.5967,102405.46,12812.199,28011.52,36505.008,187500.0,180188.33,69019.95,138442.39,-34643.125,66997.37,22284.13,-33906.723,13914.989,22875.648,9621.376,23272.838
4988.619,83576.17,-6987.4907,10043.556,18835.213,180956.52,160056.0,49509.047,118352.695,-49690.613,48177.285,4038.3567,-51804.953,20797.428,19283.701,16800.398,7078.753
4988.6416,81656.11,-9624.662,10003.4795,19237.455,180313.23,157577.75,48375.12,116131.46,-48948.51,47557.81,3363.6248,-51682.98,7292.458,16376.117,4526.0723,7099.0034
4988.664,99592.02,9151.319,27427.96,36447.85,187500.0,176701.78,67121.195,135257.98,-34286.77,65688.89,20921.19,-34318.848,-2695.7546,19071.27,-5353.1313,22762.258
4988.686,104583.99,15047.15,30352.799,38877.645,187500.0,182469.23,71404.95,140748.02,-32614.525,69340.72,24551.402,-31576.443,10774.503,22847.82,6650.851,25344.51
4988.7085,86214.7,-4114.5986,12345.941,21054.92,183329.33,162940.39,52146.152,121196.44,-47834.344,50655.582,6453.5747,-49527.71,21495.854,20087.916,17316.723,9168.82
4988.731,80159.71,-11074.485,8297.325,17499.18,178657.03,156052.98,46692.82,114563.484,-50521.227,45841.797,1719.028,-53426.234,10036.091,16491.766,7098.5566,5526.8267
4988.7534,96446.87,5814.9404,24558.89,33666.914,187500.0,173315.0,63930.06,131894.72,-36602.19,62640.45,17961.416,-37159.465,-2561.1077,18300.805,-5085.268,20207.23
4988.7754,105956.68,16410.45,31982.15,40559.59,187500.0,183873.25,72983.125,142188.1,-31155.25,70922.45,26073.445,-29949.596,7531.7783,22599.023,3638.551,26778.195
4988.798,89281.79,-821.51605,15140.469,23771.596,186093.27,166261.67,55264.688,124488.25,-45540.094,53619.465,9332.056,-46759.18,21507.453,20882.723,17181.205,11691.505
4988.8203,79313.56,-11838.133,7195.943,16341.763,177608.72,155227.42,45675.055,113693.16,-51602.11,44764.49,689.41724,-54571.07,12785.221,16775.096,9642.454,4492.6787
4988.843,93056.305,2233.9229,21397.416,30575.11,187500.0,169676.7,60452.062,128271.66,-39199.086,59306.426,14723.855,-40300.375,-1674.1233,17611.635,-4132.9717,17374.592
4988.865,106420.44,16787.88,32779.66,41427.17,187500.0,184290.52,73632.71,142649.75,-30367.463,71627.71,26740.197,-29140.037,4409.865,22139.494,780.58997,27474.363
4988.887,92635.2,2726.8906,18294.256,26859.846,187500.0,169857.8,58715.465,128067.41,-42911.934,56933.426,12545.051,-43622.83,20719.242,21606.65,16301.016,14534.736
4988.9097,79267.805,-11766.719,6837.7114,15909.368,177339.38,155254.02,45476.504,113672.234,-52048.9,44483.73,430.33813,-54962.72,15291.075,17208.385,11937.821,4146.0923
4988.932,89791.63,-1188.1517,18263.008,27488.22,187500.0,166188.1,57058.93,124786.53,-41815.69,56032.74,11553.26,-43419.562,-158.02684,17064.73,-2612.3826,14561.021
4988.9546,105976.57,16214.425,32693.695,41425.965,187500.0,183739.72,73336.28,142148.62,-30313.303,71422.99,26527.52,-29204.164,1719.721,21522.875,-1638.0923,27392.666
4988.9766,95980.31,6241.7026,21524.283,30044.703,187500.0,173427.38,62198.67,131635.81,-40204.062,60297.88,15807.914,-40413.88,19223.709,22197.229,14781.434,17432.393
4988.999,79874.55,-11014.403,7108.1455,16097.793,177733.44,155979.27,45958.273,114355.016,-51964.59,44861.363,810.94366,-54730.973,17518.314,17759.535,13956.519,4371.1743
4989.0215,86649.984,-4461.5205,15184.972,24438.482,185335.06,162844.16,53760.46,121441.55,-44431.113,52829.49,8456.536,-46503.387,1896.121,16653.682,-606.22406,11779.079
4989.044,104639.02,14693.546,31748.44,40572.285,187500.0,182231.67,72108.81,140695.36,-30958.33,70327.42,25453.184,-30117.324,-485.9493,20770.428,-3581.286,26557.54
4989.066,99266.42,9657.586,24789.293,33282.105,187500.0,176908.39,65660.22,135129.22,-37435.44,63665.77,19074.11,-37166.617,16993.137,22634.695,12576.79,20356.896
4989.0884,81255.21,-9459.952,8124.479,17018.64,178893.4,157524.64,47243.7,115859.17,-51229.125,46025.844,1955.107,-53745.64,19379.434,18439.363,15597.92,5292.4688
4989.111,83930.805,-7265.01,12426.855,21684.055,182676.58,159967.97,50859.07,118551.18,-46814.86,49990.168,5718.0903,-49273.797,4353.7397,16414.875,1747.303,9279.864
4989.1333,102519.766,12364.382,30000.156,38921.676,187500.0,179895.8,70045.54,138410.56,-32279.92,68416.99,23589.004,-31825.822,-1967.1547,19952.354,-4828.0664,25014.664
4989.156,102101.27,12571.538,27696.918,36192.82,187500.0,179886.6,68693.52,138132.64,-34938.703,66638.24,21951.158,-34265.715,14217.923,22849.586,9905.869,22956.002
4989.1777,83271.766,-7254.102,9781.638,18585.12,180680.95,159739.27,49208.17,118035.8,-49924.86,47856.85,3739.2683,-52105.965,20715.352,19191.635,16736.115,6807.179
4989.2,81748.56,-9486.394,10122.972,19363.072,180422.81,157678.0,48486.03,116234.836,-48849.715,47642.297,3453.4116,-51594.58,7036.4634,16353.52,4291.4453,7183.359
4989.2227,99810.47,9429.397,27630.98,36643.88,187500.0,176942.16,67343.08,135498.64,-34135.25,65875.22,21110.777,-34149.13,-2682.2988,19131.307,-5346.4707,22922.742
4989.245,104376.46,14874.707,30140.123,38657.926,187500.0,182254.2,71179.94,140534.12,-32814.082,69095.01,24322.14,-31822.492,11075.982,22851.82,6936.998,25131.7
4989.267,85893.086,-4427.814,12070.456,20780.709,183042.61,162590.19,51823.84,120856.43,-48074.336,50329.67,6143.109,-49833.37,21492.521,20004.812,17321.62,8888.999
4989.2896,80168.625,-11051.754,8352.221,17552.377,178691.34,156049.2,46720.38,114574.93,-50472.99,45862.766,1743.3467,-53395.39,9845.475,16463.58,6912.5454,5550.0054
4989.312,96628.65,6024.5327,24749.46,33845.793,187500.0,173500.23,64121.812,132091.5,-36456.457,62815.242,18135.85,-36995.54,-2583.5488,18346.96,-5118.3936,20352.896
4989.3345,105801.76,16264.112,31830.38,40398.32,187500.0,183698.48,72815.086,142024.2,-31295.951,70748.77,25910.41,-30124.23,7796.512,22612.926,3890.746,26624.504
4989.357,88957.04,-1165.9341,14857.071,23489.203,185805.16,165892.92,54934.49,124136.14,-45771.836,53301.74,9027.223,-47056.01,21518.092,20804.514,17209.322,11419.015
4989.379,79309.83,-11855.187,7231.0576,16376.766,177624.11,155195.69,45683.48,113680.016,-51554.457,44778.684,706.78455,-54542.707,12561.592,16737.076,9437.421,4511.722
4989.4014,93266.63,2451.6736,21607.59,30775.537,187500.0,169881.16,60670.33,128491.984,-39021.344,59513.938,14930.988,-40099.902,-1762.0327,17650.615,-4222.1104,17550.121
4989.424,106364.51,16733.79,32711.062,41349.188,187500.0,184216.89,73564.6,142589.7,-30431.098,71556.03,26677.59,-29219.408,4636.7134,22168.953,986.89655,27402.502
4989.4463,92337.2,2404.3997,18018.727,26585.232,187500.0,169517.2,58408.035,127744.01,-43134.53,56642.113,12267.375,-43902.652,20806.86,21549.34,16392.703,14275.702
4989.4683,79164.37,-11898.103,6769.494,15844.905,177254.12,155113.42,45380.168,113552.79,-52089.266,44400.355,352.1294,-55034.957,15150.64,17163.1,11810.171,4071.37
4989.4907,89891.21,-1103.7292,18376.332,27597.834,187500.0,166267.1,57166.844,124884.99,-41710.3,56141.57,11661.0625,-43312.99,-258.45322,17077.225,-2711.2444,14650.899
4989.513,105977.31,16200.723,32688.51,41413.96,187500.0,183716.66,73330.23,142141.52,-30306.867,71419.82,26528.639,-29211.652,1837.4476,21547.887,-1536.8837,27382.207
4989.5356,95780.42,6010.1606,21333.602,29853.863,187500.0,173184.25,61986.844,131410.0,-40343.18,60102.594,15622.909,-40598.39,19321.475,22166.674,14870.058,17258.094
4989.558,79789.72,-11134.455,7045.203,16038.404,177654.42,155853.23,45873.785,114247.59,-51991.457,44791.133,747.17413,-54786.61,17427.654,17727.236,13870.621,4307.6504
4989.58,86763.93,-4369.5874,15303.168,24555.27,185445.47,162934.75,53878.86,121546.805,-44311.844,52952.78,8578.935,-46377.055,1790.0171,16669.908,-705.8011,11876.778
4989.6025,104675.52,14711.383,31770.836,40588.535,187500.0,182243.77,72136.33,140718.86,-30933.72,70356.33,25482.957,-30091.463,-368.08853,20809.096,-3471.9636,26563.238
4989.625,99032.445,9384.47,24561.662,33054.7,187500.0,176626.14,65412.47,134861.69,-37611.73,63432.953,18849.764,-37384.66,17141.598,22610.043,12723.328,20142.365
4989.6475,81112.27,-9648.668,8009.4346,16908.559,178759.67,157331.9,47103.13,115684.516,-51303.156,45899.2,1832.8208,-53850.473,19280.705,18392.76,15513.363,5178.0503
4989.6694,84047.19,-7180.7437,12553.455,21807.682,182785.95,160053.89,50982.99,118653.17,-46686.36,50118.38,5842.031,-49137.63,4192.807,16421.58,1597.6804,9384.336
4989.692,102655.24,12479.404,30117.502,39028.07,187500.0,180011.22,70177.08,138536.19,-32175.27,68542.516,23710.285,-31702.686,-1918.495,20001.482,-4783.117,25102.64
4989.7144,101952.3,12390.467,27541.664,36031.33,187500.0,179700.8,68532.52,137957.72,-35063.45,66480.77,21797.646,-34412.723,14386.544,22849.094,10076.413,22800.145
4989.737,83115.39,-7450.776,9644.086,18450.271,180524.56,159539.48,49050.77,117851.91,-50026.535,47710.83,3597.9604,-52233.258,20669.955,19149.59,16705.828,6667.2124
4989.7593,81817.25,-9446.317,10201.516,19443.225,180487.45,157720.47,48563.906,116292.84,-48766.746,47722.72,3534.2131,-51505.438,6883.153,16348.312,4142.1357,7239.5737
4989.7812,99943.234,9546.408,27747.412,36755.234,187500.0,177058.64,67476.54,135626.48,-34036.41,65999.74,21236.416,-34029.75,-2658.0474,19174.758,-5338.625,23004.484
4989.8037,104219.91,14687.533,29973.268,38489.684,187500.0,182061.84,71009.53,140352.06,-32947.477,68929.12,24165.232,-31983.066,11272.455,22855.107,7120.3496,24967.592
4989.826,85691.695,-4672.8335,11887.753,20604.42,182843.28,162343.47,51618.336,120622.23,-48210.234,50136.91,5959.6235,-50007.18,21455.889,19953.45,17299.826,8716.711
4989.8486,80242.52,-11011.274,8434.9,17637.227,178758.27,156095.48,46799.234,114632.94,-50380.656,45946.16,1826.8751,-53303.258,9650.881,16451.129,6733.3516,5623.431
4989.8706,96845.22,6224.4023,24941.262,34029.324,187500.0,173707.55,64335.227,132305.95,-36285.734,63021.547,18340.95,-36797.324,-2621.8374,18397.432,-5164.3037,20519.215
4989.893,105730.88,16167.263,31732.705,40291.84,187500.0,183604.48,72722.62,141935.39,-31373.602,70656.89,25827.934,-30217.771,8020.6777,22638.877,4093.1409,26531.924
4989.9155,88731.02,-1432.1881,14644.886,23276.84,185589.77,165629.14,54696.844,123882.336,-45942.47,53077.37,8814.903,-47266.832,21553.475,20755.854,17249.602,11223.013
4989.938,79337.91,-11859.992,7276.8115,16422.229,177650.75,155200.53,45715.42,113697.086,-51499.83,44822.246,752.4044,-54494.246,12383.023,16715.395,9275.729,4553.8555
4989.9604,93518.85,2687.7527,21841.611,31000.396,187500.0,170127.58,60919.395,128748.18,-38824.11,59757.414,15173.326,-39868.99,-1857.1172,17697.062,-4311.361,17756.428
4989.9824,106385.45,16734.236,32698.926,41326.03,187500.0,184219.6,73561.695,142601.25,-30446.744,71549.08,26679.422,-29234.004,4846.395,22211.623,1184.1508,27391.014
4990.005,92121.78,2151.3555,17807.1,26371.281,187500.0,169264.05,58174.996,127506.31,-43308.406,56417.793,12057.917,-44114.656,20877.559,21503.139,16471.828,14087.701
4990.0273,79211.66,-11878.522,6828.7485,15902.618,177292.89,155140.3,45428.426,113596.64,-52024.6,44456.37,414.64722,-54971.97,14951.731,17135.986,11627.132,4133.4634
4990.05,90215.555,-781.8864,18673.654,27884.07,187500.0,166597.94,57490.164,125228.33,-41455.582,56458.52,11979.262,-43010.684,-395.8494,17130.443,-2843.9915,14927.636
4990.072,106074.72,16297.439,32739.36,41449.793,187500.0,183814.27,73405.33,142247.98,-30275.35,71487.39,26606.959,-29158.656,2070.6433,21612.596,-1324.4974,27433.057
4990.094,95521.73,5726.942,21069.627,29587.967,187500.0,172899.31,61707.63,131137.38,-40566.094,59831.734,15371.05,-40858.523,19480.82,22125.635,15033.852,17027.582
4990.1167,79741.555,-11205.668,7011.9434,16007.626,177600.8,155786.14,45825.684,114196.72,-52006.387,44752.4,717.84863,-54815.062,17250.473,17677.459,13717.869,4288.674
4990.139,87048.23,-4083.8872,15567.41,24813.41,185687.22,163225.38,54166.234,121852.51,-44080.48,53231.62,8857.617,-46109.215,1594.1711,16696.775,-892.1252,12129.487
4990.1616,104866.52,14914.694,31907.986,40715.56,187500.0,182443.05,72310.336,140928.83,-30821.314,70516.56,25648.158,-29948.725,-224.16565,20876.396,-3347.375,26703.809
4990.1836,98834.09,9177.851,24337.652,32830.375,187500.0,176410.67,65190.227,134657.8,-37795.418,63214.29,18645.268,-37599.39,17337.51,22586.953,12917.588,19960.355
4990.206,81018.42,-9754.659,7920.9443,16825.297,178656.47,157222.06,47004.938,115590.195,-51363.305,45810.215,1751.4603,-53928.277,19152.697,18341.955,15410.813,5112.917
4990.2285,84264.27,-6956.0864,12756.342,22009.83,182981.72,160278.42,51205.08,118891.42,-46509.176,50334.812,6056.943,-48926.184,4004.1138,16439.35,1419.0676,9582.439
4990.251,102834.27,12675.697,30252.91,39157.598,187500.0,180200.53,70344.66,138735.78,-32072.83,68697.055,23869.004,-31563.613,-1799.1589,20066.816,-4687.273,25240.082
4990.273,101728.555,12158.791,27296.33,35790.355,187500.0,179455.64,68283.55,137725.45,-35269.582,66238.414,21571.781,-34647.016,14626.065,22834.275,10300.087,22601.393
4990.2954,82941.45,-7643.2017,9484.919,18303.71,180355.31,159337.5,48871.195,117667.57,-50148.31,47545.09,3442.1462,-52379.125,20560.947,19086.76,16610.05,6540.277
4990.318,82012.31,-9250.113,10393.584,19639.943,180676.72,157912.58,48765.496,116501.945,-48596.426,47922.297,3730.3052,-51303.668,6632.5674,16351.508,3908.806,7428.6475
4990.3403,100218.32,9841.317,27978.707,36982.33,187500.0,177345.64,67741.99,135923.06,-33854.22,66250.77,21484.945,-33793.96,-2610.438,19250.732,-5302.5493,23224.268
4990.363,104052.42,14518.821,29775.633,38294.44,187500.0,181878.12,70815.18,140178.88,-33120.39,68737.445,23985.121,-32170.732,11576.863,22865.545,7407.57,24804.492
4990.385,85444.76,-4939.9595,11657.687,20388.436,182615.3,162064.66,51364.4,120360.445,-48396.42,49895.332,5730.25,-50226.25,21436.777,19883.398,17292.83,8512.572
4990.407,80334.73,-10926.293,8538.522,17751.959,178861.34,156175.77,46902.633,114731.59,-50277.254,46051.906,1933.1802,-53185.867,9437.757,16434.209,6535.6724,5722.5386
4990.4297,97092.38,6483.6826,25160.936,34251.387,187500.0,173957.33,64581.656,132570.19,-36104.484,63256.195,18572.715,-36569.938,-2642.5798,18453.29,-5194.501,20719.71
4990.452,105641.45,16076.716,31613.502,40176.84,187500.0,183494.52,72611.19,141839.22,-31474.877,70544.37,25724.578,-30324.592,8273.588,22659.06,4323.945,26434.627
4990.474,88500.734,-1682.8181,14422.865,23067.738,185377.39,165359.28,54454.75,123631.59,-46115.72,52844.49,8593.865,-47474.145,21556.38,20693.47,17264.242,11025.87
4990.4966,79413.984,-11791.663,7361.2793,16516.285,177739.27,155256.03,45797.633,113772.93,-51412.812,44900.05,830.7473,-54399.812,12165.026,16691.635,9073.9375,4628.175
4990.519,93796.87,2982.9746,22091.191,31249.416,187500.0,170408.95,61198.945,129044.58,-38614.72,60018.484,15428.94,-39613.664,-1919.4338,17752.965,-4386.0605,17978.203
4990.5415,106340.33,16699.123,32618.771,41245.61,187500.0,184162.44,73496.41,142556.0,-30521.8,71473.46,26610.133,-29308.436,5119.757,22249.598,1427.606,27318.996
4990.564,91799.89,1812.7489,17497.482,26073.936,187500.0,168902.81,57838.56,127160.82,-43565.945,56087.055,11740.165,-44417.633,20979.662,21439.057,16573.797,13802.516
4990.586,79147.71,-11956.999,6790.3706,15879.372,177253.28,155045.55,45371.76,113521.31,-52040.99,44400.758,361.56183,-55001.652,14770.392,17090.1,11459.494,4092.135
4990.6084,90436.01,-555.2174,18885.281,28101.977,187500.0,166808.6,57717.434,125457.34,-41275.45,56666.992,12180.718,-42798.7,-537.1571,17162.385,-2986.2825,15108.774
4990.631,106123.695,16353.273,32754.76,41468.883,187500.0,183846.03,73439.44,142295.22,-30269.271,71502.92,26621.912,-29143.97,2256.677,21664.854,-1162.3579,27442.78
