Tm,Oz,Po7,Po4,Po3,P4,P3,Po8,Pz,Fz,F2,F3,F4,AF3,Cz,AF4,F1
491659,129379.7448387338,-11516.69704906238,51114.53580502575,39147.35698495038,106180.68185922015,177092.83804091386,73681.33295802417,121134.78858990414,-21761.079222895693,63405.25728649605,36063.620629772704,-31786.018776889705,10647.537845828598,30970.026521846838,3007.517237119318,33459.023142956896
491660,123081.30578284523,-17649.13880571731,43696.97631793718,31467.781792353016,99492.0109055191,170525.05056947694,66383.01680653405,114458.29259246332,-28683.42322921112,56185.42480626802,29001.916746989526,-39309.12364968368,18555.69844734043,30025.113260904604,10767.626085614533,27426.359319256244
491661,108932.11010847476,-32961.45016208447,28826.679392753776,18051.58237950202,83519.88019237344,154509.45716588898,50971.18372459932,98636.54172487181,-39682.33031947451,42265.07989938553,14421.352137097056,-53176.19517384195,18473.311310782123,26976.41127230975,10774.784700693428,14712.84525594123
491662,112262.2423843852,-29982.950217187674,33028.28948244016,22736.60945988643,86857.43979042917,157726.4865391594,54982.79261580319,101971.69798176234,-35107.805373054674,46471.9235481074,18378.766068126224,-48651.31774296607,11626.546729486712,27345.582351359164,4060.351197669679,18256.19829466762
491663,126696.93296753983,-14396.97670968142,48333.485098787176,36708.51985975997,103102.2472481071,173959.64453885867,70783.62925509212,118021.49556882241,-23702.72668060679,60807.63095900376,33343.68495195052,-34320.4121447288,10237.618855451748,30367.37437210157,2615.612021157096,31154.413276079624
491664,124790.87803431667,-15774.176509798433,45562.2568245887,33256.065471196154,101371.49559286551,172343.80163509818,68286.98489895997,116256.50797571753,-27206.76271361982,57925.24454025847,30821.215983686285,-37519.29125845161,17967.976424274293,30363.99714991862,10178.881740804516,28999.93903049316
491665,111021.54992551131,-30561.86375315297,30960.823598090006,19911.607042749456,85905.15179699825,156856.75600154395,53220.14239312531,100945.48856835926,-38235.047720375835,44213.381232757034,16543.591837113865,-51230.487581871974,19175.510154847732,27450.232299087784,11431.485094264921,16585.796460840553
491666,111467.87993837414,-30717.359761014268,32149.898448289852,21894.317480060392,85982.82747441145,156803.84210394457,54098.66117215172,101065.41376401251,-35884.45393649479,45600.5639588744,17536.659554022783,-49514.43277286683,12152.871036750232,27219.521175538637,4582.860989596644,17503.953152118524
491667,124800.32811046208,-16463.07953803114,46431.06376197774,35112.101764759456,100898.00956383083,171690.79616365817,68772.22375921052,115822.25497860303,-24901.167254536464,59045.98767672656,31471.828953383734,-35995.72072747287,9338.034351861414,29914.325181666212,1783.5052465313202,29570.096735008363
491668,125677.47397143122,-14820.05457904311,46590.216284492926,34317.69402369525,102306.66168670774,173214.23318377993,69303.98268326977,117160.82858955782,-26286.78178582945,58891.112182393364,31808.747487768116,-36483.12073804226,17045.745822415756,30515.92021472371,9281.359003394842,29842.473360105083
491669,112053.9082321703,-29279.06527221617,31930.810108315352,20681.006620103744,87114.8142592076,158014.85632595248,54281.13345948407,102116.98043085521,-37711.314757772954,45067.476796414325,17535.26365409483,-50394.500841159024,20309.818998962066,27722.036646521738,12540.11529621159,17498.98443477177
491670,110640.47311643083,-31438.698699472225,31162.042375703488,20958.90069178298,85109.11586246651,155778.9804220978,53131.123599627426,100168.64470666861,-36856.86483547556,44610.402736085154,16603.533374153427,-50525.56498363635,13359.553188019921,27103.875916124714,5750.796728214655,16685.3897196692
491671,123721.36525592563,-17655.084369379947,45381.669172880414,34425.631879697394,99632.57089880425,170144.3447021932,67643.95952083835,114552.65886115169,-25460.088634821288,58088.559274270716,30438.118712500873,-36873.51085980282,8459.965867160568,29638.5945780142,931.5292086122116,28730.9298247983
491672,127311.60388177757,-13142.86954929067,48483.90552148361,36425.94711612758,104076.00877887753,174609.7640280903,71180.60373498283,118887.26821988466,-24560.522168935127,60710.30291082462,33632.25483981768,-34565.94242649313,15256.945477576252,30782.603853198667,7541.0172765385205,31413.115511743363
491673,113117.9081790358,-28012.061115443044,32971.82417646509,21705.4923607416,88387.77755642569,158915.31536032865,55399.20671069391,103339.38667957066,-37063.904938785345,46004.49363752022,18592.41560941878,-49463.47781258022,21028.84424984957,27995.62884834071,13244.140007911026,18448.626431093235
491674,108826.34784829374,-33179.802867274586,29066.512640998397,18956.722721030255,83212.564218383,153544.68450171905,51054.32990860019,98247.38197858896,-38796.670034232644,42565.9936560117,14605.854721893898,-52631.986450930846,15207.008721892544,26829.232923316424,7575.038520922213,14921.999161996217
491675,121859.34813701251,-19639.13285095596,43430.10635640924,32755.176112532692,97558.9674667166,167746.66682955954,65621.64213203144,112478.31984807525,-26846.746705903104,56265.70225615491,28542.558366249395,-38667.04513743704,8521.802225891628,29239.24209266776,961.1533878926368,27109.855706902297
491676,129347.72203588442,-11077.085857033282,50843.28818267853,38876.441530347,106293.43251895304,176513.66309525204,73523.10261284505,121068.6954915272,-22403.82974584327,62989.28246206527,35906.66023505829,-32184.805575112823,13143.466464310828,31109.660750694224,5456.533829437935,33368.334310313345
491677,115649.48406391725,-25260.06982725059,35668.47423923357,24210.380365270164,91256.74154995105,161541.28441078292,58179.69726788638,106160.62668551612,-34982.94726282224,48536.58844952307,21243.8410781828,-46907.68430216839,20779.57072925793,28517.24197830574,12967.169888858716,20770.28083181455
491678,107212.40809122291,-34729.22973666362,27194.718259440007,17055.309800843424,81525.31810041248,151669.90928247507,49204.693804838644,96550.28833440706,-40532.55624674008,40736.38347506306,12824.669019838684,-54519.034736457084,16979.768511351278,26557.45390705463,9313.014018424074,13374.992259324372
491679,118494.19334007271,-23180.09634380668,39809.85332781226,29382.222327795447,93834.60810457115,163838.79608932033,61913.762110718024,108776.36443468127,-29658.09909471879,52845.95844774073,25026.598612259237,-42097.344810709765,9400.067825159094,28573.57144232364,1876.0742343338773,24072.72945211224
491680,130152.87680628822,-10317.763386254312,51859.242125038814,39994.87288919399,107136.1511963839,177157.1378822868,74496.23044964767,121898.5782428173,-21335.368441997656,63995.06867988767,36867.843202297874,-31095.471566485736,11474.18295018077,31188.576234688106,3817.4101968513996,34201.87300043026
491681,119380.17397394407,-21279.8633774573,39697.40484663263,27975.600701923446,95428.24283071207,165549.26420697497,62303.67288828174,110281.67935119424,-31806.774770110078,52336.96292249735,25171.593657888625,-43059.665116764525,19761.331775650768,29280.426910237904,11961.110726055278,24174.67868727933
491682,107298.13924608138,-34505.83414059081,27170.731209464193,16887.904716800775,81705.70910259348,151734.48038594934,49236.80590658174,96719.29795458066,-40765.82582529864,40673.64191773519,12839.170825343579,-54618.759827688235,18095.934495851652,26626.948085405515,10402.035974259587,13387.237847377224
491683,114929.84929261102,-26913.79018228752,35943.82203342272,25748.17276619454,89890.3046129747,159791.29863396156,57963.95924649248,104877.98339188941,-32716.33452575177,49184.77020643662,21271.469448020656,-45782.03198540658,10601.176004640762,27871.767981258366,3062.845499567417,20828.952806213983
491684,129075.73927366296,-11532.048355257743,50810.78836144325,39156.499364306364,105887.80815493314,175798.85100651864,73368.3272577665,120690.77132839557,-21915.51082870629,63043.55059630855,35827.361251747745,-31981.804765833356,10581.305772298841,30899.267095672174,2943.717773704018,33331.71371276032
491685,122751.0404902644,-17672.875116588304,43343.06803319669,31398.050614858505,99199.30952569269,169240.90960333473,66031.78198811,114041.66520874956,-28934.554052559477,55768.552811314745,28720.306778554514,-39576.092858949334,18705.73790084406,29954.270673553718,10925.276430480302,27249.84701231196
491686,108905.67878487677,-32650.574786903755,28788.76522978059,18260.067591195675,83588.13782763999,153611.08142617554,50951.22727939182,98609.10020605513,-39719.14452777938,42149.393863664634,14446.683672982914,-53159.33393323784,18703.762473122315,26978.740024552593,10982.883521395568,14806.215244990477
491687,112531.45404059444,-29375.29066932139,33327.12790143042,23277.881640063864,87258.52401627816,157196.1094612349,55299.012743472806,102301.5445656815,-34845.41680694916,46684.154375039085,18727.274363382032,-48299.69818696143,11551.097359335083,27406.26925443722,3985.0574798539938,18621.675792544356
491688,126959.32299834951,-13822.072028013832,48640.2712591748,37279.06410658639,103490.56744550465,173456.55455411255,71098.51797731653,118359.27910589444,-23387.15133500613,61029.444242717014,33692.770417845844,-33939.63437072731,9908.241717433642,30402.686971160918,2313.2755178760685,31518.24029648404
491689,124861.45829376289,-15395.037917120859,45642.94882965289,33602.08995124798,101555.98202771146,171683.7622299216,68374.78510605826,116406.89388907689,-27097.00998736534,57932.4296258329,30947.92111153147,-37368.15669533588,17897.701546745026,30355.257661358697,10127.78976869598,29173.429073822415
491690,110736.39251445692,-30527.873190293372,30629.157606272787,19840.570968807817,85723.3890430185,155884.20102729645,52900.50640198709,100748.34685455341,-38510.67578481821,43829.07066695646,16271.372187904579,-51497.20034549899,19442.260595726188,27387.072147858456,11707.208115427205,16424.0828143159
491691,111282.62591465001,-30571.695318839862,31925.888334616142,21931.412832374466,85924.84218286478,156002.13761928672,53890.898207652775,101006.00941475846,-36084.2385918105,45310.48838604594,17362.51870078316,-49686.25900881659,12376.13093077742,27180.81047914186,4806.1484973849765,17408.949573828613
491692,125119.51248560776,-15812.702642362898,46771.11137748583,35711.03077917948,101387.49282539626,171479.21067517024,69129.73572348972,116318.88504535817,-24603.25588765902,59285.37346037883,31834.172185603467,-35614.14718809656,9196.300634653844,29948.950471523673,1636.3919673389191,29942.2627664761
491693,126276.24009956322,-13878.309672437368,47238.632705292104,35215.424071652786,103111.66527707872,173363.6393069551,69974.3980495132,117977.832247499,-25745.333984371005,59416.92690429585,32461.060863694784,-35808.95446514465,16722.382730476944,30600.32876980203,8962.971600904571,30452.572464524776
491694,112131.73573146445,-28856.141804792846,31994.716590674754,20993.07725530453,87367.9141991265,157689.62169926218,54365.99970235773,102397.53584375003,-37682.01179263038,45036.00171399969,17620.345459999542,-50299.446473557124,20301.502258452212,27714.452477482293,12541.410454623496,17617.572343066175
491695,110195.80498913903,-31546.492698416896,30647.509502179404,20667.319431652886,84793.84795817868,155009.79094875598,52629.45054377028,99902.3784898616,-37321.27677976171,44027.325924144905,16116.606263905484,-51003.45234975242,13611.890783051465,27000.982050208724,6032.555778106243,16297.776302193317
491696,123543.7830184753,-17490.060509754316,45161.783315161985,34400.19686299056,99601.7117898103,169757.81959166273,67438.6557904687,114584.83521301662,-25663.175597434354,57779.83042114079,30230.55028688511,-37064.3859503695,8598.507932310176,29585.63673564973,1054.9191065422328,28581.47575311987
491697,127869.64970379653,-12206.214227356502,49070.86583249431,37176.546548581624,104854.42047796246,175098.12354702357,71795.23628840526,119731.85926918848,-24108.108109185283,61160.84663525525,34195.83474865183,-33982.30300613394,15012.951995931891,30852.8541987652,7310.812777000363,31932.340632978296
491698,113735.65872530412,-26992.368449201716,33617.29925710483,22513.373611600175,89243.17990895078,159543.95336757315,56076.25839441467,104272.92066892855,-36573.04577503384,46510.54748443665,19211.166049559983,-48827.52406895989,20853.97855808804,28068.487598372434,13062.18855720715,19030.253250528534
491699,108775.22569931833,-32847.702514788536,28976.07404531641,19079.452015396877,83333.5142656122,153496.5655880119,50982.54682995932,98471.10819617104,-38906.56495021397,42370.04524023822,14505.96317966098,-52709.78721719602,15325.151653500103,26771.557559100776,7690.573208952189,14892.615207518827
491700,121416.57670548018,-19717.306103730978,42911.1183045533,32489.049719882685,97246.08390907876,167305.43251441722,65112.223769788434,112285.28490029457,-27304.617631485773,55654.66650149008,28018.70524061036,-39159.11209322686,8676.576849011471,29118.555816888216,1138.9945713711336,26717.033741063617
491701,129447.50141988038,-10580.807626742928,50912.120752946954,39179.12169671562,106582.1618711875,176698.39279992244,73613.38197552822,121479.18390607643,-22408.173787551423,62922.0384305932,35941.782740855124,-32122.769781645908,13091.949361176883,31094.155418255305,5403.1867969076,33453.32861417111
491702,116330.57526245023,-24126.21202760372,36365.248993168374,25110.382945182242,92210.51390002179,162416.1850242025,58915.10016394885,107237.57025470329,-34504.08527094063,49068.28001262595,21886.875475293855,-46251.7210660682,20580.77656963849,28628.546258704628,12802.618550471196,21369.074185217964
491703,107660.61610667668,-33827.20091602,27638.7059979747,17736.828445509724,82232.25227655153,152322.33072733015,49681.74705010513,97394.9967596615,-40252.13601021763,41033.59879663355,13220.824248886545,-54107.121295489225,16898.699326901162,26613.32666570528,9234.121271225162,13754.019231457547
491704,118329.0467917509,-22926.658674266626,39590.183674543005,29461.98880241001,93860.96265820297,163829.8772402578,61712.5303993991,108958.94054572904,-29905.970895774655,52502.53409458439,24766.167178601034,-42326.23898897971,9423.499842016356,28503.547309606543,1901.1493516056978,23892.277337168078
491705,129962.30987669685,-10089.356555084158,51606.912172154356,40052.87377501927,107136.04983484975,177133.475726615,74263.65051096882,122062.21544925502,-21616.522125893014,63612.601393849676,36568.71811968705,-31361.55726683082,11528.270965815309,31117.13426952981,3893.6522824939266,33981.06103351794
491706,119692.29460171892,-20497.36785269574,39983.79710283832,28533.93528098295,96008.79163667018,166114.96304791133,62624.520933383916,111022.0013105775,-31675.10429026222,52463.232257443284,25397.010545454068,-42821.4947130283,19817.550587792794,29305.876074997992,12020.74943506495,24399.48626586733
491707,107791.65247633212,-33519.63985411418,27656.94618182372,17647.162738116866,82501.32802649074,152521.72456118563,49760.08429340735,97676.19521223789,-40472.40272311195,40991.14363018352,13257.978725610552,-54191.08835035247,18088.86229021479,26683.186555677195,10386.530591683437,13776.685937956465
491708,115126.82119014605,-26252.398463118403,36122.706730647435,26248.28600189231,90352.31382169166,160238.18878978168,58167.4229552733,105503.64483161934,-32654.639780974747,49207.953751927,21380.141237023618,-45645.67902709422,10498.141330294167,27873.370140759005,2962.260418596422,20934.12841009233
491709,128980.16318473531,-11193.69980126618,50680.076161801466,39383.35488655805,106021.10669851863,175903.36329682742,73252.80561662762,120988.39849388154,-22099.686450341516,62770.00995656075,35623.11380847632,-32144.31806898969,10443.631625533973,30841.05744054577,2846.2068948253136,33154.312081259166
491710,122762.56138252621,-17210.515424903533,43317.56244800276,31714.01226842232,99464.97465492247,169457.8632130705,66025.80677692598,114468.30406942463,-29051.855486041517,55588.94508927429,28615.651985239943,-39654.27932254,18770.18580951698,29920.90443744505,10997.392300483343,27154.214764473127
491711,109059.93167273709,-32025.248609573853,28907.666038787378,18708.724100476422,84030.12388191363,153964.55864297168,51098.14621349516,99213.87230223705,-39720.584243762525,42115.21246231021,14492.459631043355,-53100.47833696474,18862.79798555514,26986.255475974052,11153.123705899477,14837.82625445054
491712,112735.4444542549,-28712.78939573886,33514.39311321396,23818.965822722592,87758.02423182136,157542.4194992498,55512.07584458271,102970.53275448747,-34779.789634187044,46716.817266238555,18833.131197916467,-48171.7588637212,11513.30231127158,27415.082012838106,3962.9490512761404,18689.699813196054
491713,127161.02583349837,-13191.777866083705,48844.347520881856,37867.00212615567,103977.19209241119,173720.4877421616,71317.99726252463,119020.01130753304,-23282.976083804613,61075.27695182468,33802.02945116269,-33792.51817979734,9720.067654576902,30405.232371859598,2144.3045316322327,31586.19521350623
491714,124994.76930306236,-14838.156384287922,45774.18275141159,34117.288149334134,101981.60541423879,171823.5999461488,68519.90264661843,117004.62056592581,-27058.419692261043,57906.67433157553,30988.765156381673,-37295.35357001084,17772.01541818444,30359.37860419343,10002.518560391945,29165.811115611643
491715,110670.55947096426,-30173.476737872552,30527.34815298478,20120.422429513863,85948.3163907468,155760.63071775303,52816.54688050731,101149.2938943434,-38670.63405841335,43588.08075014435,16094.159146952832,-51657.41246580279,19638.98857272815,27355.914720506375,11897.072414224614,16232.376421660101
491716,111168.07655533917,-30284.455627716037,31775.68103141974,22173.514803099697,86100.39041755034,155758.73108454136,53755.43130242912,101364.08976431674,-36281.30009905541,45031.73877704603,17138.208368111977,-49891.07316451258,12559.964526767766,27140.57723990001,4999.610953707416,17176.091757460857
491717,125231.7046406048,-15318.882715544598,46890.67656377693,36225.47410105118,101810.67220114649,171414.21715520218,69261.04781485253,116926.29457462778,-24560.66902316315,59270.338189537586,31867.834813673315,-35547.01592070577,9060.26202762057,29956.31856015403,1506.7236477886206,29934.5739586112
491718,126648.35652332017,-13129.569147013657,47647.65634760631,36000.57057693171,103827.1779995182,173531.34289201646,70397.78644561744,118872.95923991624,-25464.934886321094,59681.07526662902,32774.875014089834,-35462.38616807583,16468.209468928013,30651.273759128282,8719.287811302802,30680.065627702912
491719,112246.4239938903,-28382.220411810904,32109.693364458133,21476.362078424558,87812.71959393343,157532.58715445333,54497.059129460904,103024.76419829842,-37634.48578507881,45033.627356752644,17661.90411006411,-50234.1712208089,20361.076442992897,27740.022092667237,12596.880910948541,17605.176135719124
491720,109889.45261322954,-31528.607327362526,30303.37468287353,20702.9514763836,84778.81087333133,154349.19294539985,52296.37277821,100080.55968018612,-37645.883051689,43595.121613260206,15720.510048195874,-51376.05339677805,13854.082339179839,26947.972428713227,6262.010347004209,15895.647976805067
491721,123335.1177167751,-17401.442352574508,44940.274046425184,34541.15467707679,99683.31062396095,169176.98896471725,67224.7412977567,114866.81005526737,-25878.513518010695,57463.544656412654,29945.9679924181,-37316.53728848499,8683.537161859624,29527.346801255437,1141.1135711112686,28294.800682776586
491722,128198.05937280234,-11574.905853429267,49443.97857529089,37851.04057391165,105526.31335420953,175104.92601793451,72181.85070106619,120601.32706714736,-23839.065046082174,61411.88163208127,34489.87404368133,-33659.87118730012,14831.137680311045,30916.33110242623,7117.941971042877,32138.744997499754
491723,114123.69478540236,-26308.32609613589,34042.108054884666,23194.837388601092,89985.35992193276,159617.19380232456,56521.58981624598,105212.42145814412,-36260.3723924847,46826.06000424184,19566.632206272305,-48452.84232164203,20720.89103221104,28169.14129550923,12947.210215579144,19273.73842280286
491724,108632.6999521712,-32737.051198431174,28821.674824284477,19191.82879339941,83487.38602213668,152979.38751627944,50840.16192725303,98832.37091596951,-39064.433959839436,42141.029740395024,14301.14762213948,-52890.91109237168,15411.554769801947,26754.65498221952,7780.510197881274,14638.280072341766
491725,120963.68464255997,-19956.50946501138,42434.38761959587,32289.747127647846,97047.31358110983,166439.67671366542,64636.56183857648,112305.63341933137,-27713.86179200105,55123.62549733337,27497.168686569286,-39644.6136963009,8778.392199662761,29041.776284595275,1263.1955935627948,26185.779227850115
491726,129397.07941643188,-10414.20222937092,50882.3312684827,39388.32684904029,106824.2306329739,176279.9022916312,73590.22380577636,121939.11713851907,-22457.715154671834,62815.554485022454,35851.72735070318,-32178.93893190516,13013.078695107264,31083.335255304366,5337.811485374676,33291.21957934141
491727,116736.72507937098,-23496.86490691724,36813.53528556494,25746.697673640432,92947.65971374752,162494.15710772437,59382.440920774745,108185.98588705181,-34160.18078417568,49416.21189362796,22271.642470148756,-45848.6457496722,20537.41784890148,28717.72110344922,12735.404111344811,21631.527070054566
491728,107827.2269318459,-33467.4472326623,27822.61107083158,18108.255740593664,82696.37166790749,152130.57130198507,49881.25540877726,98078.53649401016,-40112.37987555745,41141.85428816523,13355.475827323231,-53949.184948278395,16881.18099432454,26675.218991873557,9243.858083667159,13795.849911839327
491729,118055.2536431928,-23051.75116659266,39311.03980333782,29398.383797111455,93823.6255241298,163144.9799904648,61432.23793074257,109156.39573670171,-30122.760203827118,52176.71850453392,24449.32330695605,-42606.08127086535,9514.520772088643,28459.907365372077,1985.799669103859,23547.60717117133
491730,129714.27569960018,-10199.760427081128,51367.50590877391,40021.94036237468,107122.18875007733,176480.05498718665,74018.39194788055,122285.31992620576,-21806.034733824064,63317.542797590315,36287.1337917872,-31606.35143991274,11525.59620919077,31079.862549619633,3888.883652087207,33672.21140242126
491731,119803.70339317297,-20239.047097943054,40114.718193567984,28826.553533964823,96388.2340875247,165857.58215923037,62764.88984578263,111628.53966121264,-31589.69779845562,52520.78579410741,25483.814047154512,-42716.342380830174,19765.87144227973,29358.94822909804,11976.232418309668,24415.219087196827
491732,107970.99619942725,-33206.881011980426,27848.85087098632,17980.074154317772,82946.36216032783,152335.08700223546,49967.51712773333,98346.43590978615,-40340.28044482552,41116.33982172211,13411.811473041469,-54023.22584671429,18041.646949430487,26757.32600274814,10370.211207323036,13851.02445265695
491733,115126.41675148017,-26150.55579523775,36132.74999926971,26416.651672458967,90583.50993202993,159848.98647603695,58182.51195640991,105967.81362061086,-32639.338993879053,49175.550797295764,21362.298333111907,-45638.15358915579,10526.490034456645,27902.751252021102,2981.4410992241446,20873.59285319606
491734,128822.64416754445,-11267.748811583297,50539.55107140059,39411.75490284625,106075.06483390613,175351.22218506975,73107.69094178709,121277.06045684288,-22190.391236442953,62597.306274480405,35460.63705222615,-32272.4349432795,10422.813712218747,30829.557778230414,2817.684075134281,32974.59697869505
491735,122694.1519388732,-17201.43588455799,43256.71886543985,31796.670899669076,99608.41545311811,169007.15360361454,65966.11939792066,114833.40696987603,-29090.540888745792,55490.70904225514,28538.396545280768,-39709.3344986263,18846.475399336443,29940.425394223734,11059.509795707761,27052.22238701806
491736,109006.45010639522,-32016.716721567947,28847.804905515208,18765.31493577607,84179.1933837639,153532.02423103916,51044.26778819842,99570.8846035085,-39778.02897150712,42015.94898229018,14415.102708604141,-53162.14844020718,18900.98127737684,27029.981230486435,11217.652506881906,14732.109014797812
491737,112713.00287335897,-28692.582364568338,33501.37079357155,23914.902549996434,87924.13453051723,157148.47140781718,55496.41063158701,103336.09070944524,-34786.76327660106,46669.31213933424,18797.683262090624,-48182.18934671796,11538.315115212648,27455.908638554,3994.79322545455,18621.400349812648
491738,127148.8865078586,-13176.727432810963,48869.15918624041,37998.878919125156,104143.83808301174,173354.89180281176,71328.7978342049,119378.01433298258,-23233.295567077497,61069.48120733837,33801.073815699056,-33754.83921392969,9647.264497715762,30436.005398605867,2058.6119337518276,31566.974074304166
491739,124996.05894070433,-14821.858834145494,45803.46715146028,34232.51920459363,102149.41372900244,171481.78168601432,68537.20765328468,117351.95084258053,-27010.9457347257,57900.00445347027,30994.37253595352,-37257.36915755414,17723.823613579112,30403.03103643813,9942.21663250088,29150.451359178085
491740,110542.93048244649,-30308.220506403883,30386.832618030785,20045.53936515424,85954.34230424641,155277.85389284324,52670.57616137627,101324.05942402768,-38767.480600868555,43429.38950921934,15946.998730710056,-51780.656977398765,19741.632652924014,27396.791482886765,12020.27212718059,16085.068718026872
491741,110998.19343024828,-30476.97550091955,31591.71130406616,22050.641717516835,86045.2581195301,155234.40557990607,53561.17656766214,101469.89566497215,-36413.26189869205,44834.06675265873,16948.68886485637,-50057.863295877105,12697.029286974892,27155.62547123257,5119.154545025539,16996.22056052429
491742,125191.57562395398,-15381.796612577487,46876.65689231061,36269.97006120434,101894.28271296015,171045.83548944152,69227.65905562797,117163.37632348012,-24537.70226607778,59238.182059577084,31843.106993206526,-35543.054066490746,9000.86527846015,29989.806534752264,1458.5181991222616,29900.43867946009
491743,126781.93199061941,-13019.41655401432,47828.13079634342,36224.85834948275,104093.5815199448,173360.73799703765,70558.38824194977,119281.91178611272,-25282.30291463754,59837.33423401922,32944.32242821739,-35269.17169109445,16303.097315262088,30730.443199683414,8576.07943087682,30803.562676544032
491744,112232.24470234223,-28446.676908418936,32101.78413775604,21505.365261874984,87892.68604569507,157191.77312558139,54472.576013784594,103240.56558518267,-37614.52587353682,45011.31641397211,17653.985837776345,-50229.61149709244,20400.272917068858,27783.64631837552,12635.482391087857,17588.35423456374
491745,109619.01757834411,-31874.518254008723,30013.967396411346,20458.407270170614,84560.39225410909,153725.53018280375,51983.345474897375,99992.16647504024,-37851.50328412243,43305.78330704922,15442.09431107819,-51644.71754668391,14041.933757973136,26936.498843176443,6429.674140369498,15655.089053138543
491746,123080.80287855696,-17732.297686372818,44693.72424017106,34337.592467490875,99483.10025096472,168586.19729675527,66945.96115965927,114787.60398354144,-26036.818111795124,57220.28599526478,29710.53031883354,-37536.99700121197,8711.060891523019,29527.101808736155,1183.550444578583,28084.61307836327
491747,128287.4718101139,-11551.798453021898,49579.96306983412,38007.529158703015,105699.6516262922,174899.8845575796,72289.66882799135,120879.2080427829,-23684.872469170412,61531.04052602177,34626.824732346715,-33512.7599749247,14726.39228928012,30971.53208430426,7014.574860020925,32249.750889263338
491748,114279.81673093929,-26234.662785337714,34230.979924198575,23387.379454225927,90209.12966715128,159480.11889173294,56689.00138475701,105528.35259592012,-36067.905742750954,46993.25305515562,19759.551811858844,-48260.97050986995,20711.04535650448,28241.296450179878,12929.420505629954,19445.944734723293
491749,108464.36002415312,-33015.41713831792,28654.77353212773,19037.496942476933,83339.45855646042,152488.68206302414,50646.24501103179,98770.2332062569,-39159.800526187384,41977.466210440034,14151.357869686939,-53041.08874276829,15479.242716472205,26778.20400596304,7867.53852549033,14505.907717798491
491750,120638.34546212346,-20399.989206179813,42113.11463237199,31989.822473926833,96724.36336366046,165786.9094384676,64279.36191971705,112059.83087743286,-27924.554013374123,54813.54870734343,27196.294743391347,-39941.66450045296,8905.716105279429,29012.825491851083,1378.2501486933197,25922.296692484346
491751,129271.21359003444,-10648.870845263917,50788.0134777503,39298.97865709364,106721.0791501721,175855.18044902396,73461.15191063492,121897.4317264134,-22479.236316878145,62722.693322917534,35777.76820619207,-32251.01266850756,13019.804929580321,31107.650209319396,5349.146390855549,33223.109782080035
491752,116813.27261101581,-23533.157971665303,36926.04395778892,25841.828111759394,93053.89773358169,162289.73362838576,59470.67201142377,108339.1895097539,-34021.655523303416,49523.25372740763,22401.219295967985,-45720.10760607528,20481.90477800372,28779.273054504574,12695.65169456828,21735.883598354114
491753,107838.44518089389,-33587.81049212801,27855.412585514383,18126.39040620821,82712.24485220725,151847.46684992878,49888.55489330325,98130.74592819145,-40027.98264776304,41175.13386291773,13411.334568683928,-53891.10072051046,16923.99526453067,26715.826081830608,9260.289568562437,13848.878090699283
491754,117826.49775481675,-23424.084485509215,39096.22756173434,29186.26855437751,93574.24987951726,162604.78554921428,61182.29163412546,108933.55451961145,-30229.088857956704,51976.29650208898,24264.743244362533,-42777.22469712843,9552.959615368356,28458.133075403166,2029.2021177598438,23393.59456168913
491755,129489.06565417295,-10562.235231458624,51168.47114395582,39825.66582562542,106883.4841866119,175956.67630666407,73782.10289338099,122060.70434153502,-21899.893557740805,63135.05639929406,36120.880842724924,-31757.310236344085,11543.968897749144,31071.003037947976,3906.09224800595,33531.99720710345
491756,119822.76117668407,-20345.28582798731,40167.770950802354,28856.50104970925,96414.84256461402,165610.30821227253,62792.335362705984,111659.13735619982,-31492.572356622357,52575.84015797653,25566.605780173588,-42629.52189127687,19808.37133163537,29403.269330994037,12015.696363967101,24487.7826998886
491757,108032.99250085762,-33273.99837015116,27940.528520487114,18040.627635158977,83009.57489121135,152135.6441504488,50038.35283174927,98408.98476009538,-40212.93410480973,41206.9067366831,13531.086012727568,-53901.32945975574,18125.011631355734,26799.728257996085,10441.08981775495,13958.970501488773
491758,114997.59599210379,-26419.79231573913,36034.420303656654,26304.937660943717,90431.93526190278,159443.03949155024,58053.30360101676,105815.69388708018,-32656.952997916873,49077.869376746465,21285.147789098264,-45697.41996878763,10512.33432120262,27903.098257518403,2983.5607792934275,20811.583642559926
491759,128663.64532072462,-11565.09223048515,50422.34406957199,39285.115025094485,105890.76822309698,174917.15401419988,72953.11236633167,121091.093604841,-22212.062407109537,62481.58140458492,35362.76337340934,-32342.93489418782,10341.009050385412,30830.77919787036,2746.3506944794326,32898.48612986348
491760,122716.77451239416,-17294.489001856335,43324.27712357289,31826.170919885466,99632.2050097521,168788.10103982693,66008.67004563918,114854.89033884469,-28991.254093483178,55549.37826033193,28623.709980004576,-39611.37096662528,18805.376366479974,29974.49448306054,11031.021421246654,27127.362878039356
491761,109052.36747383169,-32076.084824010937,28920.45132383065,18790.143897326256,84230.02804656976,153348.91137737513,51103.20220839733,99626.21440996599,-39683.83222820814,42084.99474460243,14517.079906618705,-53060.80599809291,19079.196060831677,27058.017073241346,11365.18106128383,14832.845166853176
491762,112634.73172719784,-28878.12015176518,33450.853217973185,23837.53264085659,87843.05625404773,156834.4322241742,55428.37166674474,103270.2882478778,-34780.73556211295,46619.189082037905,18777.8811907794,-48192.929418481865,11584.84819941741,27461.239668611124,4041.4894360184608,18616.790495191053
491763,127099.98823046932,-13330.581942213073,48865.79152590456,37985.697916777724,104100.33969293119,173076.25202661747,71305.31668900332,119366.65039617763,-23166.611834053936,61066.299955906514,33826.714340560706,-33704.80947171195,9520.640322970374,30439.014339569843,1943.4719114737613,31603.012132103784
491764,125102.4371073564,-14792.684818657579,45962.808646463774,34367.47310405447,102295.9126453571,171397.75875175648,68690.92984095079,117556.92423307459,-26833.881934342364,58054.71699821329,31182.812021716643,-37051.26105562119,17606.44709773748,30446.479758330574,9854.770600732802,29329.805553747286
491765,110518.22834870571,-30390.777837277234,30392.1162737307,20021.44859398858,85981.01002217623,155082.88002506783,52681.8142529683,101449.47543692694,-38741.64051334377,43436.07877252948,15993.226242471696,-51728.38206362074,19822.496364714447,27410.59015414008,12095.315582507868,16146.057063191274
491766,110823.34077419685,-30705.009554421165,31439.187616705098,21892.200784092136,85921.81489407684,154888.56047108409,53414.35186070172,101483.71810407707,-36500.69563098728,44699.14300923407,16846.51711301927,-50144.813882435345,12806.32962020293,27154.192426354486,5239.016947714562,16922.574545275642
491767,125149.7564360556,-15476.035835903303,46878.725980798336,36286.81810674671,101921.2845144431,170842.32461669145,69233.88639557187,117355.05693181774,-24461.271089861835,59254.7552410102,31889.418877569107,-35462.1479570252,8989.338635577375,30000.89527020345,1446.1033810088215,29974.429605281726
491768,127008.01589039386,-12820.337915143917,48120.36125232445,36520.317571527376,104434.36376657579,173466.45204413962,70865.69020079455,119805.89626992928,-24980.64893157317,60128.925969674165,33273.40066026646,-34907.92735005381,16194.325774135852,30788.92506192223,8466.441733354459,31131.91676582442
491769,112336.76643788516,-28345.55226119123,32251.36804740375,21651.913701862555,88129.69930553084,157199.10108529378,54648.43894577775,103695.80464517488,-37458.974111836054,45167.0025643418,17849.377123735543,-50009.84427624167,20409.002803614523,27829.356836112413,12658.676951806003,17800.60590599486
491770,109430.38038163478,-32069.20108855622,29841.841878722982,20306.420713941785,84491.25876458039,153425.38073305943,51834.417995857824,100156.83983837094,-37964.775222709985,43156.124744069406,15321.614315438568,-51733.54913366366,14129.793999412195,26939.889782816823,6559.203781704886,15580.34348479251
491771,122902.04609660883,-17920.068510511723,44538.420310559464,34228.002121033285,99430.5219607998,168292.5794022829,66810.68589626567,114987.44956719546,-26104.397850923564,57095.80387116189,29606.947162861663,-37590.791657509544,8727.38711407254,29521.551682525296,1220.6355172901422,28027.74459155966
491772,128457.50776440515,-11357.431556221385,49807.97380276487,38275.70062417703,106056.87147359092,175007.76928789838,72551.65536388961,121540.30637695179,-23444.998155857465,61773.54543148036,34900.76308057681,-33191.142736573216,14570.635752238915,31028.4408974977,6859.5637049707675,32516.730767682762
491773,114530.43074785243,-25920.63675950319,34539.735490010804,23726.633464263014,90694.63933504632,159715.56637717842,57046.117608159104,106365.99563752825,-35783.411790545826,47316.755191078155,20121.79494816419,-47863.74350679288,20664.964271737612,28314.98418388885,12894.048901053287,19794.451966182343
491774,108387.36777956683,-33031.243878205874,28602.894897044094,19043.57953099486,83482.6240685083,152378.13642679545,50637.148632962155,99284.91140655495,-39166.30891468309,41959.827846018976,14164.676616882967,-52989.28184084046,15597.46468770984,26788.8018560919,7983.364168471775,14551.817248268999
491775,120356.18599254155,-20638.17350086705,41842.42686686319,31811.837018277027,96645.04691965561,165444.26813167555,64042.48104397689,112361.87409788778,-28077.772074009423,54593.392697479925,26995.65911231797,-40085.283491748865,8949.725567607085,28989.90484462777,1443.6880619090016,25787.432239798876
491776,129346.77410871821,-10506.570845359109,50905.32462123709,39504.27096670196,107050.65696085147,175911.06503438717,73621.77544911584,122629.3492159388,-22318.380854610084,62867.31545599825,35948.9824872953,-32023.64788672831,12902.700410163296,31134.242312063492,5243.023378479401,33411.2103850903
491777,117162.52056799343,-23067.036991981742,37331.25038467668,26306.71496801529,93724.04833821458,162684.50537934343,59935.85544583661,109438.98388066367,-33660.21177080223,49937.82483807353,22859.4652870189,-45230.24120330148,20400.094622268218,28873.88273015007,12632.085358681052,22169.71395106446
491778,107891.1683954712,-33410.301915405544,27937.858774539192,18288.19226060408,83083.69496689142,151940.98276307882,50030.78699667719,98962.63805288829,-39939.455483472324,41289.388643849335,13556.06870516329,-53717.89893241467,16966.79840882634,26747.10630576125,9338.312353202495,13995.638418702476
491779,117557.42036827227,-23590.155014670403,38836.98920234179,29050.311975339442,93596.59273723385,162338.5374622593,60973.32928235105,109438.13309503884,-30378.87496278806,51773.87588178888,24078.739562486193,-42918.43192340542,9596.926965285573,28421.838198882706,2079.5003700355264,23248.157051495742
491780,129371.3031612987,-10571.796308515914,51075.62587528644,39864.796739532176,107080.96951672607,175854.44372277724,73743.91179501402,122767.080473976,-21895.949115216165,63095.49080775443,36096.368279327384,-31729.2779666924,11404.561343010668,31064.26770129062,3797.683606263823,33519.27209367938
491781,120035.41685083522,-19976.052270246106,40424.82910772607,29223.96291557271,97012.46698100746,165902.87353067112,63121.81462643642,112815.0389610325,-31234.497559371495,52863.509180919515,25885.470468237363,-42277.92733780407,19746.971113577143,29458.084553285506,11972.115703635936,24771.25132937525
491782,108126.63662230856,-32999.259319273275,28065.416977089586,18289.333557390553,83514.28794057519,152329.83198482188,50242.991850313025,99537.62333478566,-40071.86859424634,41373.575898316456,13731.870004028651,-53678.46904828085,18179.71048677659,26842.16051701177,10502.561010306836,14141.685771045804
491783,114834.22250502188,-26416.6566865699,35886.96619009708,26324.89136148489,90668.27461963947,159354.41375776537,57979.782381849225,106725.82272111205,-32705.99528053869,48997.143927158606,21228.24440093047,-45721.288543874725,10552.281833874633,27896.1006745306,3028.6648826553574,20759.961309418253
491784,128520.00343343712,-11553.060190614626,50299.06820413809,39353.04877436691,106155.1049527735,174840.16267799807,72903.63846243394,122051.95014688345,-22216.783846319522,62429.2894838684,35328.06290166193,-32331.919626338502,10249.147538871539,30819.010336723422,2671.482505060658,32862.49135241442
491785,122798.8809718324,-17023.605022557276,43439.607386487085,32116.97722516185,100174.42613113024,168982.02177088353,66209.81177703282,116117.26298821246,-28827.880634802623,55719.829578927616,28825.61679380318,-39377.9888153333,18752.03561708115,30017.607304536883,10983.232863205074,27289.37149969732
491786,109067.01514388868,-31851.025385002733,28958.141810235957,19002.81868570661,84729.50673065675,153496.97822038917,51231.80340553206,100885.48182383954,-39604.424657658084,42179.23292536405,14646.6888970018,-52909.57082347327,19159.340532605896,27092.056712451555,11447.941501643098,14938.810858876916
491787,112496.43275611046,-28819.676319446145,33323.72533496613,23915.727781792717,88179.94367540776,156809.60125550738,55385.91296364997,104390.32231406221,-34815.867163005074,46566.43573217359,18744.699472042907,-48192.49639092845,11672.012643084228,27462.432468211853,4140.334662227151,18574.919727432833
491788,126984.3338211529,-13268.418099800556,48766.046112682,38110.50135748372,104456.38976247585,173059.65719073315,71285.61649516475,120497.6979772239,-23149.333180181085,61045.451191380154,33814.60090300959,-33664.966700416044,9428.545923939088,30433.66389801973,1874.0560237133077,31574.35783140652
491789,125214.66211954983,-14482.3272632995,46103.01928341595,34715.35615440632,102913.6034727295,171638.95502496965,68915.98687862625,118930.26129842828,-26648.51188522789,58251.13138738257,31399.20161778912,-36795.55479422315,17493.10304800271,30477.321766005593,9745.545517367962,29486.16516136856
491790,110569.39528337396,-30123.23529634345,30450.641801240603,20280.46781051492,86547.14560927702,155273.96558558883,52828.52059379959,102768.28574907263,-38649.28923457394,43549.71573297439,16131.070000358219,-51568.49376656904,19907.39026820696,27441.09202691081,12194.726380539287,16237.893979458058
491791,110657.85453239313,-30666.74238479499,31262.422111337342,21937.30144509717,86250.55404352325,154839.14135998033,53320.16454869793,102557.7640153722,-36600.15763462214,44583.596355475616,16748.627631518495,-50216.000586705064,12900.677455009842,27135.15525438181,5351.972203613251,16801.519924431508
491792,124986.03196773372,-15456.431516318931,46711.86718106585,36357.41256767057,102239.38280623293,170778.19366206005,69144.31561391652,118394.17495480143,-24527.083423189004,59146.61361018405,31791.488734329054,-35518.49293156268,8904.86284592189,29975.80907200312,1370.6143304874222,29846.340905770827
491793,127153.26786856726,-12476.594335476504,48285.484301987555,36902.41475935426,105090.28034339193,173738.54968698835,71112.1478859992,121159.72317903824,-24785.844706891487,60325.03594504169,33489.841337244805,-34654.417517440386,16046.607381550133,30828.38275446547,8323.673147980233,31265.787466683465
491794,112460.58968783889,-28003.328681089268,32383.360010955603,21982.827887605752,88775.18203978949,157463.6709768693,54862.0704109231,105030.98229677536,-37316.40348626897,45324.08394503582,18032.780063112346,-49805.0156981043,20453.43416836163,27868.58169133702,12696.555251224716,17913.408930090794
491795,109258.92874865739,-32027.588424615387,29656.33915029501,20339.920482964353,84817.08825669077,153371.5408387421,51724.441731007784,101192.37555233589,-38081.17920361714,43015.236720401714,15194.410134112213,-51836.39492181429,14248.170391172112,26907.488178021984,6675.602992079042,15420.066868965148
491796,122680.04897878325,-17949.909405552266,44303.1131433119,34229.79363479068,99685.08454643092,168166.39376124227,66646.54057785717,115940.97489017039,-26230.6063604784,56907.72373593937,29424.58623841635,-37732.78509431562,8750.316477539196,29464.92185312068,1242.4738363387455,27823.732787741174
491797,128534.83825993522,-11083.527015532456,49899.60906133517,38578.172940861514,106629.37104775856,175201.15005044296,72712.8795751562,122747.82504769342,-23320.54260454418,61880.643143803885,35021.127270207115,-33032.05649593185,14387.937553663145,31028.758374114055,6710.980966385526,32562.93056219483
491798,114694.13938565641,-25540.43405247842,34717.22226482534,24085.060390646588,91367.07390211639,160015.4593963928,57294.17560188811,107640.0952546139,-35636.74492637972,47486.06971113058,20313.2384078742,-47652.90996545904,20567.001902539007,28341.752996170944,12819.00582824882,19901.621052528644
491799,108268.65662516428,-32936.904786695806,28475.32006498086,19112.60287763978,83844.69083518328,152372.34398332145,50574.49195397155,100264.32922243486,-39273.700547479944,41834.923512493486,14057.949656588346,-53079.97969241439,15681.790665957711,26756.61690766744,8070.885766000095,14397.97132056443
491800,120045.98306353625,-20757.420106545876,41518.836653644656,31709.020909678467,96780.73023346413,165215.4214400202,63776.49293798395,113121.48568300855,-28308.24039294589,54287.78065415279,26697.57761065023,-40352.183781308246,8994.232183098602,28921.7833079043,1487.880348459166,25466.395066265883
491801,129268.78226853315,-10391.115563341888,50840.048674998,39644.02797716747,107430.71866177183,175930.02772467834,73614.3397751427,123598.30144395682,-22341.311496197166,62804.54041330046,35893.93097847343,-32041.62363960014,12710.29803091687,31114.470930867443,5088.463405824995,33287.51323318662
491802,117359.31546507869,-22651.842953487077,37550.706405911944,26700.944321717325,94404.74812688431,163007.3628846229,60218.57995262534,110682.36902350356,-33490.76408350759,50134.50069485988,23074.44005989493,-44997.61229753749,20350.221476964267,28892.32968075299,12592.322089689096,22291.894059206377
491803,107895.22730525439,-33189.55121084316,27946.277288736546,18476.64658573561,83550.2931968928,152052.1444487541,50098.309544097756,99989.53232403984,-39954.97964912957,41277.34478565476,13563.08541593408,-53699.13914722447,17061.15085785109,26734.448092051785,9427.046218387986,13958.83250103539
491804,117312.37959731487,-23643.057814951568,38589.108921961,29007.25640591011,93773.59503726024,162164.64750460658,60775.54610212242,110171.65822694021,-30578.26491178906,51519.42090174573,23828.16505555586,-43138.842360507966,9665.37749273345,28356.309610242144,2170.0003849303803,22991.185481865763
491805,129260.80065535459,-10488.868434178657,50993.045101662356,39979.994829056144,107397.1767678755,175825.03623780963,73706.21273160048,123608.05073026838,-21947.132639844276,62992.11440356837,35998.16783144473,-31787.518793663145,11369.0067726728,31022.565068314878,3764.595644265791,33400.70181406209
491806,120164.30036169724,-19615.694150843243,40605.433666235025,29564.50253813073,97607.73365759509,166156.01298059107,63354.57172913605,113919.855019422,-31108.63269153279,53000.697604094545,26043.22304853755,-42099.75589320186,19679.91706289979,29493.036883013825,11911.540591334473,24872.74196365621
491807,108115.206562498,-32762.985084225493,28096.976604526164,18477.41956061375,83970.98591583173,152446.06054216606,50328.37671188061,100524.57805269728,-40087.73948999896,41366.034909113616,13745.858259409046,-53653.43708235398,18208.619444888456,26848.41242857989,10554.011343195616,14114.261182594833
491808,114583.54088097464,-26431.46426446328,35677.19726519285,26302.23533141683,90861.2355797769,159207.44482254627,57816.418842561114,107468.19835897579,-32891.14796803972,48764.7431983687,21004.824780735365,-45918.496700462114,10585.340269165801,27836.889906498403,3076.071147309398,20529.73404863644
491809,128332.18166400662,-11505.327351167462,50173.15705049991,39426.42352419743,106413.49079920692,174762.89841738826,72823.11398685485,122868.83390728415,-22296.138909152007,62285.56749300681,35187.7126172321,-32430.952463631,10185.052631172974,30763.750291742097,2621.961311069672,32716.664323716497
491810,122863.92918608735,-16695.275969254428,43580.24334025027,32433.533218949717,100720.5600125418,169193.09200325963,66405.43726986897,117223.68981469203,-28714.809426551496,55825.63623307394,28944.533812883696,-39229.63583166778,18680.40746103186,30023.24958335583,10937.082596899594,27380.946978833523
491811,109042.33540432762,-31597.86328815504,28988.304823288057,19205.275740699428,85190.37941649184,153621.25390507863,51336.0148259723,101922.44264645045,-39600.04604511298,42180.64484184416,14667.268939626803,-52870.86438774814,19171.915622588458,27093.246123129058,11492.31571823635,14949.700804490532
491812,112284.74254588487,-28763.91235918854,33145.63972697624,23944.32238700547,88435.02524299758,156725.36050603038,55323.602743770774,105241.75486126788,-34955.5228950738,46388.279401306754,18577.424241015055,-48331.34791213187,11701.987442078997,27426.083835077396,4196.477820194405,18416.804271182435
491813,126788.05036243165,-13227.391992107468,48603.79401517337,38184.95297187788,104722.08896515089,172984.68588356226,71275.57107859474,121367.63043954488,-23231.080168633547,60915.5311597526,33674.10751652339,-33760.466669636284,9363.528208388432,30404.001353784835,1832.8466381386024,31443.345040776865
491814,125210.66003505728,-14290.282962808806,46135.06205504879,34979.99843638618,103396.8837761895,171773.52509202965,69135.12725219071,120014.33685999372,-26578.682261442947,58349.19028985848,31455.070963414895,-36698.67285377451,17365.88084368889,30491.246482838244,9667.942882068837,29528.00861771146
491815,110523.2382600731,-30037.144119172506,30410.673045861982,20473.947907211164,86994.41298683768,155359.64780818293,53011.30792048172,103829.64272482943,-38646.36339040287,43638.5648633936,16132.588124269778,-51535.51241657093,19938.68639624374,27448.092522956344,12240.819411185474,16246.884666974707
491816,110452.40938730734,-30821.638412886634,31041.118296820467,21972.648554209583,86527.02259450711,154739.80684780396,53344.71284416307,103474.40629511273,-36719.98010689822,44563.53511907059,16590.997961092064,-50335.99771812199,12986.41668259813,27118.33766998588,5448.913928422876,16676.580481591176
491817,124764.06329790747,-15708.386446161683,46478.04066004299,36399.33444578645,102500.10821873155,170650.5191416563,69169.91609989351,119307.4976358317,-24615.28459667528,59174.92830723344,31633.474756270527,-35618.66600427925,8872.891311616675,29961.078102591622,1370.3711185567897,29723.026967907343
491818,127129.23262683778,-12593.163328295826,48257.505898790005,37145.34720989964,105577.15971138256,173820.90448542178,71362.44164355038,122289.66818914146,-24701.800272098055,60597.74699340289,33544.610482245094,-34540.470328930525,15901.986656544053,30851.444848665535,8220.229424497964,31323.556792658055
491819,112444.36470502024,-28177.204566891833,32333.174030109196,22205.239911172714,89277.64465183161,157541.4543398937,55118.34104946694,106165.53462552384,-37252.95987594176,45620.1084208159,18086.034066305743,-49701.684257763525,20439.579914886614,27894.890927208144,12722.673217047439,17977.908457780293
491820,109038.266919585,-32483.798422872693,29368.9743661444,20349.191622349575,85096.14190542776,153204.66764569632,51760.694366600736,102086.57134322739,-38193.535448807925,43121.935743675334,15031.241621000476,-51944.16734431536,14347.50591057788,26894.630350222127,6803.816751712779,15297.44251426898
491821,122382.51006056611,-18563.211562429413,43937.559407268294,34180.33169332333,99874.5952062721,167891.58080821444,66606.04278654294,116708.27206692858,-26368.22571663008,56975.69295958024,29192.212615024026,-37892.65449378124,8768.328109722272,29443.88843618383,1285.2868969068907,27645.632482955745
491822,128492.00638168445,-11501.099175706546,49806.74914587781,38790.57539472249,107095.26559904026,175182.66614484802,72949.72171354065,123735.15925024965,-23217.78224263072,62237.42307608147,35063.22586457001,-32912.54560172043,14307.126920129429,31073.447911788506,6658.119243792941,32625.377942272833
491823,114763.76199360593,-25903.541447179232,34719.589769215054,24373.95996676165,91953.41108963406,160094.97407941456,57640.26283766545,108685.38610028411,-35462.50688889943,47961.09268407349,20461.4929797016,-47432.57904995667,20579.54207064479,28414.213687565098,12865.413236858923,20064.8642307684
491824,108131.71276410509,-33581.34786964061,28243.218923304154,19168.667048323943,84195.87277705537,152197.22021997487,50690.44363707615,101006.19356368929,-39287.553936628196,42109.59172102338,13986.088994736221,-53075.31664777922,15764.195189970222,26794.676828282874,8186.8473265666835,14374.528269435437
491825,119771.34361547107,-21619.105744017153,41155.27381115359,31630.03441343816,96963.51099459548,164856.4697144456,63738.92050797726,113607.28783182957,-28420.14109730462,54441.94962603477,26481.11686810716,-40475.704644094054,9038.484162550936,28932.20229136553,1583.3065229746223,25315.746012607935
491826,129192.63931127649,-11109.497732775677,50719.43632074463,39771.13095400232,107817.71084902986,175764.01093968377,73790.0209740946,124237.9967797274,-22256.667953265376,63179.40657007569,35894.175747032335,-31945.102808049007,12737.509431197239,31152.084098218715,5121.564822128871,33325.551566192546
491827,117425.47275324233,-23274.56133729614,37592.113253170086,26941.91125694466,94943.62835424588,162983.04347602843,60544.90794935645,111446.43009054684,-33302.91973360993,50657.59709169978,23223.596580253256,-44761.782424135854,20331.91123466482,28966.70885171579,12598.140872147464,22470.49167470228
491828,107816.242782409,-34020.14969359519,27845.05258778063,18545.682149085227,83918.10834852353,151847.41386151436,50257.56268202064,100548.70816755552,-39909.49266043797,41650.92445185273,13555.562332280613,-53620.682940949366,17080.791980938156,26783.372696074228,9473.43502178513,13995.146637320147
491829,117102.37850355952,-24676.185520740128,38376.032674581256,28939.81569976032,93973.05597148447,161784.95778977257,60778.469638085175,110490.21214862961,-30632.208296996752,51763.20694091721,23682.208798480944,-43190.34891618106,9686.204077299017,28385.832061529905,2219.7544269937807,22903.847693061576
491830,129140.7979848655,-11500.67103407112,50895.372971729375,39991.06457827096,107666.70234713453,175511.8055413055,73788.46602059863,123915.43596076098,-21922.764443246746,63331.49946972863,35937.89995907342,-31748.453132713574,11292.91682355973,31064.17162292521,3740.8379545790226,33385.111334116766
491831,120226.98762819267,-20524.12672636391,40692.951891268225,29706.42156283403,98029.88732918259,165993.44647431,63595.62757385035,114223.90476905653,-30968.620283208566,53503.824000451204,26137.426493148512,-41913.106001605905,19653.895440203298,29566.913910532152,11940.54892426173,24986.91081835348
491832,108171.91742760618,-33775.21557807803,28164.71287112206,18551.292607921998,84319.48907725142,152213.23441307107,50520.798277003225,100539.26722613926,-39988.784347189496,41833.87924328672,13792.156211352747,-53515.57845569814,18281.539067339436,26917.74668239873,10655.849237693668,14190.961607892517
491833,114558.57522568133,-27619.944267954994,35657.800020544266,26256.87418942766,91052.75036262354,158828.13550195517,57891.74370672993,107147.58010311784,-32873.341629387665,49135.94500663337,20939.2902373596,-45883.749787527486,10641.725454126255,27898.147238894464,3171.983963948491,20508.89657174376
491834,128303.1626211851,-12776.138744958185,50158.85131161925,39352.65254857259,106545.71984850851,174336.41867004303,72877.6601526734,122346.60215860076,-22285.459543840945,62653.02560920329,35106.26445603341,-32404.989232962413,10127.674187585431,30828.02178368495,2615.1479924587725,32667.01709983722
491835,122983.76402742331,-17877.384292162944,43717.225740595815,32464.29860915606,100964.17487928744,168892.9262480422,66601.59010621732,116691.77270940566,-28598.517379324494,56334.653422387215,28999.978689007825,-39073.46038926528,18635.418453573693,30101.780123686418,10930.879792516092,27435.388170603972
491836,109166.20116013465,-32834.66946852559,29114.475390085994,19189.324476731337,85388.56246399898,153291.87306445342,51506.88566006042,101260.07085593257,-39500.43948741516,42683.190922322996,14708.95556493949,-52733.36602533124,19228.204855867614,27170.14639999436,11584.724666311638,14994.879761359689
491837,112308.91225788121,-30152.72373204263,33179.13192876916,23814.624975660594,88488.28311775334,156259.31556309498,55353.33410321569,104416.10053032514,-34924.22668649912,46795.39340352815,18519.535256902553,-48288.380497755774,11800.242862415922,27491.75495610793,4323.082166794949,18377.207922150807
491838,126812.01279936006,-14639.526814240966,48664.88273357479,38062.24340139057,104753.54024702405,172498.12960281415,71287.52467393386,120520.38700909482,-23168.04085175287,61332.4664040821,33631.67798378671,-33695.960389692555,9354.822613374092,30462.360981169822,1856.9351662044355,31417.85828423559
491839,125415.65324517328,-15492.90934668326,46398.442305046075,35026.78923586037,103614.4986569589,171475.60015006113,69325.99104647027,119352.06848091909,-26358.231085736297,58924.76976866576,31611.661183927474,-36445.04994754473,17342.502841665428,30584.748737579204,9660.292969929513,29668.19464110199
491840,110692.32750083739,-31236.079152404538,30630.181880815173,20452.87829698967,87161.4836453129,155014.90178676444,53139.022245326654,103114.02797117588,-38474.8087728315,44127.640001619104,16255.959825843296,-51327.472558144495,20007.81460298374,27537.19275444639,12343.126995905119,16356.355489771913
491841,110433.23017766092,-32178.723599416313,31068.112663614298,21757.22637224036,86476.20291277143,154176.06785185612,53255.67470549046,102530.33718905537,-36714.082319801724,44822.17647175666,16520.862608656527,-50319.693084359424,13026.18954007993,27174.13212912173,5548.389743089143,16595.297512601024
491842,124735.9404313468,-17044.83857861205,46513.8904610358,36195.191665397666,102424.88130620349,170062.51770041438,69069.10226621726,118329.58991828928,-24590.1131358852,59403.337319810606,31565.969957406833,-35596.52847961239,8843.993049283552,30002.31852950191,1386.721162654478,29634.913763157863
491843,127323.55197440152,-13658.357042767258,48543.2553916779,37171.412977017826,105740.31231992177,173480.27074067754,71502.9714420091,121546.606853195,-24481.455125887624,61026.88297257829,33717.05113892256,-34289.056114450555,15832.087477633671,30932.91879598776,8185.934300219566,31439.013316564455
491844,112656.06909567848,-29182.513001019764,32635.23876728716,22226.219855958647,89458.92558856611,157236.45837513765,55267.751687479555,105448.76053920807,-37037.31211307184,46029.3112486389,18276.96573610603,-49446.398489486644,20481.844791916534,27979.775851526116,12801.905948098234,18117.689595424312
491845,109064.52480962849,-33652.804530340545,29481.096772961642,20180.402649084735,85069.29441914099,152706.7931092173,51700.831234183366,101186.11986841777,-38138.20538721759,43320.50104028915,15035.817853634593,-51878.77771171836,14444.431322415954,26956.87520430679,6931.5675038453355,15274.095533819787
491846,122353.04103811899,-19766.14365013101,44012.79509369854,33978.22117136041,99783.26099815828,167340.65465148631,66490.37288732282,115776.62357858282,-26336.542771269753,57109.07643756834,29153.205989764323,-37867.17101015942,8792.335921544123,29493.195766705445,1350.4949118317693,27578.221262743114
491847,128678.5831634609,-12449.45101090172,50129.0858356593,38820.53403983633,107241.51424413448,174887.3760591092,73075.41815533384,123074.84744868288,-22996.96185006725,62582.23590154892,35256.05434986809,-32659.477739658243,14245.174056512766,31146.343192119217,6632.581895191581,32765.528264995468
491848,115012.33242189707,-26749.060295134186,35107.48283474856,24451.94338886397,92176.0351742265,159905.45486473758,57833.86165219531,108153.3339041765,-35204.73561706201,48351.106708719075,20723.885457960743,-47121.40010960213,20569.145479128445,28506.789225340523,12898.925291112953,20287.784215211293
491849,108196.47472687408,-34588.583004701504,28432.925972362496,19060.285393430233,84223.71171060417,151835.34175153746,50680.825364705706,100343.73031626188,-39193.680323182016,42296.59722577418,14059.40073243035,-52952.52665928257,15838.750401986821,26845.872843716268,8291.081636379115,14448.19481120552
491850,119712.85454055374,-22731.684920423668,41209.129444914695,31421.775597409138,96860.85248204805,164381.5801256596,63601.30841748553,112890.84765562849,-28412.244345018597,54498.51344055186,26434.56368479927,-40464.45895610942,9077.831217708539,28943.471916916653,1640.091347253507,25300.683125583815
491851,129312.65928600817,-12012.772449782258,50948.14786109206,39766.422580312545,107917.39647178604,175508.10139442893,73856.17393331543,123755.3053902668,-22089.028407522525,63416.50360983002,36038.77315609615,-31741.493495857278,12655.62853402886,31191.668171108577,5089.798880835241,33488.35047592234
491852,117688.10318572522,-23992.684869867597,37944.62252193515,27071.95480634096,95217.32819369918,162924.42048573762,60769.19213356517,111158.48813658865,-33030.80369959446,51024.9550878415,23517.473788237134,-44418.738924861886,20292.84003356941,29069.321384031628,12604.811621007322,22761.462828209107
491853,107922.43994109645,-34870.923756820644,27993.654409038794,18511.402647551215,84033.37383499087,151652.88114001183,50311.99177155602,100142.36255094621,-39775.629535521424,41852.971068469196,13688.148005489944,-53439.0682495601,17166.125022553377,26857.916299368753,9602.428263654137,14157.073500965482
491854,117004.9946795127,-25718.307997776097,38282.24859192433,28725.07544688224,93873.85284435302,161391.81199764204,60621.94278978311,109940.92802038847,-30645.488456604086,51773.67539786385,23614.30109900542,-43196.24980069405,9766.657207192175,28413.739306533087,2338.567316708212,22895.42749811049
491855,129158.18963977434,-12395.033097109424,50911.15472722627,39923.540664807006,107708.43504310644,175272.43871568053,73776.4945282264,123569.38328686339,-21811.918506626622,63466.85034511112,36005.24094163871,-31615.24993863115,11225.997262237504,31101.367801443408,3700.7919932635136,33489.98293427494
491856,120477.98312916604,-21114.102492852657,40936.42301442378,29882.721252005977,98366.25329018924,166067.7770063865,63859.34822149972,114280.88290536839,-30667.66261698937,53872.049235032624,26462.45898605445,-41536.78644101495,19586.41959963424,29648.093676894685,11912.189308879206,25331.79529436153
491857,108284.99009152093,-34443.49790486069,28234.61807081164,18594.55954590656,84549.5737981397,152196.28529216562,50649.7939659924,100649.1641363106,-39806.41282567932,42068.357210702,13994.052600081744,-53269.13414777911,18344.77348252491,26996.198433583533,10770.183462086541,14451.6726855626
491858,114427.88834663173,-28497.233941677074,35460.82853032244,26089.105826115487,91049.39264701372,158577.34223848872,57769.51212303738,107148.5619954537,-32866.169834391716,49144.53712550681,20911.378966610064,-45857.4913808212,10705.155994572724,27938.615224110923,3292.4552337160194,20564.351336933712
491859,128268.783626318,-13517.67764526283,50068.29861754248,39327.44657385525,106677.23324806002,174212.62771893525,72875.42860334706,122564.8480405318,-22156.940983566918,62771.70795889915,35196.47246539404,-32254.896444349506,10118.696764007045,30857.04300929091,2630.2786074657106,32830.17893743601
491860,123187.87471031513,-18315.141356575095,43877.55556368291,32694.304183109132,101406.58538671545,169076.06887596135,66873.63008323405,117286.40619561102,-28279.930139801032,56688.04399334552,29350.427931164966,-38679.53677640206,18568.819978455518,30199.166603330537,10911.28723424743,27830.77103215654
491861,109260.11230468465,-33339.216755148795,29141.713852580524,19300.567286986006,85752.22420808306,153394.60883884522,51659.96349213144,101819.61704070585,-39302.819827634,42909.118428121124,14943.219428874689,-52465.757419910704,19296.779880240218,27247.66225008418,11711.632469382888,15306.742521925125
491862,112174.59370420572,-30878.59411487338,32957.215200832245,23712.87376445912,88609.4599022163,156117.4687174633,55250.287918694106,104714.0935597397,-34917.25293319594,46782.559183220066,18510.87284250424,-48257.00916063151,11905.228993215682,27502.229653434333,4464.73548017037,18483.93200603736
491863,126693.41857971606,-15339.647345105386,48470.437257036436,38007.69749109512,104888.69005259548,172372.88631104553,71202.72915135536,120793.16374852987,-23120.125007006787,61339.76111704127,33645.07852905897,-33631.63707277389,9298.106849903786,30468.084572819993,1858.9044146327587,31546.901309489756
491864,125569.18341482592,-15875.743695670044,46500.98087568054,35246.520462995104,104058.3340217951,171670.85547552817,69541.14827965738,119894.96835392615,-26095.6338511968,59197.919830712606,31906.58057229031,-36109.91759397724,17237.172063997637,30644.9074759861,9601.674163003836,30039.855505077838
491865,110812.4035261214,-31616.329003364153,30686.545437704382,20614.426200216985,87577.50963205994,155202.1018303585,53310.55265624481,103598.54547803092,-38273.55497182677,44341.68985976054,16503.222010688478,-51052.586048765574,20079.91420621975,27590.103513589962,12450.332764030529,16706.01302839668
491866,110335.3348642504,-32768.64105000199,30889.217420323097,21701.146147488605,86640.70764933042,154127.77042341908,53179.44540245849,102737.3254130159,-36697.61882988218,44806.538321189626,16533.24229959303,-50274.56181242125,13203.427958816717,27179.76302937205,5753.964832755716,16756.861836441196
491867,124592.48529901063,-17674.783106225215,46298.83196721354,36116.77433875402,102518.83282896738,169955.71662713448,68943.89182570144,118442.6505590574,-24582.29300520685,59347.83541228375,31531.944953113707,-35582.10318108896,8866.714359181875,29990.088283710105,1452.238645493793,29766.96212054807
491868,127438.64056391118,-13987.355717746665,48616.80816147158,37358.69951485736,106113.9417910862,173665.25481280615,71666.43382679578,121915.91587005048,-24266.52739973661,61225.12919085996,33950.048523916,-34012.729857823666,15695.287601692964,30970.889238739204,8102.941424501312,31792.511352900307
491869,112806.63383375625,-29427.58308952395,32739.72944596985,22419.981706504805,89874.54251495481,157478.1422222511,55464.6189705703,105843.6880433907,-36828.30726407175,46243.30255428149,18533.170114426204,-49162.012697253784,20495.077767828785,28042.489939978703,12862.350782661251,18503.24081832238
491870,108977.74157533364,-34114.33005593855,29327.094306494004,20126.757299728106,85214.3552340485,152687.6901064973,51633.91398861977,101294.62378714586,-38138.3327731135,43290.574657258636,15038.418994364914,-51845.315416925616,14553.285894458812,26969.854817488314,7097.609810271634,15443.530409992984
491871,122137.16162431588,-20347.515841582393,43724.74650188901,33810.20051018764,99765.57161641071,167166.62878700907,66284.03547219935,115710.52941626169,-26428.597085593763,56952.56259977124,29016.437702164938,-37956.023063011904,8753.655373413749,29459.438000671526,1375.2583809085816,27628.339812479746
491872,128752.91690446135,-12697.45229163231,50154.44662328463,38952.755899960684,107529.9861941036,175023.5175527961,73189.02477639558,123306.69347563622,-22838.60502728736,62716.462184110234,35418.71050295632,-32450.616118177582,14116.435655933403,31168.395890348245,6566.635479648558,33059.488505234716
491873,115245.3175734494,-26785.669630462344,35294.842840385,24719.7450010842,92637.99137035994,160217.4347665265,58112.521739021424,108549.64663701528,-34934.319907327255,48626.14343046608,21040.3878918892,-46776.43348513249,20624.18879743574,28566.884865343574,12976.559477995492,20712.113005405907
491874,108184.70307854465,-34847.73174104877,28361.345651502634,19067.759964195546,84409.04772220404,151872.5015797084,50686.130442979535,100460.73432913757,-39147.38218498128,42312.83384861007,14109.048745679644,-52874.2666633336,15962.729384307819,26867.31609535072,8472.921187059812,14632.253883044767
491875,119544.53882561058,-23140.645633150485,40988.95981833262,31288.083089456934,96853.26861258714,164225.6906616398,63435.08996297743,112814.56437788685,-28476.842534610638,54362.438919847526,26319.536644814212,-40537.717788082344,9135.259650530732,28925.450948287893,1757.799396364651,25334.34792853998
491876,129345.99173518407,-12186.78993116536,50963.07182398825,39844.83464146275,108119.95152582161,175560.7969284348,73913.68915820381,123883.26533437197,-21972.125485338114,63489.71392680978,36136.82279558396,-31601.499118660533,12563.849452861756,31216.241953612334,5051.019035099369,33696.42132017645
491877,117907.70696022772,-23931.122607779525,38161.457537879964,27312.386495725317,95624.23023567321,163177.0136149668,61023.368669112766,111479.19022097666,-32785.29094183225,51268.85966606906,23794.210840843014,-44113.67019051506,20274.201876618914,29127.575313805453,12639.539403314564,23122.514723296103
491878,107970.49046448346,-34957.73941339113,28030.164279125554,18562.980560627897,84246.81834424012,151704.5714258119,50370.618617421394,100264.11352132734,-39695.23717038705,41905.50315212365,13772.299339299718,-53328.2743306903,17249.024878085016,26878.833958598385,9740.91315755006,14343.598792016468
491879,116873.39885213581,-25980.691430034716,38138.97739431464,28610.718519828526,93872.43098978579,161221.2374936123,60482.48449123899,109845.28250199958,-30705.737926331676,51637.22514691863,23505.21476956724,-43267.41483993136,9819.762011134393,28392.984669887886,2452.6152710027336,22910.705906773543
491880,129153.54964162034,-12509.932696019358,50919.21250884871,39952.21269434699,107832.22830237374,175222.03897845553,73776.89919415732,123592.96818204108,-21751.063165485662,63458.58977510294,36028.828540913215,-31548.812598059216,11150.30648513735,31100.382520184194,3696.4637949856383,33617.145638803624
491881,120694.12313768078,-20966.034599746985,41185.915304194,30117.86543500983,98733.31637620913,166252.79957227065,64095.07899822905,114535.09879639572,-30443.723987396803,54069.36433827391,26710.31653045291,-41262.13625191638,19547.495719977658,29695.312959604318,11926.091890271051,25635.558698090943
491882,108381.71357281582,-34396.04801508185,28355.600280395527,18690.261078286705,84782.1094741018,152237.36869803275,50746.699070476665,100760.5704075396,-39710.96899607549,42121.16541843326,14101.989549444292,-53141.415872756086,18412.137933137907,27012.889225566774,10892.701435755684,14622.02057871029
491883,114322.16592330842,-28656.59254534165,35373.17291499168,25990.772386277044,91043.10776078388,158374.28955014376,57644.63185664175,107019.84446585193,-32938.14392333188,48983.22907450079,20801.138022230087,-45939.83737178546,10778.912477961578,27905.156305199806,3414.017049704988,20539.517376262895
491884,128189.49850914821,-13648.07477428459,50025.53033313851,39274.942315087625,106681.67717272101,174024.8375611737,72786.5449101464,122447.92403624409,-22185.1417292621,62645.10213051802,35119.42905180008,-32296.249360423546,10045.475515698105,30831.749301614025,2629.047361970322,32831.88887903984
491885,123337.53270798213,-18186.080463506114,44085.04399324695,32863.326329263335,101655.80474675132,169136.744097989,67034.99218689473,117406.79685957026,-28130.28888046642,56783.127839064306,29506.45933157183,-38498.49232987841,18492.368747802655,30223.48132471043,10890.206010051475,28016.995534911388
491886,109353.4836985664,-33249.61845539108,29285.40192993565,19393.256747215135,85931.25118374804,153384.97421171135,51753.432960318605,101866.76028648531,-39216.3707698802,42930.60537384247,15029.924643896486,-52359.41848821442,19406.59848898429,27262.245213344773,11851.551604960161,15427.86709723335
491887,112061.12064422834,-31002.783341980332,32884.60033942382,23602.58784743043,88544.5438196598,155865.80189651664,55119.16426223324,104521.24708223045,-35000.17107543815,46589.67549367346,18374.902574870983,-48362.86648376628,11974.15371978118,27487.78515587154,4591.637725871258,18403.12263878442
491888,126610.19297181067,-15437.513847804526,48435.78346835291,37941.66637000757,104834.14762935994,172140.55471912562,71106.01348302391,120615.72722051387,-23154.544976092773,61179.37316611294,33536.93551412103,-33697.08353481471,9262.14160574389,30442.459206325133,1875.7584726082814,31492.71883246076
491889,125742.65310327476,-15692.698273295382,46739.95851456897,35431.31783727785,104278.80732440541,171720.4419283918,69722.07554356178,119987.29920962868,-25923.217854509538,59288.55982600706,32059.332494684873,-35921.32577777153,17155.9603199399,30668.451977828914,9581.896499367787,30206.724847366055
491890,110953.59954116178,-31446.913054710243,30881.183839358797,20734.59130552641,87763.77767460643,155221.64604261337,53448.80927537541,103651.33817828803,-38164.341574667415,44379.21432021354,16598.963330233884,-50925.614201674965,20093.671468088345,27626.626341920357,12532.702416990547,16822.359939711467
491891,110281.85407905643,-32799.65121795838,30871.2304236474,21618.731078046745,86601.36655836967,153927.80125788538,53100.269652976334,102568.90579038195,-36759.30250332768,44639.167021049616,16405.62884895408,-50356.99537773716,13268.672436281922,27175.37758933203,5877.032497021842,16677.010014118514
491892,124532.94194742374,-17719.097680036928,46276.987788584316,36041.68994175163,102454.14748390316,169740.27223619772,68858.4984259635,118255.30614270244,-24621.435618337375,59180.06263633112,31390.214631551306,-35658.72203379055,8847.688973801813,29972.800098798714,1494.531007665817,29684.75396816671
491893,127665.65107160437,-13748.713762961625,48869.645849607754,37543.48524835786,106331.01903266505,173740.68198349344,71866.65654301972,122009.05720683743,-24084.92881624411,61330.34443658661,34071.4088007238,-33824.846875258976,15614.655134976934,31000.5938573172,8078.966367975336,31942.23940165784
491894,113171.08346402917,-29136.667436545325,33004.15654549064,22607.030974061454,90129.66283311142,157599.861174458,55698.05162572281,105973.72515878009,-36655.055078810954,46371.24933435788,18657.78263770209,-48967.42952353409,20497.411092125927,28083.511854966113,12925.408372366304,18663.186429565183
491895,109269.61858847989,-34013.88347793001,29377.03682849915,20116.341043878292,85255.74762936385,152605.725478724,51669.99462557622,101216.51952108774,-38141.17856855338,43235.85276167536,14933.470802141825,-51859.392718809926,14644.729730874245,26971.44234454694,7235.754372088548,15409.431019587902
491896,122464.84940928446,-20300.146702491278,43728.17535008599,33771.301786557655,99741.41890189686,167031.8989155317,66286.68894845602,115577.06812564166,-26439.36453024527,56891.51218040599,28855.573815926415,-38004.53213433464,8817.327702398185,29448.18532713185,1481.298066994993,27559.820944985397
491897,129333.14084433437,-12443.09865684858,50375.45511611611,39117.704372375876,107723.92572679908,175118.65187835775,73428.75785591152,123396.33205593508,-22685.427492629515,62870.61422192207,35458.86191059941,-32294.99530101769,13993.385830074414,31195.318134275076,6501.672672461609,33159.68529277888
491898,115963.01293381155,-26434.08583288535,35589.62324588759,24939.3973206052,92932.31336695622,160423.08985975236,58455.620371556004,108746.32695320869,-34758.52075070538,48832.167085691195,21137.105564727826,-46565.3923194269,20549.85233384388,28614.457173568255,12975.857860485732,20863.151522962347
491899,108769.29432873752,-34684.07310357861,28439.46632285585,19092.1066505087,84501.74348180144,151885.2196251238,50840.504688515684,100486.54736357783,-39143.48007979072,42321.291547689594,13987.627920662982,-52866.12489078792,16021.106390970755,26879.210337845478,8590.459118444025,14600.040174958503
491900,120024.65226623885,-23130.46591662933,40916.10098334891,31195.585455179986,96790.6808254371,164088.6361767003,63459.50995316447,112723.01803853795,-28564.128331724085,54256.14707185503,26046.678657308483,-40658.55119411759,9159.141189641903,28903.55355613424,1842.3252531716985,25173.647145696596
491901,130035.29828169201,-11985.84247477222,51098.78989475795,39962.86129693696,108271.7207763737,175642.19153293996,74168.9780098475,124035.76106880922,-21883.072840857887,63591.6741512381,36063.48741439724,-31516.533523367263,12439.233318762366,31227.828104316886,4989.960901723654,33704.18771210658
491902,118782.71257523022,-23551.891991269178,38458.18510042188,27577.646235270047,95972.03280717149,163459.45792317038,61466.541460286746,111855.52846453944,-32592.52501298994,51509.0493451003,23877.939445759614,-43880.16108262312,20202.889477052566,29183.081901856334,12624.24195720417,23266.459304422715
491903,108712.65508693378,-34738.97178315188,28135.9448320113,18651.70107225111,84426.42235874028,151821.66163152893,50642.12437364169,100499.4440566223,-39665.65633253581,41963.24419527728,13660.798320337342,-53280.40098293587,17304.428595597856,26903.46189660192,9849.220831843051,14328.692816499868
491904,117502.23202267183,-25904.252921471027,38101.555316290454,28582.23974227605,93906.88845068967,161191.53958230195,60617.01605671808,109955.01824587534,-30770.45727452413,51578.36754257757,23244.495402573695,-43350.079482853194,9868.016240240304,28380.65773352766,2546.389910115035,22774.81435619477
491905,129915.16979059044,-12308.876753853465,51025.39887228797,40072.45394186587,108010.80638178089,175335.21496036462,74062.08060871487,123861.57262128477,-21687.183751529334,63550.07011762947,35905.316782629416,-31486.69198987545,11101.970054817375,31110.334515337334,3691.473711474129,33600.18348289328
491906,121628.95370850977,-20590.279181519894,41460.05744624925,30389.774585761617,99105.62108194211,166561.17448200003,64564.09324670429,115019.56596191687,-30265.29790530493,54303.10824098118,26743.405572333686,-41046.73233840358,19499.359796142297,29749.118914198592,11934.977130517796,25767.321315775596
491907,109240.60906956861,-34107.883770526954,28514.224056474395,18851.822904816778,85062.78680494626,152456.33984055204,51113.24676090018,101188.04787494839,-39638.06514673525,42233.319162527834,14010.94730225057,-53041.264167801695,18450.983445326972,27050.17873229088,10978.396925802519,14667.787100145186
491908,115059.82726181274,-28505.85405704655,35383.16986242606,26028.166827659457,91180.54753687597,158449.37815011153,57875.392440113785,107331.72806396814,-32967.72213887907,48971.10760816161,20558.47961695558,-45973.832893786224,10834.19149642414,27904.526702445353,3513.6583396097876,20462.43119228853
491909,128984.4857484627,-13441.432727073021,50098.636420902636,39390.815639745284,106890.93422398924,174169.2491984268,73102.63319474686,122845.26790985813,-22140.55953233348,62716.36013006552,34944.23288369454,-32252.67526278013,9960.09639296,30841.542871816695,2606.7935473189823,32811.264713642086
491910,124343.59084695987,-17756.31313692129,44371.575840636455,33183.574326744165,102111.82692251133,169527.02265130042,67594.2886795569,118062.99122091752,-27923.154382209446,57049.402279246366,29542.83134101569,-38252.064588809066,18432.94285169858,30270.481378287215,10883.87369291787,28190.336252797668
491911,110327.64717004444,-32855.24747945368,29500.730619067817,19645.109089866804,86352.34287711333,153742.79228671288,52269.70707819103,102507.06578441702,-39081.83629880608,43117.52988969807,14996.074480377532,-52187.01491480198,19419.47316793814,27301.498385317645,11917.174480515165,15563.671788114421
491912,112882.24706659511,-30771.51073529674,32917.34688066199,23693.58259107659,88793.25778920214,156049.53360524506,55464.25471228423,105006.08670519819,-35007.31211651713,46617.018888058345,18160.90720222584,-48360.79421484427,12018.390777374165,27489.094322922905,4685.545699528786,18385.475111875097
491913,127419.65927828003,-15219.671240212756,48471.16718279249,38049.613982319745,105082.69472912635,172315.28003284553,71455.97495332148,121106.50719566981,-23140.88228147113,61230.93945257168,33326.55829098921,-33684.47458916925,9214.441713894023,30439.14057773526,1881.8880657116756,31471.389080845987
491914,126750.1163533491,-15262.52215550623,46995.91045133688,35747.483159496995,104765.94088459184,172129.74553011835,70304.83035501595,120719.94638479548,-25752.874136272636,59538.15469857359,32060.808267642795,-35708.1949545354,17035.958004014006,30708.746258883897,9525.049196335865,30359.271159259042
491915,111962.8981795009,-31015.759045034294,31112.134162883674,21022.152331368787,88253.5669535677,155636.15132373793,54022.353813538764,104400.06017557695,-38027.54086522102,44588.51529273746,16581.84943946671,-50741.442941827074,20136.457232683235,27668.172536462367,12618.680229607437,16975.32341278044
491916,111095.61843528564,-32579.522229495567,30876.178715180224,21704.294146435426,86868.89572871379,154114.99106738687,53452.39544378216,103105.77555107865,-36793.710601564235,44642.268198607126,16175.46460609854,-50383.56912786783,13361.210054269524,27177.101391074633,6013.737880414401,16646.44429663728
491917,125285.0376264505,-17570.710432139458,46232.63057355312,36098.790223933946,102659.25327652114,169854.14090566078,69155.2724196167,118730.35246358697,-24675.93809030213,59151.07996205864,31113.833746878187,-35726.161407885855,8815.29094807924,29951.385934156424,1510.7981357922858,29605.19392431864
491918,128635.81637397096,-13342.295335822017,49105.840712750956,37863.8205742498,106825.22572669506,174134.4255244684,72444.17604451181,122766.96179670354,-23928.079021669746,61549.23796869841,34071.80644319715,-33630.98271860433,15478.455092126194,31035.092963042818,7998.550451954046,32082.650529722097
491919,114067.25502216733,-28691.866413103773,33265.33563952154,22928.50258311638,90671.86616469556,158037.44492910412,56298.51231650734,106784.25390101227,-36508.69134371428,46578.90283976011,18691.425834924063,-48766.113440382986,20490.295951165044,28133.151218974403,12975.712224377825,18830.71917483062
491920,109818.0165247834,-33818.96691394104,29377.94420911983,20191.63174937286,85537.45606536993,152772.74997049617,51990.30203043515,101772.77061111358,-38205.21812873722,43169.72226293659,14723.294671913032,-51910.0495630241,14731.969321531535,26969.820192225336,7363.809553106648,15360.359695333207
491921,122813.44461235865,-20240.292036691095,43616.98795158746,33757.27848728119,99892.3400072452,167052.11984532402,66469.69962479552,116000.24220522975,-26561.904878576257,56709.637193189694,28544.76442117074,-38149.220546002514,8821.954232001859,29418.637370314085,1541.1400472771322,27416.189517708277
491922,129858.82275531042,-12136.347830741724,50534.015753280015,39367.961040261056,108145.2289128488,175393.79813290952,73868.72505585787,124079.90693063669,-22578.61179103438,62938.663925683024,35421.47392238236,-32174.853289937037,13897.729911568591,31211.91001045771,6463.462379371894,33243.02986101275
491923,116547.6196317524,-25995.105930112262,35857.89577036355,25283.695926621156,93491.3442740068,160826.88673094075,59003.44257844755,109561.05718039136,-34576.031024932876,48999.10988675746,21225.68726464329,-46343.13423468002,20539.31799460126,28665.18493969799,13013.437332904437,21052.848485649643
491924,109106.78813100966,-34449.79952025028,28480.197900993237,19221.896657203117,84839.73104661093,152060.3576995699,51146.49145095559,101060.3808010527,-39145.42634423495,42270.90695850493,13866.787917348192,-52863.33377753539,16103.70369573763,26882.234757454615,8716.6152011457,14602.450574875113
491925,120177.97824380967,-23061.25048518276,40799.411783117015,31192.97817045661,96953.36087341262,164077.9679108268,63586.45465531409,113090.5837521531,-28663.17808205068,54064.27002295356,25781.715488700436,-40794.84852153287,9189.635601189933,28872.238010520283,1922.891414993652,25047.392825219875
491926,130340.00615039827,-11734.902973900644,51180.771582218214,40158.100948870226,108626.30916963142,175813.25448598986,74481.79820911534,124560.28577351198,-21802.522476027934,63594.731782223695,36004.232855512964,-31451.032436965645,12357.277448170129,31232.728808633103,4954.3960292333195,33749.352838381135
491927,119252.86173143823,-23091.75435917184,38733.21623004279,27941.515133063476,96539.69215616505,163840.3639742498,61974.00642903973,112567.87864561981,-32371.93320525438,51690.953712953495,24018.52498679916,-43636.88617554663,20178.434653392986,29229.489972915697,12638.013117910948,23483.526495180995
491928,108979.67613410542,-34462.03409729788,28205.061722497132,18816.19228894372,84792.49928283779,152002.06169408257,50937.7972284044,101001.73991204196,-39612.68533823878,41955.062423567826,13616.682032802939,-53230.81183776415,17366.804248533866,26916.88369226534,9959.813324123745,14386.743983632343
491929,117535.3358943496,-25862.78496376867,37944.47838265933,28549.333781310703,94022.91490866155,161119.20652812105,60672.015342257335,110202.34035811119,-30870.808749167307,51370.25864929149,22989.458974768448,-43501.070671645706,9929.23145883191,28346.266683995134,2655.290920767092,22657.442777996413
491930,130092.66432597899,-12111.856984428037,51048.105540420336,40221.89437757193,108292.78505236571,175422.6519573541,74290.88591772257,124259.5349595639,-21613.555437508156,63526.74400303449,35832.764484259314,-31449.72771477745,11003.939851138946,31096.306520251303,3643.4430445389366,33649.20863025539
491931,122100.30478056475,-20062.381750702592,41798.7555424126,30822.262626410855,99729.45059096326,166990.23672992107,65120.32842141739,115738.18059080167,-29956.346881323087,54585.01161367586,26991.48874952757,-40710.659739286915,19412.09759018028,29795.30953825303,11895.728955383325,26091.296229599997
491932,109542.33624505774,-33737.195671164794,28663.67750160844,19087.91828443332,85515.40355503582,152716.5834218137,51483.20383911936,101719.00970426865,-39495.409777450914,42347.54332105555,14092.972781003336,-52883.5613087153,18484.994178359197,27069.010918973174,11069.294385064117,14851.044188383934
491933,115114.70589241754,-28393.99843700021,35281.248384567865,26035.454152397073,91360.0592764144,158433.444770739,57972.29691422032,107578.5391090856,-33010.30924848734,48857.19216022984,20398.22985303388,-46050.00580400556,10903.222365102423,27875.74081860816,3627.603719359499,20439.32146210591
491934,129144.72694832513,-13226.144584751753,50135.323838487224,39538.53391089993,107181.96769141295,174260.06338931574,73308.53845173106,123189.11040318303,-22045.900483397683,62743.452577863194,34915.40247454839,-32188.944796185253,9911.989499901405,30825.703597453157,2588.5748016173316,32911.88056069025
491935,124807.86197859679,-17209.634499827756,44743.11307471883,33628.608292033925,102749.07264246058,169964.021716911,68124.28847751346,118735.96355208737,-27586.324493774653,57399.706097451286,29844.03445870313,-37876.463339176444,18338.148666321227,30330.00414294434,10830.188977378348,28560.680456279217
491936,110671.51346011435,-32420.31316547799,29737.26885571442,19939.254474278117,86867.11676212464,154061.72702477698,52653.55527147049,103052.51979676174,-38876.18986759029,43350.04441576577,15174.781719421046,-51948.935851139606,19487.271523146264,27352.89679081973,12032.402214876736,15818.884463467584
491937,112935.04521773709,-30647.02491177127,32853.75043318824,23710.55408951841,88983.83583347217,156041.99526529384,55525.28772293121,105225.33588463544,-35034.04413013981,46575.26876805686,18047.191115242702,-48407.39526659669,12112.749518522838,27480.41232328828,4824.561712935234,18377.293906759962
491938,127473.34098099443,-15108.934685355214,48430.99035152039,38106.8511292239,105263.84085528643,172295.95908571128,71521.85499769141,121312.19034039124,-23112.055433895,61227.37296901995,33235.35407516977,-33692.50271287224,9171.482864472031,30426.96834090086,1887.2843634813958,31488.260782783993
491939,127112.96732202392,-14826.11092760147,47293.54685023355,36116.538334719175,105290.91834684282,172452.96930055143,70706.53441210013,121258.17966925121,-25457.05146582164,59863.08535963831,32302.530707751328,-35391.34167658514,16935.62482348073,30768.865357265247,9460.20772696544,30654.396775413967
491940,112291.27233136624,-30607.35426997021,31360.42532525823,21324.22372425237,88749.14401118446,155931.3922754731,54376.02429594734,104903.72788834886,-37787.27797318609,44881.80261377143,16788.5366052286,-50473.25341002622,20165.39078588516,27725.77711872749,12691.90250411791,17236.296936616578
491941,111164.06662726993,-32449.655899564794,30848.876235370753,21749.08194569267,87075.21681461096,154119.350203457,53518.60552816124,103321.6459340089,-36770.07348781313,44687.83559655192,16116.563295927386,-50375.5995485372,13437.419274018013,27187.753294312563,6142.770092457947,16666.632213903802
491942,125301.38320743994,-17510.624927220666,46168.90609480176,36124.62446826445,102798.62274766572,169786.47985331592,69171.80788589251,118880.99907906768,-24647.05757033154,59177.42045552803,31018.642843768506,-35743.970276864726,8828.919157071288,29942.5265171968,1562.3254499543416,29596.309484143258
491943,128909.89532102735,-13016.033843300935,49330.33485917315,38160.073259996076,107247.14077300768,174345.5873362162,72747.5414451985,123194.26300261603,-23662.684696995784,61859.43089178775,34260.36969694302,-33374.39739037122,15418.667534325377,31080.652035077354,7982.696289274626,32317.680089121797
491944,114371.3701166498,-28332.862572686114,33511.11378249724,23225.275189705564,91128.5946243558,158285.77093470073,56626.729475857865,107241.66346803651,-36237.764871829655,46918.85542358138,18915.028845345198,-48491.97038297616,20535.16389263703,28195.509959840267,13049.996117388095,19090.763160494367
491945,109876.83608538502,-33727.45170598865,29358.1608816533,20235.276885115636,85715.76782586862,152744.43623818818,52044.8599771688,101955.07946753132,-38147.10029939911,43270.65882653494,14693.02245654045,-51890.916343733785,14846.827059644798,26985.83014563688,7522.916775619959,15391.740567400824
491946,122761.21001454543,-20285.351536207047,43492.952014703245,33715.90422010411,99933.02015750574,166885.2772202493,66405.9652430611,116047.76393245475,-26559.15059310435,56725.707711204734,28411.76789935475,-38220.52590705619,8848.412387491204,29415.137995790206,1618.1878969445575,27360.49207480281
491947,130065.7165949283,-11915.694774622529,50698.955128322894,39597.52372219935,108468.11240783012,175508.87401693655,74093.81351778659,124403.78390310667,-22348.68620200527,63226.466774705725,35564.854304298904,-31973.677579386705,13789.292554084013,31249.7926552561,6389.995944630285,33418.63348134038
491948,116882.65215237538,-25634.958577062516,36146.53606175605,25606.40988928038,93959.3242497626,161091.84673982245,59360.26183019923,110023.36102356802,-34272.1090401571,49408.41118302955,21500.795875792403,-46031.03319723443,20534.765200188158,28741.070316213852,13052.676931325383,21340.871741404146
491949,109185.66413800289,-34363.1684417304,28485.30081974061,19270.399622800276,85020.28436562541,152043.4306682676,51214.93387500107,101237.05581867705,-39076.99602751647,42420.74931967124,13876.160656231947,-52820.978859136136,16199.119932398742,26912.62716210149,8863.212736803725,14658.176654340294
491950,120076.88291850546,-23180.004440416073,40622.38149287789,31085.21340981774,96919.7615094482,163850.84286703958,63459.50852865627,113057.07275628112,-28713.09644680223,54051.958044982515,25616.51919435494,-40913.65980587794,9245.922413920656,28861.29990307395,2028.2707082018267,24954.7853636163
491951,130475.12168547603,-11614.543991977602,51270.21272154948,40307.82170477613,108843.73199778797,175837.89099620865,74620.12134740615,124773.59179445577,-21623.82816346593,63840.62545938086,36098.006484051715,-31309.46822340777,12274.857542469108,31259.943101624856,4912.957857300311,33884.48820605557
491952,119605.24513840517,-22737.124770795454,39042.590060068454,28278.246631911497,96997.6179015284,164107.78160830727,62343.304542785954,113010.5866724381,-32041.35028823221,52144.897970229766,24333.55439917047,-43292.75361129682,20147.122295967718,29304.10816142916,12659.924156741086,23812.573772663785
491953,109124.04012668035,-34325.263979901174,28276.935663686236,18916.223402388357,85016.06703179277,152040.51941931812,51069.61258517339,101203.14876238725,-39478.58938359935,42195.751999431726,13711.579872295255,-53112.728660340144,17476.803222188337,26958.354511679143,10131.369609246063,14525.323827943774
491954,117451.82911237013,-25977.821923164007,37779.65265275055,28436.292391022318,93981.27553746676,160897.7244162658,60556.618412531556,110136.3519223717,-30899.13968717208,51402.776034713504,22858.948716190003,-43598.88621692127,9997.510466042833,28350.37125558155,2778.947869040171,22589.171335273175
491955,130128.81281072873,-12110.539832436105,51028.54288892477,40254.04393433474,108373.82897739197,175326.9629512388,74316.42252935944,124311.90808036191,-21512.521527157533,63703.10574290347,35841.09822101604,-31405.74393414048,10919.172004179474,31115.241518091716,3603.6713814628924,33691.79729465833
491956,122381.0096033927,-19802.23207439543,42033.76210716511,31081.345745311606,100078.83204745692,167162.16171507695,65407.6446453704,116046.59003066181,-29669.49166530027,55002.825279010896,27250.770955528496,-40431.72814190682,19397.734878222334,29865.945455477875,11919.033064837537,26350.497214473024
491957,109661.89954261627,-33650.06520345469,28711.121978907264,19160.05018386835,85680.19183436027,152703.2704961091,51583.79183844479,101836.73588623069,-39363.27461421211,42595.257074484194,14180.092498633008,-52782.571300006806,18632.73344964571,27120.200244073072,11247.47510102999,14962.75405539067
491958,114966.8388204084,-28602.29660698329,35048.98735975751,25857.802578545892,91215.39872274865,158111.76365756174,57784.68266324045,107384.88933293727,-33079.753573777445,48852.35548489765,20217.385567963516,-46203.05878746912,11013.85460365798,27874.162525977445,3782.234930234391,20312.875083439536
491959,129059.29538735062,-13383.082101142252,49987.15664413036,39456.14722607129,107091.78433982884,173994.86656556564,73200.57239095823,123048.9984566625,-22023.465927706624,62820.81000635913,34811.79560443423,-32251.514322431507,9871.18535754303,30823.167183423953,2592.7811019597784,32858.44404958444
491960,125013.79893074972,-17060.55236072138,44901.85372455149,33823.8761724975,102976.61738911236,170016.24238903454,68332.37089854298,118905.47643179353,-27333.61942979375,57761.171769497974,30041.386435685614,-37649.1130187184,18271.795092828033,30389.84578684328,10811.318457494399,28772.731396339073
491961,110794.00413485475,-32360.02490491978,29785.73725082115,20014.44010203472,86997.98131660282,154015.0414601431,52755.24016783135,103120.71330394992,-38728.68630761136,43605.735438802985,15272.143406429654,-51827.99847186934,19565.39962010068,27395.24376066937,12156.948120561374,15968.043044545913
491962,112816.78134274032,-30849.088067954064,32644.160967517593,23550.149272910476,88838.48983070387,155715.40325686464,55360.73334048468,105019.6902484941,-35078.34413179934,46601.30635089701,17898.50116811664,-48519.85023154803,12194.205658500174,27481.121359983626,4973.150823568973,18326.95962789672
491963,127382.53642435094,-15293.166446736603,48267.02650860023,38002.17740571657,105138.52763053458,171988.89097706854,71398.02497389034,121129.19260441016,-23093.403951637032,61304.25343694829,33129.89422665644,-33749.88933491466,9127.625353072779,30419.074401887152,1892.26101292402,31492.571196287605
491964,127354.32592060379,-14655.934895218157,47486.56033069299,36339.24816566321,105532.508335214,172514.3567514145,70949.52892442912,121439.33316368228,-25168.001811605904,60273.244940486766,32544.81139212884,-35115.01854427648,16815.40064407335,30822.748564464968,9394.207930483908,30976.046723536645
491965,112539.71077457652,-30421.110112880226,31538.722681305073,21510.143605614066,88998.09575335993,156003.55277392676,54614.89701311696,105096.60959852085,-37537.90817903553,45269.473642340614,17020.54109696283,-50219.76059234106,20201.116215102655,27788.73315944243,12779.970171217636,17577.35510583537
491966,111179.63372578005,-32510.458072768575,30771.37350044037,21694.597462090944,87056.34163913445,153926.43981480657,53497.999365065145,103260.40744724417,-36725.06755817922,44834.20243350502,16100.520179084255,-50362.90008364337,13563.063353218564,27199.428990821474,6313.252047063005,16806.696599899893
491967,125249.48051868113,-17650.45139589646,46032.61109369241,36030.61262920135,102694.84508249609,169510.40547211427,69086.79505385397,118747.18840084517,-24621.57072422692,59273.78985164861,30945.758374600482,-35772.392087950495,8827.197269818738,29933.623260758406,1614.045066271183,29703.437296537486
491968,129136.28849584232,-12858.907973109022,49498.82496079244,38355.90184230269,107454.34379570888,174380.77136523376,72975.18455485324,123374.22441818782,-23402.66620439889,62237.47292045156,34481.44621709794,-33110.257400887494,15312.939179109744,31121.214733446053,7916.999667320401,32680.69924738999
491969,114655.35410499046,-28105.356632254265,33723.831864981345,23447.829663289434,91404.87988927099,158394.01518728636,56910.591324792375,107496.42713606592,-35965.77805022015,47333.79775365352,19182.840263496506,-48188.02210802247,20558.653003782707,28255.36654247399,13123.265746682526,19516.052864183846
491970,109921.01257691749,-33752.78966721066,29307.166970328886,20213.24097386196,85723.18096820137,152588.00020883055,52063.98638400604,101953.63698429403,-38085.7393533454,43441.79603027538,14705.133634271002,-51828.81879810006,14953.501450043914,27000.281092013833,7679.693369444302,15612.153381747396
491971,122675.03975827585,-20459.387492358735,43317.61260968956,33595.18040194156,99787.89025500041,166577.3303742842,66291.856410944,115904.91663920309,-26580.174910516413,56777.18379653195,28291.122013579577,-38271.14532123405,8872.415240965356,29386.305172093198,1686.3731566946715,27484.47236346551
491972,130248.53347092262,-11863.411270166267,50768.60551624419,39714.56193381917,108563.56739574345,175439.30766257446,74227.93516062535,124502.27812970654,-22170.525165106006,63514.41598457128,35682.85281920112,-31784.93016484751,13667.84525086756,31266.248073252587,6320.898383762372,33756.083129905455
491973,117408.30694301479,-25402.967427295072,36363.25489908195,25857.379272880215,94237.31510865409,161207.73256778062,59675.40814893796,110307.2577347791,-33986.63417973531,49847.39426029469,21774.29067377693,-45694.60242515823,20511.621690807755,28792.116485092,13068.990735089516,21838.3471909304
491974,109735.83421331755,-34301.89788897432,28500.323667319983,19335.53475909885,85112.09079868055,151980.27222589497,51364.17156989518,101345.84236706728,-38946.286554642254,42689.377042986,13964.392162215525,-52660.45638076532,16279.92359818154,26936.07405853981,8990.180017439907,15023.12062578835
491975,120630.89520206414,-23267.22982254197,40497.217048516686,31028.669301816684,96853.5765678693,163637.3492984594,63491.06528734648,113018.93148859074,-28676.259800569664,54199.46113267268,25562.54882353811,-40877.5042678686,9300.071527458296,28850.357552427507,2115.5882505979025,25215.12437621848
491976,131312.12099202359,-11501.548934739832,51364.73791870818,40457.83887032044,108988.92447616231,175840.56397822857,74893.43252912283,124950.59503888064,-21414.329619693013,64197.18605195981,36248.02770133797,-31065.913043040146,12167.407072160491,31281.208098011284,4859.398724381095,34321.9034428017
491977,120745.45142897326,-22383.15314853221,39360.39365198964,28615.200265199037,97390.25518952332,164361.70434280002,62872.07100595624,113439.65935976815,-31685.736940973915,52707.172758357265,24697.09202610929,-42849.76578254459,20103.366302143477,29375.592394777115,12661.344817787105,24436.06315879796
491978,110176.310930474,-34150.996853410106,28393.777290525897,19046.761478810055,85216.05190706541,152106.09954427287,51422.92654649679,101452.58869391051,-39310.35555175513,42552.1189441695,13870.323076285904,-52875.29371565096,17559.31135388924,26994.118268835053,10244.192670566325,14982.329273275838
491979,118343.09845382933,-26047.322931499035,37667.803730787906,28358.519754649264,93925.25650625884,160712.7349364209,60691.48777771939,110140.65618269762,-30911.151334102226,51529.45158663956,22775.433995955013,-43587.020559867946,10070.33909332092,28322.340535552252,2893.5323777849835,22846.879629908133
491980,131195.9093775592,-12030.904857143425,51098.03945835412,40349.59528577549,108474.72163237349,175304.61029886254,74641.96956674554,124475.57331166514,-21377.96790565893,63984.98221495876,35912.22005520584,-31232.11948491109,10817.242785374097,31114.83303293921,3553.662144015084,34078.242061185025
491981,123754.27367857126,-19412.698228410878,42402.60870691118,31430.35098544615,100497.31427968669,167463.44687325862,66055.7830971784,116527.74767792292,-29335.307787531816,55550.8952134142,27604.94407458149,-39994.72240701447,19299.313518981813,29940.13576145163,11863.919861287308,26963.124161735883
491982,110935.06066854075,-33398.476381062384,28914.88706201767,19329.898667029127,85943.37783425485,152854.7889744558,52082.548441034254,102170.32335412626,-39188.17261649827,42968.50321248559,14364.951180024887,-52522.85812720528,18723.345459982338,27159.09515137648,11376.4009226128,15437.565773859285
491983,116024.64723829445,-28613.57826415481,35001.75924629126,25797.230060180125,91197.24719163173,157985.58428686205,58029.51759646849,107447.08464121293,-33105.7098030803,48967.792331310644,20136.36427448724,-46196.397319162046,11123.173627344615,27852.32387415102,3929.6121224372655,20559.496272299228
491984,130170.85909295814,-13350.182217082898,50018.86223210745,39477.301332760966,107121.47217140364,173921.54721004068,73521.56583286339,123160.16771371712,-21973.380024120794,62999.332095649734,34789.345160265875,-32177.019541871912,9805.629101126744,30806.72894331523,2575.6345030718994,33145.66435911314
491985,126430.85521184298,-16700.48950893501,45259.43434508843,34135.77307256729,103340.74165580687,170286.21826646454,68990.98828625989,119347.52297507637,-27049.58721532477,58228.13547947136,30322.25405464653,-37287.145312085,18160.130327733998,30433.900109670343,10741.09952708007,29306.333938666965
491986,112187.7947262675,-32037.566830295305,30075.011443750012,20237.84813000779,87310.48125198085,154243.68043065327,53357.84202098274,103515.05794582621,-38525.696872415734,43991.85139353854,15483.117554395216,-51547.70954361219,19602.83917480319,27442.211037528516,12233.468113856066,16440.27527260435
491987,114019.40417950391,-30748.48342219813,32706.902849882747,23558.783083267455,88908.62859907828,155706.40033352538,55738.14034477253,105177.59525705034,-35062.56403674862,46752.88229143531,17876.17414307694,-48468.65626240751,12293.126114230756,27479.925019171034,5100.750267996647,18585.25886268359
491988,128581.25244088456,-15197.864368017452,48347.64151889273,38035.63766328206,105199.22838309899,171972.24640515464,71788.64767728242,121279.06522084774,-23051.570261956775,61456.07353265955,33108.2902234934,-33690.58244193753,9108.494162483752,30409.98497557261,1911.1832237877147,31735.35648865529
491989,128800.2505503039,-14285.906625821633,47845.68135922315,36625.58581459041,105875.67718600831,172786.3916259815,71623.51109611602,121867.34395945916,-24923.45978320681,60674.15369734647,32785.90110181459,-34806.27373084148,16765.639818133946,30867.045234491445,9375.619505292354,31413.08287471738
491990,113950.39464060731,-30094.85425184904,31830.203772851863,21715.698999177468,89288.34908719023,156234.99119863048,55228.796429366594,105471.85320220227,-37373.85919346295,45592.68305385025,17193.46177634326,-49992.61792586339,20285.374492477134,27831.639601116924,12894.061239855002,17943.193105209797
491991,112331.60272891917,-32480.577194296493,30768.683975017713,21627.542287778364,87037.14674468755,153848.83986213943,53812.2472720565,103324.97166626937,-36799.89392346252,44867.118008240664,15976.323800881111,-50426.3527123252,13702.897556935433,27189.010998850146,6485.394070446338,16901.682879129614
491992,126276.69535135519,-17760.153649533782,45928.48030756743,35880.84331467672,102536.9164008863,169286.45206362242,69286.63607092938,118668.82438665298,-24753.659504502935,59206.99235334999,30710.35199064374,-35929.93162695065,8848.236860113004,29902.14707409134,1674.6859538784975,29682.46891377794
491993,130421.54439626406,-12687.600623663495,49700.23706731302,38490.58306812552,107592.51092458516,174449.30145029246,73481.02566503873,123583.77720640106,-23295.83140961109,62448.345048585616,34530.51630163001,-32986.07353774832,15196.975984249339,31142.79439101516,7836.613573912663,32884.430306839306
491994,116067.79777955188,-27801.792056923714,34030.68932519255,23661.57049761542,91669.35293849226,158598.1086338528,57531.19600768783,107830.26498297587,-35798.31180286099,47631.721874642055,19327.930117329495,-47977.98461374348,20563.82740762654,28301.043085177327,13160.304805126962,19813.043616957668
491995,111127.42656325123,-33682.19018361807,29362.966540792382,20183.850464660743,85736.56812028351,152544.10575063503,52432.559410747825,102036.9449896434,-38130.205305581796,43491.6402594637,14599.932534514786,-51865.35123101894,15060.506831225002,27009.321930768667,7811.723470796122,15687.307486765174
491996,123743.14990240285,-20537.64673354727,43239.99817911474,33449.34100450874,99645.71807876117,166369.03199828783,66520.452308178,115832.9562690094,-26703.16607559984,56701.27706273482,28052.16247171479,-38427.329840192295,8907.869922071974,29369.210851156986,1744.1961304663653,27427.556299978325
491997,131487.43755803918,-11690.085406161332,50963.99382192019,39826.694087976124,108684.46358656127,175482.79519660812,74726.0398137357,124692.37792599946,-22072.057391729642,63685.587671295,35698.018358909176,-31686.56050808255,13597.919792822948,31286.12408173729,6276.5259320591185,33897.25337809551
491998,118590.53825367361,-25091.485490762476,36690.941702717144,26067.719515553537,94498.17065626277,161387.71715572954,60289.72292386196,110642.22348190192,-33820.48829133282,50115.252956660675,21904.469036463954,-45497.72953671498,20520.879101127008,28842.24375666343,13104.44437255177,22069.82287761616
491999,110519.28809636239,-34229.31425207427,28587.202703286097,19306.8842500507,85121.76365259849,151904.09933211247,51701.49447642482,101437.63519961617,-38993.04458189122,42704.071489752576,13846.496086043488,-52711.31698528126,16406.49614921425,26944.420661256598,9135.471162365291,15030.298954018848
492000,121059.77817636426,-23435.15980123443,40370.063551562875,30809.29503059315,96621.11825958773,163304.4154793133,63573.08230275315,112871.66873376437,-28875.397664862052,54002.40366204873,25225.586610501425,-41129.574260563546,9324.711541027376,28820.716060618553,2187.3248856595637,25011.890064483752
492001,131793.9015936664,-11507.446567913421,51427.31596778485,40427.627683027815,108936.56251187561,175667.69152977678,75137.84193734807,124979.97545079597,-21449.454682932337,64171.804468365226,36088.5495162154,-31135.87891169232,12054.504928985745,31275.78883505588,4791.020792087873,34246.51880749101
492002,121350.01329551953,-22161.56806375685,39640.033471007155,28784.291760966167,97577.79957551882,164416.08426450487,63318.198874165355,113708.53302520717,-31563.028307574783,52880.01740028008,24754.49111449706,-42720.85779728122,20087.104891269264,29409.67180755121,12664.162575476446,24552.48247880803
492003,110557.96751765964,-34087.635469102876,28496.890638325127,19053.768081081664,85238.31156405306,151986.2451693343,51670.478870732746,101562.2801581999,-39329.13009955695,42562.164567791755,13768.075771579082,-52910.44224154277,17695.910231655645,26996.86173036943,10384.053360935446,14973.562418142013
492004,118447.94621856009,-26225.523433279104,37538.66672818536,28166.093224858247,93704.61207227893,160336.79218672038,60679.77524968435,110010.75973081055,-31092.150643190616,51325.893081712384,22452.29915080586,-43828.746735284134,10141.714473306656,28293.272513052398,2987.062621730045,22633.476668965148
492005,131332.86374176975,-12140.55732667792,51059.584100699794,40262.17147841962,108340.95966203838,175000.18145096063,74703.61237139924,124431.41954226275,-21455.222295336654,63882.588251533394,35687.72602391724,-31364.734077445388,10760.497750394745,31090.138224886596,3519.8073227383416,33939.84185730776
492006,124083.04588578161,-19282.662589594685,42598.28800267026,31565.518392309263,100622.00537960425,167405.16669340973,66347.47710790766,116746.33690353834,-29232.75826194481,55672.20922427974,27617.6516482743,-39901.24835813336,19251.035514084637,29968.12137941331,11842.975368859134,27040.05005664681
492007,111145.90039795756,-33360.00456953338,28996.486556496384,19358.93723293875,85978.20932018236,152695.9002767315,52255.98595901317,102312.60569441333,-39183.403664661586,42990.19879522572,14279.50186577288,-52532.25164811355,18793.528665837635,27180.22089560626,11475.744557835951,15442.033516906436
492008,116012.66426455582,-28796.826079493152,34866.26721669855,25638.031608744404,91013.41079506879,157590.74525225512,57973.056267079104,107383.38583607801,-33244.774854934636,48800.194332424566,19852.496248420564,-46391.689434222004,11209.614568679961,27840.926470928338,4035.161443124088,20391.169943599976
492009,130183.72795846808,-13502.93751546984,49937.25710127045,39388.15919623127,106987.66176811504,173560.22629645278,73510.1972507161,123152.9858819241,-22035.458838454477,62895.490850144335,34566.47502161852,-32298.263460683753,9759.365388192886,30795.059565173884,2555.8118250371595,33028.7872998911
492010,126684.96034214324,-16580.634698685488,45448.801331417184,34303.90643050178,103506.08094673662,170213.00260291176,69254.4456923666,119648.77974486412,-26905.383700867314,58386.75755690092,30375.57846374822,-37144.44668939648,18098.872266393744,30484.324777851503,10708.79244813899,29430.19075986866
492011,112344.18227780172,-32001.313389142822,30158.094928049275,20300.409366504402,87399.43717518993,154080.06408727047,53516.62246445309,103756.71328166148,-38481.60052872024,44054.83686074911,15444.96902470125,-51504.874652868886,19687.25336087,27476.992542093445,12341.339238735905,16497.18089224676
492012,113921.5055994791,-30981.876702409783,32530.64221757593,23391.974348089632,88733.55549850834,155252.39208878047,55622.38788388884,105168.67437326281,-35206.56269458476,46576.55893104692,17587.34270971817,-48663.4369284983,12442.341740284279,27464.666640908796,5264.793018528118,18429.51954409033
492013,128419.42919187575,-15509.532718721259,48129.40206509241,37849.48223310629,104968.60695925131,171434.57563848453,71617.23789756847,121219.41433788737,-23189.565010031918,61253.4838745874,32782.762590489394,-33900.88533257721,9082.633725052807,30383.894362694427,1913.4175341934952,31549.258664485234
492014,128910.4322698115,-14308.10458410344,47931.39046704091,36731.7860999838,105967.10762280971,172551.2010728969,71759.79836079341,122129.87860666329,-24823.48003043416,60762.75388889114,32761.860373865806,-34720.9388091965,16654.71933085777,30889.21924254898,9295.903289007681,31485.477762176848
492015,114074.81777051465,-30098.358039636692,31913.775042935744,21808.736423533275,89411.64092096724,156016.31660444962,55366.82600274231,105770.61882448554,-37295.96447015243,45679.98817689791,17177.878480163086,-49912.26345992334,20305.915577190375,27867.398989425157,12941.588726574999,18038.02952070634
492016,112285.9866642215,-32719.070325008674,30613.908880456478,21501.141245358893,86928.41289284296,153374.39373692608,53708.94133855249,103369.10853968182,-36902.520913643326,44738.098118179136,15739.107954775262,-50561.38322523492,13784.955431276356,27180.918333480717,6589.295241951155,16808.198591696775
492017,126289.23704930105,-18030.28706038618,45768.486253660856,35762.43560500664,102412.29346939863,168770.73375384792,69176.6099423553,118651.63836417321,-24825.071029245606,59082.6487280814,30470.730507797973,-36051.25360431761,8821.755804327775,29878.589328046477,1675.7024103516724,29600.076948820268
492018,130787.5700846038,-12650.414706845573,49861.4426240226,38668.90242143131,107800.85927911353,174248.74064868453,73703.17168617877,123855.15307348974,-23118.39247196675,62627.636494739076,34607.28372855055,-32801.109964526615,15075.620093825344,31171.954079686897,7748.973773173923,33075.742009618116
492019,116512.23353201603,-27719.4704617185,34221.45589697636,23846.610355609493,91933.88644943971,158443.77915009725,57798.43557059976,108128.61475844582,-35633.502645149034,47833.758871071215,19444.97261564692,-47777.43740337233,20584.774254425745,28353.02396836713,13209.037619419556,20039.66118031962
492020,111350.48064015315,-33876.08070978613,29276.254020264172,20108.501475107154,85722.82642845262,152098.93602205557,52428.784753596,102039.23691936588,-38188.94947992406,43432.9111939196,14455.987393536441,-51930.0651292649,15166.767899320073,27007.899873100716,7948.374307544954,15684.346282259945
492021,123866.21621850035,-20891.494215089377,43013.123962195,33270.03006936258,99482.0374830934,165754.18795450917,66389.9820626981,115664.62575755453,-26831.06990082338,56527.79836250237,27788.195664897485,-38597.32354688845,8937.442444177508,29331.832566938836,1808.367042090918,27325.427734619112
492022,131886.58769664398,-11790.615836254841,51000.45982839711,39914.540352991804,108802.26180676729,175127.6894120609,74887.81537741907,124785.87214333912,-21967.21918377192,63783.876120547204,35710.95878097878,-31580.670800721728,13459.798201284824,31300.945089967463,6181.049457316457,34032.404784841594
492023,119161.00274081343,-25020.610013621033,36868.9191636796,26284.903744890813,94802.70245544703,161204.9594288491,60626.916654233704,110920.09187986195,-33620.09304574086,50358.20999630148,22078.901618865104,-45251.03634784452,20479.091399085293,28897.17176949489,13100.911180003699,22341.342650884053
492024,110870.72513488369,-34400.095366214446,28498.71779067793,19280.450092383955,85182.54634149591,151466.73420526448,51792.47476962238,101483.01391179964,-39004.86547050912,42709.5144246213,13783.304543551167,-52707.649888872096,16496.67382567214,26952.220640331638,9255.033056155007,15091.432756709613
492025,121235.4860840342,-23818.212033468397,40083.4733061797,30621.168491119384,96473.03723076398,162645.95916581005,63471.68647574051,112715.15639980683,-29002.514700911262,53837.51937261022,24985.114448453474,-41290.560995206964,9412.942162185022,28779.35735906843,2286.183690592409,24931.54826882977
492026,132158.3893513719,-11714.577348441113,51342.91723863424,40444.26747773051,108988.94851010648,175193.56682194592,75247.30548906441,125020.41823839433,-21392.168099620852,64208.776733701525,36052.439629700806,-31088.874042457013,11971.887812582934,31267.656722680655,4726.800052178901,34356.06257767364
492027,121922.13719070781,-22148.842727704126,39762.435280147576,28986.22064070874,97870.43794277393,164164.2102379828,63654.87953031721,113991.37331443299,-31364.13905709607,53116.49591486098,24932.68142863967,-42478.181448871794,20014.001138725176,29464.657767749315,12623.830536362679,24848.061385842695
492028,110964.77243122424,-34252.44926352786,28421.915860208584,19068.275287673965,85354.14242319082,151541.76506866474,51820.3952350165,101680.29112330233,-39292.946898290444,42623.536540258814,13772.518457669696,-52849.419775767376,17768.358148676627,27028.046632553436,10489.976208073465,15128.661110369401
492029,118658.82306837839,-26615.68285035454,37251.689292774994,27996.821443781148,93596.03245017756,159660.06518675768,60615.92737816158,109913.23701902236,-31196.38595659704,51199.53596950552,22259.229734830777,-43952.322832239646,10211.584913542967,28274.579587049437,3074.789375878314,22630.841936027413
492030,131671.921198852,-12414.91061158733,50916.707937170155,40239.9948787822,108365.36652653961,174455.4851307148,74784.69329140155,124461.1198266384,-21417.61420900095,63898.18945808382,35635.67326864884,-31339.290984442392,10696.29468039712,31090.883929645457,3484.9200744449477,34072.53757435495
492031,124663.81595978633,-19298.909241077454,42708.71316783286,31771.220495320063,100923.40992182375,167131.31522896246,66693.4681243384,117041.90507566946,-29019.409610049443,55922.74153397312,27815.993627518423,-39644.4061437193,19180.650953878234,30015.939809034582,11798.831674140285,27385.90073137566
492032,111605.48366014365,-33498.25703090227,28966.054787498295,19421.915090379756,86156.37933210313,152286.4502064432,52465.14246971809,102486.08937460913,-39102.29607758185,43108.818216042695,14351.22520379002,-52413.516200979815,18852.033993330188,27204.748674212296,11550.676595135286,15693.083827908156
492033,116242.62536803905,-29187.437876981647,34589.44913339286,25479.006583078393,90934.7151084351,156917.25975262042,57930.94085845751,107297.8862538219,-33347.07553795487,48692.71619189329,19688.19933590618,-46500.783979913394,11259.531962680914,27820.31825773074,4115.617522335028,20443.32799691772
492034,130457.33798393498,-13862.956916200883,49716.221242529275,39292.528727713325,106948.34193499401,172932.33178056468,73521.20325493469,123093.4412748657,-22068.79237074897,62844.213386759715,34455.176810218516,-32344.532954502192,9677.921908186687,30772.941778472563,2497.3519267316456,33132.35491227687
492035,127227.03948835541,-16651.90059716891,45517.942007633275,34470.298608847006,103769.78581169962,169896.96075775218,69563.05804286241,119868.14434270456,-26723.767222993767,58607.683989647485,30547.769079208614,-36919.95930402261,17994.271616177506,30510.038130192395,10632.399314794486,29781.321917519075
492036,112826.67467604416,-32118.8269103863,30157.37588379791,20386.742709091133,87610.84280040287,153718.1904185083,53761.54912570784,103912.10427996688,-38379.48965433506,44205.32353078798,15555.61753264824,-51356.99704897521,19725.341865474635,27493.32623268853,12406.181873127658,16818.175608854515
492037,114168.64042009499,-31346.031210660905,32279.27873177444,23250.3675999162,88684.9851954383,154637.38694560895,55614.54120978968,105058.62764069435,-35298.842761089654,46493.263294274075,17460.091307754406,-48747.79803270621,12495.205880658585,27441.422528839565,5340.477793890263,18552.888786826206
492038,128655.17666134493,-15897.565621326594,47876.952686095094,37720.69013203,104894.74850001802,170815.02798318735,71603.64869940307,121071.85171422473,-23255.000524524054,61174.57682759201,32651.76792888064,-33975.604747300735,9007.053050748951,30348.27013687489,1875.5637492567366,31672.96601829927
492039,129414.18655111821,-14407.816286546271,47968.68951546478,36870.74564373091,106188.98066865832,172259.08365139418,72042.30999277814,122256.9074814792,-24667.259569148184,60952.61858415125,32911.2093442564,-34523.91436696825,16506.748255160317,30910.419625292758,9170.545960971514,31850.648124253566
492040,114582.01511056132,-30165.267165094177,31950.056874411322,21933.71653954676,89653.17013357703,155776.19034470373,55658.67473547184,105910.01279730929,-37160.745180018326,45867.121012776435,17334.447580965112,-49722.02356672913,20328.808129092264,27884.217906880564,12977.000438228351,18437.528045785442
492041,112516.8284793635,-33009.64591139121,30407.739884638104,21403.82825610969,86921.54928700806,152908.86863896903,53752.09058485138,103290.14530263115,-36957.87456733265,44698.01625925583,15663.218416226697,-50597.670573850504,13874.477714077093,27155.41459160627,6688.857442716628,17026.34901338589
492042,126369.9503953709,-18401.894169341394,45481.395333664754,35614.17289957334,102310.94898450316,168228.14946537156,69133.87806131737,118520.68368770467,-24911.53226529566,58975.944852499364,30321.314754310075,-36144.922238133986,8806.785469548813,29834.85903610698,1678.7999703032012,29755.494976385613
492043,131002.34416068633,-12804.285979206732,49768.19186187285,38735.151835028664,107920.24440218775,173950.48750875698,73875.36932723563,123969.08713095795,-23033.74471481993,62728.36712673633,34671.282277034516,-32683.832727067307,14980.55613529861,31178.910793820596,7677.46687130901,33393.48363567578
492044,116610.51717550226,-27921.977621938993,34028.60558487529,23846.16562091838,91995.59034898898,158121.82926149506,57895.406432651325,108211.57136381183,-35628.2729480815,47868.3964845295,19445.753217766294,-47733.2834658152,20649.3548211685,28365.794766316525,13289.747039513019,20300.038837640044
492045,110998.63430167518,-34503.775621427456,28641.101974983452,19732.669104273395,85340.36258280496,151365.07630388997,52084.901228110735,101713.95336033164,-38507.95834139189,43080.632784797155,14052.778606931131,-52276.58105237506,15374.319686918374,26958.734583522022,8168.5763699262325,15586.286562260248
492046,123228.50203618588,-21804.43825734447,42140.241147413,32710.861713143277,98809.02384731872,164750.83600326048,65781.02483706214,115078.46828424299,-27278.092381082686,55972.10116919988,27154.42685921228,-39142.39301188488,9049.18972355254,29236.308948992137,1937.4595814411325,27011.968913368895
492047,131470.25341664255,-12460.693675002884,50417.483058617465,39646.844340471245,108385.09426581365,174393.80729505606,74545.80651319245,124460.69557184352,-22140.72103143916,63508.869558110324,35354.126870852124,-31831.54715199304,13387.935704374202,31256.070579156643,6121.009649004341,33957.317321747796
492048,118983.54551518001,-25417.122895613833,36547.05063325012,26254.34024680739,94658.20888660378,160766.2925340755,60540.44830567332,110863.66695196231,-33580.88566381114,50334.582592093844,21984.206522274253,-45245.65030104667,20427.1297731513,28905.201868613243,13059.28986082505,22532.458579792074
492049,110653.71326448904,-34812.29976254877,28122.091039049392,19191.585286795354,84996.54805500628,151022.12568937457,51645.327551438386,101386.21379330847,-39003.76748242547,42640.052185938235,13646.495933098986,-52743.92156999217,16519.246494492145,26949.646591856657,9295.259035817928,15291.712386174533
492050,120994.73236677633,-24232.27518811027,39676.554137081286,30503.611596405248,96260.10918289218,162211.41290640974,63287.98614308743,112592.58865682509,-29010.79093970212,53747.31753301838,24826.817638134282,-41340.731835542945,9385.670530155185,28765.673819910236,2277.9329443045935,25129.77698554608
492051,132186.79549000482,-11810.102066303005,51225.46740559958,40589.220040026834,109082.4130659417,175090.9455133736,75353.95316970418,125193.4652450568,-21181.596197183615,64387.81486577212,36179.36590021172,-30864.08550200516,11815.419114840983,31291.81171880747,4586.309743865386,34790.041361015086
492052,122213.68470633672,-21914.20216804746,39910.45073423517,29356.110793505053,98276.58594637818,164392.51811825624,64038.61890870297,114456.29621803577,-30986.93050343587,53537.277313252955,25329.320160228614,-42017.78929178529,19943.30221669655,29538.792988499124,12562.805521829501,25513.808312549452
492053,111085.18847986919,-34150.06057464318,28368.723441549508,19242.09838261658,85590.69671036789,151624.9386341361,52009.33508418245,101961.54438292368,-39111.688316898406,42846.430151209206,13978.992359299185,-52597.51798449714,17821.446766372595,27063.32743445998,10567.545676980153,15629.170447749246
492054,118515.56195349539,-26761.764445396282,36914.02030491404,27926.459098443578,93550.38630206723,159489.6786114613,60523.420376737704,109900.33577746237,-31230.95254279893,51164.151700050745,22199.84056376061,-43963.86741565187,10272.762889895559,28258.83761077578,3161.2064672152437,22878.57428043502
492055,131594.10950025253,-12469.920521811857,50653.75086435932,40268.81571327649,108401.01591891795,174386.18472493667,74776.88639866005,124510.52335491049,-21370.65657710589,63945.33974312947,35660.172335878466,-31264.88997665897,10612.90363392168,31083.73555584573,3424.526886316927,34361.83100961112
492056,124803.24537972953,-19092.172983183682,42665.89736511045,32014.84509473873,101214.66360389718,167321.27528340463,66924.0692464828,117321.28075533651,-28805.9503063172,56180.63735521744,28069.735252710787,-39357.45847198725,19102.674377238865,30061.12753946858,11745.970159735392,27857.362213330947
492057,111640.30057515911,-33371.596794608806,28784.17144346481,19546.461942504644,86342.21153628587,152364.79766615113,52575.870547853454,102639.34971511574,-38997.69859238296,43244.86712342009,14490.604329555319,-52251.99178468606,18887.53426554392,27231.357526495547,11605.897877720477,16067.061412263027
492058,116102.0303553433,-29230.421276213507,34205.002111328155,25445.293201795976,90924.82990189653,156798.5428034239,57851.00969024971,107246.54233746923,-33379.346029976376,48651.5907314383,19646.463916834156,-46514.97048016027,11294.861191082045,27805.569860684227,4170.819237659525,20652.031770382993
492059,130376.6948312954,-13836.012254815178,49379.833634448005,39345.33557081595,107000.25869280886,172887.96328504023,73511.2401013507,123099.00337816015,-22019.896538681463,62878.29402335151,34484.637767617896,-32280.864788493906,9586.830434901489,30760.29203395842,2430.186868384503,33391.96531169428
492060,127369.88595643397,-16370.232666998789,45377.54870529972,34741.639565342775,104078.18697977703,170124.17171767738,69798.52089585907,120121.35982946443,-26506.63342149076,58855.6324669712,30806.13923109475,-36642.19886153135,17889.597511370535,30547.66733024569,10542.269354702974,30221.162674861553
492061,112928.25023733411,-31858.960220796493,29921.07619377002,20595.721805414647,87883.41044255103,153911.98053989853,53945.74173492138,104133.86781770078,-38219.96717359472,44395.24818265767,15766.444500348101,-51138.67064818645,19764.385097512775,27535.755033166195,12448.6778533034,17213.544863954474
492062,114112.17830223749,-31243.653583522108,31843.75382486559,23307.767797197765,88784.4521249008,154645.97298147256,55624.889144262335,105122.58905497669,-35267.47536096415,46521.48686519663,17509.57381410028,-48689.629875406165,12555.488189966116,27448.701546033888,5411.634367543516,18792.233751890253
492063,128621.12701837256,-15770.297427922294,47452.256418074074,37823.61337138359,105013.68370384016,170836.45336917278,71639.66430820149,121170.75652630044,-23182.698308759893,61228.59662782004,32727.634146556484,-33885.85601859612,8971.494556713556,30341.608455507885,1845.8504346636623,31927.250667912536
492064,129603.20351627663,-14027.100740381135,47768.910911459614,37201.04301144068,106562.35966570524,172540.2363979799,72322.88981383102,122620.27026065456,-24414.92426115524,61223.854709488776,33217.25108130234,-34213.39505632981,16419.5840000353,30950.034913775322,9096.161294039695,32290.22315350608
492065,114746.50301097475,-29781.076496797818,31700.19810982438,22220.146338230214,90018.16527541305,156055.83892411093,55911.08001626048,106279.86429825998,-36956.42449498619,46095.252467605846,17609.589352591458,-49453.663996402945,20329.76969649384,27937.67151702717,13000.000920831,18838.088788632922
492066,112486.2966889466,-32816.852558367595,29936.385779085576,21494.469234129305,87079.83648612442,152971.73403948813,53791.42078467956,103469.42956842558,-36929.34616408491,44720.71458852212,15732.629699364512,-50536.083584455104,13923.872000393665,27167.392678518467,6757.471152563422,17228.45164233386
492067,126312.88502763907,-18239.883285030854,44990.24669280618,35697.989866727774,102436.97995705475,168237.05282502002,69144.03673356611,118677.97864420777,-24887.138545916314,58973.550896744906,30364.126689710363,-36107.13784825953,8782.652205201744,29827.737052019802,1663.3606881984942,29927.922821322936
492068,131235.30774520885,-12328.963016068497,49607.93393600335,39113.53784175482,108367.08025991298,174267.0296151415,74195.93768634446,124452.12489507173,-22764.511986624213,63010.49989663845,35010.14747791604,-32358.764380668745,14827.469941704301,31218.558620021016,7535.703509646018,33819.85616145237
492069,117037.26836657696,-27216.211163729542,34068.58656401461,24377.253349750183,92662.77751839257,158664.04920463977,58406.01404564207,108919.94567541161,-35230.3247451921,48304.28738689698,19962.7807439471,-47246.840474374585,20554.585617486984,28442.88081535683,13207.375222462026,20893.03459148974
492070,111394.88759243903,-33803.91999106693,28631.094962359126,20188.683726980318,85975.94394145525,151880.5315817063,52534.65765639585,102395.13393316064,-38182.81533641589,43433.805693840804,14503.666082199565,-51865.43480248249,15319.127525959439,27010.281950346907,8123.621158865153,16135.10723440174
492071,123672.49301093923,-21033.708062134647,42173.69417218234,33184.47491041696,99497.1322990916,165307.0476076896,66260.02228674004,115811.44115085492,-26945.946820033314,56336.64786475287,27628.935806690224,-38718.29199341647,8966.51397868644,29272.495365282495,1865.1693798360761,27596.48657881295
492072,132129.31180540833,-11431.746769645424,50689.93786996692,40318.074110665206,109329.7286108738,175186.28747350205,75258.2480735471,125443.24323278041,-21673.983888243816,64065.72699520903,36040.670623775906,-31221.86315401648,13241.713859088231,31326.313827849488,5979.654042397906,34702.10972390574
492073,119636.49667641855,-24353.34243387328,36820.21381445561,26902.428557189865,95629.6550806447,161579.9591324118,61256.57623914129,111867.43706181855,-33170.66994235374,50862.65291776729,22658.491934817583,-44675.38282265063,20412.78059788025,28990.320001965287,13058.513303874222,23226.40157730238
492074,110879.7751605773,-34180.09661872526,27956.53717310249,19430.889747649515,85517.66285658606,151395.58182682216,51913.65316565549,101941.75148104876,-38966.62336152944,42734.35279656371,13881.771347517806,-52613.41596182644,16655.08692279217,26964.162893661178,9429.71586725949,15564.773284967065
492075,120862.68282967879,-23991.54003334115,39163.63944779613,30444.48210837293,96384.27067448503,162190.25923841575,63186.22843823462,112751.666761605,-29230.462601284566,53501.56843743513,24701.01630236627,-41551.01539525837,9508.160223315095,28710.108755267025,2403.429686830664,25064.044788333435
492076,132107.09022002202,-11537.493584697639,50807.831980042596,40641.18728313896,109260.91282828772,175104.37993441435,75330.63841571489,125398.01045842544,-21297.429463888682,64228.29061463684,36125.088638869405,-30985.322027436676,11787.41562239172,31252.81731922961,4574.049102545255,34768.163835304076
492077,122280.04858725237,-21497.490525305107,39665.515429326886,29571.0945602545,98627.92883703887,164544.01027607115,64185.45900770256,114819.38986633721,-30956.946817166598,53533.79444568108,25432.396910442203,-41975.95138492707,19899.871059293808,29552.95229637478,12541.561442778235,25612.655690296437
492078,110979.91217650945,-33927.798444366505,27942.12394620688,19290.343647564197,85759.86303061555,151569.3991785132,51970.761475200736,102138.77593434324,-39207.22499596131,42670.29794253547,13906.754470917007,-52716.284071639995,17877.25192671858,27051.29980301483,10622.35264691632,15572.812371219363
492079,118222.78890949665,-26764.964288179614,36299.38595844968,27809.59801055772,93504.06201557776,159213.39238900255,60278.89407849788,109865.2033380031,-31451.224149900678,50808.64210168036,21931.334972240318,-44253.42301977703,10306.262532838138,28202.10234090823,3200.48526142819,22658.19124585776
492080,131424.31044320407,-12368.90579098487,50193.71737327475,40293.01760428195,108482.78835572155,174237.8039374252,74666.80089623624,124605.50517884374,-21459.22919733375,63728.541926383296,35520.84859106057,-31408.697952622995,10515.997399703103,31043.42261254577,3337.9003672082554,34263.43914558679
492081,124923.65446162618,-18685.02011954181,42529.15776724047,32312.80291439506,101629.18444954316,167494.11719102057,67131.02354389383,117750.8249978084,-28666.356741800053,56252.58432676621,28227.95523020762,-39211.47475006699,19018.982786442226,30084.736092680552,11659.238664281298,28013.106540764114
492082,111657.83834425718,-33072.596384904784,28540.592060946976,19713.750997381947,86655.17220218948,152417.731803476,52664.687966345635,102980.55201416394,-38968.18420740799,43196.59201317313,14533.51467954145,-52221.2881026633,18951.117975351335,27244.633655352136,11667.769507588375,16124.0774461297
492083,115871.99552983904,-29212.51854232765,33712.00560406603,25373.50249435523,90958.71046885465,156563.77802743606,57663.60447529971,107320.13460572343,-33550.66048808417,48353.79219646434,19427.161077262215,-46729.14682884925,11368.855824257846,27768.417797033042,4243.37794275815,20475.137585181987
492084,130162.79306976516,-13821.575293694894,48943.81119053706,39315.68380791262,107043.9641428247,172672.90141926747,73346.18091698826,123186.24172534978,-22145.994518974305,62616.20365198192,34287.78092548782,-32455.810719995952,9523.936083680863,30721.89344261803,2372.692809048374,33235.70439854193
492085,127414.30997862447,-16075.447167918413,45267.124227465145,34967.97233028422,104417.85181908122,170211.67633380555,69920.90394958455,120503.65123679943,-26420.10817652178,58856.737808523896,30881.227757602515,-36551.9128428563,17801.829441926013,30571.18333043927,10458.363066663089,30287.570511961138
492086,112880.71662885633,-31651.0562816506,29741.952028698724,20703.562195556013,88134.8196006976,153890.7888424893,53963.82312943126,104426.29681570324,-38230.72816711532,44292.49603178044,15741.257755226128,-51153.71043873047,19824.836782739767,27546.14227394658,12517.245876663033,17192.187407219237
492087,113837.75571873922,-31289.03329658178,31451.67010433318,23195.099270353254,88779.8044440893,154325.87784921308,55391.14584503109,105151.73670379876,-35464.48483793911,46188.80380368259,17241.585423911507,-48935.15303051732,12641.434110654856,27410.311699719932,5498.281161495199,18558.363799572682
492088,128342.94810627474,-15848.918651815107,47083.65636755234,37729.68496632033,104988.6435477701,170467.87760052618,71402.18177727915,121168.7662704754,-23347.364265576507,60911.30074268356,32461.50324002915,-34113.39861430561,8932.263091136212,30296.912744337773,1807.3809280554863,31699.73402740738
492089,129547.70751685958,-13880.416806295465,47659.25136105104,37333.383298514396,106781.81773552494,172419.91563005507,72333.95152006368,122850.83438498878,-24387.047313113297,61143.472586161944,33188.344280902835,-34205.05733304121,16311.033377644117,30956.029536631075,8994.687058458949,32262.66461114589
492090,114657.00798893879,-29668.486619933636,31559.4736075635,22293.431602516874,90207.89327049145,155913.25852700934,55882.808400050344,106474.37778676544,-36969.9049086379,45977.14470695358,17546.164666200755,-49486.084082255366,20365.211663877948,27947.03769164346,13034.32735920286,18786.856589613955
492091,112198.26383735376,-32929.299092317226,29590.114214268382,21363.657151267915,87046.29835606825,152581.76180405202,53543.641645429874,103437.66474033993,-37106.376405622475,44401.18795176246,15462.83288120528,-50768.80748277596,14018.935179207892,27138.758515385307,6851.581697539608,17000.532997905277
492092,125998.86971095784,-18412.714149416977,44628.5470030652,35554.405716684705,102357.5972374529,167759.75159422093,68868.33560992786,118597.31763720942,-25054.69133915849,58643.25224231111,30073.45070425062,-36347.9907042682,8758.56903866518,29786.077658749455,1648.0475075002705,29689.076257858927
492093,131170.93645862857,-12261.771054259902,49516.78281414624,39218.968866905474,108552.32367176947,174035.60325982334,74191.23970147315,124628.64014339619,-22714.97230663608,62935.02169882599,34977.809986876746,-32342.90095723888,14692.83527422254,31220.264630985304,7408.634294513588,33803.787546325475
492094,117021.19247865972,-27105.794899629745,34013.957608774115,24501.357012866447,92901.75168004875,158509.521740288,58441.4902997601,109149.29683098636,-35159.32321994394,48263.539979962545,19972.069368728848,-47198.33547996169,20529.438397455408,28453.11167107074,13185.09414590065,20919.397565274052
492095,111185.026390223,-33916.984471990036,28354.055040038387,20103.017943878353,85994.49703159057,151527.93547562027,52343.34957736084,102407.93082523855,-38281.8386909519,43193.017916195226,14305.896453945195,-52017.799574661956,15400.8883765102,26984.441086858824,8205.77264299916,15987.829869628598
492096,123372.7098026236,-21275.805526293236,41798.26658867698,33015.20704298004,99400.26219802992,164828.1287148852,65962.79152666342,115711.99168804608,-27104.054359055714,56012.09015940779,27335.62746506936,-38943.97797964302,8991.351055212905,29229.634711012422,1888.3141678734075,27370.087501650316
492097,132046.4037791654,-11472.793086108873,50550.4570881009,40372.01179271707,109459.40355266588,174904.94735055757,75195.15409415285,125568.49077771598,-21639.186152232294,63965.28364177134,35971.245735982084,-31216.042735465107,13135.953857657705,31323.173836586942,5888.102544183522,34670.11406948882
492098,119726.7014302611,-24219.611144354058,36857.28751429348,27108.157293138538,95950.06642440397,161481.21413780577,61372.645179191844,112184.66514895196,-32998.229878058686,50927.507644558966,22767.25791663882,-44504.65628239072,20368.366894085477,29024.781297502304,13013.590366961897,23361.69254253261
492099,110831.88834620414,-34199.01064214664,27834.538761105992,19480.41872449859,85684.54474534461,151164.19186385282,51867.57111296483,102115.31910290236,-38918.5959681496,42651.695586916816,13844.918701269244,-52592.36556271401,16712.636667474555,26970.65948461881,9492.659774718772,15586.682458565236
492100,120662.60716753606,-24191.00248749571,38876.99769752771,30341.495493366438,96375.01824210736,161802.14587471343,62968.88480199254,112757.90904264867,-29302.297606415254,53269.11194396339,24507.119777982585,-41682.1367649034,9538.819525463856,28682.979077834294,2442.457502573045,24955.596954147444
492101,132078.0919548717,-11576.255250422586,50711.12443396674,40711.194294477544,109431.36310710906,174885.32055077134,75298.15185870597,125588.12296849384,-21218.222267526995,64172.625745203855,36110.726117885846,-30939.910677942196,11708.250795540165,31251.85188385379,4501.121822849283,34816.46937667705
492102,122480.25173087341,-21298.316264270154,39814.21171083604,29848.44247498115,99046.0200531405,164553.85493165848,64396.57796389216,115267.36208848609,-30705.5825153305,53698.69345364874,25652.30680922205,-41713.041721673406,19843.713458726455,29594.94836613044,12497.129448037751,25868.82440775122
492103,111072.37699225066,-33850.08221817112,27967.872819851968,19439.432185247184,86043.97927390206,151451.59484518395,52050.04099003728,102475.5870575774,-39062.75035727695,42716.04298958508,14010.245912652734,-52575.42878548794,17913.996849447587,27073.007815947105,10668.130208740024,15737.123166176565
492104,118140.6321623865,-26893.02451980365,36135.89154849417,27789.3856326705,93571.45203324055,158914.48024121742,60156.80464514699,110006.03526774046,-31447.980218390643,50675.05616407689,21850.13323013381,-44286.7756420355,10337.238789602095,28185.703690661263,3238.5537943049653,22668.166496496146
492105,131409.82539272774,-12442.2765425666,50108.09296624601,40350.31618895722,108613.72113678834,174029.91830580795,74617.96275081407,124801.97572759684,-21386.18135246444,63667.04227738309,35509.836545701735,-31363.32801935031,10460.419476038122,31030.73770005906,3290.971952000634,34340.700136865096
492106,125123.60689493334,-18535.53420357092,42664.78086660413,32573.4075955625,102003.4241498322,167517.17553196012,67310.49660867178,118159.5612556659,-28425.147968556736,56397.54664961168,28437.839083296814,-38956.288684922765,18984.871550901506,30120.55009706398,11631.595097862857,28283.287712943915
492107,111806.32753364871,-32988.18687127132,28569.00898325198,19909.506667423782,86972.59130166184,152350.8783201532,52774.038448827305,103312.62909804206,-38785.05059147171,43277.83570398729,14689.229118478703,-52029.78415637297,19000.847430319343,27270.509749722616,11720.139488870354,16352.567647083471
492108,115853.71781786649,-29328.11913380889,33481.863365381585,25415.4723148074,91077.70641152147,156285.54843776446,57585.0701764008,107443.98436493253,-33500.76426732843,48270.81567852815,19413.256278161225,-46699.740107353005,11411.936624944097,27758.831009420042,4287.285891665873,20559.164616154423
492109,130141.12663693604,-13962.136340524932,48649.94311257127,39380.08767964301,107150.1767153382,172404.292052568,73269.90611123743,123287.8665069648,-22073.99560666731,62547.49145391152,34279.11866648389,-32406.934046909057,9471.319260745238,30704.95158887996,2313.9269756994477,33337.400828707025
492110,127587.26473470453,-16013.633353973117,45129.16005989635,35227.53116387735,104747.52473179635,170190.13040003256,70060.34381058098,120815.2582054759,-26191.951540555994,58997.67783039069,31080.597559459362,-36296.46631517001,17706.315675878108,30598.21181626116,10367.091124318316,30577.698213184336
492111,113021.19904016532,-31620.91319377955,29519.364986885237,20915.185742638823,88444.00736719329,153835.9119204278,54064.702180129294,104714.41590004173,-38046.310221986125,44417.38379558007,15915.589976202376,-50929.38477346077,19871.687233308265,27574.06695865573,12566.924259967042,17477.823349169994
492112,113787.57243570207,-31458.340476099656,31001.377934332017,23239.232643012358,88892.8140151296,154033.52177201302,55294.75601892078,105252.3379564146,-35412.38678732239,46175.801929476635,17251.570529559544,-48867.2595367715,12721.734017550123,27403.110911435087,5583.2972823977225,18715.1774013202
492113,128276.74366127622,-16032.55159919971,46607.21578227863,37808.941218037085,105099.56400745723,170155.3986797682,71314.41872615999,121272.18420709412,-23239.52342041144,60952.618272041116,32509.75874531831,-33998.240264242646,8875.682194800951,30285.15904941524,1760.720600952121,31906.960798587184
492114,129738.60867068636,-13770.650623127423,47423.5895694831,37700.02939034361,107214.58684453598,172451.88985480464,72554.4833399712,123319.33027851579,-24026.645519227375,61499.1690128034,33574.534651451126,-33781.5950879774,16174.456294915028,31000.95034942821,8867.39114698645,32747.13914823792
492115,114802.32839042516,-29566.921472852835,31149.952051173383,22624.13973091805,90656.00192498318,155991.36296534282,56077.25784008912,107121.83270425185,-36627.18484280209,46344.307038755636,17976.61533828833,-49064.31445799672,20421.996568496546,27997.759668764887,13092.372946054365,19295.582033215862
492116,112037.3204605037,-33093.317446997935,28687.824166068796,21463.61409862244,87256.43171730217,152401.61346353946,53461.51140140046,104045.99675086474,-36935.73346699534,44577.723511169985,15709.042131312468,-50557.21784215918,14173.459994303263,27141.869192810707,7007.311218548453,17327.353106441773
492117,125706.61433198236,-18622.565897258406,43520.41689287808,35677.667985713095,102570.22907658467,167517.75769939437,68750.55803907802,119392.19783916535,-24814.627982957303,58876.36985749994,30360.001953081748,-36089.64705090872,8774.376305864043,29778.194019889208,1669.0890040867232,30040.87246542442
492118,131116.81367698935,-12116.19475541072,48632.70192831266,39720.8052260449,109189.2704492145,174172.27023373445,74437.14545884776,125996.18199506537,-22106.53369508219,63593.32378663028,35678.31769722348,-31672.008934627935,14555.554091095999,31281.692667256757,7280.947317263637,34493.98441879973
492119,116951.04028640565,-26876.74176003062,33078.427329025675,25066.970831365714,93678.95002586264,158778.33348596224,58739.75157718165,110819.12218814227,-34426.48663453394,49067.79871060024,20813.400538888265,-46411.7732347128,20560.084929601813,28543.674502676637,13220.070706899663,21710.203032806396
492120,110729.24794958392,-34030.85589710441,27003.148835875232,20361.83573347066,86483.1609711579,151488.37072545296,52269.16509328586,103961.14144889322,-37693.48777571958,43792.05342139736,14902.219861268119,-51481.57785143872,15572.070679120407,27019.198896298094,8376.6519740928,16554.833775122792
492121,122727.83725623171,-21577.942563107747,40263.37260169705,33185.945990950124,99800.3246133036,164621.78461472032,65729.57697300005,117298.071127216,-26414.69835378822,56652.869439972295,27879.336101952325,-38426.18183029117,9065.439348148662,29240.722828279773,1963.5659022032623,27904.985220458326
492122,131740.09395527,-11428.6085642917,49400.209226304156,40971.00982173807,110350.70914168599,175080.51378174667,75370.64457842309,127717.78290504926,-20370.875340705807,65214.35217720666,36999.46660356588,-30178.70938835756,13022.961990552389,31409.57421967951,5776.762004918548,35632.18484366933
492123,119658.40106940293,-23934.658351049016,35915.96802953364,27978.95244463622,97216.59485638911,161960.05136585067,61815.42596142675,114796.62510534975,-31234.459266126833,52690.60997538249,24218.974515034744,-43074.88290031547,20341.621863797187,29183.746925081534,12981.423913325649,24646.595277413297
492124,110489.47738521975,-34227.17421524525,26525.994925210573,20113.749630421342,86755.9941624045,151422.46953836046,52009.591113309,104638.32142414761,-37077.44530153121,44435.01897134063,15286.54542804506,-51263.62038864233,16839.24983847844,27089.334343467563,9609.489775813548,16754.73155123034
492125,120066.5055610366,-24526.201732044676,37272.70847126661,30791.050860685238,97274.83356026707,161850.12637335726,62853.0077457386,115203.75592137774,-27381.459392099874,55112.63738769804,26028.497091395562,-40387.64550116235,9657.34774814064,28767.40206562603,2552.161686475492,26045.804227610584
492126,131699.08849578007,-11695.74435346582,49359.497010803476,41459.6846381112,110712.12452137235,175213.58636618257,75469.07506221978,128578.7348919252,-18837.770283995327,66564.71046643384,38251.33700571548,-29180.039049860556,11667.311674960296,31410.49163122153,4453.060457923541,36261.2914489914
492127,122435.85354063362,-21055.501650446055,38798.94038235282,30977.206525119098,100856.75077297477,165279.4160279102,64968.21474613444,119026.86884718633,-27778.685630856304,56743.23137276991,28613.901551181625,-39325.670228446834,19833.951889605494,29864.38531337,12478.448851546713,27771.918732773236
492128,110898.49869625914,-33734.150569742975,26770.662862438123,20494.743016135908,87881.56741540073,152087.84496048072,52510.06553408189,106554.54224567079,-35941.35214940643,45994.43538496759,17442.738412437695,-49967.94783189568,18041.80690339153,27347.054194650416,10788.426715043926,17735.614668068833
492129,117681.29475841695,-27077.09474755281,34626.05890258867,28644.773632281478,95262.55865593525,159323.26283557364,60344.8593944593,114185.31135591833,-28207.373302346532,54076.1018163725,25593.831029978493,-41662.19717700614,10487.44997639392,28429.800125051468,3377.666856345492,24635.758457970252
492130,130990.79413129516,-12586.930568145483,48640.16609003654,41327.402714572585,110514.38488871162,174563.64818123236,74902.92468136913,129368.7556487596,-17714.00075536111,67510.48467145977,39776.19906480439,-28443.37986218403,10496.011173713105,31319.065392062836,3314.8128021098114,36546.58876296625
492131,125020.03526117055,-18342.788715643466,41415.98338764551,33907.413353649776,104420.54224910616,168425.343136509,67996.49885771143,123485.42630029825,-24064.913318549527,60937.99927999673,33496.87316699553,-35454.65683319994,19014.550725079618,30523.07758198834,11662.959887768106,30956.54126057249
492132,111670.49058503084,-32828.33683866968,27085.005346361184,21243.870700640364,89522.18410943451,153209.83681859158,53464.59400158341,109073.1621898537,-33988.07415046489,48177.29295782361,20291.70341113556,-48253.11776214585,19170.28982070939,27694.103490248548,11896.231546383755,19237.490608826192
492133,115482.02990996648,-29432.902145141477,31633.570370729412,26578.3476163866,93523.04862087044,156878.57859654148,58048.17070253852,113341.68605501493,-28489.034872036988,53326.990983241805,25292.88838455416,-42875.74341855605,11609.746312194024,28152.64211883097,4497.179482758116,23473.784913941658
492134,129724.32443199969,-14108.40985606032,46704.18285386652,40596.44433306523,109683.74132236466,172994.97750085805,73709.0884694691,129386.30665170902,-16797.95409432954,67898.59568827416,40462.58155492894,-28413.2622053525,9540.40582783707,31115.109822851133,2403.225394124378,36395.09435554623
492135,127505.55827939145,-15635.843725294822,43411.526800755615,37060.91278935661,107779.51355069858,171268.42940082646,70870.26321028342,127480.63377786653,-20372.551227582215,64960.032404629485,38044.44774561046,-31791.010643516154,17724.427248025226,31106.2580368322,10406.71778077577,34096.02941161972
492136,113134.56766527057,-30695.810477391264,27756.266245245763,23538.073329164556,91822.84331374393,155262.93131170282,55061.94519066026,111846.36847591306,-31751.48406035605,50832.829963614495,23782.276206825867,-46047.64764580144,19998.183251848153,28126.317141460793,12706.187912756084,21405.012923769536
492137,113917.27792842878,-30079.993660125525,29023.66029830453,26549.62576246818,92459.9327592097,155612.79882594885,56312.28835857714,112659.54345573782,-28828.159876704514,52895.262276913716,25930.16697217424,-43785.80942537192,12857.423593879372,27955.043238379967,5724.91145238216,22921.464784170854
492138,128461.99369748823,-14187.939151839731,44613.42446359219,41640.04679228795,108913.82249872143,171945.15578635252,72416.57728221174,128919.34434818567,-16462.013634531082,67971.545498391,41912.81806620704,-28730.008532837495,8894.63913827887,30859.544708607915,1785.235779315342,36382.40269761662
492139,130317.39175336505,-11291.698042054984,45670.46763085404,42143.471569894915,111475.43822584045,174696.68749965497,73947.25081570882,131354.16709819486,-16947.124044529748,68935.31278470482,43858.28370610181,-28176.411158647035,16096.318234692451,31654.547652993286,8803.8939112427,37629.63728715304
492140,115838.76390814304,-26568.58752459325,29492.63765530556,27615.9912684341,95173.40024923408,158498.73795880686,57585.73811911038,115336.25729277363,-29347.844761660417,54046.73948593045,29204.256018242828,-43263.58124129067,20470.940430095594,28696.191471136295,13159.926374802406,24547.78471279517
492141,113365.4037755076,-29781.356720939475,27066.469591634934,26832.297462623552,91812.69531774416,154855.37138189937,54897.11958959684,112192.49075988606,-29851.083417858485,52372.960608923546,27697.326576846197,-44783.392056043784,14322.80111678989,27844.18408599822,7169.49897787269,22790.624110122837
492142,127322.03698488227,-15008.923254135063,42111.325486381254,41355.06817221733,107237.9307377378,169941.01391805243,70232.22070542078,127454.24081359855,-18060.664224437056,66781.35102258794,42910.40218400373,-30341.52827785589,8839.929422766862,30522.4487513443,1754.6797074118672,35672.326415672775
492143,133186.29584840953,-7999.695131239452,47683.830336685234,45917.28290173526,114215.10926597781,176884.75475997507,76235.0707413838,134190.53631076223,-15464.03519721856,71755.04066648631,48911.955341725785,-25763.834454818712,14476.621957438538,32131.22530969672,7221.389757876717,40412.560084836165
492144,119402.38296961675,-22290.690012794064,32358.45088404561,31899.43540260587,98928.4618277555,161774.02036853269,60711.25104279856,119057.4112285229,-27757.062676889585,57357.15996726605,34854.95172714486,-40436.5286398529,20538.24793439798,29465.38148239632,13214.502122018697,27902.226780484474
492145,113318.98244644345,-29164.08483750007,26178.79894732371,27723.03462598965,91702.30867370585,154520.2813575472,54155.856242161186,112005.97014412431,-31193.81511097786,51992.32115988413,29627.07786962401,-45676.15058779712,15667.477465180204,27938.520708697157,8495.773140449,22835.17817778278
492146,125387.50220483777,-16435.471968201367,39407.6660299866,40936.16238722943,105034.82422406714,167612.50965952224,67591.05481395056,125187.34532415878,-20281.915860339028,64746.905657680494,43022.16921201506,-32804.642854548816,9187.141458343878,30160.7216364558,2111.9670170432273,34186.107830480585
492147,134666.07099022542,-5778.372328805507,48817.7666831067,49196.78141878275,115888.48410939374,178259.30939280184,77507.03720611332,135735.28034935612,-14548.407727767699,73361.26643969261,52551.46339220244,-24534.65503522383,12998.677027214346,32407.80742340724,5782.362856779436,42044.13931523876
492148,122929.94478458619,-17685.54115542998,35577.64030605943,36886.30779776862,103066.04476210571,165441.9124631161,64226.15708657243,123005.0348057317,-25581.074007363753,60867.39173274556,40363.50260282485,-37424.66284818687,20276.91943747807,30277.971539589034,12949.50759372273,31267.20109204025
492149,113821.78750970909,-27642.62527381075,26044.432273956412,29445.372263391095,92554.67510261966,154961.40336108458,54326.80091865588,112722.09406567909,-31677.521473204717,52348.69433082658,31829.467247862256,-45956.19171768108,16878.136699195347,28194.028101426007,9679.772485096786,23356.991331788613
492150,123230.9833850775,-17827.440676837643,36501.68705698144,40049.991719366095,102851.4348897809,165275.446210776,64924.605210738606,122964.41339835056,-22434.00970276512,62586.88956406968,42498.78335840673,-35564.42147814653,9775.860667143827,29841.008228768722,2700.058291170451,32394.120344483836
492151,134876.10364665982,-4755.121834020874,48585.89109066716,50624.69947987121,116309.30870118302,178685.50002672465,77567.51334485815,136124.14225913052,-14261.064508945503,73737.58633956162,54531.92201346165,-24620.79114525208,11721.238253905323,32509.16693484228,4534.043521198795,42465.36215933568
492152,125939.63735434813,-13591.86746037441,38231.73210138872,40512.82215402406,106714.70477892067,169024.39508250952,67349.52770354028,126565.43706480952,-23251.73513524941,63814.18330897063,45050.497526818865,-34838.61808958427,19804.72407262004,31054.179619325005,12473.993484642735,34088.040888870564
492153,114551.23904397161,-25924.56088872582,26060.855184676377,30358.293728025295,93694.13953388386,155907.03116186138,54887.904914612416,113810.24513021114,-31484.00021889471,52744.09943150109,33962.10943644241,-45734.6039164431,18041.906626900556,28552.551883082295,10815.426652958799,24017.3031895374
492154,121099.17165230645,-19306.953741814836,33440.642169416606,38288.23232969152,100663.11659549254,162946.01503982366,62391.55032410619,120826.0766445961,-24293.558503510318,60182.70668196869,41663.17461685914,-37912.20163077056,10592.260503732054,29593.546154210606,3505.143275786364,30541.0948020173
492155,134109.27436583227,-4955.759266497657,47097.37677051414,50500.82446341009,115522.3672533277,177993.30001125188,76663.5098376085,135436.00501842852,-14603.127124090593,72940.6725223407,55136.25419778097,-25197.84506907574,10610.574997490681,32449.439684278645,3454.32327856955,41987.693852597826
492156,128250.8995918134,-10461.146749191761,39993.0652267449,43145.56328688151,109409.96541475161,171972.382034312,69834.19933545729,129326.36568121234,-21307.37173433944,66050.6838590368,48632.894718850665,-32373.900279929192,19065.701642488515,31705.543643711884,11735.676746416244,36263.52719448728
492157,115124.56137530471,-24580.84924324302,25819.331707013087,30846.137989785577,94489.11563514502,156849.60165197685,55378.430685345775,114705.93345937683,-31251.748604517343,53089.11505265948,35519.99333233137,-45275.266373601844,19210.527760889683,28923.902147302077,11956.385261801748,24523.54871525507
492158,118874.12197495061,-21107.06578043885,30254.596819468916,36153.69146258375,98203.04245803045,160400.85335313983,59803.19397602387,118547.1253770756,-26059.644692309215,57856.87340053009,40303.11776924619,-40199.89324943011,11645.237227362435,29368.41970481465,4547.538665721944,28511.302399584874
492159,132839.49959702732,-5994.040995213583,45112.9825884416,49691.594113561485,113959.3855530602,176331.5219694593,75203.36517218532,134092.58463723608,-14996.854087763524,71887.16399555642,54809.74619924819,-26185.43355966551,9563.375619431803,32278.95182011029,2433.6447361319324,41003.37984709267
492160,130527.27873059144,-7766.5471865671825,41818.21682482665,45715.7572146889,111826.88307877132,174511.41588188845,72262.93291773283,131895.75770719268,-18963.187913862377,68537.5680058075,51743.047078138814,-29870.619054063012,17773.649263667034,32279.384365992926,10464.403237202609,38348.80878283853
492161,116144.63315024995,-23228.87491646874,26144.697872956833,31708.966596576138,95582.20933504228,158187.39243384963,56287.8597953431,115936.11261251928,-30451.28668344469,54068.75849962551,36928.81800300746,-44400.32753564173,20175.818574881836,29311.38495652302,12887.306562768126,25299.447278377804
492162,116809.9402941787,-23237.71469064232,27321.376670712998,34007.55160697129,95784.89081657038,157987.2481916998,57254.85493655726,116309.87494064188,-27756.999019341252,55761.45602326873,38337.70934940991,-42461.63907496802,13047.191318560708,29106.26199328258,5919.81114288099,26350.86483157876
492163,131131.87686030613,-8061.856088382754,42780.78145445968,48287.48604421642,111787.56565858213,173819.70536785235,73103.55706150357,132129.0161212948,-15828.924751728868,70452.75762505407,53261.739971203795,-27729.595128425924,8952.077724536186,31962.09416566132,1845.685992658286,39287.13938624252
492164,132776.01300130118,-5720.670945540039,43837.118686524846,48188.227090375076,114069.68521790841,176383.277884532,74539.06078304061,134271.39249280293,-16616.185853593728,71135.93116780889,54138.85090955651,-27369.172711874337,16117.297546627447,32758.35139210872,8824.062511438804,40061.353680198124
492165,117860.49290942858,-21657.595615364924,27466.061692324896,33034.815638163855,97317.66082234794,159872.96689138265,57876.102933413975,117744.69373374192,-29163.181026146078,55838.42711737679,38402.02629729311,-42757.209817953786,20691.56526950954,29776.47902432892,13369.740137778484,26319.481966980296
492166,114920.21068269286,-25560.809519291277,24781.178375214153,31510.464433281813,93438.97725369656,155755.43730730418,54836.10495432518,113973.93688524046,-29639.96503535997,53775.92031308051,35879.44184288362,-44575.829405477954,14594.239039501748,28848.157234524064,7434.399642120894,23882.619620116056
492167,128635.70731938949,-11263.637658313419,39792.20838863512,45399.05939412065,108592.44076490015,170529.24367927318,70092.64834065828,128888.90967931676,-17730.052294488378,68045.36252806682,50264.63724136413,-30210.622680515873,8947.279845197849,31471.481135022892,1844.0555697069601,36398.770689202385
492168,134498.38554930605,-4499.050647302651,45551.04775523067,49505.146580883214,115541.70492551339,177489.86943467654,76257.07291671436,135560.2169545098,-14964.810063796434,73054.91576613515,55570.73169017903,-25516.204049009415,14426.337903854368,33075.2010733762,7162.174769439884,40970.65896097415
492169,120460.99352160812,-19356.837335875935,30048.92289685324,34708.398274797306,99865.41476494583,162176.47865046829,60521.092335745336,120007.78835946678,-27316.245210673354,58360.68700620155,40540.40941768944,-40356.587530432094,20609.670733405517,30354.683365052264,13307.880734405435,27916.55625576817
492170,113857.45627457148,-27163.708273798275,23378.142518226578,29286.147585098282,91858.18662907288,154334.0464103586,53401.76701754052,112048.59562131102,-31057.20266923584,52404.63722697887,34053.009991929175,-46081.85188259078,15953.762103941217,28682.847575098636,8764.02581963377,22033.896045770354
492171,125617.60168766792,-15194.094124773037,36400.74569121356,41369.24381788813,104628.7420028456,166949.67072069691,66540.46698178156,124500.40422326201,-20383.998532996357,64796.8434365717,46360.372389247445,-33508.20876498679,9424.642238691835,30812.35145187598,2310.727377241539,32902.10349930142
492172,135055.83662641188,-4809.338175538064,46142.832379017345,49065.71067800307,115459.87514483547,177606.60760649794,76705.49737748355,134903.8725173757,-14486.016336152094,73501.05725970044,55229.62291177802,-25052.04855597558,13027.52619318758,33062.31742367409,5769.748155514799,40790.19493749752
492173,123355.74591722783,-17231.718390396854,33064.84867623929,36110.82288162907,102433.87721951492,164674.8036732986,63479.13229192098,121837.27813063066,-25359.60370891242,60898.16959198016,42239.19095757963,-37819.10840470825,20349.121257539704,30897.858902722946,12971.714307152513,29821.25921984847
492174,113721.42653476546,-28465.588105912855,23099.22665787863,27611.13874047381,91055.9977796055,153490.25284774462,52985.56646807565,110543.01739019349,-31815.924459063437,51702.66768443948,32314.881432225262,-46777.81169106442,17116.29303556887,28639.303473917742,9872.521183807014,21155.395441861492
492175,122624.16507746512,-19888.998300322615,33198.52202720301,37461.53254758964,100539.78890518173,163119.45304346888,63051.05082557101,119857.89740639672,-23041.334807075655,61355.99875550774,41669.4432774434,-36844.802909075115,10032.275732150865,30123.663334834746,2917.927933836829,29573.96868114305
492176,134327.12728560108,-7305.809809064095,45568.843827052224,47940.85877928171,113871.56604979737,176419.09452079266,75831.15575132855,132804.9502990648,-14902.619759445333,72555.42919748777,52997.005779546285,-25806.25488907191,11824.011425573783,32744.404931207722,4596.032711828023,39612.868098828345
492177,125622.3350332403,-16393.188770703353,35701.17493005951,37805.163275620194,104350.99816593606,166785.70149805612,65926.93377491388,123214.50913097108,-23717.72679737722,62863.72352871349,42876.82131963984,-35717.77038949233,19897.06549760551,31266.680037131828,12521.996800534427,31141.433871071313
492178,113952.66923871552,-29472.40593839189,23497.743541082455,27160.799014591637,90832.6776161275,153240.7851086742,53209.51223514325,109831.93748664233,-32189.23135166821,51486.52509205034,30457.41227389854,-46909.805139350996,18196.283552115514,28614.882327583728,10927.081734785039,20320.936127565168
492179,120047.46470717395,-23681.088112207435,30667.755145223997,34594.003893544716,97121.33145987277,159871.16227704886,60283.53559677649,116041.2188022384,-25390.829055792572,58448.36794944839,36671.69076263727,-39638.06457513144,10690.851831091935,29469.166814592594,3571.9880927894233,26078.61074779116
492180,133019.69758277832,-9541.935256914681,44568.80242603204,46859.12116229943,111840.90648103316,175084.88266847405,74626.60941144938,130363.83305365547,-15741.297235398246,71195.6445700954,49196.00231823733,-27011.79145313327,10583.959306776436,32254.060564768435,3402.5708125076944,37394.84422525097
492181,127414.91275671875,-14772.72641154684,38084.31489779702,39925.20171467967,106046.93819992682,169530.71493050805,68253.94266759045,124371.88746806249,-22280.93775181918,64592.74084068582,42032.66234400424,-33897.54198116722,19099.690248962186,31499.133432992097,11729.298364127488,31804.38082239348
492182,114208.17827467657,-28907.82365791488,24220.410914831584,27724.140925396634,91105.16587444456,154442.29252142503,53899.938882467555,109487.05324335156,-32363.390698919,51543.7261934029,27790.604708747396,-46831.20596907143,19345.28933849951,28614.972870502086,12039.849559622897,19773.093247190467
492183,117663.72017045273,-25646.931460043386,28737.828203352765,32977.37834517108,94543.06337635835,157893.12880460813,58189.325155313854,112841.32562952868,-27413.336924732117,56026.06782213103,31337.842250729118,-42014.31403250326,11672.01969844518,28921.45624610214,4531.108150958148,23352.376764306915
492184,131514.90393952566,-10556.3812499189,43758.519473705805,46587.5454382199,110159.66031132116,174070.42100920604,73585.4808291937,128127.46547302326,-16452.24416958327,69941.5439762969,45014.05280246715,-28133.338811312773,9463.446264854138,31736.28812630225,2302.5542254651673,35740.78287193709
492185,129299.43692635353,-12055.003771381522,40812.038616198326,42768.50193788872,108070.1953043048,172780.33215840434,70820.55160082871,125921.93571732716,-20511.98594705948,66611.3105773517,41344.85962139755,-31771.899421754035,17778.411719956028,31675.015632135957,10427.368209164077,33132.887803370504
492186,114809.95573775886,-27360.274907355997,25422.23847866536,28680.730108781863,91448.05273382476,156651.32142780666,54840.04844046371,109705.90714543387,-32365.76309896474,51889.07380411359,25526.544833582222,-46449.54531526088,20380.78500368019,28605.05383956798,13046.174996304657,19836.936726649856
492187,115395.22667178526,-27217.97240925139,26961.976323828487,30966.794272406463,91115.17074220348,156519.66489804367,55851.467166057155,109806.71646075131,-29955.74647705697,53365.2568926733,25959.800304909033,-44645.91994037441,13177.339583541805,28333.720229508126,6011.818052069942,20688.352651589303
492188,129840.72088017302,-11757.259332147092,42858.02566399757,45420.9193765559,106805.27602438431,172690.01894699017,71902.77022367832,125579.75001528299,-18059.94854272418,68064.5270080844,40342.533926060656,-29888.87325770451,8846.660704980677,31177.140454724497,1708.2881124074872,33751.57715792633
492189,131656.94672365906,-9052.306850297946,44301.40456213664,45517.394354429154,108887.75846492266,175838.1108819681,73545.52696419999,127748.13094084579,-18911.95683309902,68776.20929551705,40825.17289282471,-29504.13977192804,16005.616207609186,31949.768419791162,8674.153096253383,34717.34348867621
492190,116539.41055476041,-24918.933156776315,27948.022377640416,30264.73965075176,91600.78904293117,159597.86257006647,56706.64080364456,110875.98174243592,-31884.118713150918,53094.959144466105,24144.334266394864,-45268.11261384084,20860.358731133198,28859.182464670765,13504.271205623896,20761.931888569346
492191,113440.38475081786,-28717.065810306296,25399.804842883164,28757.86810323965,87261.13098095242,155587.85691640648,53540.310428219345,106868.84367166879,-32622.184558235076,50698.77754122154,20731.96346145665,-47392.172885818785,14837.161914101413,27859.180007311013,7646.35691956415,18136.267395560342
492192,127497.1476319494,-13890.02106943017,41070.204830117174,43064.20853885356,102485.21306809389,170765.80265531424,69153.02852434284,122082.39386199537,-20447.816306786517,65152.6599039815,34956.508781852084,-32793.24775749404,8932.379851767379,30522.3448320133,1806.3576787942786,30965.87078671177
492193,134000.1166898634,-6304.60928648655,47811.724310054546,47799.88752681798,109864.60313172029,178526.60112351016,75955.31994016503,129375.81289467993,-17224.55116363747,70649.56640579778,40524.18473206368,-27580.015697935065,14177.18217892801,32210.894494629167,6883.389786486712,36157.53878799235
492194,120048.01460687876,-20805.7696978462,32877.51587395881,33091.86172739045,94046.20919328663,163681.56805122743,60251.13660904008,113845.87073105974,-29709.190629682078,55833.43454878498,25020.623385573865,-42544.88486939479,20608.074900437816,29465.008609019278,13240.490985297949,23182.825338867322
492195,113118.42375876784,-28541.497970355063,26441.615229753443,27488.86289694332,85480.623027918,155913.2902846704,52746.684037971216,105586.48836942117,-33869.421509981235,49349.51192175946,17614.676426870396,-48828.99294727687,16160.03627053187,27709.844773056775,8937.481193395388,16943.690873653235
492196,125193.77159255053,-15861.496766385968,40181.054064479074,39992.64441878244,98322.75689875681,168941.7787745791,66099.86794845421,118414.67622825637,-23004.78536641471,61826.899375118664,29902.96530684459,-36210.77071514002,9499.539239093752,29871.84342452865,2373.3363864561743,27978.95045518495
492197,135806.90675922166,-3959.803775795075,51329.361626445076,48715.640788094315,110042.55180604069,180580.76051217975,77247.80739198011,129972.49981204518,-16348.041634552934,71354.88833092563,39720.0100519568,-26981.645898678773,12775.931534851565,32267.334266076043,5512.7233873736195,36685.06318785276
492198,125096.32877248545,-14988.331817994227,39398.06814331302,36445.1027902921,97597.74065363787,168507.60386394698,64704.485922127395,117740.12714453481,-26861.931797555455,59220.603022919146,27126.461857689945,-39339.27295477535,20091.12951636518,30174.64416887719,12716.279245021731,26218.00719644008
492199,115756.21023362612,-25473.547329372726,29767.15173801587,27905.493479959227,85951.41848130507,157664.63137347592,54091.71182870921,106451.26975195519,-33632.25924425961,49677.82247119971,16585.822007661212,-48723.071720997366,17080.8216309189,27847.13504152253,9833.331862727106,17288.27910033545
492200,124866.15279132147,-16256.61676396546,39974.620334062485,37418.648511956264,95160.51955876888,167608.61361172114,64028.18029171336,115787.59147008683,-25155.35622478772,59004.63115520704,25537.025667819893,-39206.8332162625,10130.90550215404,29292.52593180859,2999.8182508766777,25447.781684879486
492201,137401.06054169318,-2429.6585864264443,52965.24161235013,48115.832725759865,109053.85004342452,181762.7420824488,77468.99209734614,129581.58127526069,-16714.159940998536,70659.8814843234,37536.79131466674,-27800.58630718296,11766.766431698084,32016.107255804425,4530.857087520214,35960.840886564794
492202,129913.83368965899,-9887.364275667527,44045.138924753075,38727.60548042285,100505.30440001354,173412.87369387888,68592.76801662106,121254.82875126961,-24959.301542267218,61737.10670960453,28458.747039970523,-37007.10227682428,19721.04561570086,30707.34581520478,12337.74454554229,28406.627727026615
492203,118898.91062348663,-22053.74123950061,32245.98334167222,28381.670534928668,87230.89091243893,160648.46341317394,56192.06072589758,108467.46080184903,-33398.53611997194,50455.69220631224,16381.461159864282,-48179.13689769319,18057.775461544625,28098.092091181315,10774.71661575837,17988.496380940585
492204,125107.23132323367,-15988.610737432826,39328.10218100561,35500.15599579012,93266.18888120783,167702.35113572478,63073.212659341196,114828.87010859593,-26914.386342339283,57081.531941701025,22678.625240469562,-41304.43408328712,10631.666302341831,28929.4120234663,3497.370266505087,23665.168491161523
492205,138386.8535520295,-1365.8177015283552,53293.49455569664,47535.72446338863,108108.54426553249,183532.3743676608,77556.24248159412,129686.00151461514,-17309.39065180244,69821.08796025242,35866.646881679495,-28692.11138923032,10522.614056690463,31727.28994258407,3321.0737670305793,35155.705941167646
492206,133827.1917235138,-5437.322471952753,47503.25427214934,41101.7467614521,103170.11883551691,179022.40749231935,72019.51154036308,124944.02091486812,-23367.767760865936,63844.87486652207,30020.255806981295,-34992.905243680216,18973.810196626422,31113.80498903898,11594.623966698382,30401.99943321708
492207,121775.40831799184,-18443.873175159046,34460.54434584288,29602.33558336277,89026.23477365612,164867.082905918,58454.85222807925,111278.39123098674,-32968.16798740814,51352.02268948097,16888.71630966067,-47503.88815974882,19150.843240450922,28352.221071120715,11844.769085747612,19157.199489713872
492208,125991.90663856216,-14486.915187494438,39452.03571885307,35115.13815682434,92873.98999569562,169062.49205224914,63175.03801972564,115437.79377952353,-27774.296612589773,56045.880030972396,21201.23747374319,-42696.96716292797,11393.969476728611,28719.5884812779,4243.974633085605,23078.287102407787
492209,140130.8087532662,940.2332395117398,54521.94019688139,48497.61671869374,108650.99220016637,185890.08577149833,78755.01378571015,131166.19342861348,-16780.92630000876,69925.99648589535,35493.68497676697,-29052.871230393277,9175.666629321453,31559.295291677074,2000.6495226733796,35512.13259676196
492210,138419.64391968338,48.50304037947508,51860.957753925584,44765.565090065764,107070.35817307957,185459.53258705465,76499.01018612392,129650.40792133882,-20653.925243077538,66814.77058347712,32666.554557382482,-32684.88272935707,17595.27439330706,31576.06034045777,10231.849456643642,33144.55169566076
492211,124796.02969343173,-14382.41957835924,37012.78422791413,31215.277923500103,91381.5307900925,170125.46053955407,61358.30167487592,114386.61529984242,-32131.505949933664,52491.28418798244,17765.772420084006,-47218.370890013306,20318.77910507247,28608.106938455916,12973.774172350084,20261.05765832463
492212,126322.69813997566,-13258.872463747228,39137.44199000219,34162.85841920465,92265.16619990722,170699.41611680272,63443.80237028762,115560.19392448844,-29209.315945036524,54484.47187079924,19264.841668721598,-45116.254765499245,12962.673103001998,28435.320519292673,5785.996495895213,21588.632212298104
492213,141219.79048908298,2816.9962855659,55223.100004402884,48825.390035241406,108876.20259712196,187406.31386525946,80196.06591761886,132054.28396873857,-17018.36467136564,69488.93849562442,34591.658133623736,-30205.642627224493,8463.703726565822,31319.7103058489,1317.6669409840763,34901.15470130397
492214,143101.98321796753,5749.894579830416,56541.937447055105,48795.724795698596,111515.14026115215,187475.1501531293,82135.26695517186,134574.3920202991,-17849.503811408355,70182.01413431196,35747.23677449698,-29938.62851104314,15668.881900377397,32089.864757979973,8335.311447785305,35869.45268747362
492215,128078.16384681192,-10038.836729595636,39995.71038045267,33416.75351846576,94555.23215534193,174972.4195445594,65436.01925868096,117912.51010839654,-30913.793525339428,54221.89448607,19452.210627785913,-46013.025055468264,20801.47522211828,28969.28860435666,13429.12420596919,21807.237616988645
492216,125376.22789575515,-13480.515101569821,37426.99450430737,32076.77764395947,90802.78854295201,171198.3678576018,62700.21756048904,114401.64575778115,-31553.35413348337,51811.3524595675,16652.126253477592,-48131.24818403757,14901.523093334356,27989.40955308604,7683.260647560085,19285.11744284996
492217,139820.5640314959,1841.3189996484075,53094.85950139121,46641.97930521212,106830.26261504754,186588.96750724348,78895.5418139087,130254.2416745659,-19140.890789529265,66569.6132043147,31800.722283411073,-33229.51872926578,8812.461140398293,30705.828553392523,1665.667492014382,32393.292711106707
492218,146462.52724660307,9731.19058551131,59554.58768385801,51512.35799486173,114815.88409294523,187781.907555116,86051.60950671755,137919.0144347441,-15781.945601547552,72269.47062375676,38187.227448299425,-27810.530096593146,13810.336667639132,32408.87006948933,6506.568974451771,37729.398338987914
492219,132415.3152938118,-4919.912616106992,43822.90375890238,36711.58402972251,99044.59860783377,179517.30347911018,70247.41147859019,122261.8517012928,-28438.876408263004,57115.53354157586,22947.20200206837,-43088.02506024313,20378.202729910507,29610.69253639279,12994.187796734732,24511.393406764713
492220,125286.1604456028,-13117.540183258776,36363.468712013986,30868.399373722754,90266.47195838329,171513.71031213476,62433.27226001533,113673.77427720773,-33009.07460834038,50036.850583818225,15495.625294857397,-49968.60965962347,16253.085920556703,27783.097094026612,9008.085835682145,17809.12552606583
492221,137220.4329152407,-701.0494746840739,49423.6744717935,43324.192457668614,103305.58395779075,184357.95293864643,75787.22966324334,126529.80714620442,-22304.57203211351,62384.26616836018,28121.140163415945,-37534.80260258925,9671.85981474504,29951.3528257028,2525.7811655369987,28693.429347729125
492222,147870.07698711008,11320.524117373026,60393.017165481,52478.642042732725,115773.10645773985,187617.8548435972,87407.75643551964,138576.8988313665,-15340.373792958544,72397.4332184743,38864.763933356066,-27928.096038240823,12629.620571715042,32452.914256167303,5357.013832684177,37729.301543395755
492223,137087.0127394192,231.0872907941664,48167.709863246484,40712.327655468085,103851.54900970982,183973.3336201426,75189.96611520932,126663.68889870841,-25592.033244232698,60556.113825153094,27072.547989490005,-40083.52766954388,19761.683396909077,30451.866728983252,12376.594288277214,27501.355120733373
492224,127004.3516431638,-11056.343739716373,37510.362717368625,31896.71040408952,91848.45130516068,172801.07107298268,64065.0855983849,114884.62544536947,-32789.53701837972,50463.88991678192,16546.033159775434,-50100.6799351694,16935.198371190367,28057.221356612044,9678.334712832884,18105.5762053489
492225,135128.08622864282,-2730.6286470388422,46644.89533037045,40927.88947544822,100579.04751968526,182387.7802611428,73266.69342114392,123574.73676791889,-24898.630151394056,59137.504122465645,25317.10812956693,-41311.08064489578,10262.649672223168,29394.61593354197,3113.002859734614,25662.255295621642
492226,147320.4031588384,10973.992541476753,59499.28759542733,51902.994071552515,114836.02978090753,187163.74788419722,86758.72555498581,137481.6706573823,-16418.628407724646,70970.30292515212,37851.343094796146,-29772.90218308492,11845.956685027282,32147.68501856909,4586.881369824324,36246.30093269008
492227,140195.46873894642,4009.754173225036,51236.93615925149,43495.50582901444,107260.15369912765,187670.05455673143,78698.86685078376,129871.66275905604,-24093.868188109234,62792.43291256415,29908.100352315385,-38213.33452009002,19514.89948709998,30987.030911318612,12109.254428020247,29317.040083076226
492228,129236.15555893957,-8136.52130460388,39595.32841259975,33598.99412296118,94344.99589966572,174710.43198395218,66728.02917467398,117195.53815671174,-32423.114976757424,51615.84053181971,18398.12336089337,-49228.90735514801,17739.615907301068,28419.89949141997,10446.184858322189,19053.706429541664
492229,134682.09103180448,-2887.7090925949287,45869.38012723466,40199.08592742876,99812.86090925049,181046.77803481743,73106.54353995845,122671.85191015886,-26693.177062524464,57383.489183782665,24283.201091321353,-43147.621087088395,10532.803111499028,29119.950379099744,3386.6638371458484,24052.38867916778
492230,147081.15440996387,10866.856895686517,59016.09001818633,51610.031739879865,114095.98374204911,187062.54687846405,86959.66960336015,136581.54108391693,-17931.897735919476,69273.63759674158,36983.66905234924,-31338.81564163161,10685.27887931279,31780.984967739223,3469.328404027998,34789.575570254696
492231,142462.66064318805,6721.385247202259,53379.177038318056,45316.632252984666,109432.73378632628,187153.38345521706,81690.36923583502,131776.74802690384,-24160.62910562531,63257.660205501874,31491.25407951341,-37577.38225779714,19187.599209724423,31199.567284720448,11791.786843410393,29967.743952580844
492232,130734.43287906748,-6169.729177484788,40775.16101591379,34221.61034891753,95745.87388139058,176458.52460818485,68758.79192711912,118323.70175247191,-33705.707336769294,50935.04630878153,18983.693233870436,-49700.641650917096,19211.60419009724,28517.538192211417,11885.964611870953,18941.76776031182
492233,134679.56019424606,-2740.052580100538,45535.18802623541,39601.98149440643,99392.13485399348,179782.40030231516,73380.64733139987,122060.21273227945,-28958.369377621748,55262.35931984466,23282.836203228035,-44978.85402429676,11301.68201927847,28847.135053982736,4145.718624261399,22605.835935738258
492234,147773.88039702643,11510.823686643318,59644.23206712225,52202.97886995465,114299.53594275488,187537.20964298875,87930.94256728917,136667.11967388447,-18927.131800162773,68227.32375512345,36843.41096912834,-32044.462598730413,9151.007898993154,31535.46384911001,1976.383142718741,34238.658656580745
492235,145223.39127044287,9712.1264635613,56227.78513518266,47858.13053418143,112097.79129748608,187021.78696621832,84800.01913714154,134264.80201482202,-23524.250406534185,64393.62431531152,33506.44518447174,-36194.46208354457,17831.694241851896,31467.348484939568,10455.24300227448,31335.927662799135
492236,131472.73994911378,-4987.867068993486,41239.58501303925,34286.269178124654,96367.94004448957,178340.2820197991,69467.86102843998,118742.13460381911,-35159.55265793002,49854.305968204215,18755.765720146133,-50665.49298107813,20694.775510458116,28527.381968807636,13333.917636194275,18511.001976841857
492237,133223.78089881773,-3751.4546276596902,43630.18023165049,37594.935581658036,97529.66562375435,178280.55720167176,71680.15990079855,120017.40936548795,-32009.056712341415,52003.10324801628,20755.69292112082,-48144.74177729823,13105.317828304007,28436.014396566123,5915.354506107496,20142.75822701868
492238,147990.7173803904,12279.887060275585,59717.140309518065,52373.32960821969,114148.53583885105,187996.20459026203,88277.11303595944,136341.48234479898,-19706.687904647635,66997.57471276475,36254.37072872085,-33061.77428193229,8238.089553840464,31336.286310645475,1089.7554408785802,33505.25839314106
492239,149361.54534131015,14920.205822474127,60561.864726085376,52060.704667300524,116393.04249673302,187532.9134869977,89658.77720515155,138304.21256592445,-20800.400709890033,67293.42474490964,37118.050481669896,-33060.05283499445,15452.7717291337,32047.172895756958,8116.7870637902615,34197.3856247843
492240,133806.72872349492,-1248.7287210928876,43318.37825561685,36225.90590081939,98800.9024887153,181442.07194561086,72287.47651859088,120870.856784344,-34388.7203461365,50664.64736272604,20336.598898563447,-49696.91634452271,21066.644590198495,28855.31637240781,13683.24233495128,19731.536550373337
492241,131090.20905227668,-4523.980461096215,40695.2975207151,34986.76328312782,94945.0816241862,177185.725561168,69481.29073886843,117127.6921871021,-35127.96438244558,48129.53118221411,17555.471288682784,-51953.0965144244,15303.267068729343,27884.02329823999,8077.433130472358,17188.072655980566
492242,145991.7251172273,11647.657551193439,57092.9701374409,50324.88023407769,111615.45787570371,187763.76482388575,86271.8415982456,133509.32551042177,-22131.8665134692,63566.62947222916,33363.49280463188,-36469.88868421689,8788.763393296267,30719.102812614212,1641.2585985585479,30845.803166187605
492243,152944.149492407,20284.346685360928,64183.621030884926,55825.11434512475,120167.32150160985,188033.73459972092,93905.77888124913,141664.16780019744,-18251.390984207246,69878.025972986,40267.351539324045,-30515.88244812316,13370.205336608526,32522.289567891534,6071.07481759315,36688.181189009374
492244,138337.32871034776,5382.463853119496,47966.60178501375,40635.80574076933,103878.90955959764,185488.1874019471,77582.7735211977,125467.19366871737,-31316.348551539046,54223.74522774759,24507.857724805894,-46239.881972218485,20210.410683310918,29642.492207675557,12827.65675964588,23178.717433892518
492245,130325.80353413608,-3431.172305450546,39578.9244656962,33970.631657927865,94152.4257476205,177011.9572609164,68832.88454531413,115926.10644267,-36687.49237197153,46206.68573909698,16120.074017434556,-53973.243861202325,16593.42725228611,27636.282873359884,9343.71334847085,15780.469369330081
492246,142167.93330643285,9284.568240745068,52681.325264733394,46418.73676430935,107231.57421013108,187076.7965850659,82111.33752773401,128786.5430211647,-25996.676669652035,58584.88758378002,28704.72485303924,-41447.844220177605,10042.257792173423,29790.47244222379,2885.071813801483,26693.42830429286
492247,153599.69326792,22560.164239922888,64719.302663704555,56533.497549530715,120790.61205866089,187768.28034495597,94636.49472226987,141867.92411563394,-18186.365037156633,69652.36606767852,40395.14986527675,-30686.081573611504,12486.75198103743,32445.618148716196,5203.733863927091,36626.33344558516
492248,143180.74175522008,12193.127153314665,53001.14208640775,45270.9943005422,109382.66141662716,188128.28186967678,82848.94474319389,130442.02287201528,-28022.294202267247,58277.69778429916,29048.36700787569,-42182.84338741643,19350.867183694758,30509.38025854688,11961.272372443611,26941.17520823575
492249,132278.9020965039,282.0260843995574,41438.867897455224,35670.131731683985,96448.4445129145,178197.64247578575,70817.63598052508,117734.7117789995,-35918.41795979425,47263.32321699863,17608.335615469077,-52921.19182864626,16866.949516436405,27939.900248766124,9598.543010543886,16904.69665568316
492250,139422.29140258644,7812.593336280061,49493.541029379776,43697.69184923721,104102.98458423188,186901.44845367008,78878.5598744982,125302.76129353023,-28833.360940028535,54911.59735103242,25287.959966788687,-45064.842791089424,10638.41794783587,29097.61007995332,3485.5437570551653,23600.099341978475
492251,151783.73913311388,21996.844685220207,62622.86535895285,54886.42593188204,118692.34835970831,186998.69102355192,92482.81146279033,139442.7246667013,-20044.66777974305,67069.79147785535,38040.49136040397,-33189.62296298447,12149.642987206002,31900.69558384235,4890.187644774304,34453.699313047735
492252,145638.52032033785,16328.416563240833,55495.69420721685,47555.09480962701,112311.99771730165,187822.91625218024,85437.34258200551,132960.02199056814,-26660.615057911942,60041.04988751015,31191.404331435835,-40414.52810070255,19402.35904934308,30951.86477423835,12001.654237574388,28646.966176902926
492253,134806.48091351846,4495.499393187193,43986.334259337826,37895.3786748368,99532.86149627512,179891.35239104746,73492.26813842732,120437.21086424321,-34615.991666976,49095.74440570847,19840.514590283416,-51089.187974929635,17424.977437959693,28409.69616496505,10134.921555014687,18711.1263572667
492254,139131.06593545084,8759.71418941223,49090.59153511533,43495.35253222169,103820.7752954596,185570.88217672548,78477.261835446,124777.01316416463,-29441.417214448178,54015.66444836376,24630.224188261665,-45888.79171905959,10469.753728499243,28919.15623184453,3325.8768350761457,22892.153272322736
492255,150480.66947990048,21659.508032000987,61215.40625692965,53953.02330547832,117138.58185584738,186804.7497734882,91010.64206048966,137745.48920134967,-21101.219264541487,65327.736146959,36405.93567509702,-34855.20365405097,10974.116828872087,31430.129594016686,3757.455316160815,32935.55291827237
492256,146121.2956343108,18047.32020041648,55935.71638067988,48020.41413671513,112970.01320493802,186958.42817978968,85913.22844088892,133428.82270016038,-26650.333031934046,60049.16978994568,31384.43336696802,-40508.79652469624,19504.216492214884,30974.74324245391,12107.720935140882,28678.181929061706
492257,135197.16449888295,6240.83509600018,44225.9623742797,37882.556006064144,100269.93950635905,181206.92816724128,73816.4623272154,120976.25835620209,-35042.6780248934,48915.09225306417,19886.383941501554,-51547.72192758221,19200.182073112734,28506.474362776626,11868.933642165097,18673.61723216616
492258,139127.23042710932,9873.293894563174,49033.343864547096,43429.65998704422,103969.90860674686,184335.73273720592,78410.5736098433,124801.2685180045,-29785.909251241617,53618.24651862156,24357.02136221593,-46598.04805642579,10962.92037101215,28872.883364500638,3804.85922277932,22522.678112769667
492259,151149.75106234354,23205.75125084931,62088.86115528513,55084.44367087482,117833.80850277524,187593.52435153112,91790.43711918773,138399.95497547343,-20156.448209922644,65928.67307447949,37021.22044033183,-34501.43475176635,8941.125331337502,31381.805685807765,1765.2227726903218,33372.28641855215
