Tm,Oz,Po7,Po4,Po3,P4,P3,Po8,Pz,Fz,F2,F3,F4,AF3,Cz,AF4,F1
495969,136676.23215904733,-14520.431944276295,49478.816556859805,45108.02777000042,114850.66106293208,157492.86922915833,77193.41852647564,140956.82624026266,-24072.722388978666,63369.784814972176,40151.85739522458,-33439.234508412796,9687.96650574504,30849.939606488166,2434.000215244475,30373.347368069735
495970,133217.4235412595,-17560.8504642774,45210.39370962282,40128.431639276096,111429.57622324335,154222.51453232535,73066.85649434196,137424.11028746725,-28772.138864094904,58953.046437101024,36005.171913705046,-38131.214178852446,17439.84115090456,30536.420986544377,10018.444254821925,26775.209569651885
495971,118142.60046677248,-33780.21182495859,29029.08997065078,25581.146162847377,94463.42408427996,137257.1345829489,56509.53056440155,120767.20257747156,-40716.62807454872,43761.58854767349,20428.86698929775,-53074.94247060794,19173.59306173417,27407.326170247317,11795.530895470358,13467.08231188459
495972,119011.69076712217,-33469.65788150766,30486.145329972816,27939.879259924488,95023.36375672287,137646.995992973,57779.915421176716,121490.95550488278,-38111.97467667573,45526.69458643536,21878.240745799536,-51004.46147854699,12670.472343247293,27271.009187441545,5444.650157940856,14872.474894776831
495973,133616.18544948153,-17806.98575544246,46278.9848860131,42294.85826919034,111455.20769553997,154010.74499747582,73904.95802744583,137646.03247558995,-26300.783572722485,60412.5718510641,37083.36991967027,-36309.95360606205,9673.61169900944,30207.73501587738,2441.152302316658,27818.265483173345
495974,134735.25379760063,-15926.344390460748,46944.50556290215,41792.71243328274,113185.26430471946,155872.67749902216,74817.53929150797,139163.52804186044,-27374.33672428448,60625.88995523703,37677.49072386058,-36447.038207099744,16660.51378183904,30840.046447506313,9250.069473905805,28195.772232145362
495975,120526.67314130013,-31102.762709839695,31590.397131961847,27791.512937289717,97274.11220103515,139990.05859540292,59153.067688510266,123506.30867581254,-38943.149359979856,46152.49514529598,22901.69224779096,-50737.77727488199,19519.207942990663,27938.120280505074,12125.096528394,15604.813579955806
495976,118379.91614816956,-34050.73794702915,29819.746700646083,27287.15114551407,94426.47550855763,136968.34205870025,57114.239392309195,120874.6476196092,-38716.78213269982,44889.972946207694,21239.0272024215,-51646.16279587861,13197.754590077893,27179.97544742437,5963.289645570023,14298.868122150245
495977,131299.5715506022,-20338.81450676208,43889.92757992953,40293.09596704734,108866.99903996417,151319.71738527986,71439.29583113684,135105.83405542327,-27832.503888993633,58249.983921347586,34806.82259271083,-38380.73261107859,9171.095904910557,29692.850365733713,1963.2905449452423,25939.05330629423
495978,135211.97681659512,-15451.517162639624,47551.03611779105,42488.82138799736,113737.56351819856,156317.5169563818,75414.79643131941,139699.94154100504,-26746.558492523185,61264.15755899332,38275.06995733602,-35768.33852929003,15761.8507338832,30905.92441765474,8371.56125292552,28705.337002676453
495979,121945.05969094226,-29461.68817689823,33046.461953905746,28951.26921775005,98985.43147268362,141641.47894281306,60685.02032283574,125140.93209674621,-38061.34960051296,47488.44486131596,24312.519415879295,-49456.156984020025,20397.316768623692,28293.46224256947,12972.835118468869,16828.63616649132
495980,117905.99342473302,-34454.640389614935,29228.307263651153,26603.582421828716,93989.8734479731,136478.5691838077,56549.81093977188,120398.1539430177,-39394.39409511919,44287.19349427406,20666.624275140515,-52278.217763975976,14304.181647980615,27150.34877618693,7041.887046263039,13774.726936626994
495981,129853.18107870352,-21989.9690853075,42388.85547901837,39089.5890343331,107191.33572000582,149559.87193508635,69883.19424582174,133466.74279374303,-28703.212632671304,56916.44771567118,33378.182717383606,-39631.98647114726,8536.332967176832,29355.784693678044,1350.5251610998662,24775.14812298753
495982,136229.94796032537,-14513.109250823183,48757.94174741088,43836.25160147318,114790.88174188085,157269.78232916223,76602.36061272855,140755.8252405306,-25497.494517219522,62508.71418507385,39449.68109888866,-34453.47393826216,13999.465150661366,31031.079010746183,6647.423868314668,29724.44726887514
495983,123364.75106739001,-27879.322576594568,34504.01200297008,30157.70352228941,100631.37054420455,143242.94051771238,62207.22427571802,126727.9512579853,-37103.31220968309,48842.07336037632,25721.86247796684,-48143.62472462645,20941.396655045028,28625.33490334996,13493.936172990267,18044.008126636618
495984,116716.23140251962,-35571.32550615184,27804.83942040609,25049.14620533644,92769.99716072477,135239.06189900092,55158.82778677655,119144.13025327858,-40834.81180489627,42861.32334842624,19290.086140302257,-53756.11660655812,16157.332561476931,26989.687856236153,8861.413124673949,12552.772602065113
495985,127914.48112572217,-24090.53864618469,40305.24835652142,37232.295343340076,105004.9931324719,147311.74994491707,67756.01088862364,131314.2046462475,-30191.399544410684,54983.40349326971,31381.30632813417,-41515.35300999814,8719.54727831404,28953.11397902093,1542.0047459043699,23080.491604976334
495986,137544.59324465046,-13276.622882764505,50317.42806998128,45546.91425478281,116157.1840315027,158526.10313343105,78141.40772762054,142135.2598253261,-23917.64465881314,64098.91962900433,40966.48168443893,-32781.303733371584,11874.190944694677,31194.291615459333,4564.875056535007,31030.15373829514
495987,125933.00060784929,-25137.258823309123,37282.67447033162,32705.87658904578,103515.79590943418,146051.01628134697,65047.76378688771,129555.15957183289,-34982.653738949,51479.074700614015,28401.130006053976,-45522.12249731507,20379.599547741935,29152.09365083537,12930.279647186357,20321.144585106693
495988,115686.62087345398,-36515.23460177003,26565.973806823433,23671.539524799293,91730.83848540075,134173.05269963597,53954.96426475384,118068.49086163916,-42119.23671208321,41613.173790623034,18091.930468819108,-55055.009782792695,17928.394438176307,26863.37265891891,10596.636446306193,11485.913075564897
495989,124816.67121712022,-27354.122818560543,36911.320179662915,34064.778686274774,101567.70978111608,143830.37314583187,64316.15747734637,127911.14302440007,-32847.95706812535,51764.76191678301,28110.71939126597,-44711.78370422928,9926.788706569152,28366.918466571515,2740.159554714522,20271.01078507091
495990,137809.16148473014,-13127.820884178527,50716.05512257706,46138.376854197166,116369.90436261559,158640.8838162187,78506.6669484975,142374.2286072997,-23279.37461497599,64578.60418130639,41359.07501578223,-32231.312487467323,10330.500019966224,31163.252826018583,3063.817976215855,31393.687196722356
495991,129528.1786614192,-21346.03972711767,41219.45865181925,36394.14875158549,107516.6774102922,149961.94876288032,69047.99346971099,133497.06120866223,-31873.11019453485,55243.84103935011,32187.392825080653,-41771.96523879221,19027.363206823793,29854.33029139271,11591.42062804836,23552.353546932194
495992,116123.17905693101,-35933.55088118644,26951.270930916293,23838.44164655473,92306.64277932917,134712.66679290932,54390.317065655654,118596.25950900826,-42067.92158637356,41927.06483539975,18450.87253564903,-54790.35435847238,18919.44569272338,26998.79786257082,11562.81159171999,11788.328299474486
495993,121493.34552712977,-30825.818723902776,33262.33387375315,30617.098488336218,97898.10133798876,140129.7110150781,60617.01809715018,124270.1044580058,-35767.380936819565,48289.54096974349,24580.31478739746,-48176.44444779443,11405.472136844659,27745.387267591574,4200.851827953225,17233.737109843463
495994,136290.6382917023,-14829.91273330761,49151.93989785355,44855.81783088413,114619.69116490654,156820.51348191663,76882.24480205748,140685.08219462878,-24220.251027735052,63194.95481333735,39857.216281124216,-33551.29686462712,9684.461461914583,30799.099798753985,2442.15479902114,30157.081918163232
495995,132684.56462052974,-18003.24331109747,44694.98013455828,39681.174063210026,111045.88376575365,153408.72856135288,72580.8446341727,137068.03859922139,-29101.972793038178,58607.30263940424,35538.29302452544,-38430.39414868473,17680.9631050408,30464.906844486184,10264.250098256995,26404.57476469893
495996,117990.38386251003,-33812.13843208595,28911.312087194136,25516.808526063935,94510.19391096695,136873.21271486484,56443.0156706193,120927.0907917469,-40736.47124853702,43789.74784050437,20353.077412145132,-52993.93077330886,19310.8337522188,27409.678643349245,11938.047130471128,13428.574535291244
495997,119282.50959828963,-33063.489342306355,30827.338827883756,28344.319262381436,95537.39286353621,137724.7235265781,58185.26410817216,122192.77140713957,-37731.428398814685,46010.27139637448,22251.001973217557,-50466.61660361145,12493.957964764131,27342.019904860175,5274.054240570867,15214.95091459582
495998,133822.22985917615,-17474.332537532064,46543.3260070884,42655.22427497484,111895.8074094774,154017.30380736178,74235.62146195635,138332.01007826257,-25949.288911558946,60858.200982393624,37386.927912494575,-35829.50654993503,9403.189657835826,30251.260087434937,2179.2528940042366,28103.887757331264
495999,134562.16735559638,-15979.135757882717,46773.03647651606,41731.60400495487,113215.39859063139,155478.22620662802,74714.20896592192,139483.1353297155,-27393.49944387186,60661.959423854874,37559.813884864394,-36393.448914523935,16645.170362181394,30813.365757852025,9240.894225778664,28119.520448468505
496000,120150.82026318324,-31351.008412419807,31169.52589092501,27470.962634170875,97094.34763140933,139392.39448536985,58807.653852135794,123660.27801012418,-39203.851560322684,45922.73930700355,22541.42753391237,-50942.77224139213,19793.708501793426,27886.2703398811,12395.74109946488,15321.475059646631
496001,118254.05414219598,-34036.361888559884,29658.966491474406,27218.930811342878,94525.02887640576,136646.94426502968,57036.36894654477,121344.70557334434,-38776.27662086468,44899.31657916453,21124.176168547496,-51609.5373758621,13381.296907775228,27173.79979905015,6144.800217141279,14222.830808323812
496002,131576.79728344665,-19913.775094431046,44177.033122454384,40679.52432660779,109405.71938683787,151432.7748763892,71811.70873294002,136040.34795871432,-27497.299205668533,58718.565033857005,35118.85659058372,-37904.84316604075,8979.683195249898,29742.93359284042,1786.4834412150658,26231.78693016905
496003,135622.53786251496,-14881.07910038039,47986.43013330326,43023.69945367012,114430.79132677967,156585.34526417527,75936.14021958086,140802.0958184277,-26290.487324052337,61891.13637178538,38721.765556730956,-35155.04463705311,15447.994348476896,30971.945431250042,8070.339552191222,29113.560842546372
496004,121941.27381738834,-29297.76103874722,33013.64421360336,29021.30751044223,99245.18407101506,141482.72673921718,60739.75018563916,125828.59519910798,-38018.08947008154,47641.67876144419,24302.048806701878,-49308.89387093469,20434.21679995545,28291.023092058582,13010.285179866136,16851.8893915431
496005,117527.75326552519,-34658.100388466795,28778.640409764044,26269.73430867556,93858.77492624139,135931.0443112906,56186.62105114165,120716.92551910975,-39715.36339994072,44018.15371568407,20246.28203207329,-52544.13992510465,14602.182004158392,27081.076124847503,7335.720883232132,13444.782469840202
496006,129713.67429900306,-21936.93059577357,42209.41772009303,39025.69178504805,107333.12455466914,149280.81785212833,69791.51247220584,134068.25850618706,-28800.06666465835,56921.466646489775,33207.79567562875,-39643.417512456086,8648.75458699479,29321.568950380075,1460.5976803501796,24660.760649877404
496007,136652.82125037495,-13868.368555764533,49206.67487523101,44382.017128582054,115559.57173511868,157612.64917939756,77143.39253826224,141981.33711091074,-25079.7065211616,63151.96536861768,39876.11601406884,-33866.29962884635,13753.48492998126,31093.691636456664,6404.826389337511,30126.073415204788
496008,123798.58715322174,-27209.090302386336,34967.41181590989,30714.284016267666,101427.90000720348,143615.65835077027,62762.987984691106,127986.9349633393,-36685.80015321246,49502.832724168904,26151.90030497584,-47549.449550271675,20713.158554534726,28696.035596612746,13270.956357841842,18463.01227269191
496009,116589.91613520349,-35470.070369939574,27650.560568446595,25016.205115217675,92964.41132267434,135016.7952427992,55090.35779261062,119818.35965345474,-40927.08306784275,42917.861224799504,19115.011923845086,-53758.98727755851,16234.968242825427,26960.24031421817,8938.163914326136,12462.316121336999
496010,127515.78376728784,-24262.7350665981,39846.92107425003,36912.463464970904,104905.97191074469,146803.31023942475,67380.37783617432,131703.59336816258,-30532.178929315036,54770.99590326611,30901.167871282723,-41820.4578215651,8937.988158606517,28869.708066229996,1758.616715317714,22737.207912265058
496011,137569.9483916972,-12992.475671478333,50327.71561783208,45668.36343890215,116537.52559345152,158497.90837903836,78239.61477437851,142998.32429140966,-23882.49891918015,64379.827664576376,40932.14148165781,-32647.24536524658,11881.31235006248,31188.123588198523,4577.236704637524,31077.98920593154
496012,126427.0458563312,-24351.00245075488,37807.836618768924,33313.497401095636,104424.38147970436,146551.10033380432,65669.45097937863,130946.27684004996,-34540.80731262198,52249.67523946926,28857.265830241053,-44900.91839259046,20203.58574552298,29242.018815740536,12759.41318251599,20801.660854885653
496013,115997.81963873186,-35914.78697769171,26892.790290617308,24104.107601872613,92443.19850300753,134480.89380662792,54376.895988149634,119279.02941431709,-41830.252326890026,42166.2391029592,18351.812124977005,-54617.93475889179,17783.129259694106,26921.342404768933,10452.285073326679,11809.94225115559
496014,124675.2988487344,-27219.18224487751,36741.13392122346,34034.4388136602,101785.47990729004,143650.4543233023,64235.00047297792,128637.80259359871,-32957.69269101959,51846.427202686675,27883.195899140293,-44754.36838438211,9947.098433390485,28335.563972860447,2760.5840809036927,20180.826688224402
496015,137568.26114482095,-13082.62964554885,50427.60310450001,45987.84699311509,116485.19945166474,158366.6267745946,78308.81880592286,142992.05497835012,-23499.954942773024,64577.92157911657,41011.77987391714,-32401.820915847205,10466.401175259847,31115.099230708547,3194.354822181559,31204.37763374678
496016,129621.2714898981,-20942.17636538634,41287.94210947552,36572.124105681076,108004.80365221523,150066.20190731375,69216.28349527669,134478.3267510312,-31819.674576830494,55582.89986576086,32183.913118578246,-41607.34658531478,19068.25025385896,29875.922930114026,11630.819333685184,23662.44034902152
496017,116503.69635224855,-35231.55366524875,27332.50585246523,24321.635488685846,93106.73913202008,135134.0764028668,54876.29983241864,119894.2392542441,-41754.79675268383,42533.13309892973,18743.590320845935,-54319.61094123371,18783.600569650764,27072.916991131373,11429.110581778696,12161.435343676425
496018,121775.57718252669,-30230.59471306463,33532.98171884223,31014.3990075726,98581.52935726827,140440.71925525024,60991.013192082486,125459.68742238858,-35526.09726173567,48783.84901429676,24763.322872982968,-47803.78477287415,11246.738386233967,27796.5887705028,4043.6641810797,17517.76261825557
496019,136258.115630112,-14560.242769029976,49069.01295990871,44917.37625200607,114951.34998545976,156790.28639371606,76898.4739549337,141505.89381259916,-24267.74527567101,63369.913779145834,39696.967550166584,-33523.05101834686,9686.29292819293,30789.76674080108,2441.3210929292713,30151.368138903857
496020,132565.84665218886,-17825.33264792437,44502.426198722955,39611.86965784511,111270.86893121246,153284.30125229325,72483.10903367327,137697.04612211057,-29273.974744684092,58659.69292335099,35257.299691846376,-38533.371312821124,17810.527092923392,30435.26303568812,10386.083745021655,26295.981480892333
496021,118079.65785591518,-33430.61840481198,28938.837220002042,25634.847608625547,94941.69513636356,136966.90494413394,56560.636811722565,121664.90429987534,-40749.00157973026,44009.75096853499,20271.794438484372,-52901.39421631064,19382.28928712402,27415.849977990456,12003.222169632345,13492.961075996669
496022,119599.14334606957,-32467.559819797905,31106.5800645151,28703.59725657074,96185.99955325526,138046.0752725604,58547.05497772895,123072.08742558889,-37533.978498712706,46448.17765795654,22400.13670288138,-50138.74249584894,12376.425492092196,27388.664550729176,5154.4471402972395,15478.95576045407
496023,134095.38404386665,-16942.445657948432,46777.86246386866,42973.62247068132,112463.86298053747,154274.23612042863,74544.08579760703,139075.05533182417,-25773.301574665245,61261.94677991468,37482.42098042941,-35547.75090452787,9224.735809818638,30287.845463696016,2004.361400083441,28327.788886193197
496024,134598.8376910244,-15699.542124451977,46741.49662728591,41777.86879880988,113498.39750966204,155473.89862867637,74751.18194644037,139898.51982093795,-27430.430611721044,60814.455820279785,37395.50422994892,-36372.94156474681,16615.824702250597,30808.516364868075,9211.713718253086,28117.312467211697
496025,120054.1809684897,-31210.111187909795,30981.790897616964,27340.695213934363,97210.14819100144,139247.4640885483,58685.94957068884,123870.81685630613,-39377.141789471556,45896.321689938464,22222.17435491104,-51083.264540812845,19914.933074367676,27861.928681586174,12515.361800238994,15176.282894900522
496026,118316.71471692629,-33733.88840481691,29648.09111202547,27241.552456276426,94792.98629728411,136677.99407470966,57087.01705448296,121677.77759814894,-38804.15673556362,45014.69607846951,20966.704475776958,-51588.272947640624,13436.918411291179,27184.712955679046,6199.056560391184,14207.899442453538
496027,131882.01072841504,-19366.575395584372,44443.29583755981,40968.01268641674,109914.80496165977,151727.71576908376,72135.33232272406,136595.41131719726,-27277.67809858627,59105.52993872114,35225.16987605461,-37613.18833958432,8851.916606027215,29797.380979563863,1650.3538861682823,26447.55026080683
496028,135940.17937643343,-14326.58170632882,48272.34255893048,43330.179279212534,114931.10825321006,156896.10624432616,76276.60964516088,141336.36043004,-26031.518834571776,62312.46054551605,38853.103438756894,-34835.41049234001,15257.274958462844,31028.20806961093,7878.170539352838,29348.956188093223
496029,121996.29460503992,-29017.882812575146,33005.441080711185,29034.380724828472,99435.84918923854,141514.96146654105,60782.76168143927,126046.79684970353,-37991.819116688814,47767.40462753868,24156.54151925144,-49271.53211108036,20414.440771157533,28297.986798694168,12991.471896564446,16835.143005172307
496030,117410.87195628654,-34557.89073027493,28576.62512655195,26083.235819855796,93840.80722380015,135785.42036832095,56031.31081826768,120721.0513820078,-39853.94269009543,43933.75216500703,19912.172938824584,-52704.14303212515,14723.736954257234,27058.156836247043,7461.938291041635,13253.327072045071
496031,129757.41216667448,-21675.291956087727,42186.45489921188,39005.07754799926,107472.47827630116,149314.65076139022,69812.66859781864,134224.56225029923,-28787.49640698426,57013.7486620157,33050.41292300144,-39628.25867432582,8689.045822048336,29335.70420833818,1511.5116220438683,24623.127769223043
496032,137001.70978824276,-13297.482863932617,49523.57432117725,44686.76702773432,116015.35703382958,157982.2282922512,77504.51079791978,142449.66739928964,-24782.252131220583,63567.98915363893,40050.66057469649,-33519.48724298623,13598.42277530006,31166.715300197142,6261.374966681842,30369.6099096439
496033,124164.10890688804,-26629.577834010994,35296.092068106664,31025.16730842902,101880.74291597574,144007.78713215678,63135.12196563564,128450.6433943987,-36371.92844266771,49901.743652098856,26347.811295429565,-47192.47488115338,20562.197235209096,28774.69851636667,13126.9246066761,18702.784911737122
496034,116632.42137598978,-35234.856789632504,27616.49335103781,24975.701815613324,93039.86608060283,135062.95388518245,55092.128677096356,119909.80595561053,-40908.54617265766,42938.46139075043,18967.16008280432,-53758.67048215834,16257.912451740936,26977.948534515173,8967.353344771966,12387.462077809418
496035,127380.10180503402,-24218.9937875303,39617.2507737586,36682.14485483074,104769.88151855394,146664.2791179627,67179.31761898956,131591.00687174764,-30672.79647215129,54589.23003001331,30570.081548754628,-42011.960237622145,9054.298580050716,28853.60573841602,1879.1358059334407,22501.536766523477
496036,137690.34527138667,-12688.02354128441,50378.365008002525,45703.87818103451,116669.47111272746,158648.63022353122,78319.52371413025,143156.82788301614,-23800.058521865383,64457.07030214213,40873.290964283995,-32574.139264898575,11863.503166941762,31214.70593555611,4564.228044889065,31073.023515401
496037,126870.80989628557,-23714.483955319633,38207.79513321387,33669.68604100768,104898.6393329942,147069.50906130567,66100.19864512769,131450.38603606497,-34179.823678379624,52648.629537973,29141.28987380967,-44496.10371323919,20053.074561215595,29328.156786354884,12614.494782277978,21069.26460351699
496038,116318.0959925766,-35417.34264522559,27151.802735304183,24320.4427400722,92762.69051275204,134874.16668144305,54660.033561334116,119641.27705107663,-41581.1179780972,42418.880847437176,18503.553691105237,-54347.895802326835,17687.389456199155,26984.92886989536,10363.35921137007,11941.848619942108
496039,124629.17527123648,-27116.82350196194,36601.27001064418,33880.44878838735,101684.19807093588,143648.0558876584,64107.15250672375,128596.84386971394,-33018.24454658651,51724.39349266027,27654.45841551163,-44858.12018244439,9983.531892171746,28331.677659351815,2800.323425922379,19981.26139627229
496040,137536.71010910755,-12970.2555407789,50307.834943685775,45854.96404082763,116393.07229332856,158388.60427287326,78196.59340946347,142971.488744491,-23542.698669221718,64494.03892476188,40805.4223080986,-32482.95540824341,10478.514810688775,31115.18647530345,3211.123645230298,31028.69150707618
496041,129970.67428304952,-20424.324152574358,41579.4954485213,36806.89803186477,108334.29861175135,150526.23805927578,69520.09688123211,134886.87089388582,-31560.191160572936,55909.24887197505,32376.04810708173,-41312.11868819651,19027.820309209448,29955.31699092497,11593.298940708028,23806.482144715384
496042,116924.38149915074,-34642.79102882785,27697.553820455916,24616.99652782293,93507.24281271905,135684.99520834428,55251.35694062881,120390.51211344324,-41430.30931265196,42965.909393757436,19019.06775516753,-53958.63826561771,18742.137916009044,27170.383452927017,11389.465068088744,12352.890012273698
496043,121955.51997131245,-29911.49767082507,33643.412345366654,31088.01383236274,98701.54463509453,140725.16466625017,61099.568010824616,125696.78008519756,-35370.96473083314,49022.43177190502,24799.895934296404,-47677.3952461289,11185.1763017571,27841.855442392094,3986.509008252303,17492.469165055874
496044,136309.0247693726,-14390.054889190204,49041.920351118795,44877.13787362711,114919.52522530392,156932.49205323047,76864.48899076108,141607.6107008193,-24198.907311187737,63525.85598831246,39608.028353451504,-33519.181389722624,9602.389980144711,30803.853324462525,2366.8198653727754,30022.91711613714
496045,132811.60312795587,-17446.070454376608,44673.9939314221,39738.20490572418,111456.91699228635,153659.1526141743,72653.4634278129,138025.43718444064,-29062.72114301668,59037.93606560133,35371.735470883454,-38348.679049909915,17803.92612766823,30506.23228545512,10388.208368580734,26324.836773920237
496046,118408.48653404752,-32960.74905027045,29188.672018498335,25813.695960874124,95219.63325489944,137454.95434294647,56810.97095539482,122100.88923681866,-40482.07678174875,44492.11319994154,20477.906354320054,-52647.5639642239,19459.466248020173,27513.490085959842,12082.902714720067,13576.816563455128
496047,119873.3107715925,-32069.02821617761,31307.041953294196,28851.305697238084,96395.40916901096,138477.04771645472,58739.129771391024,123455.8720311432,-37282.011545065754,46918.860985767045,22569.83766650348,-49920.82133596837,12382.257774584414,27469.716808850157,5164.664947505935,15513.398137373028
496048,134325.43094716355,-16610.292631319688,46946.455337061096,43117.97715634102,112617.60470384249,154650.14826617617,74694.9332101613,139411.88798501965,-25514.76974235852,61738.12727571421,37629.09822006944,-35339.22746361686,9086.733155711892,30349.31540532203,1875.6677333674465,28349.741896766696
496049,134923.77386112255,-15268.31568834835,47008.64438357181,42005.479012619646,113761.50670436627,155962.17008810886,75000.76616132008,140343.97559814976,-27122.815835892794,61395.9790809695,37638.67040061695,-36079.23887109755,16501.418380123152,30892.795585153468,9104.615975196983,28214.78179061801
496050,120312.10150480786,-30844.61422149538,31150.04861983686,27447.510475677307,97399.61450695732,139675.23768989567,58840.61550282858,124250.30472207804,-39175.22666820392,46396.890350434944,22391.903092809825,-50893.32542388515,20017.37864268971,27945.259973859647,12616.066554918223,15195.767814308258
496051,118499.37808211579,-33456.68152332304,29726.167446752144,27270.496506083735,94889.99026378022,137021.02557481578,57147.963390910925,121976.95505292363,-38672.536811661244,45449.41385580057,21070.804411277237,-51480.85570286731,13555.118580691218,27251.40553184385,6316.523681639126,14153.277084366073
496052,132163.29050537455,-19004.572389630906,44639.30715384352,41133.1896148215,110110.9897607795,152164.95650820748,72310.15830833981,136996.5970552892,-27027.58422469093,59679.144372463656,35453.68182331854,-37378.80715531106,8779.990802660948,29874.832017223776,1586.3737988288115,26504.29540920675
496053,136425.40027270635,-13751.416257866325,48695.09883492718,43708.29405557015,115354.89212025113,157558.04455322234,76678.17557616533,141959.0071623426,-25612.26742245206,63113.51367655896,39304.50349591647,-34387.10111332325,15086.805382524626,31146.53629765245,7714.020779270128,29594.299969371303
496054,122394.91922791934,-28518.391593877583,33319.505814736105,29281.087130434928,99770.7767629104,142100.50174538014,61074.403902417034,126583.8946579396,-37690.241543056545,48464.42490248523,24520.41454595769,-48944.288821462804,20438.671176214502,28414.657221136986,13017.856098942608,16989.84724798279
496055,117538.19954073011,-34336.22874018694,28589.558674352415,26037.863011816542,93877.99108028843,136083.6066822624,56015.93068569937,120970.91509093241,-39800.3767357622,44354.0282349937,20013.25675848753,-52666.027983933316,14894.969966761884,27127.85898122965,7631.64252392567,13158.374810037296
496056,129873.3715668945,-21469.94856256865,42200.50828166558,38978.927402435096,107496.60666175207,149596.99033331277,69794.4738597332,134464.7641884788,-28711.916775512655,57450.14613024901,33169.4829880966,-39578.561613079226,8755.027061679852,29392.912014163754,1575.6287927589483,24538.91658511813
496057,137451.0864228052,-12741.917381830794,49913.76662758665,45024.321735912774,116411.95306720104,158629.12234589038,77864.01852790195,143055.08130817043,-24403.147276003245,64367.98677039967,40536.80733368259,-33109.81734249485,13448.829157338725,31279.953544329463,6109.1676389690765,30601.196674460272
496058,124718.48451305648,-25955.966998359567,35788.75665468076,31440.433555834425,102395.2513108046,144777.3505363716,63601.200624258876,129173.72259854765,-35927.615437684726,50797.62314171366,26947.951323179586,-46691.63056188886,20472.324806223507,28916.299946266197,13035.02083587038,19026.14526966594
496059,116873.7731652972,-34896.9667948808,27746.448343101107,25040.70395776747,93196.04950717499,135481.76956450817,55194.673929098535,120283.66390292568,-40756.83191911961,43497.446772142415,19243.51978629646,-53601.70280923866,16352.072416551935,27063.507916219038,9056.92819014385,12416.955439658603
496060,127414.54624566602,-24113.867178951903,39517.12801271081,36543.98701055011,104683.27725033961,146837.14871492033,67048.33045370432,131726.42214039422,-30693.776283453415,54939.11760162396,30637.94173315875,-42065.41744844221,9172.359198989743,28894.555786325043,1996.3460610782217,22348.38652530132
496061,137977.41894267255,-12327.705030303843,50558.49203216596,45836.83653329095,116856.81629076565,159083.7433782055,78471.30521556082,143553.4057989976,-23592.91900276694,65078.30857245654,41214.425530079025,-32355.80481287596,11825.473606471665,31300.125321234038,4529.923239350945,31160.64662636946
496062,127443.29462193493,-23055.238972064843,38689.13064708804,34074.309896542196,105398.06931549092,147814.6684305429,66561.48127645605,132146.336546783,-33733.89962259139,53557.919788870306,29787.17104598153,-43996.851154974,19974.26042248528,29472.350202898764,12537.648357432756,21414.709871431034
496063,116747.86975676604,-34915.89373605794,27464.165802007705,24559.289353477296,93092.43406173601,135452.10010590582,54950.70058562325,120165.09941268287,-41255.51846680224,43172.67420311204,19012.970829811453,-54015.39727207061,17694.699485866353,27097.648649152834,10370.875112933656,12156.07895438189
496064,124788.34666628655,-26915.169046987205,36611.94699075627,33842.191324051964,101698.99047611446,143908.36373757554,64090.63319610134,128803.28321993082,-32915.72742886362,52194.3851634557,27892.06645521634,-44809.19926415905,10048.758281444716,28385.573199339033,2865.513218556305,19956.038266833704
496065,137710.53085238909,-12763.357725593876,50333.87393911084,45834.641260129996,116417.08142317628,158653.43924433,78197.36221421776,143176.7784290906,-23430.72937053441,64964.26159279332,41059.10352573683,-32417.64779974977,10498.695332541882,31163.583910122274,3234.9995354982307,31025.99395099916
496066,130399.09881115846,-19951.881246776127,41872.18043821459,37025.04695656044,108637.3527302197,151070.25446309976,69796.65474661384,135356.37098664732,-31255.026722859915,56598.98166989523,32889.87911590813,-41002.95868691192,19025.4699898811,30055.9389555434,11594.142055489905,24027.92218818844
496067,117386.36333085063,-34142.158310150306,28016.606409419874,24853.564163881227,93838.29660284199,136269.6830567974,55557.415132927345,120881.78483931851,-41108.067951194134,43640.32459730975,19577.7125488162,-53627.79755095029,18763.684832800955,27277.195947329103,11412.254583675556,12602.841597479925
496068,122240.61009814026,-29608.594498395218,33774.093162884696,31158.993668273495,98826.65303824336,141115.03376037307,61212.60940960066,125977.60191017448,-35194.94002190132,49480.01660738547,25198.967592775498,-47523.72530946287,11202.03404310245,27913.760553722273,4000.493748788944,17591.5757785228
496069,136504.25529753696,-14186.377769887573,49086.42532104715,44874.68751736783,114944.38157587849,157225.52002966334,76888.25592155881,141775.21688888705,-24091.966761719865,63864.06218514153,39931.97518743342,-33446.76441518463,9590.388150231372,30857.304373091174,2354.9762500765087,30063.041232764626
496070,133126.65711641527,-17106.988607967625,44849.533209664456,39846.118887832396,111621.17657301846,154095.13775353294,72812.86056132423,138317.0285244165,-28880.594485710342,59458.171897827386,35827.77860084301,-38165.23253472332,17814.610868878226,30587.29687405429,10394.228052531278,26475.54649047002
496071,118761.44497422331,-32578.390270755182,29397.810524813947,25938.53020669953,95424.00749168429,137940.70053379366,57008.302209539324,122426.04159919193,-40289.01313884722,44905.560722717244,20988.75989347958,-52442.946966282616,19532.443688692452,27605.668954285444,12155.256981666143,13762.52500740154
496072,120179.66489850078,-31744.30363829814,31469.06693871945,28942.02217916973,96538.29312190066,138908.7345464857,58887.02256788355,123717.35043904673,-37117.55305316364,47261.1384737254,23060.19846421723,-49757.19236021325,12409.096591121433,27549.815913575105,5193.636782364216,15665.007362085833
496073,134603.3805355297,-16320.927069126663,47090.509029688335,43204.9755542529,112725.56834226185,155048.0851234605,74822.29254182307,139634.46977543167,-25353.38647938752,62044.62404738748,38113.02964079939,-35185.23780520324,9030.241644499536,30416.307631173593,1819.6515536177455,28499.27880450389
496074,135235.85732539726,-14934.842099082054,47193.42228830287,42126.277191662375,113915.0596471281,156408.57577084505,75172.6364883217,140604.440626423,-26940.619869783597,61723.5032384199,38175.08527705391,-35889.1536660633,16462.786773841268,30967.858478244896,9063.507744750426,28404.997974096997
496075,120567.3387995414,-30563.296258727856,31269.27393701048,27492.34067470592,97498.28922197502,140077.1236142876,58949.2949496118,124452.8852483149,-39064.65943350326,46638.750622653606,22884.82957509272,-50778.048231344175,20094.974229010022,28011.83296862651,12693.517151912654,15333.707180404655
496076,118691.37868751337,-33247.61796093324,29783.464032009877,27259.669176239444,94920.9086251343,137358.60591440863,57194.099003080824,122109.33114735923,-38613.30819095783,45620.99180711557,21525.45348884858,-51422.50432021577,13640.530242148569,27305.791411488146,6402.841725655765,14243.46056550058
496077,132402.74526291358,-18760.779969257,44764.43045985974,41204.06438992184,110194.09882538706,152549.14243708528,72422.74645075569,137178.08040091844,-26899.23722555359,59909.51360321255,35980.17327351676,-37242.930069999915,8742.903406538877,29935.261260436073,1552.1992237207057,26665.177062381546
496078,136752.8478294211,-13427.112269955174,48923.2158611301,43884.420674535504,115537.6778659381,158034.44659434067,76895.25590094678,142234.34638450458,-25404.156163679807,63430.52284914587,39925.03874858711,-34151.87383036221,14995.837751133025,31224.372873135853,7628.475591476532,29843.59735772675
496079,122632.38792252884,-28298.586354704257,33443.88765359142,29352.616162768638,99856.91413500842,142477.02838266845,61190.084904876785,126758.1859246202,-37570.20056434997,48674.02401153818,25049.431799346094,-48809.92002466051,20448.98427552587,28476.62990705935,13027.263908482037,17155.20666059715
496080,117663.1054376895,-34248.289075759494,28586.58663654437,25990.993833007335,93839.67774809196,136331.22852327066,56005.627360036866,121018.75659289163,-39780.099402228225,44437.76404072156,20430.787040526775,-52652.66172281652,14967.675619046895,27169.13120958485,7702.800765218825,13223.245819075612
496081,130043.94897234185,-21349.338757763326,42251.34872651604,38993.54459160339,107509.79006192675,149885.97267026018,69839.63337426519,134561.7114137336,-28646.28916767789,57585.42786277871,33635.591481881056,-39509.298161245926,8779.137373499874,29441.490105853372,1596.2704257250919,24658.374539666085
496082,137706.7702751657,-12544.774455833234,50063.87277235692,45143.27330993797,116524.93219931447,159003.91830952466,78012.74150174935,143245.40010698774,-24248.375263544094,64604.43110379678,41094.84475800868,-32932.65126208835,13408.276883242701,31346.669867754583,6068.596475890741,30814.41984608127
496083,124947.87727810969,-25797.74651055188,35914.99692838728,31544.024333516107,102484.35577827615,145118.47515638918,63727.66304166087,129335.56639349269,-35780.87035683686,51012.63811762658,27487.54917188816,-46529.22874577371,20424.729256624898,28977.544734186496,12991.003206794421,19220.128348854734
496084,116998.21786811973,-34851.97398686643,27768.97725602282,25048.26179695555,93180.06134852009,135714.41822268264,55213.30550565164,120339.48781880748,-40690.64761244714,43609.40889445438,19691.995302805477,-53537.85339632591,16358.130891581808,27106.632898801523,9062.467850833618,12526.78097623688
496085,127464.7855701553,-24147.419276367058,39470.11087881529,36488.39961973645,104598.86167449766,146997.56229631195,66995.91844130121,131712.58268889494,-30683.823157944244,54986.12576531076,31024.443653395105,-42062.62432934636,9226.30961386477,28931.475485627023,2041.592734656133,22412.09145289256
496086,138086.3743837609,-12301.998842501313,50587.5017623528,45861.88840922604,116851.95848028254,159314.1250554528,78498.21122673666,143615.75228368945,-23522.977195446616,65203.2112782481,41671.74151292718,-32268.45892529727,11837.185937160943,31357.459917589364,4531.232423622224,31297.39060397357
496087,127643.98960484646,-22941.10244452964,38826.11261745802,34204.81902720896,105504.48181995083,148146.12104742992,66700.31690848316,132314.40743979742,-33581.448964208685,53789.37787088931,30350.74726035275,-43797.526923123994,19942.71114680876,29555.77317027568,12500.188246721144,21639.88457849764
496088,116879.1640629129,-34883.89694828532,27535.434468441556,24630.085754571308,93129.95681057734,135710.3078811345,55022.74530215624,120262.2988511005,-41156.79851784936,43341.22019303504,19522.616545642348,-53871.092691318176,17687.371841945358,27172.203283696264,10356.591315802452,12327.424307186644
496089,124759.17184654965,-27057.375634269272,36525.243670512005,33770.61735998658,101568.57050577641,143991.74599184038,64000.083612837,128734.02789622129,-32943.22031502728,52211.50942118469,28250.54325409079,-44809.8301176027,10089.255099174441,28433.009811409094,2900.5591753512836,20001.12474750385
496090,137654.04913008003,-12939.562667859474,50234.90259675105,45754.54914308833,116266.5287032442,158698.02969684103,78091.87770782606,143088.76306525874,-23462.07074130819,64975.21765850308,41401.400031302124,-32418.952933103174,10520.37743769611,31209.242164584,3253.4833982519563,31072.185536385776
496091,130457.48285380156,-20011.491854016327,41909.97671455974,37069.40378046977,108622.85773858301,151229.5247450792,69828.76043721281,135402.37737244292,-31178.516585849397,56741.702256060045,33362.46833049155,-40871.806828274755,19028.67656976406,30133.058380126633,11590.818775031752,24184.40548068271
496092,117453.08654204886,-34202.11754928826,28073.925957544092,24913.53093964321,93837.16238970196,136416.16484876288,55608.194365393785,120939.4600413352,-41011.59495180843,43805.154726067536,20077.25129361145,-53476.59766641595,18764.609279519864,27360.577225361107,11408.462765142887,12775.254885779084
496093,122209.14498317719,-29785.275947582002,33739.66372980825,31134.984677079032,98717.52847269342,141125.64641491504,61166.05727044003,125918.91502155397,-35166.49295438833,49559.52334456045,25602.73300004251,-47454.36796523206,11204.83759311606,27977.19215655511,4002.185749527178,17690.397280639805
496094,136392.77629860514,-14465.914401780077,48980.00583505454,44776.346568570596,114740.93448693695,157119.16120635127,76757.94680572076,141567.8752997383,-24121.757029540673,63872.398932806485,40240.44596134821,-33441.64845242584,9592.046927764599,30903.92621575423,2350.5545500676185,30103.63356480864
496095,133055.58684494533,-17365.95567313206,44794.377758413466,39772.34079762554,111448.49529021658,154002.01328625713,72721.42347691515,138050.97137664497,-28887.704410117967,59498.94198271057,36156.684862484064,-38122.815657124025,17835.342292499437,30647.187071410593,10413.556570209406,26540.789350163846
496096,118701.70072770277,-32851.608684828025,29359.116302516428,25855.784214364885,95241.33313196001,137823.33104706628,56920.00780868654,122063.08371391331,-40294.371810968136,44938.75886280603,21313.517531172212,-52399.17061633606,19591.32759484704,27672.164719846056,12208.858319757835,13823.847739017241
496097,120081.59583427607,-32090.16901440241,31398.249237078893,28818.361754676025,96284.69002666716,138705.0282011861,58754.00339132944,123211.98781940607,-37145.8604215297,47227.98822729303,23334.267044390337,-49748.751808632165,12435.426584904162,27603.716150290238,5212.322925134167,15691.605626614322
496098,134480.82178339164,-16722.52035557151,47005.50167557296,43064.65541106362,112417.80652293241,154778.21322424736,74665.91741574611,139028.74496355996,-25386.010826813428,61933.17209022627,38346.966327057846,-35187.068837822226,9000.249574892725,30457.376339968036,1784.0469612810725,28514.73553134909
496099,135146.89820317522,-15322.477190832296,47151.084703356,42014.64544371488,113623.65391522172,156147.26140811722,75054.46150183253,139979.54625626473,-26959.895032146753,61574.213194386,38415.002467028324,-35862.455181097146,16445.354321689032,31020.152537353428,9044.092264014336,28440.117828750397
496100,120437.43537018498,-31012.27777981456,31184.548546328526,27322.88140936852,97141.35164754611,139742.53463911932,58783.90293204622,123721.4783953492,-39146.618149548216,46372.625098137825,23057.034434701036,-50813.32354940845,20160.94166138887,28063.345160603112,12753.250665915977,15318.778551330668
496101,118504.2878486097,-33780.921620433524,29643.464492874973,27032.377504248154,94475.50320099284,136928.40061723383,56967.67636451756,121255.24580758243,-38749.37394274405,45244.097463946346,21624.164602047127,-51525.61735364679,13707.025796692236,27339.882258989237,6463.8654604726125,14173.890140149679
496102,132218.7507015897,-19314.6276799524,44637.753674742824,40993.39006046504,109726.62429159833,152095.6127122976,72206.81223115895,136289.42615558545,-27015.866797544993,59515.41556394887,36074.16394988769,-37333.18440531332,8734.345280398738,29958.375369400615,1540.8083399815166,26606.91741217089
496103,136638.42125701735,-13923.095520213652,48879.56443299857,43747.11841867473,115127.0988374402,157638.97009902046,76761.54197085866,141398.5461768916,-25454.88826318241,63095.86370550964,40080.96949792946,-34163.96846278578,14935.925581589137,31259.09311329351,7565.110291738022,29851.430994049886
496104,122496.72923785742,-28828.25725185072,33377.63783061887,29172.30902242133,99403.87998487148,142039.90795731713,61031.26668528496,125863.7858802906,-37657.081856286495,48284.37843960672,25163.57457573692,-48861.753046869155,20470.37073568542,28515.895310928077,13042.620871139996,17140.55333972822
496105,117407.58910207347,-34921.805155504975,28392.35773920184,25672.54149591934,93228.33683221496,135738.34235184372,55711.54400662378,119945.29915228383,-39982.55036481888,43890.49346200143,20401.632895930714,-52845.513214424434,15064.824659153404,27183.873552079283,7791.271269836242,13095.192460865783
496106,129753.68536446882,-22083.467971532045,42028.03606722583,38645.15439682403,106832.16180261422,149230.6848033257,69511.17703122366,133409.90402132418,-28855.051191997656,56999.73185785038,33564.93685119006,-39726.872117192936,8827.520564482464,29443.617376496666,1639.1352007316775,24507.92901294417
496107,137602.4222332441,-13103.286306150727,50047.65319628015,44985.42638234194,116028.36110154027,158531.2675356951,77891.53260350012,142268.74995400844,-24287.49074956271,64210.814717484725,41204.49691579793,-32955.69306463959,13345.680154632486,31376.680045086086,6003.543205904973,30828.532016637924
496108,124939.12989963447,-26268.60853430994,35993.932338833285,31448.87599686137,102070.2175238319,144730.07515404007,63702.33924710556,128425.26252667533,-35768.68510632412,50686.131577852364,27664.437597290264,-46488.45981058206,20420.799346109485,29020.25287979176,12979.384660347485,19306.44972553161
496109,116804.00164624669,-35538.158489410554,27639.929644610504,24735.741997477795,92532.09790067835,135089.48792593402,54969.00665075966,119170.57519505288,-40858.96909864046,43059.5275258375,19644.500511496033,-53716.87462233302,16460.34578414981,27103.704869490364,9157.454593368275,12436.370207481845
496110,127126.83857001521,-25007.681253376908,39198.32290453364,36037.44140624079,103766.8986223108,146184.85098759615,66586.00136436289,130348.47186358433,-30958.01612368622,54288.07521338183,30812.373656492495,-42383.19660923768,9306.297319663001,28884.127624967998,2120.4912107453347,22196.120366441493
496111,137894.3014431359,-13019.714131748775,50494.61199587834,45568.57786433754,116166.3896690121,158646.96878379106,78252.24417380628,142397.02174809846,-23649.787205840785,64672.79548492642,41602.16534662313,-32423.13715756425,11804.714906603329,31321.702810181705,4499.246126801342,31221.837642251132
496112,127635.09308458098,-23465.443112236393,38941.46991744627,34076.285355849,105010.44236645041,147668.5786287049,66649.49623090701,131261.57573647634,-33573.52154600121,53431.60932372739,30438.045233302422,-43785.73271112337,19927.68431381396,29544.32830145941,12483.037234096651,21728.14091429786
496113,116742.21552315995,-35547.49295653457,27519.81445756181,24357.708146311616,92479.15156742747,135073.0576432966,54823.08499799547,119017.98244049898,-41275.52849551023,42831.9133668087,19442.100448600562,-54010.58951239941,17758.609299332897,27117.707903864648,10424.427815366358,12304.259634982685
496114,124437.85784153552,-27930.007095527235,36318.09673808958,33318.4712379643,100692.39873075185,143130.9794543959,63595.6226668582,127247.99615728125,-33202.66302534894,51512.569794922594,27956.78856887482,-45133.355775414224,10169.275700838178,28328.50327840766,2977.399360142348,19815.67471466855
496115,137388.33606658888,-13761.39224817349,50094.546285011056,45370.49330974379,115439.17516591244,157894.90893431043,77753.92938357673,141656.1153413909,-23652.463598841277,64348.91632247476,41156.49014032172,-32669.98570641831,10523.783519794786,31107.745109597716,3256.20476755756,30942.466614236553
496116,130366.17680591303,-20631.169963319557,41963.19067119079,36863.82030422347,108000.67451019422,150636.92698395933,69694.54905804101,134222.49177008893,-31231.554589088522,56299.211520405996,33288.74504684805,-40945.581904943174,19027.372840028234,30058.41939014008,11585.90689793419,24224.239661682514
496117,117314.2644760908,-34849.179734270045,28081.170518170184,24668.578742250647,93183.54622874124,135790.487480675,55435.363415921725,119790.50274561474,-41113.65659804505,43310.03512462523,19941.043807519607,-53601.52279883476,18821.010456491844,27265.52680707738,11455.471567174593,12794.748974476015
496118,121946.02750610339,-30556.302916787114,33616.64548916508,30789.25378944317,97935.03551602605,140368.9429949846,60865.93610072112,124692.75901559339,-35357.71337453539,48944.47628406912,25331.54925578507,-47694.21568116809,11248.889683480265,27849.36649567805,4039.653815173231,17611.866363184225
496119,136115.71617905083,-15252.766593587907,48837.751342095,44432.75866463464,113940.38948508921,156347.5726044219,76446.12696554349,140380.1814587031,-24310.564509403823,63254.218807439946,39946.56145285975,-33684.93328249895,9593.718073992557,30768.76826753142,2347.527537170941,30013.99595739159
496120,132871.6269821332,-18056.32837535363,44741.054787356625,39508.290738262236,110740.03074569668,153327.13636323257,72499.86320542698,136940.60530125938,-29021.56358332788,58966.98153722033,35932.27614448209,-38289.20207614055,17852.954896899253,30526.011242952936,10423.941783033668,26523.869666705046
496121,118533.91533827182,-33525.80841768536,29317.687585676267,25591.073575562365,94541.28821269835,137161.1025847477,56705.391327506484,120910.72372808104,-40444.18067045444,44409.77354528254,21072.282785080886,-52573.831546596215,19652.58776558584,27547.854975399565,12262.780470725187,13818.783372165184
496122,119883.5322091228,-32804.18398689776,31324.509765439732,28522.346010530433,95536.31928768437,138000.86457654418,58499.88608565648,121972.29438967255,-37325.231485687385,46689.32826226915,23038.779581240044,-49960.208109076666,12484.809697470737,27474.760823963377,5258.096462365104,15656.104492117403
496123,134277.1113120687,-17452.39894349862,46923.12884727394,42765.969408378885,111645.94976708369,154058.48847226452,74401.55492870332,137749.87979619286,-25554.909801852253,61461.415715298754,38037.280150225255,-35395.40745269712,9006.217844955849,30333.092482765576,1787.730488286549,28472.89823786368
496124,135029.3284727376,-15956.523543795558,47157.04141601473,41791.38199575193,112940.93296679111,155521.14468936893,74881.72048654791,138776.14637808932,-27055.00256526826,61261.38000000097,38187.52526302266,-35983.85987748655,16439.9666866514,30913.14929820438,9034.603280126466,28475.52124555387
496125,120319.10747101779,-31634.187910658962,31181.77757070909,27069.314071320787,96456.21807426293,139113.22716597357,58602.798991185104,122486.89781266711,-39258.17592127919,46101.71621464305,22805.07612079604,-50951.51714613523,20234.49887452452,27952.747865667323,12826.04441816736,15357.77161855275
496126,118314.29332579799,-34473.425752934854,29559.629955699504,26692.44853944952,93703.5012224741,136208.05871666723,56702.11379167822,119904.35452058278,-38917.311692363786,44940.977256082806,21280.49466447746,-51734.095558652916,13815.012527707891,27221.567183016472,6570.358805219545,14147.841695297808
496127,132025.45541236957,-20014.753549666304,44550.04793402761,40656.60636711656,108939.31848620035,151355.13149346563,71937.18038883078,134909.57158810325,-27151.16692243996,59258.57651114812,35732.23606790457,-37514.62453001803,8772.401890465182,29843.704994413358,1573.686252589347,26584.862997206354
496128,136613.569820264,-14438.138828643574,48970.01374567716,43581.49879107706,114526.3698270104,157078.57253326243,76679.55457008886,140199.50317537505,-25438.36847508816,63042.696320094736,39916.598413983316,-34159.30869345022,14894.637347799158,31175.842144829938,7522.5583693643375,29977.101743886633
496129,122483.65651938248,-29293.163471888463,33475.39892949315,29014.77540836195,98844.52829355976,141512.28844203256,60974.03923803816,124758.5252768286,-37644.76021010573,48262.310445595824,25011.643100038666,-48843.16750357942,20522.95998775513,28436.04850379889,13095.846926730219,17289.510979839335
496130,117199.80513427759,-35538.729469232305,28286.124558186715,25354.222717123976,92508.4623336024,135030.5957191484,55472.81572948503,118828.8501510977,-40111.08786868662,43718.3624546091,20077.13696130412,-52986.86780707991,15182.47581758855,27071.18739882979,7911.413965785026,13102.820323264707
496131,129466.24009770821,-22747.957813365705,41841.87045151516,38300.387223616766,106069.10528280339,148458.02609591692,69211.25892170571,132395.85808575654,-28997.101970207674,56800.905814785176,33196.024406579825,-39894.73741717274,8881.110050024989,29319.055173454602,1696.0059611671331,24477.022980838912
496132,137489.72358193557,-13546.350966364422,50054.53020119542,44858.910631320265,115505.89510177952,157978.56069326395,77806.12421700227,141612.60758908803,-24245.042617812,64238.113931781554,41056.45634263362,-32898.06396489351,13280.17046891628,31294.404540458665,5940.901590426384,30978.732423740985
496133,124898.25189423446,-26579.525035090315,36079.82453851647,31417.184144694198,101695.1993995186,144296.11589435153,63715.86773384296,128005.97171343048,-35665.98615354221,50813.16991584202,27615.2859956334,-46337.42722918943,20426.601416947808,28970.449243028306,12985.51041147974,19544.06547947762
496134,116565.77563554072,-36004.81430964845,27513.36741894836,24537.561647721646,92005.15489305538,134473.19633235046,54789.638329426576,118679.1099831834,-40909.4389128795,43011.52225742015,19414.105544998805,-53741.16424797795,16553.99229080925,27026.326887696494,9251.47224012076,12518.296322995257
496135,126769.47267400274,-25572.96444862994,38933.70649139074,35753.07686912351,103148.00237992311,145448.76457700747,66295.5233817061,129830.56317054876,-31074.336780942664,54143.44753382548,30481.53886192574,-42495.768785295644,9381.554339908507,28789.768855676757,2194.579170844381,22184.071945762214
496136,137668.20945504316,-13430.446405285344,50356.74911896656,45440.97720546961,115722.53183692892,158060.53296021454,78114.14381875258,142102.32853935537,-23630.642393454542,64681.03313978389,41430.995407977716,-32373.61192808348,11790.40672689744,31261.843390146936,4484.621867386228,31333.15907421914
496137,127534.51286073153,-23709.873692797264,38924.58738971157,34087.77233321555,104756.67774545515,147241.80849659262,66658.6986852367,131205.44730579475,-33447.489280518545,53577.90164880025,30419.61839888665,-43598.28816091225,19921.492510139207,29522.587098441814,12477.706013078961,21957.1219558263
496138,116537.03323876606,-35868.183892551155,27375.99867118795,24275.929673040555,92160.81384794178,134548.65578457576,54726.41190239695,118945.71561631677,-41236.58753521373,42873.389173534655,19331.222664679484,-53924.860671599425,17804.843116083197,27085.83415526784,10472.725800663762,12441.475676406817
496139,124123.87138557779,-28344.530629435583,36047.3245894379,33144.1053328768,100288.84684213983,142492.2303770582,63383.17181322527,127125.91458402871,-33233.372682450005,51454.32638288338,27755.350446535933,-45139.27219990311,10214.975863400898,28285.750766788045,3025.8809080733945,19860.82007040054
496140,137124.6961105162,-14111.157837670182,49868.88347678943,45257.94356502909,115117.07758078029,157313.86898033525,77594.61969945638,141627.19074474942,-23624.571178499238,64349.51847256553,41025.06424385618,-32607.183243134765,10524.225934675944,31079.23407435757,3257.0850206298974,31033.058732077756
496141,130229.14935415551,-20835.678917021905,41863.6278379219,36868.53785637971,107842.21607182812,150196.40135885248,69664.392997489,134309.48527818156,-31105.955020720347,56419.63631729978,33291.03448253714,-40760.84171074089,19033.380488903284,30063.63842368576,11591.480004870898,24412.49669113745
496142,117138.79673878905,-35085.307567234195,27929.058785070374,24623.133197041683,92999.18341211122,135303.8081525191,55352.45614633811,119785.05203572463,-41023.9518848625,43379.29530779227,19904.820753358796,-53464.366503347206,18881.348794104822,27269.645992677564,11513.879873811187,12935.699469520509
496143,121658.5155116772,-30907.775393207492,33338.794230009415,30633.873651959137,97636.746801033,139750.73678704712,60656.690773994356,124538.4185302226,-35343.93768644881,48900.94619963364,25189.63237651693,-47660.36839751665,11312.483183029217,27834.008524962588,4099.259941869878,17646.507596381784
496144,135833.31566811114,-15587.514335250451,48569.1539422727,44304.322606708796,113672.08481131957,155740.25838533376,76252.9831361489,140281.5447326773,-24254.65149963761,63241.37299297406,39841.73528326769,-33609.37613179769,9578.714086028132,30754.99326065142,2334.7325191753953,30070.410996293354
496145,132752.2493156066,-18175.25039061009,44653.840400143396,39570.57528789839,110715.74366454687,152936.71509740164,72512.53772541389,137201.42415728586,-28807.158158944876,59148.39910144317,36035.11037429784,-38018.63138868022,17814.678086924403,30553.668504831065,10389.102818613093,26743.645370935163
496146,118372.27042544683,-33639.67909856333,29182.849246741567,25631.988924244066,94546.93683217831,136761.62646002398,56696.249438761384,121330.25874311269,-40250.50884522304,44568.95091788277,21167.34569812203,-52326.02478077648,19709.708698611492,27576.866441899612,12322.230571622287,14023.470894739537
496147,119565.07536497783,-33061.34712813303,31024.455489122905,28443.84197145418,95424.78469795495,137442.76097094384,58337.04890871487,122335.77281796063,-37235.36993850159,46710.621338943056,23004.443162882282,-49842.51922253283,12562.79464339108,27474.429551580946,5338.358836391486,15733.021589003754
496148,133940.21775845424,-17740.37755902947,46609.26540068812,42707.477262049695,111545.38990464712,153479.5622461376,74225.5812416528,138127.87851823436,-25442.125731803862,61484.89163246267,38008.76765757764,-35263.100492409874,8998.756537550282,30322.98464083119,1781.5886561014559,28543.68007423426
496149,134859.90495061118,-16078.096785205242,47026.97248684995,41916.07183362686,113060.45674656397,155132.00372089085,74891.29059149217,139364.7296722674,-26800.60094474069,61459.15209566397,38342.77172652291,-35673.339978447075,16386.731038389447,30938.151696190413,8980.91038782138,28687.097076001945
496150,120134.46085718319,-31771.880927637023,31030.89133423703,27176.03813583895,96602.689630244,138718.59711675378,58596.83925539308,123098.84315152327,-39029.67804895264,46277.491538456656,22954.475884836822,-50665.098307382104,20288.45872745535,27982.4757950538,12875.35331082231,15549.638611214494
496151,117963.45081870584,-34797.38864285837,29229.085044231,26650.82157804748,93696.01919466413,135625.70574690314,56517.474968878305,120368.70306174464,-38818.725530669006,44952.850322887316,21275.906431811516,-51609.16955833792,13896.104734149121,27216.01904552748,6646.354819001501,14188.303972595826
496152,131644.3940204441,-20395.33257115842,44192.24817428211,40613.31713574534,108912.90478492761,150722.79909094254,71721.53300166948,135356.6167784988,-27051.593747280192,59253.7882866294,35710.07739912164,-37399.73327961753,8764.250069122942,29824.135822200522,1567.3508606286334,26603.5525619042
496153,136395.9947932043,-14665.393278799393,48790.700744872796,43708.777840425595,114697.33879006011,156616.64489402267,76641.63939206311,140830.18754119542,-25202.14604295897,63207.41618215729,40069.67352596306,-33872.43446474551,14816.794378988092,31189.049072756865,7446.616769125643,30130.82930418525
496154,122290.32150939372,-29519.169226187503,33310.99717271734,29133.300970913762,99049.0165517663,141055.9585597259,60942.97739826323,125342.35458530708,-37409.97521801432,48430.33992789492,25180.692470512906,-48556.9570995032,20538.929479642517,28460.66375976516,13108.174618623336,17441.880363464174
496155,116890.40670032629,-35938.05056341255,27981.385332401824,25314.142392722035,92554.81063587285,134394.13305315364,55279.16300864544,119083.59558132508,-39996.27146348194,43730.75019059148,20101.537133687256,-52854.06005832858,15258.099174492114,27069.491676672907,7979.04281366978,13111.131281439837
496156,129140.09275010039,-23220.37860922922,41513.643696086365,38218.746558124905,106054.6960184686,147750.0658404239,68973.0672822368,132441.07637876013,-28900.90848193905,56776.35927723724,33187.71607188316,-39790.896920853615,8898.925570620897,29306.262066903637,1708.2938631266527,24440.932233935637
496157,137289.90425200167,-13931.616875760366,49860.000261075504,44880.09377229521,115595.06417523947,157375.25906178512,77685.98054377624,141643.4741288104,-24058.439738205554,64323.69654161674,41163.366682788124,-32679.381844461626,13246.534083806693,31303.141767061923,5904.158239174032,31024.18896000918
496158,124761.77076646921,-26936.119073169866,35947.11324333231,31464.646786363144,101824.03186108632,143738.27676585998,63645.957713016556,127974.95423376685,-35447.55881029159,50940.86648997694,27782.211247732586,-46077.50855004665,20413.681056007666,28995.08252804588,12968.32305360703,19619.90789727647
496159,116370.52699210207,-36462.484854200084,27311.301170079783,24495.471323257323,92035.75577550396,133822.80477611622,54638.3040723237,118461.1190591973,-40759.68863184842,43055.927202041865,19523.784643060742,-53563.25352466027,16581.365295756063,27042.188464291423,9273.894574221591,12515.84898174161
496160,126515.26020802016,-26132.767448011058,38667.33838096178,35635.466227170524,103079.5843750428,144709.24704908207,66067.07391114862,129448.96626683531,-30978.292045709048,54119.47213546633,30540.631207119346,-42381.88039027952,9400.896312134275,28796.268269470802,2213.4099456355634,22111.487632166707
496161,137510.4442284298,-13921.087828496657,50199.92324518559,45410.124719615706,115735.67220708975,157415.9748479728,77986.68039889983,141760.31307496643,-23453.759463187467,64752.843468495965,41597.98810680189,-32162.644838032895,11744.29272334231,31290.277743144583,4442.802006817158,31326.836183910505
496162,127495.24438575127,-24099.025836650686,38895.67205667361,34153.65393587487,104881.27205079762,146723.4267046349,66656.9360279216,130939.17671438694,-33172.44076150138,53758.618395311074,30716.21639116631,-43281.69860574853,19884.62108160413,29583.442949441665,12439.014322791107,22038.891753516837
496163,116428.84639434592,-36345.85450698427,27270.830631680914,24251.28043403633,92192.11437711824,133948.81548038096,54646.97697025956,118555.23085138595,-41007.65532823484,42981.20465298254,19578.054520237412,-53682.99136363245,17827.022572989827,27143.51574355116,10491.6830544717,12458.379498314003
496164,123897.79329411563,-28967.412298294188,35815.668270668306,32999.70542267909,100167.18795714162,141751.16107989335,63173.28172778109,126559.63144060563,-33094.235282894035,51441.64196755598,27896.24749567266,-45013.623957036914,10232.183067760538,28323.472889418827,3042.301114506311,19761.30700638034
496165,136969.48715486584,-14679.47127017775,49717.890806287236,45183.071248680935,115052.45189339464,156646.37786349666,77461.90438610464,141105.40095763057,-23419.87451264024,64414.42906676503,41249.78659644817,-32402.23017536496,10476.32426685508,31137.871394164733,3211.339717697159,30983.95061333599
496166,130216.6821804434,-21263.23584285532,41865.814148635676,36913.85361961475,107923.00632880884,149691.04941232133,69687.46901613136,133919.017910711,-30792.45987890365,56630.09863490466,33674.8516414062,-40416.50236410054,18986.910601863114,30168.0188940213,11556.708000917444,24481.75820498351
496167,117081.59713144472,-35570.87440622585,27878.785142503693,24596.467200322353,93016.23012070502,134747.230647325,55322.386321448066,119316.08612981079,-40754.81018323164,43536.11689590173,20254.622611386825,-53175.935781169464,18884.73186368716,27381.421944285463,11535.451447354233,12963.051107198298
496168,121494.53814742592,-31518.877306013906,33173.24923879421,30502.510524065663,97522.23132358404,139071.10965319574,60510.136800606095,123971.86013215256,-35151.752396648684,48953.34484103695,25449.518410998266,-47468.957183024555,11314.78454930527,27931.86961367298,4114.7992871622955,17578.758090794596
496169,135691.2572656786,-16178.200259425741,48433.134706465455,44215.19218871418,113583.94505517071,155094.34985812326,76139.69106099202,139810.77553330525,-24032.05651587419,63326.883371844335,40143.922567879796,-33377.85944688598,9525.443647052274,30855.14628039305,2289.956796697799,30021.712359255805
496170,132706.00441436993,-18653.728648869583,44629.42226260164,39585.570482236624,110752.19835918712,152422.39415697107,72518.78860544311,136912.9032717022,-28506.061314554936,59344.669651419434,36466.09787132868,-37679.74805146197,17758.9098027473,30682.923573343804,10335.655927273734,26790.34547697831
496171,118298.4306387215,-34132.6744710765,29131.79473318771,25613.04277060765,94571.27693582384,136240.69792268606,56683.33411024719,121084.9573358575,-39964.234339550945,44748.91127979066,21604.990297353896,-52011.7450198898,19702.10096089608,27716.193752070223,12313.988485689906,14066.500358657011
496172,119416.49783556753,-33613.68579274996,30893.392064413496,28358.524177530886,95385.12258051512,136860.35004482412,58253.10859000039,122120.42687051528,-36985.45449337271,46844.94887980633,23402.139032185823,-49587.94066737581,12552.449507010402,27610.504952673073,5327.93277587993,15724.823956150016
496173,133802.37744293723,-18251.099651762786,46492.636487257565,42649.776413423446,111543.61765545416,152933.1914591824,74165.26522694743,138049.9390569519,-25166.08393231056,61673.07253325698,38443.55978869143,-34977.1001932437,8932.822952590346,30465.276366711103,1722.2532942389294,28551.519403040315
496174,134815.2887700478,-16449.787418729196,47009.90293279103,41954.03496666622,113192.03497458661,154720.37849430245,74941.18244346319,139493.42273971392,-26448.585939189044,61795.54678361923,38895.484523015286,-35283.048161575694,16301.009100034704,31108.416412513187,8904.130971236555,28786.287542451613
496175,120078.03211669438,-32113.793319155604,30996.54448699934,27195.865038669926,96752.7260132958,138328.18279820774,58638.30146984986,123314.66185244614,-38687.86643261749,46660.358203914395,23524.208412659023,-50282.91290738697,20254.969313830086,28166.45943050582,12847.600232637295,15663.162744507394
496176,117836.68823231722,-35179.28785362106,29116.30223955419,26607.74605993342,93793.14273526118,135186.61074217828,56484.62608670091,120593.90362499174,-38529.61586846578,45324.44648082644,21797.549451968527,-51290.813852989595,13881.254382107476,27393.586720041436,6635.193488650915,14249.886130564328
496177,131511.28126082785,-20757.18496699773,44074.343349065006,40578.44054131233,109022.55025863078,150301.37507671106,71684.4326265215,135638.20509416034,-26756.385682890468,59680.763885769054,36241.14749238106,-37074.53080727088,8706.958453888657,30000.85568576076,1514.8653002271137,26661.04907158602
496178,136380.76670625905,-14873.026463660644,48802.66389273248,43799.928866989576,114960.41070338427,156353.95867746184,76736.34156936631,141292.45910669764,-24812.395968326324,63809.866720250015,40730.07221098576,-33423.320780980655,14713.754312295312,31394.357923948264,7353.130156023292,30295.536045054476
496179,122300.30523111009,-29663.114886604024,33345.77457466438,29240.348853225987,99367.41361294169,140857.3790449413,61066.349194600916,125889.64918492794,-37016.00998551725,49107.53943469044,25875.382417011875,-48090.617910220186,20487.120435248522,28687.21131263811,13065.10689757416,17644.146989113127
496180,116780.31384471874,-36179.01660184773,27883.5774569383,25304.67672685834,92759.17880226817,134089.95463397907,55271.687542617314,119553.56251813313,-39706.73757993292,44335.32022391555,20681.368954725225,-52510.2678561401,15258.54418519426,27279.73369861442,7988.397611702672,13216.648586262452
496181,128961.05768456533,-23514.485162198012,41346.55801704686,38164.95209522512,106195.24021144705,147385.6372600333,68894.55113026357,132875.85918325846,-28657.814211356446,57357.56801886268,33697.13690141418,-39508.63871194898,8864.122168036429,29495.57223371624,1685.6280275255847,24491.67912591596
496182,137283.65602372237,-14019.304924508933,49888.92302758363,45018.75183518824,115945.14407408243,157219.0939242431,77805.86369997858,142303.35195188085,-23672.373608321086,65117.450960760136,41845.58658880649,-32218.567472312177,13112.119133208358,31520.171347347467,5782.085509843779,31230.025195229602
496183,124858.25553169707,-26878.109890332504,36086.78215776669,31692.959921186186,102314.38865102793,143724.16646309066,63881.97094209693,128793.76220938664,-34994.601302999305,51870.21778767735,28562.415178581185,-45523.52172957711,20345.510770019253,29243.45682527922,12910.797079212898,19928.017224309755
496184,116289.13605216563,-36560.63426774721,27259.09434579222,24537.83126481192,92351.00313075227,133633.4930994575,54681.24597407016,119131.42252210133,-40458.58509927202,43840.26917343364,20112.12651409926,-53189.316396945025,16607.20060644464,27260.132035455885,9307.95672219578,12677.884252554157
496185,126318.58489329412,-26333.977847062546,38499.15100304065,35582.96829992808,103277.35686769278,144396.82478128103,65989.30517356514,130018.38072738485,-30757.70455380081,54818.30940383599,30995.99018331282,-42112.66850742648,9389.71813424941,28982.248466028304,2211.154165539563,22180.213487291494
496186,137450.16185104146,-13959.614863904944,50185.95793100901,45510.52860893457,116091.12225588056,157257.12515526777,78063.00982594368,142486.64092724962,-23125.326941245392,65607.05549166257,42173.97803688321,-31750.91466423034,11631.625374967623,31488.559550998005,4340.893661979343,31517.835362478094
496187,127569.01895803981,-23966.943484308056,39024.54443112455,34371.671966344846,105397.64217887592,146727.71387351264,66879.71542629368,131826.71806976502,-32774.59841446027,54768.60279778844,31411.307881585413,-42746.684604854,19805.339485462515,29815.16116867158,12374.467497268564,22345.361605917646
496188,116394.41157890014,-36308.3695968374,27278.508486866776,24346.674876839857,92592.58099559863,133842.5056199229,54745.33870652714,119338.41038238468,-40733.09634374562,43911.47107598679,20141.546789712906,-53268.82238256675,17822.64641386145,27356.381992176215,10502.152541656586,12665.575268903433
496189,123753.9095793356,-29035.36077224046,35707.980722363776,32991.96145934255,100442.90182385354,141524.65579195722,63149.163502495634,127228.5720690034,-32917.74525562722,52287.26193090054,28325.856037684018,-44711.198808920635,10222.864589438315,28501.16098080464,3046.9603330873424,19869.68311227378
496190,136882.8455105631,-14675.82997882494,49676.781547228995,45245.93740917354,115389.10231622186,156484.4080703475,77502.33690914379,141836.28037097174,-23199.87351263798,65331.541151933474,41716.9504762312,-32041.974401694282,10386.852839339686,31303.56947297659,3136.660201579494,31142.361158023417
496191,130301.69973446334,-21055.75973540618,42007.123933814044,37140.80114826825,108453.77768066392,149732.07389251096,69913.16958168604,134845.39974565065,-30462.810033306974,57720.24865292733,34290.94541132025,-39904.05936040453,18886.79394177317,30357.611787440714,11463.599171080172,24775.411420371078
496192,117109.13798611362,-35397.660140684005,27951.931919684586,24745.579275485376,93486.96841493998,134741.18783725175,55477.75256808616,120195.57855409235,-40501.51988864118,44577.604435012756,20788.85349989368,-52743.01648744634,18872.140099055105,27552.791324308047,11521.170587147288,13194.884642412298
496193,121380.68077134507,-31478.03550943965,33096.159695783164,30508.243835191366,97823.55878788498,138907.04847464903,60502.018124919945,124651.70363103815,-35025.0862547819,49863.58188881008,25812.724272839598,-47193.28506063501,11305.335539738597,28060.22562451751,4114.079707242741,17673.416607784042
496194,135616.9588496567,-16088.890743989914,48402.76547954397,44256.79056612996,113896.92384209952,154956.97887446257,76161.71408038857,140421.29900679074,-23877.867179943605,64270.481296628546,40508.59778452832,-33083.39967383267,9431.278850061171,30969.39791967214,2211.1028595067146,30133.902929349446
496195,132846.37994780875,-18324.200768836974,44821.46708653658,39806.13354102517,111268.7539761196,152512.60744933487,72754.58517494585,137648.00068722077,-28214.494319267495,60482.97828113409,36998.200243316816,-37211.3420251217,17634.77527174233,30832.904361545287,10232.196870469063,27046.299425211437
496196,118411.71775988248,-33813.186552729414,29278.86835317163,25759.871889338727,95025.85944082132,136299.39180741995,56865.50999251522,121698.03960355851,-39748.047094960406,45842.68744325082,22056.528283605137,-51615.993439521306,19684.52926450211,27859.174013447056,12313.03963859256,14258.732353528965
496197,119378.05278831786,-33443.69963935361,30873.494215774957,28340.66935858254,95634.7172870983,136742.40428491973,58256.26740152931,122491.0928938532,-36920.87019899457,47770.17197056616,23653.498383017602,-49372.10137715977,12553.423795641444,27709.75438265168,5345.322182066666,15756.016806874562
496198,133758.16270358968,-18078.083565354667,46472.49238163447,42635.36414668362,111750.30394913797,152799.37829210865,74159.89421264324,138356.83698925487,-25101.933689631325,62564.375958737175,38654.29082682889,-34780.71206723822,8853.09652504495,30541.43488691757,1658.2740514590737,28569.244913250444
496199,134948.83998405669,-16069.511103187884,47180.40966703733,42106.21541303907,113569.07530991451,154784.6870614196,75126.80889841297,139951.25671998598,-26254.661325194822,62815.18988687932,39256.64528279505,-34930.391357753,16181.81891825651,31211.42011477012,8800.891958880155,28935.883245466983
496200,120224.18349069034,-31696.87062289573,31168.737335982227,27326.047707425394,97118.03733958688,138414.11614870245,58825.88775333424,123749.71302619454,-38523.9318345114,47628.60462043945,23852.73920532513,-49958.07186876356,20224.690664594764,28272.91558836288,12830.62877775359,15788.731656943633
496201,117854.8469747955,-34880.465304747944,29148.097834881773,26599.512981686603,93990.60989891966,135131.92716817296,56526.10697051925,120857.52652037327,-38489.32000792732,46107.77544213343,21956.76662360167,-51122.61436912893,13891.937910834287,27467.483253599356,6665.321692059334,14240.310622925937
496202,131499.82770181278,-20477.289762896304,44081.15690765389,40555.90438502994,109163.1768141667,150213.0068326426,71696.61077203962,135847.3147643193,-26730.724554438497,60377.58236232756,36342.54204545985,-36950.51365368447,8659.95229635546,30050.323693565246,1491.0113039294088,26618.073056770183
496203,136495.95594964552,-14443.615994399117,48948.90750331415,43907.01104885456,115221.95313666807,156411.8031143957,76888.90218098895,141624.48627264635,-24687.483292750556,64572.243494048016,40938.66608860261,-33187.32390148534,14623.207178039393,31459.111932658056,7276.825633745128,30344.900680727776
496204,122457.78166981798,-29174.32388790776,33530.469215454854,29367.948696987645,99655.44411276779,140972.82402477952,61256.86419237616,126252.43736503473,-36889.973733006336,49848.02332105403,26097.196011942597,-47835.73103458928,20450.99622775567,28759.368690729767,13040.612173868245,17702.578547054054
496205,116869.4693566489,-35752.8508355261,27989.35083004175,25352.44319544551,92949.71583063505,134137.76762188133,55377.44655700173,119826.41566579994,-39668.39595105269,44951.399860228834,20799.389035459488,-52347.64297520511,15258.09601915685,27333.551172480315,8002.786931098786,13192.198993836379
496206,129015.36003387651,-23118.570593225355,41416.45487228756,38181.646151658475,106329.7948307034,147402.15086742732,68958.63155509926,133100.59010984277,-28654.661187572146,57896.60157283958,33754.75716147544,-39396.19301607702,8845.285477687827,29533.628203188,1679.2931329739786,24423.713330519295
496207,137409.85317001122,-13539.273307614438,50036.06293628326,45107.848552245014,116144.3397063998,157325.90212337492,77947.21720567209,142596.2287308693,-23609.406625851938,65698.10482382715,41960.062286751316,-32045.00299963587,13043.407893726915,31564.90298073992,5731.124729389078,31210.553821521906
496208,125043.74905180221,-26330.410985894985,36286.351122606204,31823.692150897677,102559.32854677961,143911.67868627998,64079.92433928044,129136.95640349425,-34906.83144224578,52475.052226616244,28712.58862485588,-45311.77498510551,20288.763542823646,29300.126662234034,12870.004816770652,19934.19432673344
496209,116450.21634740243,-36033.44630700808,27421.713256882085,24627.50213699956,92546.62934781915,133813.51475496028,54840.68397495623,119436.58743787005,-40414.81278065609,44393.16179247524,20212.48507373996,-53023.065813545676,16585.07971622187,27309.77833622993,9303.928783804773,12644.36197652546
496210,126427.68209229814,-25854.71606254973,38603.82500344384,35619.839963575054,103400.61996755347,144545.9456399168,66087.65427073176,130263.20103607066,-30765.15611758954,55298.74626239149,31022.675439749277,-42019.48437706411,9365.495457324521,29010.539297269155,2208.805049478093,22086.62182469836
496211,137607.2195175888,-13422.420678761806,50342.389958553234,45600.361306310435,116259.23992806868,157486.18211853624,78215.14150981288,142783.68405802734,-23087.707836012924,66118.22944990337,42236.47034500583,-31629.21543723929,11562.805546057096,31512.937501092478,4288.278743456372,31452.01841515166
496212,127821.83406369529,-23321.30675018882,39276.50604134102,34542.33587060176,105660.43824201499,147092.36461104007,67129.4971873356,132227.82520838839,-32674.114865509368,55346.48685220842,31557.09497086572,-42554.51168485659,19737.431363814227,29856.570305407735,12316.918548115345,22345.916174896145
496213,116613.22485835373,-35693.9257381803,27484.679467717237,24465.683714491857,92804.07198672129,134200.74599460905,54945.46639890961,119699.83424057775,-40688.62455324833,44415.344748311836,20229.5540659213,-53139.76704746545,17803.97705803801,27391.66294594747,10493.250141476343,12621.349956615652
496214,123881.44459075356,-28516.351596885776,35818.638165580036,33025.81263181285,100543.04748846119,141806.05527781104,63243.40420822726,127486.01536858999,-32952.54380989159,52672.190390339616,28302.939912129874,-44697.579665558034,10217.368610420173,28514.66603810962,3049.4222032035614,19734.6593712757
496215,137055.6756814851,-14113.418744063312,49844.807329418276,45332.590638729394,115527.27016612439,156829.34786504437,77641.30705124278,142096.82078571216,-23189.088137197192,65740.65347614206,41724.2200630943,-32010.555542631173,10316.584367579168,31316.996610188533,3075.1714596954816,31035.57369170642
496216,130620.91972383198,-20353.210929195986,42324.66443445871,37343.67683602544,108724.29332232174,150241.1417319352,70190.8344214436,135164.45335048425,-30358.265335781638,58243.00677347507,34413.163656111974,-39766.50739236284,18813.439268170114,30399.665422478785,11400.622523082733,24778.310411195172
496217,117418.54076130086,-34728.67032414654,28241.936658238432,24898.629706532964,93705.7685106146,135237.79431771208,55715.034653182825,120396.36218340769,-40453.46342883173,45050.43825852615,20851.40054788126,-52658.03682017833,18862.092491804826,27594.92013831095,11522.902020219535,13171.607660093581
496218,121613.21530627769,-30917.543369322695,33298.34508395351,30571.304059810576,97921.61384568774,139317.14565793332,60637.62588083791,124678.38454351552,-35062.8406032444,50238.201277403095,25757.019036654423,-47216.921864496064,11309.686131607417,28085.486050999487,4130.350156976769,17568.139772660783
496219,135868.12796702032,-15535.86970183745,48625.600889514346,44337.85227246202,113989.25370838781,155389.44071879855,76312.81456934084,140404.97324374274,-23893.574267856522,64659.409453059656,40448.62589106678,-33109.263935406794,9382.191567836473,30992.23027369825,2172.36877448185,30041.986295706127
496220,133231.7489600859,-17654.09029642901,45176.91140589194,39998.64537261029,111481.8286639305,153095.57523672917,73040.16365446508,137721.32798017055,-28136.586680682864,61003.35688789135,37050.2884720694,-37129.708970575,17575.887737778598,30884.58019383298,10177.10080700862,27063.8448834093
496221,118842.50428691373,-33124.68370720942,29662.63145465347,25957.219366037825,95251.6315487813,136931.72384949995,57175.50223813651,121755.57532946643,-39667.83792049441,46403.6875536123,22123.668387108242,-51517.929123069785,19667.83424132037,27921.837439476654,12301.183039542562,14309.45104657063
496222,119786.0649450034,-32806.739854501226,31220.85949960769,28491.77535665674,95800.97571135637,137347.411049876,58520.80966476253,122464.86173552652,-36883.26820870924,48301.87225313523,23669.551182708154,-49327.40314308445,12550.69019877071,27759.37231925788,5349.879170369763,15773.55270927495
496223,134163.9040349682,-17461.822265939012,46814.662741383174,42777.10973451716,111892.25315150477,153404.38577912375,74415.13634665895,138290.54407024127,-25066.10074597825,63090.97777902021,38655.87587323545,-34763.141740988285,8832.94850696127,30582.100576986428,1645.0932970625156,28573.658047540015
496224,135417.05396305647,-15401.741451661073,47586.41448739568,42297.68109090277,113762.4961441647,155462.81267805753,75447.89095890953,139925.23734409607,-26174.502318193074,63396.89621203771,39311.25449626413,-34874.98782976547,16137.781096585055,31260.59175166954,8765.136220425533,28980.59552058793
496225,120724.04919706739,-31015.26438868376,31598.062732096547,27521.103301066752,97320.49264617983,139128.3745484455,59169.86670737756,123719.49771361257,-38436.36353180106,48238.83482395801,23927.760749799636,-49886.4863752934,20201.748883746826,28329.143434519232,12815.946818294335,15859.728904657815
496226,118337.13644930201,-34235.84718779875,29552.89388384429,26760.572371800332,94149.79239204274,135830.02454826282,56840.5045196986,120773.43486040122,-38432.156524001955,46702.00980455135,22002.950589706834,-51081.95613204249,13885.970381527051,27519.71523838651,6662.254610583497,14293.942730757284
496227,131949.85786249937,-19877.36475091255,44456.28467938733,40685.60277594486,109276.80550346097,150881.55749223253,71977.59137292039,135710.2363402826,-26699.0434262687,60947.22881669822,36353.997666454445,-36955.33372593742,8636.796553628674,30091.813954570887,1472.4243841574919,26639.122660176814
496228,137012.67392975837,-13774.74429234854,49401.74656251264,44101.93542652913,115405.5054257114,157165.93905240126,77251.10391601358,141552.11990343477,-24591.461466788052,65218.478765163105,41022.03905229016,-33157.66336899996,14546.38804075781,31508.675912524035,7208.542013753548,30416.558110951322
496229,123018.8444960616,-28460.145287241998,34025.536819823355,29582.092572089045,99875.45386027728,141789.2328913845,61661.747171405616,126208.78024472737,-36757.74213657243,50545.0889076381,26227.323495132703,-47821.84735261772,20408.309411491864,28825.383940181564,13004.762044953597,17815.950253710216
496230,117346.6440946622,-35132.02952098176,28393.97971608272,25465.380664875895,93063.4795147233,134873.22652048024,55685.068298403254,119663.7086295822,-39600.81705977158,45576.15422606423,20862.71192469329,-52461.460807061085,15259.210181467546,27388.000235238298,8010.638821825998,13269.707290384078
496231,129427.4476282584,-22570.061537838115,41759.38070374582,38236.78869083703,106361.96180047515,148071.94174628926,69199.31515628725,132844.85626465152,-28616.681746813676,58461.18816299681,33778.54305892672,-39606.00266408171,8824.688410335897,29570.935362434506,1667.8394880909657,24503.193353091345
496232,137929.5777092537,-12874.722807776101,50502.79777368529,45276.644014452424,116292.41685241024,158120.38718415,78313.23805516525,142447.0052562863,-23463.102848152415,66364.45388693098,42120.60888918755,-32175.673707635946,12952.727117199196,31619.943100726432,5650.169690616649,31427.69192019931
496233,125673.07518857619,-25549.008627971052,36861.471101599214,32072.403866106564,102816.57349930648,144828.0815060651,64553.919092513024,129085.58927919179,-34685.379913817706,53234.009345681334,28998.505329473086,-45365.22970530843,20235.869613158797,29384.66209607319,12824.56589921325,20297.971949578903
496234,116987.78676056283,-35357.045968350416,27884.8741830967,24757.268678088905,92679.62590648163,134618.12550087005,55196.05121152561,119249.98958021076,-40290.80533055044,45040.05136886621,20409.55218126229,-53198.353960792476,16602.843950979055,27379.198191787225,9322.122873317787,12978.55790975783
496235,126868.17789563797,-25295.525188829037,38958.78177879279,35652.25603972448,103403.14669339641,145219.46440206585,66328.44698896898,129937.12170448179,-30715.804785809036,55832.86892248139,31134.010093409408,-42307.600089424086,9379.723675419373,29057.63152015254,2223.115356176065,22371.12306762963
496236,138134.01458058803,-12783.422811490558,50790.837166616446,45723.67432130744,116343.19096294427,158232.9410074494,78552.21366490115,142529.44017190847,-22956.175873428023,66725.49062015454,42452.5179350228,-31842.934797438425,11493.47069078368,31570.414592851488,4223.629799675618,31833.600637748714
496237,128486.2767224432,-22542.533461460163,39860.99105979729,34780.51231103859,105884.71368834272,147975.01635398663,67610.82209577976,132098.99851834885,-32446.530928966953,56074.732428666146,31925.019264252336,-42647.63011179277,19687.314242128254,29949.1471662283,12269.243936909643,22884.906739702932
496238,117196.74566488258,-35010.325628930164,27968.491018472032,24598.468122943654,92923.51597902854,134975.06750854282,55326.96079537004,119451.3873855857,-40548.14518618882,45050.78618842903,20527.574529741458,-53318.34726721357,17835.430869392567,27476.019152788554,10522.683424938281,13156.163446302115
496239,124352.03192532278,-27965.991336284103,36171.657793833576,33047.99278436117,100524.0226101348,142433.7499753676,63500.96389774265,127092.35993845908,-32902.953483217396,53188.287949246645,28500.785542532605,-44985.63487050892,10240.066204660765,28572.037805225787,3075.9228116758372,20222.187057602485
496240,137557.52929927094,-13534.762890604492,50222.549312797884,45405.49860342859,115544.38417842789,157481.79881201146,77947.74036964212,141773.14979197783,-23093.76911993327,66286.17420403351,41977.89028087955,-32261.594839584788,10270.935072464345,31376.885808024814,3036.568754417938,31573.235928761507
496241,131217.7999324775,-19662.300979061893,42793.28741833904,37520.44356556058,108865.91235392643,151007.3595247045,70617.24697516274,135032.25450384218,-30176.242646639388,58885.04573209939,34797.809145747735,-39911.67438374006,18775.94377045014,30489.931928079946,11364.338428025387,25413.807254939493
496242,117964.31547738975,-34080.77319826846,28644.238004945928,25027.01812317575,93809.41855555601,135958.63365216771,56094.021449555425,120289.1828829403,-40304.711377685904,45650.27177273239,21220.85086722998,-52831.45476900258,18883.695224346233,27684.079839740218,11544.180451498718,13806.693224560102
496243,122050.4831078072,-30381.00105649841,33581.09656097471,30610.408224225488,97921.47626955723,139922.56006410293,60907.83818734924,124520.61759987965,-34984.57206594317,50730.15712976733,26048.197338715938,-47477.81637323271,11354.409324150725,28153.675298384132,4173.62604864716,18143.1954401751
496244,136267.4600654723,-15038.889678662345,48872.459009304024,44368.18799276653,113966.40545390135,155952.09464163607,76556.27953673886,140264.24675765354,-23820.865051762503,65104.667919103296,40728.45632848149,-33397.46648651366,9379.59072619733,31046.149290713965,2167.759975827707,30584.880352124557
496245,133697.6177722335,-17083.00702528208,45498.44599356455,40113.3120273987,111553.85300480181,153732.22842260753,73370.4498763932,137702.70247185114,-28000.458500752247,61490.45358680861,37421.64955378838,-37345.73282157184,17542.979424590074,30950.28436654331,10145.612675250528,27653.063841972493
496246,119268.90520941331,-32591.541772817614,29939.731717856528,26036.94850602711,95298.45976514231,137528.30095206265,57470.297480139925,121734.78555492143,-39562.4183788159,46827.80791900102,22478.15114868294,-51754.31842601595,19685.280789142227,27989.446111216326,12320.115012887967,14889.968214347155
496247,120079.4817938896,-32422.54602875525,31353.893689432236,28453.2377275232,95710.82512215276,137790.14357002795,58673.4578601033,122318.41695462233,-36884.261682103075,48572.99767713805,23902.873677581716,-49677.18706113129,12603.319978849278,27807.265663880797,5402.59647550556,16263.461852897453
496248,134407.04403990624,-17153.4917185761,46896.13576447628,42711.0574036128,111748.1614425157,153770.43420576098,74516.69102992464,138082.04852429658,-25090.0320279785,63294.324187094535,38845.3443867424,-35153.10954620328,8822.381123676238,30614.555292428708,1637.5446199205062,29017.90794094208
496249,135812.4215943685,-14950.409659832309,47830.44714861898,42392.22170763292,113789.10833168653,155979.92533196922,75717.11954454074,139874.3522193859,-26070.726556777932,63733.474879766036,39659.403345147846,-35112.676233731385,16074.142172472657,31323.818601062783,8704.895104286825,29529.61118178874
496250,121130.815098988,-30564.54920465167,31844.079110816536,27608.780027517998,97359.85499757579,139649.25574039124,59442.64561415918,123668.34045188205,-38346.475235620295,48558.837845958005,24282.604655772397,-50112.986521181796,20226.959036736014,28403.78177221011,12838.876881758992,16411.624352474297
496251,118576.18561572756,-33983.28692562601,29614.98046558436,26678.276708037007,93995.87854059666,136148.80893352506,56921.36251044359,120520.28837153396,-38485.93831976511,46832.25608788325,22178.389656366413,-51463.43194477404,13972.575225684273,27562.856343513056,6747.152640573612,14708.243595314976
496252,132114.77573850792,-19732.946906979138,44444.560793585086,40552.1577472339,109029.53358993075,151094.28299998824,71978.74882991062,135361.45881477592,-26786.858222411633,60989.970765782506,36445.07443540502,-37394.22141060089,8665.476408191516,30112.58210381952,1500.1904288162557,26988.01796649275
496253,137344.75129582908,-13476.842677140852,49575.730332927065,44148.286180938216,115340.91297679748,157542.85312838788,77438.98500757902,141382.42013579764,-24536.26239085833,65413.784771774226,41274.42052202215,-33404.48556693007,14496.895288576005,31561.357798961908,7159.415452081053,30886.51212487698
496254,123410.91007696201,-28113.227843806322,34256.43590846784,29673.298074414903,99879.68606458715,142219.5008316955,61911.05176697127,126100.87563055383,-36685.622891808394,50773.527356472245,26518.45753004907,-47963.208773682316,20439.898025849772,28894.832841291878,13036.20665449592,18323.290921642278
496255,117583.83730755885,-34970.2696672757,28451.51691000316,25399.61001532424,92891.70540258597,135113.4609156101,55758.88047232276,119375.0330445521,-39678.60913278429,45625.678385307336,20959.901812347638,-52712.5178768457,15356.509776341092,27423.51053443896,8103.1102954333755,13613.201743895694
496256,129555.74021097018,-22555.34853009052,41705.71392822376,38086.65257960918,106062.11361011933,148166.27156432928,69159.30011577421,132429.6460710037,-28774.51126029188,58393.52869667936,33736.36503811419,-39924.61122093128,8873.878891485081,29577.988832000112,1713.7601663670648,24690.594282428632
496257,138151.64500773238,-12787.209559962495,50560.54136101826,45242.779928341275,116096.27905014285,158299.13520424053,78387.51806696905,142138.08711316698,-23535.947022377077,66388.53056348104,42153.242910265515,-32371.12736251271,12927.899582221107,31644.40180539387,5621.013525068045,31618.71497847348
496258,125944.30974821557,-25419.144664360414,36977.96993895179,32088.156684581794,102685.85529889591,145055.2903298387,64692.15406341311,128840.87168426489,-34727.79132607295,53302.54434638971,29061.24705696442,-45487.255948189704,20253.384336540847,29427.832288105787,12841.381530338915,20453.399735872845
496259,117138.644373666,-35363.97788478248,27880.395526751145,24658.874889149512,92425.80775353021,134705.48170410618,55211.633799961244,118875.9728890773,-40436.057029393734,44985.88521334847,20331.26807072121,-53411.91307327739,16678.483415110404,27403.863166402112,9401.58231655769,12965.627905522577
496260,126911.74564867975,-25434.46408386142,38853.70136493806,35468.972328854696,103034.54475304516,145173.36059886427,66237.31911909876,129427.08912553434,-30931.16143192893,55674.64475971978,30932.61223390733,-42603.74835677988,9444.73017646072,29058.84154911746,2287.6210617330817,22203.49021519814
496261,138219.70452979452,-12911.552482488845,50742.15690372986,45592.17088922531,116005.59468799346,158202.45690828288,78504.02833318018,141953.51692465192,-23124.509534533405,66604.6075623706,42277.48617568411,-32089.50185694796,11505.558831575996,31578.527312012695,4237.390698669084,31618.180354201293
496262,128640.89486641454,-22638.760757527292,39886.54736801003,34693.33092436379,105588.03914213945,147980.1631781332,67617.67861994571,131401.72024687723,-32579.054933713516,55991.43999007391,31777.589949775807,-42840.39714140761,19722.47395577275,29969.604885874087,12303.35217446466,22604.21664224683
496263,117294.85239542215,-35212.203984657885,27925.868874661817,24418.22838227724,92514.38866548936,134874.02196835593,55248.009230591415,118477.93722509571,-40748.549252574376,44865.35609351072,20270.793885668045,-53591.001289070875,17929.59026433929,27482.28617903865,10611.756370343524,12694.946937775834
496264,124347.39833582504,-28325.339269224445,36021.88818456421,32747.340918178008,99943.69205001349,142172.28589158208,63292.16796713158,125804.78508611291,-33185.71113168235,52855.95639828406,28102.546663845744,-45371.79030295144,10339.300994040557,28553.674592475236,3167.2835191726244,19572.235334494577
496265,137569.65314803534,-13914.171622469414,50111.47373003363,45123.05677960171,114936.21689651598,157202.17405058577,77755.94075200941,140358.2336981568,-23341.25695073461,65950.37389110526,41587.09726735405,-32618.634662992223,10304.190477592601,31357.052719826002,3062.437350415306,30887.80572844026
496266,131351.9668411546,-19935.96609676595,42828.4904766249,37340.2513038981,108353.92378328071,150835.73503007746,70557.16275943589,133625.62912692776,-30328.105599821,58645.44989995325,34517.78212959699,-40148.077133318046,18787.316876779805,30493.265874350185,11376.168697204594,24786.596667181708
496267,118049.0423566627,-34429.917321566514,28629.846561398597,24761.39436076617,93199.34224102994,135703.44060511654,55969.238688023404,118690.19264624745,-40521.95844035995,45315.90433793962,20863.033805290703,-53135.830256961846,18962.32956134814,27676.209379732198,11622.728978298486,13079.984010682574
496268,121993.7420482492,-30909.122428274855,33420.926354294075,30188.795538140337,97105.86179563159,139477.38603292033,60621.82453838529,122644.13424748278,-35320.12139210038,50221.13507436547,25528.96430259476,-47929.14564213299,11435.524703425825,28108.609953359235,4250.375119336604,17255.557055551795
496269,136221.9224249815,-15579.745671720897,48740.231279198764,43966.18174667563,113122.946848879,155493.01846877247,76287.81982927912,138323.9454339056,-24118.223184755338,64600.30098465838,40230.44321502278,-33814.52965493292,9378.531865510968,30997.849134688317,2167.3910213602157,29712.605968009637
496270,133825.4531367378,-17448.65940226993,45565.34245770163,39873.03142178932,110877.41205335126,153451.75638808322,73295.97227488107,135896.44190396578,-28154.194029397873,61141.43631966578,37104.623848639596,-37581.36146490418,17522.045240163698,30940.854944923085,10124.832710986633,26932.285506087406
496271,119361.42100655207,-33001.78989193852,29968.345180476677,25729.407709856278,94555.32222458186,137195.9993232626,57350.93651347489,119810.96967176042,-39771.858268742915,46387.616744713596,22104.92956808803,-52046.5900890038,19780.599572087907,27975.539908915536,12409.268464956991,14117.044692739773
496272,119996.82899944413,-33030.71892877558,31204.120162493848,27970.504429901986,94743.11250806885,137248.9624167619,58366.004586679606,120141.1500832593,-37228.13516548658,47913.347769081636,23348.88684893794,-50141.34422975153,12726.315494593571,27756.40781977403,5518.70600179492,15331.549063499904
496273,134293.07092504887,-17802.980038512433,46734.4717249468,42226.851577872396,110725.77393220193,153187.3855806166,74193.14300623222,135869.45282354797,-25416.283802040165,62590.211053492894,38283.80987417445,-35611.57584812994,8851.162902251957,30549.93312692309,1661.1915437012783,28094.917345200105
496274,135878.94840337866,-15400.638395960854,47878.87014880704,42099.378378996276,112962.77632459639,155602.57637914136,75607.94853734676,137880.4184861166,-26238.591436491806,63192.37108285399,39302.93691608475,-35368.52087970082,16045.15273845206,31296.464039574606,8673.860502584223,28799.096771920784
496275,121189.94748246118,-31008.983287620773,31884.96714544941,27289.13243457654,96526.08624758317,139273.35108921904,59328.52213923976,121661.38296498427,-38542.10306521165,47951.03935648555,23917.35533643708,-50386.93713289815,20301.588218689874,28381.657114934016,12914.163231542556,15688.754760006652
496276,118449.51139928344,-34624.90401946221,29456.474875848027,26173.985773094242,92946.4346895109,135563.94849495182,56606.188694092765,118284.64592346789,-38841.61533496289,45968.25871838538,21626.007642229866,-51930.0763903132,14091.134681395573,27500.361440501994,6861.252815817681,13826.48461232234
496277,131920.2072583721,-20454.58088901936,44220.89999905255,40006.99694649609,107891.11792019593,150424.96833480062,71598.70693845548,133046.74341793027,-27166.840299677857,60012.20230463336,35852.33898198242,-37904.10078704034,8707.641465396102,30027.14601969945,1534.2419202810174,26083.79309240393
496278,137320.85184308467,-14013.62028541614,49542.65054616392,43792.66546740035,114389.44279063848,157062.54745017103,77256.44971291278,139272.18906218425,-24764.53135456771,64548.07373388784,40884.153804847476,-33726.05095559794,14460.889221074716,31502.73418418682,7118.028766457998,30168.639538065254
496279,123428.13197717788,-28598.95463406934,34262.14905346088,29345.32308282829,98977.2476119377,141790.500978686,61773.31687466396,124033.89475048981,-36913.629991096495,49837.22485778705,26172.428551113655,-48267.64440384645,20486.29257270148,28843.387610910857,13077.737847026605,17654.08441583625
496280,117425.3605944239,-35650.81239087372,28262.74277710992,24891.486585312785,91785.29447192652,134481.92726882402,55424.600827810296,117088.95344067422,-40074.30498782099,44391.45590513053,20434.693085066712,-53215.528867804605,15469.125473038652,27334.206648553674,8211.957976241083,12792.123914090938
496281,129304.33919088439,-23351.724969139344,41420.44529022432,37505.5474724433,104838.55104446899,147417.57649125037,68726.7400798065,130028.59629798954,-29232.63629483529,56985.66718744959,33130.60950757365,-40513.02143030515,8932.643906090143,29460.5243743089,1769.9715031671192,23819.999189886734
496282,138050.08641611267,-13429.609392200415,50442.65182033784,44830.9936307755,115037.04915176358,157711.91318906628,78127.83460751809,139916.565455297,-23867.527992138625,65070.92914211127,41721.7716082063,-32797.71053618632,12902.747808862583,31545.981705843784,5591.050603187281,30925.698254607625
496283,125934.37520059395,-25957.692172284307,36954.53708632498,31758.490474402493,101737.49119411822,144576.8152890811,64534.76876634122,126728.53919651378,-35032.098625833176,51987.43781823713,28727.56420677137,-45848.11796286651,20299.0726683585,29339.56350284912,12875.075079618575,19870.781201329457
496284,116966.39697558603,-36078.1482965287,27675.180765850815,24161.340723868652,91297.33582470618,134045.54017327505,54874.295844610446,116571.67436172908,-40911.861783962246,43414.972203380545,19829.153953531317,-53963.8766285943,16801.677470484683,27270.268596783637,9510.809079278526,12266.641508701448
496285,126621.23279074105,-26286.65417071605,38522.23776846452,34875.313259822295,101766.35920125767,144370.783320711,65774.86323631823,127002.47347564923,-31486.558624853486,53951.19736314247,30325.846562789593,-43265.864092535296,9521.744512884761,28895.880349125542,2357.0183019853807,21460.02653543137
496286,138066.64606409945,-13605.01607127467,50571.37537147484,45174.69252544243,114909.22454433845,157562.6410531222,78217.17284222852,139814.37819913556,-23526.92191766642,65044.44208461461,41849.1074022417,-32576.07357470598,11472.626389143486,31444.560442206584,4198.881128193907,31084.44666669773
496287,128633.0693580325,-23132.990681798132,39879.38883518716,34444.99630707146,104711.46177206747,147539.9517891248,67519.90970871615,129643.97861347311,-32856.32431698848,54588.7681776815,31530.399560000886,-43161.57175070989,19722.269171813423,29867.66662644161,12295.909857900504,22283.81108802066
496288,117157.1476120659,-35805.72703615626,27783.84383421042,24065.72370152749,91560.68093535298,134328.38669344183,55033.74072255229,116797.9774947064,-41131.74829621508,43329.3293057945,19913.934300528945,-54025.34388662161,18012.636149268496,27351.285407333984,10690.912319519957,12340.75286144111
496289,124070.81150585714,-29029.447463299224,35750.41907014792,32325.364860597572,98918.85420559291,141519.67639169033,62972.89390792566,124309.56597005192,-33624.27123436878,51251.86310802612,27659.173419129045,-45885.9789469729,10393.183532566825,28400.733804364707,3219.0279847220395,19191.949430304852
496290,137333.16926061106,-14521.17901573706,49909.58032360011,44837.08070675097,114073.21106117024,156662.2307121249,77546.3084866682,139389.92667101912,-23657.784324487464,64512.26071167954,41264.84292434556,-33001.703781305,10275.92887842364,31221.64894409059,3030.897535126653,30647.951992999697
496291,131202.8468545879,-20388.133161737172,42737.079142018294,37219.6251069753,107726.37307345614,150465.6723536582,70496.5830588656,133213.94740160275,-30528.38380762881,57387.94204152798,34346.99359241556,-40385.97296050617,18771.39235659506,30380.390575402933,11352.310232702428,24698.37757620545
496292,117807.29501983988,-34916.04795298443,28456.627659547168,24622.302900541516,92617.89917227082,135303.3701605936,55854.0114001767,118620.34776913283,-40764.56551958412,44025.59317508223,20649.62346782876,-53424.00340159537,19020.923211863606,27549.35654781467,11675.921414364324,12976.502963463157
496293,121635.16625497275,-31474.203061979584,33146.665076215366,30010.037786480683,96525.43550887714,138998.22004957357,60415.52283095428,122796.97730783653,-35604.04476949172,48883.73646465362,25246.608529669054,-48284.247481146725,11507.281244497575,27970.273463368623,4316.0199996498195,17104.488895834867
496294,135879.34949682938,-16114.64434845508,48504.90077556821,43867.77975018586,112662.7748840387,155058.11782598874,76117.36731306466,138705.78071818483,-24327.21880427217,63370.23034616193,40003.14032431239,-34104.04048069437,9393.300121176966,30871.284728493894,2175.5970207819164,29613.129070968174
496295,133568.39333758372,-17884.36452167215,45436.880897832845,39913.76308051499,110617.61175251644,153153.60290890053,73231.55077541381,136556.06124887653,-28255.139148618244,60081.627809230646,36991.760955267615,-37754.82427632007,17518.447116077456,30830.597609249548,10115.796662309665,26925.10807793262
496296,119058.19228729352,-33472.48613826516,29794.906339639205,25773.700919318744,94358.13619068099,136903.30087123305,57248.168063064884,120618.54767023088,-39885.77436695705,45339.9803878994,21963.28229337377,-52251.66981191533,19829.323597369395,27852.01380861957,12449.294121686904,14083.55693024583
496297,119611.196029482,-33578.070308623064,30943.292658346127,27990.57222767489,94564.18516512544,136926.34426528838,58186.55436135606,121061.47915719208,-37360.65555104893,46862.03407564394,23151.394202362182,-50396.26557329383,12787.428218084196,27622.33493009908,5570.253545627197,15246.289696934402
496298,133897.34343238547,-18342.78930747277,46469.47608226527,42303.06746772099,110645.8245219449,152919.72291112196,74021.89888642426,137006.6972926777,-25476.934156313342,61656.46804922992,38125.42346968738,-35810.022006109735,8880.534499584659,30429.75151532594,1683.3056824193427,28036.41640129478
496299,135528.5288335245,-15862.27901453218,47676.10158841914,42291.88412609012,113058.38232327168,155463.83694924146,75507.92159361573,139296.18275917746,-26183.340947761943,62434.459845270074,39242.628271772905,-35452.10789479513,16053.899676301786,31193.91562254588,8671.138028871199,28813.35382769619
496300,120811.99226011072,-31460.062902853875,31657.986699412024,27531.294023490686,96733.60398420575,139199.3569066581,59221.299835519516,123309.72112862847,-38451.648892294164,47263.3229969379,23868.10984235779,-50451.2330003941,20338.483119675453,28271.4358703405,12935.592488888757,15706.208851380692
496301,118005.41816105864,-35131.89244032853,29144.34593455149,26419.1726409176,93203.39064310411,135482.40509705537,56439.93333484216,120095.21299974904,-38754.36818289092,45303.82109589949,21539.735745965954,-52017.25143390021,14148.400394617536,27384.29324635927,6903.816511506205,13804.456121506695
496302,131473.84272720892,-21005.790950565402,43883.63605982165,40315.693292677846,108237.72886417361,150366.59992710518,71431.15067183968,135009.43311373677,-27029.96635961913,59453.44819180149,35784.62259646716,-37945.25433158904,8747.046747298973,29929.590604355115,1563.561692714332,26066.524983417567
496303,136947.18645186618,-14550.441110087777,49258.099468657034,44231.12448242036,114901.00985243151,157101.2585074911,77163.20378158471,141422.672234666,-24528.032686261387,64187.57801098674,40901.259577456585,-33656.77444367974,14465.62683096832,31430.81106244336,7115.72753503162,30208.103039113346
496304,123077.25181681699,-29151.95617110131,33962.93326411827,29853.059354461373,99611.54250753901,141883.39147262488,61702.98180261536,126368.15565652774,-36635.04252955393,49605.87144279502,26199.419952081662,-48167.547567257345,20512.296595481326,28774.718998773616,13096.292107538558,17701.66249305263
496305,117012.85982540484,-36280.688941604196,27858.88188772749,25399.49280528843,92471.20438458593,134555.17597520145,55303.22997557613,119661.70867760651,-39799.77512791907,44218.69959161438,20397.890389720236,-53146.412482531625,15520.790214889552,27261.08494373129,8256.609959010502,12794.915678357534
496306,128849.30523334649,-24036.581685660618,40947.91396491778,38043.903415891116,105597.28550944218,147483.2267909112,68578.36311669418,132863.11621259968,-28921.35999207289,56912.61503767323,33078.31195055669,-40419.732054391294,8971.667836711165,29399.17210093943,1798.7219352223701,23808.037760725892
496307,137670.95831151423,-14052.468036773837,50046.378845623956,45506.00427622358,115990.59338535403,157886.9815902196,78075.63478896447,143047.17075883102,-23427.507839873066,65215.83520593689,41776.7170382061,-32560.941068585635,12887.815357422876,31513.02286217653,5569.967342609189,30993.949549542715
496308,125613.98012986286,-26525.298035953703,36614.43435505897,32557.60118177259,102889.98806304374,144860.88607634755,64563.5117726588,130162.42057079749,-34492.68718786807,52297.32065064809,28845.654576158377,-45517.337577426326,20303.051722415534,29325.88393737437,12877.024535667144,19998.312811618227
496309,116568.37656970212,-36725.11297042858,27248.33485559716,24964.35857724596,92514.1768256383,134294.14665689773,54841.50082571306,120204.48825932793,-40377.84634233135,43739.40727160961,19875.899764581154,-53668.27968006933,16849.157934593502,27255.671050225843,9550.876963408666,12345.1635738915
496310,126131.73213653329,-27033.911225624965,38018.05194585475,35667.54321406885,103015.49890132503,144551.21202108893,65665.7520139923,130755.27347777516,-30966.595022332534,54269.80062030475,30304.186584004387,-43000.58137095938,9561.359543908362,28878.864536131106,2386.097022586885,21472.194625985314
496311,137593.3567493715,-14343.70663906938,50125.14012110655,46053.430935929326,116294.2696859802,157783.50647574067,78149.3097288266,143715.1924984422,-22938.712264052898,65460.21545557377,41877.915506822355,-32228.72414096767,11461.518883128465,31440.662617414473,4180.559638290432,31121.137922681457
496312,128200.28548110259,-23822.819100166696,39510.22397022999,35426.74750078402,106266.28659097845,147843.35072747464,67524.76061037993,133737.95238812632,-32199.016409867516,55106.66817897453,31622.06963935954,-42735.58820872489,19710.907009120296,29878.794912136087,12282.81075267991,22373.2872809705
496313,116647.19349014909,-36551.74928475015,27354.98244688463,25038.70719044053,93162.24084572986,134591.9479159061,54999.76506541225,121012.2260455822,-40500.32825769517,43822.01849292475,19945.078615055605,-53647.9622750259,18036.383338167972,27354.470010954887,10710.860965643928,12388.25077454919
496314,123459.42222856141,-29878.051739706323,35250.480431669144,33244.583290229464,100500.83132646872,141677.35772182967,62860.80832071128,128447.83071124402,-33053.001728754345,51678.72899179315,27598.652763186346,-45569.340691052734,10431.815922563203,28393.807193147153,3249.833915942014,19154.670258000227
496315,136767.5857064713,-15350.656428614953,49543.328399213264,45811.260079816166,115742.2072264038,156834.32509019208,77485.54765302992,143349.11103002727,-23035.244709080012,65030.68113288695,41253.09981610907,-32585.736323187553,10244.108267080996,31223.041234086493,2990.158275236158,30632.345672937212
496316,130762.19901048325,-21082.17639304831,42622.49110948571,38326.85727137215,109585.78555368198,150771.40251051387,70594.07713179434,137084.26787164903,-29779.383935270376,58103.804018563234,34475.7190139259,-39793.2219888609,18734.103815039358,30416.29426376522,11303.071817001528,24799.424264685666
496317,117267.3468910629,-35680.344768137584,28346.60351025726,25655.343719812627,94444.02531893284,135531.9864715481,55891.64400316813,122238.90162576501,-40064.6436278486,44718.51626090881,20700.39366097287,-52881.553417925184,19067.45577196932,27582.29755070841,11709.497965814839,13023.408973277521
496318,120922.44690069271,-32400.267177890928,32942.33862205393,30907.80626550934,98217.12733919967,139055.46892359224,60309.29131513004,126128.98950000988,-35002.19476745648,49487.61991841579,25161.177183520394,-47848.31840100666,11567.01329113933,27986.083725657234,4366.903766768415,17028.74447220002
496319,135152.49709328666,-17044.984605345046,48367.645849567285,44782.437416062254,114369.34070468077,155101.29525808443,76031.77572000468,141938.35153119394,-23688.09971824839,64055.627051514355,39960.64861700653,-33602.58662412505,9372.743066795005,30895.557080853694,2147.918323070621,29559.53795192205
496320,133000.49246637418,-18618.075610132026,45538.66632686416,40994.448228206515,112529.75363718983,153371.50150737783,73353.51864837481,139889.9837259643,-27471.93965203433,61014.85915143596,37158.20752018437,-37046.29668182924,17455.533947232834,30900.455294685882,10044.944025737906,27044.593644788503
496321,118430.3282669261,-34220.21901729318,29884.611513372616,26793.88324449847,96249.83112628978,137067.14979089,57343.28572215493,123878.2676734924,-39158.78143589521,46285.317742970656,22099.82618014348,-51579.732528110966,19853.982494749107,27923.915376163382,12468.628630494637,14186.637615773863
496322,118774.60803861763,-34514.88051083925,30860.57972186218,28814.259472064616,96250.52715059425,136842.4670705365,58087.38585939601,124059.43593288906,-36795.61996220496,47672.82545703911,23114.623993763777,-49889.21264035536,12845.321426628709,27663.449568741602,5626.307504322432,15192.42697354586
496323,133030.9285805406,-19324.29050054489,46400.80680444457,43094.93701053871,112274.88582552048,152741.06631246497,73901.43408914996,139811.24170924694,-24927.705832064858,62491.52042210992,38085.44121671669,-35295.25016109395,8847.711162914467,30466.576743664613,1654.4992522474665,27968.850085227605
496324,134873.20292247683,-16643.29878373983,47861.77186585971,43255.6940920553,114875.1556030041,155444.09147123806,75615.15647881542,142140.7361967382,-25497.479036231798,63510.74996312958,39424.8101371431,-34729.502129383385,15956.682792586244,31275.320417122548,8574.717671489101,28923.838594351313
496325,120157.68202378217,-32241.920816905487,31861.982595956677,28441.038533537776,98519.21827858186,139122.06333631306,59335.96683899816,126014.5486129008,-37812.14100173727,48366.10461663354,24052.271896084254,-49750.85408908436,20341.1806993633,28363.767831144352,12935.522658047861,15820.330119963519
496326,117182.91316484255,-36074.56937029774,29203.185969986294,27137.030176377815,94781.10340309395,135179.17004063324,56390.79829592006,122515.54198891069,-38261.17194860649,46288.13815574363,21575.09320427127,-51477.86380131038,14190.875654564003,27451.841663331437,6947.121302136666,13783.40678818497
496327,130606.98235984414,-21955.179458328166,43941.7540988322,40961.1424413002,109730.1952630863,149977.27504833782,71347.1681790662,137267.45842303042,-26558.605352589497,60454.79938498025,35814.388928337285,-37418.00725125821,8736.2466370048,29993.121663084257,1554.1387053794265,26032.540377272464
496328,136203.26235545182,-15314.291490240434,49495.95954701487,44954.82328077465,116487.19141355617,156820.07577817145,77224.7132247887,143700.7046072264,-23958.449797108562,65371.57692334478,41096.04107000536,-32982.19091010076,14407.750579097885,31523.447487845744,7056.818672994696,30307.702294548282
496329,122347.54476286231,-29828.90855838813,34271.943317111625,30553.77087205204,101195.7982967959,141623.58166741306,61805.16874991282,128584.8758541826,-36054.1187135355,50880.480720762156,26469.703100078877,-47450.78841520785,20508.2533047092,28886.93636980498,13092.00262216384,17858.56850002921
496330,116155.6785401549,-37039.06911925663,28085.707294045867,25940.935140863734,93880.4870151614,134144.85990264337,55281.33085976856,121558.37866566077,-39329.350915721545,45433.06270143524,20588.03038514105,-52538.93558620369,15570.03898267298,27362.459094805596,8305.910602254744,12861.11580169452
496331,127925.9379257031,-24845.832023989336,41142.78451416509,38471.20991823891,106857.80803553268,146959.8721733184,68475.63625960101,134419.13397458656,-28510.23409558661,58104.90516156081,33225.11541884202,-39868.753809493894,8988.995049615689,29489.11338057141,1821.7773317068,23823.715339085826
496332,136864.867308233,-14725.160240232331,50389.39352779732,45991.59741776495,117291.39739158994,157449.50802391325,78085.7805695172,144486.8930962867,-22934.092317670682,66557.96925061394,42056.79214983079,-31889.99394986673,12833.807443692978,31627.908509593544,5522.180770151798,31118.759216410035
496333,124885.23664071827,-27083.11200647966,37058.33500054393,33048.03023384912,104195.2399863165,144479.841358667,64648.71558331682,131485.3566743214,-33961.8084405635,53755.02135720877,29231.070028757604,-44771.037247367814,20276.762774482944,29466.074515807613,12852.898245200106,20203.511477339976
496334,115726.65428108754,-37365.940723728534,27585.845058304847,25276.700737089177,93613.10318156768,133771.97668855515,54798.83277598533,121226.50895806603,-39963.083593413554,45123.643264952414,20172.41085129636,-53037.68831774724,16872.81808152188,27380.716498757425,9579.68459620971,12456.982373499379
496335,125198.30173133315,-27755.335672371395,38252.93933510711,35829.9784778462,103915.04834842995,143901.69214880644,65507.84955294576,131503.45507415233,-30638.570621546758,55584.90680579235,30517.2870869613,-42455.12510819418,9563.314471587422,28981.993881547023,2394.740336482154,21507.777212657682
496336,136792.25075205823,-14923.914104774307,50479.53573932944,46278.25757971585,117231.42015091382,157242.6282130523,78107.57384280118,144439.00784516236,-22529.496348743713,66900.8555385454,42219.21273318471,-31551.54774354908,11370.69210939501,31556.875282560297,4096.852944648803,31271.329894593866
496337,127562.45768445288,-24218.460099855736,40014.28125872031,35728.65546270141,107290.00153564892,147460.51604887022,67627.37115984755,134491.48602382676,-31708.05400167764,56702.74338250493,32127.058325986218,-41914.165860953064,19645.536747851285,30030.336378030894,12224.028782809193,22657.973591403625
496338,115908.01812527128,-37037.20327016388,27738.660897950773,25169.530814576567,93990.26345599194,134091.32033062528,54937.28358908997,121522.29150796271,-40133.5620045427,45323.8471107583,20352.60524544914,-52942.341304463844,18064.141748932037,27493.63972174651,10744.207189253702,12576.08987940635
496339,122593.65488322887,-30498.639829682506,35471.94686826956,33203.98780405156,101091.41676408668,141018.56357710384,62591.8426362694,128688.57000625819,-32803.9587514064,53049.560586496154,27872.646859774748,-45006.12846209671,10448.569742342575,28501.82462887067,3275.974540356766,19222.087634606894
496340,136003.81135640957,-15881.743816710687,49794.93677506443,45819.87063816389,116330.52161919813,156253.23213662504,77259.88179787289,143572.95743141364,-22731.593875136845,66444.53959933567,41601.51088574844,-31973.908891265997,10166.47203598494,31338.356296624883,2928.4976982847948,30776.549412457378
496341,130215.17752680698,-21405.476422526914,42985.40826743285,38463.09388357303,110294.84164307787,150392.90355160824,70529.00004542302,137437.8896545152,-29384.96959655717,59637.05747921552,34997.463603695156,-39055.1662739501,18662.850218589934,30572.724148522957,11249.44717347949,25091.70276106115
496342,116688.65058557701,-36066.85651682239,28547.11344880167,25661.517912747328,94996.60459367742,135075.97987649916,55710.598968649414,122453.95639093478,-39789.873259324886,46126.9839066343,21133.675161401567,-52269.142144875615,19094.427627805024,27728.65752901663,11746.988417370923,13234.907136207796
496343,120261.98952759875,-32908.36591162694,32947.41183121555,30765.2284898592,98559.443032256,138460.65389285673,59972.27149950737,126154.83311615983,-34855.35084725292,50727.463897024,25450.181354653323,-47386.6107164111,11588.689682960518,28100.975016643482,4398.4964492085155,17119.41148249355
496344,134577.9340348238,-17496.68476480346,48371.90335300809,44670.402580244554,114693.5978889474,154551.41168981447,75735.31251006358,141978.5898889876,-23515.00359502168,65280.136032121925,40273.54415692215,-33110.1291701353,9298.504012932073,31002.814545035613,2086.9368404879074,29689.304307234986
496345,132624.18914192606,-18878.37981142119,45673.04751346344,41009.53721372393,112978.66892942155,153005.21169552475,73226.19888674392,140078.42417300853,-27202.11127541717,62322.48204289148,37613.9201646227,-36421.171805329104,17363.212352820883,31034.92702951468,9964.403652695262,27303.098982920397
496346,118039.68427512542,-34499.78931830554,29934.16619757709,26720.302152248605,96603.01972970855,136662.04462984117,57157.58354930679,123984.17226318155,-38962.603798939446,47488.322063723885,22498.756775047375,-51027.32581037434,19849.217447420644,28054.29049241738,12474.799673965592,14398.559359275836
496347,118309.57874434305,-34854.11967777173,30774.08647665602,28599.393094675648,96443.28396162807,136327.90879636107,57785.68868958514,124025.29971368235,-36707.03517747311,48718.34191404478,23389.416587737996,-49466.99956710824,12854.94944430082,27769.914338068207,5645.851148973568,15301.391901436453
496348,132610.62067243585,-19578.89301403037,46309.13886594582,42845.45923921083,112433.72482309968,152238.2301848692,73614.66998661228,139714.46101905924,-24837.729570486572,63491.388322791325,38349.39457809772,-34880.12094703421,8798.873129808408,30562.273065994857,1616.5689572965123,28087.167508738774
496349,134626.9028399005,-16680.89927407705,47871.6695343295,43086.55046706851,115140.21021518306,155091.7059524018,75482.52354602984,142004.86037728842,-25322.398971333296,64586.70276503783,39806.75221096124,-34202.503109356476,15869.759764634928,31393.804286781513,8503.566699123923,29152.572580984048
496350,119937.89828304923,-32200.21093799665,31795.095460272736,28215.483668633853,98747.76852117905,138782.96335109184,59210.27008638183,125781.71574210969,-37668.87825633846,49402.89791535416,24423.289692489827,-49244.72951702895,20311.21528247069,28486.386211480043,12919.484952322142,16045.97374347456
496351,116859.04856841642,-36077.28972708692,28934.5217545211,26766.10016849874,94849.8072756122,134726.33197021863,56146.58055865034,122201.33014041279,-38230.81204665145,47181.825128048346,21817.140334915253,-51101.72244245951,14193.68293535286,27549.656364524475,6961.698546749452,13901.380708650597
496352,130278.86048176567,-21914.89314156116,43584.33580552807,40562.7457173689,109747.00354994833,149511.56827879493,71090.32995698895,136993.07399596216,-26545.319183444793,61291.13347580909,36018.05137531196,-37073.070439223084,8682.61665027487,30070.011109769486,1512.8394094726195,26132.968901592012
496353,136087.37389338075,-15007.311901719873,49287.03868729272,44734.99738316887,116695.55057685621,156578.53475278127,77186.2091760069,143691.28372444364,-23803.75668410237,66348.0130627439,41478.05307040199,-32463.92923553196,14272.815754168281,31627.150783480985,6933.777097330381,30571.157788716922
496354,122327.08815459398,-29371.69332383044,34087.976941418136,30377.503266851258,101475.78157266809,141484.79730992139,61851.43148756605,128714.5268203556,-35880.11241592921,51877.52718847462,26908.271854095758,-46892.95514126064,20438.06176392911,29008.828883144524,13027.599802060857,18177.512074571765
496355,116023.39084461019,-36655.767202163115,27712.312893078895,25609.08592180515,94001.05841114973,133890.20898219565,55184.8776337668,121595.42612610366,-39290.03497261946,46253.687430101454,20874.941069856028,-52143.07618061442,15551.102942051082,27452.796883988525,8291.191189779849,13071.841413419002
496356,127761.32883471879,-24460.463208728925,40667.22922723231,38046.62875824381,106901.97191483497,146718.99304979906,68327.7931287735,134437.53730544928,-28514.718926398502,58830.08950002176,33442.53248624008,-39548.283321823015,8927.521244323423,29554.368880499474,1766.8895717607788,24018.822942365266
496357,136907.51054844208,-14081.565670148397,50067.88551036287,45709.697762231444,117530.88536346889,157500.5951515023,78154.30890734575,144739.47943811916,-22797.312468511733,67418.8688074439,42450.14195390136,-31411.78893221121,12692.797620135972,31716.312646713614,5389.823513464844,31507.130357587375
496358,125083.07824466623,-26231.277131973777,36833.88882207296,32844.74709269591,104580.11705072876,144765.64578190487,64875.717649749364,131911.8830771359,-33751.61698425887,54698.80058984544,29748.91896274669,-44195.004124169514,20190.21613468349,29583.258741922848,12773.414513468331,20750.2232184315
496359,115824.2995239142,-36583.4330070867,27191.42630450204,24920.946006107115,93858.1319344637,133994.4119608989,54903.90827188902,121542.99824692469,-39879.89873871411,45908.655810364384,20554.861488121063,-52608.5987361874,16863.512902756356,27471.351359884316,9576.290208412378,12937.730823607364
496360,125201.52450567394,-27044.062099340452,37715.61065929428,35372.30562005531,104028.13156618728,144049.52276255138,65505.47724270147,131719.18258091324,-30643.62980590057,56234.80563062224,30774.429984939517,-42158.52584917816,9528.698404588724,29039.659924969295,2364.8817426450446,21922.624470689323
496361,136934.44174461087,-14033.937655563568,50062.416751418095,45960.24071609721,117478.91839380648,157573.8760395865,78258.65537686678,144811.92380682324,-22425.69259799682,67657.49188541847,42596.93546495208,-31156.052162153588,11244.741088222696,31628.86730273227,3975.899120556617,31820.673233776597
496362,127876.00337031363,-23107.894420438843,39744.21761547461,35550.78085640351,107712.85746890621,148018.76489333896,67967.47663748427,135055.01161130023,-31509.197417904656,57581.435432729806,32652.750900048042,-41407.3963379705,19557.4509097224,30140.21929363688,12138.926550858201,23359.89293445321
496363,116152.90983363842,-35968.105758055724,27349.4086907174,24891.468828021865,94316.90044780078,134598.61104219084,55214.92648201273,122008.60299964012,-40040.47366982572,46071.73345540861,20774.493892481925,-52591.36130114809,18049.99566090859,27585.96289662138,10732.815611915295,13218.54271742828
496364,122745.8847813968,-29503.269401103724,34946.76650639936,32828.515423265766,101291.25559921659,141426.98778826738,62788.95705541212,129069.1776580161,-32820.104031111434,53635.196794080424,28170.973609504137,-44829.35108426116,10418.030642047652,28562.95299166751,3248.4717638510047,19782.609380191923
496365,136215.6895697236,-14797.719313071671,49308.3761744406,45509.09029554334,116576.86166653901,156730.98583089234,77539.95039387971,144015.69132081894,-22741.55141354717,67006.42626996963,41936.64283457023,-31812.989076723523,10061.965142188405,31393.962471161616,2830.31476133068,31381.206659901116
496366,130567.40479945461,-20152.64104260681,42613.393000334036,38268.94364942949,110674.21085166192,151026.78822600405,70963.69241152026,138021.71925417663,-29348.873689453358,60247.442504226026,35445.7367344206,-38840.839432291395,18553.186753842347,30647.86902002359,11146.34945582248,25807.80479838785
496367,117067.77630389083,-34778.664337770795,28154.493001384875,25454.94049677243,95371.18423102671,135729.84172841476,56157.202038763644,123043.74976859741,-39806.803789781916,46672.4302304162,21563.967663797957,-52115.80240334641,19041.15311783603,27801.82806577062,11700.435421650027,13972.298960470443
496368,120599.76426397303,-31656.44746762066,32479.49645889831,30509.524575190564,98860.44913371107,139062.61896072153,60362.02816527191,126688.78633458358,-34960.46892010294,51148.088165529094,25798.377048372266,-47353.613610401546,11546.7010022654,28153.783983022746,4366.453314311814,17814.107428406016
496369,134936.62290019693,-16202.37098426197,47920.0034252657,44450.840578770105,115009.32543063241,155188.23036681733,76151.04498119408,142545.50094273855,-23632.556711081455,65647.48917745458,40622.6184126194,-33129.34289470225,9211.068327209834,31046.910431839657,2011.6191876123826,30394.05388323274
496370,133099.7890500388,-17437.344439189983,45337.194927635355,40901.223306205706,113417.0378802731,153788.69521232738,73768.6836646583,140782.14772068357,-27276.39474034988,62724.35259190705,38063.3538629931,-36396.315226429935,17255.214424026006,31098.544029798504,9870.564584020405,28097.360623753426
496371,118528.76180742534,-33033.1138767167,29591.65270293625,26600.169313936356,97036.47778998892,137474.28090053954,57698.55385777734,124708.02201904898,-39087.86656837072,47820.4317178368,22931.075220363186,-51053.84909718171,19804.547310701593,28123.564997241745,12439.51733872114,15210.272479864387
496372,118724.08614196273,-33487.403856417615,30340.15561436995,28417.022810810144,96768.77757899137,137073.24669211335,58218.65723825191,124671.14685435282,-36936.4461888734,48897.47033052409,23710.6024946646,-49631.78187738222,12846.235514750413,27818.577629059913,5645.930150193405,16052.45093316677
496373,133021.5516260785,-18253.672746766424,45880.39516564088,42715.64950806489,112748.67179226225,153011.22333579313,74034.15244870025,140424.9403183229,-25079.913425211656,63598.525284292286,38651.794018841174,-35113.57670143894,8732.335970756316,30594.217945842287,1555.227637067629,28836.45186284139
496374,135186.3072571564,-15211.825993550416,47649.29306352649,43149.306856402945,115635.28924009523,156085.66723633982,76063.58605174586,143073.70484514846,-25455.788426500396,64780.4509503937,40259.015778289715,-34351.66362703877,15746.469374180235,31446.86333724323,8383.563485060316,30037.017656234617
496375,120536.86775458582,-30716.355815289364,31668.728695425212,28314.58110673056,99282.14109322219,139859.38205436344,59806.80262090026,126985.24465956203,-37812.85013797539,49563.27039152931,24885.96913120761,-49417.693203123345,20264.425853544464,28552.882841636234,12875.530380233886,16991.174501981804
496376,117357.82785579342,-34752.46506383595,28748.66794314178,26753.07712551152,95240.73377623485,135699.73329122335,56590.943582622276,123216.21942190954,-38499.100251645374,47163.233155742964,22124.199496864752,-51444.97215850721,14208.900057006367,27591.128715455987,6982.202472719056,14796.81795494713
496377,130737.80602079914,-20684.907636354015,43416.44380714749,40508.519569893884,110055.4017850376,150435.9496866609,71460.29013705777,137787.87152071437,-26862.132653743458,61156.20523650306,36240.42503143289,-37539.395636706584,8658.219673947835,30084.60340603433,1494.2290126614732,27016.656432144566
496378,136723.4638011555,-13638.814365549088,49371.224113103766,44834.55510874244,117152.10468935143,157680.36436633515,77722.10026551122,144409.49500369697,-24007.23477836818,66308.26215055241,41843.28861299554,-32849.96416765635,14184.10236278292,31664.341359616454,6850.6636234912185,31607.141284539644
496379,123049.30071188103,-27968.016808894332,34297.594868984044,30496.98570082271,101955.04851226417,142651.14745336515,62439.26217003793,129237.8490779165,-36066.48291358737,51841.14165691727,27312.189776563384,-47272.421075211656,20417.784885906043,29064.397865787072,13013.900504777803,19312.275703775827
496380,116618.49020085407,-35452.73263444217,27814.081234181096,25561.315704302167,94255.34050109854,134863.99498990673,55594.138889860384,121701.63143364842,-39613.44493807717,46019.23026669566,21096.82412915737,-52707.53902270626,15600.026937960007,27478.924949024364,8346.011699387735,14111.284780425889
496381,128259.45517424576,-23421.379245245927,40716.28568639817,37939.629656296405,106978.35223078128,147494.83326130442,68612.94909538799,134225.80796238044,-28911.92700668281,58446.86587162057,33535.37236002988,-40270.33623956973,8949.941853762339,29546.970146322717,1793.651512241856,24959.764603366915
496382,137530.1376046745,-12958.159219362977,50310.18438602173,45768.95646560597,117692.68934572281,158334.11899363366,78566.66820828218,144515.1155986558,-23085.14591534471,67121.93923718817,42664.62747651057,-32072.737703335068,12640.452254500287,31724.83647743246,5344.267894098879,32529.04132772918
496383,125829.62648784855,-25018.134237413018,37244.41079556589,33015.007542409665,104820.35093510908,145671.5181232863,65398.845971573166,131674.62705687445,-33964.38629322292,54484.08159193532,30072.07571908534,-44779.05004665212,20188.953709281737,29623.013103162306,12775.903675116415,21859.302608452832
496384,116482.68973711284,-35512.91121717934,27530.43685567873,24978.412529545265,93927.60309249067,134734.64756939438,55298.85557044974,121049.65141574448,-40182.28132128669,45571.14205682636,20760.54376790128,-53306.425986653565,16926.897610693934,27497.572933359697,9643.019995568067,13973.690145656801
496385,125742.43670239075,-26147.424590593855,37956.64950305233,35312.5589801109,103900.44135021034,144601.82990852857,65755.42098687682,130974.6232570603,-31026.670614931816,55759.07417928051,30851.08799818267,-43000.885161903636,9569.590127883772,29036.304942657283,2415.535704250443,22859.08939968881
496386,137520.4661382729,-13128.582617330087,50380.2010814408,45951.52814102232,117353.78542896718,158139.67925200137,78555.39273893632,144045.81688672648,-22753.023221822565,67207.29734947864,42723.5633906488,-31996.62534417196,11217.372602664385,31627.487084086217,3959.9797710409284,32785.36557593889
496387,128597.15090562684,-22090.975184763527,40221.763300244405,35653.14782092144,107694.17176413687,148701.66651652067,68400.55192392715,134367.78692757507,-31733.70937230212,57250.210948172324,32917.20106704856,-42131.32349796196,19533.39795596858,30169.921990151117,12119.784163250497,24453.46469992717
496388,116849.79926896506,-35014.97569476155,27805.874559617107,24934.90017528941,94218.06781151869,135209.9177004976,55597.57754976618,121200.10791373636,-40292.61747192563,45715.43731119986,21004.607614170058,-53302.473689808685,18089.276230041665,27616.55957738085,10771.806830654778,14341.176480249193
496389,123328.46030900459,-28712.13112283843,35298.15258193902,32755.835440728075,101022.8648529341,141878.1868789083,63031.6922250506,128062.97106591365,-33138.054342309515,53185.85479548566,28281.211014207776,-45619.50036056299,10459.627758641283,28566.418167168056,3290.2223729307775,20841.902733871444
496390,136789.30645486622,-14047.845535215009,49678.096112773535,45444.96754777267,116278.44740338075,157158.3704776651,77775.56538250922,142977.50681385456,-23009.159536303316,66593.95842433775,42058.00630734893,-32582.694145593887,10026.00201081286,31388.040415101063,2796.133788548826,32443.129405640175
496391,131243.87516548927,-19309.98256174962,43117.210581019826,38301.65197633697,110480.57720798705,151572.0981204359,71315.05605884716,137088.63244251447,-29507.60597068475,59981.995758977544,35695.08881256191,-39453.91310172595,18512.03790225499,30669.247179854432,11106.772533256448,26960.61673788198
496392,117697.38066431945,-33999.282025973844,28627.869754839707,25422.380254290056,95111.62761859944,136231.98751098703,56455.11416426254,122031.71834929756,-39985.14798471496,46403.28841421109,21785.410290323292,-52696.749997142484,19073.781076127918,27826.730901561958,11732.122724370933,15116.15307797035
496393,121125.80428138749,-31006.402278767382,32865.76157024455,30375.21359183556,98468.76137854747,139450.01328253135,60550.68978457689,125529.63797112984,-35181.23095418715,50824.25600754079,25933.86870283815,-47971.125180893374,11592.11567256468,28161.454798085204,4407.273998366294,18893.213010317577
496394,135432.97057547327,-15612.526258273941,48298.96127812348,44302.50633895578,114567.722696825,155528.39628721646,76317.2547819542,141338.4695018467,-23818.155172930445,65343.45790592475,40746.87772404285,-33737.36002205903,9193.150600280012,31044.61903550449,1990.0123992051103,31445.98612393249
496395,133658.99934447045,-16811.037585694,45798.24880459434,40817.51734951014,113028.7562927086,154181.36642223276,74005.66064263863,139636.74275751406,-27363.32336817004,62533.63179918385,38268.388119423274,-36904.04069365056,17213.087681441393,31114.52027681431,9822.591385337066,29187.362302347854
496396,119100.57551191229,-32427.00802152723,30064.8621817492,26506.039436130402,96639.2891777347,137852.78797031264,57940.24567146416,123542.6929816953,-39142.21905867169,47681.53084588688,23152.249434201934,-51499.77054417982,19808.250736023132,28149.569300670773,12439.277060542505,16310.521767036951
496397,119255.91201017411,-32959.43586386477,30767.756839727874,28269.77791398763,96309.49093365423,137371.86785538887,58418.925260883254,123420.86128688352,-37003.22113050721,48758.12374174763,23898.150996987315,-50068.62088497344,12881.68136222159,27839.127984776107,5678.205037030568,17116.66616381526
496398,133521.95486887154,-17795.2893345084,46281.71302719648,42553.25620584257,112248.04644378471,153251.10072708142,74216.02407161571,139128.1048087978,-25132.690724650423,63477.22080109147,38825.70430187331,-35538.66945207254,8739.60298599556,30606.733876214574,1558.9708537611143,29856.926850014963
496399,135735.30319836206,-14734.979851301658,48108.23182559444,43052.93004537512,115185.83678568562,156362.901907176,76315.50218166759,141829.81349576818,-25435.551175608434,64754.890321360836,40503.35955189228,-34681.59109814784,15706.05415550774,31471.66331101926,8344.394234258098,31066.700792016178
496400,121081.5162965335,-30272.511364887465,32117.113612486064,28201.005150025558,98816.41984467825,140106.97729144472,60055.42867178476,125710.32187272485,-37784.052129244184,49564.02051787944,25142.92412091502,-49702.1986322289,20247.409171014107,28579.821738942897,12861.648630609461,17988.407758597998
496401,117826.62497308911,-34407.66580732925,29115.93240667261,26556.762787380936,94684.7382157114,135840.02732155612,56761.00549297703,121835.75567358575,-38518.30973421573,47116.160366523654,22325.703411314305,-51764.24902356746,14222.766114465832,27605.43204352441,6998.345056111778,15684.40348525979
496402,131141.11056276938,-20408.98447186618,43727.434647122296,40274.24925052699,109448.91256679242,150506.89128993184,71585.16381412558,136432.62139593018,-26888.89373341074,61094.921107542476,36418.74149195048,-37881.72733178882,8651.339882789238,30087.841581966113,1493.9709591582587,27803.178077521156
496403,137173.6174238021,-13295.007135156564,49743.75763490339,44692.76359590738,116645.82586570413,157833.5145856295,77935.01882794537,143327.78773649014,-23940.25906535398,66359.45327609859,42126.37811019586,-33087.28624086059,14122.732076345139,31683.512922720714,6794.658755730935,32396.167566698707
496404,123515.52350322902,-27588.43135775105,34686.86412687581,30396.243975395475,101516.20206949866,142842.716205524,62689.61494853446,128378.24082540759,-35955.41727265355,51957.287087348,27656.779525561025,-47428.05603039557,20374.76065905399,29097.884962542816,12970.552274557267,20081.89203744621
496405,116976.24962259477,-35175.48360029007,28085.26411496063,25375.143463907807,93740.84097752145,134946.27326880858,55737.90038107301,120900.89967462307,-39575.24173899501,46066.42755368347,21373.742437540586,-52898.97453851859,15592.428783435367,27495.38803984777,8336.9805109214,14762.62159016826
496406,128522.83913591612,-23231.57943643732,40895.22219988176,37696.71847861215,106410.11505062765,147491.89875641145,68673.65993257523,133480.32456804917,-28926.513128763003,58442.49532213831,33770.700328404535,-40479.47032941506,8932.646918634451,29546.77002038681,1782.4432709983118,25504.263406003778
496407,137872.2988529901,-12688.185455201416,50566.84305146021,45623.17248344789,117248.17293115793,158427.99157200934,78719.07701130277,143971.66355632312,-23025.915777576436,67220.46781702928,43010.55366694046,-32151.69695791087,12577.35085337509,31742.753270932903,5286.362548015367,33090.99267878786
496408,126286.19315889318,-24650.307614234982,37588.046777704076,32959.16517611143,104511.65068386291,145874.50454522023,65651.34530746675,131323.92325995566,-33835.29381150566,54682.175635008214,30529.305111414564,-44733.33082689903,20142.73430047702,29664.90573422712,12733.15474796228,22451.108017722763
496409,116883.22056806009,-35230.800771332906,27782.253386735316,24846.905020305694,93559.53208782639,134853.0547371764,55464.38011333021,120688.38808823525,-40122.06049979231,45691.44757153264,21155.185867021843,-53312.00660933844,16929.80337415064,27526.27044682553,9646.437144583775,14454.815253406878
496410,126036.51279596153,-26004.609698621556,38079.77585398006,35080.25885574063,103417.67798583042,144589.4414461054,65789.56978020475,130521.96158232087,-31057.45926048432,55763.50191774219,31135.731419840267,-43095.331051888046,9577.413967361003,29039.52387652251,2420.586884571837,23190.86705184783
496411,137874.79738763283,-12946.299392013074,50569.19543484944,45784.85895437322,116938.84305658322,158187.7827094229,78644.91811344164,143619.65233018756,-22734.952629453353,67271.56520558067,43069.635749399305,-32008.579843710468,11178.497879003451,31638.25425310122,3919.4142387240336,33109.58700744277
496412,129108.89604413736,-21764.06593836388,40568.01709254137,35613.052301846124,107444.56718830252,148916.16752192442,68638.76870051227,134044.2171290489,-31615.562151088947,57448.759903526516,33410.53067076001,-41994.88170175401,19523.966008868403,30213.45241936022,12110.49488662641,24837.43762763867
496413,117351.20658214063,-34726.16105602712,28122.228275298432,24844.192554509445,93935.35734812873,135402.27556110418,55794.6944777514,120781.19516096995,-40218.83922278961,45867.75993996681,21471.725607674573,-53198.1794806519,18145.394323627632,27658.454139677186,10831.979052900346,14638.98817453997
496414,123731.38914707182,-28557.136888025758,35501.59125360874,32555.525255168366,100606.2384924719,141957.1640584155,63105.15031164213,127463.2471925105,-33151.922914463066,53223.0907717556,28642.464549259672,-45610.194318476,10503.754610555416,28583.940369435382,3337.024804932793,20991.24692619146
496415,137187.0151966333,-13923.463668777758,49875.94625048347,45241.61220310307,115838.87608788048,157242.10997277443,77841.84505460114,142326.5812588982,-23005.958455050448,66624.91760642102,42408.58631942379,-32578.922314823074,10012.013705528138,31397.972476614035,2782.099009774636,32543.33845447652
496416,131760.3276523738,-19075.119506622406,43433.48450035619,38195.10597323104,110158.89518892657,151805.68765059722,71503.41834057693,136526.71740102902,-29397.841398751847,60119.000107790234,36152.64111078491,-39380.89279237026,18503.228123679357,30706.430338550006,11095.110578595328,27117.384566455687
496417,118245.68371553003,-33750.7543855221,28956.396497271508,25301.231524629562,94801.47398944199,136506.9798818911,56655.33414844568,121445.80082219517,-39869.190818031435,46539.87909388011,22255.733439888543,-52659.913987219494,19134.313249198345,27870.36478862038,11790.22777838535,15250.057138357344
496418,121576.23397315272,-30885.11498567448,33078.19790156061,30137.613925197587,98024.5365655433,139620.5163796244,60628.29904157854,124784.16229981308,-35153.88326735854,50845.60391393326,26296.712295968722,-48063.971598607604,11675.914397816536,28180.80698538595,4490.30607679986,18902.549950059747
496419,135840.80285066017,-15552.473758647473,48472.77492031417,44043.09316844283,114064.2872688591,155672.4152561883,76353.6475108983,140522.32775907347,-23802.04614378041,65332.43581385364,41070.29148373855,-33855.73853273128,9192.76501442453,31045.76715056597,1991.853307232735,31401.11405877079
496420,134201.5470034221,-16608.61740073537,46121.91331629387,40699.47191181456,112674.39584599735,154508.76552867962,74195.66417599196,138956.95632312616,-27233.726485873103,62661.27443419522,38727.10463900159,-36881.95610791081,17157.999440680192,31142.54053747181,9773.19801180085,29240.468819002257
496421,119633.78904734507,-32233.045085997877,30369.06413040078,26351.47379003852,96271.177349073,138207.38904463692,58110.12317986278,122826.71100794351,-39041.538067470334,47782.748762686795,23595.157146626785,-51512.77178762789,19854.106471693798,28181.433314007256,12487.824901284355,16340.656118169
496422,119650.28321262609,-32917.5265327316,30922.7683189895,27970.15209156019,95779.41184717117,137605.48171146325,58434.14019073675,122520.49136666686,-37019.268514505326,48711.89852705165,24199.783553062673,-50229.835162492505,12979.177778278816,27840.729304355456,5775.486881154247,17014.236238375306
496423,133886.1120963142,-17793.85770450665,46422.59842979604,42250.10792372734,111680.67834257252,153476.42220603212,74212.6094158553,138179.41283859656,-25136.72994724119,63419.43257196396,39108.28061269673,-35696.119212900725,8760.80419131608,30598.508160456575,1585.574370576531,29741.059185544567
496424,136239.8314913862,-14592.166670132847,48420.031838648385,42912.70146618072,114777.51731907303,156767.34644559756,76480.2865382648,141035.37725221965,-25295.668688842896,64860.889529795924,40940.235416573894,-34665.999469261435,15653.738006739915,31495.323754334175,8298.1680720857,31083.453349393625
496425,121568.55626460988,-30163.803636840832,32413.08848737929,28032.71373059919,98385.58781491428,140519.5997373007,60199.0373888259,124888.52724906163,-37662.067342249764,49650.71304947541,25556.590245132476,-49713.000153134824,20286.738549537222,28612.741294282718,12901.617464389908,17989.345638586507
496426,118125.67548162022,-34529.145222062405,29213.394717919535,26200.767247876254,94033.43075973802,136070.17704632384,56696.03059959084,120791.11801010367,-38556.05006824955,47014.35557092602,22543.211163471686,-51960.41979337481,14331.404675590959,27604.728483607858,7105.799262796409,15516.937571422732
496427,131383.7899948056,-20634.5010300202,43776.62651684381,39892.963111057245,108723.0972799862,150695.31998911436,71466.70924917329,135320.23300483247,-26958.022788531434,60953.88062010802,36578.097152467584,-38092.78803891617,8709.528341715122,30074.586293644887,1549.4565222252236,27603.262707895283
496428,137585.20422013782,-13378.539333211582,49990.19884582941,44510.04002552197,116107.2127367128,158234.8566539049,78014.88202920891,142410.23586077712,-23855.949135941763,66409.36331527175,42456.25739871926,-33087.60188349646,14091.723054307731,31704.74988021972,6764.076495402977,32360.093082476968
496429,123959.81133479826,-27668.30000047527,34971.80312439319,30245.17588861577,101012.4267112413,143314.1322454054,62806.876030012434,127495.05240922212,-35856.14826417492,52037.80979243814,28010.725893705196,-47402.78893855782,20391.03867746186,29130.141726397553,12986.893911083029,20064.869611336093
496430,117220.03881532358,-35501.719958244605,28158.87212257091,25028.736950984996,93007.42065889569,135223.25428373856,55636.144798580965,119787.22990211727,-39651.42451036483,45939.31384899958,21513.40693244558,-53097.83772622849,15659.363363419263,27486.24282124589,8401.584880929522,14541.9888375776
496431,128639.79828670691,-23727.665749034386,40842.74619715927,37249.398109097034,105528.4571378353,147639.21421145758,68440.9943349504,132228.27318373142,-29095.67397915363,58197.35913439044,33765.24434198463,-40804.66249704204,8976.638026805791,29511.273875820596,1820.9846793633094,25158.392418827512
496432,138082.12666150305,-13100.215838833261,50644.56695577253,45307.54911263108,116484.96213110982,158698.12088182205,78613.56270378316,142845.94068803207,-23096.252383301216,67093.51190039009,43097.5114154042,-32360.000012555316,12562.55911306192,31730.667272034592,5268.0624286018365,32825.55027688532
496433,126568.52914491437,-24977.821828021548,37780.03926147828,32747.767960755682,103860.62689779585,146261.69046495756,65655.2536171563,130306.73300796041,-33835.295394562556,54646.88673986845,30697.580233825247,-44857.087604723754,20161.845631803644,29681.95793660213,12746.63914672158,22214.639761788145
496434,117013.8196444822,-35720.26717152739,27839.232342497235,24511.4879160204,92762.61220943028,135100.0018740123,55324.802670040364,119517.4618562182,-40232.40906824992,45515.54078205973,21176.796587645586,-53580.99707535515,16990.819182299405,27522.861778562772,9703.300691999833,14008.50839106171
496435,125979.31721504862,-26704.180944126696,37957.95873250761,34599.85576142832,102430.91610377254,144638.2824829016,65468.75079312227,129185.53767996204,-31290.526815298923,55417.57282452205,30972.697944698684,-43529.504710074485,9614.953930453077,29002.57554176241,2455.3952489428607,22509.21724419339
496436,137835.69385486707,-13621.611503123535,50480.673695200065,45374.81048023948,116011.59365245664,158273.02119654024,78380.01333057627,142474.57704357957,-22920.006832644554,66972.4138016327,42924.39012777463,-32387.838253928952,11160.939106233052,31610.673791675923,3893.781519502045,32387.23809858413
496437,129177.72428279322,-22296.770985902443,40605.5482942702,35348.38774626524,106700.98552486209,149156.52417588828,68529.01267544384,133252.49891408224,-31707.877616188,57275.204489815405,33366.43649894268,-42252.04319450892,19545.119893594427,30222.892649224155,12121.642527563552,24067.76008810779
496438,117319.95505880647,-35342.317985119735,28061.471266042547,24518.79671162691,93145.72362855743,135565.53334445087,55605.9110085515,120095.58351711865,-40391.02229861176,45589.920496898616,21313.72875377985,-53555.412585787155,18240.9080836097,27658.181442165678,10923.922583982541,13571.667180670076
496439,123488.23843806157,-29396.048517769086,35227.43030136323,32084.399399603324,99634.02881289048,141896.3245903426,62713.144545128525,126722.3181062867,-33469.141524755294,52712.574225317505,28259.797854928493,-46155.81071358861,10592.394381741553,28542.8532884721,3425.675769776877,19597.26507563541
496440,136913.67480318213,-14801.089500788315,49585.03708324941,44808.005154994855,114877.18068791216,157135.70246814063,77440.61047631895,141685.77646850055,-23316.910521902908,66051.74043535088,41985.09985327392,-33106.23962691572,9989.713357504153,31343.29884797813,2761.9410624666684,31078.072640975734
496441,131660.9014389711,-19763.369755904183,43332.1849579617,37957.93450837883,109437.5479086146,151879.26512116412,71300.69062328647,136180.5657572209,-29595.69658834996,59642.63656111117,35872.29515975932,-39716.15182502402,18477.80217818175,30684.097952842512,11072.514810026958,25730.27695063142
496442,118092.41612578137,-34484.57947894423,28796.50996180733,25014.829623061152,94070.7240107338,136516.36510544742,56396.85602437416,121134.50600773616,-40158.74700013606,45900.84786689063,21876.615224435325,-53065.65315476409,19241.362392106566,27835.161930004175,11893.339620785717,13693.599263308799
496443,121286.25268114549,-31773.60797909985,32776.19596322694,29742.81583394837,97171.5688082286,139452.80516941583,60222.828164018625,124378.34352606472,-35566.322028024704,49986.42845956697,25741.694276343253,-48611.82341240414,11785.870971616172,28110.31361846701,4593.211507705762,17145.11492790054
496444,135570.4173120071,-16455.047233326342,48191.09301721454,43692.09988368598,113235.90793677197,155473.80135805145,75966.26969169144,140109.36562723597,-24189.419520000694,64446.526063617115,40499.400334459846,-34377.983390996145,9181.143986845276,30965.25947637338,1975.510898420791,29663.27163306519
496445,134076.61266250547,-17398.010375981925,45982.83883155453,40470.1011281461,111992.82160160466,154408.89358362296,73948.08199510063,138556.91376556584,-27534.861067759994,61855.8565286214,38250.262975810896,-37290.539415816296,17131.226410414813,31083.457260229578,9738.1228174542,27599.139427934635
496446,119473.14110621864,-33095.9378080076,30171.27577354715,26031.435032424757,95526.9036020305,138014.47377728292,57796.10978681391,122208.10696033317,-39439.60029775994,46830.48031698673,23004.6996581285,-52032.01727880582,19942.590847882893,28104.333716470162,12571.601401856125,14553.290247957153
496447,119431.85542624214,-33882.88529848756,30648.237723829014,27547.65836857215,94926.52553486945,137290.4863210112,58034.310597020594,121674.63632777336,-37514.93480217515,47602.42954071549,23483.85593670741,-50865.559437824086,13100.665098407007,27740.31966100886,5894.156792675778,15079.748409983598
496448,133741.25419241696,-18724.465664147443,46214.80802479168,41873.738016807845,110853.96203740864,153180.26621165982,73877.74613179942,137291.4808921498,-25590.301236100262,62329.408192522285,38422.82160684935,-36277.67972270999,8803.378781512345,30498.228673462516,1622.9149661006936,27870.32533575693
496449,136250.14443545905,-15382.541992118984,48366.093730137494,42667.62142532904,114079.1881851241,156590.89791043068,76304.82897433305,140223.28614101786,-25648.659263636295,63880.03233728217,40373.010727047586,-35112.54300877494,15629.28432976855,31411.13565553505,8263.976722237436,29352.1773893075
496450,121532.75244120692,-31008.891103243015,32295.015239395427,27709.22687756842,97606.47831050001,140252.2332144832,59962.62389067179,123934.77968595331,-38094.41886631385,48545.072733307024,24896.176614828022,-50246.04898381098,20329.846425517513,28506.05156776857,12934.240766154862,16148.260983505781
496451,117968.70801248144,-35510.24360842,28952.52123985714,25729.260823808396,93088.33823868638,135626.48850573992,56315.62529440843,119614.31741429423,-39122.12676026967,45705.0169994358,21716.51134169662,-52649.708477492575,14419.16352293882,27458.077447294338,7183.486988639984,13492.259762946833
496452,131281.17415654333,-21560.841293071593,43566.12083356138,39458.17754709384,107808.11694548714,150272.84907010652,71141.27685583242,134135.30764094082,-27489.351233863614,59661.1288551005,35784.35097839089,-38726.203526462676,8752.808674249902,29929.31238968922,1584.0250200976989,25633.82436793091
496453,137705.3663453546,-14063.674190314294,50012.28826903216,44280.32366137774,115415.95882176721,158026.19331619926,77931.44059391123,141421.44305939437,-24219.508903100515,65311.90487471381,41874.532205669195,-33489.20009498166,14073.95187091399,31598.849635154922,6738.726108772237,30618.298919718152
496454,124116.97686844511,-28303.522474732225,35024.001151247474,30028.158566909195,100342.58747082562,143115.6308810517,62758.35172041507,126495.7270101206,-36210.83193638289,50898.00094694919,27438.08611548501,-47785.54798599397,20434.462103045247,29028.624726140206,13025.095497864215,18325.589402814545
496455,117207.78912433783,-36314.537142905974,28018.28510192479,24632.518434981586,92125.27216156191,134804.37956888447,55395.38781660805,118544.10876945451,-40149.193947762,44530.862428290886,20740.96013436759,-53663.696246150444,15749.018369404479,27343.464773826352,8489.928487336047,12614.320719943009
496456,128575.31643502433,-24597.437590082365,40638.43390074202,36793.263879048434,104567.68862925125,147138.93581545466,68141.27700672476,130890.7743419967,-29627.517914298664,56676.10159532561,32930.21462688979,-41400.47653853826,9037.932116728822,29352.69835050303,1876.8543974293627,23217.30202648559
496457,138227.3699515421,-13734.05001633085,50659.28075971725,45043.065434434626,115752.4956707648,158420.81601378997,78549.16707046208,141738.03613373073,-23460.68384187449,65757.99892452947,42479.32029233132,-32705.100201007448,12582.934326498616,31612.650599792443,5280.351677665598,31145.718648883194
496458,126827.59193603414,-25463.000382297603,37917.76647390566,32581.804559026496,103269.59061895154,146115.89454996813,65729.77234065725,129331.44075323814,-34114.96427187848,53392.13419659597,30198.962130383086,-45072.41422616337,20231.261035676853,29583.068815189345,12807.550434223056,20689.025135201366
496459,117113.67806768748,-36340.083957221774,27834.19042564224,24212.83815915636,92024.03545894657,134794.57775246838,55259.155357381154,118377.94175286025,-40615.774357857066,44076.15237110086,20536.65787024921,-53930.50356641826,17066.34599693671,27382.083185405285,9774.174581264031,12410.552243103657
496460,125948.17865624324,-27433.736537222372,37847.1354409121,34208.31288370272,101571.99465666192,144201.22352217304,65292.866237454815,127915.69368586574,-31739.566102913195,53857.004326612354,30235.876746457845,-43946.51654409352,9640.950586022202,28836.92989448767,2481.2648155138727,20921.808839107904
496461,137821.04356922588,-14306.342280958372,50414.48181321524,45012.54752453232,115191.0308849763,157862.92450632591,78240.60362942508,141199.9423336619,-23339.361153707618,65456.497614797656,42247.75674948193,-32701.271573741462,11181.567878240872,31455.674116322913,3911.8077653088994,30980.900544921977
496462,129268.21888883796,-22843.42827249204,40671.47548392776,35085.06512599127,106014.94779912797,148865.85407750352,68515.34269334571,132029.64195149735,-32037.578123516203,55871.010895841515,32835.6318750014,-42405.042475800336,19599.943662664096,30089.135884504114,12171.704947389597,22944.17605698004
496463,117452.36173427862,-35801.02036110866,28194.692768414025,24313.31764464409,92541.8304279173,135337.7757178204,55667.14909290221,118966.5644230664,-40652.23710422054,44247.54329080919,20882.459635822826,-53615.01746490629,18301.249634630032,27531.071239126697,10974.21932077371,12700.837946784117
496464,123563.27733308566,-29867.58544733595,35318.32330383688,31857.476134954635,99011.93428258203,141624.0377037511,62745.759085810976,125669.55129853672,-33716.997552649234,51386.47826463063,27839.92495188342,-46198.04888716157,10613.711092157035,28415.3091695323,3440.500482411121,18871.49594811677
496465,136905.24230442522,-15321.597949205403,49600.05180747573,44535.44533599308,114206.94269341754,156789.41100467028,77406.49484598814,140681.41184778657,-23577.880585468745,64756.033173323325,41548.90444902355,-33145.42030616336,9995.888274000583,31217.160726602546,2761.2063020107803,30438.230646209904
496466,131611.89415122976,-20282.681960399306,43315.401686353616,37682.42482315397,108780.6162568832,151515.19339172528,71248.19891390667,135267.66947383826,-29848.042586587104,58418.9998611808,35458.17869442068,-39734.08126683894,18530.43107419055,30562.750961203306,11116.06777472699,25185.77099222754
496467,118097.40718166769,-34898.81890776157,28843.972820271567,24830.131965017463,93541.1483560836,136240.88919141074,56431.76493345009,120405.60834892427,-40324.19292500788,44829.106563710266,21577.055823356473,-52992.83641405941,19328.786718119485,27733.232563291305,11974.706735107182,13305.705446869815
496468,121351.53339067734,-32089.52389362624,32891.68018252756,29650.74642336121,96765.02005538916,139262.51313716234,60345.30557094866,123795.85259205113,-35633.56006674747,49064.35306969475,25559.276040811787,-48432.921008812904,11860.447884263813,28032.63539787097,4664.54223643399,16897.949557301134
496469,135581.33640658992,-16806.734683084345,48256.767066012035,43583.963467354,112816.6025342434,155237.9670945122,76041.56421203223,139536.11205757677,-24245.026663339886,63555.55697463922,40317.227821021734,-34182.26649833219,9227.230255411907,30893.177797346383,2018.3625635077751,29447.637043459497
496470,133947.9199008125,-17855.791642204775,45913.76273763807,40286.06689976825,111490.25605717927,154049.86708036624,73893.76267837555,138009.25069464726,-27648.680499543938,60896.81943612108,37980.14446787407,-37164.11471825962,17154.72461947828,30989.22740481515,9762.531256529519,27343.103984858935
496471,119272.6412512867,-33564.00660289699,30036.544777662482,25842.720993271807,95046.24223109896,137622.48847527703,57698.34046307362,121825.65313535626,-39553.93681665858,45861.08144287576,22720.488415611217,-51926.033132293625,19998.748252157784,28003.39180966022,12620.76226479076,14320.368880888063
496472,119246.40344833164,-34252.80612041712,30538.80132326781,27448.934234742166,94597.56588798237,136982.01874734103,57997.64589024215,121618.13923647908,-37556.38168220178,46724.88058859174,23282.502276738043,-50680.59881423082,13191.053985777577,27660.06509109961,5969.418275196906,14940.001092417237
496473,133592.54296348203,-18986.536863132846,46152.01806165672,41895.176127490035,110704.50503782318,152977.90673449993,73912.47978361402,137525.62152433302,-25544.38723266325,61575.53749158581,38321.05507889803,-35963.05548862634,8868.88914293008,30445.079893047547,1672.5467242792492,27829.307202495573
496474,136074.77057162987,-15631.747223345938,48265.23914071768,42734.727345134765,114015.192357207,156401.91416504612,76316.40683387296,140604.75507106027,-25587.674885885815,63163.91179008476,40275.42881086994,-34733.44591528935,15639.08542856136,31361.317429458515,8268.441925264306,29339.04607334415
496475,121244.44449522383,-31344.906378517553,32043.533900610484,27719.97414337426,97524.18135491868,139968.8843382505,59845.63626115771,124369.48802564916,-38097.656713870994,47762.05601797774,24689.174921868267,-49931.15820882954,20343.75104636884,28432.72499214224,12947.475079232365,16082.377312936009
496476,117618.31926232179,-35883.3199572588,28596.212164361525,25714.319958670163,93039.53322502876,135299.81181088756,56119.28209314516,120151.53786869334,-39160.86197309077,44912.4965892814,21447.189992292435,-52372.83434206825,14480.938949448955,27380.506659574963,7244.064625398909,13394.976974393145
496477,131016.5277212808,-21821.91894045524,43275.46596024025,39553.21604707792,107945.56988714218,150063.2082524105,71022.81114185073,134899.3602170059,-27454.49022736905,59022.21062465676,35609.22127389243,-38332.74572627798,8830.345551574781,29879.832485353352,1656.8144120474874,25618.60373323679
496478,137569.85530326664,-14172.651491330875,49847.679401608584,44542.82385004325,115779.70992685691,157978.43433930032,77941.22158402546,142427.77305900794,-24068.630739837572,64897.15018502131,41844.03697942537,-32931.17454827906,14115.29167514399,31582.737369288614,6775.587243626808,30732.470302817004
496479,123937.24763742671,-28444.146805206696,34794.26772510887,30301.465171051153,100740.78713456853,143033.32281940716,62713.68517409609,127563.22397212856,-36070.10746568191,50550.93387659357,27363.76880495454,-47259.95320267469,20453.89151346994,29001.265074923605,13036.65464374526,18428.744824691465
496480,116823.3074127619,-36662.75273554273,27546.379647126123,24750.097159481003,92372.04957289237,134487.49242149762,55132.21163592825,119494.16774876692,-40142.33152769272,44097.15678995534,20450.331081009437,-53340.40137426405,15775.9160921851,27275.90024672031,8507.721728407452,12551.334817502915
496481,128112.33745518103,-25021.69641754712,40068.710711568594,36866.58997949483,104792.33143815561,146724.36791867262,67799.33698203671,131828.4085717322,-29659.065308930236,56279.03862158965,32558.952086473022,-41146.56482085449,9072.1485450634,29277.543606256786,1903.5361568619205,23090.656073578975
496482,137960.8886567129,-13940.265531875966,50296.532858864826,45334.409457762646,116256.83327695205,158219.75187741185,78428.0372625418,142937.3286742779,-23332.30859296668,65653.09248715869,42304.76297262823,-32259.677722902703,12590.908942737702,31583.1787088665,5286.2424982548055,31187.712437301307
496483,126755.12701451538,-25455.31710151067,37745.761931899586,33077.279374282385,104049.16027873992,146126.9348793975,65816.03657249498,130801.33485538649,-33841.07795835061,53550.15393712247,30196.80426077071,-44461.15535686442,20248.389319558875,29596.287937821686,12823.663520673183,20897.867497736785
496484,116898.5386170621,-36490.426226969954,27464.269068594258,24585.678736736885,92692.15188047686,134636.06088510784,55175.698767512076,119831.48127141145,-40447.175072739105,44152.54034530118,20351.740834160166,-53481.476902041504,17113.50738695915,27366.49037233501,9816.374634425236,12489.257044465128
496485,125463.53805934977,-27862.64281869372,37157.81727657901,34358.55535874944,102000.74416790504,143745.18620658782,64923.85839401202,129307.57787781302,-31743.23453232921,53740.369979695606,29771.27646141487,-43751.69015496022,9657.397170295377,28766.28078697361,2488.0308480838003,20772.571648936442
496486,137424.1038587822,-14622.661036315294,49806.99698706386,45284.682216738285,115786.56217476455,157517.2767060539,77985.40053126356,142873.65013296838,-23243.45982268829,65498.15160265928,41885.05582282125,-32422.402840345316,11107.779353153632,31404.74058310886,3841.7074694690436,30918.152855336644
496487,129195.11685820832,-22783.326095946228,40388.14096476853,35683.19565990531,107055.14902031554,148910.4225394904,68620.58330375055,134229.60419928917,-31705.058850192407,56277.478939330176,32793.955102674314,-41849.08466486368,19578.51753079064,30112.667020333472,12155.45928659798,23163.210116111848
496488,117369.3210024619,-35744.7599767948,27866.18813772985,24895.990001875758,93629.73878895596,135375.05702453258,55744.366983285145,121221.1009215783,-40360.76009896488,44653.15426230425,20788.98768505567,-53126.22313327616,18392.306845533465,27553.215046543046,11059.842951377972,12890.16262383031
496489,123229.05601868768,-30106.690347131283,34709.93687338097,32212.63453470844,99835.4447501946,141349.0858348412,62531.400847459845,127593.99097815814,-33615.03881431595,51559.4306229018,27464.975380775584,-45972.09454549194,10659.075696184493,28377.132414175605,3478.7401081268144,18820.955902760033
496490,136485.20701524644,-15678.666527425677,48915.84433399364,44839.1982278262,114945.53111856373,156390.3987086551,77100.94516188765,142435.73656175914,-23517.488612799738,64872.9610056208,41086.36595695115,-32990.243893225685,9886.118106751084,31151.740397442827,2656.9841949966435,30311.401263901942
496491,131406.78487367503,-20394.64842863396,42874.888278781546,38193.58291338131,109802.44589517404,151366.86048341295,71185.76324187186,137225.23314392107,-29641.108589568543,58769.45140012626,35212.463224268635,-39377.87702223082,18434.017310347754,30549.04609594147,11025.82547882128,25241.476293105567
496492,117936.83708934036,-34926.9474392931,28446.771381163362,25351.009370777112,94667.63954081571,136175.26009999035,56419.90601433466,122428.7401739513,-40124.62783926723,45234.72520408542,21360.359331663363,-52621.76778303963,19417.554246802276,27742.48465256564,12057.8680835835,13395.766812251673
496493,121071.11363574052,-32221.833078320917,32376.94445863072,30066.463296228427,97797.59825996171,139077.93634474493,60216.82404614514,125734.47095692667,-35519.160121601344,49387.85973988481,25228.36559353994,-48163.35313330226,11961.780067213467,28024.44611753903,4762.412826803076,16887.705562874562
496494,135239.84770368802,-16991.30581172259,47708.62614783079,43997.13683580854,113807.10378671596,154982.2325379567,75877.61057016256,141474.48794401236,-24115.73294447925,63884.35850347272,39964.02950634239,-33908.138321864695,9134.332601286702,30867.423637048967,1927.7210635201632,29419.65609347892
496495,133709.6270715059,-17904.54235982084,45499.55651780477,40827.19389804794,112628.82155993092,153916.6499463158,73865.2959460376,140122.70927180763,-27417.291168788022,61386.69730038851,37764.668464043345,-36751.32526578738,16993.058560065965,30991.47019597294,9604.272141298416,27425.618953375015
496496,118955.27997732388,-33657.768213185285,29532.826508960974,26281.023202604974,96138.01364615886,137424.78648537613,57585.76044085745,123924.31549564988,-39426.713103806,46296.05045095735,22423.425485996624,-51605.20030149136,20028.769638234822,28005.378483004446,12650.016919291364,14332.742541901009
496497,118878.36091898399,-34384.57964756971,29979.637582216197,27812.88438991986,95644.10165821381,136717.42901585205,57823.07756609886,123643.94905084095,-37503.05868717679,47124.389845703125,22928.52856301461,-50423.33240614575,13307.210405155089,27659.24438481066,6088.484309728415,14890.631803848106
496498,133343.3059497058,-19002.537125005896,45742.70604622144,42372.39141251623,111855.58312840687,152798.46099458874,73874.77884847725,139621.68370249087,-25375.114514468863,62126.73456973156,38106.74888521793,-35575.33411285683,8861.211522753763,30463.838626056033,1674.7369232601127,27892.528204082722
496499,135966.4571142197,-15499.052108047545,48051.176235292914,43360.5113241783,115298.28390154912,156342.10531107907,76457.63231747059,142810.38358462235,-25275.628393445524,63895.34527565373,40240.28722638127,-34205.6131269871,15502.301235539659,31406.823793045514,8138.127469001295,29536.193613874246
496500,120925.40541883383,-31413.715277480584,31640.736808989768,28129.91110259693,98567.95058898281,139667.32568158925,59780.034526925745,126330.35798668908,-37954.40716423934,48298.44206212509,24465.401438520897,-49637.48857341433,20305.603051192804,28445.808330230528,12912.399518019853,16099.484099105208
496501,117040.91735422374,-36191.674297642225,27950.413289480755,25861.98316937598,93797.82253780348,134713.03854647276,55798.52752106904,121830.94800592904,-39233.85266080759,45186.78887573219,20981.476950467197,-52352.36295651476,14541.103396490567,27350.85855762868,7307.336531498497,13185.444685254635
496502,130533.52639517646,-22001.12217444602,42766.6088513029,39788.53653608736,108802.02703058839,149576.80935105286,70837.89524648245,136662.74396794447,-27437.74441785222,59387.07240120988,35273.736572198686,-38209.83135167014,8865.963027404523,29876.55022788751,1698.1681703501813,25511.950289045708
496503,137437.28448184757,-13957.254000221716,49748.76750408224,45112.27757488467,117011.20264488492,157873.02604657656,78168.65908996886,144538.51362053884,-23760.95582899948,65592.39041780116,41897.22285748404,-32449.361671730203,14046.588967631142,31651.71123322559,6709.484165774099,30942.407113507223
496504,123777.08258688303,-28234.873476040135,34693.16040693951,30828.133217373717,101929.9530428703,142898.52219644355,62929.89677164401,129626.28296594624,-35790.63370334648,51179.53508112859,27410.50081502072,-46803.69366355857,20404.752433832327,29069.279989823273,12988.964149243131,18616.796143587417
496505,116254.46228741336,-36859.21326223711,27035.968721576224,24873.106647464283,93098.13264360058,133918.07466128666,54909.72428331406,121113.24673212953,-40186.61293991073,44281.65309782895,20102.521307682207,-53278.11689765011,15780.62143794008,27266.646551578502,8515.502437534158,12387.541465139906
496506,127381.50900124697,-25363.723417589143,39409.82899080825,36824.91466735382,105325.34397925728,145992.64186706545,67402.77196955457,133258.9618426655,-29822.611994518527,56271.95104235128,32070.35631420572,-41225.11371007463,9085.395511513088,29240.80739357067,1921.5636369805866,22797.803679018125
496507,137595.39169338113,-13864.259958829989,50048.80003856399,45628.275094825265,117185.39257450898,157916.3360502882,78431.90425622297,144741.68084671008,-23213.307518339192,65982.74980086445,42210.3456089371,-31967.047034656436,12553.011786290997,31619.723716745244,5247.377045756994,31218.46981010701
496508,126690.70148324624,-25024.635147267672,37834.27094386595,33636.74221215596,105307.6764826412,146187.59297436854,66150.21806974604,132923.42160197103,-33505.40428320461,54156.556415731706,30435.71575415386,-43870.83017854222,20246.783517475014,29702.288776123605,12817.67478701903,21195.382394005846
496509,116583.30860593151,-36313.271556943946,27300.16575404754,24889.826931203734,93646.42052406466,134415.45289761288,55229.162387602155,121586.76415691205,-40322.332024476294,44477.49041039884,20347.760890766025,-53143.310692564766,17129.31040080642,27416.457749425157,9829.394513446949,12560.726736806888
496510,124780.07109926229,-28104.9517127288,36607.78751331465,34295.27468445028,102480.31118012905,143073.7038178768,64549.77101497307,130426.21355912763,-31906.014000614494,53669.40051852672,29385.36375867745,-43782.533801083526,9611.85407205163,28726.28968964135,2452.757297416106,20506.084413324414
496511,136842.91226194962,-14780.25636386926,49365.65788346737,45286.93289890414,116314.95129711795,156932.09941809415,77696.5690332191,143884.52592666727,-23337.28664818256,65511.32623454243,41592.77559235395,-32363.739294552986,11001.599070429545,31374.44731995855,3743.3820168220286,30721.65188247856
496512,129025.85081386748,-22498.16782349975,40376.581626494706,36009.014750991744,107997.32856148858,148785.6077141256,68757.00090602943,135514.92681208934,-31536.84368931037,56674.54347585572,32906.98638442993,-41424.83867960855,19572.897734164802,30176.129003286707,12149.509263195534,23295.113689444763
496513,117265.89466632652,-35384.448853432245,27917.256319991422,25229.204598363198,94602.18008690298,135329.67151652,55936.14589508961,122423.95942129089,-40182.400606327006,45109.9127397369,20965.029792109275,-52666.59496776694,18470.15207671978,27637.05925669786,11139.82800974938,13061.784549354727
496514,122861.29107719006,-30046.57756460204,34481.56352402982,32290.8280358778,100449.30839492725,140992.41738105033,62425.35808102839,128356.57193295094,-33625.167255050335,51772.18422752137,27374.562362721455,-45770.536059526414,10632.146360713596,28398.987234801145,3453.8481194880255,18756.241266352237
496515,135956.47404328542,-15815.69360748815,48514.24573090892,44759.60659858647,115304.45338168951,155828.3834390497,76803.6606673279,142882.0604240268,-23619.078678024056,64951.08589336865,40833.00629483059,-32937.711697560364,9705.597251592915,31127.43986580644,2480.6170217927197,30109.258408487483
496516,131068.81104716653,-20338.8229079292,42654.259052633046,38233.341392392496,110306.90982572563,151009.84601167438,71066.426525889,137760.79767940848,-29641.445515732743,59031.87524987114,35134.00725549499,-39178.09051871928,18310.869064012844,30566.774063441775,10899.791833973595,25181.00564622819
496517,117794.189525518,-34660.4185558531,28405.10490100071,25490.855375657837,95334.47491663584,136040.24054028204,56481.034622107894,123076.80771068118,-40061.61065273275,45674.650643638925,21456.851085643415,-52293.371439893665,19486.44282846562,27809.49615059626,12122.608055235269,13474.63793557222
496518,120976.53825812561,-31920.806649978364,32372.617319151992,30219.565547451926,98452.35749429662,138981.84330592572,60308.40470872738,126336.92842510882,-35442.46702763744,49883.95631198327,25363.982109336353,-47814.46945061939,12032.003463137382,28102.06036318854,4830.713076290329,16985.070175259127
496519,135069.63259773253,-16810.080793831814,47622.81145589126,44090.153378494724,114297.16637945782,154769.59749249136,75872.81114688297,141897.37307189306,-24050.069308603895,64333.92528512278,40023.04674853204,-33620.644156520975,9007.132914611873,30914.136994882912,1803.7770091405596,29452.958201997346
496520,133488.9144679053,-17803.448461351723,45353.76335959461,40859.79543112953,112996.18450695144,153633.1690453568,73791.15010308483,140410.59107116426,-27381.672869702532,61806.11118030804,37767.485796606525,-36519.42073903694,16783.48065688651,31021.15935288107,9397.973848925634,27407.884403001037
496521,118669.33083539485,-33628.0857899579,29293.49356465509,26183.514702497763,96389.28417100436,137082.22438095856,57416.42757876349,124079.80542806226,-39503.13450878412,46664.83877367087,22343.567868295555,-51483.91226210632,20002.6933195527,28030.871280293217,12626.039637062295,14241.097422551175
496522,118706.15628848287,-34233.010798317046,29843.286153383164,27774.979906656365,95984.84584181962,136516.99668892543,57757.18525471684,123869.43995186199,-37540.818396437026,47636.26989080092,22951.735308199583,-50229.2406587887,13408.828700622784,27718.33396813471,6188.825030299137,14871.674916499369
496523,133403.80744880452,-18620.37675594409,45852.31350707974,42559.15787151133,112411.29750210854,152857.06702349253,74052.3020002741,140046.6198464259,-25206.18978691127,62911.24262912676,38367.99979831421,-35148.5009163762,8856.062781119455,30564.948194836525,1668.9516661465989,28075.667808421218
496524,136129.77247463452,-15030.947231385615,48274.98771162641,43663.63403068921,115924.19602754289,156509.88790121136,76743.51340309405,143294.93965163807,-24985.646202938184,64819.710684005055,40612.942123390494,-33659.976113874574,15332.528548252294,31522.27216695966,7970.688230501554,29815.250455212077
496525,120799.71374413457,-31268.231634978143,31545.418448878518,28131.058113847197,98835.26341369757,139520.5300799176,59736.24334547835,126449.37324909007,-37907.01942219309,48950.07731582638,24534.048847760772,-49394.052348242316,20196.082336220352,28501.918738321867,12800.619508909505,16124.094204662157
496526,116683.89280581227,-36296.23617895137,27594.023022686437,25601.642276895258,93779.9542628188,134324.39798688638,55485.3035491026,121654.73199397764,-39408.80779264495,45616.67395248429,20801.708961833185,-52371.25495645679,14574.915069675335,27365.67208707437,7331.014993155002,12990.211700343632
496527,130421.9508972717,-21845.712061594873,42664.46271182762,39741.293264556836,109037.0510821474,149476.41067451477,70783.10888228074,136723.00283359573,-27429.187333658916,60070.44430006966,35337.839081327664,-38002.42683247388,8933.552615354287,29943.546115241024,1757.620923029868,25525.267045487344
496528,137792.87862532173,-13312.855212619097,50145.97974701192,45517.74867994705,117743.70866266577,158298.9668714585,78622.60864975065,145081.40585505636,-23369.36985910742,66754.15439114484,42437.88195510605,-31777.61930010113,13974.963971757039,31806.196224690695,6640.794931507105,31363.47659892169
496529,124086.78891242281,-27656.609958117868,35035.774351051456,31182.9225220746,102580.23369373183,143274.40600237163,63325.67410391739,130085.42790705267,-35429.89268470851,52308.677247668806,27897.736844627012,-46178.96683120595,20295.010993567492,29209.39278181667,12885.285660474623,19000.271529190657
496530,116044.10729307865,-36855.99917609696,26813.559519527847,24719.346610202057,93135.64671018443,133712.2457565628,54726.15827179335,120965.96807895189,-40240.01357609338,44903.63736187642,20048.186317147614,-53174.79317267219,15699.582422815341,27292.525648109633,8444.248522390131,12307.162672590855
496531,126998.84519672995,-25553.869661804485,38991.43878410621,36488.08776746997,105148.74268413094,145596.7174873433,67020.62364878903,132895.99619356787,-30025.017710878314,56714.848806503636,31821.20217009751,-41312.07660292276,9049.977646108053,29227.345965211425,1900.2275101476282,22550.81562658887
496532,137719.98521987733,-13508.986508445929,50163.80467413201,45753.99409699767,117566.264273201,158099.52663325384,78599.4357904297,144924.72656331613,-23036.867831441083,66919.18996787921,42467.87702224603,-31571.99753683573,12510.309835496997,31708.473645756687,5213.099356475058,31404.62644375598
496533,127250.72093726326,-24202.12125730303,38402.12420095288,34151.85533436353,106162.49840703719,146872.2904129139,66785.57820346032,133574.90313644518,-33016.58697292306,55519.609492864474,31127.018278910866,-43069.91051307083,20228.77015183383,29882.468713814804,12799.955401172247,21754.051016291876
496534,116830.6253798331,-35845.15260092142,27526.8088517439,25105.682315938004,94119.37914544897,134747.21992472763,55513.323553399925,121873.98432302849,-40070.12910194598,45542.979447728685,20718.75022699965,-52652.44401092321,17084.611808951377,27530.619264308512,9786.45990445659,12848.312187217438
496535,124512.10018656982,-28222.740253730495,36279.098610773566,34031.85766519058,102328.3400530028,142806.79049337737,64257.06844504289,130114.66571278834,-32033.481611056333,54211.82341741138,29214.289211931868,-43802.74541211013,9502.800584074874,28727.12550058255,2347.6589379646884,20336.256531676823
496536,136628.58801257532,-14859.95559113458,49076.51903962104,45052.49477333849,116188.13270715188,156715.58586100923,77444.63475556622,143606.76397367308,-23435.17803349366,66058.70034879865,41446.075033989735,-32358.302743228192,10895.007922498144,31378.604756905013,3642.093476338489,30583.020233022013
496537,129363.35075348523,-21984.48542302837,40648.106371967384,36239.87048294215,108470.1694932039,149203.2487527702,69086.12352448114,135832.8462613753,-31271.79874290287,57714.3687099397,33289.273837336834,-40931.22944509431,19594.381226749087,30294.911552386304,12167.882421862334,23605.58058040009
496538,117858.58121959807,-34611.30490042147,28437.905670055574,25662.07886783886,95326.2922041092,136036.67718532914,56519.82969703525,123001.95271543857,-39767.52569288798,46361.46436184272,21575.267652298484,-51966.61031911521,18542.121509070843,27801.513202552786,11205.732351234348,13564.867597509196
496539,123186.28353082568,-29598.111965541204,34711.59401155535,32486.36816427472,100822.95184349071,141377.32083376835,62703.331170858,128606.42391702467,-33389.331293730545,52735.79143930885,27692.529558144397,-45333.898531547195,10573.651699355714,28496.14261365366,3400.481666974617,19016.083501004367
496540,135884.8268683366,-15822.938633757112,48318.8574748048,44595.307017901316,115193.49517233942,155746.96625006705,76644.22230167121,142667.56184871582,-23652.7499903005,65483.46919893175,40730.48430838525,-32881.52611238449,9534.468571972908,31128.804902191616,2320.285247599896,30024.43452752101
496541,131034.00043490904,-20306.18862231878,42479.4542281156,38064.55382259069,110219.4316793617,150971.99473168055,70936.024692366,137572.86301508808,-29685.982302796787,59535.14345684461,35040.45955314975,-39117.723318664954,18239.015679064963,30573.43363258246,10839.993881369577,25100.51186937161
496542,118155.57141429836,-34195.43891818385,28623.05675099959,25632.30200422487,95676.85792721533,136461.10335222297,56762.08435223332,123311.79817910574,-39879.69743086614,46501.58836558814,21726.931157488216,-51905.008092191434,19582.599492067588,27902.592776814523,12228.497938350876,13699.396512690008
496543,121643.11898375636,-31138.41971589536,32909.82475454624,30642.839193798292,99112.45112522629,139745.69866067273,60913.99189231604,126889.79708289202,-35046.89284223388,50971.57146515447,25921.203651828946,-47151.90769618064,12098.485547315606,28253.230108024694,4902.497437082142,17456.492939760657
496544,135526.4484764918,-16278.531290890987,47950.8842041638,44352.5339975558,114688.90629351062,155290.80960544627,76246.63634204962,142198.6424017115,-23771.400915166963,65188.339169187944,40360.79382356048,-33144.272440245346,8897.20048309239,31003.691978852246,1702.1497221364514,29750.73637485669
496545,133540.85828186115,-17722.104606149336,45256.26079738644,40753.86260161806,112905.66484939546,153719.30650222645,73706.92042784856,140249.02824288112,-27397.458820355743,62210.58141606803,37677.9417677147,-36438.37329363165,16582.190130156967,31011.822679772307,9210.48896845516,27342.478787959873
496546,118634.27394450664,-33628.114621336135,29086.8068904468,25947.028713482865,96190.67923861319,137122.19707724295,57209.16338353074,123812.19738501441,-39648.83666572641,46898.40736175871,22129.57459268454,-51540.46304677876,19963.96930782413,28004.852948548214,12590.453234585302,14061.96631253229
496547,119052.49503233308,-33800.40387827745,30028.67182714002,27853.88952272429,96214.53223428,137043.79032189577,57945.75088480001,124020.73437179322,-37465.55042805873,48165.170073183,23094.460248877425,-49970.70842099872,13537.305377557735,27775.484447667313,6311.442024877422,14991.0789657048
496548,134114.8104096561,-17791.07210017259,46435.54658894634,42998.952613904614,113040.87976363383,153828.92310666284,74639.77578877375,140601.29177529365,-24848.346527018388,63754.1148896758,38870.800588034486,-34546.51364295705,8912.4762188403,30687.75582263428,1712.3205227466124,28510.79134234549
496549,136716.7068896416,-14350.863299865678,48744.152554686356,44034.84730831468,116390.10586222136,157354.07779024966,77200.71598645783,143707.07453706782,-24669.444670448924,65519.10562184286,40992.68822266717,-33157.055867365925,15162.028678818926,31599.333846455687,7800.322454420113,30147.917805586294
496550,120863.98603444397,-31159.339407590604,31454.95226617307,28008.042154601953,98688.6337102651,139792.58959004225,59610.87023662306,126276.73114879335,-37986.74415330365,49089.87062781491,24365.295739297653,-49414.628466984046,20009.5469711114,28465.93635911979,12631.763793289601,15984.388802044388
496551,116537.82989291464,-36398.18532033559,27266.24823517916,25238.20765550869,93391.24021186239,134391.6689046055,55114.57812803696,121257.42520586957,-39712.192861154384,45486.48137549726,20384.565923062313,-52648.881216652655,14570.300798689066,27294.841981610392,7341.5458227344525,12632.222509432984
496552,130741.74638980372,-21423.827880759287,42830.85054377549,39792.601442568586,109177.78592395733,150090.61280861672,70922.57893156151,136862.13539533794,-27429.578139828624,60354.48355582717,35368.76476044443,-37870.2520838435,9050.412264230794,29972.30259150418,1872.4865089694663,25552.42415218879
496553,138653.9276499577,-12302.608307161789,50906.47462669562,46102.54559909487,118489.90926776822,159522.30419533368,79369.84063441594,145839.0069607481,-22942.93731675334,67560.95394098031,43019.704664991456,-31116.799990713094,14008.01416265134,31940.17076532587,6658.991237168444,31859.93862278731
496554,124739.51846362808,-26887.30609223065,35589.992417649846,31601.506509089268,103068.86527889073,144246.9804987702,63853.849130313065,130618.6404058728,-35123.14885871761,52900.374785667795,28270.351299979073,-45708.00031528069,20172.72334555712,29288.59889545707,12761.539204897555,19310.258251243176
496555,116012.85772105696,-36841.1487532812,26640.342069310227,24493.91359602836,92826.67173453135,133897.58458850958,54501.10891965761,120742.8567446483,-40455.28702962461,44784.34660777907,19705.164773912213,-53389.38960287876,15549.139509052151,27223.706755334548,8298.291263982195,12005.18190608088
496556,126801.46194787884,-25708.09631832783,38636.1030008814,36077.11247106695,104648.61707821104,145602.33988851204,66608.05437350461,132503.8545882284,-30416.50340600006,56385.44428182607,31282.223252867912,-41734.65878167163,9039.442723567763,29124.306991584028,1879.6093156006339,22084.078456957755
496557,138151.155719664,-12963.20356037453,50473.801271179094,45905.34927410414,117781.7406723019,158832.49605914098,78871.99576428387,145250.86753721646,-22998.34316288258,67177.5818805342,42552.70832257433,-31421.750300312287,12621.38542150858,31740.24103981016,5321.19534985916,31465.306501461862
496558,128241.35412927199,-23050.27034325668,39314.36218473145,34826.891495557655,106995.38843742828,148236.91215918027,67669.505844865,134531.91424907494,-32553.8970301607,56311.963574075795,31774.488201877335,-42386.55573621769,20297.57432274072,30027.767614529814,12877.444544663078,22281.797616477692
496559,117497.53787836099,-35064.43652718785,28111.86797179608,25503.312895333354,94549.6270597619,135729.1736230118,56045.24407023369,122471.80741406987,-39820.976989470844,46002.19068364412,21028.451128422123,-52279.11387869468,16982.112492618086,27594.311400252573,9697.514567074553,13085.267808287741
496560,124400.60073761536,-28291.404308478453,36056.207537780676,33718.305980823505,101859.23390689476,142910.35060761555,63947.45408955232,129859.88161750484,-32352.91370195603,53892.98540370452,28731.51455792748,-44180.09909338785,9325.811063618276,28618.95536400822,2175.0352751927867,19902.33895242209
496561,136412.71952054836,-15017.60643472903,48754.59678637055,44625.54871304585,115610.76969227553,156729.21373721687,77026.21486739104,143263.05615404493,-23866.597094685192,65611.13593135538,40850.602549365794,-32861.172130547224,10825.589031964622,31251.747718677958,3577.376527150541,30051.03524356791
496562,129868.91802855079,-21326.65392155127,41096.09067467874,36447.80817103463,108721.06237067515,150063.88350087055,69452.55083786376,136306.63386212563,-31215.51220698232,57942.75252379376,33413.40240529469,-40774.49043687922,19719.63783176775,30333.15925311289,12286.739991250406,23673.171952058165
496563,118868.39528605943,-33415.859281627105,29434.51958984025,26324.0564128665,96119.62458628189,137458.64232395007,57424.60017120757,123917.3127365154,-39345.56331615052,47058.45597676221,22196.368794717382,-51342.567368888595,18671.581261976324,27947.14474166886,11331.09837449234,14048.493808476136
496564,123791.77022357614,-28893.213930528902,35307.34621152945,32794.98705396555,101092.59562897401,142281.54952666233,63155.929698128784,128856.77068412946,-33233.67750017785,53020.08875021399,27889.948057635407,-45094.70692426413,10475.998187530246,28537.574217324065,3308.963030521763,19141.481698695334
496565,135742.2608157243,-15970.490140418027,48141.1367721933,44218.36004461378,114560.16067265798,155755.50102783588,76275.5329293715,141927.97453486657,-24036.139008970444,65014.57589011487,40154.23716204264,-33365.665790117106,9295.019678904497,30998.63863974753,2093.4799706384547,29498.877529010337
496566,130841.3125943234,-20515.04880971841,42243.96847548931,37581.766157367776,109491.21648091445,150912.505861211,70494.35989332854,136657.77435674492,-30164.09449448366,58967.723126815144,34380.313668800394,-39699.67443273729,18173.84137092738,30439.380284724626,10775.041110353828,24498.637936288113
496567,118671.54406192314,-33636.25170967702,29134.22756601029,25724.53950772209,95710.22721739729,137191.63658385334,57066.21230049749,123017.63975167817,-39909.99177923243,46573.342638016315,21745.3081655439,-51870.868482551086,19786.509207214505,27930.956172058442,12415.867868883599,13665.457239583151
496568,122668.9885647541,-30059.990360512384,33978.226525132224,31187.1508467994,99655.36706350597,141002.14149634834,61757.88477678172,126934.38973713435,-34702.703886024385,51526.33063178118,26438.500647409186,-46645.158812208756,12276.395504864122,28383.893756371624,5062.731913329327,17844.356711908447
496569,136184.11962698714,-15653.447430636166,48660.9901197429,44599.25669966373,114736.80033716897,156053.53795468775,76700.6792214681,141650.28625539993,-23623.874264322814,65403.61468573228,40517.766758994345,-32951.98522126189,8755.044268302432,31035.283763744268,1553.8449709465788,29842.560192608602
496570,133479.79381241382,-17908.81189521053,45216.01405539221,40330.59240745047,112072.2849545961,153585.1098307842,73387.91489111041,138755.91586900584,-27757.63164608731,61716.70284692389,37103.721918628995,-36925.71894042326,16296.06313262337,30881.80979140503,8926.501633459791,26816.855012961074
496571,118422.12685398897,-33970.694887632184,28874.365005577543,25285.78912446477,95139.81222125361,136749.81735428158,56716.92476771264,122005.51769764033,-40203.3755634122,46204.43717446431,21365.51150361684,-52232.819187853514,19951.264537447976,27859.04247794152,12582.845185507515,13376.281127915496
496572,119517.06606251937,-33394.737990409354,30530.285571496574,27734.296268956256,95889.52782186845,137378.63328618626,58185.811644987254,122833.63155373275,-37598.88810897192,48094.483600459076,22985.82026906929,-50068.77628884111,13800.050774494423,27790.997408745607,6573.378895364498,14858.552377597125
496573,135195.01125558233,-16733.614944588888,47613.50501776241,43464.0390017691,113361.53800800255,154787.414125786,75567.03558210896,140003.13610669918,-24483.800578906274,64313.28248176016,39403.3050245348,-34023.628982726164,9060.915789763587,30825.742418635185,1863.1479557391874,28930.328266402226
496574,137530.4518464352,-13623.034231377474,49665.69630906166,44310.04105689439,116342.91507321162,157920.49196259855,77863.61122919002,142734.89165500295,-24406.781059993627,65856.13663010085,41282.10371265949,-32826.96483676968,14975.754104641012,31664.1820165434,7617.459944172104,30371.460176383276
