Tm,Oz,Po7,Po4,Po3,P4,P3,Po8,Pz,Fz,F2,F3,F4,AF3,Cz,AF4,F1
436358,107172.14509076872,-28087.907722993667,17760.255901526085,12780.632865632368,76544.40843291616,153826.3648108235,47188.453053087134,82840.6437278616,-46546.010879437534,39665.59665779231,5281.039774306667,-57883.19746944446,14043.743166115179,25207.604501379483,7092.626880117746,1497.7351242567538
436359,130390.38697373688,-3934.495632181338,41814.80069726211,35569.07717648306,101420.61577982802,178965.93737289976,71784.80746271959,107574.08548772098,-25575.967352269316,62548.19789175679,28693.17855951239,-34161.14288180284,3930.9121763527337,29465.079779928205,-2891.9392277637357,20378.970151929418
436360,140690.0326213321,8331.52576248703,50999.27976711262,42854.94055857963,113734.90758530231,186293.8943173904,82168.79135410365,119801.75127989151,-20726.88753902571,71127.60099741192,38011.06827224541,-26111.22099106785,15276.965382980505,32653.65077192418,8050.595736886453,23541.799258232237
436361,118364.55181973809,-14735.721674667977,27586.137640533372,20460.691892202354,89915.70276070217,166971.2595148635,58376.43553557431,96142.56431396189,-41433.04080923757,48851.19514502258,15287.026626957571,-49286.04229123279,26943.72033249286,28628.11585990523,19537.85901625457,4734.0622415324315
436362,107636.59636758296,-27297.626237922737,17947.838203337655,12682.837605108361,77295.7089738364,154217.13032916957,47577.7237785835,83584.30454096594,-46997.01228759927,39819.75913864745,5543.01102955683,-57903.42303293543,16910.927065834163,25551.04410532137,9870.348278354188,858.1292886554684
436363,127781.23920673168,-6774.826308149594,39215.559976370074,33217.397218794285,98520.82935988501,175838.7805522402,69056.1244862808,104691.2039667383,-27570.17353474517,60099.39446802367,26145.696724922225,-36637.133023308415,3862.9144592887737,28886.229693936326,-2940.397850557542,18679.07266500713
436364,141057.93930834657,8420.957253899393,51685.48364943058,43791.36115722442,113894.80580165004,185312.55476073537,82678.83966856384,119954.41169875234,-19528.99511763618,71815.30882025135,38610.008897922286,-25234.149710543945,12015.736166818122,32481.229736211128,4873.390834310231,24862.35313790048
436365,120478.58014768691,-12487.387385756201,29720.015848175382,22437.163729583302,92222.41797678306,169637.7786559186,60596.762865704106,98430.86238799739,-39655.42902326232,50887.953648412105,17390.755564533247,-47192.90752876344,26633.902789907497,29072.68012099522,19218.446827049283,6296.8740248887425
436366,106289.99982287269,-28445.995448633566,16304.622061561313,10894.163244601456,76060.6255127759,152947.81326830725,46062.5910883382,82353.18882260413,-48925.12285575016,38239.57870512696,4015.3873724497716,-59667.7203325092,20016.13103082687,25502.665429086876,12893.785704488675,-1071.9076957997593
436367,125154.72784941288,-9513.918889640052,36494.383901634596,30642.563381645843,95702.40340338722,172627.58744467108,66271.76584955388,101887.95136124322,-29911.83999969349,57517.70141503891,23504.3603591764,-39301.80472109957,4969.915453146826,28394.592801429837,-1854.070723003156,16574.10082150189
436368,143069.3510056099,10299.48535945654,53977.994887712746,46159.84511313637,115877.259477958,187130.67897525692,84884.94543585536,121922.99157322488,-17096.460146399142,74024.76985176036,40796.4539979532,-22822.38825539069,8938.9211773854,32675.869639124365,1876.2201661483768,27219.33755090065
436369,124438.76328585082,-8409.258051115201,33763.3378499175,26259.606287862334,96422.05700386007,174126.19046741532,64740.59306254143,102575.01972983235,-36147.83816846307,54738.76121572734,21333.69473015514,-43192.453244642944,25089.258703564512,29806.067037879504,17690.630954588873,9445.260629040891
436370,104392.52592815354,-30379.04263996501,14031.422822234766,8573.447434782549,74026.23946953776,151254.5910847059,43863.01776686966,80259.89642288751,-51235.84973761832,36065.311909415206,1849.6077242791928,-61974.54210251714,22601.721963862496,25236.196214562653,15422.73374000053,-3293.3003508631987
436371,120122.44966741113,-14956.650114462533,31111.128044230456,25551.28766187632,90089.46630545233,166942.5330328651,60774.3465458019,96196.04116998214,-34554.63073480325,52399.71177526583,18260.877473605036,-44553.25748647458,7047.058730040352,27405.381188980304,208.0616883251463,12402.723377394212
436372,144186.1375339339,11045.588353147567,55077.23252597916,47353.01176716507,116664.72459168016,188955.1023645075,85918.65700988285,122561.69333129156,-15766.808269215939,75084.29013426506,41817.68782129188,-21584.724513170342,6703.738052043848,32673.0531435731,-297.07943056045235,28551.46185011344
436373,131129.1774076951,-1620.6913994418924,40445.093599648055,32532.81429243581,103385.6024364208,180994.42079792783,71629.615138786,109343.83859261982,-30445.093778341172,61076.09668237349,27835.86320147319,-36623.771234627544,22805.68961598225,31043.525804931436,15426.541216439373,14538.31929219238
436374,105159.58923123908,-29573.742191500016,14447.960844445259,8758.114900287736,74786.22055103362,152326.69094167073,44447.73181720343,80891.84779908268,-51263.90171862108,36427.66012339252,2289.8932520714857,-61676.55998560957,24343.666865358464,25481.213909824903,17112.83521706642,-3483.495438713694
436375,113750.25532221778,-21771.780107693994,24425.386489980432,19234.255614733833,83054.53535779387,160227.46127706143,53935.11116958126,89097.4249433183,-40308.02184135848,46027.523175232855,11726.507907306992,-51120.71812258909,9451.500894194643,26179.29786207659,2591.0372805349734,7248.33302918187
436376,141583.11260471103,7965.758121813211,52512.77804699212,45124.99506571781,113517.2511368227,188452.58952039893,83162.14411756319,119351.88854599556,-17487.396916383717,72656.76740288408,39248.688696739526,-23946.416631136366,5336.790262141679,31960.84437053813,-1602.6710833364427,27188.702407635454
436377,137370.92185347414,4808.446691457436,46830.25734205859,38542.82631732885,109980.95052087604,187302.84976320917,78191.87185428005,115824.22754523397,-24959.812601043974,67128.96975534191,34041.09764896996,-30354.030321260096,20381.32463368756,32214.86263405747,13032.10380974937,19454.240126893677
436378,109239.79316812806,-25142.86934349875,18314.372557843046,12129.699140429198,79262.74173402347,156730.81740575895,48607.49009732538,85285.26458125567,-48453.62324084918,40063.01777612668,6112.441775858957,-58042.243965554786,25514.73545003414,26434.571774590855,18225.601930491364,-1182.0185293318798
436379,109252.63100473971,-26485.50038719623,19686.30302561668,14689.616586397009,78171.40323670272,155624.7863976044,49125.81884760297,84188.70977669743,-44523.73659510719,41501.65916847254,7111.323205686601,-55826.93196972957,11779.319904311424,25375.73613691245,4884.070989735737,3417.4482160061666
436380,136463.84604099306,2263.729079855946,47456.58206817916,40589.70450330543,107685.87656893817,185021.47155042776,77805.70250814283,113515.346217282,-21253.16812755046,67865.24621663871,34242.070184035,-28737.938735076,4440.422502416649,30744.56677329038,-2437.3911034403704,24029.312956348655
436381,140638.8059625727,8065.987178603517,50312.356811311605,41919.75044103116,113343.519470064,188324.4943625527,81685.96005643148,119124.73339788502,-21753.688246088233,70430.49158875064,37385.66281483473,-26882.831102404725,17888.373691058387,32734.118076927247,10587.868854472847,22421.506422665283
436382,114304.03424762424,-19629.67168519528,23231.194402131077,16483.299164463657,84857.85410636515,162050.81537722255,53834.244814721635,90818.43411749208,-44754.36099864897,44700.41803190515,10964.421039007633,-53391.55768024456,26410.68132440015,27592.024934033863,19056.169558766,1909.9367594906792
436383,107704.69568173641,-27952.949597985997,17897.83186785855,12812.95924088907,76607.6987727774,153963.62192610087,47412.838657114575,82605.20116901258,-46454.13427174502,39770.72162201371,5404.808923151109,-57719.971813712604,14237.72411421799,25235.30987766318,7278.686106500731,1538.0209861334565
436384,131708.0345018102,-2982.2831654613246,42749.881990658876,36347.62016362158,102319.79940963465,179870.99794670386,72834.31123578851,108162.64874121668,-24806.192601716684,63410.31899200094,29595.174602122774,-33210.714574924496,3884.829352787955,29644.751150684464,-2938.704214558338,21025.485782835094
436385,141568.24612951162,8782.43974961806,51507.38133726246,43260.37439520839,114121.51970737547,186706.94320220867,82760.98767210788,119874.25709377666,-20260.36981181176,71585.2839646549,38485.77133998858,-25562.62467575389,15067.864243767963,32722.445898538164,7845.550597498726,23946.87329260565
436386,118163.99254237852,-15442.388845318443,27007.053535993982,19860.099159264184,89114.75342768795,166270.00648390898,57836.46317828374,95032.95898093769,-41853.10666490034,48275.53148255628,14693.357201657127,-49787.14282609745,26888.743533346944,28468.633266890996,19487.53113940194,4356.885844084504
436387,107231.33723334743,-28206.657184994507,17147.196841614128,11857.540903029527,76282.26777725207,153341.8488400208,46818.49332881992,82263.63129120614,-47635.90986453423,39028.60636294785,4734.410620962737,-58623.863654331144,17060.66672669333,25356.779259537547,10022.020247423203,267.58157684876574
436388,128338.09229390665,-6648.769872318047,39369.69933994298,33259.676548272924,98562.10202740015,175972.2447847415,69299.44656973734,104415.99706374457,-27457.602844269684,60208.92552763216,26272.419351052944,-36449.92124670736,4003.5142011837356,28903.5438924873,-2805.9196123371576,18737.65399757021
436389,142384.57810240428,9354.484304783622,52619.460486606156,44557.27596792656,114760.9353633521,186226.06713260635,83728.07558800359,120496.08688233161,-18767.345604166174,72662.70714326098,39495.00063176255,-24304.953933647157,11959.028648645228,32655.61743031533,4817.590581253699,25497.503443606867
436390,121342.15237592778,-12069.107400860301,30200.249186793197,22797.820869207204,92561.24534729928,170020.2818747742,61163.808949652106,98447.80868631745,-39235.9872628888,51302.87750722673,17821.806637887206,-46699.23821451969,26483.550627466324,29135.094969792895,19074.821926732737,6639.617596083005
436391,106125.98943468317,-29128.98116232015,15752.018585214413,10304.536837678645,75269.76858597527,152269.11658596125,45553.266505588246,81248.64161695345,-49342.12579804993,37674.26110082804,3432.549155709733,-60163.33612743028,19988.72296712932,25347.132392116157,12881.015443605027,-1463.0326098625073
436392,124829.53292578243,-10358.143082970499,35765.03527534602,29876.96886548555,94740.38855876033,171812.41088066614,65587.32099493213,100612.51082777065,-30497.911234022227,56782.98793454669,22751.63690018798,-39978.547230722,5100.042753046993,28221.95750514463,-1710.2517710643765,16028.414502687243
436393,143663.64619620075,10448.792716322721,54167.36357431359,46230.962015324345,115928.2563402408,187300.50464872504,85163.3630782933,121651.15947127785,-16957.198556732947,74158.02987209993,40945.35598117339,-22630.047651452653,9046.497527267024,32707.089195041874,1982.716985032384,27304.96598176086
436394,125691.58286325257,-7515.5436694431555,34666.30825641249,26991.462005474106,97237.32473625155,174990.9679807888,65756.00292309142,103088.76051871969,-35428.33648861441,55543.20968856703,22176.291540401646,-42326.0619480765,25051.608489928647,29983.11432425984,17649.181929629143,10041.020204350409
436395,105083.47117548509,-30024.922425571734,14451.864188964302,8874.008690972503,74295.98504188811,151578.42839776646,44362.22689772408,80277.81440893486,-50887.08152790507,36412.00533721799,2215.448438209238,-61581.80526588732,22499.942487140346,25304.336088463067,15322.821402160009,-3015.105873233812
436396,119807.03692806949,-15621.846547041398,30578.531679583768,24983.09903329366,89322.20223058564,166282.53854036244,60272.22169974564,95221.68173572568,-34965.82745748019,51850.07418174227,17698.295515591617,-45083.98349875614,7019.335044499058,27275.024163927468,186.38668012364923,12024.763689004943
436397,143747.54018105706,10308.093576624098,54453.290424491934,46695.663414891176,115826.86165786115,188279.43656252557,85323.34785822549,121550.18953283597,-16273.480901156327,74449.35776389347,41171.77598161924,-22213.541452605128,6786.287283892905,32536.77419337931,-210.32854291241006,28090.22529176418
436398,131469.81194055587,-1475.2696330964586,40625.830319644985,32608.76400778078,103455.18086356393,181150.16307011194,71875.20724093587,109261.63033030726,-30324.13521764623,61207.326245398595,27986.648389376132,-36481.07332763914,22920.232314934263,31092.85944086805,15536.92733091877,14614.352648008304
436399,106021.88066352326,-28846.828189818523,15183.476125887415,9355.952969034937,75460.88592399174,153026.7715716606,45263.45136917693,81432.49365213481,-50682.273333247475,37089.31253637207,2987.016381416105,-60993.89904708287,24341.91645289414,25645.501284415735,17098.990368222578,-3005.4114496766874
436400,114194.17288112167,-21483.622451669562,24775.41316829465,19499.009871894792,83291.26092216611,160486.98292316386,54333.30183794712,89219.15642224833,-39999.92560916937,46330.971378466355,12047.947851644483,-50797.103116740574,9330.799638120781,26247.66151698148,2468.228783607218,7500.5423204886865
436401,141229.06801682344,7418.35500395348,52076.99810643049,44674.750822882896,112905.85696929872,187925.00773071806,82734.6618274687,118644.20813765205,-17808.41561988466,72219.28783902997,38802.03727883598,-24378.086032397547,5303.032668639865,31866.289429544726,-1627.9171612016978,26900.81910166189
436402,136869.89149091346,4133.927935932521,46247.67050350098,37950.089995276285,109243.81134075823,186654.23792934243,77616.00616795757,115003.91572604119,-25425.742137391848,66553.41082858111,33454.8751773853,-30934.266630299826,20495.827133179962,32101.81854721398,13147.636214583452,19030.927190724557
436403,109428.70887686964,-25054.686707179288,18429.317591959123,12177.090794079968,79309.9876092088,156826.31108501938,48761.00383294282,85255.97031558861,-48367.65108709341,40153.69862599025,6218.639561391997,-57949.02451457616,25623.280446798224,26476.705901636713,18327.868668690346,-1136.5284562163345
436404,109987.56478218762,-25806.974654224497,20364.65123958807,15268.061201147904,78829.45159139206,156277.15236570092,49859.83005599712,84776.26338914229,-43962.92603065414,42130.92701655723,7774.314328727769,-55179.92745229855,11750.920062660462,25532.30940859213,4851.030677160026,3883.5267117604217
436405,136847.9161703315,2564.6895277705876,47796.74549199913,40874.95302753248,107964.86520960789,185294.42359773105,78181.06611490904,113733.6174324781,-20938.239071180513,68179.50969015952,34574.84837211738,-28402.19908176395,4343.631270748673,30821.011591450177,-2536.800181862665,24298.9552710177
436406,140269.72487157717,7567.971346201829,49897.63759384609,41517.85948550995,112810.0295887109,187849.36613872796,81276.79158358683,118541.5551607688,-22045.154379699827,70032.57609991205,36981.32487977358,-27270.4544640607,17881.25232330746,32654.696998133648,10578.46253937349,22163.643477522695
436407,113810.0152098521,-20243.152664328434,22684.890664467966,15957.928039758484,84209.73859336096,161459.77412086638,53294.67224547378,90125.10730109984,-45173.74985557464,44181.46487977539,10437.023223620707,-53912.928062951665,26515.15829525366,27497.576768712475,19160.28359022666,1524.6780171303576
436408,107858.17952082724,-27861.262572058753,17999.491871944323,12881.686116745348,76686.01415916826,154062.37171031034,47551.58876302679,82637.10267320475,-46363.12859585615,39866.6575010067,5514.811706361684,-57622.53947806098,14327.088405934126,25279.749786912045,7368.215387576284,1590.6008504046476
436409,132349.6468426982,-2369.8986025858408,43349.76036034283,36881.03740493774,102938.0094771899,180463.7175091265,73486.74138792396,108733.64979892535,-24300.374300243668,63979.8887359552,30195.051687778356,-32627.29731108394,3862.584974964067,29784.960132773736,-2965.926931361525,21449.662545429546
436410,141855.62611695175,9008.698219336424,51761.28732418258,43486.46054523273,114350.86736432562,186951.3708920146,83046.13026456171,120061.02311695053,-20014.782755729546,71827.79592639917,38745.0403668872,-25305.474721328817,14985.903687220763,32781.574164608246,7761.1098439938505,24153.722936203765
436411,117789.02769030575,-15924.056129668897,26598.301155221,19481.32117099184,88623.66370917232,165790.95369316998,57429.140879512146,94505.87020425108,-42138.805409000604,47892.52847318182,14305.183154169032,-50168.204140422866,26856.59449582085,28391.589942108563,19460.89408827817,4097.901304607413
436412,106794.62247229635,-28741.688167433887,16668.693351106274,11407.749682344524,75738.17230501377,152829.2459407278,46343.65652649504,81685.56828413528,-47994.33497971004,38582.28274229821,4284.742197535778,-59075.40826627625,17127.92062238633,25279.00507558152,10097.40177748282,-65.69730264074701
436413,128478.06670225275,-6555.538976337765,39465.14448003777,33330.42009986734,98662.54723134277,176072.72046657733,69426.70610224293,104480.29197618365,-27367.95927650103,60305.486054657944,26389.433552080118,-36348.76932311966,4083.5776390451297,28952.644196510566,-2722.7748973131866,18790.181131717218
436414,142929.7532175457,9878.02778534482,53126.25298157587,45012.0527219919,115305.95917687465,186766.90596890255,84281.70325019126,121003.67199918815,-18332.8177609339,73154.06852166496,40020.272173430276,-23794.881563122213,11939.355799156398,32785.56148708247,4797.075513604809,25857.392792400533
436415,121587.307038906,-11874.918835588727,30418.572225569085,22998.82943953979,92776.30825340856,170193.52600081565,61409.35919397873,98627.59327581324,-39018.64775237684,51519.52032958274,18058.26238654725,-46465.341238057576,26379.992594467236,29191.08372805688,18970.53979976085,6814.013300995937
436416,105789.95533623957,-29556.372369597215,15388.881396229383,9974.0781281647,74853.2188327415,151846.240921846,45192.60531734997,80800.73264703734,-49592.04075835699,37341.921782151854,3100.153286705036,-60493.51839715053,19941.61553613444,25280.38040119393,12835.308580946801,-1700.9263662543456
436417,124415.10397071726,-10859.526233432687,35313.86599515325,29459.374715422036,94249.12631177816,171333.2459002241,65141.38893006295,100090.85554971224,-30838.545274745433,56366.86700942384,22335.128990402853,-40400.924874025215,5159.735993239434,28144.79407586269,-1651.5689803705072,15704.913481513591
436418,143748.1447400233,10488.322756793572,54211.493083674024,46263.00652695846,115992.1376695186,187401.26645319164,85236.5718961737,121682.93017447062,-16906.712698705363,74214.2822111769,41019.850867476984,-22571.72336759625,9106.53953443876,32739.69060564011,2044.5588735870397,27319.698267829044
436419,126152.02037352594,-7076.109496878635,35097.70111200497,27384.552939080906,97715.35474616935,175416.78058385354,66227.78170083475,103531.35469952568,-35048.81372282018,55970.11017124033,22632.47138845743,-41884.13538986311,25017.760703809072,30093.291340037642,17620.520588425214,10344.753462604951
436420,105307.55486670295,-29845.354908774225,14658.89921576253,9070.808575787356,74513.02162070438,151743.3233102336,44592.21933898293,80460.25764736522,-50666.33524403372,36627.11612930057,2449.4856619067664,-61349.73726434042,22402.94131072554,25359.03239582414,15231.535003092658,-2845.828825418382
436421,119507.76440859612,-16000.516259349299,30261.17767400435,24698.97062495792,88969.545526807,165911.67772201943,59954.557631091884,94839.70074166123,-35167.79387812873,51568.44993728757,17418.707972332508,-45356.619820042455,7000.106904025236,27223.39469203023,171.40350901628398,11823.176260951335
436422,143336.5620738343,9819.786040087458,54017.39239149462,46295.74371663809,115360.6695094124,187879.03623400867,84885.90795522585,121055.77290691578,-16583.73191822694,74059.1032501208,40781.080140682265,-22599.12684450001,6874.317113248505,32469.371768060162,-124.99274015295453,27787.481841092602
436423,131522.75262529537,-1460.7250373591464,40657.4458104729,32634.489965915214,103504.77137654957,181174.80503689166,71924.80729694855,109280.1900117072,-30265.03301880741,61258.34535849371,28053.3005151194,-36417.42666893059,22986.797504074566,31122.783930332815,15600.108020906007,14629.956232527364
436424,106451.93294508205,-28431.41392729245,15602.183404142857,9740.623883279843,75923.46646967198,153432.66602278664,45710.23838646703,81862.88913607413,-50302.31376436059,37506.20664905316,3431.1314420302688,-60554.80082321323,24303.815963438065,25744.82582272812,17066.28976976656,-2708.3898478670044
436425,114387.70579882334,-21328.164633897384,24962.771531664293,19676.789010277786,83490.31128048625,160630.88345687086,54533.95184514447,89388.66756215994,-39792.91276435743,46531.58787654032,12265.036003128984,-50573.9314860422,9254.88450869052,26290.552039393257,2397.019503913741,7654.374816582997
436426,140932.57863906265,7049.940051863585,51773.09876933764,44401.81844583607,112568.19806405122,187611.72849757408,82423.84057922565,118281.49273145333,-17998.37908497076,71952.52498928065,38536.14540406852,-24627.407046179807,5277.826692546094,31804.19666371757,-1654.5443238948585,26715.705352026598
436427,136502.6679901303,3696.585314484641,45866.0584658811,37598.37576249559,108834.42362343623,186238.3979230447,77228.04982059314,114570.66013653213,-25695.529380880183,66209.67823961622,33112.87261779497,-31263.766672517595,20548.505357627917,32030.77872265069,13200.024814838367,18772.645462048597
436428,109487.60732391721,-25032.104189905098,18473.703031044504,12211.161559803853,79373.19602204324,156862.69702656817,48818.14174015749,85293.9722449898,-48306.139157779005,40211.72272608781,6293.928591268499,-57872.20097624723,25665.576678761994,26497.318553267127,18369.321532972823,-1115.07263645938
436429,110388.0972902516,-25423.512157205892,20756.06118137183,15624.864551925713,79264.70007222953,156656.59040498993,50276.29936374175,85186.37346111279,-43615.64632790716,42515.84232810824,8185.284466350668,-54768.40940003229,11714.458073238204,25617.653843466152,4812.142537936477,4153.935913969184
436430,137024.36119772692,2701.4432993719543,47968.288315970814,41032.32243072234,108149.02398903137,185423.28901931347,78362.96953497245,113897.12386972352,-20757.150812971435,68357.44715326747,34769.4221113494,-28197.426671387926,4277.594712818783,30855.348909909684,-2598.139233689305,24435.589781472914
436431,139964.51854099764,7185.138006686277,49585.87689548383,41227.622751848685,112462.22883237607,187567.07906229806,80950.22735412513,118178.52949371812,-22255.39984759556,69751.66186284734,36700.930656886485,-27530.40310625565,17864.797268995942,32588.06855477489,10576.04620021215,21967.74923741271
436432,113464.05661123207,-20667.158313094744,22332.101374340167,15622.634887307468,83819.9639092753,161060.22795773385,52924.89047560266,89723.00183507451,-45428.8958174322,43855.22750469399,10112.866673090124,-54218.72224555401,26544.528945801438,27425.51278306552,19195.643799821184,1284.1173913917767
436433,107946.23019596301,-27816.558418779165,18080.916806372057,12939.847692908377,76775.8401772413,154125.2385632908,47636.062277501,82714.85653699821,-46274.313906302945,39950.14908944959,5618.4638948742,-57510.826895192324,14351.93978034789,25302.97908590322,7392.27224893444,1642.7382609810766
436434,132725.83947254525,-2017.6336980421383,43720.87715821596,37206.32500258939,103341.25618865956,180813.7465417739,73874.05608354825,109127.47814234441,-23976.888849838302,64337.44622708799,30581.627208790997,-32234.48819191712,3849.3368479175306,29867.14745101874,-2984.0818590913796,21713.37060452615
436435,141990.13426749496,9094.90037676882,51894.80852138575,43596.65134443757,114481.8470565959,187095.81166536326,83181.57903331454,120187.74535889723,-19872.060504171022,71961.13973690319,38897.575677301764,-25136.931641931704,14950.41964215733,32809.72395342555,7726.975897818795,24275.52275964584
436436,117518.0166254011,-16275.513267047008,26329.245460670234,19222.550019737984,88307.13568814713,165449.45058058476,57141.0796335413,94189.89330685115,-42318.31496851414,47640.69913873314,14059.129307295518,-50391.408764868414,26840.11076403242,28334.148761683264,19451.499013297365,3940.1368963655086
436437,106517.34080341006,-29096.811892123733,16390.8333742176,11136.741397317892,75418.29156901684,152499.25732747797,46047.93098682411,81368.1458738153,-48190.39683127168,38320.719171826975,4030.410394400091,-59314.603230178094,17155.73746502792,25222.62535818458,10123.577240984196,-243.23118029962973
436438,128579.22751837989,-6501.3837665727115,39560.17534141617,33398.50733549584,98761.27871998664,176146.03156221978,69524.96138996216,104579.93191603872,-27273.590826270913,60400.04004582683,26505.515177450885,-36228.91692790511,4125.33741580837,28980.47836257725,-2687.5843741664135,18872.332880336675
436439,143239.71678628062,10155.614865152667,53430.00680204014,45273.68774000634,115633.80103528834,187088.3410550923,84599.13129262731,121331.93912191998,-18068.613888385906,73445.29614018922,40340.17482391509,-23471.728246990486,11958.70089095202,32858.19339462744,4812.96819174218,26098.302065535514
436440,121682.02547414659,-11832.803672728951,30513.76030627155,23076.381242639847,92862.84327062697,170230.23471627547,61505.02360475484,98718.83525727715,-38907.52324708417,51612.33571653336,18172.993233400197,-46337.1327738434,26352.01899943114,29215.96634820322,18946.180965466876,6929.798872077572
436441,105581.71694561864,-29841.345801112224,15183.644655301801,9778.027143896872,74605.81557850071,151572.9964016303,44972.976414261466,80561.73090471802,-49716.20079619232,37148.65892747524,2919.665077439296,-60651.96095943931,19909.38389848216,25237.938041966805,12808.876605823341,-1790.2161261342428
436442,124207.75794374796,-11138.678307176258,35101.51821586678,29250.120456999222,94008.03628742082,171079.42038259277,64920.21329355645,99856.6346550649,-30979.943068868244,56167.796984454144,22153.950052233355,-40565.977934928844,5189.42364702273,28107.29430944655,-1618.337287594691,15600.580727000513
436443,143812.53132842426,10505.40567472054,54262.78023277363,46290.68190302076,116052.62765256531,187462.33403569547,85297.70029377897,121747.63639943181,-16852.48927165087,74262.12374948055,41097.876455922866,-22487.15306883244,9185.795337044316,32764.910010521755,2118.089195379544,27386.75544354035
436444,126386.92874439192,-6879.380463636022,35323.82159661654,27576.771550070018,97959.3577440499,175612.72825614447,66469.47912791923,103779.94001829048,-34846.192696381055,56184.39923280489,22880.677977286952,-41628.89047674857,25036.5166496167,30150.076146946332,17637.77206293086,10533.845399317144
436445,105407.60210734018,-29801.480487093173,14757.012971437593,9154.18677042973,74601.8620553879,151785.23797870157,44694.56076950608,80554.35609754187,-50549.41187770569,36721.5443812089,2571.607237069998,-61210.31571397666,22344.50392965224,25379.51969928562,15173.868223219833,-2736.067719830091
436446,119355.36639886246,-16230.889817444859,30102.57590103155,24546.765083620056,88777.83753739647,165693.89151069656,59789.6623746021,94652.14727107131,-35257.087031306684,51419.19694753836,17289.01910575811,-45463.43716662742,6955.562490693007,27187.71134693988,132.99245047846733,11759.569528036833
436447,143148.2571070743,9555.082109218103,53810.443609928894,46092.150239789626,115133.22974759722,187641.43076085058,84679.26097263006,120831.24128504965,-16733.41087265283,73859.9377734932,40603.3355812112,-22759.427047835332,6909.713524791823,32431.148877323678,-80.13807519497107,27676.634867406494
436448,131537.98877372747,-1501.756236948082,40649.21378256637,32610.913960063182,103505.17226068073,181148.2455994439,71931.22099632234,109282.52930941786,-30260.318815043454,61250.39590608785,28076.719699345256,-36386.59687935492,23043.823091768387,31131.73609002575,15658.398495609292,14643.420559113738
436449,106673.93092899761,-28254.428325287903,15808.075628243221,9921.670403906472,76148.85467269352,153611.75251082,45938.484239104284,82087.94997906775,-50112.19429141628,37702.41811349842,3665.6573270965428,-60315.76183036504,24281.74210216892,25793.36414931866,17041.345414893294,-2543.8301470896063
436450,114536.78049716447,-21234.830064027858,25099.881985012067,19801.69682693359,83630.81856251709,160724.47439225146,54687.71878507684,89527.85513044141,-39647.113774667996,46660.43398521421,12431.124269476013,-50399.94565649458,9185.070684049148,26317.758489097,2323.494680522447,7785.695388850794
436451,140809.01466204587,6853.446422230161,51631.06265018249,44269.61070458406,112410.34150600966,187423.68519588653,82289.05487273721,118122.31681685745,-18086.17659871168,71816.20254237519,38430.41377364946,-24725.157283978195,5268.272256996851,31775.70019851877,-1669.6356492159703,26650.62201366954
436452,136279.08019450773,3399.7232469390306,45617.26898568694,37363.53232576435,108572.02325137486,185959.93190192597,76986.37626358948,114307.62503502681,-25880.396595194477,65972.20254168264,32904.00931848775,-31469.032773306,20611.35105587238,31986.701622744942,13257.923810510296,18611.37244618285
436453,109491.76128708152,-25081.227001029023,18455.825690379705,12189.060875413486,79364.2867618631,156825.69449580493,48816.08623776007,85281.48126047777,-48301.66603160762,40193.81360130167,6311.937982535936,-57855.91245223827,25707.575279926645,26503.704877347183,18405.517220301463,-1127.2079487017008
436454,110622.46166692604,-25229.07153937452,20974.68146747302,15823.696271217217,79506.21455494984,156850.0217679802,50516.40874671688,85419.03185797716,-43412.21503732101,42722.123317541176,8433.622177815536,-54522.92339818628,11685.837779891779,25669.47846577406,4781.517687407642,4316.025293556363
436455,137159.7675317491,2786.8388325436663,48087.81747629869,41144.187276552766,108278.39976217202,185504.43167744298,78498.71708534093,114013.61161577624,-20629.4404065649,68469.82574293384,34920.22846770039,-28047.12135306198,4230.7457622471,30882.22586898493,-2647.3385323047924,24539.451040159132
436456,139827.75182884448,6982.203845147467,49429.67625982841,41087.370010886516,112294.637408773,187397.38103118094,80801.15429371998,117997.49052079598,-22354.828524733235,69598.62314933013,36579.17557022002,-27649.593599544565,17865.63374094559,32556.81950376097,10570.849756323096,21868.145520944876
436457,113267.6001151762,-20927.560443894155,22114.33658837832,15424.240181064186,83592.33229978461,160812.95194299112,52713.64826825203,89481.04321247818,-45582.4101978368,43643.03878701759,9933.02112630286,-54396.80280961484,26586.699294655053,27385.547288458532,19234.05826185384,1119.851292803488
436458,107984.61695758729,-27822.876189007755,18098.999495417454,12956.923053649396,76809.12292230027,154127.7622546926,47670.92333003269,82729.36542538318,-46240.7911448694,39959.39816736713,5668.030666377056,-57462.103324666794,14378.122499702014,25311.833915901636,7413.564812878411,1634.696798903491
436459,132966.81336996402,-1808.1857536035066,43945.0488538138,37415.065817352515,103596.35282661495,181021.20608689904,74121.49377798024,109359.43404813242,-23774.548517033458,64542.34628614385,30832.66492389504,-31985.58336988178,3830.243326988885,29918.097946522383,-3000.8550398695975,21859.656920146193
436460,142114.82354382036,9179.054917249445,52002.894721540215,43703.43171230851,114608.45747676498,187179.27208718774,83306.18847902975,120289.5173856849,-19759.721880172066,72056.16894369634,39033.23177321544,-25001.68989738075,14922.766591497999,32832.27019173566,7703.246008785018,24342.737506493122
436461,117395.90675627405,-16455.028568881535,26189.146306616618,19102.68207642631,88165.23073891527,165273.67229582992,57006.98667822389,94023.40722246093,-42405.76014026601,47498.28748041799,13947.90071969242,-50497.76451039215,26830.29157252761,28300.780656943512,19445.696082860406,3819.6469268807286
436462,106367.08640026739,-29300.653929810287,16221.954846279477,10985.263851675829,75251.43720573086,152308.77384521827,45885.45915552382,81175.40314340722,-48306.70439401933,38149.01645829421,3891.610804150194,-59449.5364430669,17170.592007022482,25183.24875377426,10142.45616851052,-400.3801587157533
436463,128637.81322118688,-6476.161611952259,39600.80375867819,33436.12424618726,98828.10745571333,176179.90606040676,69580.62385623882,104618.40186868193,-27228.19620613489,60423.38463780054,26570.143705360595,-36166.32779044466,4138.668912402494,28983.386529879604,-2670.6475713585696,18850.587695831702
436464,143428.59850534762,10320.960640497406,53604.24272968958,45434.65017121086,115842.88199468581,187279.46859315102,84790.8841664316,121511.75723599308,-17913.17922665069,73596.49304799183,40534.426278465806,-23279.6000716036,11962.599660526039,32891.411506083175,4814.579841986874,26173.05270669436
436465,121733.58767753367,-11820.654881209348,30555.920276974713,23118.716793119627,92916.28895148725,170235.58028929506,61553.237538811096,98742.79297484708,-38847.76318459235,51637.502621647305,18233.35151246095,-46271.316510054385,26323.645470980162,29216.989136288998,18911.94507470775,6917.231336533842
436466,105486.4268674724,-29989.495081619054,15082.745749190335,9690.72671013316,74496.6196978034,151428.7897335268,44867.60762889552,80421.82808788432,-49769.5017721762,37033.38710735047,2833.2106543319965,-60729.71492279817,19840.47359405785,25202.788692305618,12738.520624523277,-1905.558262724442
436467,124163.31726169461,-11223.580681107007,35048.217930139464,29200.946689663993,93961.54018682777,171008.76915139542,64867.435146019685,99779.19057998151,-31010.94523840366,56095.195983097015,22112.319761786457,-40608.41070705809,5162.116701847546,28086.083896346696,-1640.0587533396797,15499.696408717587
436468,143857.35266113875,10526.79895156272,54294.40254890369,46311.66874079732,116111.77830827166,187501.11373091704,85335.67068603227,121776.779475132,-16832.675614907566,74269.20197046817,41140.40488646159,-22457.649446627183,9265.110431334442,32774.48907371555,2197.2970182559993,27330.4270074994
436469,126446.5221204891,-6848.737067892685,35375.738536123616,27620.35602226556,98029.1260519213,175630.90694411728,66523.77316712977,103820.57828510208,-34794.15891369689,56211.99447315973,22942.174119666306,-41576.95554525961,25077.63144080439,30162.66576787164,17674.35838487927,10517.31466159843
436470,105504.39468537149,-29741.036023628898,14860.901722467912,9252.576413221632,74705.12426771072,151839.50944645796,44793.08825136268,80627.80975093364,-50431.482754704346,36797.212568223025,2678.1262422113205,-61104.858955592936,22269.11994043024,25394.26762479034,15097.361881688634,-2682.3450204284213
436471,119409.38612154404,-16210.541479111871,30162.342939329374,24599.48007293155,88838.60004308382,165720.57382131473,59842.76003918729,94684.08242104735,-35178.93925879862,51451.9808534053,17354.07310598064,-45403.790164238504,6928.259836457617,27195.223120391438,94.6742743747476,11777.886494286744
436472,143072.35211199272,9453.154486539295,53729.65056534551,46004.51073168882,115064.28104977091,187502.89887636655,84592.7050714719,120735.21105676668,-16790.29133691041,73762.06729617756,40538.05522636942,-22841.401299738518,7033.367341537637,32423.809460662447,26.18016438931454,27568.233691757086
436473,131446.82982902759,-1619.7251319476368,40554.51200046939,32508.069764174244,103417.98876693891,181031.16683533264,71827.32419114011,109170.78726362542,-30324.63878016124,61138.99765854316,27995.81375621263,-36480.02718945455,23156.946608221406,31120.65304262319,15766.041459625145,14533.8336874858
436474,106800.14295679894,-28150.836967345524,15944.842369815353,10039.400092250653,76289.8176575942,153708.17377603933,46066.974911860125,82204.24966378277,-49963.14885529397,37811.69710411117,3807.8863963800786,-60175.786429975386,24248.5966075795,25823.222727355183,17007.74506790641,-2453.212048277278
436475,114741.59832085337,-21047.99810829479,25316.611018521573,19993.616914749215,83857.2271636804,160905.7627541953,54899.13826427145,89729.85634792237,-39427.605009818726,46848.404505070284,12653.083580472234,-50180.33230285106,9122.080781770233,26362.08637415541,2261.125861506203,7938.595882029915
436476,140787.4761028106,6808.657291159882,51610.875661003054,44236.146765297526,112396.58976404973,187312.86573277635,82259.4779081794,118088.1091684911,-18076.317094678197,71782.96076033759,38426.16523174668,-24738.517800180234,5328.146878135908,31782.335088823227,-1609.7894727691814,26615.652892012004
436477,136063.1488265845,3149.9296818406647,45400.38432712073,37145.5714311218,108346.94908135291,185713.0601451982,76752.49142972224,114065.88809328966,-26034.12191648796,65753.48617447715,32707.97139754679,-31672.51330349086,20716.065659068096,31954.84049943668,13361.32192933624,18445.154757804357
436478,109476.53541051646,-25121.777263992273,18450.03261306221,12169.853969533173,79355.39857007375,156787.7657662749,48797.41567953878,85253.7520370991,-48274.87947908197,40174.41901635411,6318.005404578189,-57852.4817453179,25717.4812488874,26509.47508734026,18415.128176790327,-1120.826339435272
436479,110828.72787363108,-25033.116706829005,21194.056490211977,16011.590880767617,79739.78691052522,157042.62002839317,50730.417713990195,85633.01685462035,-43200.02547700407,42917.08481675403,8660.838604122133,-54299.85965705351,11666.125197036037,25720.631331282322,4756.725995762787,4486.799013268464
436480,137272.24861010775,2887.4635111031585,48211.93727458125,41242.57417238303,108413.00218275923,185595.46078941433,78614.15398027826,114131.48785915835,-20502.25010426234,68574.7095450282,35055.89334763866,-27918.886445872893,4257.647209216625,30918.09670554163,-2623.141148764866,24639.21718976614
436481,139673.78781264115,6798.886904338316,49285.45264313155,40937.060432661456,112136.89302488725,187299.48772086628,80636.88462643385,117826.87276556055,-22444.168447693304,69455.73722612784,36456.47702997366,-27776.634280013623,17931.000168259583,32539.153988492675,10634.254220475583,21786.465779262853
436482,113096.23687438312,-21132.110014229333,21957.83582999959,15264.868440079343,83412.0550995619,160610.5959472374,52533.61490260235,89288.124843002,-45676.522433071805,43489.8324122622,9794.101558213868,-54535.09868011346,26615.079212711476,27360.293639914504,19260.932010546738,1041.2990254745228
436483,108041.38032480601,-27781.205403196964,18175.336361533944,13010.065701191907,76879.64472352454,154173.54918796886,47733.81380707129,82786.02092052902,-46147.961593565386,40026.444562394885,5756.158763734366,-57376.29090861045,14371.055282827449,25332.333760454294,7408.483436364202,1719.569772307348
436484,133134.8070869214,-1641.6318601405844,44130.49677665411,37564.8356182401,103792.57570754751,181181.40188906086,74300.23758999273,109540.26723159855,-23603.472490006898,64712.52251622406,31030.623407994426,-31797.21966869868,3846.2189050618895,29963.538054275086,-2991.016018385629,22013.135360125612
436485,142108.72333253908,9158.902250067667,52012.37424681881,43692.09613291646,114612.11595254144,187228.1045220362,83300.7858843807,120279.69839234813,-19732.760946364222,72059.62130210653,39059.898055234225,-24982.13445135138,14970.224019981993,32845.04122192174,7737.926090427336,24378.428866318216
436486,117220.38736934589,-16661.751301043918,26035.41849481988,18945.428598293598,87977.08122485873,165058.83546936972,56826.023844391515,93823.33852892989,-42501.762383747395,47346.00495147446,13810.621399740026,-50634.15437081134,26845.645544456987,28274.94352077299,19451.534797651962,3756.2472413145956
436487,106276.38388839076,-29418.294150385947,16156.87886772227,10909.42556144505,75152.64239649154,152191.53577463134,45793.894172214685,81063.85199164414,-48328.50927275607,38078.713995775644,3835.767214229988,-59503.41218499026,17158.826612103327,25174.029062741563,10123.97172032341,-397.96122436998195
436488,128716.31509518813,-6408.27402596664,39700.84821974713,33505.19108828644,98917.03217566879,176248.93548538644,69663.18561589305,104694.53789806773,-27131.45668044342,60508.91390287276,26676.100996398072,-36065.14689450968,4166.249888388192,29014.765550520784,-2650.8973989852143,18956.44450403372
436489,143517.3886030078,10401.464328865903,53711.83555143139,45508.84870903258,115944.27639665357,187388.01995727772,84882.58846730427,121601.27798413005,-17818.432761003565,73688.80327514317,40648.84422323055,-23173.30313827381,12011.769199906907,32923.10203387882,4863.795026739912,26281.160389422766
436490,121718.10355687552,-11857.233572993007,30563.393500049613,23105.176385604296,92898.52764378996,170187.80826637708,61537.30755891658,98713.70691146488,-38824.12169587724,51636.461360755115,18248.624603264154,-46258.04784190984,26338.438735329953,29220.90597418363,18926.984362610958,6965.893631154285
436491,105388.72813875914,-30116.970897903346,15011.009639989175,9604.998000303924,74385.0984315717,151295.35191111176,44766.21291737984,80297.82025092191,-49801.939032882336,36957.742302368555,2770.223761689739,-60788.232468568,19854.192035925567,25187.26594446716,12745.92480452309,-1908.3085188443915
436492,124063.91869228917,-11351.465057716763,34972.43072518994,29108.23949654648,93847.78571980464,170879.42339902947,64762.00205109233,99653.28499613027,-31049.626273522023,56016.473724155236,22047.424912276387,-40667.36935127963,5214.09026369215,28073.090703763868,-1600.7619984301018,15489.590637774203
436493,143854.50453084905,10504.717856842168,54314.648002584996,46306.94065626724,116104.92133353685,187519.95339064766,85331.15762580655,121758.12809282099,-16801.157804255155,74281.9501383595,41170.17783528411,-22423.151920832057,9291.15716755515,32777.68406289535,2214.233106470978,27382.177454578836
436494,126546.2128319184,-6761.508537655223,35501.57475979087,27713.965756089354,98133.62852590476,175708.98539994948,66628.07861112268,103913.09927467543,-34683.57775098871,56320.450386013355,23069.108565625196,-41444.543253125354,25064.33149375712,30183.99361492065,17652.59121539819,10631.240125976537
436495,105526.05685897195,-29737.796845071105,14908.301476067141,9274.850928916781,74722.05686498061,151829.1651707627,44816.97992545575,80634.2080932682,-50386.215016499795,36830.646599597254,2725.2512414473194,-61049.34724706921,22261.854791034864,25398.55798567797,15088.484051533313,-2635.075277084116
436496,119270.95240574829,-16377.587811323665,30051.76283793024,24477.780240656226,88680.18548825673,165541.15655242576,59700.64334361854,94516.06742262862,-35265.699350871066,51334.67701861559,17243.614702155737,-45502.91986933091,6922.146211287958,27165.080279725073,94.11899997255318,11711.686228191753
436497,142940.81810063758,9292.444948158542,53629.21667667883,45893.918355694244,114911.70867870504,187422.19947071036,84458.33946959581,120574.15303165349,-16870.711336086504,73650.53396775325,40433.72839100004,-22934.928445755064,7009.515029055853,32394.955925599224,6.340385532472851,27515.556395704167
436498,131484.7047607834,-1598.0666762322248,40622.46567285167,32552.297885841417,103451.99356277057,181047.0708733459,71871.36232331643,109194.37939842022,-30274.38570711518,61183.99366534695,28053.5226961147,-36416.57296269789,23133.49274134217,31129.421909319994,15742.708216540917,14588.803263717153
436499,106891.3991520917,-28069.863549625203,16062.556784528932,10125.921531990836,76383.78347224205,153777.88002950873,46166.02710882588,82286.02608014931,-49876.01420087375,37904.1199246243,3913.211056777106,-60066.34923485434,24256.544750821777,25843.48445113677,17013.038669438447,-2380.373643041443
436500,114727.9145521107,-21079.465468000264,25331.948599262967,19984.890505676252,83835.48041752701,160857.2160798438,54889.034051699695,89694.58062360293,-39419.55537525835,46842.11312784864,12654.48503023183,-50170.93025363344,9130.427538540207,26359.583389785086,2266.8389497167955,7939.801831327015
436501,140689.31429449265,6685.496079534705,51545.48704809781,44155.8145468314,112280.75713840693,187251.95971659376,82161.31606202995,117959.13968013796,-18131.33554828584,71696.90956347971,38344.17674108705,-24810.06564519261,5314.90156506333,31758.84771220739,-1627.3980431596929,26568.9232735155
436502,135964.26286860905,3028.2395056143678,45330.93233765805,37060.84208580848,108230.12245682426,185581.92093909433,76651.38029093825,113936.40339368163,-26093.937526238064,65665.61462150243,32624.525250943425,-31747.797146223667,20731.8121928845,31934.44332775642,13371.198951738616,18386.794720972834
436503,109450.18212139826,-25164.93000448056,18452.7329940271,12148.87677340162,79317.54360079362,156734.89719956915,48773.14081716812,85202.91820704672,-48273.226101187014,40154.62411981358,6306.121263322993,-57857.19962206511,25733.632065578684,26504.62794573055,18422.335990339565,-1138.563427729101
436504,110950.67637390817,-24918.148723969163,21347.84533863744,16131.284790444897,79863.16836244223,157144.94695508992,50864.08968656016,85741.5151785967,-43070.48741240188,43037.40302990974,8794.280406557977,-54158.93945188704,11624.690814980862,25741.96057978415,4706.493179472806,4580.095006577107
436505,137377.21382644866,2992.5970142522087,48347.05797701675,41341.910628069934,108524.67471448724,185684.75456527947,78730.64813425392,114227.42054820416,-20398.180242993476,68677.30874515368,35171.43150511584,-27799.641999992364,4265.852076236624,30942.504369027974,-2628.7644757019402,24709.793775086655
436506,139517.062331877,6627.646621989765,49153.187539442595,40789.65815655643,111964.82510759335,187245.16708844458,80477.65553683745,117640.59881593793,-22560.566820160653,69308.03765086712,36312.55017221385,-27917.379563936764,18017.35640974914,32514.611721623147,10705.146114104276,21658.76684372973
436507,112910.430518351,-21342.277679341445,21803.531603673055,15105.430853483758,83201.79211855217,160388.22193443798,52347.57024662167,89063.44097372511,-45795.68165587311,43323.75530053357,9627.600381788072,-54692.91548870943,26623.40418924541,27328.590660165308,19256.861856142892,914.2557160255423
436508,108102.41496594925,-27730.127394275867,18269.424410196585,13081.891858725347,76935.781194443,154215.26758147735,47803.72670712452,82825.93182220045,-46055.23014792006,40096.69987403747,5833.9546674425055,-57292.808729465105,14333.627922755617,25355.2453670549,7359.982416509997,1776.736357883512
436509,133290.2041958589,-1480.3478049436285,44315.25807452022,37715.626580410244,103959.99326233279,181328.25109751514,74468.07950819074,109691.63127242774,-23451.46945798165,64869.656669974946,31200.83993511118,-31629.82204671437,3859.804812282704,30011.072774444372,-2985.7483731892858,22117.150477854895
436510,142082.85902607563,9131.43664358445,52012.52411024041,43669.58926983486,114584.11859619236,187259.4215149758,83278.23805153946,120237.6879308545,-19737.961483992713,72040.87483077048,39048.27202698158,-24996.565572050327,15035.844183635754,32853.537138200874,7797.112297568545,24341.58162294777
436511,117073.49074600181,-16825.005881397396,25920.551866587615,18821.909301975495,87810.74645507016,164876.62933303602,56679.59868634005,93642.93870700928,-42588.51794675208,47218.96246239633,13683.043522313987,-50758.07974676823,26853.91781968414,28253.698097134533,19452.33201803389,3651.5635332363254
436512,106245.14344062691,-29460.718504464112,16160.773031206696,10898.206008694015,75112.01394182879,152139.4683441351,45770.121580792525,81006.91349865486,-48311.33275040787,38065.370969942385,3824.235975476722,-59509.94920645478,17125.39020729866,25175.788167315448,10083.16037050849,-412.14752778994887
436513,128811.87717911997,-6302.325728384198,39830.26079502157,33604.79939620242,99026.7236567382,176343.14981848688,69774.06959612251,104785.78586891782,-27025.86179482415,60613.93203071513,26790.401502306457,-35954.95572382615,4179.45056021451,29046.832675105623,-2650.403663151791,19013.898240489016
436514,143529.19437415025,10425.409728108694,53752.77135259962,45523.763253970516,115968.07871777855,187452.37361680262,84904.81901800248,121607.54166183111,-17798.509135490032,73709.07593696893,40677.23735872776,-23153.712797176242,12089.376911865853,32941.08230028812,4921.252448397411,26262.508460884015
436515,121622.99145413292,-11954.26287810585,30503.456538719693,23035.050327513425,92799.44249388453,170064.32623008388,61450.46565464136,98598.90127482046,-38868.12593847727,51565.6090491097,18178.497491025824,-46327.293617769516,26348.69982820852,29212.25514983783,18925.560781740536,6900.0834797734815
436516,105342.95490123442,-30165.254600176053,15007.470397567007,9592.220208120765,74336.98096028145,151229.6925370841,44735.18950434699,80234.91432445066,-49784.834585188655,36942.30895433179,2755.241971351917,-60797.19488737896,19811.241502946395,25188.4985964896,12699.852189267258,-1915.1734111766207
436517,124054.26892299809,-11351.696229016434,35002.86313936325,29121.57129723794,93847.21243596452,170866.74613992864,64769.000516383705,99637.8551883636,-31019.32750504546,56030.28420567532,22064.55302837459,-40650.774055121714,5227.070304986722,28087.234457284103,-1595.0280368057881,15493.232083051538
436518,143834.31262894743,10500.91007733542,54331.92187676593,46304.17693120657,116100.84199673659,187529.6262566181,85327.37360634696,121738.33749936023,-16791.635011228736,74283.87563961814,41176.04424826742,-22422.99866215838,9344.356393451646,32793.21636819723,2258.7861831579903,27367.68106775292
436519,126532.94975285833,-6759.320122652673,35528.33074196137,27722.864863604307,98135.24466445217,175690.4980531673,66631.50050122407,103899.26594231249,-34657.83418043803,56334.89865357218,23086.631457682524,-41432.04776537121,25081.175971764485,30198.051482210467,17660.4769942587,10636.203908853402
436520,105518.46031964316,-29732.43267146681,14945.227141621572,9295.653057910102,74728.04294016091,151814.68264524027,44827.71289753961,80624.92882078927,-50345.38540933376,36853.89931913918,2751.136426540642,-61027.11326373834,22244.19559927989,25412.143184243778,15058.506213430974,-2613.0527342640007
436521,119222.63957516673,-16414.212173573032,30046.545321338537,24458.374938323217,88642.04681207209,165488.5642903091,59667.22865556985,94464.18742373407,-35262.16537455162,51314.99652443571,17226.551102875776,-45525.07633593085,6918.986181134823,27171.301541364406,76.97031777742336,11699.9216529785
436522,142876.26597104425,9242.317338232082,53605.315300565664,45856.091275743864,114858.00200690285,187371.93872645643,84405.72114346961,120507.7285759509,-16891.443493433915,73614.76416454813,40400.50391735275,-22976.810864666055,7026.804944835658,32395.341588106436,11.805489696069344,27486.354690312866
436523,131468.0479100845,-1595.471926108201,40644.95675507679,32557.067100991553,103449.37465483445,181036.33164190408,71866.17948781273,109180.34842819913,-30262.94413331763,61194.103184790394,28067.303626845194,-36416.32088096419,23153.4714438459,31137.83342504588,15749.983143930298,14593.640242399873
436524,106904.50094896802,-28031.9756689199,16117.556288852213,10159.643827848866,76413.81181746018,153795.64747896022,46192.87709568782,82305.87546699808,-49842.613368319595,37942.580745648425,3956.2434923375863,-60039.88392706072,24263.132422474875,25859.356128383886,17011.08386307873,-2353.860660234668
436525,114672.08800913677,-21113.210823348938,25321.996240496384,19958.971193146797,83788.48249316166,160797.7188397125,54844.57886011085,89640.16029862636,-39440.60401223134,46815.58924510417,12630.359936748615,-50209.7891798977,9129.90764009445,26359.446509002046,2258.5030121020177,7923.058675702243
436526,140588.89904983534,6601.227035132615,51495.298082707246,44095.214594603036,112180.81141224326,187213.81725275097,82070.9829833938,117852.60299810464,-18179.37579654204,71633.32831374338,38280.130996617205,-24884.779533631256,5283.139347595926,31745.210975388498,-1659.5026902871318,26536.39406271237
436527,135950.82413708584,3038.1696797452323,45368.01623414246,37082.14300110537,108224.70232117805,185572.35117294962,76652.16288714582,113923.77943361946,-26077.269936011486,65683.47717033075,32644.02076121381,-31742.687760912922,20686.05402404933,31939.225176707885,13327.319496608066,18412.91338002041
436528,109477.65916972929,-25103.89604458693,18524.276058302326,12197.05643650249,79360.08318117246,156775.30879819838,48814.57521019722,85238.89485515264,-48245.24217420221,40203.62060791433,6358.259254268586,-57828.511175499305,25742.42201477035,26524.3481958863,18432.510738651556,-1110.4336592915706
436529,110863.38900924512,-24977.873218273657,21304.651290283346,16071.84231054658,79780.11116241485,157055.34701500594,50784.340419279215,85653.07934330277,-43141.02498735745,42977.470472888315,8731.464732284425,-54245.385000416034,11675.139823083251,25740.0786604964,4762.011276619276,4518.552340426861
436530,137245.99640458968,2875.943155097174,48268.3187164399,41259.71661284543,108382.54980000242,185536.6308377303,78605.94419250249,114082.7408339342,-20479.58244163925,68580.94175541963,35068.336595288405,-27916.836556962306,4219.17285735981,30917.858287807492,-2666.9139108892446,24649.825048972376
436531,139568.31008399217,6704.311664900006,49262.67447753339,40884.97215413727,112018.20740456606,187209.73949594586,80544.21617640513,117691.21351594402,-22486.05103362546,69385.68752401344,36388.53368877279,-27854.168253303797,17895.67400939838,32522.550222717324,10590.322097735014,21742.71026057618
436532,112985.4362391615,-21225.574707266518,21923.668251737094,15195.529949573538,83291.01258351083,160480.68567240986,52433.60617654814,89149.68511553627,-45738.48507275722,43408.24662903336,9715.399948114307,-54629.14218397435,26629.10592583382,27349.5371747942,19263.533278976865,967.607902115559
436533,108005.92802548876,-27786.480754767006,18213.451066435293,13003.082413777383,76844.95656078603,154124.93781496008,47710.593973838004,82732.30238789786,-46158.24601307041,40010.131898464046,5746.273928983435,-57406.591414167626,14406.993297341822,25343.661443397745,7425.958369754517,1681.5779196696567
436534,133167.6230602555,-1573.2774219380344,44242.91521676063,37629.92098665462,103831.61485095164,181197.05157078378,74349.6777697638,109561.3363498178,-23548.654295058896,64764.1868658961,31089.335150725794,-31756.487975809185,3838.7949329300905,29985.006342716144,-3012.1142845806244,22038.20516267899
436535,142135.8767755787,9219.125761598536,52123.57885781775,43760.98679879114,114640.66683150128,187275.52420782694,83345.27513377601,120291.7150950504,-19673.32468464255,72109.32038082354,39113.65032643833,-24942.09341616347,14914.784394652,32858.24075069418,7677.9628374601125,24414.68455099225
436536,117156.52831241084,-16694.828195665395,26052.07718739097,18924.23480838644,87906.26670471138,164977.47698146736,56774.83852376105,93736.04413564553,-42528.44877870486,47304.386468224664,13767.686142148461,-50692.5659266019,26818.422167982266,28271.282453698437,19413.23865604722,3712.2584356354264
436537,106142.96312702046,-29517.383058359934,16100.325812942177,10815.65474803041,75012.16921550492,152048.90742695535,45671.27724717594,80906.68412385444,-48426.765292050266,37966.07922723199,3719.446113129191,-59639.17178302993,17188.134699961567,25161.309800891548,10142.956651635654,-514.2582476978337
436538,128646.135905694,-6433.03487025707,39710.600049327986,33474.871661040364,98850.07408465252,176170.66241073282,69610.23650865992,104610.59662374695,-27173.049773100876,60461.69692613441,26626.86399138484,-36134.01746082027,4185.93055758372,29015.287362216724,-2639.441902727677,18891.700088134934
436539,143567.6532683606,10507.112739355594,53847.06257157921,45599.43208374779,116006.7169430719,187490.3206780196,84956.16577618307,121646.49358236982,-17751.9412664823,73760.87756111311,40722.35678474419,-23117.281940753506,11975.631442591994,32944.67498236173,4814.715664592372,26321.205320714256
436540,121768.6796225746,-11749.108184155984,30700.356105374034,23197.324561213496,92958.96416887481,170235.05801674753,61611.83656966303,98759.1568929722,-38755.8877950316,51709.90511002352,18322.161538475055,-46200.500408443324,26285.746224888433,29242.491720479942,18868.457877637702,7008.922243308827
436541,105299.9859251608,-30148.805013829056,15007.22907445942,9564.432228049742,74297.57298378387,151207.42709193088,44697.47550869063,80198.03005697741,-49855.101772139315,36897.978041988645,2704.054191163483,-60869.75228532891,19855.054683549104,25187.61205387389,12746.299597642655,-1975.5931213849983
436542,123891.09975834111,-11463.409430424197,34885.249726321585,28992.862353433193,93673.60662897321,170714.4296337801,64607.33773869821,99468.07824229503,-31173.87002487386,55877.767492426115,21897.878670025268,-40830.360311061995,5237.910726107215,28055.561401967916,-1581.966841208763,15361.055065569168
436543,143818.66770263686,10543.543163005812,54368.082440138176,46326.136327503795,116081.09664859244,187538.93364006377,85321.47512119464,121723.94587558514,-16807.727428064532,74274.97310721535,41155.6329600842,-22448.41248890329,9269.452124010804,32784.1928868846,2184.457984251134,27364.33477817072
436544,126645.0324759949,-6573.132889180657,35687.518720567205,27854.642501717004,98256.71367845093,175834.2539376191,66758.48127304719,104025.34809107581,-34582.70760047187,56441.57045558171,23185.3311426832,-41340.863292495174,25030.115628719763,30219.42195871367,17606.066511719167,10710.258212245246
436545,105537.81274302871,-29633.13249556978,15004.781650911345,9329.142352125229,74752.61919385617,151867.3695421912,44856.532847778726,80653.88880153249,-50360.01685695694,36869.85566137174,2753.749186765346,-61033.07855363905,22250.057627300514,25417.303212175255,15062.836864744357,-2624.502061414989
436546,119139.67983692001,-16418.582954780206,30004.904036296866,24400.796600086036,88554.22876304561,165437.52005316113,59589.94530908415,94382.6242868214,-35352.78558016535,51238.18500775354,17130.067873042375,-45622.70448484247,6914.806763109516,27152.920572251245,75.75343675354986,11624.796606875267
436547,142810.99734726985,9258.464335366116,53584.159614851145,45822.60889076036,114786.83127065725,187347.6106273749,84347.57678574783,120444.42185756889,-16956.725346705294,73556.11617914491,40321.293470624965,-23049.011956891794,6995.732651437048,32380.429242338298,-13.595419388034202,27439.19609452185
436548,131467.13464077143,-1508.3583100635578,40687.012574659,32581.360683225004,103446.80886728752,181071.06168577616,71874.82253387448,109184.87492668648,-30275.982370901213,61195.609881485085,28049.16037377755,-36425.42475736033,23128.802903932512,31140.810879975652,15731.572835796993,14590.293665153922
436549,106944.04271794594,-27898.036644712098,16200.543759074826,10218.616021289941,76454.42436291755,153874.45546415471,46244.6455406672,82353.16146120534,-49822.4592173938,37985.208940415905,3976.9734543230957,-60010.32626717133,24231.23849421964,25866.66158417605,16980.637348583332,-2333.9741462320635
436550,114752.90396675684,-20929.221198103187,25445.183578577176,20055.516178308535,83875.25737932976,160930.23232741968,54940.65191416647,89734.37933259681,-39386.79683120226,46900.296442951454,12691.284809584167,-50140.414268581786,9088.128921789901,26373.322506951186,2219.8796057157197,7972.550448833108
436551,140608.936176351,6730.264961389134,51554.1186390652,44132.2515392068,112207.73680692952,187193.3507139553,82103.72523335757,117888.89080284012,-18187.95151371951,71655.8322100779,38277.67519243524,-24879.175452156764,5302.732855854815,31754.467029416228,-1640.5446205302858,26533.41248474516
436552,135858.80505942897,3049.0509796168153,45312.64823176812,37016.12044764603,108127.82107942608,185534.15946208563,76565.3352399006,113840.10765897631,-26177.888473273277,65599.82745900292,32530.097860096856,-31845.988009793753,20726.13663179758,31924.419523366705,13367.36689730207,18330.041467108145
436553,109439.47440643255,-25037.32872168882,18527.35440041773,12189.365232568864,79316.22704131812,156788.13905309394,48785.632102554824,85210.35289495502,-48285.47189317524,40180.56251053579,6301.992057333015,-57872.327709751844,25725.85654632598,26517.569773600822,18418.04521731573,-1140.7566840506327
436554,110959.77918412256,-24761.571726365026,21444.02680330833,16189.028559702412,79883.53072901652,157218.28581351409,50898.43538132994,85774.31043139842,-43065.340633252796,43088.595846244716,8811.514146356063,-54153.26518144891,11626.437894687402,25762.06396380836,4713.782309627968,4591.150642137025
436555,137325.9629137661,3082.885271388329,48386.33565203073,41353.945678133394,108473.67399187238,185692.2829840054,78701.45751660451,114194.43522854401,-20431.81676790469,68675.86625482078,35132.01601912262,-27840.794975026736,4223.51865089034,30942.7987347041,-2668.5977742603063,24703.336216498104
436556,139509.9707711293,6763.116906563859,49237.011893839604,40846.7134033048,111956.86718606327,187192.29801788644,80492.9579458386,117655.15292692796,-22559.123477234552,69347.50270431236,36314.61317272809,-27914.278982855554,17936.002854382034,32520.478089232856,10625.7088173858,21697.61896282356
436557,112915.89961353198,-21182.58135863606,21889.225824827918,15155.963582401948,83210.47319444505,160476.06121367365,52371.69889772404,89097.7397487028,-45808.675412572586,43366.45481396375,9631.769857662395,-54697.26227415763,26623.019012703182,27341.562184761307,19260.110515778353,922.3395349440976
436558,108068.57858030297,-27599.74641433376,18313.286960593796,13091.160996021148,76907.6677990291,154266.4276686787,47788.71395920706,82825.7187173357,-46111.00050314763,40105.04013013984,5797.045276261409,-57340.83812080092,14382.008841734008,25363.90848328665,7405.698391675171,1741.1304585367784
436559,133276.09667143307,-1328.510721065314,44384.29977396961,37754.504786127756,103950.91856154522,181396.0880826369,74475.19712883017,109713.48187587544,-23474.687425129945,64905.28302265839,31187.88673464041,-31647.0031683941,3855.4950732747734,30020.496101784665,-2994.5406805720486,22129.584093607216
436560,142134.2098099328,9348.871856542819,52149.6792638723,43780.19986636404,114642.19888271765,187284.11530147737,83354.63090815448,120329.94486435605,-19698.564151686405,72144.34572847626,39102.08200813108,-24942.718861239413,14966.437482687896,32872.66315923839,7729.470993978484,24423.929941820483
436561,117093.24149574406,-16635.40804953877,26016.8784489745,18889.96791902597,87835.1569015641,164996.2969416864,56719.37518612821,93704.5663963184,-42590.742115912995,47290.5244580832,13699.82961969565,-50748.5764839067,26844.708766306416,28273.764526804793,19445.729365530748,3682.1810492669174
436562,106129.49987119935,-29402.481158249113,16113.759974642864,10829.509260347308,74992.58674522233,152127.2993898255,45667.929152489625,80929.19079958728,-48440.591154784546,38010.23134403682,3704.018327773714,-59648.197520766786,17187.716964162988,25178.026891171434,10144.91196084029,-505.8075660732368
436563,128687.42731105618,-6254.115923633032,39776.36977787774,33539.377878783824,98893.65268346724,176318.59495154652,69663.91727685247,104698.2541270581,-27154.300136737955,60559.40657540335,26662.715993373964,-36101.017292003744,4188.263620372021,29048.60761566297,-2634.4865160632735,18940.024654368844
436564,143608.63056057954,10684.717979977995,53908.068221568894,45661.2686901318,116050.00990048566,187510.0208832586,85007.85909179505,121735.6115744992,-17750.05602598358,73856.64628908357,40751.375526249685,-23095.707411483334,11997.247891401616,32981.28958476533,4838.579434361261,26365.390316301677
436565,121768.12350957812,-11619.258854125219,30713.46788140145,23219.599707725523,92953.18915064081,170334.47395365423,61618.42224171812,98799.11835419547,-38790.87014385742,51772.52720165328,18307.704156971195,-46231.41519288257,26322.96747691481,29273.048560448715,18905.651521189753,7014.842869208595
436566,105283.83196359385,-30037.143507304987,15000.816002170723,9573.540573358787,74269.95367337704,151292.88380998955,44686.51302775221,80217.31975883128,-49897.90512276723,36956.52723679695,2675.6023470990294,-60923.595060654305,19878.903367846302,25211.52960206414,12770.051551699855,-1983.374053724868
436567,123914.56488597221,-11308.849396336735,34916.60266881619,29040.183101114966,93689.01805149706,170845.89508716587,64635.583614745796,99529.32653385948,-31191.487666652618,55978.08925254859,21906.170802445045,-40852.11925616838,5254.016845065356,28086.789052843054,-1564.458470449858,15383.77127711641
436568,143856.3643668805,10711.618531064396,54409.663551342,46382.59677074682,116113.25761940863,187542.35510899525,85361.09223492173,121800.59189262734,-16826.139871168652,74389.05159895723,41175.19511252275,-22458.873466512712,9318.652427663936,32819.75376758702,2234.9191876918226,27395.965515486223
436569,126670.45694714255,-6420.714071004124,35715.4179818813,27900.738278531055,98274.91978653846,175966.3972781402,66784.0357156907,104087.57356539505,-34612.43075575508,56548.804430228294,23192.654693358618,-41360.91100611337,25073.805670223086,30249.260144347034,17657.3352973446,10724.154426509413
436570,105562.56338249937,-29482.629288257725,15031.16367794938,9379.276102548065,74768.99809689232,151993.6602883499,44882.6586550466,80713.70853086306,-50386.11056406256,36985.04734766888,2761.7842304037954,-61050.31952213714,22273.496780740177,25444.01186376161,15095.485157856856,-2618.0921130539705
436571,119163.04027914471,-16271.080950445168,30026.976572314223,24448.32908231756,88570.74222756171,165566.2638510857,59615.788887839946,94439.27175995825,-35387.39428531643,51354.99740519806,17132.80397992017,-45642.602980704476,6932.000098807432,27176.719468423842,100.17286043017475,11629.552713906967
436572,142833.99993066775,9403.44405526897,53602.919324779345,45865.31668983685,114806.10635932644,187332.45882897315,84372.39300509471,120501.38102687369,-17004.186912427143,73672.1128315397,40319.38272496805,-23072.123842426423,7027.679155788813,32405.035418360643,21.424597091083342,27445.44698002908
436573,131507.61843333783,-1346.3754108859857,40720.33822109972,32638.91869185089,103487.89309781545,181217.68304814052,71916.82466918563,109262.72024872954,-30316.403905948468,61329.59415279886,28059.366404598397,-36435.14612946601,23159.93775141648,31167.507752088743,15765.477493685892,14599.090344787664
436574,106968.19161587235,-27753.448430754608,16213.24413682158,10259.192884470953,76480.11791630316,154000.10704397428,46269.399917634975,82413.64173479442,-49877.54767874429,38109.366937500556,3968.480883414216,-60037.95104493578,24272.772638396127,25892.947478477727,17028.097326556115,-2348.940666453264
436575,114725.78245523927,-20842.616868140423,25406.689026375825,20053.597541500047,83845.732986742,160999.48313385644,54911.40040689438,89737.41375486614,-39483.02465286324,46982.15278227724,12631.78714853619,-50213.76656727652,9122.167630486574,26390.079450996585,2257.04415084464,7927.6761957593935
436576,140593.74976488826,6821.36163311293,51527.20349897664,44146.395233272604,112187.83440509779,187182.38837988357,82084.90212579918,117897.80610280858,-18273.773206991325,71752.17562728688,38228.15030237427,-24934.99525505358,5299.647532501982,31767.756008049888,-1643.3122519667154,26516.081409168102
436577,135915.55559295946,3214.197727897475,45354.20545821311,37093.05909034603,108188.7898408093,185688.96109997644,76620.24101138898,113923.6201214479,-26215.081769797584,65763.24085612557,32545.964813280203,-31834.64025142567,20717.48701628679,31952.910129289256,13356.83848898064,18360.294170658937
436578,109488.84116462384,-24874.42733663157,18556.068598652964,12250.90838745337,79377.84622442548,156934.6088349038,48832.9906342809,85289.01843682985,-48341.388810071716,40339.581492426514,6306.670123164692,-57874.67737097481,25763.48450236334,26546.27463220613,18455.041084024655,-1136.500102580838
436579,110952.53741723197,-24658.193542371806,21413.397738069663,16199.353314497923,79887.18950287194,157301.30644362577,50887.953691092494,85791.79431642263,-43173.38977167169,43198.26471153697,8758.451618139628,-54212.52791823534,11669.559942280412,25776.306412078997,4759.4592072954865,4551.864197424646
436580,137312.57323265122,3174.0349332850046,48352.00399111908,41369.457281471,108468.97611270043,185767.16077446257,78685.6298815214,114199.81095395089,-20543.851945103663,68784.21909449276,35072.272991754144,-27900.444994392095,4221.36230764774,30952.418865385804,-2660.32172383903,24678.45654805684
436581,139544.1376036047,6902.355071495489,49251.85209770664,40914.60525342838,112005.66738342187,187182.11686292826,80525.77966483873,117708.96377922478,-22638.03869808509,69501.95765972824,36299.49893299945,-27925.54868918391,17917.933060757663,32540.370655341656,10617.116535099198,21711.85500759486
436582,112932.365578445,-21059.003022594065,21881.97427443149,15196.7571822065,83246.07547872464,160585.95327059168,52383.82440827243,89134.34024582339,-45913.75051977466,43505.84189506486,9597.565909828854,-54730.742806724076,26651.49355389217,27361.03301795575,19292.431738943007,910.5581698102683
436583,108035.34265724862,-27529.069397406813,18253.88780676535,13079.081060817414,76889.82287869955,154316.05590487944,47747.35168768644,82807.15460666516,-46261.81786596528,40200.503913786764,5712.785795210196,-57427.927032091204,14414.322496736193,25371.227362770944,7446.083171492094,1685.1431440601318
436584,133250.38043299832,-1257.2418101977341,44333.294175884206,37753.82184106372,103935.95731014454,181444.10253193523,74440.16585280413,109694.27536911347,-23618.807635158926,65010.834352283964,31107.713545250957,-31726.030191835613,3857.354633894102,30026.06909799863,-2984.641175508418,22091.294452808463
436585,142144.97305522536,9456.037648536672,52139.534615831624,43816.65535982381,114665.88298966807,187290.75994896825,83359.26175144009,120346.61442210288,-19814.320316494075,72288.66894047966,39058.30474170429,-24982.71109580887,14955.889929209578,32887.238575824704,7726.084786687614,24426.62841880413
436586,117085.09095065272,-16546.090511503455,25987.242673601184,18906.01375059535,87841.99548129059,165062.8408076082,56705.43489289802,93702.3170553585,-42724.94304568296,47423.592590037035,13640.70998600866,-50804.55543898187,26854.677252672467,28286.347201486038,19465.905008122514,3670.292404221253
436587,106102.17302299601,-29333.583830251202,16066.036154954689,10826.865554222357,74981.07371054683,152169.72589149378,45635.02056135954,80905.42908635276,-48587.1609524639,38132.88412583556,3629.38359875688,-59715.41478767438,17196.887742554718,25180.443551603505,10166.72098976076,-533.9175537146133
436588,128687.8679339284,-6159.028174736378,39756.796270911174,33560.360774004825,98911.67491118902,176381.11256784946,69659.74984018003,104699.54081008853,-27277.11722996869,60710.88862525467,26616.888999738698,-36134.322161500284,4206.435182477504,29051.803400736717,-2614.1537240372186,18933.78676239898
436589,143571.3630131447,10735.136498797212,53851.841086178996,45645.778636698735,116027.11825525905,187523.05502509128,84963.8488102123,121693.77990658036,-17903.891963548453,73972.68608074952,40669.52581118406,-23162.742066521274,12034.524462454194,32977.650291971055,4880.07313604192,26338.833405398167
436590,121695.46437890214,-11610.995921228236,30629.98373568478,23177.782820092263,92893.82582180155,170303.9080661672,61540.33183876784,98717.95052712568,-38958.67059654313,51865.56308730743,18198.66155913002,-46316.28477521064,26321.33387982472,29257.864488972577,18909.49759963715,6982.306222972119
436591,105254.66659830225,-29985.97674177537,14966.117600196336,9574.700247460636,74258.6151998967,151308.40477584017,44656.32691600948,80181.41736283488,-50017.76392587178,37103.20187897127,2615.8780649443825,-60953.09640673443,19848.298176495206,25206.539799422408,12745.0651816193,-1975.2820424209283
436592,123917.40018147232,-11225.904552557782,34913.716406048894,29062.364542188578,93711.72052190715,170894.41335993583,64639.097587390555,99527.68616459642,-31291.365752148187,56157.320586948736,21880.89905089394,-40852.4228193488,5243.07972233328,28093.139160313003,-1566.5689993051133,15421.758925791897
436593,143833.83673282177,10765.637764910236,54383.30066629158,46376.6977404612,116108.36764140922,187545.05407402612,85336.7321252347,121770.74652209316,-16960.574623265435,74541.15312194705,41122.336829536514,-22500.963801163987,9330.608678447588,32822.861226603076,2257.262444233119,27424.871215270923
436594,126603.8114971442,-6415.888458598769,35652.30925512497,27859.456302720217,98223.00355246944,175928.53640533987,66714.56711053275,104008.9108328647,-34777.22248816352,56670.4277939265,23102.123301384094,-41458.37767859147,25079.70990217263,30243.28390032515,17669.64107093541,10752.366271359278
436595,105526.86368009083,-29449.50927438779,15008.788177729964,9372.799737266747,74750.01351079851,151985.44055619917,44847.74988307546,80667.81952886327,-50511.49367398591,37156.19247721972,2714.1608142832697,-61126.85533680368,22243.598640064436,25450.13047038212,15073.662935930572,-2525.5532799339644
436596,119162.81302785664,-16203.17983103479,30043.175200177062,24473.95007755865,88587.99956832534,165596.54376589548,59616.084352931626,94431.68771313285,-35490.98585460897,51567.49673447563,17127.25898922084,-45703.608132867914,6915.975611036591,27198.65892010539,90.86418956304124,11763.101815298587
436597,142802.96057497544,9436.483456067155,53586.901787815645,45857.52117122046,114788.95235725118,187323.62650428264,84338.76264255075,120461.36560290593,-17166.20016084721,73849.06003531942,40284.694433922385,-23167.196271022127,7048.544122051926,32420.432081071576,46.51301694828669,27556.211973018613
436598,131429.52010931674,-1366.8572401827437,40660.89220019031,32589.012964511196,103420.49618283656,181161.64833827835,71835.15148628742,109172.50713030282,-30535.274346327813,61469.08008225764,27990.28412746176,-36557.52602332425,23172.69573743962,31173.719188816176,15781.880205228066,14722.509935449843
436599,106940.32257384843,-27724.14335419431,16210.758226450955,10265.081973493949,76468.39787199101,153995.2622273091,46243.42379255719,82379.53457210536,-50051.11013183973,38316.08951825077,3969.5067903676663,-60105.83694239651,24248.671029606077,25920.82589696607,17008.062621399105,-2107.99849440495
436600,114754.3341864078,-20755.198951666043,25459.664135914278,20110.194120851007,83895.26272815178,161055.7088399831,54945.51565310468,89766.12281443179,-39620.66647690658,47248.63810093213,12699.588882659877,-50241.25345368501,9100.834877039044,26438.181548292647,2238.535610989312,8246.962340854374
436601,140587.98257481097,6872.160282689847,51540.41314367506,44164.03022734923,112200.27988019076,187174.5013531016,82081.7788003381,117893.29954802517,-18465.279196454056,71974.86768101325,38259.549855197416,-25005.193889511058,5320.533588692171,31809.39542090909,-1612.9780883968792,26798.96214701036
436602,135827.8444502777,3175.3755313844877,45283.284591202086,37033.594480632884,108111.51329496627,185623.42608339456,76532.18765216945,113833.50957526686,-26495.2376227,65907.96280476134,32499.78370976475,-31959.36537379431,20738.135717811085,31971.191931432637,13393.497273648956,18600.40599183031
436603,109429.38912675808,-24889.67479382704,18512.88342528863,12224.830897442946,79328.2477625991,156896.03848877875,48776.72789453439,85229.57727817644,-48658.74619610554,40527.39884000256,6302.031549258731,-57877.21082730286,25732.373076975273,26573.076986885368,18430.50975166339,-798.8883492181233
436604,110962.21379656455,-24603.26022609062,21433.429847637883,16237.19410107582,79909.98191544884,157334.45344945343,50903.38323122768,85806.33733533886,-43503.982251988746,43461.84374124366,8832.476472876257,-54056.211302604315,11632.401852871433,25825.988334199435,4722.528323412118,4970.3269148965155
436605,137316.80984115085,3220.8511336640386,48357.79420494571,41391.985430424545,108483.1145798118,185793.10289258283,78690.95313113794,114207.98693949057,-20940.730922026174,69029.22682034856,35132.562666715225,-27694.760261520518,4219.809805727319,30996.72858502368,-2663.3704395093496,25027.275100078037
436606,139472.18969994228,6867.564974343449,49180.465380907495,40859.680986735984,111936.66637788375,187175.22245914547,80451.64122544194,117636.63254876187,-23126.452510001633,69666.12127074093,36276.71463744036,-27752.750687063755,17925.160287759187,32559.384067304072,10627.810167486907,21999.837355348427
436607,112870.44130329744,-21083.517682964295,21824.488382394098,15159.197709521963,83189.18519159924,160545.19133257354,52323.71455243474,89074.63775069757,-46385.88058876172,43700.89292460894,9599.16359279685,-54508.30566043421,26620.554193329503,27383.55265049926,19270.224261981974,1319.930995656755
436608,108040.366830298,-27480.477850938267,18261.499314612724,13108.7008659215,76908.45132963445,154349.5721830986,47759.48802478864,82820.59097366697,-46678.549531616605,40479.23639189907,5794.75726524059,-57110.76495512467,14386.631449042572,25413.709067694526,7424.9526013367185,2211.993689984731
436609,133262.92153483286,-1196.9760200023386,44342.798628252305,37789.16328114788,103966.50029013849,181486.62434726814,74461.07439530984,109718.13739005939,-24052.36452288431,65289.31124930389,31193.43268954557,-31385.315504464987,3865.70449982171,30068.24161993493,-2974.391780053404,22571.033424740017
436610,142093.53166604508,9449.19740928886,52077.408058667475,43792.36768421462,114629.59100567509,187292.0629118128,83311.41904788332,120300.25214600118,-20310.340433203415,72496.07065704894,39075.47286108233,-24694.29140953346,14977.540410266836,32910.46210419774,7751.272525556917,24847.620090827375
436611,117018.55719051643,-16569.070055766362,25907.799481354137,18877.547885418087,87792.60627664352,165022.0322108543,56645.07465972819,93637.58495894901,-43217.562400955634,47637.656144236986,13664.330995699493,-50506.4546522303,26830.586681422006,28304.44421309895,19448.31627152523,4250.101644708046
436612,106099.01310765909,-29289.71910813311,16043.392556802575,10861.807975412581,75001.30516437424,152202.43584091525,45641.9273621072,80908.59728189326,-49029.202458612206,38418.78690844657,3732.08774733446,-59336.85626152415,17173.260359677162,25212.856227586366,10144.10283340259,244.09306181564943
436613,128695.50057449886,-6101.224278051156,39735.16478174869,33600.90591227392,98945.08745248789,176432.26662984106,69675.86619652365,104715.79282331234,-27732.94804769194,60996.08234891714,26731.5662990378,-35730.62532568711,4217.154914982211,29084.5128236003,-2592.5832558489083,19700.478701423912
436614,143563.15574126504,10779.429039549846,53809.33602192601,45672.324236204644,116046.44791580216,187529.48411798384,84963.15195141369,121692.36253543234,-18389.288378977184,74224.2915627438,40759.59626556512,-22761.951321309385,12035.47974570906,32993.654341109104,4887.823428947407,27058.367381134038
436615,121734.78484259394,-11509.843153419943,30627.097926733073,23247.161978295186,92965.83351821653,170393.76010480992,61587.3434292177,98765.04983137953,-39399.25885923808,52162.76712094675,18341.797957455237,-45847.36367353501,26288.73330986296,29276.185665572324,18880.756873914295,7863.751532161681
436616,105299.71039930248,-29863.81743267626,14960.128486707561,9644.895453271212,74343.08906775013,151415.418597817,44710.26325721119,80239.87846546623,-50449.607676443506,37423.32669742401,2792.599191472659,-60441.38553443802,19836.762812965902,25223.62385807437,12734.250587408456,-939.1576735583827
436617,123914.30539792472,-11142.68312348989,34852.26425961525,29091.132630856173,93751.09051143446,170965.9058459357,64646.8884781671,99540.9550079141,-31782.079482731413,56431.08363072564,22017.372084399005,-40366.340236739205,5268.222285348693,28099.086325463166,-1540.0313620316133,16396.29212059322
436618,143773.20914476947,10790.24678594957,54259.17208666894,46359.748422679244,116088.7404808969,187548.18379140712,85287.59608621671,121724.13015537501,-17517.442589237555,74744.44957564896,41188.50003849968,-22065.270094999036,9357.631130157351,32815.510329411096,2290.9778441483745,28271.50609419923
436619,126569.91887271614,-6367.92472512028,35548.24477791563,27871.182137464762,98230.53969086602,175969.15825596906,66695.21914698258,103988.6815310953,-35299.400593675644,56902.30994803403,23202.27909650968,-40973.508335003586,25073.251278739517,30244.855050291597,17670.09717986754,11708.397654966408
436620,105488.33168659947,-29409.32489962101,14885.623331230376,9378.206130581912,74749.26367372551,152019.7663588064,44822.01607615251,80638.69484815831,-51029.79394305833,37398.79266832264,2834.730797736378,-60613.23025746865,22259.200195126974,25450.55895074143,15091.717518605452,-1422.6286930332715
436621,119061.29478187193,-16231.976027498404,29848.09501234664,24426.59816405878,88516.90418089197,165566.19264916965,59525.37837809912,94332.18803576265,-36083.091692625065,51758.26919759373,17196.236681918966,-45228.6950542315,6956.224792585038,27180.407249323434,134.57219186803258,12816.519491256773
436622,142694.8068072588,9394.688838814809,53385.67902013192,45811.00262166382,114708.17225029797,187320.64999352716,84241.07688346226,120349.3858653582,-17789.119204455896,74026.63077138923,40332.02112059904,-22718.627197739133,7070.081438089321,32401.614664795143,76.2331424432632,28496.723348485197
436623,131345.44941772104,-1388.392478678279,40478.905988517705,32564.755643846565,103363.20972297736,181153.2272919158,71762.57890336648,109082.16354806782,-31139.341163083085,61668.833350588146,28056.13339137547,-36118.61406463886,23184.775358935498,31162.972871133232,15796.455136875455,15701.693525842104
436624,106856.60441696673,-27748.97107871554,16015.664362541049,10237.622359083345,76407.37237811805,153984.47359218082,46170.38949850142,82286.22489152694,-50633.265652124544,38541.627479491,4062.255364854285,-59661.817540269825,24253.99581464532,25903.034904709028,17013.377637974372,-987.5956115918068
436625,114682.23620166686,-20768.864708587687,25265.731556272473,20095.16821848864,83844.82788282212,161057.9161230676,54885.94666213112,89684.29032401151,-40192.375796835244,47499.95316310501,12821.61552803167,-49771.82317146238,9113.810419712281,26416.789197432172,2255.490851611032,9383.100361414772
436626,140476.62881522079,6814.776246484608,51304.85762387616,44113.026928681706,112108.27096939104,187170.33434706624,81982.4255314683,117770.40290396067,-19105.04191964969,72173.5056206355,38331.829201955465,-24588.98406983327,5372.243710634113,31783.689320350255,-1563.1910073556933,27767.439519749638
436627,135625.1983082784,3012.0018942935385,44954.75848005877,36900.29568398721,107916.70730561926,185489.47478047118,76336.39582569915,113607.19961436029,-27205.154820797354,66001.66442653253,32478.806275155373,-31662.106685513445,20813.68388746823,31936.493910873854,13465.47888577876,19497.077365350287
436628,109265.76058710659,-25022.18317999954,18222.045645467457,12136.907921100863,79166.52009685089,156801.0556406073,48622.53129077285,85036.9375095599,-49224.38760658259,40670.847739552606,6352.4644100945225,-57602.44119744001,25746.298961233435,26542.465622880773,18452.303865005782,281.384078962194
436629,110901.5457757297,-24628.147193233122,21243.287541491343,16247.168750778947,79858.52020361487,157355.3339113664,50858.988565223655,85726.02853948655,-43909.9069450054,43711.189077321666,9012.549109303538,-53749.63805416046,11636.399194411144,25811.58265616484,4730.431595208187,6175.570220015103
436630,137218.04589902604,3159.7485433420275,48130.1687373998,41363.50337545929,108396.44779633588,185779.2345989773,78609.99198735281,114093.61949669397,-21390.252213743464,69225.51484381036,35271.20657220247,-27506.134139996528,4284.715262662288,30980.345347454502,-2594.947232953636,26094.765734920737
436631,139246.2937424911,6665.571212084632,48825.234378141104,40714.65206514604,111709.58526547614,187171.88374317024,80238.7218048086,117381.87432691934,-23687.787780149672,69726.22798695855,36283.69132522136,-27755.72687830508,18026.24855942258,32524.422307150387,10726.77547633935,22920.16745238013
436632,112641.6556549204,-21298.201706585503,21468.134890323126,15023.631282816572,82950.11100866157,160386.89632146317,52111.30219610706,88807.89759203955,-46904.4434810292,43770.059585516305,9631.710851408989,-54527.61109082438,26663.243539437128,27348.17194476972,19302.798019091042,2352.4455340620043
436633,107934.90918823211,-27568.310317668504,18027.70777181613,13093.593920816178,76796.52762980005,154325.4921477942,47677.51049098312,82685.02658982908,-47069.89411135817,40669.90829617935,5973.016332111878,-57012.709225909784,14372.289679229763,25397.27426449328,7403.3531210281935,3393.0032981871864
436634,133185.190923022,-1252.2364544146965,44137.547197263906,37794.309663450076,103887.83699646364,181496.6184333173,74407.98594004672,109620.52526071572,-24458.79046772412,65486.93428048725,31388.733668615252,-31295.299924843916,3899.079532420245,30062.613597229778,-2935.288285382628,23652.26370368303
436635,141861.5186789509,9222.293395703378,51721.76296687775,43648.50012870882,114378.85888800607,187292.79075780202,83092.36992301201,120034.94363543001,-20878.816240733933,72522.89366646227,39097.39471624576,-24792.77531503906,15065.358889192987,32879.408138894534,7845.560483480243,25696.733089461653
436636,116750.27872787841,-16848.165015178376,25526.603035206193,18710.587477998826,87488.65189239738,164805.45530023635,56388.041109580045,93324.8031309108,-43788.23956408407,47630.95214210141,13658.084856958965,-50643.678984395374,26862.492037767057,28265.768582610395,19482.81950732159,5095.071699861512
436637,105967.66433053081,-29427.887884845495,15807.745843932007,10827.154475145859,74838.08703977338,152132.44254227518,45528.26224333129,80739.496850579,-49464.60834334645,38551.15511516443,3880.1374967463526,-59340.39984370098,17152.845744304253,25203.765428258735,10123.871312163761,1202.8098303614524
436638,128609.32972377364,-6188.093158262643,39548.274769644275,33602.31691610812,98833.98746038991,176416.0408886458,69609.16907152401,104601.40538818535,-28163.720331935045,61161.02661848102,26915.440922639827,-35720.73629197382,4249.049118252342,29091.86119859216,-2572.617003053856,20568.99007226706
436639,143363.5884650546,10569.151060271051,53513.838424688656,45563.534710706874,115813.21919798174,187533.289887857,84776.14670902304,121459.44935596517,-18951.388976993672,74261.80485632378,40810.2924751947,-22903.786297618877,12127.736608434678,32987.23029175239,4973.9852441078365,27705.670684609642
436640,121438.90678150582,-11836.01461903919,30249.535581512242,23059.247772512404,92620.70277224423,170133.4676005873,61301.465644434255,98424.96719539598,-40033.91964690921,52109.9785826061,18303.41588803059,-46099.9876634202,26347.75898049114,29257.619939293356,18947.044213530302,8440.467730526998
436641,105073.00156631885,-30136.355143356428,14665.597434627874,9530.824392943412,74060.60735746322,151217.6050812407,44495.80005980354,79964.29744870415,-51013.2842080539,37432.27588881114,2830.0396061000747,-60641.236223376894,19833.30334070428,25221.92612776256,12732.160290444595,-283.3493231778276
436642,123756.20670443898,-11355.564297829242,34636.109815605014,29035.507935218484,93536.64130472326,170834.4128375437,64499.526679448885,99335.04217112552,-32296.93107087187,56488.67520494119,22114.654004940418,-40519.16766442676,5272.588363644926,28108.70415955215,-1540.126229290599,17017.130898832944
436643,143613.74703276186,10567.800055304313,54050.72251306942,46292.42948422574,115869.60645825787,187549.34299496788,85136.13909071621,121514.78680819258,-18053.472838402842,74776.7154343895,41261.392274007114,-22240.4885595081,9389.109008664807,32823.44515567247,2320.0797764738304,28756.828256170567
436644,126376.70084953975,-6632.558835915828,35317.73526302319,27767.383760139724,97970.76305419637,175779.08416504884,66507.25274577414,103736.8998446915,-35869.17150162328,56885.19052558061,23229.930238424247,-41195.58929594808,25111.211567969942,30247.35564156425,17705.584397875733,12129.939939733289
436645,105346.00306458288,-29624.648251351136,14723.796863124515,9320.838451151445,74538.70469327628,151881.79242291662,44686.46889960932,80436.304041695,-51539.14785514504,37422.00151483116,2916.2528562469747,-60787.816029085094,22251.13059606616,25462.492582742085,15080.967213281358,-937.3726813452122
436646,118995.57333719934,-16367.24496705536,29777.04148300822,24430.43237356432,88387.15280430295,165509.4561544449,59468.01226887842,94211.4323390417,-36515.06875465637,51834.69205948192,17344.796342331014,-45334.65872751669,6937.215599758382,27206.066315193835,111.05510845320998,13296.217991306312
436647,142587.3678235618,9214.259961263626,53285.19825054982,45765.86314818413,114533.34142590992,187316.05677058222,84136.9589581466,120183.81449354779,-18254.710596058667,74036.42800674835,40415.295803038694,-22874.795446563705,7102.839643355225,32417.17720242262,106.74450796344615,28824.47646777209
436648,131191.68407785156,-1622.9934236998065,40366.257260232815,32475.290308072,103133.38382793074,180990.431530872,71606.02009738861,108860.06857351502,-31640.185425129264,61613.9749671498,28076.288357301983,-36318.66692204168,23212.541453874586,31165.477490294776,15829.723674217732,15945.452381626921
436649,106753.844609316,-27935.07412617483,16002.287643864114,10192.968494373641,76224.21783524298,153865.9753981195,46064.23734491536,82107.65000935755,-51098.46632188125,38510.551574848796,4121.193464720675,-59809.06009054469,24240.5965015404,25913.01428205274,17006.326767578892,-703.5382953397054
436650,114606.57285424822,-20930.91177116535,25312.66633737182,20065.908996615373,83684.67034472986,160958.93538349832,54804.95715559158,89526.8230640633,-40651.037192300406,47468.1790044479,12889.658588380047,-49898.33145924036,9092.320312670665,26426.427379538738,2242.4843030584098,9638.162442948966
436651,140404.8990160573,6651.4166371894835,51373.361037178984,44080.226875352935,111947.03984253667,187164.63433899498,81901.8319347167,117610.95928583664,-19560.523429277615,72124.02142119972,38371.95871778669,-24730.246462564795,5350.856919895093,31786.189013781845,-1570.5566014594033,27930.856062652718
436652,135603.89497732703,2903.6264187398765,45095.12092451008,36909.37047431037,107810.50802347736,185435.36019315105,76308.30044011676,113498.22167724621,-27619.44031693636,65995.20228242452,32546.31739822683,-31772.4850346776,20780.632213809928,31946.494210290413,13439.97800691209,19639.467922220665
436653,109241.64288716909,-25128.85905888531,18385.119834223813,12131.413118819137,79057.84212123284,156739.76218371146,48587.98902344602,84919.4095839425,-49670.89847899613,40645.96273166624,6400.25750735358,-57740.85330104787,25739.25140468916,26555.66422385285,18444.153063413163,406.76846266614484
436654,110831.27718167998,-24787.124249580844,21381.53459864073,16191.16787903041,79694.1030718417,157228.4949095883,50772.19634235005,85548.91317083097,-44396.30372287423,43625.45809502996,8996.581773502594,-53949.65119510103,11626.312351117074,25808.24721320693,4736.886376034743,6238.475312337243
436655,137165.43076272914,3012.062679099299,48292.20321791089,41322.19446255262,108243.47765061862,185653.75801733043,78538.93579266031,113925.63289069278,-21822.854202118833,69144.58891659521,35247.87861493572,-27692.57776972829,4254.610730354377,30970.315024490843,-2609.2385282131168,26115.080949700394
436656,139263.40758898086,6592.5542594803155,49059.43218033383,40734.81987911231,111632.22946078316,187165.6751559266,80237.8959022989,117283.83059131078,-24041.07958223168,69699.83007858373,36304.703377564,-27876.0262500444,17979.78610255893,32526.951709832872,10692.24459199832,22946.813560313236
436657,112671.2880703224,-21347.64765843622,21721.98074945984,15045.002730883909,82891.19212207303,160345.54093885043,52120.630786706955,88722.12869862452,-47267.92577644915,43739.02577648865,9648.68657791066,-54644.422410346815,26639.352383449503,27354.265071095244,19297.9914135098,2366.4806389783134
436658,107890.90315967437,-27690.133195005452,18218.928936225275,13040.601123268852,76661.04553791482,154206.28004657163,47611.719277458906,82519.56986442773,-47504.19185997726,40558.94016938579,5911.110551256423,-57202.3227237941,14370.149969164744,25385.756675474488,7422.615757600685,3334.5972681240455
436659,133124.99133461624,-1394.6127282453506,44316.9122112129,37731.45259471644,103731.38814366197,181352.46162951592,74327.7863033064,109433.24370385704,-24871.042379751634,65358.4557322584,31303.08443577632,-31491.835564210727,3870.208778213105,30040.32229682962,-2958.698816052682,23556.20517174403
436660,141906.1921620426,9198.183510963494,52004.99738354974,43690.050733820455,114338.32452617069,187292.41016299062,83125.45845821325,119961.72376322132,-21177.3459520145,72492.21729175615,39102.07775621031,-24881.6037215727,15012.282686715409,32876.68973282023,7793.806497170173,25653.006798126684
436661,116823.99521443123,-16821.936365685833,25840.322391964924,18771.08108321959,87489.3641362917,164809.91997632687,56452.521233466774,93287.60797698527,-44077.10740071466,47615.73190260233,13679.763480483045,-50709.86564714622,26853.56903557841,28274.42288130702,19476.06065099315,5054.062116421117
436662,105941.54946644585,-29492.770653366482,16031.22691778458,10791.004656983952,74738.5279097619,152032.21691403992,45493.584312924606,80599.18610897163,-49834.87081123523,38433.907143234304,3800.6559587830616,-59500.23953336408,17163.781681331395,25188.6447927496,10144.71153541011,1073.604595216777
436663,128558.11950916916,-6274.249460530393,39752.29198563191,33553.47022852012,98711.0718940653,176283.3460516404,69552.83664147044,104434.64077424908,-28520.886496805164,61017.195371373804,26800.37894210389,-35896.40627041223,4213.511508355379,29060.31767641021,-2598.8272163654683,20401.99264463912
436664,143381.28531496428,10570.526145308035,53774.22393949807,45587.64569340852,115783.7527762993,187538.47098404242,84792.78389504261,121367.86127136121,-19218.657129473384,74186.07077579567,40749.86498265463,-23004.136134449825,12068.567695845535,32967.74692805434,4920.356238410526,27569.15446574988
436665,121465.47445529277,-11793.6338616411,30500.933315400882,23093.419339758257,92640.71321280379,170087.19858841965,61329.198711096076,98344.31871757744,-40295.18038187633,52039.35484189117,18236.703291438193,-46192.949910690084,26324.19545551514,29245.10078113067,18932.048138753096,8282.177627193714
436666,105049.8409749051,-30113.702967415848,14859.073170870151,9525.2132828395,74074.02854674656,151128.44446160592,44479.86329898688,79835.77192518677,-51308.98611593703,37318.87672699395,2710.453912102994,-60780.203303160204,19821.459262271434,25199.922446148685,12736.806602452561,-501.3378793783596
436667,123730.76824990044,-11307.627222674993,34818.96159524639,29039.640547028506,93586.28570815687,170752.06160642178,64487.87152531838,99210.649897016,-32573.9243786974,56376.5829976028,21984.44114704233,-40661.38199559628,5257.877242007162,28084.616589638437,-1548.5479122500485,16779.014247723393
436668,143587.85844434664,10645.318639812887,54218.238862551334,46307.33424651961,115949.10140454883,187552.95379302304,85125.25966973443,121394.52081256249,-18314.503384927677,74665.24313890318,41119.58643962283,-22385.402615942156,9378.989951957841,32799.06974458153,2304.1837223976167,28507.281083290116
436669,126335.52654198979,-6536.513262068969,35462.97897087595,27777.972249627826,98063.94668334277,175695.31639531162,66483.52846601565,103602.72834927574,-36140.91054912635,56761.51611372038,23066.34043771083,-41357.73110415688,25095.696634467753,30220.5623332561,17691.182084642005,11862.81272077639
436670,105291.222242231,-29505.640514088973,14858.126168164754,9331.241819721272,74655.18077296336,151794.7348106106,44660.87837492845,80295.12771472262,-51820.11844494418,37291.686759656804,2743.833217038053,-60959.993104422356,22230.34102861655,25434.348478143136,15067.312336517998,-1223.120941940277
436671,118943.30533918514,-16215.9786544016,29906.957856314584,24455.672832695403,88541.0344568326,165435.152540236,59455.41552418217,94083.35470726674,-36777.471227089234,51712.45420018269,17177.23028070771,-45499.509173693536,6915.921116923125,27176.061668632323,99.57203864122528,12997.779108588018
436672,142537.2013619264,9394.039832319344,53378.57160960422,45803.79354483727,114713.62240666439,187314.01229205675,84130.10087010475,120064.6816797448,-18498.01113340025,73913.76454492631,40240.629409514586,-23043.549254415288,7082.751601898178,32385.815351408473,88.4666866708917,28507.39609565994
436673,131118.86908469495,-1434.9189578042124,40372.681234282965,32504.850979785027,103313.56430958994,180914.75411744756,71580.82269631486,108720.4259762312,-31882.297146927736,61471.674948971486,27876.739656874513,-36517.74464174528,23208.38381483347,31139.20797524677,15824.760975238809,15593.408956722502
436674,106657.04173746848,-27732.644908366616,15930.596411727049,10221.93863095796,76414.72585588993,153780.05064196355,46029.63594077622,81956.27398001794,-51330.50242826264,38357.68202050483,3911.242871410192,-60033.05234267647,24238.35972041765,25890.840104496085,17005.35456962613,-1104.9459091856372
436675,114493.36210982145,-20709.666436085266,25189.760165858792,20101.08114340594,83893.25130543462,160871.9927514826,54768.315183732186,89375.86533895644,-40851.701399840844,47314.87566771897,12677.74584868437,-50144.90092326988,9083.617742491972,26405.890591704625,2234.232157742833,9196.525647108656
436676,140275.52035504382,6884.698649970005,51205.15224433104,44115.38860890469,112162.1486275977,187160.20656612172,81855.04991652525,117455.04299694675,-19742.32039880142,71965.40675818463,38149.39491667834,-24996.817986171518,5341.165109897884,31761.104463415544,-1585.9793719852473,27470.79597979969
436677,135455.23646320228,3149.7139524189847,44877.935187594194,36940.829590455476,108025.44473698191,185342.13637369638,76246.32709222566,113332.68328746897,-27795.297627212356,65823.83745328413,32303.82991013461,-32059.431599079762,20782.25410336544,31918.624339110705,13433.642452505632,19159.86455560768
436678,109073.52717828588,-24849.07798773884,18127.98061647485,12166.647579619626,79288.46307559189,156651.1704692446,48524.72230389406,84755.7108081138,-49830.070651356335,40473.434859180576,6143.216300882813,-58046.85662280959,25729.17464352969,26529.599352423873,18436.71731558435,-109.9717953469642
436679,110652.43411379904,-24460.810378831586,21101.54367350472,16241.12409728178,79952.2988871918,157154.80519295728,50718.83690326457,85400.15776548478,-44535.908441855616,43462.80517919567,8733.228975103717,-54263.86543754159,11607.535347794794,25789.142935406064,4709.145545861107,5699.66337006918
436680,136980.22117094602,3375.089861381606,47994.6060125505,41383.424859064915,108519.63656702853,185593.7209157155,78488.31329670936,113787.79508636477,-21960.960223007867,68984.25122873105,34971.70997829649,-28009.51866722871,4238.200197219252,30953.442509112923,-2638.4862095048707,25579.203494432677
436681,139054.11213533953,6969.225919430134,48724.84343910346,40785.12739199881,111900.2686727146,187162.05937573436,80166.75588437123,117133.17235472395,-24195.00166309638,69520.7794793019,35996.49883698285,-28212.75111345053,17975.179129456454,32506.71286043156,10690.971956825171,22388.522590500823
436682,112436.93246278056,-20953.45833618595,21360.362514481974,15093.75431914546,83161.30274735828,160274.19587352284,52039.55152833514,88564.81097125993,-47413.61300963073,43546.44496049051,9318.311033971211,-55021.94888834309,26637.24483143715,27338.04473405688,19295.81926854218,1747.4426295078015
436683,107646.11753795657,-27265.371274344398,17852.822055849687,13104.232146725393,76954.25995362757,154149.39844236756,47540.33269206614,82374.79186548018,-47594.40760468332,40374.67231706801,5583.282350701078,-57638.055594456215,14364.412978483942,25376.057279539968,7405.224930773858,2672.484391927854
436684,132882.4948948791,-938.6472852849173,43951.97630983639,37811.0859333137,104047.82862081863,181312.90543503436,74264.93706350714,109307.31872320599,-24903.147240759077,65185.920938613075,30979.364866729768,-31983.048592207808,3856.7157793947154,30030.954662450782,-2976.1023786315995,22896.632001567086
436685,141657.574760732,9670.875583876186,51624.74414031892,43766.86101910631,114659.51316218346,187290.45064810343,83053.90566319386,119836.9041671992,-21167.35569222608,72312.79507045768,38763.92075458362,-25449.452639555442,15005.693221372852,32865.42564321587,7786.602883906873,24978.509475763
436686,116532.27077833969,-16361.099842903033,25414.42906625844,18822.971059361425,87790.88614219421,164754.64488253614,56350.05892475688,93134.92521603947,-44056.17814491169,47403.75292882615,13308.187751810121,-51375.20641894387,26854.899335785238,28257.10404819021,19474.209636114694,4279.776920171327
436687,105618.95243301602,-29027.65969704608,15577.972314873832,10841.247243776019,75045.64782410895,151979.2416969933,45383.011839490355,80440.8063442907,-49794.2629105622,38212.536989705084,3421.1923744564615,-60232.243770184476,17151.9380837855,25172.917495344027,10133.789026878105,215.03233527419775
436688,128231.37387889175,-5793.2794882099115,39295.01244444138,33616.56459146595,99032.66261800646,176246.6682214445,69450.08202148447,104288.35624233044,-28462.430719322052,60805.08225230282,26428.975803085097,-36647.74984502599,4194.640703513727,29049.17293208681,-2606.0809052939967,19535.151302885257
436689,143053.35917523497,11056.222283720424,53319.80232127615,45652.51392722553,116093.25229154789,187539.17013609293,84688.96441861629,121226.4153500692,-19163.2538155491,73971.08924817003,40376.24349880326,-23761.502731925895,12065.502986144924,32958.279504798615,4921.807007993679,26697.528405265148
436690,121117.37278154361,-11321.84227247027,30044.359090252256,23146.340359557464,92913.44088577828,170049.5602397329,61213.52130500964,98196.37978626456,-40241.25142519715,51808.15791963613,17857.524800273317,-46976.70872626517,26331.229275418176,29233.975501650566,18921.80570277447,7337.959278936381
436691,104693.93340478095,-29640.743462984377,14419.304968279586,9586.229940041076,74328.93738430282,151104.71135525982,44371.242976410496,79701.01477690742,-51240.9140228466,37085.856656927645,2342.822623771563,-61587.58787966777,19815.81373186408,25191.183680234255,12711.92706251709,-1512.2984459086026
436692,123399.22186482117,-10811.178898070231,34422.666422511065,29125.788120723613,93851.25139409836,170767.46114867667,64408.88906305751,99115.40588745405,-32479.325043248708,56170.18287349891,21651.912867966803,-41444.702493337114,5226.327743321651,28079.729095000806,-1584.4194445001372,15797.789531472445
436693,143243.82928429855,11110.83463612956,53820.35874120222,46367.59516854853,116170.97293407973,187554.89189245936,85022.25730022436,121285.98353862841,-18241.381054605215,74438.97095567637,40769.71137819215,-23171.81945449268,9379.934154624543,32792.733947818095,2309.861878103597,27559.26444923713
436694,125926.28851429938,-6154.320575480012,35015.75084958716,27777.187295821226,98190.20388806585,175615.8712090088,66309.9321421872,103427.62592731245,-36113.70912624691,56467.32657750634,22652.677258462114,-42199.09182501197,25096.426083346152,30197.61930194652,17697.499064650376,10852.907717463084
436695,104936.55259512934,-29071.501154557416,14489.680408343664,9395.795231143762,74829.6940631507,151780.51815658418,44554.642242562804,80192.14000799565,-51724.70501514147,37051.33298418445,2392.3221304135254,-61750.92977279064,22172.86628049894,25416.853778625922,15008.45798028671,-2244.056236816503
436696,118674.24106120004,-15691.163551174093,29642.761462252634,24599.820787955457,88799.60641546443,165525.75969527295,59441.17968353214,94087.25488740491,-36613.749744584835,51548.68207517334,16910.402524959645,-46216.94960083834,6864.872705573388,27176.98336354748,35.253177134957355,12040.240225998
436697,142235.58734385937,9878.595931515036,53102.564849319955,45898.336549356245,114916.32989599925,187316.03761056846,84069.09871063531,120038.0091587979,-18379.554887207985,73709.19312533893,39935.00554920752,-23787.87902288517,7100.851699884943,32383.522371000923,94.2642482174382,27582.940975120968
436698,130741.46207054809,-1040.5194457702742,40057.81013849594,32520.408790654314,103409.63848550463,180877.83100903215,71432.92341598088,108613.95798167755,-31825.99000337091,61186.725602169514,27488.57678074728,-37322.56686828232,23219.536131884557,31108.534175463585,15835.655701022,14634.593868327573
436699,106331.02540085431,-27287.8278674327,15709.809839186875,10291.361081187693,76553.96337962209,153796.01651938396,45940.40086079188,81912.49140492603,-51216.44956649613,38122.125058296406,3575.450407075405,-60773.4999014315,24187.3224579931,25859.667248696,16955.974198530268,-2050.185751804329
436700,114263.1534025693,-20167.411846794068,25089.786061118237,20252.029535568767,84125.69463709935,160995.47389595245,54776.55576513158,89444.03291819121,-40667.55945535167,47164.5980551744,12431.717952541254,-50774.11918346404,9032.644798195959,26389.710299418464,2178.5950514147708,8329.345349282503
436701,140045.72603021533,7416.328921571949,51111.349351199984,44244.771221849915,112376.22795627135,187161.35058299688,81848.5749063332,117523.53697913479,-19591.413040286254,71799.4939700893,37888.30508728693,-25614.009108834016,5353.885535748309,31749.274632654942,-1584.8196399783628,26654.711724328517
436702,135133.86209029544,3564.117770635768,44699.07813214039,36969.09991132628,108113.05269986796,185352.93287694047,76129.72798768658,113293.30332685975,-27736.970404288808,65557.80410054106,31942.594544062893,-32751.64322740989,20804.327403917545,31882.546130645154,13449.607041091243,18306.20659718506
436703,108781.49339311343,-24432.17152273388,18000.151704365526,12226.045834268758,79386.72361284832,156678.41188739522,48437.143953943225,84741.111754364,-49739.88660142524,40232.921689553565,5819.03693261487,-58687.8195475565,25689.79137264689,26488.95618284589,18393.182531411236,-965.6103970005456
436704,110463.16802740916,-23966.720617681665,21090.635672443776,16388.46784132281,80146.56868345852,157283.7030880953,50733.82490858911,85493.46825273155,-44365.32078475346,43312.770289238186,8517.437371217025,-54796.92143123867,11543.475295976323,25761.304827660362,4644.34490330178,4908.374956442597
436705,136821.26775163086,3869.830509065947,48011.41919959195,41532.5979115222,108727.25891825154,185746.73805095055,78517.01522581413,113909.15301293388,-21790.737814977976,68849.4223760425,34784.46556582287,-28517.11446142343,4232.6091553323095,30937.27979462514,-2642.6606869004727,24852.48089721833
436706,138789.2591918593,7314.077939837298,48627.34030254785,40811.203875487525,111961.76626193007,187164.8735161103,80063.37968091745,117126.34966608029,-24135.18017148465,69268.11180175003,35698.68732255736,-28827.15917351329,18029.1503062826,32471.125749189123,10737.180932614616,21622.23821480996
436707,112165.70868263333,-20660.021351526266,21257.090190674215,15107.059942771612,83181.15680986081,160261.2129171013,51916.702506559166,88529.76783360989,-47363.36235889283,43275.893627678044,9012.4001512777,-55616.193801993926,26605.486067834245,27282.0170993277,19262.56765511301,976.1596258159669
436708,107577.62718213612,-26795.666208642033,17947.259727925673,13289.79386128831,77164.9462678227,154328.9561428992,47614.26203097936,82541.40001563654,-47417.18190401195,40271.51101216177,5465.380379163879,-57985.24372304438,14246.38165743719,25347.413317122304,7289.093487883632,2045.5297055463716
436709,132907.39356872655,-392.76960011485335,44122.886054309216,38045.3655063964,104340.99663285707,181580.96636629154,74417.36906533167,109568.88475217436,-24741.195789196587,65133.42946276351,30931.26580028716,-32201.399023227954,3822.4308743805123,30027.4373887078,-3017.3290457745948,22355.25469758243
436710,141467.7485961636,9960.546641742236,51563.81004341712,43765.61678242211,114692.26358236608,187289.96750804642,82960.98136035478,119855.01882377415,-21269.67013554688,72022.84131431418,38484.15310675978,-25822.197274986826,15083.737117454813,32818.50376538944,7855.783310072333,24322.024825695848
436711,116289.35755355313,-16172.738372157994,25303.536818260996,18768.97399846087,87725.61605340926,164684.54042943093,56188.18546257798,93068.10239227151,-44223.40410897529,47052.18603608867,12967.059403985844,-51733.229038381054,26829.471004843574,28182.97131138119,19444.179126779203,3635.150815216579
436712,105607.04142412163,-28638.01082944453,15697.254820635459,10988.020118641938,75192.45938506018,152127.09395939764,45445.09714443907,80595.9537282667,-49784.6759410676,38066.903431626226,3293.919963833842,-60324.45837957304,17037.4594092089,25136.49800657559,10012.579296564265,-235.3229410701765
436713,128358.06329401788,-5285.698720102044,39541.615859707046,33853.61918129338,99306.85534289647,176524.7892776368,69635.09088044919,104580.2904160718,-28385.06250562784,60762.45344247936,26418.527302185994,-36605.54673127805,4142.713518104896,29042.751326741105,-2674.7047854910074,19210.47567043965
436714,143042.65992908872,11380.662597425977,53414.61198734482,45723.42883939027,116193.9673707661,187536.0375884027,84709.37310405982,121357.8326464057,-19238.07992082585,73773.58991307905,40224.15541254199,-23863.938749962017,12115.391931587345,32928.33351035905,4962.677825618997,26321.38267617713
436715,121002.42627013617,-11161.846671611347,30031.80347763171,23109.314636582967,92865.43192255104,170016.75137003243,61110.688577703535,98191.27302938551,-40408.02859531653,51499.40619296933,17602.8122231989,-47175.05103979834,26334.749274626374,29171.597312988823,18928.321971774283,6945.598216750306
436716,104741.15469105306,-29358.200246396296,14566.447490852042,9690.675792480954,74425.07545406563,151220.37911793758,44428.46165152246,79848.13374770837,-51266.009501544904,36927.82464233428,2254.3965412761036,-61613.51523487809,19728.305914567376,25153.12423445642,12629.254166004172,-1744.7416892377798
436717,123581.99476278746,-10419.698120763884,34685.768434050646,29329.024892558304,94075.38120002796,171016.9238053475,64595.345069995,99396.72565644672,-32415.641780200094,56124.92335231283,21693.744944916154,-41351.29162199143,5175.135625418672,28075.34855264583,-1635.591792217386,15672.496835297981
436718,143338.45276545233,11381.09978251352,53968.1068919148,46463.4430783785,116283.38834522595,187554.01220605365,85104.45957502568,121463.85866675095,-18275.973538588525,74296.11687752564,40725.338190774935,-23182.967966390766,9410.773773285846,32776.98140989225,2331.243989211806,27380.455721044797
436719,125933.64661721923,-6014.690119236848,35053.1123668925,27781.388748254132,98182.18468781793,175632.91870028892,66289.02332812588,103491.67993332204,-36225.26744671611,56234.80398108077,22521.63841776558,-42300.28704676648,25113.91355949214,30160.299071224228,17703.168809735784,10631.955357373534
436720,105005.85113440172,-28905.35452473686,14565.891843098254,9448.14656082337,74862.55405471093,151840.61741204193,44585.97815499837,80302.66168323472,-51780.57224622424,36876.05019563438,2323.5352520436327,-61787.52926209547,22138.301146867652,25389.193145701465,14970.088180378163,-2406.4563602154467
436721,118833.17795210793,-15465.010021691527,29782.974472493675,24714.71359041498,88909.74002825303,165668.34736118582,59553.55019833585,94281.21744484037,-36604.30401522986,51450.65991634147,16927.524882872764,-46176.633281697505,6830.788301776844,27170.00419481194,13.429377362170612,11943.485091002785
436722,142399.46994498232,10078.647999562678,53226.73823892884,46000.54490016805,115018.0523589708,187319.22966039937,84177.41451639426,120228.92547630268,-18385.002216165198,73603.48250938789,39953.21990173025,-23761.319042904797,7099.881265118427,32378.205828818554,101.07886086624364,27489.94178296296
436723,130863.82132500067,-923.728595134312,40121.28618006129,32569.820972143047,103444.88246131007,180945.24340599222,71484.93512699436,108742.96050926564,-31880.91280477125,61029.51609530797,27459.029303123345,-37352.56452963374,23199.918610267174,31086.808090877224,15813.702136176791,14509.520547346452
436724,106459.30152508875,-27215.374860827025,15752.29846813576,10326.15033634778,76562.18444495054,153833.47694911354,45976.09751029381,82018.4070203774,-51281.80586330943,37956.235863111426,3536.526595872258,-60821.88549712509,24152.808666662062,25833.324379768186,16917.807499120485,-2181.670746169965
436725,114420.7915413311,-20109.2315230049,25135.326543245483,20289.946568177857,84135.68888050668,161036.14709339294,54822.44003049442,89553.78258550624,-40724.52229237184,47008.62238798902,12406.219085601208,-50821.74502330845,9009.64877568388,26368.43652238048,2154.2197265021496,8215.860471566726
436726,140234.43086260528,7474.469247730716,51175.65937085218,44295.628346032216,112401.90593700812,187163.4574609904,81917.80208172866,117651.217006767,-19628.146159642944,71666.26659034734,37891.538945518165,-25639.80093933548,5322.454488638756,31736.03300515683,-1606.8332701424824,26571.97399764028
436727,135373.61045052076,3645.821959786806,44804.64895097891,37052.33006553054,108177.08826401239,185453.70678443892,76243.08655928267,113462.47569179704,-27746.79791717221,65461.50890846455,31985.623341330058,-32743.051169716484,20777.354439058632,31880.364012067723,13433.474766440746,18251.319245767154
436728,109014.47514181829,-24396.170713991723,18076.38866024837,12276.191270038602,79416.68255179873,156742.63507978682,48523.407183525735,84880.88547674597,-49772.50249053557,40118.06713496457,5841.633179561642,-58707.69973076103,25684.234226338194,26483.480160244046,18392.036478493726,-1042.6060165052081
436729,110691.21688626148,-23973.682506675992,21143.054081855615,16414.078247096186,80144.91156153688,157313.4887944715,50798.29459037833,85606.2365471946,-44411.11983164534,43181.88335324782,8524.06519629784,-54839.37925954978,11530.161956268736,25752.018963485345,4634.696167059859,4818.486656024136
436730,137070.12413953373,3861.432068271505,48082.839781142015,41572.39768520811,108736.81420694558,185789.42166087008,78602.81562398322,114036.3305612477,-21820.203665291225,68734.58969921095,34812.48658190074,-28543.460657851094,4199.268719787675,30928.09507500483,-2674.466515282446,24780.04879029782
436731,139098.5656572697,7352.971715778009,48763.44058235608,40904.3359049953,112032.2347273989,187166.83941971022,80215.1038147893,117317.20889775472,-24117.749696000672,69212.14132352482,35792.588924574535,-28795.16178857287,17971.797671398064,32469.72094882946,10676.680908948443,21593.410639929825
436732,112494.0053616124,-20624.205167640906,21404.39715007131,15199.909566415168,83260.36300988353,160379.14866615244,52078.15455840211,88734.21554683355,-47352.40607941484,43231.54535325,9119.924836079965,-55589.15775906859,26592.46969144206,27288.03140147299,19243.331259609567,941.0704649353222
436733,107804.7485508941,-26894.237630081112,17985.809007208227,13275.604481784667,77121.20837008039,154317.30547853844,47660.477669543274,82626.37141947649,-47501.479071076436,40134.00760744009,5471.602244438533,-58078.80363666294,14278.552978344138,25335.771656741363,7321.269667535558,1928.9428126948555
436734,133097.40179345425,-554.0135729357806,44133.84480192791,38005.90826370291,104249.75036809251,181516.9803555305,74429.52220050694,109607.80262305423,-24834.301671130896,64979.7924130512,30915.296281023664,-32320.77283018505,3798.0584768821013,30003.848568900095,-3036.8272762608635,22241.925434817873
436735,141811.66959124833,9951.281157890831,51744.06413638465,43881.47161535557,114771.7672362529,187284.44518834102,83144.70322322779,120065.22838990396,-21219.813989293114,72035.49363819054,38639.79418911603,-25777.73387839617,14993.52146907833,32825.960718399576,7763.067681192864,24339.212554823513
436736,116702.56831801063,-16119.096532227712,25540.8002414093,18927.00701976523,87878.31298551177,164871.87700166495,56433.847191348985,93355.58729763058,-44145.521717871685,47123.35487612153,13184.909401118664,-51649.405622053135,26822.089577875187,28215.083244011686,19435.59106196272,3667.01961017091
436737,105902.6876050406,-28723.186008191748,15803.591990250608,11017.03544421712,75209.42329816212,152175.72444847366,45556.722696241595,80753.76266258418,-49821.37818176094,38021.38357846271,3389.649124443037,-60377.601749902526,17090.50245470734,25145.966800905768,10067.631659448125,-308.957365165425
436738,128590.65474164358,-5447.368404885856,39592.238665774814,33832.405976912996,99251.80839288443,176494.71725269977,69685.16475869509,104668.26170503303,-28452.770170655225,60666.9674364971,26459.28354845709,-36709.34836364291,4152.067313073798,29037.046520976848,-2660.1224894185852,19114.56673079273
436739,143357.336188967,11314.841805606915,53559.853866271704,45795.93657249249,116235.11301144975,187529.0903045874,84857.0051083513,121539.32299218749,-19211.363915359205,73773.65901426805,40350.913659169266,-23864.10852677365,12065.600983497783,32937.25741431225,4917.26820968148,26312.387729675953
436740,121395.57652179775,-11130.329624807397,30245.201866407046,23245.374411970155,92996.71034623926,170172.18081928906,61336.690220504504,98461.29841079115,-40326.46188642215,51574.57262871062,17792.389720811276,-47105.40606351999,26326.07844277582,29202.190483518963,18922.17991465708,6980.519125153236
436741,105046.68186186021,-29411.788435781335,14670.753316176477,9726.442543760802,74457.70782934944,151278.97449211738,44549.091871875324,80019.53924151273,-51277.56669973278,36910.03000380409,2331.012791208599,-61650.2321118603,19785.550319746813,25166.87184890288,12690.945961386766,-1795.9677712531504
436742,123814.43106956771,-10542.35359753621,34718.21460479991,29306.469414077907,94029.29800487072,170990.4961738655,64641.48063047856,99487.518234182,-32471.87986142704,56045.09987220374,21691.819673748694,-41449.4429260107,5205.593126414652,28069.30276649358,-1605.760700816981,15588.93407959888
436743,143651.95581185614,11358.874222494847,54097.17609554058,46539.81884742774,116337.31258658902,187556.44638314948,85250.82424720906,121650.22031199132,-18239.902772884816,74307.69807930126,40807.37462144872,-23177.4692119742,9365.792953664344,32782.51316614673,2289.2054917585324,27386.49553484722
436744,126335.31225182334,-5923.690315137055,35270.11667511687,27940.543784228157,98344.54260190486,175807.12407008052,66532.83183312695,103784.51257233776,-36119.791434364735,56337.37404508627,22689.231148593706,-42206.54288445241,25079.072568781492,30188.319653525155,17673.437852485964,10694.902307739883
436745,105344.31444437675,-28867.43321828507,14704.814735411765,9532.78757195861,74959.92638634073,151953.41087503493,44756.44085663371,80529.75428899578,-51751.90695184811,36910.20427227105,2409.658520260816,-61776.60180207652,22177.070129977226,25409.65808332852,15014.791625789534,-2420.9925933018158
436746,119086.62685308271,-15505.568617932884,29836.840475566034,24725.55094494424,88921.00722586227,165695.57060478712,59637.65732440367,94417.19096834135,-36643.41372253314,51406.87998186364,16923.77850153881,-46241.142534334766,6870.19558701572,27170.20622408825,46.56965773263585,11873.100212415362
436747,142663.71709783975,10065.769193540573,53308.79902472561,46042.52451162931,115055.06068465387,187330.4606339045,84287.75668183007,120384.58594751237,-18383.897329157677,73590.19730045687,39972.75403277691,-23779.963363010374,7084.558127653501,32379.00122653208,88.72646674007683,27460.96445535292
436748,131174.92023752327,-866.78158122381,40261.35715950443,32669.709161825624,103547.87456732443,181054.66469318882,71656.29362652436,108959.61037933073,-31825.02247500766,61077.755591698384,27535.804684691026,-37300.73376704088,23186.13292696643,31105.03269197954,15807.594874363216,14529.298598416435
436749,106751.01192463517,-27157.424597958227,15875.455948710682,10410.33893230273,76657.90095451126,153933.43227001623,46133.179479258906,82225.72363219748,-51240.1520335214,37993.30166790147,3596.4873622614696,-60777.100613741095,24165.541994005216,25853.796908614975,16936.578113427327,-2179.1257057150633
436750,114684.47115439492,-20057.400050014665,25239.42828605947,20357.70049069808,84221.23367209501,161125.5943529561,54960.833535232116,89745.54438567818,-40697.31612992741,47032.028993338536,12445.117741359953,-50788.19835594745,9021.456131365667,26385.584774233335,2175.799129275575,8203.804645433087
436751,140470.94135491236,7524.402379678099,51267.63558390065,44354.887773970506,112482.16042242604,187169.22510525258,82043.83894985588,117830.45643765744,-19608.76315033602,71679.51841733759,37917.89537066026,-25611.98259280222,5344.929658017314,31748.027364878497,-1578.3418190374564,26563.31764302867
436752,135590.93398134696,3697.725193523375,44889.0269203222,37113.062976081426,108254.08699232928,185529.5791353564,76362.09061752321,113633.12355098398,-27723.875258716314,65473.52191650542,32009.768005060516,-32714.06199543467,20786.094170387627,31889.198799967067,13442.381800224668,18251.97024325913
436753,109227.60726828134,-24330.372414105186,18162.25111888843,12347.673204976201,79501.59070292141,156818.84976754646,48646.48373238138,85055.62110243131,-49741.44261926542,40136.028651325774,5864.9298007225725,-58681.80892921106,25675.970677002137,26496.834848706156,18383.483744661906,-1038.8248382829322
436754,110888.75442137632,-23903.288800786846,21217.20363480167,16481.14968642094,80229.00621428173,157383.7639644483,50912.71455149559,85772.55060662476,-44383.389232933114,43198.05820908397,8536.049490892045,-54834.83814943895,11528.946451909917,25774.921017288598,4633.610151114567,4822.041358619734
436755,137237.24086447165,3922.5580419149683,48133.33349244639,41619.80579005627,108807.46382950414,185852.673864307,78694.37318638683,114178.53720890675,-21808.90818658236,68734.0789990651,34802.26785857448,-28572.601280267212,4219.4768500960845,30955.711127972187,-2650.8410741898138,24778.123089499102
436756,139241.07167848526,7409.1126570882625,48795.24700481296,40938.472053185586,112093.64395372944,187173.184673168,80289.75533516065,117440.55623018171,-24113.69401993925,69200.17136551901,35767.006708409564,-28842.231805263444,18003.853856541406,32498.11414690283,10713.903381759543,21582.28925025592
436757,112650.4474899756,-20533.215079307658,21449.611879332893,15257.65018037895,83348.65441089682,160446.17744989588,52173.59663487092,88877.01931855881,-47323.823947725265,43244.240430036116,9110.167806159452,-55630.1550876197,26601.541266464064,27329.882176505864,19260.656817468596,930.740662459147
436758,107963.73161452806,-26779.684308094267,18032.483109389217,13345.079303354882,77223.15190735526,154389.84186452473,47763.16202299906,82775.73515359296,-47461.42573953596,40159.45691363225,5464.467435526783,-58130.185067101775,14279.439700702449,25388.703148168093,7323.997814372428,1914.8504757920014
436759,133213.54610567572,-462.57826647166826,44141.536606992435,38043.73357858019,104318.61005708955,181553.6157471756,74494.01444305835,109714.09808497658,-24822.598492186335,64972.294797791685,30869.86097345883,-32409.651922885725,3813.6081621638646,30050.110542633465,-3021.754219441863,22203.606945705847
436760,141892.29618225648,10023.169802938955,51718.68424861416,43895.74338275722,114813.05882204926,187275.65826108237,83178.02953446546,120133.76912216147,-21228.20094385039,72001.11618937971,38563.92104185497,-25885.14872464645,15015.810571140746,32862.135613172926,7792.774515185181,24265.832938575662
436761,116772.76522982138,-16042.9106755801,25504.348543183383,18940.429259957044,87917.5152802043,164880.3607097089,56462.401332906236,93414.84110925501,-44155.40291267469,47085.792466369654,13098.057953828278,-51764.79715880417,26844.58125459616,28252.006186235725,19462.809606272465,3534.5033259007732
436762,105990.53431022921,-28615.117009175447,15783.931558621625,11057.670213825866,75275.712205141,152205.41676402232,45608.684073850854,80831.56636334948,-49813.29843012103,38004.223463797236,3315.459397193094,-60487.823870781736,17099.222914094546,25194.859418036318,10077.292266498607,-470.7888592053577
436763,128672.3757036467,-5331.275118677727,39567.52368166433,33879.39565086398,99321.41603511552,176519.9444175766,69737.68110891283,104740.9970840103,-28442.15060372171,60652.0671260567,26382.20346905255,-36820.53045629326,4151.6908542646415,29085.23501297124,-2659.0120895622713,18956.186479430027
436764,143399.91792476532,11403.181598231495,53498.741605417556,45813.84196661065,116269.46650006899,187516.62111231632,84872.99702645175,121572.33347238929,-19228.061186359773,73725.13968913656,40238.970237714035,-23995.8191519665,12065.957636851605,32970.41971389127,4918.279624238042,26135.834707981616
436765,121417.88762828508,-11052.950318052124,30162.989830945586,23247.88090997875,93012.82000796776,170147.69578644173,61335.13149518821,98474.37054062993,-40357.90648141793,51505.84162972613,17657.77650809957,-47251.19358663785,26320.35092233854,29228.546044337214,18920.245196317348,6750.072815837927
436766,105097.45130912572,-29293.78119874945,14616.734406001075,9759.592368161846,74511.56233364856,151294.7713808621,44582.98919801964,80066.67121836139,-51285.14005014293,36870.19343235986,2222.164482371115,-61762.95703539328,19780.31664440004,25200.59481373995,12694.481498495876,-2048.0557283410226
436767,123873.88977766134,-10402.133191414376,34676.16022427803,29354.062097996222,94102.6089577214,171024.87532083452,64690.79184878105,99550.92285442555,-32466.832631274272,56018.546649931886,21595.41638706954,-41534.7075273658,5197.337322567879,28099.982454623667,-1603.0458636160913,15349.929027583432
436768,143679.90469202353,11476.176368365992,54027.454273561525,46563.61510295878,116382.75140591862,187558.42546136494,85269.77563892714,121683.49489260366,-18248.040871292393,74258.28729847446,40687.824451623295,-23266.549875494085,9351.02168300086,32798.50041799127,2282.7403513563813,27154.6363917725
436769,126327.77716014508,-5839.817822071473,35164.704787940755,27934.803986192208,98352.91608711719,175776.39471437092,66516.16777493457,103778.92626903254,-36148.50554152674,56255.60019311476,22535.884143477837,-42313.70505208541,25064.94986662059,30193.564269962528,17665.905020759652,10419.450872817311
436770,105331.98860105308,-28783.79001109022,14593.901664091954,9525.524716479025,74965.19320812584,151918.26467280794,44736.63981135416,80518.14141721958,-51779.90705086375,36825.3837878816,2250.1041767953757,-61881.5265752202,22169.87173486626,25413.980757975987,15003.925447678663,-2740.970664865686
436771,119098.74664018324,-15386.517914999406,29754.106807670592,24744.405817109906,88958.4031066058,165697.32357385376,59646.964546269526,94434.5900488069,-36645.13221303868,51349.51974417266,16790.860424916533,-46313.534920038976,6876.008148106929,27183.04414483144,47.81407226298404,11570.829034008064
436772,142674.67672426993,10192.692094165732,53228.805098746074,46063.976411960684,115095.44952547568,187345.77323990758,84297.79197948516,120403.71595015781,-18378.90340229485,73536.64879772229,39843.79580574505,-23837.277553987646,7095.936590402628,32390.059885545867,96.79458561603485,27184.48074465445
436773,131159.42185117857,-766.5029579097536,40155.168438653345,32671.432947395027,103559.01708817399,181027.33851928485,71639.54211255537,108948.07805732582,-31832.402413090003,61000.02653895731,27381.25989531535,-37373.40856498957,23190.862473832436,31107.604828831565,15806.202186525952,14220.58998942544
436774,106718.4407243357,-27074.851160432285,15748.546133457696,10402.300211398013,76650.26921758094,153886.24102718197,46100.56990787724,82192.35655018438,-51254.341258491506,37901.123735133195,3422.614201690544,-60867.646981559024,24151.973444111274,25851.729311984192,16922.48547409946,-2555.867754325382
436775,114660.02862868475,-19960.85009956894,25119.530606617805,20360.4607025393,84225.57728429706,161097.81714395253,54940.05914455566,89723.81491722655,-40704.97453073347,46949.390342377235,12279.786015008955,-50873.127895676094,9015.211554177076,26390.63239700311,2169.24373628435,7816.652864149022
436776,140458.211365459,7640.351434489192,51161.143685769144,44369.51045166806,112503.59280698362,187176.65919703635,82037.354517694,117828.05273577225,-19602.82402708982,71612.48872163918,37771.442865915495,-25677.15805252373,5359.295160355544,31759.66084722721,-1571.827962510804,26219.73772397257
436777,135558.62486050316,3792.5973610044393,44762.079499842606,37110.93643284171,108255.18403186259,185506.67759899102,76336.82940004487,113610.76222179888,-27725.820923034917,65388.93479848838,31849.414001305846,-32787.44297817075,20805.901451895974,31897.529937162064,13462.48800476488,17902.278309142137
436778,109187.1534730328,-24250.622094437043,18023.039374442997,12344.31953672162,79489.36963026051,156778.55132950062,48613.43951847621,85018.76402446651,-49738.77076459439,40039.889048704776,5698.952192536512,-58748.478647610704,25674.99311383749,26500.226678196672,18385.78989165364,-1427.1206142818978
436779,110852.9507461548,-23819.14302847428,21079.185355927,16485.966543106435,80220.7548590074,157351.38409509245,50885.39630208942,85739.48778759917,-44370.44195829166,43095.426801111644,8375.237198400097,-54876.49901152941,11520.180806219378,25771.23590357754,4621.924158264097,4428.307441808891
436780,137193.92632934282,4004.6129601620287,47984.52042103902,41617.39761085516,108795.84470611381,185826.66091617662,78661.71874455949,114144.52450983446,-21795.715815584008,68621.31604776654,34643.13541031795,-28590.153525315094,4226.319738154822,30947.07459287255,-2647.6586384175534,24416.369545381865
436781,139195.83537302914,7490.090720507248,48638.80184322187,40931.55535203889,112080.16683971303,187181.30905997317,80254.3708836686,117408.14077574044,-24098.63693431269,69079.53250392328,35611.15303657482,-28840.410018621606,18035.10199084956,32487.63467346778,10739.259824391933,21240.788373252857
436782,112607.67292718042,-20455.1586956408,21290.689628546395,15255.214700557803,83334.47525133676,160424.2337052202,52141.75995188852,88842.80634749599,-47299.155876437755,43120.32250587778,8958.530529034675,-55603.07561145192,26622.737234494823,27310.832473762675,19272.324474163674,570.5797486280352
436783,107918.77362541067,-26706.44448586185,17873.45730089304,13347.542561120032,77206.22742327821,154364.1881609946,47734.65459114648,82737.12792291182,-47427.28010197341,40034.57382553861,5316.044060732248,-58077.04726875674,14281.96325080963,25362.01761451378,7322.592423599806,1551.5108927378778
436784,133135.43071367953,-426.6908167080983,43956.50943804611,38020.84367422253,104266.70838874525,181496.6383291483,74433.95810772438,109643.2747039331,-24804.94447796804,64820.678622472595,30699.485650207636,-32367.15184050601,3820.292884061731,30021.686067959086,-3015.4460390592676,21862.217092892955
436785,141804.5108160532,10044.667217047489,51526.75451289918,43861.34256895188,114749.56587143644,187261.50394197396,83106.30115748232,120054.06531745353,-21211.516888136048,71843.10926234421,38393.4493503899,-25842.709284674238,15033.378523980473,32838.29320175934,7811.61920742061,23968.77797710296
436786,116733.86815356652,-15977.854917793567,25357.25371990668,18944.898884818813,87901.97194521267,164876.0263081747,56437.45458096474,93379.49564040062,-44101.78670267952,46967.36876361052,12975.109718257785,-51670.192464209176,26852.400272738745,28233.43239565244,19479.264341411217,3285.7729895171155
436787,106000.03742887733,-28504.288574464397,15681.145057969712,11102.03476957045,75310.4265926539,152253.23144044558,45631.21726944001,80842.62277015267,-49718.69437436488,37930.04481519093,3241.8053415390805,-60330.73261128794,17083.112910349777,25174.83646454171,10074.088169772967,-676.4547725966527
436788,128677.51272959226,-5227.39419609637,39461.55588998366,33917.16811550225,99349.69628531269,176560.23204256344,69752.30802394121,104746.73758983052,-28343.53422489203,60576.618574259126,26311.459924078757,-36652.55032310586,4130.591900072517,29059.500402120364,-2673.1090610511565,18785.83914520505
436789,143384.02418224042,11481.520964224574,53371.957939909465,45830.48513723115,116273.01244718698,187497.55487051443,84864.0115627311,121557.61743183358,-19134.486604878,73631.299014451,40156.628875842114,-23844.537887247334,12056.873150393742,32942.76192660912,4911.353667236368,25993.19553695588
436790,121421.00901629319,-10958.341590099617,30049.990435844535,23276.46273650079,93035.98382293107,170194.82372601214,61343.18053945912,98477.91168881668,-40249.73346489256,51425.79904698921,17595.46825077145,-47083.81286446069,26329.87854312121,29204.523742213696,18926.701339978616,6622.519039645745
436791,105152.5527451189,-29144.648566891257,14548.260223565345,9829.680503063279,74590.97181836021,151407.21376885823,44642.110769373,80124.06707158312,-51141.160671560894,36834.10196791116,2209.3223788243213,-61554.67357659784,19797.136531535212,25186.5935784917,12694.91424900222,-2149.3420805588153
436792,123968.93546057714,-10210.107185308503,34645.241958042956,29454.920683728564,94225.57319628923,171181.84048044175,64789.159643277,99651.11931715343,-32292.946637748013,56019.02970769272,21623.104730733463,-41299.34899899272,5220.469141321725,28102.771045126472,-1591.3034602493778,15295.842123559438
436793,143721.46788293036,11609.979787558827,53944.55920809995,46613.150621077046,116447.09181760965,187561.98610203003,85311.00836287541,121727.29764954129,-18111.309479662075,74213.07434790721,40671.38119762664,-23086.370013896376,9377.00689711754,32796.2804929213,2306.3966635981697,27093.09350026861
436794,126324.21384465888,-5759.539477976094,35035.71866450729,27943.314912783917,98364.33117265615,175819.89160009837,66509.27400332219,103770.73865563946,-36048.47556544171,56163.90380763602,22475.59958588697,-42183.78172441919,25068.005752707424,30178.059117493875,17670.903163024857,10328.424821188963
436795,105387.9784993638,-28641.42246405762,14518.275748272197,9586.73438286667,75041.4991294168,152036.51253439282,44791.741609765464,80573.19846987665,-51634.900393153584,36785.973635629096,2247.4224975163934,-61700.18208541648,22156.214532711478,25406.407874670273,14992.014662916283,-2799.67663945566
436796,119233.99609661239,-15154.833278070397,29750.18063771697,24871.22802860552,89126.29535619443,165917.62526231303,59782.26780129403,94580.15854994464,-36448.52262865159,51380.10321442676,16864.6629792548,-46064.142156402064,6884.277380399132,27196.87298567606,63.444911013455226,11572.279360367735
436797,142806.63344196387,10424.967419228553,53220.30740396331,46182.149854991476,115264.40038344021,187371.06273268344,84428.03268820318,120552.30971684374,-18191.997626261014,73561.68215333729,39919.822971803835,-23597.23979897088,7128.852996315874,32410.285176646357,137.34982825752525,27210.14778416389
436798,131237.95111072098,-594.4037227980089,40093.5759441672,32741.698710189146,103667.63756842207,181179.71138328448,71714.0752373008,109038.83372364636,-31685.15640896052,60973.031909723286,27409.547537275037,-37186.800946599884,23197.30109928948,31114.20283958213,15826.131025157809,14228.54791006837
436799,106806.34503248286,-26895.196596165846,15694.861397679488,10485.21738611982,76766.5793000725,154047.94999191974,46187.150281950075,82290.68615411021,-51096.08507283748,37882.019690320245,3461.4148904799254,-60674.47983948473,24124.175459797738,25857.237540830967,16905.75274847444,-2526.576006916254
436800,114799.46479017302,-19721.050599442988,25108.869654265043,20484.884615832914,84401.35335488805,161330.16350796045,55079.61520223485,89878.99397094028,-40515.28186198955,46972.73837793743,12366.345636136151,-50641.34658288152,9007.769618624587,26407.44353169684,2164.5177010566367,7884.504270004674
436801,140624.49363217928,7914.985435315828,51168.37558806101,44507.768731240685,112714.3408904334,187190.81998914905,82202.3302159447,118018.631408567,-19407.731254752696,71652.58960970533,37882.22669358774,-25432.508549229777,5399.214873261126,31786.616337763553,-1525.942525960262,26301.829020163263
436802,135705.30089286692,4047.4836944336307,44744.95409806992,37228.99902060564,108445.04120895322,185756.22647738433,76480.30893578687,113784.00589035315,-27549.243956364444,65408.190629538905,31942.672951952038,-32566.32546662011,20841.761457873512,31918.812486856765,13502.761141608813,17969.491602160044
436803,109353.76909766249,-23975.35266137092,18023.14445623329,12487.307743179377,79700.0346225793,157038.8048390054,48779.461181343235,85211.6634242729,-49542.35861898544,40080.34494171532,5811.220056009026,-58514.042300632565,25639.69785829047,26516.874954675448,18352.65716590182,-1346.027072502344
436804,111062.49704796013,-23494.784482117946,21116.07494938646,16666.150418868358,80481.32763914512,157663.9307269294,51096.20468466554,85981.48530007404,-44145.58078096741,43183.440557618276,8529.200640463063,-54611.99101920975,11480.612650938554,25798.411381469727,4584.783329455465,4535.7237993693025
436805,137388.8795483195,4321.3982467036485,48002.45658333331,41774.03861015883,109048.8069157036,186142.07522972015,78854.44971574804,114379.65084091123,-21607.34232509517,68693.50062269985,34779.73442660729,-28357.11724316361,4256.89053370301,30975.782306672078,-2615.794731317134,24496.741828000202
436806,139340.36832709188,7755.878009793017,48605.88641334179,41037.249144416564,112282.97028036826,187196.91357606393,80393.4675204512,117595.36379896745,-23964.355996033497,69104.57867945413,35699.18541420937,-28666.858304575104,18099.064074347843,32506.91333804721,10806.793733276256,21268.068242867143
436807,112730.75115714868,-20214.559714097,21240.89356425387,15351.318623395398,83514.01895789942,160662.1390166735,52263.64721188301,89010.06365005829,-47172.27061026074,43134.41288290585,9031.134184689598,-55445.38370510658,26643.867181135458,27317.16228788328,19302.385371809483,581.7232927574466
436808,108068.12132990635,-26443.546554053566,17848.09684733911,13478.637432353384,77411.93458045082,154619.44291492912,47885.63952692285,82930.63385915793,-47266.10439630936,40078.161126912135,5414.71697367179,-57889.18185389774,14241.392794017456,25366.300570298303,7295.824781639933,1593.2220206771212
436809,133297.71963964443,-149.5586582716935,43937.79015781125,38164.1535075899,104489.85535303652,181775.15207961778,74596.97248260501,109852.25578598843,-24626.391610866245,64883.07688640019,30818.159392284222,-32163.794239016686,3776.0028026870114,30028.658364910447,-3046.707258460683,21923.37596783816
436810,141929.07061435172,10288.504123660949,51465.925159620994,43963.993227273255,114939.63938685186,187241.14791554943,83229.6031065695,120232.18654762526,-21074.88962142965,71871.06857494292,38478.37196446669,-25682.898171910416,15042.982673262348,32840.151670687126,7827.573962964743,23987.956866546796
436811,116829.56848731544,-15759.503488243889,25265.70141893303,19023.718738464057,88067.72152471975,165097.20282329066,56534.487446473824,93538.1562799339,-43995.112722437094,46969.28747181814,13032.409864961308,-51540.26635826931,26894.233392751623,28229.449623954697,19520.930198261518,3267.4889280042557
436812,106099.10615897646,-28283.17726224005,15599.846294114413,11196.822760691895,75480.37010745432,152469.908870699,45737.88811465124,81008.98222944755,-49599.863622965575,37941.67275812391,3306.3757229399607,-60189.21006197265,17115.079442753704,25173.30252215978,10098.269311742926,-681.0484085743411
436813,128771.31239906218,-5017.577253753005,39391.730607564474,34018.73992207345,99511.027524937,176762.86761259797,69859.28956075879,104908.13762970538,-28211.944235989213,60593.952486933966,26380.370649959805,-36507.269084811735,4115.949412693071,29059.1178335872,-2687.6835493925873,18801.586300491126
436814,143427.10486292315,11632.429004455771,53277.96713060901,45887.11725258395,116378.25304467093,187468.1859626117,84919.16767434862,121665.30270769734,-19046.7537813638,73604.3790167807,40179.23623714782,-23751.669950232415,12038.267460066001,32938.38639043518,4899.71028986382,25973.683495457273
436815,121406.41107146605,-10868.801759270556,29926.131642800523,23277.99642861785,93079.44849581987,170287.53683904116,61338.112435363466,98529.1478241292,-40218.06269939226,51346.415525207805,17563.535557657393,-47052.52441794301,26340.867374448808,29193.24701456079,18947.9069801098,6549.896767079784
436816,105158.40567770909,-29037.741063089597,14469.281169990349,9848.692047456856,74654.29629441915,151517.38519676114,44657.4578817551,80197.87460752988,-51095.88061492976,36775.84217156393,2197.042428683912,-61506.937325347375,19823.836882367774,25182.213156263508,12734.74428470366,-2215.0393145452317
436817,124015.40538565737,-10071.499812158567,34632.901959512965,29515.28257069897,94325.68384947957,171318.86057619218,64846.254492376065,99761.62368528884,-32204.48326814211,56003.56279850855,21653.64657628661,-41212.3401443444,5224.353286480335,28106.366213906196,-1577.382318011288,15266.233008911095
436818,143762.2536066082,11729.270012899597,53953.011485217416,46672.48144924481,116531.99059350457,187567.13779120793,85361.82449967504,121822.82115820597,-18012.784394722144,74195.6279944446,40701.349714448515,-23004.55920896863,9354.753810581142,32800.73106076132,2295.7769791077276,27073.906892027957
436819,126296.26583744552,-5722.946944456489,34997.7068368293,27938.987721998717,98368.98008627405,175856.3795643195,66488.06292780867,103789.58551065461,-35994.07030507586,56089.35598372661,22443.334935071147,-42165.94150052252,25052.34736544152,30170.599669674142,17662.540914745936,10270.503306646138
436820,105312.11583521646,-28662.860458233474,14449.672970988822,9531.239471718744,74990.04998436704,152019.313586301,44719.32056496855,80537.41121053303,-51625.27070757191,36666.842462080225,2164.2238959997676,-61734.74926159368,22176.515848629682,25393.77297884972,15022.795743508315,-2899.9776985972303
436821,119174.82500645213,-15168.664169038642,29709.016329546976,24824.115295915,89085.6645326335,165907.94739547282,59726.465051234125,94555.85488555316,-36428.56777562002,51277.29800255916,16796.121898021793,-46086.60192344598,6920.910517720568,27188.939163030765,112.75460076544994,11479.298657309757
436822,142794.85463227722,10444.755395722439,53236.38834911451,46179.11084801569,115264.02619590567,187407.7901070898,84422.20978672073,120567.86433086335,-18120.194375891733,73509.82862079596,39901.52426431512,-23572.086994470552,7139.738684302302,32411.484167992694,156.15587861773702,27163.695228515782
436823,131195.5098001824,-618.4144005336866,40093.79475949993,32715.927276032133,103626.85511950901,181159.10157764703,71679.33216312829,109016.57649380407,-31622.673200398127,60903.408829009495,27370.243228916355,-37180.69819960255,23194.55089573426,31108.06540118876,15819.758603632688,14185.94150899701
436824,106672.48096697738,-27025.482376045722,15615.186067097862,10377.791930162562,76621.98782539173,153924.6587017604,46057.97352096989,82167.24256717044,-51103.242784232345,37736.25944606371,3338.6050901281983,-60741.58481392116,24113.81118137402,25829.21413023187,16889.504142252237,-2618.9394905398913
436825,114700.76253335546,-19822.399560983824,25069.718130334455,20403.92369153163,84289.82090132577,161242.9078434186,54984.30673910538,89789.73769186146,-40493.99868618227,46866.073705669936,12281.188367765373,-50664.744340170764,9001.208415771405,26386.555234699557,2160.682049010592,7818.9530621451395
436826,140590.11632726103,7876.785753461429,51193.79542682319,44474.38179837397,112669.19828672564,187207.7971168111,82170.24246458709,117994.6206338742,-19346.277080631295,71605.30269951768,37858.433727949145,-25400.110064183533,5438.066206371637,31785.490535040462,-1483.1474009513458,26269.303469640217
436827,135596.00006512122,3920.626499030905,44702.55530487001,37124.029221132565,108313.81616824049,185639.28194590105,76369.33931508499,113673.97984435289,-27547.107221750673,65298.01017310955,31848.1941618183,-32602.161986608582,20912.28845668095,31906.178169888502,13568.899568723195,17894.058653690543
436828,109171.47095975974,-24194.47248588154,17927.016611699,12333.755914948073,79481.13734190536,156830.02138975094,48599.06958884833,85014.88114836843,-49569.097041636196,39926.036895064026,5659.860239170112,-58591.64805317086,25645.59220599497,26485.616152124567,18362.417595143328,-1429.1820877196017
436829,110881.12361722013,-23729.248883523902,21026.609100513633,16521.261978246024,80251.40738686893,157445.70378060345,50916.68313067339,85772.19737774499,-44154.077491645665,43038.49630653574,8382.083084655686,-54674.938474709896,11433.302065539625,25762.89947260234,4549.415443166129,4476.6969024094915
436830,137273.2315378635,4149.365926391073,47969.454315713476,41675.94217179594,108883.01833094544,185991.70443483946,78738.08699747719,114232.64437290932,-21568.614633938938,68606.79178811693,34693.66781412372,-28366.596580172092,4242.2190353245,30957.942878017424,-2623.414119226423,24477.351647042968
436831,139253.59499074143,7616.338437799988,48590.570773305146,40947.70359384887,112149.12362607563,187215.47470944002,80302.4874133716,117478.72173310554,-23920.9505739514,69039.42536571373,35635.76522353264,-28665.00987145918,18159.611837015196,32502.902484993752,10872.791300803126,21255.44792525118
436832,112678.02279061804,-20319.38304317276,21260.575051698044,15297.112448745926,83415.7324851801,160575.25871739525,52207.79651732528,88927.03731375575,-47098.407528270225,43108.702735166116,9003.032827567698,-55405.095593218095,26670.405159876635,27320.240946366404,19333.29144610752,609.262338676472
436833,108078.89559119812,-26486.139533677175,17933.344401100607,13489.837030012826,77375.2520930864,154593.95730257902,47896.474637237436,82907.59022533253,-47125.46263352946,40123.93612068946,5453.885429688047,-57776.71988649558,14182.82900245461,25374.878726968134,7239.609924343938,1690.6280993462137
436834,133311.98749848036,-188.07459376130828,44015.84107403634,38165.55904580277,104452.4974999522,181752.01006780844,74606.97617414556,109827.27078215675,-24501.712174816166,64922.61931259879,30849.72029411619,-32068.218750004595,3734.226931057883,30034.15126555813,-3085.0282534558714,22007.498588560164
436835,141859.00927389314,10169.282356702035,51444.99153656828,43864.34546252581,114813.98351600018,187206.46001604002,83145.13491085995,120118.81928854536,-21049.513641512538,71815.1066297951,38415.1049936285,-25696.311536792935,15111.29245097433,32836.79859447197,7900.361460535354,23981.439192468708
436836,116762.57441050655,-15865.22069012187,25253.17723135808,18926.497535605304,87952.10815706023,164999.7028981874,56455.50797135887,93434.72544992162,-43974.762529412146,46919.264474814045,12972.464290353722,-51552.64139288094,26947.490874356994,28227.242505689763,19585.536942897692,3260.751127050103
436837,106159.86806464332,-28252.251516540866,15721.508320344821,11225.471409834672,75503.07300036224,152506.13978997886,45794.46567006975,81041.23872437832,-49465.04105703421,38021.88711666161,3374.323951973541,-60069.72600492975,17073.105542975998,25189.804027438506,10070.816097218942,-580.7639926376816
436838,128907.85664819332,-4905.546439348467,39582.37684816712,34115.54815805282,99613.38704804431,176878.1304659428,69991.3064519392,105015.46442845999,-28019.20539481123,60739.119389079104,26515.859721658093,-36324.798799680895,4068.9419924307613,29088.221894810893,-2733.0438198834804,18960.892757898633
436839,143459.01924938767,11640.839692386775,53340.150249599166,45873.57244355672,116369.1857395989,187423.31295571756,84935.86797202675,121658.3239623096,-18956.039067952577,73639.00128588521,40204.93125491326,-23690.33113901907,12055.88110018754,32947.237915234684,4914.179464204406,26047.3570238586
436840,121361.80162649351,-10929.111123907915,29893.77204414911,23190.81991735052,92996.34073254124,170217.85962249432,61275.66870332678,98445.15829564465,-40202.637153032396,51306.28892659197,17512.080423040294,-47070.50998166982,26383.17034335363,29186.26695949569,18992.125569295215,6556.075639905409
436841,105218.4211526743,-28975.00981218754,14527.325634962988,9860.989641044776,74692.90535152894,151570.32177510732,44707.794944939844,80233.43259626228,-51001.40919008106,36836.14481032874,2246.7134468741124,-61422.55535640454,19857.133335461385,25197.02067118491,12772.694408104093,-2141.849916718941
436842,124191.18451930987,-9878.532379424894,34790.08662203004,29633.910961217403,94493.27279155362,171499.77764539924,65018.12780927139,99923.71822555784,-32020.533481411836,56174.696579758514,21817.447012334833,-41016.20459359449,5246.910515031554,28147.790249139212,-1553.654133711759,15425.788542460361
436843,143883.44312700292,11868.00418500181,54040.29722749676,46742.07444816999,116641.2586959539,187578.0183208196,85477.12252697413,121925.8656937401,-17881.81344842326,74310.34803513749,40808.225472396094,-22870.807585487415,9362.659882984459,32828.3326784189,2300.1101061907216,27200.458274145505
436844,126282.35430374634,-5718.313126229541,34942.11789411396,27893.55026058847,98337.12163985774,175828.48237785161,66464.85682881635,103751.54811902907,-35975.96187223737,56074.95066458497,22416.215521740192,-42167.937883567574,25030.755000791214,30164.29360806826,17641.799407069513,10303.586059937385
436845,105327.84772821536,-28612.434834750587,14414.675116233842,9518.80491654847,75001.49457225147,152046.4107272122,44729.52818597265,80540.93480382094,-51591.63881391636,36682.94871570014,2169.167728715036,-61708.86277041034,22163.32766275391,25397.0657333173,15012.530975763917,-2857.314551491997
436846,119349.54771694918,-14935.035374949977,29821.798361686724,24947.929363850533,89279.84882950922,166119.41545954056,59899.920957718445,94738.06310434292,-36290.56647964407,51433.26217409508,16949.346684652883,-45924.75864927421,6949.851357103766,27228.693720580603,139.40488794051134,11609.931304117781
436847,143007.05224056976,10729.034608852613,53386.965712956786,46330.91383918922,115506.20891529178,187467.68674645957,84633.44991602832,120796.58175845386,-17970.949422470225,73691.30858327929,40085.17778050457,-23389.12906270064,7193.464495235789,32458.442711430558,210.60665001012558,27307.790982552586
436848,131272.04841374303,-479.2034603487359,40124.07787196191,32756.05383924091,103720.78892743302,181256.09605418378,71750.30125120367,109097.16632622073,-31570.704340903227,60957.90109146208,27419.697464875215,-37124.132351571854,23185.954387474238,31118.346751382807,15818.570687229618,14244.683401882688
436849,106710.64547395553,-26925.6438985309,15629.2227026167,10399.143320913561,76674.27602041455,153981.75706656033,46092.83874118865,82205.48960208069,-51064.36767274665,37757.55966739095,3350.261626139357,-60714.95569658825,24042.70902682459,25826.58203453833,16827.2559776085,-2579.104155028391
436850,114825.51267266742,-19620.463068606143,25176.51495155174,20492.36137657903,84442.20825029007,161408.6149735297,55106.39652076998,89926.3229155956,-40403.329496781225,46958.297938722426,12367.782338871357,-50569.9885219231,8972.055179365714,26402.283568925217,2132.3464902146975,7896.423654577158
436851,140786.2144438894,8169.423654974218,51373.790455491595,44605.749027271,112911.1568763062,187235.0108965551,82363.68031818856,118219.88746650335,-19234.784217575983,71748.21555326275,38004.27843215209,-25260.5829942494,5512.911477247143,31821.885624581417,-1414.5265199996466,26359.823636861605
436852,135802.75990929743,4229.219393665647,44908.9080406247,37267.06079492419,108570.45956954721,185905.34511935542,76575.37529413494,113914.74569015225,-27429.80474572781,65444.771636244,32001.79707102553,-32457.62784416722,20949.995326159697,31937.115451477308,13607.953634497488,17986.284994244244
436853,109327.8619070312,-23944.40885478841,18106.759175222884,12446.390357618213,79675.9088260504,157027.4608550233,48752.914945263394,85194.90344565484,-49472.123372833434,40027.66046132713,5765.395477148592,-58484.50868289174,25596.444754291675,26499.421710255418,18320.573802687828,-1358.4975264188445
436854,110979.59530916631,-23539.673404575933,21171.88887343895,16586.44126816933,80382.75946635248,157584.13084142527,51012.32974160764,85890.11728681535,-44097.459271653875,43087.79159176758,8432.110041392532,-54618.433292287096,11362.82786291081,25762.78515770273,4485.689398772893,4510.649549884703
436855,137362.507066263,4340.024651898371,48116.779215828356,41718.57986755876,109014.22799137226,186137.4372867826,78823.97476821506,114349.88032533496,-21550.139887724425,68636.18695173378,34725.45248980606,-28336.42422167707,4262.15342035209,30963.19822187833,-2606.511535313266,24478.03163168308
436856,139346.45381905983,7818.122433465046,48752.378074498694,40981.21914294382,112290.88252422004,187245.26563707815,80389.85373445497,117606.28089103485,-23921.2667558852,69064.3150986179,35664.9726890599,-28643.45922784443,18244.261342698082,32512.087871154214,10951.919266553432,21233.29409559217
436857,112795.28077294308,-20098.619014220858,21473.151693807682,15363.652815011392,83578.22739086395,160738.42839624867,52322.82495747508,89074.88450000808,-47065.56339608009,43160.81829275914,9055.853048398509,-55353.091424184546,26705.228310497703,27333.98803299344,19370.82584010238,611.4947161140907
436858,108166.68002515782,-26311.12352233856,18148.21097422961,13548.637379720369,77493.1021149698,154704.51037239225,47984.009770501434,83011.0405233112,-47086.573529686924,40158.653792783014,5482.337508816731,-57735.948782889944,14135.136914406165,25380.992579747326,7194.224075590865,1706.7522232784659
436859,133339.2657163298,-83.73396214386253,44191.658964094946,38174.02587258471,104500.48660655199,181798.4330370939,74633.79266899452,109861.2661707495,-24503.503202551467,64903.39388336459,30821.02769340061,-32079.883263445136,3675.1933810572827,30027.703975045548,-3144.4466441823442,21998.830931335262
436860,141866.04657357727,10253.420651411378,51605.201764180165,43837.492210070806,114841.81666397097,187148.9042573105,83147.96775348746,120133.66804711378,-21089.231949414705,71767.64719212941,38360.541018995835,-25738.32404798458,15126.084277075039,32828.3426793017,7908.385321093037,23938.065934530525
436861,116837.85096426005,-15710.286656072407,25482.9314451782,18945.876936836947,88051.6987015165,165106.2680937239,56523.76795938605,93522.70857208979,-43979.42686581237,46927.93314841877,12977.004114879988,-51540.26656732342,27046.19387881319,28240.56791658875,19666.97718857922,3236.7289306197754
436862,106294.87875799075,-28043.84015587613,16020.700941606288,11304.388483995106,75657.9067104421,152658.3773329268,45922.898060195716,81184.95575208726,-49412.71117488417,38087.34437591058,3434.211332093329,-59997.15548068945,17141.234841784433,25213.471813054322,10121.366688775437,-557.1931760974405
436863,128987.47365399734,-4770.220361074246,39836.25261484933,34164.495143486754,99696.74129495006,176956.03826009447,70065.92005954077,105088.03016300019,-27983.62332125395,60765.925221465426,26530.081467838576,-36286.18609335417,4020.3755455669652,29094.26759104705,-2785.6506989208156,18980.24828267956
436864,143392.3187835781,11611.380560158887,53445.662633538755,45794.46483218729,116287.70885110153,187351.19375205456,84858.86728992927,121567.94545411071,-19032.898716694304,73530.04989713086,40077.76304688541,-23785.628577576874,11993.871129117742,32922.8153689851,4857.829782712566,25973.61724602397
436865,121250.47836848834,-11009.72677689115,29939.62683015354,23059.416515581896,92862.97970526207,170096.1758684231,61148.21340414095,98303.72594224158,-40332.01060806935,51148.57195181925,17333.622528339547,-47219.15996377152,26400.123229961024,29158.733981937636,19010.416779083575,6427.430429040493
436866,105274.01034272862,-28877.22060975047,14730.12457057032,9875.52250915914,74741.28077820153,151631.02826412962,44753.7763231803,80273.20260559958,-51004.97482394597,36837.83540153213,2230.923658251155,-61411.145805279535,19891.331085182333,25207.822354380438,12803.128355259343,-2165.6681806236265
436867,124388.67010251919,-9627.864119740208,35130.339827742246,29783.424784049683,94697.97844430717,171710.15085100074,65215.48243105655,100119.71899473897,-31910.79597539556,56312.035637444555,21942.20760810796,-40864.17259500587,5250.538819601698,28184.24405202793,-1549.4598060818075,15504.955177467335
436868,143882.00130157958,11902.141795335983,54177.78053411972,46718.13733706058,116624.35949619267,187598.4251436303,85470.67070039656,121903.13766189078,-17920.514632416172,74263.81795949221,40742.415635261714,-22899.94811267551,9372.783981006982,32821.773092685995,2310.2005080852446,27158.24116108996
436869,126054.05057467942,-5939.223632934653,34853.58800990937,27677.8342246108,98060.12051307903,175572.9404399016,66226.10051622574,103471.93945406456,-36169.8426209568,55825.395530718466,22135.548926817108,-42395.51240992518,24984.306453312827,30103.552893845314,17594.1302226482,10131.218390906317
436870,105237.99711706642,-28688.732264056318,14458.384410342731,9430.404735018454,74870.98412035813,151949.4323049006,44636.38288857266,80408.90044538613,-51668.01879842179,36570.419155044496,2024.606927600232,-61796.04277256159,22109.381617357445,25367.10820333172,14956.094703407542,-2927.7077811012045
436871,119477.63218797994,-14764.114939140132,30066.402243425793,25038.68193427036,89398.19714229807,166272.4398712139,60032.819342829134,94857.38137037617,-36219.88692980426,51524.51304876186,17017.694975621107,-45809.9159862517,7017.564974103911,27261.513205446663,199.58161466580611,11660.867534648673
436872,143083.72090711765,10851.90883430218,53567.280318059566,46369.99377924616,115574.21956025949,187566.86092401022,84714.1596537381,120869.85702975641,-17950.15575055647,73735.57371999795,40108.30277600528,-23323.25644533366,7320.257595716337,32489.106331309013,324.99385985437016,27315.715226999215
436873,131163.2476370988,-570.3417606547764,40119.78038466012,32652.523611537326,103571.93179203907,181135.63938083238,71643.93446898187,108959.78461926006,-31651.680376346652,60847.011236945036,27277.470024616618,-37210.32277583154,23170.828812105912,31098.654355133847,15794.623933536557,14176.647048608775
436874,106594.2807391763,-27038.28821912702,15614.196673916165,10311.268592248256,76504.68690098249,153855.14194961393,45982.546911889316,82053.01335735398,-51115.18504857388,37656.187979958646,3209.4850189238723,-60789.5462005608,23900.906557868468,25795.917803821198,16685.386615600914,-2613.8536772624816
436875,114787.66797456237,-19634.98119182925,25215.872922282364,20458.552881899344,84370.61814729727,161391.84047968165,55075.74762400584,89875.94535096918,-40427.35962546258,46923.23418237852,12296.34870468956,-50584.75190325022,8964.320377843827,26401.322407505173,2122.002537144728,7877.198668088622
436876,140776.01159143372,8204.40577248137,51414.30997503041,44572.62996638479,112888.51308262044,187277.47678723326,82358.82388279852,118219.38303675601,-19280.870748676847,71727.88726517705,37954.48842274207,-25267.912391446614,5674.439751822407,31842.25732240158,-1257.6895491604869,26317.136170914535
436877,135744.39108420725,4205.476967869469,44892.88212837273,37203.44456943847,108489.85907987114,185860.45319617493,76521.11036937914,113859.0600982599,-27492.879976983368,65386.98782754901,31910.684223030046,-32501.00585790795,21051.72005112428,31944.784195381966,13707.766980201877,17937.49007349609
436878,109269.8915852629,-23988.577569313653,18096.561077411847,12425.636023459649,79578.79774435211,156965.75407956718,48707.18004493625,85127.60763179818,-49469.164829884394,39998.12484986255,5687.446407031922,-58496.08112837085,25488.55371697779,26491.89411481061,18210.461290696756,-1337.2951506039506
436879,110922.43855413744,-23583.706783803926,21151.759599801906,16575.37892892239,80285.7827329578,157535.31539192598,50969.313326813295,85827.2911875286,-44082.72270110727,43065.839594427365,8353.141148144781,-54626.30756772867,11224.114428547527,25750.454183724374,4348.2776552895175,4546.908275936756
436880,137265.39017725107,4274.04462454531,48030.444930480226,41640.839642408486,108891.59906030356,186070.3381178969,78733.47301881465,114265.53472433535,-21613.40216248218,68563.65330784745,34600.979729498096,-28403.481932195577,4302.967582723046,30956.81706215548,-2560.1731882089675,24436.91772860362
436881,139279.44237313455,7796.293883164802,48674.530877491554,40910.59551974768,112211.2716102289,187293.4441034592,80327.04374079622,117569.54220605001,-23994.43908478602,69005.2032039587,35560.631677804355,-28701.187680919567,18392.324638016813,32518.078825990233,11097.071444212585,21171.748869653282
436882,112866.97571183999,-19980.395175862504,21530.706801974084,15440.008922699057,83644.22196647318,160842.27154955865,52409.263830147705,89188.96153343552,-46999.58674638551,43245.68818695973,9092.085170607792,-55263.70926418568,26740.736830391943,27359.873659394216,19398.85882949799,670.0253395115093
436883,108206.6442559733,-26236.805613592238,18177.140637411445,13623.275675346798,77517.10138059323,154770.1008729039,48044.12230446259,83090.01336087505,-47008.70453654018,40229.47972947004,5492.387567108554,-57658.00854254527,14043.698654445438,25388.791597977786,7106.283229937302,1782.7437711704265
436884,133203.59174933986,-194.8031636406231,44040.78161207896,38093.77073344669,104335.20506703612,181688.45112514112,74512.37877205724,109757.2740944826,-24564.812993316566,64809.27987276807,30658.03463362902,-32169.459123173117,3581.457687678713,29997.46120555587,-3229.708694952889,21961.89315026077
436885,141694.59082666552,10117.73960689735,51403.868608786855,43707.29380679419,114650.98446850266,187050.50322993775,82986.166548471,120006.72965779799,-21214.427460819927,71627.07957219017,38154.28404613328,-25879.895937840094,15138.83362801285,32795.62369115058,7927.45802754999,23839.762497003863
436886,116840.64787437671,-15646.56582183746,25437.93758491091,18957.936107734193,88063.67075661334,165168.549733326,56540.67080213659,93599.57866585504,-43996.99646987008,46939.306398857436,12928.998296901696,-51533.11168201436,27144.40018669339,28251.02463178312,19765.76712266726,3218.5662763792247
436887,106422.14949276546,-27846.018715387083,16098.302114410604,11440.666604578273,75807.34493584358,152846.31690781403,46073.6901625539,81405.07164112816,-49319.54671986618,38222.87200748681,3509.2435680718145,-59864.26507404679,17204.565852717707,25249.837874026776,10182.694385000988,-474.1296031647215
436888,128996.16650298462,-4708.43304098399,39810.899298271084,34220.40991563436,99710.47334423664,177008.93803816172,70100.5173234749,105178.0533777735,-27945.908014741006,60804.23975684534,26498.31760784039,-36245.01401151768,3950.6618421605017,29093.365506826492,-2845.9458170624353,19033.374464450775
436889,143240.52532695467,11498.309102591396,53270.99937813757,45715.917925728296,116123.43509245373,187227.21549458994,84730.53919832443,121483.48157981837,-19104.586019656,73424.28442672352,39895.77408008618,-23886.167323127254,11862.473469657785,32878.28299419058,4734.618945819056,25937.60928668696
436890,121154.52773110065,-11049.112241599125,29811.990943017554,23009.475908212913,92772.36300913471,170066.13251390285,61075.28498386673,98297.24909994664,-40397.744315915865,51080.53250417675,17193.87940071316,-47287.966638784856,26380.13067126958,29133.865175762894,18990.245818477983,6379.199222537659
436891,105307.17294111992,-28760.041139709912,14717.765520907833,9910.691649147631,74809.8107208063,151746.08295542828,44809.32515602891,80428.17631870898,-51020.9535950012,36873.294853518906,2201.1694787493493,-61386.87737282094,20058.302313952234,25230.55974646902,12962.96589918096,-2189.997045788491
436892,124411.43812222233,-9527.928331219628,35118.88938784402,29819.887811408567,94751.6995016786,171789.4142186565,65262.75765886651,100263.35710038937,-31921.59906069767,56341.430358497935,21902.106536385174,-40843.19095615711,5377.6902566120025,28202.98713248008,-1433.50834323315,15493.575618285926
436893,143880.807562844,11950.424963420199,54175.38832269233,46782.43714555868,116633.64059131034,187630.24058100788,85503.10380801195,122004.38510678198,-17875.170017320896,74299.4516645133,40701.1887126365,-22856.973247785598,9221.228542473018,32812.04432676152,2164.3693189967266,27220.964609323135
436894,126037.84011285173,-5914.247658759796,34845.53638123275,27736.73078148936,98051.90302561547,175604.9492858507,66244.67561619298,103556.99793207887,-36123.607965850126,55852.34194547869,22083.921043117523,-42359.601042333175,24791.014267629405,30089.756897718755,17409.671342087007,10193.454666811944
436895,105160.17770095062,-28710.063850957085,14369.842130800627,9385.941396181404,74815.01601828476,151934.68155241452,44579.4826186621,80450.20262282222,-51747.572263488415,36508.24798641731,1888.205749505092,-61866.38101392391,22157.52344887773,25358.183090881426,15002.344829162106,-3000.869060551607
436896,119439.77718108932,-14729.830494415459,30007.568981848282,25000.797822616285,89399.28393303347,166299.6063607926,60009.87075067668,94958.16213223964,-36321.7484794301,51477.12230135069,16901.935493959456,-45875.88529519638,7216.431277379447,27267.55840690769,394.34419983705425,11554.613621486196
436897,143171.0516581059,11003.109835445664,53649.67224077137,46470.73459637244,115701.77184199746,187734.1987047891,84825.11009639295,121094.85542742239,-17916.82612007173,73817.28619774389,40124.57018603975,-23248.613820779254,7369.730763266027,32507.405280423427,376.13315732521517,27342.149807470785
436898,131283.83538316467,-408.74278030895675,40257.887437194455,32824.215922230454,103718.41048293971,181286.193000647,71795.31619093908,109200.6610613827,-31531.186963382643,60980.668990913684,27339.965305956383,-37068.54229189185,23003.816960059135,31108.569880080617,15637.25441191638,14293.994682997582
436899,106526.7470447147,-27080.745974735783,15559.644048211487,10306.43814238862,76446.98121695977,153815.3782396615,45934.013236234976,82087.72507762809,-51150.85395072927,37610.83394964444,3083.61904891343,-60830.14136081503,23767.99416238982,25769.777982991698,16560.677717859406,-2635.7203948396773
436900,114583.1659852318,-19805.81940592068,25003.43345955039,20293.51479237856,84184.19685693765,161225.4004629459,54878.1666250395,89778.60209078499,-40626.812809234805,46731.704937057046,12025.33418761154,-50786.193771487175,9040.215736350521,26363.605186855144,2199.349690216871,7697.953846938046
436901,140735.64118753327,8216.869789588864,51355.06201405597,44539.18608988157,112892.9608773039,187352.91389553103,82328.89288390204,118307.54301916715,-19378.68265190666,71680.52636558913,37839.59290928153,-25328.270875444752,5840.13992224878,31847.564168245834,-1093.7725854158457,26220.462852867375
436902,135979.86735012507,4503.718261986938,45121.191409209845,37443.76313581447,108793.81560794318,186142.02933246378,76785.50245383046,114240.17587955916,-27338.59906978474,65615.13798705224,32078.165217738246,-32275.597012497194,21092.983084039544,31998.900638974395,13750.018417157191,18064.19761660879
436903,109432.01643828706,-23784.927514799696,18264.024646325626,12623.829684616658,79794.59137534403,157158.4875999652,48901.46479716662,85419.41734504711,-49332.416504564295,40172.34691336771,5793.267292824906,-58315.09809111785,25369.732546117804,26513.584817763607,18099.67608776962,-1216.8970338164127
436904,110775.80144744636,-23715.346257729576,21008.635777609084,16492.863490895226,80164.63594216362,157407.98691820097,50841.86835335237,85784.16149613277,-44187.9946429064,42951.45767213822,8160.509108585258,-54736.17631190006,11106.73353282305,25706.29597419473,4231.256624375653,4458.820371982361
436905,137042.5844475445,4072.9503308833773,47794.775586076976,41458.76546890501,108698.95033373803,185878.9088495566,78518.39599033765,114150.00021059669,-21826.805190909072,68357.38362778616,34321.04482843695,-28615.598131236446,4354.735638356032,30909.00547615486,-2516.9420150193455,24244.198843088772
436906,139352.75994798628,7924.94410663417,48729.77868258244,40975.943835749305,112357.81055962679,187376.08676092076,80416.05448944196,117787.19019119424,-24011.222678599694,69068.0539354897,35566.17908807758,-28648.699595175884,18554.398745187194,32545.70967562982,11256.964020802576,21140.20707825541
436907,113130.53851320926,-19655.033695913706,21787.0243027082,15685.467091172624,83997.02339677399,161152.702537773,52696.596023037695,89611.18104763984,-46850.81675813444,43495.72360416233,9288.344095090095,-55019.20757743248,26833.951737062467,27421.78939200219,19497.426221092875,788.1341509582053
436908,108324.35707331472,-26090.70899499293,18308.81968917009,13771.030157037521,77694.49439353932,154902.2554658657,48184.21600033812,83337.7269363562,-46920.8944308137,40361.36346854129,5558.438917561838,-57522.04476191236,13925.688866456687,25401.11202345225,6991.2180934762955,1868.489146763185
436909,133048.3955723228,-349.53028687725214,43904.173673195626,38002.97193683389,104208.21273380003,181535.9859224784,74368.55836706623,109699.35939267444,-24677.883201618748,64686.97278178852,30460.903546400208,-32288.143158107567,3421.4452727972034,29949.098485867624,-3388.6819770584166,21877.996462143557
436910,141522.20567912777,9960.711497875089,51233.250803931136,43568.47683202523,114520.65064534318,186888.53202057088,82817.16178298258,119942.36719010756,-21398.024610127737,71465.85374332551,37926.55903532615,-26050.545137065717,15169.712763066906,32763.287170373103,7955.971936994461,23678.06914940519
436911,116942.10962042655,-15490.01252789261,25527.992705378525,19035.823523903913,88253.439174685,165324.46783692925,56653.11130175732,93852.34128099508,-44014.34890317827,47022.837555333106,12961.600630730967,-51468.528321139,27353.66926791809,28294.766894560675,19964.19295201505,3187.900667184159
436912,106704.22053866912,-27503.07801151995,16381.782299977393,11693.34489078358,76192.33820110139,153171.55303029678,46378.089492474755,81850.43885181594,-49173.30937565985,38487.15187728664,3723.636819496214,-59614.59080353932,17319.075965677926,25323.898717697764,10292.13951610131,-354.74086735798215
436913,129108.8078483097,-4574.936242439244,39955.04300392563,34358.294451341135,99888.9686750724,177127.40484204813,70235.42104882844,105415.95859520712,-27869.579888427575,60931.30852447369,26561.030448984475,-36124.89991773737,3838.1801960450985,29112.49418263707,-2958.468232038554,19110.723945603902
436914,143037.8012851613,11281.958056358915,53114.854569187606,45578.78626671297,115947.3660219938,187022.45849622725,84536.46930569527,121366.82731746612,-19262.95057565769,73255.06414236019,39649.9853934619,-24064.683064720666,11689.199783479831,32823.64563696855,4564.291834166622,25822.977191313235
436915,120952.10389575973,-11245.591441257277,29646.365450836387,22835.698230663365,92613.26301378603,169881.609473027,60872.888882685256,98196.48524563498,-40610.70033636487,50894.101555016256,16935.470928325984,-47495.089902368,26396.384861620794,29095.348428622143,19008.53985144127,6209.969209150942
436916,105430.09461381526,-28586.57016150513,14863.192311906618,9990.738827067431,75024.75528087461,151917.46166155188,44937.95332541967,80701.6176384183,-51038.72814288497,36971.32517196726,2240.708495335853,-61317.10804465096,20276.71723535853,25276.305018995634,13179.97294092568,-2206.113208034314
436917,124707.27359087545,-9177.278201352949,35447.23242599225,30066.169942907167,95150.84368736137,172118.5145208015,65573.58384738163,100718.74184258586,-31783.79375483241,56609.457779204036,22113.73284857353,-40599.70730640196,5523.829451513068,28280.40545419122,-1285.8253635886783,15614.007006903961
436918,143967.39876825735,12046.25031989374,54325.818487248944,46888.33860711295,116779.3352139508,187686.12507427085,85604.52995903156,122203.86960783362,-17825.910160932526,74398.56461678605,40728.32158048862,-22773.67802378112,9075.774450814279,32818.070930623784,2028.3913851949014,27290.13773493431
436919,125856.79868261292,-6114.935438808099,34742.30028851417,27617.010241860844,97894.78997285906,175408.09072034238,66069.73896739422,103455.5994398235,-36263.809982891915,55705.329156747146,21851.283739068556,-42524.523368564296,24538.345716607844,30025.486512395048,17169.93042530701,10116.406154873786
436920,104975.83987688526,-28884.668110130824,14238.745907797409,9215.015299619976,74676.5857753405,151769.69809003937,44393.48299022774,80368.74147104149,-51965.1492862109,36332.82729790476,1629.5297717857154,-62075.00726793085,22168.296386787944,25315.547855681874,15024.578464511427,-3163.558727481479
436921,119494.87480251079,-14618.537028869838,30088.991415537468,24999.024204285364,89546.94483660908,166398.06922245308,60067.45233050078,95158.46384322162,-36420.76136148372,51504.06373350102,16854.85027124319,-45892.18484104352,7499.490822433433,27303.492568010675,672.174352680551,11470.97275851011
436922,143417.64285606396,11307.832104792597,53933.14529036786,46667.75273582804,116048.45001417899,188014.17886574927,85087.02462820314,121488.86416108118,-17827.68364960042,74035.41698189595,40266.84098981584,-23066.17601630144,7524.3753268742685,32572.988978529946,514.021481171149,27432.794247074893
436923,131393.56450550118,-280.56742387939767,40438.89245555404,32961.90979418832,103888.83907385953,181383.15233746055,71928.98821310679,109419.43564688519,-31453.09913471163,61109.90228695117,27371.36011087209,-36966.562029445915,22822.63565057207,31119.875627195994,15455.81741202135,14413.892837842855
436924,106292.66227043455,-27325.568466355064,15406.597551771449,10144.860864434628,76232.71636883804,153561.95162113558,45715.398905400434,81928.4621646509,-51318.0380846307,37430.34870067305,2780.6622013712213,-61044.50545927975,23533.90812028593,25702.348288440087,16334.802496224895,-2716.9049127365843
436925,114297.80445596117,-20075.103745422955,24777.10897833161,20034.015857734525,83932.40271318432,160955.138779232,54599.38640362414,89585.23667046249,-40915.59283705961,46472.64576724903,11643.550176212555,-51096.51622310994,9089.93837546984,26309.19628778594,2251.198494449434,7485.318257036504
436926,140776.1785068683,8326.436874891833,51434.0186458462,44531.49953260926,113016.55178943544,187473.22439175445,82383.03870852193,118488.18380511657,-19479.41690910457,71704.82279913245,37759.15730736006,-25365.4290570667,6131.901848488652,31884.026420552487,-811.9225426475699,26142.44248263838
436927,136250.7253946653,4856.050909857131,45448.80498775619,37673.50398428215,109161.62873281189,186445.05969363853,77088.60371106585,114663.34331755049,-27219.514816941777,65876.4566918619,32237.463902219897,-32067.730314308006,21248.885282737403,32076.360072476433,13895.722645357879,18191.607537952772
436928,109472.60025971635,-23707.008665914018,18402.402767669017,12712.81190936848,79881.84046130045,157187.8043457211,48981.25244679664,85565.3768835117,-49294.04774275613,40261.61450673021,5751.971124258365,-58271.19786036635,25190.16769792881,26516.74386066311,17923.11505825226,-1119.416402974761
436929,110435.63110149681,-24053.079215574493,20781.613439529156,16258.24907259837,79823.49114094656,157044.82929695112,50530.95713762819,85501.73789828265,-44419.947676282536,42706.90164674648,7754.134624417569,-55042.99289862938,10831.91964484538,25621.829508732226,3970.862930388049,4338.534732951481
436930,136712.34753228852,3779.2892331948406,47547.403805880196,41182.61252856425,108392.05901560679,185570.2793006443,78210.06210534132,113896.4453194538,-22141.905151548533,68099.58654856207,33905.419143289844,-28966.651051545065,4377.10687922455,30850.695314362434,-2486.85416552245,24029.439497859858
436931,139362.16166823672,8036.489572660576,48786.21843780908,40954.752922235944,112453.84537199071,187508.9405742938,80457.49452792961,117931.53188935095,-24148.931182728338,69110.65548507759,35470.19602865014,-28722.84481819038,18883.622675247134,32586.965653227453,11574.893480006827,21059.039367357407
436932,113327.17685967937,-19345.1331168584,22038.765742148833,15860.901699330972,84292.1954762756,161399.21769232955,52943.66726898207,89952.59113987113,-46799.7110938976,43740.14430884541,9389.727794458471,-54890.02993814946,27035.50626102202,27495.637486567968,19682.414673861807,888.2307686624077
436933,108281.65192730758,-26075.251898842333,18356.159462259617,13806.481385363666,77689.91383391971,154859.40521634385,48198.03795426202,83380.39381792722,-46929.39131768402,40433.53230030472,5457.572167875953,-57552.73391238277,13721.49174584199,25394.661012665005,6789.264270373122,1952.5057546450844
436934,132667.1023380193,-711.3972292094991,43622.09899564452,37756.67811270562,103815.26934862099,181149.871557518,74032.18492767894,109354.05266282591,-24909.399141314687,64462.360773476255,30042.441889699712,-32618.685217657425,3074.823319164239,29859.39143259495,-3715.791634259762,21781.19948417604
436935,141181.67960154128,9682.376587892904,50951.75469623616,43291.849761323334,114198.3258874871,186608.02789598808,82509.82476675502,119664.78548583001,-21702.96615063156,71244.85535665255,37524.84084632801,-26399.13308602251,15173.845563035757,32704.851048016764,7966.964101216723,23490.726556902864
436936,116989.99019932389,-15308.144608167306,25588.389930767804,19040.06440877014,88387.37274212469,165469.03883569094,56737.07757964643,94026.87231595299,-44122.60456728251,47128.84778374409,12910.167032629382,-51507.45754700923,27706.274653386936,28342.213455841447,20306.414228724258,3140.8851367314437
436937,106975.09080427558,-27088.255083518925,16664.806657907182,11925.533325987903,76561.69001323862,153515.6000988555,46699.626129576216,82258.34687041616,-49067.183525482455,38817.21390779523,3898.2014753594954,-59419.39631748302,17533.565145227196,25412.229726938538,10494.85526173163,-206.54862982233587
436938,129130.75061581688,-4468.933603689118,40022.3733938635,34453.857563433114,99946.19991007219,177166.96939795435,70313.52086477065,105512.64496000466,-27823.986086422072,61075.82662656434,26528.01645950725,-36093.080211009765,3577.684131103623,29112.36618262412,-3213.563680043087,19248.195060520982
436939,142728.2214639366,11022.763483662475,52858.93691505224,45402.6349630025,115629.52462705474,186676.7694114547,84275.01752487128,121088.31514955593,-19438.43477267976,73103.70233758714,39309.488465714036,-24327.234531077655,11276.14636373088,32736.970074221386,4166.128124140923,25784.444634293963
436940,120673.96159645522,-11421.597784325584,29374.171661464417,22606.76726452726,92366.70766225026,169689.77373404364,60630.16716991215,97988.48244201651,-40886.79635561952,50725.70056622672,16596.6818698101,-47800.760066109855,26420.610852729907,29044.95774677818,19030.012811943125,6049.349241540393
436941,105526.7642480513,-28308.799499569242,14915.585672411627,10024.397012770323,75227.79584256565,152146.0925443389,45070.96499399857,80940.95299376929,-51141.34185181274,37107.826679867845,2234.9217242429677,-61337.047043696555,20712.915708383138,25338.000272569567,13596.8739614609,-2254.9735442599617
436942,125072.40826140922,-8620.021496947484,35780.765469417645,30380.9657271038,95639.19092537368,172589.4977518926,65992.91447167934,101240.24769269704,-31620.375117379677,57018.54846581309,22387.738486510967,-40332.15274548474,5752.50848463963,28386.623241830257,-1068.4437727530124,15812.930939731457
436943,144128.74080212787,12340.554651106928,54508.02072543751,47119.359439704516,117006.4988898874,187785.59577906627,85829.94414437591,122464.17810081574,-17676.37555195553,74667.63047105326,40843.63884641134,-22621.064931264325,8780.857641549577,32838.34508830845,1736.0941455029324,27524.86846683404
436944,125571.92509831832,-6306.914267805569,34490.3835113057,27465.842532036444,97624.75024425403,175174.0796083716,65833.29617377564,103221.15214239563,-36431.58617843005,55566.320256465086,21541.788391443748,-42780.60354848409,24149.645597394694,29938.00215421909,16794.776233035496,10087.837931253489
436945,104648.0716605172,-29073.954917684336,13896.187088152046,8940.986470143318,74397.63566553131,151553.43912636553,44095.783187063564,80126.19399898042,-52293.32501088813,36104.27689854753,1246.4921246330384,-62446.43321122334,22238.276316222113,25251.382185248076,15089.7366359352,-3373.610250936111
436946,119650.32335884243,-14242.156809526374,30187.04857527601,25089.566568717102,89836.00033953678,166717.6374039618,60256.76436373048,95480.32989521086,-36489.08822977496,51682.89982558255,16918.36497733141,-45871.90651399526,7956.1102643009035,27372.579694766468,1111.1470472893611,11448.890810358402
436947,143905.28861283153,12031.28899169698,54385.96658412232,47099.30637730946,116693.76006319161,188489.81748096843,85631.48498131696,122165.50653709663,-17586.53078322924,74546.23566605356,40677.30879824472,-22698.653391459276,7767.9261572831765,32700.225416042584,756.2813948950756,27697.298377529434
436948,131586.01581187476,73.95248300486355,40651.97846865417,33226.84097333394,104165.37104087186,181647.13329871424,72184.39407317698,109731.92223070201,-31292.842484296034,61391.76054553989,27533.340174498204,-36797.93564103711,22496.5441585087,31129.959478474884,15143.933392071915,14657.772738493191
436949,106016.30790730125,-27488.920138218073,15161.738137686287,10010.667160690617,75980.32774608636,153349.18852306955,45483.87796660533,81724.31264903053,-51485.97336121867,37275.58947492836,2492.080203776109,-61306.42627197382,23062.575466797607,25593.226925334464,15878.958473988145,-2746.6207436724085
436950,114011.08082325147,-20195.255896540322,24468.579430834798,19798.183743978912,83714.50279412037,160806.63464864378,54338.174388563115,89432.12160019368,-41233.29706227489,46256.53965378702,11316.225298478896,-51446.22288750482,9126.335925183856,26238.987397028275,2283.647959525621,7281.75868552403
436951,140995.56459672624,8805.090891984364,51583.96599297556,44670.54553099306,113401.55943008454,187676.0311189826,82632.17530402174,118944.92068849277,-19545.468925298228,71912.75250842175,37894.96806705822,-25310.857729272273,6645.812221986149,31965.465587604474,-316.3980751572076,26119.006337343482
436952,136773.06886740087,5640.342025811367,45922.069302077594,38125.70820376693,109863.04712131803,187124.66276651877,77658.10257321181,115446.47860527178,-26996.652094071982,66380.42938091134,32678.126827508837,-31699.16330137018,21543.55200015075,32203.416429286182,14174.298253183782,18436.88933454788
436953,109685.04309706879,-23322.331749774312,18633.788662253573,13001.693178710913,80188.51546684183,157472.86090343902,49248.54111484534,85971.80861146358,-49128.1402599749,40532.98918396684,5932.915654080697,-58098.82973433826,24833.46155864747,26519.469570005585,17570.195431920554,-872.5616867257854
436954,110113.29859487731,-24262.944806602256,20500.829491657165,16091.766692650854,79525.4486513765,156785.969255539,50243.544194227026,85320.95256100032,-44619.268573402245,42480.129778574636,7421.842578479544,-55351.07467220079,10316.952285280508,25495.21850563442,3470.875752477325,4276.437033150826
436955,136357.96471363795,3590.5859125312563,47186.4008112993,40884.24176944018,108105.51655646009,185355.67713502698,77866.5014632885,113731.67371004114,-22525.64642178067,67774.06937472476,33500.790242670904,-29390.090455693786,4421.264055654672,30763.79032658295,-2438.634872955597,23756.234030295367
436956,139577.08509466547,8511.295821391206,48944.777671572316,41075.64517783551,112834.93300079988,187733.4782492785,80683.26751018141,118432.04543673333,-24237.449779546736,69252.67225785706,35576.077813165306,-28689.07754947727,19438.505026721148,32661.71667764922,12119.50735261839,20991.09500148834
436957,113956.138889703,-18451.122506977685,22638.322114514667,16403.424519980115,85108.63661873533,162170.31952011748,53608.083368684565,90892.5264853909,-46491.46785162066,44288.57173589716,9913.78432362164,-54421.63509102272,27324.340216964058,27639.38104913937,19966.031867563466,1179.0250602407268
436958,108571.73526540383,-25614.566034141553,18696.56846585511,14168.88624579187,78081.78171300444,155203.58494564917,48534.320380695804,83905.73886202576,-46688.38056891768,40732.3311569537,5702.231708216371,-57295.666186640854,13324.46675697336,25409.368003647516,6404.258255868624,2241.4942298500114
436959,132299.390542884,-976.0553844072274,43339.22036395744,37554.05680871819,103471.98610852385,180819.7905478952,73686.99273307569,109149.58819490063,-25147.376686974803,64148.63242758876,29650.862385992667,-32970.6085897485,2543.1121856033556,29718.654212755995,-4243.040692346405,21676.36080533052
436960,140714.75711002506,9367.555753756176,50526.19485186862,42888.02651747108,113793.70576574582,186138.07561481616,82035.46667525379,119398.87734990347,-22195.500694866274,70766.68738551525,36989.78586379713,-26946.758979371367,15260.320210271699,32591.379436631676,8043.61892092533,23115.190326684376
436961,117148.3384202528,-14901.213586815686,25752.629493087094,19106.546677516486,88711.3067883128,165785.87544772885,56895.30298977074,94491.48718900449,-44275.11386706722,47180.217118878194,12947.632329670698,-51543.48458576829,28328.488254450007,28410.660300331045,20907.672178934787,3007.858953542871
436962,107606.70734731159,-26205.92859147065,17352.978247108564,12475.326156404137,77379.52327750927,154255.46783506998,47362.65848236029,83222.40204689067,-48757.09513406146,39346.226728092755,4420.396551082127,-58953.691275783174,17860.3054780518,25562.530396871527,10813.510638086103,77.63899595209743
436963,129385.72285128993,-4072.4239086043312,40430.07237257507,34799.33260274489,100284.03839935745,177432.21487360686,70609.37401679374,106002.03817660597,-27594.205269021033,61328.59584548307,26735.56661483607,-35865.21666453827,3160.071479859915,29120.257638637144,-3613.2375541624215,19526.348232664757
436964,142204.3390944228,10554.62358945566,52520.79893054138,45072.952462970716,115084.25134014245,186098.45622155635,83762.04505104519,120702.47663827882,-19771.039627851813,72641.27652682937,38765.21700818094,-24815.95590586883,10701.286763457972,32563.309030820186,3617.7543192139847,25593.148654989913
436965,120056.99679391888,-11937.532219667168,28893.61564328531,22070.752688822387,91746.75288615958,169128.33389575925,59994.352664248916,97544.76034530452,-41476.71940939,50105.523280217996,15908.942196590675,-48484.64576059266,26495.31413156401,28903.176908985733,19113.501304308495,5576.121973243494
436966,105659.71147307653,-27967.60509159568,15142.11950378347,10054.675413548664,75454.57276713295,152395.35486710473,45197.426735553665,81362.59529994056,-51304.092608877676,37136.07679976785,2239.7604108048627,-61393.59175469387,21362.14159095166,25406.926851409455,14236.974550567451,-2416.547334939348
436967,125742.43999112668,-7735.917128330211,36584.41076431837,30946.865836202956,96410.7542106358,173323.36531726396,66689.48381622427,102220.3183427015,-31276.902354676185,57582.794055945895,22936.69283294808,-39826.74582521513,6097.332643084618,28550.653266759175,-740.5231825052281,16111.192385657892
436968,144322.2607736947,12622.836175966488,54923.911520726906,47395.613175767474,117165.23292648768,187953.72037786117,86055.17817322086,122844.89858261964,-17474.95403122804,74866.27808188967,40982.50944120594,-22439.612020984227,8329.768985791592,32838.110455690796,1292.0067674251372,27772.84532717739
436969,124916.93368004618,-6973.887988416457,34091.727542468754,27004.580741097117,96805.7797359139,174435.18284170638,65176.87448055348,102639.85487479929,-36830.07099519126,54986.816815042985,20862.468047938233,-43377.44983300681,23498.95280847977,29735.256043660385,16168.731648470586,9836.637107100381
436970,103933.1969216247,-29745.36628104556,13383.545364370193,8289.337206140988,73549.86021574683,150839.24850229913,43349.94371402228,79529.07272856904,-52939.43668882271,35395.77717402339,456.3337995464094,-63214.41272268119,22320.98202642315,25096.566622268547,15179.444201684473,-3905.3977262243575
436971,119757.29657987476,-13969.387746710938,30437.637196937227,25055.832561640593,89930.81479464081,166893.05927852076,60342.94321490099,95829.30200106803,-36676.19817760439,51682.8802417207,16885.86921334062,-45955.29449005609,8698.852247978697,27452.993478806493,1834.9253246786707,11251.313119831004
436972,144601.12105842965,12898.743906977294,55258.07772800431,47655.425218086486,117394.79249705268,189284.77527262017,86340.32543043638,123117.6686511876,-17214.49453627821,75134.33064320579,41243.46214194438,-22162.343624406458,8161.749711656927,32880.791723791146,1133.6697075337715,28009.62322420059
436973,131804.7392888004,329.1608489700309,41144.742164473115,33511.48033773253,104251.8352034125,181757.47883257084,72425.7620928605,110073.8792372674,-31033.349314597115,61623.986459979584,27696.517970408462,-36573.80227524782,21971.928385417552,31132.66736998751,14631.495683741214,14949.705451877166
436974,105325.66220006873,-28248.108972686354,14787.434351198597,9503.56508707044,75028.87623139424,152522.08404261508,44780.52715385071,81034.00759341661,-51874.56136876264,36673.95852329414,1779.1911643047642,-61920.87504075562,22315.11201707561,25382.84423918258,15161.17214077119,-2995.804684500375
436975,113255.7879108106,-20957.41182634666,23962.836491716735,19072.45313720324,82735.72077176397,160005.0152653758,53529.2300969984,88702.79723031657,-41907.455539866525,45502.102459951006,10474.152094291348,-52260.09007700339,9199.491452292537,26080.641142243665,2370.5514725302564,6713.85408588756
