Tm,Oz,Po7,Po4,Po3,P4,P3,Po8,Pz,Fz,F2,F3,F4,AF3,Cz,AF4,F1
403722,146155.36507960365,29387.83210630082,54488.54583820849,58213.60335961885,130241.08256924018,187602.40238556557,89129.42770571695,137641.82271045557,-16122.663017542818,81601.96990688916,52806.875470301515,-16012.364497731794,13173.995716263724,31795.018360042006,6218.64063354152,32773.01016457874
403723,125340.13241629372,7682.36144708739,32526.946761206178,37580.505906010556,107738.43579491104,186166.33045690256,66679.07616944755,115384.0517526182,-35318.8856771013,60433.13030506137,31759.030454105785,-37863.2073989691,23941.391670011442,27722.14197712313,16808.006937233004,14774.017628177618
403724,113856.53627770598,-5797.117488468871,21896.493262085925,29428.12081506004,93949.74154282821,174955.2367096644,54665.92932354191,101937.21935086929,-41756.9507165917,50165.35645325638,21821.167254983604,-47858.25563323741,15203.150074492401,24398.308170163233,8442.601694497502,8800.070020170682
403725,131712.35054363275,12527.7464190686,40866.88788831158,47516.09001877566,112964.73311285913,187094.72872435246,73901.488688366,120808.41013053567,-24540.391474325592,68492.06525574462,40074.82725865989,-28794.65805707906,3419.1856394402766,27599.110537285273,-3102.9169970162943,24950.657206612046
403726,145228.58018068882,28170.5691052818,53780.30494591479,57910.45251328303,129029.95814328015,187027.11344941217,88207.32074827568,136484.52689421416,-16187.566773344919,80917.57521268397,52177.74798416345,-16596.66895112066,10732.784812551436,31378.247162067964,3864.287432187818,32727.09711377746
403727,127689.53067472474,10310.141515809024,34870.19697136371,39639.242395442205,110468.47815276936,187615.69474618594,69199.03583261915,118066.92977171278,-33523.645156505314,62690.74419459162,33980.65329238496,-35586.47857686552,23995.788195686844,28268.944244737588,16839.722462136066,16451.4192770153
403728,114198.1488295752,-5087.8578658037595,21987.006961476356,29185.882852939536,94677.77122289121,174677.55800859557,55003.6587345111,102611.99109708007,-42271.08921609112,50246.40019858039,21849.471687285375,-47901.89496164216,17821.11181531534,24681.533304094548,10977.129853913377,8304.236852002266
403729,129776.97661438624,10506.82738172283,38872.236285619794,45715.97957788873,110904.44610306023,187680.74795682952,71853.90938454516,118770.08691308514,-26220.5867720198,66560.84591682453,38157.24707863452,-30776.71912197762,4003.7974223618935,27192.963034085562,-2511.2916441481393,23367.27344916675
403730,145844.79024558177,28571.698094490333,54672.29950287781,59081.897763100205,129502.45394374903,187125.0144006783,88944.54136909475,136985.8117508369,-14897.89066300452,81773.47993591022,53067.2211075324,-15602.467298760173,7749.91711091682,31278.007824302324,980.3994238894941,33935.87127726151
403731,130173.06898156855,12942.731312702752,37460.2706986048,42066.474691316595,113219.24039308305,187125.7676166771,71879.63984927545,120782.19581177198,-31289.127795930268,65181.242938167525,36446.37676165126,-33022.4620995776,22908.933006917905,28759.50555944685,15759.254786466725,18535.71553795136
403732,112983.19805680159,-6101.294180720596,20489.863471691147,27532.353836783044,93620.90316559181,175058.60390939127,53653.92118891922,101534.06441429233,-44002.54164065361,48797.670040419245,20366.533185201042,-49487.24899218267,20492.759135047687,24579.65256004053,13559.258182444904,6668.1969659497645
403733,126718.61107862018,7378.702421241165,35624.705968481474,42659.8553153182,107675.3641292665,186334.18373691064,68564.93737296824,115567.40056750769,-29113.41702270384,63418.67582658413,35028.67478070513,-34036.19017262479,5762.220152360828,26601.17363049718,-803.2598918795546,20655.090427565057
403734,147287.36842522369,29941.49477742496,56315.58149977705,60831.50444203215,130947.39095949908,187618.4630744481,90525.68908942986,138440.0181795184,-13128.22146936569,83352.25559755554,54663.00359112953,-13899.814489242091,5319.39762726833,31398.544739523764,-1392.3250651957055,35607.522403115356
403735,135112.18408601655,18184.497616797824,42601.53432412378,46859.77635595082,118654.32340062756,187212.68822323903,77194.90913422675,126150.4460144032,-26893.214075785294,70118.3053496456,41347.11959613168,-27943.234071431325,20683.451792996413,29727.81884299209,13571.642248797583,22655.411212793584
403736,112461.37744622934,-6406.3171191044785,19735.55924868464,26612.950672809067,93288.56298575363,176353.3657482137,53052.50388437446,101176.71096323246,-45042.49541337062,48049.73558730444,19586.210934254,-50334.6179806796,22492.996536974315,24586.204639894888,15507.724645387803,5678.743362096791
403737,121097.63214733801,1547.0779728684656,29745.334572875567,37200.93305373118,101651.71051795023,182360.5443123739,62548.70150073773,109600.53386805858,-34253.76175183539,57719.92461801426,29366.387353265647,-39918.581264971916,8386.480330097633,25499.235181957516,1784.3187052899962,15824.520730661738
403738,145825.0488792598,28227.229626753564,54979.671847751364,59847.959087469906,129217.58300122168,187792.12505597592,89018.13804870506,136754.6038533321,-13881.044831015446,82052.09048570487,53400.09528569703,-15149.843982635266,4023.4598725995884,30955.882564354702,-2636.2479681451964,34893.36423782988
403739,140660.47100094997,24015.611891119137,48467.89859492303,52361.108232168044,124732.98839159144,187616.59500310215,83218.18008881694,132153.60137446795,-21824.310972687857,75758.4821679775,46944.55971600569,-22129.47260226039,18110.58393176926,30861.275028710763,11034.111617649456,27389.126422021985
403740,114694.0710077625,-3879.797520785181,21917.620654423525,28418.29435546413,95922.11591662887,178517.0242697036,55441.99380838592,103753.89418333181,-43512.70299534596,50152.76780592702,21630.84448725487,-48236.76989496198,23466.247783129624,25204.127148293057,16431.543194319358,7084.601471772722
403741,115768.90633342593,-4070.5028623712005,24231.534313258053,32091.283015395835,95880.77742027886,178593.19425821383,56863.67917513647,103888.93582401902,-39006.56213471487,52396.35058987268,24074.5445496031,-45393.072427390805,10820.68626436228,24486.480586311634,4181.493369903908,11351.869349584298
403742,141450.4826850872,23303.208478955574,50670.18250584949,56160.13952290587,124189.5700599648,187510.29884248564,84376.71554385165,131823.91224575095,-17013.36872335556,77911.83333214003,49325.20974980455,-19278.58649947631,3423.3665259317318,29898.249784321884,-3180.1640038999694,31948.568810570996
403743,144735.75443315558,28173.539659794063,52827.954513798715,56506.63637466238,129092.66046473391,187732.1923918691,87635.42295824579,136470.25568967842,-17905.928465780646,79976.38668039924,51136.39206802401,-17740.989725889664,15609.151443395047,31644.996689683372,8582.657465394741,31048.719566104344
403744,119587.32969340603,1466.2160980228682,26789.614877064167,32620.276550407838,101469.96796191682,181989.32453709442,60645.82024055419,109205.02434093805,-39776.343513423846,54876.38688706528,26262.948105603624,-43461.560078037786,23882.61291513376,26381.992358725787,16793.468499316914,10559.966130736666
403745,113479.03422780949,-6387.934293548049,21751.414320123415,29633.971771142475,93512.19605990074,176209.79462503194,54395.841672405266,101524.52703385853,-41383.65865437371,50020.24309624894,21685.442875594734,-47886.45738617674,13022.205384768737,24146.373045726603,6330.3787113177805,9107.91322998394
403746,136200.36209633475,17474.255697158045,45423.296558196795,51572.111560618774,118225.769283639,187260.98884947423,78785.00274099605,125963.1994188553,-21002.440442628507,72876.023901272,44358.468183611025,-24348.38393876248,3314.1506856755814,28668.965811362945,-3243.6181209849287,28209.368081719844
403747,145782.4147596787,29031.652713304138,54128.62216347007,57939.366119645245,130052.22354726167,187475.86837536696,88820.07879229795,137440.87711310558,-16411.320215148018,81245.75807628376,52420.00354196955,-16354.77208114295,13254.544647209083,31723.14894720737,6292.770810157345,32452.903999290254
403748,124023.71663037449,6283.783237231783,31221.183987536584,36462.224983411434,106478.40269535642,185581.27789584274,65362.79274299671,114128.10644701969,-36354.5347747052,59166.895495782825,30472.971107536527,-39127.32003584616,24118.696707526524,27444.37843290162,16982.55949097756,13753.834039401618
403749,113315.12151624382,-6382.307385555716,21389.637924686613,29019.158173068412,93539.68961497786,174796.22286198186,54182.51249191154,101516.58025453791,-42146.013474492815,49675.990186341594,21297.133180661443,-48335.66362043988,15290.26258649479,24302.597225286343,8523.714661756665,8383.3819817052
403750,132316.6102004608,13152.82884002537,41526.37732132464,48135.79240515452,113814.56756258702,187369.32367985343,74640.05443259393,121626.56957053968,-24008.8802300807,69125.80906265255,40657.562948188955,-28133.553625235487,3418.5304689175423,27770.444572255074,-3117.3634667061037,25394.7701530084
403751,145636.46370286716,28540.066489336412,54243.45848903521,58354.35587734062,129620.35536687476,187273.85435836308,88726.7937937257,137049.45572965435,-15786.916730429457,81365.50477009805,52581.897677779394,-16114.927829272528,10700.589260846278,31501.425739169856,3822.4697146829685,33048.724775005445
403752,126992.06534431927,9438.755223196868,34228.50630712883,39109.147710129866,109777.96766909305,187501.79655442672,68531.61589675785,117375.5051960967,-33953.44455572398,62080.46513488452,33343.52134240983,-36165.32060923602,23943.51344059966,28136.530736337747,16787.188874984335,15996.91766789437
403753,113098.82473260263,-6418.386249417623,20944.457718422786,28289.013759251167,93515.63516215402,174090.2127571574,53905.5713173564,101457.17405497623,-43015.1344375686,49254.055416871735,20834.10900995287,-48868.58497899928,17809.752195367775,24458.67422222445,10961.178816655833,7559.583253818328
403754,129392.38849786819,9950.203491366296,38536.43168565978,45411.91166268891,110541.812828362,187605.18364023636,71511.76629764785,118398.61358683158,-26439.577550202244,66257.7485140927,37819.07786616185,-31053.76479931886,4160.736469549494,27156.167993427654,-2378.4214536803015,23118.74350617911
403755,146036.5152648873,28630.3831870939,54912.787827198474,59267.93564756721,129774.49556109941,187372.17632208817,89213.62973836687,137237.09635409585,-14678.437037827889,82029.85753046826,53280.75551409318,-15312.722881647522,7999.658280743883,31392.221149317826,1202.6861464487456,34098.662117697604
403756,130096.63106115251,12660.336522838767,37459.8089593705,42067.52168722254,113139.57999906526,187347.8333508898,71865.59613947733,120694.2223823599,-31195.556236610108,65206.72092668791,36436.92376502566,-32948.36541911699,22863.33343950648,28791.306148486416,15712.992324547107,18578.753204008724
403757,112300.51531581082,-7089.459388177331,19905.051275370737,27038.27559122821,92815.82116077971,174304.01349157438,52996.08236562594,100735.35817710718,-44322.41911131262,48262.648179402415,19805.11182734915,-49972.41340850239,20277.278555389068,24462.469580444915,13354.422541995733,6324.043783610069
403758,125703.36707509632,6024.61687777169,34689.93548345546,41824.18304765289,106491.91812409129,185774.95065981545,67544.96015154543,114393.3387177721,-29743.113599297958,62554.86546742544,34139.308799162114,-34862.87509537359,5806.310190002584,26431.474588237044,-759.4511972857448,20020.618521900356
403759,146447.54617066478,28789.03587378382,55539.10893151936,60094.902738313045,129968.7867131601,187551.20573219535,89688.47459486683,137461.55747265986,-13685.565559394063,82647.92002686948,53929.10337694171,-14575.543740160469,5681.663798812707,31303.067216783595,-1045.927953775969,35039.044574436746
403760,134682.50369456643,17444.965636847024,42259.82155577745,46520.17643671141,118096.76389040666,187437.64645191067,76796.82275675787,125592.25006115268,-27059.666707077507,69842.16063808487,41040.09899603917,-28173.314137988924,20873.634781467947,29720.12697673675,13746.477455753058,22458.583046354714
403761,112399.0804801133,-6811.858938876773,19802.688696373207,26681.5792898974,93070.24163208844,175665.86177798672,53042.24128331329,100961.97469578416,-44789.019981619196,48174.96291244634,19682.809498860606,-50137.204539772516,22204.74814240782,24626.40014277943,15218.213868047214,5884.702953151893
403762,120841.44681569257,915.13485532715,29601.133035384035,37072.70881354894,101184.4254769112,181973.29561149294,62311.98095408785,109141.7249142838,-34160.200432404235,57647.12351319555,29268.796149470316,-39917.887859649876,8089.168716938669,25484.360131379333,1488.890079857737,15888.045019694779
403763,145034.172049081,27059.651361436197,54243.47181721757,59133.1034034921,128177.24106953782,187542.20043119622,88192.22411726156,135724.47089233913,-14349.603412833749,81408.46605703942,52735.09703864033,-15745.681888925157,4191.9811584187455,30846.7813417444,-2474.1514589060384,34434.07927979295
403764,139824.1992478191,22824.05670030063,47654.525032372345,51548.8770227151,123644.19275795956,187560.59740435588,82328.03457228761,131076.15497051398,-22391.09407084118,75040.49198191517,46204.76160674006,-22806.946999341602,18428.550571924803,30739.70890507699,11340.416129232732,26843.170366112987
403765,114771.50754082148,-4100.782015744811,22046.74322769087,28478.018292278153,95815.215108582,178125.27291371668,55522.69101045816,103650.54340914988,-43275.8361487024,50343.49551368422,21794.508649635856,-47984.32922535423,23340.211032620005,25251.318543918755,16297.608433380603,7297.760878615077
403766,116486.78889473059,-3602.3767407182495,25004.80489100876,32739.226902548693,96464.32737768917,178742.06859954877,57616.14660978544,104468.34437085844,-38231.36202335713,53208.327417624554,24855.50145587011,-44507.85915239407,10455.137898728848,24655.592375190005,3811.8992171424575,12075.454607862392
403767,141443.81964315486,23039.95770307225,50680.41979927607,56091.524646896134,123998.49244409891,187417.42462897592,84352.81101551643,131632.6783463113,-16931.25231234297,77980.48499102434,49370.63000447557,-19167.577356093756,3469.429223577313,29933.034024909328,-3147.328831724064,32029.533430541273
403768,143601.57101095602,26725.17198432346,51671.43795870571,55374.662085653574,127657.77217143305,187508.46621148044,86401.4057116916,135053.34536132892,-18796.297852890835,78913.0715866624,50062.901926016064,-18789.556954340715,15983.952093824879,31435.27200007396,8941.460297710662,30221.27203917592
403769,118813.53071310376,390.4795593609616,26009.98114827783,31857.967822945764,100400.4920131677,181259.79408309606,59789.57841159018,108155.22850709257,-40316.66290996446,54171.70040145969,25551.014836546565,-44137.4469582868,23953.512187955825,26229.324165556995,16856.073821271646,10058.090503250207
403770,114000.75955406768,-6074.673809510614,22284.490301855752,30061.18085828036,93856.68856596765,176270.13095262967,54909.57188176566,101871.57536163348,-40841.717067697384,50576.55174974014,22223.387475994743,-47274.22371899023,12759.755481995197,24264.046381170625,6061.27370042789,9618.399494397088
403771,136975.93738875707,18102.863691200244,46197.288072893585,52189.62283374315,118874.54341507507,187415.1402389819,79567.2111332461,126604.83723280938,-20317.759313842587,73656.19337448978,45114.61419444179,-23519.034987149542,3181.350476183309,28852.01990126073,-3389.0185887423327,28856.340325278015
403772,145377.59958059297,28422.86657048477,53687.760677852726,57450.76058501309,129404.45444594283,187388.76109134319,88339.89827885483,136804.0741661052,-16736.696705976676,80851.245047765,52015.58695535653,-16726.30279939785,13458.532641793849,31655.872259499658,6483.826218869648,32154.041098009548
403773,122979.6456882769,4979.15937164629,30140.704148824792,35428.609640789684,105094.93341090177,184767.03687368607,64198.592592450965,112772.40626261203,-37159.42028826519,58152.98876703635,29462.152457870267,-40125.28697479193,24217.53894131752,27217.045855699376,17075.795185429004,12997.959937593065
403774,113155.54695632937,-6734.687395023597,21200.183556779328,28796.773284467283,93119.30210904685,174610.26868950532,53950.25931835562,101113.73365559909,-42209.49796174943,49520.418634806454,21136.563943147044,-48458.058105088945,15146.483984886594,24258.298550695246,8374.08888505412,8317.721608213842
403775,133102.4903930822,13868.273743916441,42274.73715180411,48728.07484125373,114475.11158232247,187539.27095824634,75413.56183971291,122283.85069134744,-23365.27390719719,69873.61919179503,41383.81316406142,-27347.189820228563,3334.926467125064,27950.490763230267,-3211.909042154322,25993.54885658632
403776,146024.94152909715,28872.28974320651,54576.59621493817,58558.37203158952,129867.10279884524,187410.6697174104,89078.1859782711,137296.26012235193,-15515.195163528788,81706.42623121338,52899.83530003784,-15749.093006628518,10831.003382879418,31602.451814137552,3939.733216118925,33298.55761575526
403777,126518.5822676298,8833.0707621884,33699.82483893649,38575.62118266235,109042.37260746198,187420.479235721,67961.97463575976,116661.63151838254,-34333.678493568565,61584.82266459044,32837.93552545915,-36641.80269079548,23952.438418701877,28020.136990174444,16793.415741065386,15629.078389315722
403778,112714.7191543132,-6937.111583301153,20502.97187845782,27857.933929745304,92853.09459660473,173834.45367281916,53416.99934873642,100821.27548180697,-43295.08150745567,48840.11330171896,20413.338181840703,-49256.347491480614,17639.816926785243,24343.124037367008,10794.228516272486,7281.359517842804
403779,129758.58880767002,10286.419561186618,38823.14357564343,45605.33836868032,110740.61301856747,187575.1716787049,71811.10515091987,118609.09392827493,-26192.808302860183,66538.24972488126,38079.097213871246,-30746.11426453584,4087.777027427237,27211.506360045765,-2455.815551686187,23335.26058514002
403780,146692.89490711223,29342.032318114027,55470.04660040837,59671.26157356978,130342.09872376018,187527.84637767886,89823.05716734144,137808.00405844266,-14280.707217680372,82561.85717936562,53784.48875421066,-14761.830582847695,8127.148461618453,31521.131134561798,1315.3986523591614,34457.10766507976
403781,130491.54910530464,13095.544116122552,37755.401425883974,42261.62705794275,113407.24070417657,187470.09559808948,72192.50014889688,120975.18776519026,-30981.956771651192,65479.98960672732,36690.154747003464,-32655.288377643483,22828.173601890667,28834.830396231584,15669.252668122575,18761.6077953293
403782,112544.65489458108,-6829.016490341877,20046.899802463362,27127.782210929163,92889.4562009594,174447.64173407573,53148.96319881069,100831.94232525685,-44199.49318053942,48377.22251321023,19907.8923088967,-49832.65531064232,20041.968321048924,24449.801797764412,13121.311027377302,6421.749134226215
403783,125937.6494512166,6313.131613822545,34799.95102001313,41866.50074356125,106584.54516801343,186123.8576239139,67684.78077504926,114506.36632400821,-29696.766230809695,62626.457958838626,34196.86455381903,-34776.5184734738,5725.993090546635,26420.518752555705,-841.1592477506542,20049.12080859251
403784,146715.5877623688,29176.42476682335,55660.55978066519,60112.40339184835,130155.21080947605,187526.97436373797,89869.91079800417,137661.81135438613,-13704.253195265099,82720.46999444062,53980.76237491811,-14503.526006910357,5911.273177544841,31324.093033285735,-827.0297755117197,35006.83531577683
403785,134950.10483145836,17836.635497683426,42385.50577495473,46554.474203618636,118285.2043561957,187579.7812757083,76979.58698900597,125797.12856362411,-27063.81284206046,69913.24358633388,41090.48233147824,-28100.938892169925,21048.922285471348,29738.083789491073,13913.768446676415,22434.42591720007
403786,112889.65990509494,-6220.8112421592705,20179.963770805844,26991.019437629235,93467.9160991208,175797.1215415865,53462.24942438011,101378.27568683581,-44524.63999519837,48482.060954941815,19974.549492352264,-49812.63377377478,22001.669161228983,24667.92594643511,15017.379243427366,6107.091394945316
403787,121301.14174864253,1464.606790132505,29942.226634438386,37353.67395453462,101541.65116582684,182334.30720671394,62693.10334169926,109519.06311624328,-33920.145975503336,57915.14940366849,29520.45848025454,-39634.22559784308,7879.883487126688,25517.737115433687,1282.9139585357088,16085.01893359227
403788,145039.32650091202,27160.53363898312,54107.83700842963,58953.06937375407,128073.21062106718,187396.22554575984,88092.69474739175,135641.65136233813,-14556.433035346887,81216.12762366715,52524.98316179933,-15945.308792897382,4355.509953836044,30808.742747164753,-2317.9362536038507,34211.456440335285
403789,139601.95439704187,22684.255775277525,47285.48076705406,51153.733192993466,123298.03895268097,187541.20787697926,81986.03021404795,130753.73181607091,-22792.227147390633,74625.36181508398,45772.92535688511,-23235.136240854514,18693.090069639817,30656.555835187366,11596.373758304135,26437.721344619345
403790,115080.80996272633,-3714.1857629387196,22233.682548490382,28617.746418870855,96023.13490901544,178171.6154826409,55743.05809745858,103877.72701844251,-43178.43158357356,50462.45688350214,21896.31378629549,-47858.12339002408,23270.958550854015,25268.26403570408,16229.102552999628,7359.1762255472895
403791,117174.49150936304,-2836.44900610575,25577.627108216166,33236.63439592699,97069.76163555645,179079.46343698044,58233.86606694998,105090.33171683969,-37799.65008858405,53697.04855117928,25325.072143547906,-43998.159667741915,10244.532357333332,24751.18381264332,3601.052665640149,12448.69571851828
403792,141722.73919024115,23383.114394701624,50837.32475346287,56198.32621838926,124170.17979024768,187352.7813953735,84542.51374961194,131826.48664463422,-16863.535649186037,78065.80211410006,49436.65641233282,-19073.68806998657,3454.378564854766,29951.09932551719,-3162.3278574750634,32061.951831610768
403793,143309.66331359636,26463.936355253136,51247.668118094996,54946.8417804363,127209.65423412353,187378.69563728943,85986.82364655097,134634.73278785325,-19211.614639044066,78443.05470149999,49576.54685746885,-19265.088875354562,16165.34669048776,31336.86080751327,9122.684802438222,29805.41944436725
403794,118711.5053232619,308.599445868378,25779.702192831563,31614.098307409993,100144.15071836518,181175.6496921451,59569.6349930451,107926.41775509709,-40563.065994583245,53889.483252513906,25251.023454933405,-44418.28662553962,24028.54962681663,26169.099057380776,16934.037005660794,9808.298209945147
403795,114556.71040346712,-5473.690988797779,22719.49453653276,30420.08263938868,94311.13466566772,176557.24522363977,55382.97003143727,102345.86413442544,-40535.36786977491,50936.55484533089,22560.408159620478,-46896.96203496626,12655.10176971865,24340.44311828641,5959.300011985146,9889.51703030038
403796,137646.4091953197,18832.779469122295,46749.57201734073,52643.506789383326,119466.96288181833,187499.61976750294,80169.60828600425,127215.04179870701,-19927.503594517613,74132.23534357536,45566.364163548315,-23024.61232244468,3124.260579502124,28960.593312916582,-3449.00742317529,29206.637290031274
403797,145394.05416760716,28456.256148943357,53578.39011895119,57304.45516679497,129282.73262637544,187330.5373538225,88251.80299363489,136705.40455848558,-16888.461697947438,80692.00912946538,51836.3582352292,-16880.603587044083,13562.157045407477,31625.822886952315,6586.6307355265835,31999.941720121344
403798,122639.86647573023,4602.177338839014,29670.69268380585,34970.19121345012,104558.48120650063,184519.86207339802,63723.42801305649,112260.13341787615,-37583.259256009944,57648.38977051719,28942.47043297784,-40626.61846194646,24286.90656543047,27101.926005656194,17149.93629216583,12597.143583545307
403799,113269.34556857074,-6648.350027313726,21182.16185089919,28748.106100283505,93066.30469118271,174700.55720204656,53946.44603582893,101077.38470526638,-42258.05409315725,49453.34880283,21051.4432936699,-48510.35618235217,15107.308309261558,24239.568692033485,8342.348734295678,8271.25754107173
403800,133722.58644252017,14509.370967238663,42767.110000922265,49121.90570879206,114997.39329079071,187641.8941390724,75953.76406919166,122811.61996580874,-23022.76889336434,70299.28161561786,41785.18322299854,-26902.342178783394,3313.0442930922604,28053.520535354466,-3234.150458649137,26313.991238509694
403801,146428.45617532058,29290.7272172815,54855.0289530514,58750.65407001652,130164.23530887847,187485.93211756842,89396.90560375873,137597.24501996257,-15353.826797309544,81928.40357639876,53101.119496312866,-15515.430423148353,10908.468189782976,31665.25527714052,4011.8709199339146,33452.03614870981
403802,126427.01796952574,8689.439193803206,33482.71250078569,38339.985599213964,108765.21854936771,187367.36681372742,67746.19944030269,116393.91242907508,-34545.39872825034,61328.733168664214,32571.774242346426,-36888.944334250555,23980.75046691738,27962.537824822608,16824.20665524944,15441.761598897001
403803,112584.32168290265,-7153.79120505968,20244.545830345807,27592.383007138833,92506.81468088328,173724.1258800486,53148.98165995696,100484.96719772564,-43526.72894254142,48542.57888272342,20109.345706426357,-49543.258909670185,17620.03618968549,24273.129652325748,10780.74050202762,7080.077625989814
403804,129878.27826585317,10342.931628949771,38818.21377239722,45547.61136421959,110685.19847808742,187563.56787120283,71817.43391541427,118557.78281723706,-26246.823461628548,66486.94081508901,38018.26703983022,-30789.24402827923,4178.353489936459,27218.572385552325,-2364.4836859257066,23301.59438708539
403805,146837.37669639342,29431.690065730043,55503.068547026545,59634.97974243086,130330.89997146749,187620.596185725,89870.86670676367,137796.6803323219,-14316.130891064417,82551.29154657354,53762.70494361785,-14767.233454329733,8321.160060962255,31554.59401033617,1508.5808601972108,34442.769978710545
403806,130294.42110664475,12779.926693947833,37467.914718648506,41955.03846422585,112991.0705778319,187536.9005540621,71882.93856271697,120564.18578096468,-31235.223248298487,65167.626003664234,36372.6105445556,-32958.58118573671,22987.16892412876,28805.178603618744,15829.957106575232,18545.607141177505
403807,112049.29182906909,-7528.593101333574,19489.29948885242,26608.713308291342,92094.8992505336,173681.80917608482,52527.162067255114,100049.65021369266,-44613.57379902742,47814.06567451341,19347.6778106785,-50381.656031990504,20044.147719876182,24351.589396569256,13131.648619833086,6055.337721563564
403808,125573.94925615375,5717.460695678673,34376.627558931235,41467.39702759447,105903.88668736198,185720.29619411193,67194.87775847496,113838.5824830033,-29975.875976632924,62203.87598730349,33775.11799602157,-35176.73507450997,5683.005631990232,26353.424166924222,-876.7973424859637,19810.301538656848
403809,146419.87468398846,28661.884585775533,55298.39292559015,59734.182022616034,129560.53642354408,187518.51987286544,89454.6115897653,137077.29513638653,-13960.637971986676,82370.28529384876,53624.39629693133,-14835.023456500967,6091.190288218341,31298.67541354657,-648.9471174504642,34789.40549439682
403810,134683.59105986182,17333.02903764461,42060.24004132223,46205.59812556414,117706.11921491397,187665.7320174752,76594.61094755965,125228.5298443033,-27267.402602387145,69613.289267904,40781.96786832258,-28376.646597651044,21165.46826553349,29711.92937617574,14029.298456369987,22267.255280505287
403811,112921.14336113224,-6449.377214286618,20167.01566084141,26943.982351199353,93177.57097801699,175362.5405811211,53385.01004799296,101099.38797414454,-44430.29329740471,48490.67628919425,19974.343962750034,-49767.4376989173,21832.798525346792,24682.630778007846,14853.51066242613,6218.589662215562
403812,121481.81722528262,1389.5849046524972,30065.803010318697,37417.48434250481,101408.85885599791,182233.59563131782,62765.83199637536,109399.19241835928,-33722.86606638268,58061.7582314963,29657.12494777946,-39452.536197836795,7696.586244302269,25556.126905040728,1106.261518662085,16293.442076960851
403813,144962.86719900186,26848.452512495558,53951.53169107934,58726.63469935265,127692.6629518341,187310.50166871044,87897.62773548532,135275.8678300617,-14651.543956306512,81092.75887101327,52389.562826692476,-16053.732547578024,4481.564753659083,30811.79847803349,-2188.3397242976616,34148.47564409348
403814,139251.25525704905,22094.215092444214,46849.854827717936,50665.29991891374,122630.77568748099,187538.4125035163,81506.3454180781,130104.85646048139,-23130.14391991042,74232.97983466164,45368.739057766375,-23623.242022872775,18911.750667663662,30602.22415502515,11820.383737121865,26146.02256688877
403815,115119.64037005421,-3906.764463432489,22211.13317283617,28527.81544167519,95769.03931780763,177861.71659239626,55679.50103939652,103640.75763543125,-43144.423038769644,50466.622316096575,21888.043688046004,-47837.22223808097,23184.759341119465,25275.306961203314,16151.382598505777,7411.454960022051
403816,117701.38327217147,-2508.8668227138382,26045.580462876886,33589.77070155342,97351.87389033481,179213.56405640702,58683.648059202285,105389.0618110731,-37361.606234921586,54174.62541476591,25784.734941572602,-43498.54606613704,10026.759836542695,24854.37200504386,3393.9378477380073,12878.554026345613
403817,141980.41539692858,23460.77426850684,51013.69707473291,56260.86071773997,124190.08863965368,187303.36777112808,84708.4320900414,131868.10377711727,-16717.677093453352,78261.15824029446,49614.79754772861,-18874.83367090957,3514.0374445047682,30012.885623030816,-3103.210823493247,32219.884667256443
403818,142887.3256757203,25830.99243643606,50726.48952288632,54374.35862166855,126491.04492529077,187301.88250389555,85428.96635499186,133952.6843963448,-19647.391038304664,77961.881504001,49087.34748146574,-19757.425850669595,16404.3315088217,31250.434993175015,9357.427977252979,29416.360055204084
403819,118433.9299703719,-185.81524644429487,25426.375354560943,31223.000633120875,99567.63981038981,180788.85520270967,59167.277843956,107390.61592408239,-40823.272016995645,53562.20287177719,24922.016330345534,-44746.89223285299,24016.77234428496,26093.638573124055,16923.88771666057,9576.11809061984
403820,115008.42059444629,-5185.474632709099,23108.40733789386,30704.639445678502,94538.45301873828,176716.8201272232,55752.08571019991,102606.7670705255,-40181.12265761985,51321.702257519166,22937.571947430242,-46500.62347006279,12458.519956296288,24416.657814785063,5765.801356138418,10229.932718085816
403821,138251.4854182146,19324.383114023694,47277.75968230447,53032.333461423084,119897.47601301663,187541.1988747493,80700.65611628856,127674.4343972978,-19506.469531971386,74645.92400850917,46068.0845589734,-22506.588259234082,3082.377667699435,29081.380851067646,-3491.365194730771,29610.775348848038
403822,145394.84493504767,28327.005089220555,53478.27996241786,57117.59079366796,129063.56901074456,187281.625158297,88135.12108311293,136528.15825771913,-16994.988193865986,80595.0849587777,51734.86377190561,-16984.589479940878,13734.882689149477,31617.52253729177,6758.127645285771,31906.566473116785
403823,122325.12633408498,4133.238678592544,29271.025190222266,34540.01397897405,103985.30221141707,184206.2776151339,63278.21491614643,111742.99924805711,-37907.49250811772,57256.97439478208,28555.459617093293,-41025.102796497085,24336.000146938903,27008.296462074853,17207.050316546993,12294.555528774428
403824,113424.8699840786,-6611.519511825002,21272.107476214947,28769.67472236035,93014.92479876186,174790.78784785827,54005.34821605225,101080.42181033496,-42174.68762824153,49529.44559425595,21127.783779047015,-48434.56027972515,15006.662829646772,24242.2330607876,8249.949176525342,8348.016485859693
403825,134172.59832569808,14892.412422961725,43152.13176072337,49389.16574360458,115306.63739800404,187713.2325646408,76334.87304662014,123169.7776135036,-22745.23483898161,70657.54526946621,42136.43410878796,-26550.536548561016,3355.75541914562,28141.228057222415,-3189.230668170984,26573.758637801457
403826,146382.87390403118,29156.85106055759,54740.451125737156,58563.65101729223,129942.39963347754,187521.1229105217,89259.36093965324,137435.29263407673,-15496.392822679278,81800.80709611165,52970.2478340377,-15657.49125090304,11138.961660515464,31658.84769680878,4242.513106115791,33317.81417034165
403827,125928.02749960546,8041.234899777507,32937.839943499406,37804.52918990549,108015.92404764806,187318.31842072995,67132.70348731894,115719.23284478227,-34972.49931430009,60789.450564058374,32038.05547301352,-37436.05517818419,24027.416373612436,27845.069711406293,16878.853292819942,15036.17030612889
403828,112467.98623249652,-7413.815909271045,20098.860389616417,27441.90623789421,92158.65909903987,173563.9999066534,52936.65340814583,100208.64071566655,-43577.67299964522,48392.00430377428,19960.54064488152,-49683.69424506041,17395.649678970345,24222.21618001857,10570.058434340293,7020.616143190538
403829,130360.02651983307,10758.269885041833,39253.378571485446,45888.98253912025,111027.60335211131,187574.47520396698,72231.71512894228,118958.24009004534,-25872.085234880684,66894.74426622265,38413.83310706708,-30367.156151412477,4035.4129590001985,27304.308538400717,-2500.140538369049,23639.14486111026
403830,147213.26365244944,29782.550970942815,55798.35277831471,59811.82781004993,130600.04547800885,187689.07090557372,90167.88433430836,138121.36726840504,-14125.195978160695,82820.09469884314,54013.81523441455,-14497.850766789219,8498.70656788664,31635.954714311956,1682.308086209895,34610.24458799627
403831,130339.38957858049,12778.546371759548,37434.75833059243,41857.786737981725,112894.55186063741,187566.42613246612,71830.9303255568,120532.26800404722,-31284.262478310662,65118.07324296228,36311.26601041044,-33008.052245743296,23005.656206321582,28781.65606794532,15855.617766295787,18491.084473701223
403832,112492.97310696176,-7107.783572782948,19864.328806577563,26911.658124312977,92427.92966949605,174048.1201499015,52890.4754618448,100445.1993993796,-44284.36561812635,48154.03947030305,19676.157273175926,-50026.332332291255,19697.4222141606,24374.967120780755,12800.395591837627,6354.145407913516
403833,126464.89674447631,6673.980253440068,35170.07041544575,42116.630448991855,106778.16586312995,186526.72872726014,68023.57538642953,114763.80374786702,-29366.93952298686,62937.8825891055,34488.93964540982,-34432.78696975061,5438.126708899508,26470.276386635993,-1110.6415799882377,20369.015275302827
403834,147101.39589915788,29474.71747030229,55842.82202459682,60113.683925207566,130278.66462879165,187533.46000238456,90063.02921001226,137841.3560978992,-13664.169177865735,82849.40611021844,54079.96736577894,-14372.670957936049,6279.708768887207,31398.621226125986,-463.05902885361104,35059.2142773196
403835,134948.03213581798,17724.95514123902,42187.39887997792,46228.240870419875,117987.459638779,187730.28091248474,76769.93738188957,125558.8515923861,-27315.88108925173,69672.82753188309,40826.60316705517,-28342.149563390303,21332.10460901627,29706.090312653687,14200.88286268757,22218.247951154633
403836,113455.47071256561,-5773.139732098857,20597.196024475656,27292.305788675196,93747.3558805963,175830.92292033677,53856.141280069125,101706.22908466973,-44168.89728054111,48830.333583344065,20305.91869047475,-49434.319278057796,21584.77423253164,24701.917622159162,14623.342822824574,6459.541347836355
403837,122448.28362852627,2559.4048321881687,30920.218435646795,38147.68826142097,102475.15557072974,183161.21718303883,63688.51076376156,110484.13769292818,-33126.6757256784,58797.51834041356,30381.39281585341,-38713.35016455764,7412.672502276565,25664.873216583776,833.2706616897414,16848.37256608053
403838,145586.11007927978,27716.01563374457,54430.49586145558,59080.79986764067,128440.53075795359,187260.615173659,88460.07477036516,136033.17216827947,-14452.66831013406,81452.28214501319,52738.00404646872,-15712.18599046222,4647.06922871261,30880.907554236874,-2027.6147637572371,34334.25395408685
403839,139250.55074084585,22311.304893021043,46702.27436088399,50464.84875157438,122707.47247266545,187555.05228647415,81415.67135142689,130195.67870884843,-23440.666456369632,73984.01635903846,45115.931859750504,-23901.482103968625,19201.3020617675,30538.74255455975,12101.470746919798,25857.39733020733
403840,115307.32232680017,-3510.6759446992246,22299.56809352214,28594.492962045304,96034.74844884078,178080.07389067207,55806.62592469611,103912.63471681057,-43189.52007480143,50441.74834193382,21863.85862908393,-47872.12731507698,23105.297022700783,25239.999932094797,16076.05819759098,7372.28603056671
403841,118383.02647626145,-1584.9806731079157,26650.119283859065,34137.76448830445,98162.38785202845,179866.81130167673,59343.6264852427,106188.12422258127,-36957.592246516,54647.35755928303,26253.52358634997,-43016.70763870843,9782.660061125,24924.22123983593,3157.273594804709,13257.39833078404
403842,142475.32145800086,24214.370853836263,51417.24396224883,56601.460570895026,124827.41548760168,187260.3982475011,85174.23255931633,132484.00085175788,-16525.096713738458,78539.40214105189,49887.011135608635,-18596.746563877834,3578.8374864312773,30074.499149005005,-3034.5348559357403,32400.745026683286
403843,142696.5562170018,25850.97938939753,50435.02977187184,54085.557217614914,126376.46302403006,187258.44109720172,85169.30385326926,133822.79619023047,-20017.876219548554,77574.3736010001,48697.929364888965,-20155.10431291098,16654.094638010087,31171.51429685729,9610.685185722148,29070.857256379557
403844,118322.08241747976,-112.55582588627612,25246.655761679074,31071.10417724286,99513.02571174002,180818.63142725403,59001.988584432205,107318.95523325235,-41041.2866079198,53284.78878513192,24643.206140116556,-45018.46907416653,23971.52243349007,26016.054795296404,16891.24946199345,9373.711314502048
403845,115491.75280645907,-4486.314039988083,23541.61571201486,31112.075347195398,95131.98213885832,177241.86973374497,56225.80142300297,103170.70951166155,-39874.99326035054,51643.69338210818,23250.782861198288,-46154.33913703912,12251.547077961095,24466.615295078427,5567.205139160373,10517.043237878112
403846,138779.04578610376,20093.062073655346,47749.74920521597,53447.678854454505,120566.14876526732,187558.4594699142,81230.75761405902,128307.80543329704,-19218.30064437796,75009.68204237448,46417.359953088,-22124.386052153604,3107.444175374762,29170.167054851154,-3467.7588143289563,29883.124808799494
403847,145209.1246947911,28328.380283723574,53229.46032461814,56875.23288320139,128946.91026287239,187243.59652056993,87913.3831846418,136387.89912886106,-17302.819687842537,80268.39677583263,51399.257527812195,-17305.308886032974,13969.655207286727,31561.94509562901,6989.242721744116,31624.688992592928
403848,121971.6190682117,3910.6899903962662,28873.246071461064,34198.87213389533,103640.71903489389,183995.6306155252,62877.073758594604,111381.61523535661,-38267.98335524308,56792.33827393308,28087.164086855635,-41470.89897015972,24316.773320835724,26894.758586163465,17191.19008320059,11964.309360422125
403849,113673.03892987204,-6211.570135543994,21485.305214918008,28990.773709487778,93310.19095080493,175144.62094621794,54238.22789679653,101349.8409678004,-42004.84473852871,49660.5513927126,21250.70454372645,-48264.531101373796,14764.753346811864,24247.371312149007,8013.6078193570565,8512.62539081017
403850,134856.47926666564,15784.537441823275,43785.336917980865,49956.0241627154,116105.33997692598,187760.1168983478,77027.69577361738,123932.32287935834,-22282.560378144713,71196.04865795662,42658.06033128727,-25972.482619623654,3247.224843293751,28254.913692085425,-3298.944866584014,27013.197911470546
403851,146709.727618545,29689.533499689252,54990.72045637459,58755.7637641836,130367.55633812875,187538.12983129872,89569.04002469081,137829.5144266806,-15385.088432407512,81974.3899975145,53125.90220651521,-15459.540838823274,11285.630792547841,31704.545460194975,4383.653437013912,33430.081447671844
403852,125904.49962024725,8180.033769882317,32841.15785528596,37704.055342315674,108034.35841662416,187282.7758582473,67070.25200019454,115717.06989799117,-35112.53622999489,60628.38377452293,31866.24891279835,-37574.698053678134,24048.09283073331,27792.912134135036,16906.12366187079,14911.375830712355
403853,112634.11429799903,-7085.951459308128,20207.602095712016,27544.590650848742,92374.7789796915,173866.35534745638,53083.70219917878,100404.34334016153,-43528.96824396351,48430.61544288212,19991.18013805728,-49619.087062801955,17270.101645268027,24205.244455055687,10452.246550464919,7071.137135201012
403854,130699.05926755726,11289.469922242553,39537.34089298925,46134.11641662119,111457.85441171561,187585.94952233264,72574.83223792072,119364.43039237137,-25711.93263908679,67107.5929207647,38616.389848240484,-30135.0421401895,4050.9383511211113,27348.8253874155,-2484.249593415917,23795.131856306543
403855,147226.6482238889,29972.751249314446,55754.47444697138,59748.33843153909,130684.51699023612,187733.38123227604,90174.77271438592,138187.166018277,-14248.987161833016,82724.28688463682,53910.236345995785,-14585.236976262882,8729.047607039036,31632.312530047024,1908.7154025197242,34500.80669582292
403856,130034.9872440932,12588.235931666837,37091.58717774695,41554.80461061015,112589.75658566653,187582.0079759686,71502.52113361582,120221.7413915321,-31593.697252667134,64739.29407894491,35931.11248452365,-33373.3648277009,23088.52664278351,28699.042490643576,15940.748581193824,18202.136974494297
403857,112383.36230562025,-7129.815999618993,19744.07270439336,26836.970527232952,92299.2456241724,173942.78796183516,52773.3005437866,100314.22754768528,-44357.220737457275,47995.54183852849,19515.954245949706,-50159.832427408066,19557.014622697803,24330.268814943345,12665.952925073552,6280.844113409498
403858,126490.07257020738,6795.259928626912,35188.40963418755,42150.727032222036,106801.79602720168,186650.47465651203,68056.90523974271,114786.08387973454,-29344.253248647496,62924.12376600913,34469.20540652746,-34423.685371985746,5437.898833553119,26482.459029376565,-1111.7526334170814,20385.262965242542
403859,146816.7753649737,29266.172683499903,55546.01679090428,59842.2350180846,129968.6628254277,187545.02593576268,89774.5717914248,137538.66994830914,-13925.351648385373,82542.45128196098,53765.244320242724,-14667.694535683659,6529.105493136034,31366.882469480865,-219.07575812157057,34811.247952562946
403860,134342.23324946978,17129.02533895171,41580.83025614003,45693.13128889784,117284.96539606596,187771.6859053479,76140.8567487618,124883.53287858894,-27775.651545224027,69085.8020266685,40234.47752690966,-28913.598778402677,21538.671416265748,29607.83926118313,14401.285976836003,21778.560998706987
403861,112955.95851681863,-6311.308143743949,20135.811239318104,26917.32466483988,93118.64848204391,175202.7096918738,53353.21460026297,101122.830477611,-44450.648802851705,48397.515036167024,19866.89516325158,-49839.74124843987,21597.728699494688,24634.87231956947,14633.860242317996,6181.374788786628
403862,121911.96969503938,1948.3527328779887,30450.69699614273,37763.42593001363,101793.54042476334,182606.17726721778,63169.20919202105,109861.55957936119,-33402.81317016236,58375.6267727152,29950.07740599572,-39108.97224825931,7482.067732707295,25615.142350637172,898.9812741852846,16573.876124449722
403863,144814.9991217675,26820.993847480117,53732.37489089236,58478.42229641833,127481.44633501793,187228.81514550972,87694.12969472964,135147.1778082928,-14903.9881621257,80830.44896907557,52106.36243247223,-16309.019096161126,4849.211439053986,30800.599701419655,-1833.2200163349269,33897.86830274707
403864,138294.84185002523,21162.212051607275,45814.23101692059,49690.99942838859,121489.46710241395,187569.2637147393,80433.86622024747,129072.1115793476,-23996.614652642667,73198.52973890673,44322.59661118657,-24650.922262270902,19362.710123221397,30414.031555183024,12260.408836071729,25317.516483230425
403865,114785.62605859476,-4249.833859022059,21856.02423533167,28232.785650339498,95239.01355520854,177377.06010075303,55272.43831646295,103226.67873288228,-43328.637193659786,50103.62789570354,21513.1710577821,-48158.76340021846,22977.407821136276,25190.229901868137,15952.928376163867,7214.46430702184
403866,118371.83964450381,-1790.053582226331,26707.326985526895,34198.541662554686,97909.15529419635,179638.94401016235,59342.739700090286,106074.85597050928,-36702.5959750784,54804.572285595845,26389.422005310746,-42804.017548744654,9600.759076959417,24979.186347240222,2977.4678358299316,13470.90863913086
403867,142420.3348181062,23985.110236795936,51402.118461777405,56546.11789579064,124533.63295330458,187226.67662036524,85120.70118482383,132375.64448604733,-16391.46356817677,78632.56923603089,49955.00282849117,-18460.554274930677,3631.9026931465623,30128.2776452328,-2988.5680083204993,32505.536568245847
403868,142193.64262332514,25141.627257568638,49941.314129051665,53574.490263055166,125571.39489142685,187233.06973666797,84623.08357348622,133252.17145127448,-20293.537353183892,77209.8598428776,48311.170062412246,-20487.19080536599,16853.146919895087,31121.3209351035,9805.520899049294,28791.74561612095
403869,117929.838885126,-728.6318683259569,24868.89168674322,30684.820850249744,98795.57482783229,180331.22737629898,58567.62062777385,106869.8355710622,-41192.95606294329,53035.97834501168,24370.887040159174,-45230.03637812135,23906.95098002563,25960.950268809647,16832.53701906197,9203.883026792893
403870,115686.21714462992,-4474.080962158224,23750.805786822348,31252.089657740307,95053.88722039529,177260.453635382,56411.22915518001,103381.31860789524,-39555.39596108184,51956.39561172446,23530.351137449194,-45798.748223033435,12036.1998859872,24527.135624044924,5357.49647320958,10788.054787647849
403871,139098.99316566208,20275.660369127603,48059.454880679084,53641.42007322163,120652.19751398376,187559.0233859027,81546.50034042899,128705.203337049,-18876.290051587443,75416.13955732071,46786.44280780641,-21689.553397090887,3112.73904213294,29274.21743408731,-3465.691405537229,30178.60473880168
403872,145020.37557529256,27981.298191910042,53000.77893296421,56565.35250362384,128474.46913168962,187211.03790351376,87677.47585349838,136260.98504037957,-17428.49302628201,80148.71857809188,51247.669818672206,-17414.81952889427,14170.16232210696,31553.4588852681,7183.957959205861,31483.23970696126
403873,121639.96160260032,3391.676855636141,28506.582571029874,33790.55926183557,102984.25375795773,183595.163924146,62485.390516493695,111098.02177680205,-38476.67714019974,56532.72224959699,27799.440128142436,-41719.55659954192,24323.648851475027,26830.691760874004,17200.646411727415,11742.713053795585
403874,113803.94206159482,-6238.237555207627,21587.033990577063,29016.19927947094,93157.52340716326,175177.58453043833,54338.307390286085,101581.84718303425,-41817.95263718372,49849.197218223766,21403.338395278985,-48055.27496533553,14591.883833009651,24271.800347909357,7844.993834545134,8659.898098266493
403875,135276.8451866904,16101.255543320625,44158.64085858673,50201.40309318948,116298.06567541914,187789.66516099003,77432.15628998584,124516.52618212218,-21920.18077711197,71641.89814915755,43061.01485905916,-25509.939457487606,3196.78150793658,28352.82719410603,-3353.1187837789794,27326.70810659907
403876,146813.74235578766,29693.626541781847,55022.31847241252,58676.68421322032,130227.34559668059,187533.65107562524,89628.42939988727,138095.87266102358,-15340.990879262905,82081.40820397566,53192.48355549674,-15349.456456940194,11432.907377838335,31740.159333695206,4521.7369734777785,33448.86170727125
403877,125744.48033074308,7892.2259169928075,32610.67820123263,37412.56233841737,107587.35301828862,187251.3508040657,66846.57468536384,115694.14117375985,-35262.72844618331,60474.16258686497,31675.284442094933,-37727.276766228715,24075.614576716187,27753.227908120658,16926.325989715137,14750.823577016734
403878,112800.94883548358,-7028.277805889076,20312.379499159637,27574.4942988553,92279.13950826295,173963.4261516038,53206.582343669514,100736.37671407968,-43384.824980260135,48593.782496240565,20110.179864937356,-49445.74610413406,17085.98145857371,24217.07828285636,10264.92521223343,7187.980090028888
403879,131199.83963846866,11737.726082242514,39959.024783253735,46430.0984190299,111756.96696307193,187609.74961735302,73048.81290889217,120087.97339331203,-25353.599932587953,67567.56093884604,39022.52321640185,-29668.47099114649,3960.0074250013795,27438.730821085974,-2583.691040960206,24114.393300742297
403880,147505.36097081448,30221.517380500256,55930.669581536946,59800.07695023647,130769.56947583481,187759.23055358458,90408.60027159209,138701.6368492641,-14142.144420758135,82936.08400622924,54067.74108816804,-14379.60728719888,8880.196624770646,31687.020816588807,2047.7869431973859,34585.28425711498
403881,130037.94870751542,12535.831027242777,36991.31300771819,41377.93107754895,112361.0435492727,187572.63475171482,71438.31288599946,120431.36252279981,-31689.002023832963,64678.64402117368,35820.84917273293,-33438.820013983925,23138.918006720574,28675.526430480797,15983.37316104726,18097.557854437946
403882,112705.13074912703,-6851.21502103522,19970.058387224213,26985.06706750015,92410.50456605862,174171.31647731166,53045.62687250331,100861.39546520454,-44150.74609208373,48244.014174293436,19712.746104543017,-49900.46487860869,19345.32000644601,24351.430117605487,12453.34426144522,6460.371986805477
403883,127151.07847352681,7471.267196273187,35740.2999640223,42576.85508603376,107318.41117477344,187183.6056616907,68688.91796978039,115727.53558149995,-28912.16086534881,63475.936435676726,34962.53321943799,-33861.37525243321,5275.6124669177225,26577.390447226186,-1279.3640550326072,20777.82805743619
403884,147351.48602427996,29855.324060482082,55942.887696639045,60097.60391060302,130388.25765922948,187571.58427797141,90264.95920522153,138376.53830809687,-13679.082061372133,82931.92623440543,54096.62168678541,-14281.959285610166,6614.643047316345,31443.73215352705,-144.93720780106582,35030.29838858676
403885,134648.65885410906,17484.00286278492,41733.92560294007,45736.44951413618,117452.6527281932,187792.59652598953,76375.16930205566,125472.14677017229,-27726.358335023062,69224.86143961565,40318.8976648666,-28778.486312458375,21573.607977287735,29612.195742143747,14432.678262563417,21815.41728601041
403886,113656.03136333285,-5533.580013101416,20686.23070409033,27348.710378845422,93712.68285882767,175845.11214270617,53998.671482321966,102130.30344205016,-44050.72924496336,48906.28330732987,20317.068630336897,-49321.23079669877,21302.460453437772,24686.22393992147,14340.566179448424,6549.730609889048
403887,123148.57869153778,3347.6502133293725,31514.86843292835,38643.05225099739,103014.75761800505,183741.14338113787,64374.16749315534,111478.46633820217,-32625.740911293895,59363.10818713161,30868.31517723551,-38110.61584088446,7164.869094023268,25770.325119560872,581.3785449874839,17296.17487135787
403888,145838.1744521901,28073.77464994616,54546.18919192313,59091.92950840524,128538.91026823597,187229.33069803735,88673.17239538525,136590.75665781053,-14428.807461862845,81557.55794692959,52762.180863098576,-15595.983015628526,4923.361007812358,30929.569455273653,-1767.6588881549785,34335.50691584332
403889,138727.58907412118,21813.692490985628,46025.079186025585,49768.420975541034,121922.97971535884,187595.75009388197,80790.32156331075,129894.16905376062,-24031.472709947993,73326.47946129391,44386.89113305112,-24550.4720195594,19568.023501499025,30411.88891664026,12456.4268428631,25280.503166503422
403890,115241.07787669993,-3593.528398231981,22122.0629479024,28412.208835235462,95694.20337568947,177877.41120236117,55669.46616076708,104062.213893398,-43275.02879083849,50279.26911272162,21619.119038057786,-48007.486390781196,22904.620698765695,25178.979489861566,15877.715708266776,7263.941607093177
403891,119173.21057555829,-790.4377648311612,27339.76479780044,34733.87858310284,98767.76963873242,180442.7983547825,60118.98101345908,107273.84352081789,-36332.900379505016,55357.60401342371,26837.29169482893,-42295.47477870142,9421.058345075216,25049.160202738774,2794.4387861131763,13815.774334456137
403892,143046.9778040016,24787.84936845606,51858.08449979163,56912.01378640608,125251.07924771713,187205.97866778495,85720.77069032524,133382.637897071,-16202.465923166654,79046.45951638154,50226.10662995257,-18138.883357328115,3731.162552926043,30198.500758497594,-2901.532591596719,32675.453647393777
403893,142147.51335752723,25176.15763546018,49724.36039134187,53342.1848245731,125556.10187879662,187238.79471738572,84512.80415436608,133497.75088001616,-20638.02501851891,77004.87756062645,47939.08651104716,-20823.298181117414,17130.567105862465,31061.878862876896,10069.208757347904,28459.04210072095
403894,117842.90893266957,-826.3538199078114,24652.15357068892,30501.407315021945,98709.38606707896,180304.20478321216,58427.772603780635,107018.48064960138,-41457.304023242454,52866.68688365161,24010.503063042364,-45543.55439892619,23893.46141114871,25881.68550164128,16815.8004348072,8949.43550821529
403895,116119.52533695244,-4078.304027766598,24079.229958735723,31577.516765080796,95537.35794023397,177692.57747498766,56831.62352308332,104062.77704838382,-39329.82085878609,52349.89077833728,23703.483231440303,-45553.34729860288,11828.776752659185,24560.73752168644,5149.8871049491545,10990.033893093441
403896,139610.35702222158,20739.771260519014,48461.751780442966,54006.401996453606,121258.01637898388,187542.65660102665,82055.55236756764,129470.74863201311,-18627.330682337062,75906.15406748487,47033.62459564298,-21366.68455560525,3126.7373337263675,29352.953257737874,-3457.8705946392656,30396.487612331573
403897,144911.19984364143,27749.186392768446,52774.582006504264,56350.03978074997,128408.629111121,187197.00518996228,87531.25481938326,136336.8454053864,-17692.698738173665,80056.37728557139,50904.461521441764,-17692.983546037176,14424.478898018247,31514.20597092884,7428.444878774223,31214.759028924876
403898,121319.49913839338,2857.1855504285622,28104.136361773744,33451.844221155494,102658.1546835907,183329.2741990215,62128.04869201138,110901.24553036536,-38817.72212328702,56293.009359459655,27303.27607748278,-42146.75700985272,24338.568224122126,26733.390430638305,17214.331675723402,11401.234661389906
403899,113937.75551203758,-6349.326405439657,21668.45886708377,29129.74927779773,93317.75918530127,175315.07822872972,54470.86711077596,101848.97224257325,-41719.294248786704,50102.81211019552,21384.685222805365,-47986.6592496378,14399.523317479994,24272.339930972612,7653.318447299798,8729.256185812108
403900,135616.5805422946,16195.511635607363,44446.61299146728,50474.327118046276,116711.52028079295,187791.73039618845,77789.36488739887,125011.51326648935,-21685.87093245417,72112.53250062255,43245.301970577224,-25234.3319184824,3183.7765921973523,28425.554876707767,-3373.312193470235,27520.472456699474
403901,146668.17086766788,29241.23624618631,54812.359896943046,58479.278833497716,130113.91632600767,187519.98855776468,89471.03139261325,138054.89058341025,-15521.524301989293,82091.11269035109,52911.98633555253,-15549.685243466129,11667.787443019208,31725.98299721885,4749.830286531717,33249.24779514555
403902,125297.29287823546,7046.079753538685,32122.88067137779,36991.58496909234,107110.23722266214,186961.817844213,66376.75357769593,115288.33844007592,-35604.518276465446,60240.24614862098,31149.627840593148,-38172.18601874561,24135.564807384064,27660.866807393053,16988.050931695776,14397.021513269623
403903,112698.8231909717,-7568.1344317947505,20196.204499167474,27507.33312853649,92157.83963345077,173805.48416540044,53108.45223630337,100676.42071053633,-43373.4495391641,48742.52496468422,19959.940137706646,-49502.826565868105,16927.101929844048,24194.96925701916,10110.651018879027,7164.217288446341
403904,131381.88158034495,11483.449095947633,40124.13388430379,46590.30836005333,111960.00138174431,187621.83522155572,73251.37755622601,120335.6374705297,-25135.835866741952,68004.21426839322,39152.49026916163,-29441.61805151259,3899.5123078934976,27494.653400725456,-2644.7164045914324,24284.351727857356
403905,147399.34035546228,29646.589033931923,55792.27558963424,59654.08085319401,130666.19035742528,187759.05506496495,90301.8445388781,138635.25014533044,-14202.3965491264,83089.12823559094,53914.214659433754,-14448.83989654208,9067.599020954449,31697.578946479396,2226.9120168969403,34493.89590373979
403906,129577.49807841855,11532.583090991342,36512.427135762744,40937.37692367202,111845.03004188655,187561.73983085682,70962.89895014677,119956.95308640815,-31994.769403825314,64515.80963735591,35355.063789752436,-33828.34941582288,23269.592173327168,28605.231245600975,16111.159636311775,17777.296762225633
403907,112379.54684390768,-7766.750549826823,19657.748776637978,26720.325975623797,92016.17135868364,173680.2229839021,52724.291421632086,100507.76861560367,-44273.461197399694,48260.457693877404,19424.075813436393,-50111.11749859883,19258.418693779957,24306.755850259557,12368.852138913942,6312.894368493147
403908,127078.68389767256,6799.626293042287,35686.0490317404,42533.51006959957,107198.11232214542,187057.6823177491,68636.24235396594,115639.78173161928,-28821.67384958775,63756.78505458064,34933.39330752826,-33808.54464496876,5205.502108959046,26599.982991994573,-1347.8590119884375,20828.72744516687
403909,147085.15234485074,28967.203951106116,55683.25632334352,59838.52838511077,130060.71752685407,187580.52624101506,90004.18369273606,138076.99667575775,-13786.950014268934,83019.87154693008,53874.55708181263,-14428.790547182489,6781.2563531987635,31447.497101187808,17.091754605571396,34892.5056117455
403910,134013.51705283532,16162.885634746966,41116.85655139155,45158.458451313534,116701.89927176546,187792.19025463818,75730.46137118452,124755.73178103068,-28103.83667686634,68981.19604438728,39769.64885233696,-29262.96366801529,21762.199376433695,29540.950965454253,14614.206569009952,21421.34713246792
403911,113085.84731939658,-6843.622886737537,20167.188192967096,26886.668188649033,93004.8161441024,175004.85373565677,53435.69423746451,101458.09747174608,-44296.293922908684,48776.98954550009,19884.170952423035,-49690.16696175908,21286.80792829865,24629.641018795803,14327.53277993008,6278.739943821899
403912,122833.23784335046,2270.575479168042,31259.201455279963,38419.42094212737,102569.67360777823,183241.07534291083,64081.23450920519,111065.66786586303,-32636.258695174816,59504.04839243782,30705.525912993107,-38203.98589417263,7071.668085885427,25770.611669382622,493.15197657283613,17246.594088485534
403913,145544.07272311614,27005.18122125737,54294.44471073504,58844.48581800124,128112.31375134247,187234.6197895276,88389.30083437465,136191.51658432456,-14455.76859951999,81706.94735943127,52607.410787619156,-15680.98696947741,4961.853895421992,30942.31293201009,-1729.4292499426717,34268.65413124553
403914,138193.1678092038,20469.140499430632,45523.52910406404,49280.21119294944,121219.37607634076,187605.1878729635,80244.19820091227,129223.55829947637,-24264.347703280877,73243.92742650124,44001.53473931528,-24873.727268463696,19699.911818646822,30376.03818314251,12587.729235279083,25016.0326659597
403915,114792.78891940531,-4871.051516976374,21727.33219370716,28032.70393192368,95068.16216828335,177163.62580511734,55221.43196488734,103470.98450052418,-43399.62364081231,50298.51701805418,21344.76049182925,-48222.6647812724,22860.324977533943,25148.090936120938,15840.668979018996,7098.709368503726
403916,119047.7015769504,-1709.0719980432873,27271.710831761702,34643.852754145,98490.80669436793,180045.16276631557,60010.6034640492,107026.74200003815,-36189.17862765675,55667.24816004148,26878.621048633493,-42189.35593340518,9279.821156983737,25079.605752031086,2661.8687704591102,13899.98567875965
403917,142987.14111141601,23989.258867151555,51833.7774765182,56835.67492372351,125055.46099636935,187199.03278360114,85671.65053115987,133213.33980383398,-16065.087312743482,79354.88005459285,50302.38784082208,-18001.709130444884,3716.6269339036976,30243.12574180025,-2914.6128175155113,32755.924140652405
403918,141853.5059262825,24171.449939713133,49444.63103630963,53023.09647818602,125104.84285932808,187246.60563659214,84205.23950738282,133077.30351839174,-20727.07496821706,77033.22471727761,47770.34291942284,-20942.154528022504,17222.32299001988,31051.10380754568,10158.551223679311,28327.481688475236
403919,117550.42600342065,-1796.93120713801,24384.043986690864,30209.31456046089,98256.46215136873,179837.0214809297,58127.44527906274,106600.25596159056,-41531.13204751641,52876.71410062851,23852.750399022443,-45659.47281539878,23877.864034305094,25863.012840721516,16797.51456840889,8832.05808664749
403920,116135.63583196355,-4682.5325422213045,24124.930051113417,31576.192121431126,95427.38318923698,177480.94097068126,56861.104753407955,103985.26654961884,-39149.22953520171,52636.06867869483,23842.406199651345,-45371.18964734959,11690.636680882737,24597.788975655745,5013.99658476133,11111.407098261281
403921,139764.00100691273,20338.643427512798,48627.19173090266,54094.73330416202,121316.95422417275,187528.1425807377,82223.21386834644,129557.2416864328,-18393.307722003578,76276.25416151813,47273.657529446464,-21087.556413748647,3103.2157539965547,29425.26514668987,-3482.829992770676,30571.03336723506
403922,144713.89709774783,27016.488127461227,52565.95752991806,56086.68221204312,128085.74483184301,187190.86052781832,87313.55890222463,136047.61063154737,-17790.090024087945,80045.3084709396,50779.23566692972,-17794.29172032103,14579.736256320832,31518.27782902578,7582.978928050103,31083.43578402795
403923,120983.24548452639,1995.985450037268,27770.736804568958,33100.74412256788,102172.3495707993,182878.74190913886,61767.969644030236,110455.4204199585,-38998.43626192403,56146.03227300562,27055.81605129554,-42377.19157728541,24349.02256239071,26694.50463637496,17231.070832410027,11195.007882181868
403924,113972.3536503217,-6787.836929687061,21718.188912499238,29139.073538398396,93238.83738853419,175196.18731976827,54509.19043728384,101805.2464668031,-41576.815991980555,50308.54288768065,21496.249884841724,-47848.31120331326,14235.13013928594,24299.30496922527,7494.966674706842,8825.900907300986
403925,135886.45317345404,16061.135053918239,44713.266031501174,50657.22251585502,116912.21239146747,187786.628394853,78070.75426476405,125240.5451003344,-21408.915523147218,72509.56902211276,43551.88379649925,-24900.090622932395,3136.6072527358515,28510.492084602363,-3420.5803147550264,27740.89091359243
403926,146609.29494089965,28802.803812801205,54726.27651676811,58323.31891370032,129965.42611209404,187503.27092151868,89393.09335602452,137940.01720024226,-15566.629585315552,82129.13505222066,52870.413625458306,-15577.43009752793,11830.589752685304,31746.75673421216,4907.623856570749,33167.53169643877
403927,125005.11609959423,6376.615781922981,31815.637386420545,36659.62314393581,106696.80265041033,186585.53359519254,66055.55757355783,114914.58841793615,-35809.88771634761,60050.28260805473,30892.060234861572,-38422.19113848957,24180.644940515456,27618.838294594803,17033.473138073277,14166.640584000514
403928,112688.78909960338,-7919.72470824656,20188.06599090108,27468.06734098548,92049.49928189152,173677.13679114846,53093.37034277594,100606.3704822205,-43310.95762970124,48831.788338813,19983.596173409675,-49460.47808900212,16778.26583186839,24203.325443145754,9967.75447494514,7181.8065058863795
403929,131643.47377027554,11465.663553003047,40379.14428220543,46774.78538704206,112169.94492361289,187635.4197029363,73524.10562937008,120579.20443315816,-24887.127129790926,68336.5233324107,39418.07724561194,-29151.416607635198,3820.4624277626076,27569.5319918595,-2722.9430119365998,24472.58501851797
403930,147445.3976813024,29440.951511905798,55806.45164814818,59601.52403455526,130654.06392853672,187752.45608500706,90336.38920360467,138660.05832208606,-14184.594712164018,83179.09927410266,53940.51953656397,-14405.40557784836,9190.474062820407,31734.906459509693,2348.302080048284,34463.64394691555
403931,129408.02082805279,11109.294160356576,36310.06149398743,40705.132833929936,111585.27490858422,187543.54357829998,70763.42780339113,119739.55301080711,-32132.50961417447,64389.358562825364,35170.84654296139,-33996.277308477096,23299.186403142627,28580.524979838334,16146.29140531829,17600.701276606458
403932,112507.61579667596,-7859.638239873466,19767.36703145349,26790.141106591003,92081.36697577115,173693.7000799375,52845.5297218683,100610.59987277816,-44132.27667597399,48428.72729150143,19532.845393361407,-49968.93042640938,19065.225954195557,24330.105257049327,12186.999270353004,6396.216758475836
403933,127552.69759626548,7117.96753559991,36127.95400699735,42888.66024305636,107667.0877839403,187295.4408502034,69121.91884376886,116137.94883805123,-28441.607192752454,64235.410032139356,35346.57316029392,-33350.60302365828,5039.695663417767,26693.81172887599,-1504.9620267895993,21134.205779927757
403934,147438.7104524856,29208.80230357306,55972.80912736473,60029.94083138508,130425.76597740152,187595.3586526337,90352.22425600525,138471.63521093372,-13584.504226353032,83337.94768130376,54127.58140116023,-14139.470891750312,6844.692232802432,31519.59922390256,80.72937381439374,35032.19143661939
403935,134039.00495610843,16077.381939456094,41067.96796108781,45050.46409380107,116709.27359179867,187784.49813280848,75723.54204369226,124798.3082064083,-28177.64164012341,68963.9837011636,39692.19985308456,-29311.347162489314,21850.189535995814,29534.29740240039,14705.846925864043,21305.77295493175
403936,113326.93526688793,-6689.444324736379,20356.657429982617,27023.13978017313,93247.36723489224,175165.7121613084,53666.61584957738,101733.25247450062,-44148.36975947026,48979.146373464384,20026.486795068504,-49508.29337296611,21104.48948560918,24643.495946070132,14153.300524539407,6371.856123475518
403937,123472.48418634337,2888.282284928682,31844.822338475984,38909.41691229931,103275.97772854858,183808.16164596408,64739.0285823605,111796.56884509529,-32185.78984798375,60079.349135148936,31215.10211233483,-37644.76365409329,6872.122398719806,25869.323742915454,295.99611454169496,17622.76943215256
403938,145924.46065804688,27400.59656370587,54596.00215527258,59050.61893663241,128576.03758220062,187253.33434277377,88773.1344255897,136678.8310748514,-14301.813601975437,81999.5282315625,52835.82704103282,-15419.15150470001,5119.670683940295,31017.398226063935,-1577.4112267821847,34369.57994712205
403939,137945.68719231855,20196.305067005058,45194.34219138678,48930.88063938561,120988.87113670766,187620.43875710317,79961.31435397925,129024.02762763681,-24607.144609531868,72924.56254053942,43629.63989409167,-25228.074867540177,19927.245399148414,30314.32448901338,12813.47728061574,24655.902751313966
403940,114723.57646925062,-4978.962136719518,21614.96035212954,27931.067473549454,95005.8807162401,177040.2271645419,55137.59315435969,103437.85595929791,-43494.73894676812,50185.182787619255,21185.333995011057,-48350.68399593987,22723.845015194613,25103.52586873921,15708.31247725895,6975.237208385879
403941,119534.82598203541,-1213.8601752099287,27722.59219979312,35055.49410303967,99042.39793457299,180463.70835859195,60517.966174906185,107598.03533943459,-35813.85614376253,56096.928373462324,27259.534627821493,-41757.02806350736,9044.470675348388,25155.918785076985,2426.648506626969,14219.29950525518
403942,143388.1591974278,24435.114059234274,52176.93376914966,57113.60521564384,125546.960301159,187197.76675863887,86087.31314964173,133720.3612942682,-15839.339479749615,79679.00394564014,50575.41925857168,-17686.478755486045,3815.157098014838,30332.90337256395,-2823.642652064928,32937.731510477504
403943,141626.66074348649,23952.321930707043,49151.019367827175,52723.68567218674,124906.11138034213,187267.97675853776,83953.79426414758,132902.01102515624,-21023.335487037766,76741.74559416786,47436.54504333101,-21251.373121148332,17482.695468873288,31010.20085116584,10412.604419579351,28022.066767562254
403944,117316.87388163616,-2054.689667701105,24116.750786643668,29974.869115031295,98020.83067609093,179603.12181120488,57876.50706172475,106387.49610164904,-41745.4157369895,52611.828726165884,23553.30343357451,-45927.32103661931,23830.30098837462,25800.47045903003,16755.931458775758,8607.168962596163
403945,116398.18129464361,-4419.296474821148,24370.857721724075,31811.6950528837,95728.53182442834,177689.74592248438,57139.235521796574,104299.75132992888,-38925.86562637465,52868.07287816377,24035.730852591365,-45126.62290872437,11480.796209878426,24637.572003223613,4811.452355702702,11300.680715657287
403946,140073.41103639547,20678.566907639994,48909.86037936495,54331.51869387158,121695.67958374335,187507.11373910142,82554.12998312955,129944.51733117626,-18192.831553781132,76544.39262000866,47498.90189945331,-20814.577445710867,3145.40631528411,29502.046971057698,-3446.6318922114174,30741.896145305327
403947,144453.5624995568,26745.88627386493,52263.364155777876,55784.08132551894,127835.25141711812,187193.6815950315,87033.49597029095,135811.55291855102,-18076.402114267046,79750.18452245834,50447.65699259313,-18092.731006165905,14830.009193261658,31477.625642387997,7818.6624838068365,30797.112536694935
403948,120612.99428155897,1565.998754630188,27381.836883767748,32754.71839105343,101762.17429102417,182537.10471200044,61371.44699621347,110062.338759531,-39290.131254743974,55774.08446892361,26655.691709636827,-42739.35874390123,24335.083083214446,26608.808354441517,17213.16840846019,10902.21100848585
403949,114097.36377792555,-6710.107840892296,21842.37391406158,29265.72670633693,93354.53539356585,175283.9292015283,54638.241261234645,101931.33912648619,-41421.573710148405,50436.927159415805,21595.158706377795,-47694.91852183867,14015.925397610263,24314.900321779736,7278.092651463472,8953.663023243587
403950,136206.02026353969,16371.923361147034,45024.05826630524,50919.93456866717,117267.67447415975,187769.65558592827,78411.51977898693,125597.90727557395,-21158.30967472949,72816.0979354576,43825.20089485374,-24575.566136437217,3115.0439454874995,28590.18406739044,-3446.649572222634,27964.91251543819
403951,146422.36577349622,28581.72256070547,54511.16896022341,58090.114372102165,129771.83691716316,187484.35145964386,89193.88180950217,137752.58600249598,-15774.912839484545,81929.41551573806,52643.39705366811,-15774.118861335433,12076.855423322839,31729.322819329882,5143.078347056995,32962.88478216749
403952,124567.52378751457,5847.880048261225,31364.29257768859,36244.717351213796,106188.50561205971,186161.96377538558,65587.50318820195,114418.11557807095,-36156.19312668436,59626.502496543384,30450.564152759755,-38838.19285554833,24215.33509752446,27524.5157966234,17068.514720972013,13829.619805424834
403953,112731.90181542648,-7961.34072324301,20237.718694559604,27525.325261709768,92044.86811981884,173676.33643266113,53135.93664018496,100607.10549778593,-43208.85937248788,48893.40410697099,20028.69908721357,-49373.87462450846,16549.693766973454,24200.07348654345,9746.502282996244,7265.750811805782
403954,132010.32484063823,11791.142734281419,40741.97413173499,47084.78847876482,112542.44055006727,187642.16066583843,73909.59802366966,120947.56053963934,-24580.02798281734,68697.5532320356,39758.59207386203,-28767.495589695027,3738.6903609078054,27655.230796677617,-2803.4748130521966,24753.956572714764
403955,147378.48216503073,29321.717178266746,55712.486659258124,59470.06313720134,130568.30700125587,187734.68975926784,90257.89548370364,138572.68624489126,-14301.286352057072,83096.0925794543,53840.234441246874,-14484.183970960614,9441.992735645863,31747.609500472427,2588.285817253199,34349.720605146875
403956,128921.64439876418,10509.573987339534,35809.447274044316,40233.69812116014,111007.9804249382,187526.50352741717,70240.00135801904,119170.01087894556,-32540.572460947875,63912.94495595995,34688.399226581554,-34469.02732601002,23435.33443027762,28485.561275259373,16276.139058249086,17210.056213837997
403957,112356.98990433494,-8136.831613579442,19632.74915191132,26679.562449097397,91839.93758220269,173439.36749398627,52681.42058229572,100375.552377859,-44185.829381690724,48308.56371481509,19409.907289524377,-50073.39507184354,18907.44029263376,24292.19516952917,12034.002167166587,6332.095397317953
403958,127715.19725116249,7182.736958296047,36308.54399863507,43044.48254158895,107779.99340733139,187316.56255720364,69292.2876713835,116251.50483272744,-28264.36037563063,64420.492502744215,35525.3187391551,-33150.85303731256,4980.7903794737795,26745.877473832934,-1565.6225780856428,21287.153011856277
403959,147185.0697934389,28843.04610290865,55723.15868487992,59769.58771350278,130100.00960437488,187600.6454332366,90084.81045678638,138145.86548472967,-13802.827043146104,83113.61717350254,53899.68031547423,-14365.308448859687,7110.849144986285,31512.91845628927,337.954483159009,34813.65929804399
403960,133367.64478709415,15225.598576534865,40411.91500381707,44445.903453951774,115889.15493598107,187766.93515234732,75013.8728120295,123986.07612920435,-28681.5640783934,68351.39093814652,39085.12383243207,-29921.78483634,21985.807969261223,29421.44771113442,14843.472042452839,20813.040541366336
403961,112977.21912272507,-7242.77634624199,20048.311879409197,26761.830339626245,92738.39935287069,174632.82871643396,53295.023849343306,101232.00079252728,-44309.27381890404,48706.27136303168,19758.35275195218,-49762.793430306876,20945.60392331743,24590.185503054756,14009.881657132175,6193.734418312363
403962,123522.62651352884,2757.420449189928,31931.455210311415,38986.92535103868,103199.74762095402,183736.32162759826,64782.2630168393,111722.44483068454,-32028.27510692495,60196.12607052382,31328.63390212688,-37504.02787372654,6726.875954159525,25908.31861838401,162.17156902257324,17740.299205412088
403963,145958.49133880023,27272.618491738423,54644.580075634905,59058.62738957001,128495.16522287876,187274.14845995873,88789.4812134107,136598.71813400264,-14217.278544322957,82079.93076016515,52909.18919886842,-15323.748461159628,5175.842196450914,31058.05807691611,-1521.0456278770055,34415.849042222995
403964,137820.00304804335,19899.362286764415,45065.23426239069,48770.96944091651,120725.8237141462,187626.21986544022,79796.14482630463,128766.96959120396,-24668.155362948844,72833.34735361923,43532.08004932392,-25307.254466089384,19979.353579792696,30302.194246283478,12865.994695798416,24561.337945182408
403965,114868.61209423012,-4986.089503013091,21753.117066554052,28022.48748511717,95032.53949572642,177063.51631389395,55252.75406949303,103470.04807969679,-43319.72113849796,50351.22148093117,21341.96686842861,-48166.47422580338,22564.197258241034,25120.326972932355,15555.988522230185,7097.539288776195
403966,120060.36131329356,-782.3900369313399,28224.246528020012,35458.32860017755,99510.31580587525,180871.0374091033,61031.041923590055,108065.33991467828,-35373.59880554115,56608.66002064203,27755.2169511028,-41229.665866928925,8887.57951207862,25248.969726084317,2280.846519851863,14585.549723312939
403967,143823.3760331507,24819.941363395614,52563.64680418989,57385.942612362494,125958.81774903624,187204.70940305688,86503.95941511201,134127.22828123553,-15556.141776306922,80072.18194517729,50950.95708292882,-17294.95669941928,3871.0074582535008,30413.360231024086,-2758.057881482236,33151.86598169634
403968,141711.00729223824,23980.92759790744,49169.06859820351,52665.28744701171,124943.79744864974,187289.21049058466,83993.03856950102,132939.61873661182,-21047.502911483116,76774.9865909987,47455.18085892812,-21231.450985663487,17624.704181932422,31011.004163102254,10563.920861843791,27945.236554230352
403969,117431.5260935939,-1995.333304698283,24176.49916679876,29984.054906548186,98086.52049735183,179695.7768788233,57952.47921644532,106456.2654288776,-41702.48485580829,52677.80270360962,23607.666054716727,-45869.70468773822,23802.95372427866,25789.950161834684,16741.397638358223,8587.689587458026
403970,116796.50800845238,-4041.389370545895,24721.711852884142,32090.22893515851,96119.77503228327,178053.03007019305,57522.02764824994,104690.62883684422,-38637.477357354204,53211.16940921133,24364.378553237715,-44785.50243058226,11396.633395315814,24691.17991758693,4742.175832130431,11502.660592730908
403971,140451.72607325125,21067.59198467138,49233.61290976,54570.08899811486,122095.74385429009,187490.40057067748,82920.89258384315,130338.5813447951,-17961.76212135717,76856.25325324731,47793.57483772581,-20511.87676924402,3220.236622678432,29570.65244991138,-3356.353080129922,30883.392416172912
403972,144490.99859504035,26783.487088673,52239.74926390835,55708.621610071525,127869.7105371947,187199.7122087954,87040.63649536346,135844.6901146182,-18131.002149181946,79722.6272200678,50406.724878852154,-18136.056198431186,15006.267955165029,31476.5338717408,8012.898707960459,30667.294982846437
403973,120587.01533956476,1529.1823239681162,27312.639424127396,32666.84889053266,101720.47227931255,182543.10622321093,61319.37983408512,110021.63898681279,-39342.19527534394,55700.952381279436,26572.929224775897,-42818.921176167045,24356.41895484376,26581.170267102243,17259.905157963643,10773.712467170919
403974,114363.37922524162,-6431.135995403245,22078.859615666563,29467.716032332377,93638.14210789667,175576.0132862808,54901.64579833621,102211.54889657117,-41209.189182048176,50655.71921040831,21801.14746136874,-47472.546871609076,13921.689945236345,24347.812451638307,7213.653405527387,9072.4134258883
403975,136595.8559100094,16807.926582450884,45377.35326349381,51212.2993893051,117711.55943814355,187754.74775676886,78805.67376604817,126031.78572332942,-20879.70714897201,73147.12072974871,44139.346141539056,-24242.382435530773,3136.1334770765347,28666.57325837787,-3397.921104155932,28140.85130312689
403976,146456.87340256147,28649.828010833815,54492.82270643175,58035.35573324636,129835.17078718796,187467.65152815176,89204.21825260419,137807.80573091045,-15814.346198496927,81904.66928154617,52602.36036001146,-15803.870610186677,12281.2794312679,31739.541814188644,5371.334410779584,32839.011514779384
403977,124405.85797212162,5691.815848065281,31168.644099201087,36054.41671402022,106022.82811733172,186035.31669650576,65394.49414686438,114249.80896019927,-36305.63758740497,59429.04727438762,30241.45447279873,-39032.67349530179,24259.208414394016,27477.202741905232,17142.610761175198,13608.722792587523
403978,112873.1134349379,-7799.688633127183,20370.33470211617,27647.446949966983,92210.01070052834,173866.28528405924,53273.63462675745,100765.75816168363,-43063.447613684504,49013.95735663384,20136.20784937031,-49237.376540653604,16405.92274126819,24209.936257800466,9633.567100197646,7323.476864802517
403979,132370.68525360795,12209.730576406188,41090.98945942115,47383.88004985569,112972.51452095236,187651.53754093678,74283.94201652458,121362.73419758466,-24289.147243645308,69026.76949009663,40070.52835313682,-28422.405816601684,3696.835632364243,27727.474884547177,-2820.2597791987364,24947.29160660128
403980,147367.36598801502,29360.901499365733,55670.54025901918,59395.792603079695,130605.257452145,187722.22461277293,90235.61564847047,138595.68296394695,-14360.28004889248,83047.87499851568,53778.549820359876,-14526.893922209792,9655.241195083456,31756.998836883613,2824.661110678352,34216.44096095665
403981,128562.18676842465,10157.537237720371,35436.369061464255,39883.17437591774,110645.40630804168,187508.49761440826,69856.69285729177,118800.93069591325,-32832.03632010416,63548.546825541125,34318.18966257737,-34824.80748478441,23551.22609108826,28409.0033127044,16418.74121955361,16866.856591817013
403982,112239.63577290457,-8250.78870302622,19538.920419790404,26607.840068193764,91731.10561776241,173325.30085467445,52570.92617164558,100257.67814993433,-44213.3888370427,48211.178261527246,19307.868046206197,-50146.90469899398,18797.54192560017,24261.860786219702,11950.333611217602,6244.285442077347
403983,127796.34793841244,7289.401825141713,36423.01178452506,43146.38094441749,107904.92600962958,187334.9799701186,69403.19960162546,116359.23365683436,-28142.513308807305,64527.62977077401,35623.54438734137,-33018.49956517102,4957.254509501186,26779.284394526658,-1567.6159741280496,21342.796484239378
403984,146836.68970947858,28494.946615709734,55403.031861830634,59457.077219249346,129761.9754494482,187613.1709342114,89744.79320597673,137792.84711318085,-14066.816343517325,82804.50452957142,53584.62644543537,-14664.33002575332,7399.655331759979,31487.271039702853,643.8026625370478,34510.72389349473
403985,132452.6682429338,14232.164650436036,39552.45633583359,43668.7350526597,114897.43465642138,187756.80986577302,74084.87235776921,122989.78166560864,-29333.94194738312,67533.60345760081,38271.17255449391,-30730.368064370312,22271.390028087248,29276.29880189302,15147.838938771501,20152.436970776977
403986,112223.1738192786,-8116.683077411336,19405.115694586326,26219.992510129265,91882.42694430574,173750.37705347023,52556.55394091752,100370.64060437109,-44698.58129913684,48111.16838518978,19174.08844931463,-50323.658565689606,20914.26622093365,24472.860388499714,13999.42868012404,5783.697647289688
403987,123169.58767070233,2292.1055172466095,31706.970988706693,38815.224919519984,102766.80295650546,183365.57670803345,64471.76726406529,111279.37725567927,-32063.089381015256,60011.22393576949,31153.59414959005,-37635.048870108134,6640.115283445395,25889.61076865167,96.47387377689722,17665.021164968566
403988,145426.59642648185,26618.88033428072,54225.92065715276,58677.73586538047,127861.96334891637,187293.20691620806,88284.41633978806,135955.56320181052,-14449.016775115284,81710.46158318796,52553.90958378026,-15641.518959657167,5344.730457828652,31024.728517621163,-1332.0403176990199,34159.65961745402
403989,136922.5328321104,18833.56485868132,44280.07969128563,48060.45615903219,119654.17108771717,187644.73682844997,78894.58424027663,127694.8299765207,-25174.22357258459,72106.22972981955,42833.75472236272,-25972.691696182257,20130.6888367626,30173.821105588417,13042.162410195595,24047.59964118328
403990,114172.78424698579,-5855.110836996573,21200.735909269803,27540.192762208593,94150.92657220026,176219.8063005955,54571.98196064525,102588.54240471657,-43595.628519369886,49842.571570126165,20877.14762293754,-48589.8230106252,22491.582094611083,25031.228288959355,15514.218616380562,6799.396065841998
403991,119566.81833595183,-1422.969397658471,27894.01470789008,35161.22260042394,98851.81477325577,180265.9615007497,60578.918667232785,107402.90541548273,-35485.70373939226,56306.12647920316,27510.8389397595,-41434.47134702454,8851.77997520443,25222.867548844617,2267.965426789231,14448.671798353724
403992,143128.18047256666,23978.04367203643,52028.89797228006,56877.86801946876,125078.55025315599,187195.10346063133,85840.24186474305,133242.8472358347,-15877.009631566458,79558.06370028734,50511.81690014217,-17712.50825108948,4071.3066151775274,30372.593366117933,-2546.5903187575395,32829.42066863841
403993,140455.10212620674,22520.98470874431,48076.248812748825,51654.04217755953,123410.8569602004,187313.446865242,82730.3268852226,131413.55742649693,-21805.014573067463,75714.83689926573,46491.52189627357,-22190.060216156384,17921.684154374772,30854.079265899505,10872.809070659254,27217.07331013409
403994,116186.95018132188,-3480.9138049530225,23139.20385511544,29056.325752233835,96515.37083287668,178299.5639944586,56712.438388813185,104896.07402401598,-42345.55693683642,51669.18109852652,22714.320858597428,-46750.26360464207,23794.289971704264,25625.27654386337,16755.720408356265,7967.708994457998
403995,116062.3671870761,-4997.658820385102,24212.583348561056,31640.59108104836,95077.20047224106,177069.036705983,56820.63724731588,103654.88794305631,-38822.54728284067,52712.99625153768,23985.695829312648,-45133.39762287636,11193.47132156497,24627.485117226286,4560.108451259846,11317.743337801083
403996,139988.5805613051,20420.1534146004,48967.26778030076,54303.519010010554,121346.61557882107,187454.65228075936,82487.82693042615,129593.68861494998,-17990.185385518038,76593.10116165712,47650.002245608266,-20625.37280527474,3175.4252330384843,29573.73219685101,-3392.9865851127443,30853.884072198307
403997,143683.97760369623,25784.350460179136,51592.82570793716,55070.611711671154,126733.73277909204,187190.1839400669,86223.15065958654,134719.52870764636,-18504.489445404168,79092.2108041506,49903.25340291049,-18627.94730435359,15197.06969582134,31410.60593435377,8206.562639404743,30318.273176305804
403998,119641.80492584825,378.9116855955384,26543.225415196728,31933.73097708554,100412.98347157342,181473.11722511737,60361.58130316791,108729.16828280993,-39799.14187726618,54947.582951483804,25957.704015630312,-43433.266532425885,24383.358701928846,26469.7490668787,17295.163055794816,10344.85452359264
403999,113796.31098479874,-7173.354544692417,21704.259023208924,29097.00253791242,92738.31565356017,174800.81456962728,54352.63364641923,101321.3742088682,-41326.25074131249,50282.25570431092,21569.283168189424,-47696.55043495195,13750.072068378768,24303.297274645978,7049.612498608584,8960.390781116472
404000,136253.1518450415,16334.303547438547,45207.21883440776,50998.2274001782,117070.05272505888,187737.2468976402,78488.01051903033,125396.33474980283,-20877.06113642885,72963.8444176056,44096.3624754627,-24281.92853427772,3110.5928846448805,28682.514559320098,-3423.6231634351934,28143.731307311933
404001,145801.0862583483,27862.282405828242,53976.15316279825,57487.42967440387,128847.21947783373,187428.37176164082,88538.33191256505,136832.80658477015,-16124.55705336605,81378.36924820603,52222.00604346045,-16198.042619268246,12448.43465460472,31687.879874210725,5537.393156496048,32547.481245872437
404002,123681.95231012935,4834.108729416804,30588.76511845341,35467.81750581741,104940.39081024742,185232.7400480279,64653.65407358244,113185.96540136772,-36634.112988346504,58834.605224986095,29802.456660339027,-39486.99604493835,24241.708458518744,27384.721506762853,17132.281821655662,13293.706339454642
404003,112672.180007641,-8082.053736140901,20318.284629552927,27544.853888171336,91698.18388961696,173501.2852340729,53083.02391048346,100268.33781878579,-42947.93207234399,48918.06159530249,20196.407011406794,-49179.02914511517,16158.050811852929,24208.339685270257,9399.11681092914,7420.173281776114
404004,132518.89862180242,12352.178857222303,41357.25288703495,47538.29587223314,112876.45182349204,187678.35789565794,74451.91376094555,121274.12138543195,-23980.219616385963,69222.9713188766,40416.71516663837,-28079.853763957908,3576.513257803422,27799.592652843523,-2931.8350285772867,25223.091763239143
404005,147286.33659483906,29308.77399362734,55667.46679206873,59281.24152106634,130288.44452566124,187701.3488993892,90145.09755347882,138286.49762033042,-14337.429748736095,82970.48590879206,53849.11108920361,-14480.39777816653,9758.88754313158,31776.642101284957,2935.0459863019073,34223.786961097074
404006,128302.52081376016,9938.169411905385,35245.37171367844,39616.917390760784,110137.35259376772,187468.7576607217,69569.22173171141,118302.96603416838,-32959.76124967751,63274.540853859355,34196.87464990004,-34979.61436256737,23558.49322457077,28366.929958598514,16440.506295440482,16730.663968198747
404007,112335.15018869555,-8065.695168850798,19705.30938738744,26684.250030583557,91621.39156992336,173320.33450352776,52658.290649690796,100153.89106862106,-44033.8649840452,48268.043041829405,19521.00928489594,-49960.44036405484,18597.126851580546,24275.618490436467,11764.390026379879,6392.24976530612
404008,128292.48876907348,7952.092573549175,36964.08470253161,43547.52083607721,108267.13703378865,187373.21870670727,69905.02268587847,116720.99298661709,-27698.56470032421,64930.50150942432,36179.763300753395,-32485.78337463434,4768.774871327102,26870.09037055261,-1748.83235557377,21736.112129086967
404009,147346.93270710186,29231.964598109582,55913.758024836876,59807.99759431147,130179.65118090414,187639.6357816421,90244.14203661046,138207.98154375143,-13713.594175414,83158.35131695017,54088.09384298783,-14196.300901749511,7370.898176431289,31570.236578545653,616.9723774267661,34817.58828867232
404010,132902.8715810669,14950.207707136535,39971.70657718591,43943.32625018934,115272.3265419663,187734.25816299007,74501.33182776347,123361.89073042048,-29073.835757501663,67779.14719742174,38669.110239097325,-30376.490510828255,22201.163248655153,29319.088314235007,15080.214071977782,20373.91891933611
404011,112997.81219682207,-7001.876029609892,20138.58954965152,26795.24123662107,92650.27594452864,174564.13630838046,53313.819603503885,101123.77010103641,-44196.24850541697,48640.49691911824,19854.842634785313,-49686.29080487803,20682.573017841387,24560.78347962656,13773.462547657984,6235.679883631922
404012,124253.85389544358,3805.6250557220565,32727.392268868367,39640.400384558445,103939.53877710844,184422.85145760316,65558.62486366286,112418.64330414092,-31385.53673904433,60801.66864831326,32089.468659145423,-36750.1869744834,6461.333229806909,26041.732448814346,-79.50713012049528,18282.91054589624
404013,146293.47359858273,27964.191907495762,54994.76887939863,59261.21573277036,128861.874948486,187332.69709540228,89139.17457777064,136911.2403839801,-14053.30579022731,82242.94631516244,53225.01020513513,-15046.814972314272,5443.195532532571,31142.97248971147,-1239.4953084511808,34512.67395332898
404014,137227.1470046693,19599.203224032826,44480.58710502842,48152.94927916335,120066.87071199436,187667.85138350024,79159.55884062739,128061.66239421931,-25246.453200338696,72089.22145013479,42953.60261551998,-25952.465136033523,20346.738014084065,30178.00554261769,13250.71806524446,23968.970414772986
404015,114433.28477673481,-5152.813367238476,21395.520788750593,27680.27025122889,94520.48538221544,176594.08140581124,54809.141151677795,102905.92425942072,-43620.99654151345,49819.54856022761,20985.9562987305,-48576.40263017948,22435.825842870345,25011.637055715946,15461.767982881925,6771.277367976905
404016,120336.11918686083,-187.60262606890046,28603.739180418583,35787.96022888415,99788.69296582801,181090.4063444292,61352.91345400729,108274.98608204197,-35066.0310860676,56783.80513645364,28098.517962383383,-40915.56930508974,8583.935074539642,25294.544205285532,2010.4085472040783,14837.521260744164
404017,144008.22369627788,25356.571393716997,52817.85794326967,57552.55355939765,126176.31310323675,187200.61470489376,86721.93822011913,134265.77873935946,-15439.160466287074,80123.07305072584,51163.75555599977,-17124.096761968318,4013.0350625615174,30482.77500977749,-2603.844559272085,33230.360189783445
404018,141010.7142171362,23563.40340359515,48518.333930562054,52009.58920354536,124175.63404348244,187351.5231774692,83259.78866263785,132104.35500515377,-21669.3101708661,75953.12811159535,46802.54486566583,-21949.505620023403,17942.31123982901,30882.967033840847,10899.2224459676,27336.674846709582
404019,116890.04415872252,-2285.7922547321195,23735.876047262376,29581.19438426933,97451.38923138894,179221.88405725156,57398.171838377595,105753.06879984216,-42062.11358307903,52056.81227944622,23161.930339311846,-46362.388829378615,23573.383780820346,25654.663238353372,16546.543602533926,8233.096744055372
404020,117254.36881493703,-3259.853646205718,25289.749665997664,32601.03617420348,96583.05155154895,178486.34537978796,58025.34174344495,105071.04737955604,-38153.98914847516,53569.39495530626,24887.75607337923,-44275.99848770576,10911.212896189823,24756.880106009896,4282.691645963821,11944.26548912752
404021,141087.92717513803,22108.527106989444,49930.0034150759,55128.53948591947,122815.20821552469,187425.12368152972,83603.76570249276,130964.8182922529,-17496.16395779435,77334.10003040542,48427.158512401016,-19908.128631324264,3213.978564001681,29711.08580682803,-3355.4575682808522,31314.3536546458
404022,144236.22373834002,26898.09746638371,51997.753157248924,55395.68221370808,127625.17309630406,187198.608600564,86761.6232315755,135516.27769817584,-18476.11333903387,79291.50073113725,50139.24390156531,-18470.88569847888,15356.739200035747,31426.500784669697,8372.224151444592,30344.14268776311
404023,120174.98681278469,1445.5729979946454,26947.887922735747,32303.286357554192,101269.26035892242,182270.53288465945,60880.96366103371,109492.76518691596,-39712.267325641966,55144.30148266096,26190.960861612468,-43267.79579289018,24271.66393982382,26460.13219914958,17202.772171646266,10430.328911256223
404024,114744.27857982765,-5666.844435252668,22533.75576617627,29865.799569778563,94058.04837892692,176087.17140361312,55314.768823595594,102543.01706902655,-40874.07111337881,50889.34882489441,22204.633174865983,-47108.39947993337,13530.724801674363,24387.63660692771,6849.304339037133,9389.759918751324
404025,137182.74047387237,17849.48894983333,46011.087990799206,51724.15987172284,118413.47401192707,187714.2896335594,79442.39080139942,126634.6327827334,-20493.865069934094,73552.34918177722,44704.310965768425,-23727.491752367347,3155.933173356943,28797.60988317324,-3365.3145285896817,28508.743902144073
404026,145996.4068075464,28592.943440328938,54051.196863869096,57553.25585950611,129406.1653042416,187401.73503282428,88733.53362758641,137291.6344070491,-16356.92671511737,81274.03646108267,52138.284337847894,-16361.156241207329,12817.492722041703,31681.81437457165,5912.607889821899,32339.18101964794
404027,123382.10306556096,4972.572132522615,30216.682985309937,35185.770849142136,104920.7644682102,185148.92887904623,64346.3417527837,113073.31025719203,-37153.452045229904,58311.593692461814,29306.696137507195,-40065.07303653148,24454.7493686671,27272.72340404849,17351.220248014437,12819.325205376674
404028,112570.17552605459,-7801.3648143297605,20194.171801171597,27533.56440548454,91853.54932261334,173647.619911256,53002.27893150089,100328.65753640929,-43176.25370679136,48649.8617546852,19953.708525313974,-49477.88478056446,16105.096927626784,24142.236018536096,9356.938755196112,7218.052727221272
404029,132753.30684347058,12959.462480566046,41582.88329053265,47836.86819822998,113383.59119864486,187693.77773996856,74727.46944037842,121680.10628751434,-23894.387952505494,69312.91957142379,40524.773762648256,-28003.90886632014,3506.979647147093,27822.63862096602,-2997.004288092735,25317.20927571802
404030,147345.97960329434,29709.27890746124,55693.636431638406,59370.165160290715,130585.09069104247,187682.592652617,90218.72382932735,138487.79183367465,-14415.897027083493,82889.66720181145,53783.25671347134,-14573.58213399756,9917.250415950595,31781.164971170703,3088.697511244303,34162.82150957814
404031,128173.48319540695,10098.238130818823,35083.669788096144,39539.24577055832,110190.92205568546,187440.4919894466,69436.75040112223,118269.45535164102,-33152.890565100744,63030.87240110707,33971.29586506734,-35227.589550370074,23599.502033218414,28312.00690375238,16490.302751414063,16558.56005128423
404032,112659.56857915598,-7444.57037852259,20012.52167633333,27037.059002121645,92152.15403067022,173831.18119426002,53007.434289046796,100594.2221842746,-43817.292407769186,48483.54156426717,19751.19208550298,-49731.69205812381,18366.140656195552,24296.63475831134,11554.274066987526,6603.718464701881
404033,128966.8932602588,8972.711850480597,37607.88662522114,44170.53951225678,109205.0305696014,187401.62344582146,70624.24962767713,117561.16715191008,-27253.50232524585,65472.2008762548,36732.0292482782,-31932.223012378832,4654.521375997383,26979.013466348802,-1846.7240121578393,22165.49725078481
404034,147631.6042501111,29868.54297270091,56140.07033324592,60018.13655235196,130711.88204123125,187658.8159572056,90546.05821724738,138644.97999911086,-13668.599011282075,83291.58636707638,54242.74763879893,-14065.142001222095,7591.780814364942,31617.433107491757,844.4440483489675,34877.09562351256
404035,132667.08938141936,15019.699324677316,39685.58696386487,43707.73766137966,115210.16177769746,187718.16499884892,74255.72238290815,123216.82152599291,-29423.99544515038,67404.27992442597,38340.33502797891,-30746.068048914178,22405.036641518032,29246.546230737236,15296.994744168864,20058.644674672174
404036,112877.20146063447,-6832.11895458801,20005.990236165155,26733.900127381265,92680.51180320044,174559.0886364624,53204.780411209314,101079.99117039157,-44369.67191103308,48396.215554985356,19676.471023750648,-49895.03743916766,20632.74732789854,24506.33680867106,13742.939179953953,6081.540969587236
404037,124429.27490007176,4296.824124388492,32904.34743523788,39856.744930168905,104283.70372149207,184704.5001091091,65768.81122258685,112693.23065708793,-31300.202988107296,60844.19717961917,32206.031733246986,-36651.42319811799,6370.939798915693,26055.213389391483,-152.62640459056638,18370.713388389904
404038,146356.98072085285,28354.11737483579,55046.487185897364,59340.02333473324,129082.90959060591,187361.00977233524,89226.66181542492,137068.03902454211,-14095.62377396792,82158.68641103362,53223.40859643118,-15073.378221112049,5541.752071076898,31148.46658220626,-1128.2780455363552,34481.12886157864
404039,136990.39927620476,19658.898764306352,44224.36119875665,47956.53534328194,119932.25912879841,187689.41126915347,78919.36737502401,127867.84038197469,-25520.605259344215,71704.06284865872,42663.39915416201,-26273.5020207916,20447.870120817388,30112.29026735574,13371.68688439172,23711.937505606704
404040,114380.84346238725,-4908.4008908539245,21343.44070382989,27689.949748100233,94565.0694213611,176640.3522315228,54769.475349216285,102886.86411439393,-43692.45975152349,49627.5716709984,20897.586527478317,-48684.99413414775,22322.66859122376,24972.175084755196,15370.85353888917,6696.021886465879
404041,120617.77462973748,429.74236635395937,28891.763743079966,36094.01268448586,100209.40185445188,181449.09732380713,61673.72889915036,108620.25407786739,-34868.372433917924,56921.13586343361,28339.495721254512,-40686.71047975617,8458.609590931683,25334.24446403334,1901.1261769883204,15010.702608418973
404042,144193.42543448874,25899.352359541772,52991.193294862154,57732.63490181217,126515.47726841441,187195.73844581866,86938.33904407533,134505.03070897626,-15382.757623942309,80148.96764513606,51293.36733377655,-17021.203916392846,4126.178706623954,30519.83161647064,-2480.212305268978,33271.48513404251
404043,140795.129233588,23673.825508995014,48277.13927174847,51822.94338539297,124069.12108205141,187379.59863827113,83043.33369230095,131868.95126287593,-21940.734482277283,75575.64801315029,46539.5342507403,-22255.210323982552,18149.3434445276,30831.537888672432,11114.327686415147,27065.530118795905
404044,116717.1424195517,-2149.0523637052534,23562.142509279118,29486.662996997362,97374.52034443058,179172.3850978593,57232.80465596499,105517.31326141325,-42230.6293048282,51738.194815581664,22970.738973591404,-46593.71487110175,23559.972468289383,25603.48150682049,16545.77114708077,8052.037524856047
404045,117390.15448402069,-2791.022899791709,25437.42773605437,32800.655876575365,96850.37871947412,178700.92713138644,58190.79661880415,105145.42661166034,-38061.22917293565,53552.46242799,25002.360606773767,-44194.7243281405,10796.613354779496,24770.877225768967,4184.505683473888,12007.201309303313
404046,141276.14826820407,22654.988121299066,50115.834688131705,55344.383910851866,123160.68185662647,187394.15252409206,83819.72409895597,131085.34789329598,-17410.924114963866,77350.45877534253,48574.6494895335,-19800.24077584387,3236.3880688547138,29745.379368689024,-3322.1453988445933,31371.82018045876
404047,144060.52655780752,27060.030707766367,51801.42937386321,55258.89260737781,127571.12515225916,187192.2422518984,86582.45477922903,135217.1856603073,-18715.992114104352,78936.10864745479,49919.74929135901,-18743.990915327395,15539.247910974365,31388.271706122017,8560.020884007206,30097.739402258798
404048,119807.40489336559,1387.290741146927,26584.07774631326,32039.82335281859,100992.6871408424,182028.6756249453,60511.74120029024,108951.88665282217,-40061.5346369397,54624.853854307985,25817.43121502308,-43701.58762538899,24366.190712896347,26380.708259885345,17302.86174678709,10083.004763852448
404049,114620.1273343582,-5479.1381135034235,22443.03430531987,29867.66454474961,94039.54245041603,176050.47817641607,55217.74710864528,102237.07925423191,-40971.04235549021,50629.32465386934,22094.722823312513,-47269.44185669944,13396.490130542905,24343.372852283406,6725.420000645947,9280.0134533933
404050,137341.7986624223,18350.45847819522,46194.744104239435,51957.74784785743,118712.56376528535,187703.22552289622,79638.28869230037,126621.79429203743,-20383.698496949542,73554.00277425999,44852.30489810585,-23621.955792737303,3054.290424244226,28817.876978048324,-3462.581950547122,28592.600616924752
404051,146085.74472537392,29030.14303631778,54127.594329655665,57667.534797128945,129626.4093175601,187371.8688484818,88827.95534003149,137184.54291249084,-16351.982701218367,81169.25888047647,52178.37840055035,-16365.027303883056,12808.87417011577,31674.251370026464,5904.303360840447,32324.09550618846
404052,123518.4872415371,5467.116249943008,30328.313197402385,35333.61757805698,105189.14593372577,185360.44436045364,64479.15997274476,113002.90150935306,-37117.48152656293,58233.69841550807,29376.146623205706,-40037.199136922776,24326.474497089574,27253.559339986215,17233.434444807837,12838.44908497803
404053,113126.49516426527,-6832.429527363448,20726.223409365128,28057.241010092133,92605.10330603442,174385.2662834804,53583.31466103244,100723.57181895223,-42812.59959050919,48970.470149921544,20420.469749238986,-49045.45938533629,15836.40050464906,24197.00049933675,9097.548105718844,7550.922030507814
404054,133415.0339684735,14095.12249878207,42203.99717389244,48408.917270822996,114304.76001262815,187717.62114431418,75428.9205685695,122227.07488554761,-23536.617408522543,69711.92646893158,41064.832443243875,-27513.989174915292,3472.4111709011645,27922.716770311956,-3031.9363263249243,25645.595402119787
404055,147363.39959101996,30184.844044247235,55656.4549339918,59331.55164833707,130830.86289317439,187673.13912448002,90245.45014652898,138353.37306961694,-14644.846796422478,82643.50890133309,53682.65198542929,-14760.942614467027,10192.606490477732,31762.611209272833,3361.6697524329666,33943.82748497678
404056,127760.00063637717,10083.00036702202,34642.63346213924,39179.22701634785,109937.15997552648,187410.4162546327,69016.71369582953,117637.79174488997,-33651.2353284773,62388.99428429968,33485.514896006425,-35809.23496518878,23689.66660833331,28183.695501490234,16583.16934540512,16094.771029753661
404057,112612.07700267647,-7101.159196402522,19977.248254967,27080.9899920016,92276.22755743953,173909.26231439755,52988.8993169604,100334.56757067333,-43917.879116079646,48234.75822411448,19658.647900433098,-49898.1987658572,18174.47560079482,24241.50499539238,11364.89879194581,6515.729839959169
404058,129242.08595771542,9662.668403380889,37898.95040832523,44493.81322905521,109694.88009490343,187426.54521534542,70953.60198027288,117657.5239933501,-27103.04114180631,65547.39689316877,36951.189980210365,-31775.58459438513,4531.140576402679,27009.957839796592,-1971.4947161882865,22307.74548968934
404059,147608.23869942635,30239.20364699233,56108.43335746729,60023.765431606065,130882.32367466335,187683.49086132465,90550.57221698893,138419.77767798843,-13813.464872546552,83070.17642920773,54152.22147138622,-14228.410302505534,7738.366195076886,31602.479210673,987.7070044129994,34738.47715425216
404060,132269.3027393464,14949.872531133587,39282.16683786766,43393.38421983711,114942.57561019695,187708.1015111678,73859.51485181143,122558.0338923579,-29831.951729055356,66844.63344568326,37901.35659439529,-31258.41061007689,22477.95604767904,29136.62547367058,15375.972522064018,19681.018300469164
404061,112856.95986982,-6539.536809296861,20010.472193440855,26814.728638114666,92806.48782331873,174617.51182119173,53217.56159302383,100810.4584747455,-44393.30646157083,48249.934923913,19635.65565127135,-49988.62869694886,20395.626516202698,24460.212845808062,13520.097184846705,6070.998394193533
404062,124907.62196099418,5123.429080411063,33405.393301166696,40363.49482816383,104976.68868307049,185255.67781220464,66312.81250267447,112981.1988909266,-30942.714055334487,61195.888584374414,32642.74606013309,-36254.798797434865,6152.9451580874465,26126.28032656055,-364.78276106100907,18720.056495525798
404063,146580.47802570765,28926.740108412312,55260.19730591566,59548.01287653891,129528.12309859801,187387.43103239086,89494.36090911803,137107.1695761492,-14045.223000913384,82245.16573707719,53381.108735160844,-14974.155144452749,5715.590572377985,31195.122948793505,-960.8613164813532,34544.48633047991
404064,136567.55353511556,19512.661569854994,43787.19685748515,47587.66135881067,119650.83050300568,187714.08066572598,78501.38367939566,127200.19033423846,-25981.914199534167,71176.03634720176,42206.000051104566,-26806.57193694273,20672.9043762609,30011.162929304133,13590.442187092614,23306.49331167939
404065,114115.74823359691,-4931.878490530579,21107.2374072995,27546.840613665645,94426.90168014483,176453.40188776358,54535.93722855463,102373.3577760718,-43921.21358897314,49302.17466650153,20642.002223994266,-49001.98635415365,22190.05841661074,24886.667318092186,15244.52421631859,6520.346034439624
404066,120789.99946291104,861.1430356776714,29105.298609953312,36351.373541817244,100551.15820280826,181714.98277445714,61911.62140232488,108591.5696057276,-34728.353452155236,57038.14058903631,28516.695643141524,-40554.874571942855,8286.621139730929,25352.549859824485,1734.8849906748023,15183.680914186596
404067,144173.6966287964,26132.8601293854,52995.9259427839,57766.816336208736,126658.56005605507,187189.4847870837,86973.33814710018,134302.64231932853,-15464.233126634803,80071.62462808329,51269.773512626605,-17102.12741075276,4279.696900278588,30531.324725756676,-2325.8860838561804,33238.75013519506
404068,140176.50134791067,23233.22073961963,47678.98510687736,51315.4313769431,123518.40902465681,187408.0889509984,82439.68449709837,131021.8920113235,-22488.638492307284,74931.89099291227,45952.14664622718,-22911.05789941106,18386.191527754814,30714.73762275154,11354.411069766393,26601.7095945919
404069,116237.35515680279,-2497.133465690705,23144.652853061456,29182.177051446386,96925.2811286494,178770.14117620356,56788.171140501334,104808.54381185949,-42550.71546117342,51284.25421492035,22571.205648513303,-47040.66447146784,23408.955555701235,25490.107205229528,16408.03642595049,7807.627314223051
404070,117521.41999727608,-2505.136979446419,25640.9061980314,33048.84183295801,97056.43014712355,178881.23916272528,58394.31508835546,105115.16079802967,-37855.050258316565,53711.07219295701,25201.96290885077,-44012.52718542305,10527.858029340412,24790.75164262275,3926.8332441095417,12257.048864244407
404071,141416.4812626099,22968.587256446066,50302.472151898015,55528.08765817872,123396.46973873998,187363.01797226956,84029.00040748424,131108.03016119357,-17286.285389457742,77501.06759126163,48754.456799032894,-19644.764196578944,3287.86139800008,29794.80004335183,-3269.6832273908935,31544.895210456114
404072,143740.35925622468,26870.196672395716,51505.462711074906,54991.86055726955,127288.02178814242,187190.14133539872,86293.33356100626,134752.89826672262,-18989.828028516342,78631.73053612851,49643.10774381017,-19059.18121499761,15708.048672602928,31331.338503338913,8727.621026835353,29894.9487891807
404073,119648.26753975009,1338.819565170598,26465.028012882165,31960.215742794,100854.40875334913,181988.8820285315,60392.106428099185,108655.8683182777,-40137.56051600052,54492.54827015956,25712.49581911832,-43829.195014885314,24189.21115667104,26320.750177469436,17133.42536863567,10063.27707740304
404074,114894.47772240904,-5059.208579967594,22759.58511208047,30170.652585846703,94385.84339570523,176438.68945881882,55560.164320720236,102439.39134734351,-40700.72627655176,50923.67395326815,22407.896906060974,-46963.58793859764,13229.596466037903,24393.548738223522,6563.6409285041755,9583.172195494164
404075,137472.9237993711,18639.889630903956,46358.55770867226,52091.32542738193,118933.47656252861,187684.73256726353,79837.75762641025,126713.63507128971,-20307.316402955694,73698.53732889182,45012.75157611937,-23488.10760298978,3155.4761004293314,28858.847503314388,-3364.7119458128423,28714.62394276234
404076,145637.1051745632,28687.288404793566,53707.97326729265,57271.69614499485,129205.82483427547,187342.19330896452,88415.5639264392,136657.9330526006,-16758.89242644254,80752.07495555622,51782.36563976359,-16812.37760975251,13094.86579212305,31603.984373396423,6186.589474865605,31989.84038520935
404077,122838.03284259303,4826.753205768446,29710.910720544816,34796.50650078866,104474.01706083998,184818.42625270755,63829.11064990242,112202.34428174277,-37619.26440073577,57632.04107826708,28799.946199252125,-40661.50776460786,24417.130178733096,27127.63275142531,17326.330092918335,12408.568360132998
404078,112746.37281422535,-7194.20647170956,20439.187729062956,27838.427415543527,92185.3226244626,174041.5756508829,53257.40817398419,100229.97898699813,-42992.59031808747,48694.29346526453,20164.931877113406,-49325.06912772781,15737.39467857329,24139.939093839756,9005.31375031231,7417.786685828801
404079,133239.7560000178,13934.893586495782,42118.899769114054,48356.760923980306,114098.50207627896,187734.83926701202,75315.9338374873,121953.962390299,-23557.638951614495,69637.39910656722,41004.60369166816,-27585.655335449348,3426.824030129424,27922.075673803116,-3069.3964515070243,25660.52954581314
404080,147067.29247620876,29882.691624671676,55429.889995658705,59134.14057028896,130480.70827506843,187653.8226525304,89989.19369614546,137944.73044155003,-14793.136865555649,82443.984143043,53493.745601346876,-14963.039510657049,10285.94162428051,31741.33652342188,3453.599013389503,33835.7319948646
404081,127293.59036354076,9578.70288111092,34247.306810113165,38832.25675274403,109385.98222867647,187381.52759681112,68575.8448238397,117033.66492208536,-33926.88427190161,62034.84849033991,33141.801406086786,-36166.71569076319,23790.970224906865,28128.70238153144,16682.918342496778,15861.250600569545
404082,112264.1987120239,-7497.630044579789,19720.802171289102,26871.049076745196,91847.1561734523,173545.35439990705,52682.593377202174,99852.84071977367,-44057.44522571117,48022.266049980026,19456.983208789847,-50107.01620041835,18131.932352180593,24207.23592773365,11331.238544396705,6407.16334880098
404083,129180.95032544556,9567.863940093383,37930.516881969575,44533.934130644215,109584.27144860054,187455.75460373383,70951.04161623731,117489.46691162385,-27018.252817204135,65614.56381040943,37026.04260744229,-31701.81628196036,4465.469083501884,27040.271934216464,-2027.1650752488813,22409.62281232532
404084,147351.25117659362,29936.638376750776,55921.83098132305,59842.48585647406,130562.68570940009,187700.73481615516,90332.80497848257,138044.38153499278,-13940.12502130949,82928.79802773119,54016.72700731155,-14378.19151057428,7905.797574023105,31605.67903761149,1153.7908454545611,34635.48414959174
404085,131700.53784271487,14289.256384799273,38781.36707079911,42937.428398114855,114258.97400310524,187690.129364448,73304.93946949771,121827.07671277993,-30186.008422250194,66406.61059155661,37473.97984905146,-31708.16004451145,22598.64975793344,29061.085926263237,15494.117378863231,19355.513317962475
404086,112605.32555456407,-6883.171413984212,19846.76303178474,26682.763666566716,92453.09451195227,174305.34531227115,53000.61360734235,100409.74027272723,-44425.633153716626,48141.54114499725,19538.549326513275,-50092.48666244568,20235.843231524825,24432.43830876104,13361.80017730575,6042.241945966685
404087,125079.08724303705,5245.080674229192,33654.73450048324,40581.96456996678,105103.5669658358,185391.91865548457,66541.09941328797,113054.17518165564,-30664.11517693306,61484.73178134352,32936.9658101488,-35956.61132323235,6023.217322342409,26196.018501559964,-494.45657541339995,18979.251864051006
404088,146590.06106791014,28898.255624462086,55319.61987468118,59557.61712287662,129501.42590959233,187416.0161999124,89543.99708661521,137025.8311010035,-13980.31636909911,82348.19421437834,53486.75775424889,-14880.957103624487,5840.57492748925,31243.681318578314,-843.0450121648391,34596.93892561388
404089,136237.74913514755,19113.746409547755,43500.30637279515,47286.56335300109,119245.11146082818,187732.85976712394,78184.48909106791,126744.87331957053,-26192.8394228755,70941.31178342522,41977.06555129154,-27058.468016351453,20784.805107826523,29970.95532096493,13697.665536464543,23095.724280437385
404090,114016.37853327734,-5096.704492435694,21070.10367553712,27494.711760042308,94264.03119552901,176327.81680004532,54466.43680591041,102160.49635657108,-43890.98371598973,49305.2679599218,20651.696453010474,-49004.26329203305,22038.478297960362,24873.632448102926,15093.842995920517,6532.524216816351
404091,121177.23870968443,1233.9005780834095,29547.76829752977,36720.89721803168,100939.37442386782,182046.91283192256,62354.12320493807,108923.17526299223,-34320.140297948725,57499.01333500372,28978.321673738257,-40091.9925014573,8065.795780749795,25435.457307676825,1512.8403768677017,15543.788331751372
404092,144643.5187112135,26635.852947860003,53483.63702923915,58140.22082315566,127173.81947068803,187187.86935119494,87489.39991588314,134756.66189899878,-15086.183763863282,80565.05055587753,51761.16302365967,-16619.880797700225,4276.572119304496,30635.74329244591,-2337.6112225690586,33559.95846306873
404093,140264.86120176606,23350.877099593687,47758.76266997879,51307.287224869724,123630.56708709715,187436.92284287998,82538.66097220656,131078.5322518492,-22469.319063907526,75022.43359252586,46043.90883560352,-22846.100650565924,18519.84161140788,30730.51896119461,11480.856692041885,26583.137981257445
404094,116322.55568770855,-2380.456866505463,23238.992834694393,29214.530822280038,97036.88092080185,178912.89837184278,56893.01926513543,104868.1630910084,-42500.62193015315,51375.370588988655,22668.315221206823,-46969.40335659377,23350.128611569322,25488.38194821687,16349.67736955568,7823.623322277828
404095,117845.22198220545,-2116.0554200460224,25987.160106729625,33316.27707391784,97450.91565815866,179255.05618640414,58766.190345591094,105455.64899627614,-37606.14564369535,54037.47893128848,25532.43669173575,-43701.992325121544,10412.958070580986,24844.464580442687,3812.791078541043,12459.898823992546
404096,141650.83459787365,23289.905081657907,50548.56958727124,55691.07205157852,123724.5503047387,187333.0650669225,84310.90086478405,131378.8208859283,-17162.535543324826,77722.55155666615,48979.209448036665,-19448.642013440585,3397.995850759108,29855.884664020447,-3165.954232111812,31624.96030162086
404097,143390.32450433203,26561.3221550069,51161.587257362815,54626.530646969375,126973.48168344445,187187.15594111924,85956.34174217648,134390.75650149968,-19342.34484481894,78284.19975536744,49305.55943765357,-19442.652792430836,15997.219539331596,31279.101236170412,9007.515984422544,29529.13556261435
404098,119143.7539444628,824.0633388443018,26008.017177084592,31538.958934152764,100339.32506540004,181545.48683995055,59905.29542806783,108101.29616974507,-40511.426949459055,54040.44488398828,25275.86201881324,-44304.32719891386,24236.390122204022,26227.045126498357,17177.55129087701,9687.332508046744
404099,114850.97433325647,-5109.358051564927,22792.240080718835,30214.050239056312,94354.43756581607,176404.61433641662,55565.82911090951,102367.06392059522,-40625.35833419126,50944.1214656418,22440.561873320385,-46940.260111773256,13010.60988944458,24386.60713322831,6346.380921625677,9631.54681577176
404100,137790.66624683153,18987.670484709368,46729.484415125466,52413.37419772532,119305.6230875539,187671.07900959172,80210.38202184232,127041.58861428047,-19977.791510020834,74050.09338599496,45368.11288968759,-23126.731115647577,3021.4561843292317,28935.74323905154,-3503.2738186477354,28996.153967979768
404101,145795.5570269139,28882.98825391516,53874.989783561985,57379.98787782082,129409.88939192795,187313.04770379324,88594.60481530624,136822.38250257552,-16631.35152020115,80908.21306899219,51939.080129043956,-16654.862573679024,13148.17925383689,31640.224879457728,6228.908720790271,32083.735576386014
404102,123034.47819929574,5072.770826117624,29908.506496829945,34940.362078730264,104722.24555077164,185059.6036795935,64044.42120686428,112412.77098233477,-37461.04334971309,57815.85857097633,28987.079694533633,-40473.10395180771,24296.42527598077,27140.337448421604,17207.46477284304,12546.119318060373
404103,113383.14166250444,-6446.072630884784,21076.43781668672,28380.456822216183,92944.87701005426,174810.24777244322,53944.96110720224,100947.10673396711,-42489.17121593942,49297.321269093445,20768.45410885373,-48712.6101559942,15481.206486913346,24231.150078963637,8753.305391468853,7886.439381923092
404104,133975.83071717623,14847.749360609421,42836.934162402074,48945.43406220003,115024.3757524934,187756.7228186599,76115.49142782917,122832.40708645637,-23059.2818497773,70309.49744873893,41672.80015172122,-26921.400788340386,3388.2063511234956,28051.64817415719,-3112.712161135658,26122.88604306506
404105,147262.08368428145,30249.31142502246,55588.13387326234,59205.15785342657,130845.28153827801,187642.38448882397,90218.55668036974,138267.44055341228,-14796.013801135116,82564.95082176328,53615.5609853153,-14871.574350622204,10506.600259209215,31768.08832836295,3667.153217199774,33832.21771863387
404106,127184.65964633909,9607.043238142376,34118.83708806896,38680.6556972211,109404.04033988243,187352.07834884894,68491.0986297816,117020.21162260315,-34123.6252645942,61869.79490358847,32986.486500456595,-36355.50406742359,23844.573357518566,28069.65875628309,16735.499624403652,15689.626473486198
404107,112456.52633413221,-7154.334758096509,19921.14251896625,27044.88443733192,92190.40217350742,173881.13302621874,52929.306685741474,100165.59551341405,-43946.40397395739,48170.399796173486,19612.4266930787,-49965.66373369587,17978.74738195063,24208.072795434648,11179.229026870962,6530.884232478363
404108,129551.98360362984,10120.963685055396,38310.98710199369,44862.36993584641,110143.06444558747,187481.50259873018,71391.22612705713,118016.474759067,-26779.487872589925,65932.86637615511,37346.217182166605,-31387.244647039402,4409.989482548874,27097.781414327463,-2089.6775855560854,22653.265233160928
404109,147428.17779454828,30186.122080621553,55998.27434749241,59886.32467569035,130809.44626225525,187723.54169677824,90459.26266009182,138263.7637172438,-13968.596468435,82954.50168411405,54046.90253043779,-14363.169096605345,8038.045679889898,31616.92390831129,1276.3062799468146,34631.59514622327
404110,131469.12182930135,14190.969772209512,38560.64572692612,42732.55746999115,114152.11952969115,187677.97381159978,73109.45376374968,121700.94948826804,-30432.6147903507,66146.85151853514,37222.32294347661,-31975.00393127155,22700.55534113277,29004.299003110504,15590.28367237399,19155.58927740406
404111,112379.04472474576,-6995.100877670435,19661.238921475175,26531.88030326497,92341.01248955191,174173.5652746496,52827.81598424026,100282.42826432733,-44615.57539416345,47920.03712883119,19324.090803228057,-50311.12838101978,20261.271322175075,24389.057374054377,13384.483243200615,5901.62601289379
404112,124808.34581290053,5074.645424957194,33450.67308567679,40420.114595195875,104942.76084081139,185277.3993235423,66340.17201531795,112880.1798131879,-30862.555402641447,61256.44956266403,32710.870564603792,-36181.682310077835,6097.247381713323,26162.431076612193,-421.3387415171761,18832.071818411343
404113,146123.39580607775,28492.67830827965,54930.620428972776,59233.37909824963,129107.51061745685,187443.2648526866,89137.95652518506,136622.7383380407,-14306.420873745376,81955.07826854612,53096.30635433915,-15268.52284839047,5988.834080478574,31184.93118998445,-695.0676905560666,34330.70731879142
404114,135551.0108122792,18422.684773159803,42897.87278386515,46784.72298991521,118561.23068386006,187756.42122082796,77535.72623210438,126061.15536548753,-26641.243661108332,70357.24046245047,41399.45939731185,-27626.516515340605,20893.54406637982,29866.581008059962,13808.065974404342,22713.092730336546
404115,113507.23232967003,-5642.481153437995,20665.669183504848,27188.76406938824,93735.44166687975,175814.2345498801,54005.8611109113,101635.31941849596,-44132.774278636934,48922.23994671113,20274.12974529373,-49353.892725063095,21959.421951302895,24799.19636123677,15020.726322635157,6342.772595647856
404116,120972.62850575469,1002.298389678841,29451.4914603741,36678.16661049661,100737.8078990085,181855.35058782966,62214.43260639354,108722.1912619602,-34310.02494473803,57426.44288626808,28904.759231228603,-40122.24565307645,7971.389092760919,25431.21497220611,1422.4339521095712,15593.992016380987
404117,144364.3657487788,26328.08194612014,53299.52364284649,57985.92048954041,126896.46332905385,187181.83318639774,87265.88212639728,134478.84104726155,-15187.173615747754,80416.47652310229,51606.76266789356,-16735.96654495509,4401.35286250826,30634.75294946329,-2216.853021185666,33511.58493905455
404118,139673.65660860305,22685.6589554788,47256.02560130568,50862.39512723169,122987.95181924748,187467.46541755792,81978.70474887535,130441.93790491945,-22820.486835431053,74577.0097382709,45595.052211119866,-23263.80022660243,18678.32364676449,30656.87228819523,11633.585138135468,26298.285622669635
404119,115830.63072027871,-2970.77664419327,22854.72925053029,28895.748999953423,96475.11610327492,178416.20429705083,56442.56568513906,104313.98247972166,-42717.085686414124,51050.37805157541,22341.012789782842,-47259.01944186598,23297.045928549043,25423.284096815943,16301.163887197863,7657.156460409821
404120,117677.14727457533,-2366.9556449723195,25932.39788575481,33286.51066418885,97240.12128213195,179067.20434090294,58659.894537609944,105248.27422715322,-37549.72372346278,54036.62134575925,25524.23958750085,-43662.08526072319,10277.119136631922,24845.15527369487,3685.026399483077,12544.491315414198
404121,141516.34599171573,23090.498306790654,50508.653544191344,55644.31807832769,123563.20738684028,187297.30467142884,84233.00744441983,131218.1660536935,-17136.93785063104,77740.21577324969,48986.12740393277,-19400.860935826382,3438.9402012375795,29878.07561314771,-3120.7665219658293,31680.999257302516
404122,142958.47817505433,26040.608293170262,50801.65807708389,54278.994507149895,126474.98926845021,187183.9056646939,85547.91200747261,133898.2713939752,-19591.82622923225,77993.33434849785,49005.98103081861,-19712.69904230493,16147.962971952635,31233.718714759736,9157.916178947686,29323.286851653607
404123,118813.70878650589,397.30071482201606,25761.103423092733,31309.105063035477,99929.87344913205,181237.56281151896,59603.58163363977,107700.66559029714,-40638.303624609034,53856.04936109768,25085.784707431783,-44460.86171701258,24124.745918660556,26174.56873632404,17074.518137947318,9589.329122709329
404124,115053.34014001765,-4950.842738920885,23078.029715683944,30455.670422656898,94535.5511805624,176618.9483260819,55825.50478048584,102549.20800775048,-40314.150828370955,51273.69658305486,22759.68508614297,-46575.82126842395,12738.789299565684,24433.237465060713,6084.851315579219,9939.96751037669
404125,138048.62003275083,19258.75677597869,47046.982582524055,52641.778336111194,119591.76931622138,187649.31667300808,80528.81172627541,127320.61791228729,-19719.88874911393,74403.59524322105,45708.46294170284,-22755.759463248884,3044.5898072427044,29021.910462249693,-3476.26786427681,29255.268838007105
404126,145411.83563038363,28490.903515335514,53528.115341168246,56990.06970391819,129006.87078636687,187275.43757566606,88231.16530465892,136418.2964706727,-16953.81936739072,80616.34777994613,51642.05933650152,-16950.76508207025,13477.190977832872,31608.492595539108,6557.0969256575,31794.76912910354
404127,122295.41621827925,4272.336535618406,29237.393639889196,34297.28148842567,103900.8683883168,184365.6100957052,63318.74830423115,111597.9746540164,-37998.39818620819,57204.59126181369,28381.159675965337,-41085.54284714385,24423.767077516473,27016.1609268705,17337.93916420222,12047.789939141046
404128,113080.21906147312,-6807.570477444952,20878.755468914635,28194.15935184872,92576.43174699809,174487.63543246832,53692.39384476426,100581.06126465203,-42580.25072551975,49141.541494076606,20617.208409100367,-48849.035137767,15309.141614092294,24191.43307713651,8591.450708957782,7800.047484271154
404129,133965.43553049906,14810.288519266058,42927.56858371368,48998.64720203185,114984.97873345045,187780.9050951227,76170.08983453666,122787.85839337236,-22935.7833613475,70435.43440890138,41796.907722272575,-26774.66838774844,3314.8509041862276,28092.3633809156,-3182.15846377191,26234.809629480762
404130,146917.32638999238,29862.758308659308,55312.14313925119,58903.140946386164,130436.4671930721,187618.67113933264,89901.46546631877,137857.53322678432,-14997.071741191772,82340.91897679583,53390.96674357876,-15086.343442191745,10675.6567642857,31743.864135104122,3834.439099688564,33633.69713233168
404131,126621.4909141858,8967.465783967255,33626.3004432443,38199.35785792204,108727.5896678155,187312.4605756885,67935.67460080494,116351.16975858796,-34466.22710280785,61440.2509262997,32559.680288496536,-36775.264979792344,23894.82710141399,27982.002283371155,16789.66358381212,15347.879129475732
404132,112282.25967841786,-7387.785068237187,19835.54565931437,26945.575446058603,91929.1910249454,173655.97777223724,52789.76192275562,99909.04215676918,-43931.29495394107,48132.06041551724,19574.00317930693,-49982.34715201413,17807.800085206738,24192.80912674612,11014.821382976479,6520.190117221981
404133,129725.27067536986,10282.189788432577,38564.051424047735,45047.66610729278,110284.27005492765,187521.24380467,71620.27816538606,118154.38173667908,-26521.963531961057,66221.06890032254,37626.542781434386,-31079.27414094271,4285.85089616091,27160.68646634781,-2205.95612203961,22868.446148371648
404134,147380.4427467895,30134.641933534742,55998.60786729737,59816.961067806464,130724.32273282096,187749.91152634035,90441.27723414818,138175.30073532736,-13960.718612786362,82998.68002945423,54081.666800360494,-14315.069413846417,8145.756918022213,31640.001157663548,1392.0841997354792,34610.62725837094
404135,131115.92760240182,13805.718922594066,38248.4879944526,42391.77888700251,113717.4128727116,187654.26541397523,72757.95848171957,121268.48288135955,-30663.57313488663,65885.02465100822,36957.26142358914,-32235.580960913943,22750.483126736646,28944.24654715012,15652.672157092995,18910.242346096846
404136,112394.35604098377,-6992.282298413158,19732.103314250555,26558.713392078706,92303.27119791333,174141.99659621203,52866.83202060651,100239.43602456425,-44507.91405102222,48015.18259980104,19415.857282969475,-50201.8988955973,20036.818493804214,24381.419662457854,13172.89846052968,5973.595253465478
404137,125385.9664518166,5710.883188447659,34064.09912487853,40914.98323040272,105548.68330403054,185782.6042796473,66964.2469044604,113467.00413574815,-30344.124693479767,61864.74398899594,33309.960263577654,-35553.5859020707,5867.817448838134,26272.722324485632,-641.7903265081675,19285.913936119545
404138,146561.69733279914,29031.716331712174,55363.38593412543,59526.90661354967,129603.77517679932,187484.95033419173,89603.38066137308,137095.32580984745,-14019.500253946098,82375.44986876936,53506.07669283804,-14848.776298519997,6082.072349400418,31278.392858600077,-604.3896831460784,34565.33056413963
404139,135543.1993239986,18500.84271317569,42875.738851001384,46676.814824930116,118579.42197462189,187785.1239158174,77529.35020105235,126061.57278743682,-26730.579040515608,70328.7097153244,41367.14534146583,-27663.789289782948,21007.95622076295,29850.561049107495,13923.80213615591,22599.86331146164
404140,113586.85314955383,-5469.226552866649,20757.362929458428,27215.430337977003,93854.8000688473,175915.48076829192,54107.76294772234,101734.73407348584,-44096.61323135183,48996.2177654301,20345.280246974995,-49280.62637226019,21844.274087025602,24790.906536906143,14913.986935902141,6353.467398655112
404141,121349.16843367921,1513.4044117997596,29843.216593086494,36974.43798056499,101206.99415899816,182253.50682905887,62638.51097001149,109163.84194589185,-34042.17060464817,57782.828243980584,29252.200723117567,-39765.82072865563,7848.713543109998,25492.01492456185,1304.5382220160277,15820.329344838763
404142,144591.76408569317,26707.537218346224,53521.54908092835,58110.22328100861,127231.05447007471,187179.4900996671,87530.36244030071,134781.78163418273,-15102.364655110323,80604.8431596644,51784.178178105634,-16560.403003176572,4532.0416201336375,30685.685705109605,-2089.4356577106255,33563.013098261166
404143,139491.32081794395,22617.83329380348,47062.462895556935,50624.54416897732,122865.20339867895,187511.09645820555,81805.00557011412,130292.96127410469,-23054.770487656286,74362.41474344932,45374.1077801789,-23492.79090740731,18834.21780502441,30613.47539736254,11789.553600269828,26054.711703730307
404144,115727.05721568827,-2974.702704881467,22775.220237569512,28798.06327219099,96425.95261182744,178369.11312830992,56367.07730401672,104238.9841163319,-42801.905353993265,50946.79925574144,22231.807044117693,-47360.92613561005,23187.728033558087,25384.702984603755,16198.003677580069,7561.907383538202
404145,117927.45139114557,-1987.69894013052,26222.71457657873,33525.14028091721,97591.37188927687,179344.7582288683,58969.107823298116,105567.85077413851,-37329.67222326317,54285.52059990051,25762.293623026097,-43401.988469164266,10106.804069671365,24888.12288093079,3519.9276260154015,12739.034790367201
404146,141674.77585389966,23392.803050640716,50689.44725073625,55756.04395988641,123840.20436649867,187252.02030928296,84443.92526462779,131460.11113927834,-17054.652986434397,77882.34098770483,49113.8766021186,-19261.470787435406,3554.1765579454877,29926.92954758459,-3007.269781861284,31740.960413242465
404147,142579.3115557736,25755.71848086134,50436.649066408776,53898.88335579432,126157.29140153782,187181.81094829942,85187.19101481311,133551.2672286378,-19947.670505053382,77616.06073348089,48618.90064365398,-20101.653881394213,16419.338609116945,31175.058136871587,9427.245270545336,28973.345421564605
404148,118379.38278319851,13.405118818173833,25383.021612294622,30964.318287159782,99530.67005218737,180885.77383437796,59202.68091987147,107272.66912414285,-40934.408974887294,53473.96627493367,24697.151598444376,-44837.28799600245,24135.4832824782,26098.993676095844,17089.816886163822,9303.54532626443
404149,114894.7274965634,-5062.149730184836,23010.332595142623,30411.934613125897,94439.06215531655,176494.8918699245,55739.74235347111,102419.4781169373,-40325.35180212187,51202.321236110845,22675.85142810595,-46627.70178229753,12658.757227746206,24436.494760826678,6007.832557123496,9925.676473280459
404150,137808.22126773314,19048.960808063734,46898.56929273367,52513.110000397144,119413.32604561407,187623.79479767347,80363.95765929733,127107.07603352693,-19820.556453273784,74262.54070952987,45550.27180100933,-22886.087118798365,3144.9165630721104,29028.189580710172,-3379.1835368613743,29158.524583165876
404151,144831.5480470762,27881.39829623026,53024.65718851836,56538.82210665969,128426.90165698066,187230.66920188215,87689.21465079994,135809.79596913146,-17324.171601338985,80143.18064111347,51152.270360592905,-17415.919996330325,13656.228562166825,31534.24650973198,6735.3062367395105,31447.797278336562
404152,121852.91946567693,3774.627897368431,28890.30220961832,34008.84121285705,103444.2913589689,184022.69140652777,62921.95368609392,111115.32619156264,-38180.99180244696,56896.09158192357,28053.881579284018,-41365.7583749224,24380.239816688652,26958.920091693268,17297.92036535612,11882.93715201569
404153,113079.39235551732,-6836.836607400077,20992.104466112087,28320.258480277796,92613.25188305134,174519.34413870348,53775.52023289856,100585.67147712901,-42379.757676336565,49284.310950232524,20733.261295561988,-48664.27274513519,15138.135268387732,24226.497852461904,8422.029360125118,7998.278430007944
404154,134157.59198764066,15000.837459298962,43215.8928161303,49254.31286591109,115256.61494357901,187810.2384381256,76455.77089364208,123021.27888218843,-22636.914445904753,70749.26811310767,42078.510648994314,-26425.790920426713,3253.43275439503,28172.55033835272,-3245.631455671319,26526.018349225254
404155,146755.56160414417,29678.55781857412,55213.97678889378,58784.567830894026,130328.02375293954,187594.93014183897,89797.95945818233,137715.34813203634,-15049.642596822418,82284.63771678304,53302.379880325796,-15128.234506676017,10842.76203917602,31753.837193471372,3996.2513105235266,33593.77601269967
404156,126222.3202063528,8516.162269227154,33299.42869541902,37888.75859267606,108353.19529450985,187268.31403275725,67584.02831881554,115947.63810991301,-34688.235642850465,61162.172683075594,32253.257478737352,-37038.537441745386,23958.851228656342,27924.939255014273,16854.39790353814,15155.78414626627
404157,112252.36540627005,-7447.091732613226,19903.924697810096,27007.386815891165,91968.4566954235,173681.96159123105,52843.97795559959,99913.6716101948,-43808.644613447526,48235.044837499045,19644.77238716168,-49850.53384696113,17645.812022005128,24201.156933252783,10856.451731961593,6653.857103545567
404158,130057.88468317933,10627.378525178881,38983.87076238604,45407.35676421472,110743.08031602303,187562.43968334905,72054.37743450787,118570.43797531447,-26147.061934427413,66658.96758295938,38027.56086789014,-30613.448561436853,4171.718450616972,27252.44303361063,-2323.9755220424745,23239.203438444016
404159,147479.71830131492,30243.32065369055,56147.810753794765,59909.262660645436,130938.02697771667,187780.29618613387,90607.95453827997,138347.49971603113,-13851.38096607827,83167.1674200692,54215.59757163796,-14135.418471673207,8242.117308446166,31682.182258329274,1476.0597291648987,34730.34204667387
404160,130920.69171255112,13596.304472607295,38097.93885921192,42227.812464437135,113601.70281393577,187632.4266305811,72607.67947536854,121119.80868037131,-30781.931072953947,65761.51207667417,36803.096065242404,-32351.020832833543,22769.06250954774,28901.597693312477,15664.80325575146,18814.049928528948
404161,112506.93539040966,-6861.097389967976,19912.548512320092,26711.429573286077,92539.70618764356,174342.04299869324,53059.3967937381,100443.25973560265,-44337.30442805757,48207.61280300683,19573.29332407445,-49990.13948341927,19834.627857871008,24391.33480604405,12974.594400036362,6146.226489723314
404162,125918.95863158096,6323.965540124707,34651.95235454199,41418.068294353514,106281.02559324863,186367.05206297935,67604.46557817413,114162.52399625168,-29879.94932398209,62444.46182647685,33846.82476465045,-34955.58547225779,5696.347329112908,26374.357013893245,-813.4203685152318,19733.252436649942
404163,146888.61933410878,29452.09415481106,55707.96498382816,59783.12349900264,130137.36333794227,187525.2128778735,90012.37696749349,137592.92616679188,-13815.22931711373,82712.39394198483,53800.030723602555,-14515.571526851238,6197.9384392396905,31351.20101835635,-493.10813303166105,34767.470996690536
404164,135445.29634489445,18460.55733671405,42789.3908639665,46563.24412058218,118639.06466449097,187815.52154132107,77484.65935680088,126095.60340482618,-26863.685765321676,70241.05705697101,41242.77833947467,-27763.183243397038,21092.188631255864,29816.02231847174,14007.74932890513,22482.827795286295
404165,113595.49041820414,-5398.083662183067,20815.038006902876,27267.722744034923,94037.03481995001,176031.4801707801,54199.101624303905,101892.93178394169,-44072.64159650399,49042.40634660757,20354.750853803576,-49234.07431677183,21713.888625037067,24773.921933159767,14788.831182032915,6379.212610547286
404166,121613.08162418174,1874.1510288272916,30166.840206323144,37262.7247263919,101695.9881233429,182644.46142248553,63014.15226342771,109623.11351199278,-33815.152632866746,58081.737314009035,29507.422230766162,-39460.833624042454,7756.532161940996,25544.802929533613,1216.8862357012479,16036.268564409984
404167,144698.73562559855,26911.092969031317,53666.97746135894,58216.910241616555,127562.03466842162,187174.56452535125,87731.82084792515,135083.37363534738,-15062.83948644249,80727.869632585,51863.15056964634,-16442.91571490889,4693.681496526616,30727.941779408175,-1931.6445714184497,33601.467381421826
404168,139204.55419695252,22375.99687465173,46812.362301396155,50388.98455770643,122741.06844380662,187549.9277648145,81580.340199558,130149.77382242416,-23313.894250128214,74100.2905661477,45074.077444839044,-23760.894297774306,19002.667196000555,30564.561101471612,11955.871690549488,25808.390788015975
404169,115542.39095976361,-3132.1488682756208,22672.26547745832,28733.879147621567,96400.30820006366,178278.00480994655,56269.74085804658,104197.29196271294,-42882.276287596884,50826.8230873684,22074.607507490553,-47467.7231636653,23071.074356390374,25345.161699653123,16085.057023810554,7481.290395429483
404170,118082.89042500374,-1781.8618220743128,26477.024720364112,33782.906348526376,97951.657998713,179614.3237144267,59244.75967190518,105907.71634770335,-37109.48648544091,54517.278974226974,25948.857891789256,-43146.856294643134,9924.256470592849,24925.08459295294,3336.9891497753806,12939.465743889286
404171,141814.03751418943,23592.072178341958,50898.56654689646,55940.543709166624,124196.47477667623,187212.34646577132,84688.86319442508,131793.41101965323,-16922.995541091892,78072.78628973136,49255.534253294376,-19058.139319381553,3618.862682033945,29978.142081172402,-2950.5324293605604,31859.19356128079
404172,142379.67114342825,25579.97674170232,50278.65237333248,53741.366062286754,126124.01404798651,187177.88532804608,85050.73814577473,133504.14485275655,-20122.740061266155,77450.25964047515,48406.48290573975,-20261.904624949697,16591.653385198275,31146.0864917499,9597.280151291145,28799.942899230133
404173,118265.30513263738,-86.28760841814596,25344.13030965837,30942.51651763889,99580.76166281538,180888.41778422316,59171.76499744653,107313.60225158601,-40966.821033497676,53422.52771275701,24598.60954420652,-44868.85935363005,24032.45326890271,26066.835825488124,16994.60246198618,9258.681674010326
404174,115282.65427143485,-4619.034238211842,23494.9725470672,30868.604001524673,95053.25477288697,177003.89312173025,56253.78776768177,103020.41836281873,-39913.71566817745,51654.98676374099,23073.948265263127,-46138.768786489076,12330.555822694716,24492.304184488476,5695.17973004596,10292.988420792522
404175,138351.63822979326,19690.26678834889,47501.11172339403,53035.954032745285,120226.92937513739,187604.9383395678,81027.15488880742,127902.42421006087,-19376.2116412342,74827.70753252148,46053.68130790234,-22295.022808056823,3027.376101970668,29134.120208417342,-3482.644221162701,29550.57935100091
404176,144889.14110283914,28022.611731077028,53099.39447222776,56558.27835057871,128721.65054929128,187193.86907217832,87820.65142373757,136091.49019914755,-17370.249089918772,80188.46615683037,51139.40114661828,-17366.6065153215,13808.728257389253,31542.64955683187,6895.81486307067,31374.449075458753
404177,121711.47787895118,3700.160352227562,28791.33577912969,33899.57201904582,103524.65827540058,184056.6002573811,62859.98722171232,111187.16060391776,-38343.51990139323,56766.95861081224,27872.187981592986,-41490.529587263314,24408.77299404984,26911.245544395242,17328.272890875,11701.66226800139
404178,113300.77814506962,-6519.9933341104725,21299.90157621967,28605.399306670923,93109.22357544104,174934.15378649294,54127.92195003807,101068.10538693027,-42168.91740805537,49549.55820280998,20946.073483809603,-48379.06979185876,14967.314982849122,24254.63269986106,8249.902685049106,8173.038254398922
404179,134490.06171643588,15453.989262012925,43636.97446762862,49630.19980949752,115898.83278445812,187835.78472190618,76933.32634436048,123644.24137089858,-22362.199624659515,71121.69390225061,42398.33398657714,-26037.07658237106,3227.0457492345554,28251.774824319884,-3279.1422118103146,26760.880372482643
404180,146509.56488255988,29506.2845795611,55032.76213104559,58606.778738050205,130328.84488289338,187577.7711310863,89649.89907857697,137702.8046586843,-15286.857949932783,82074.56253021618,53048.9231261993,-15336.488644954705,11100.58572022413,31727.64926276746,4240.237875660605,33346.860460357406
404181,125508.6458000548,7812.996246140397,32682.371924326424,37349.868362921625,107822.35251006362,187232.06820949452,66959.43419473071,115410.80701943129,-35223.622664289,60542.82963271417,31599.82045825656,-37652.45548209306,24177.913858021617,27805.22566551438,17058.253860458175,14631.04691187292
404182,111750.50787358767,-7947.68498741246,19565.695950811263,26755.734625540954,91669.31709035469,173345.19181581683,52485.17043612318,99605.77587705496,-44045.71211352781,47900.97893502058,19277.089036361238,-50157.84051599518,17659.153457042026,24139.910938559573,10857.390334626705,6411.112488368201
404183,129769.89460453416,10341.724283075582,38889.07412345904,45371.59263457025,110684.54334514728,187595.08071419504,71942.76543268902,118497.92026379776,-26168.22576287324,66579.9480242047,37911.836270464,-30656.315349842153,4257.129357644406,27269.63150021832,-2262.427721135757,23198.556635537392
404184,146681.77946877282,29378.09710934179,55537.70231284619,59395.4609203186,130298.51582476558,187806.78193610095,89954.43920356955,137700.99537468993,-14288.525874760155,82614.51450193877,53631.97986358235,-14658.96682037286,8635.914913617367,31630.05421453287,1835.7774638682436,34299.84026107764
404185,129418.10025469879,11909.093188820054,36819.81532052035,41144.423398432926,112142.59640159638,187616.6126885583,71227.69250536102,119665.48902052717,-31686.63409838174,64594.96054493352,35617.43611096818,-33483.47996978872,23137.684247939782,28708.284939712295,16007.42400854337,17950.220419272737
404186,111133.62458350156,-8476.45938870796,18831.139316834644,25846.56401941567,91184.13494072756,172962.18508343492,51849.221355242444,99091.70640854786,-44970.975559341554,47269.17818894904,18618.664514748925,-50867.021726207095,19934.382738516702,24232.165930974334,13047.014549343585,5541.621651482122
404187,124937.00316088674,5087.448997261212,33984.75236392367,40915.18353069802,105332.36811292164,185565.2902832909,66814.04029005693,113214.02864957317,-30140.78321615465,61940.603535569084,33321.09248876176,-35380.93162282201,5793.646230143506,26322.628984271607,-752.0913746765713,19481.434977241886
404188,145943.02533403135,28215.506983253043,55056.80900790894,59265.58769839144,129191.47996890677,187558.64536888764,89236.52978484941,136653.85524516087,-14061.02806827508,82252.41529679167,53318.16209404687,-14894.254635082722,6425.309866459822,31319.28004718708,-311.93005658547304,34532.67573681591
404189,134243.92350823636,16903.01919971338,41879.787865556136,45807.869741163886,117369.64921661817,187848.0810867821,76424.89691024768,124844.71265043283,-27282.252843796927,69559.9065652318,40545.46479548546,-28360.78936637442,21309.481106418076,29721.746111425833,14175.902011710135,22090.96056886452
404190,112567.09122398634,-6798.150792516085,20108.141546792485,26706.415354432775,92940.88311093448,174899.37039938243,53335.9913110263,100817.69873595909,-44281.06702947902,48577.68002149966,19876.38992920816,-49604.68372080898,21693.47310884561,24698.212115533355,14723.824585063083,6191.956436560658
404191,121012.73343592725,939.2867278283325,29878.09830317586,37054.609959827794,101077.92986554968,182063.47713449958,62599.967276386364,109022.43978899099,-33696.26864678459,58038.069429889074,29447.47253931456,-39410.02700268486,7736.141889521781,25560.94803857088,1143.352607209275,16160.453747785283
404192,144225.0399579956,26129.72467667798,53456.68975014623,58035.882257876794,127092.75453855436,187159.6235346237,87425.94805602357,134629.86720972823,-14939.202378028955,80770.23878628045,51887.85145800169,-16323.52211983244,4878.658303541677,30777.73441176626,-1807.4436685347944,33736.23509993937
404193,138542.289951778,21393.79803323901,46383.616022820795,49999.13589141093,122057.94304076851,187590.2000958646,81057.73299574808,129490.17800352149,-23381.285509363835,73939.86600861416,44901.08190170801,-23856.145604462286,19228.24699911729,30563.395247764616,12121.433532544384,25769.876204251825
404194,114937.78710083579,-4049.71879325398,22322.32339053217,28438.160734583693,95786.64586714862,177610.6704950155,55826.893623842356,103607.60031237362,-42862.59108440098,50745.77736407829,21985.55827761384,-47483.707385293565,23074.353698238934,25337.173284878543,16035.498763869913,7528.825712956788
404195,117745.21152825549,-2392.058229369348,26394.506269649897,33728.657496442574,97652.65808051576,179258.69834557828,59090.82591393024,105626.20365939532,-36879.230571077926,54693.59753630037,26117.745985653655,-42904.21531499447,9831.158702800827,24961.70751909565,3196.919137846002,13189.236296786867
404196,141547.96990096197,23093.362640758,50842.322906143265,55882.75268444471,123999.75510551059,187155.428500842,84587.87697348122,131610.53279988846,-16734.06902423196,78267.65943372253,49443.64808009482,-18812.307437806507,3751.2650071538465,30039.59127536946,-2876.3418508730215,32078.781247827937
404197,141851.6625902019,24818.210908988258,49923.40657448152,53402.72221682826,125643.07428619059,187160.47061268118,84650.58879951984,133043.38685579397,-20215.02201174582,77347.7292401683,48302.41494739431,-20328.7909282038,16861.609562511836,31144.80689642211,9804.570133985655,28762.899782449684
404198,117808.9777413336,-768.5884575028385,25081.259639951,30716.13707331216,99179.79318485872,180465.93839077096,58857.771007430456,106932.20903327831,-40964.93129151577,53396.18397234505,24576.062064955375,-44855.35044592823,24046.60783209869,26055.599229366177,16956.50341333491,9314.760943899626
404199,115189.09155482736,-4898.672046484358,23610.20856356811,30999.30713363145,95066.56074636106,176901.77859391892,56333.36738624342,103045.7569293913,-39599.173166546025,51980.69701674239,23402.85322727337,-45766.317406129245,12156.848940342508,24545.565804532926,5467.575922035916,10651.225582285419
404200,138309.90969145813,19500.316094066657,47637.52940777442,53166.61169310859,120323.10425957918,187582.8281869876,81148.12829804911,128006.68571437325,-19104.17925917011,75157.84719658984,46387.29203660005,-21930.384333375143,3056.920826591459,29206.641894312175,-3523.9847494424694,29880.475612613227
404201,144399.93596281187,27372.90273620658,52743.92880106818,56227.67000603366,128333.65022715504,187127.1661262883,87443.85812623569,135718.63292194676,-17540.814360723718,80035.96369193328,50995.4653737817,-17503.657119526764,14124.579046172881,31526.577353837434,7135.607630071498,31293.852737603705
404202,121017.41766270959,2828.953375777789,28247.326855276333,33424.73322674593,102908.87401740268,183491.9852187903,62276.358680112506,110589.7500028367,-38654.81075329268,56419.69326772027,27537.02463286646,-41823.28507418302,24582.625978432006,26844.15902242557,17448.967630769082,11481.764063849485
404203,112934.07790755617,-7044.344220597764,21125.13754781839,28493.840576251463,92856.96633613108,174596.0040242421,53915.71073717574,100828.48816011676,-42150.17133137271,49548.16145148364,20952.538937130324,-48352.66893872924,14840.496609994956,24246.875826547577,8083.672212364449,8255.610357381804
404204,134324.88395170716,15150.463356718845,43663.22874008596,49697.93489890185,115874.45011965054,187892.68483967078,76934.1424475124,123628.20040484983,-22194.24836450255,71309.72308698928,42590.10812296384,-25822.211266368926,3132.588005078509,28293.958303460793,-3418.5745700191837,26986.870982034885
404205,145965.63696531515,28797.32664332765,54645.99940278716,58285.52546480638,129879.73644302448,187552.81984274127,89225.5069844753,137268.45561355527,-15485.435441070993,81858.73628487301,52839.12422165065,-15539.272078470725,11257.235218835878,31701.045847354824,4348.051012085909,33232.480481951374
404206,124687.7960450465,6796.118388924305,32019.431283021557,36790.77439312351,107052.61189991943,186942.28803034738,66235.94463691706,114662.81771467731,-35631.17724174507,60055.78667982199,31122.545136335764,-38126.56982526934,24270.482897225138,27711.385949920466,17115.861902775356,14311.949516484277
404207,111359.15193235005,-8507.819442846763,19356.072716766226,26619.05896663848,91370.60502106391,173015.32443636042,52225.92859982569,99322.06582350927,-44060.543742846006,47847.350049016866,19227.70280300696,-50184.48961358456,17505.061748005974,24124.71202716864,10676.418228537626,6454.196473331435
404208,129918.62551911856,10372.739083619603,39206.54561998548,45699.36544988338,110987.50376751367,187660.33943625732,72245.56005065673,118806.23515183452,-25778.43131258888,67026.31651837373,38354.12329689642,-30178.60328238312,4023.4297476164897,27360.03385937905,-2521.233294585984,23621.144701853907
404209,146861.7670428617,29457.876355657343,55838.92592780343,59684.807961178245,130634.28710464542,187873.05266138125,90255.74751198209,138042.3853785764,-13959.322501432276,83028.84875316793,54039.56557786651,-14224.191402844475,8487.143641641334,31709.958397133552,1663.6436986519066,34664.5195632816
404210,129456.40743272766,11859.73196887869,36951.00531076439,41267.1766417297,112328.53985527676,187590.68200931122,71356.57956057969,119861.17929779124,-31521.43739048363,64824.58871515647,35840.33706354899,-33239.92706774538,22987.958938613454,28732.476689888586,15835.68049927556,18152.00992519411
404211,111248.09105356576,-8397.327175865721,19047.42061008068,26035.344916312068,91503.98450105784,173259.76891058957,52077.7486531098,99415.87618283537,-44790.84358342932,47556.10832933438,18895.55087136107,-50575.590684535084,19796.87201062827,24274.835615113247,12892.499776074917,5754.124212088745
404212,125125.17658081811,5280.358298509445,34281.21197689192,41163.29583185911,105791.20080002623,185943.71758958462,67144.2946882268,113664.76065864996,-29962.659547613388,62283.56363517706,33650.136564738204,-35050.55147139259,5786.954511409643,26399.153251071566,-778.2982454255693,19690.758744306277
404213,145742.4570903366,27980.98808383051,54962.62682770669,59165.03960075311,129238.61134846922,187631.26821191778,89161.08031786677,136685.3686791019,-14236.568473721669,82200.64900916122,53255.273132803915,-14978.52562114225,6608.736688333003,31337.25044683087,-147.36942240183225,34408.685013766
404214,133492.27964510652,16019.43988976234,41266.4455821584,45282.32445518571,116777.43272790346,187924.03434361544,75775.92630274186,124241.69682579953,-27815.919538595615,69000.33964241935,39981.94762819972,-28948.928164964258,21330.59811010224,29613.269115605166,14194.254549783433,21622.298318365407
404215,111895.08838371553,-7643.911705988834,19633.200210282415,26346.669801726133,92419.94165308782,174288.36997599495,52800.12515880207,100281.74986647631,-44625.862462022335,48152.87067273212,19444.38171297934,-50036.703307857635,21453.542888501426,24610.11592980165,14489.59768322056,5890.701086392245
404216,120443.99149886426,193.31078974761158,29528.88184615436,36790.25330677271,100692.91538230176,181693.1166837018,62194.98006155412,108612.46087368226,-33953.61222461286,57743.722416420955,29134.035184612552,-39711.55503522059,7665.984241993805,25532.466837324075,1076.0182065618224,15935.524366882266
404217,143442.80644501225,25125.809338471903,52885.58767780237,57549.27118601193,126466.9359507655,187127.49925642984,86789.28820300833,133976.03201591782,-15404.37650362182,80265.5103988969,51359.82368377914,-16844.697714858594,5042.531479708976,30723.753030843716,-1644.8105743551491,33309.42366810839
404218,137451.59816847363,19987.829547315214,45517.543079753006,49262.95263030389,121040.80856006553,187672.1110783533,80086.06837428565,128450.81327595975,-24028.434945310804,73159.66088828382,44097.05820023674,-24644.739692148152,19324.572170918153,30439.992199738303,12220.070616337518,25167.089189273105
404219,113831.77200523921,-5537.474277536654,21515.51782346416,27789.46677081213,94723.03793798701,176430.55994158308,54874.21881346151,102521.21757014071,-43384.95037315021,50036.30749585781,21250.105672742535,-48182.59905081803,22896.378857086074,25215.01340955974,15872.855004272358,7041.89032391041
404220,116716.45175117861,-3837.1746306999657,25704.10485228573,33181.47759091488,96667.13097780773,178241.3567279933,58245.88015778122,104613.6803530745,-37284.47851804162,54114.53028164805,25504.94582478548,-43467.24477982899,9700.547547207989,24885.546625238905,3074.3812251902064,12807.045720559081
404221,140061.236952168,21120.14317360788,49686.73799138241,54879.00027966156,122501.08777170753,187046.5297752393,83259.62396935065,130085.43273239415,-17555.727205464893,77259.26229041808,48398.87337892657,-19824.554077875982,4052.281859634833,29919.785303896115,-2577.9733804729703,31297.331516123704
404222,139796.8739239881,22147.572952929957,48214.06039569895,51902.11571939009,123456.90057484072,187129.67098952003,82716.42308095022,130840.3692550716,-21433.058873539005,75829.16223807921,46753.380595804105,-21851.44937068256,17232.585366012216,30915.131871817375,10174.669588851111,27607.859339903516
404223,116060.02819440355,-3215.9895949556562,23751.09658504447,29605.985172415032,97254.3887514653,178594.95148930544,57266.94512141326,104992.91572007257,-41738.002512601786,52270.604125712896,23419.119369878834,-45948.9926812959,23912.89637380845,25871.000288391173,16833.170467219483,8580.811031014266
404224,114119.32070055605,-6676.383589213933,22997.062565674845,30533.33451791274,93853.58689242108,175569.22340410796,55472.075227154026,101812.57659408184,-39721.633796838796,51577.51216717615,22956.844728593453,-46110.79167461203,11788.950150784645,24507.923690543343,5111.440074126675,10521.264597288278
404225,137270.92958495626,17739.66814960255,47018.23093335841,52633.678905401415,119139.45771732059,187539.75278410548,80299.16737470757,126797.64440579822,-19286.63772113152,74769.12098183556,45950.810138543966,-22274.760223042835,3010.484710246176,29197.94662413157,-3566.0014901018526,29686.314065714847
404226,142896.93858532934,25090.775388899634,51603.88485287048,55175.04493211633,126613.25949454677,187013.6608207332,86064.32564173837,133979.70046144503,-18183.37031488215,79160.01696828085,50073.55059197603,-18356.912807231856,14367.494627236187,31411.098264758482,7378.193132305087,30669.848582379003
404227,119729.15543052381,743.1716335777546,27329.65795368906,32576.65942630377,101397.54717701669,182198.46700551908,61118.238073687346,109059.60648107342,-39074.08440511156,55770.9799749965,26842.29401565469,-42438.61299143648,24545.22554473764,26736.738794786714,17419.349343095637,11079.66196263782
404228,112538.36825047931,-8182.8768492083955,21112.484340883177,28459.886811278073,92328.97127271451,173967.01684288244,53704.86438882466,100269.89548925028,-41807.7301556081,49781.716681378886,21131.66479107168,-48067.217373432344,14468.791151596091,24305.095689664937,7726.687029958164,8574.347181302142
404229,134378.09242046578,14520.097985983564,44053.758645658025,49986.598917705676,115862.81427354828,187977.27387884358,77174.46875989021,123577.86421212101,-21593.96217746757,71923.19494934558,43145.431908817685,-25166.780930547633,2844.1587668957513,28440.43945343235,-3694.7566001983687,27546.721658471073
404230,145632.297675988,27786.246595816745,54565.28686361067,58103.38010985505,129457.21671756999,187506.61229057465,89009.96340524495,136811.67236657668,-15350.323664435538,82002.73431865984,52930.47658928664,-15382.566921163048,11261.460145117979,31744.003659338818,4357.623519719478,33357.87108533523
404231,124224.79080075587,5678.663115167998,31771.67468149191,36452.645807581415,106504.26955882934,186529.2101394676,65863.892047546,114083.78308113175,-35659.85789510019,60020.31630639143,31038.381295312938,-38161.88238958182,24217.69203783635,27682.265032898904,17068.872069288635,14298.369847217007
404232,111623.5657351878,-8795.910108642503,19825.789956032222,26927.217199889586,91665.16812655902,173304.38636158808,52623.93975739274,99575.30544682743,-43532.014498472294,48479.74605512772,19806.561125468317,-49546.854614963915,17214.58882591003,24217.997018976355,10395.628868491878,6972.778576775653
404233,130893.46820520546,10917.747000338873,40346.82047447734,46588.141825541155,112123.58133843789,187759.41159157036,73382.3364208008,119886.12806765432,-24780.37337287085,68277.16668433722,39547.08267962294,-28927.440089823132,3699.7902673207345,27588.081650133583,-2835.7630263305823,24583.364102252683
404234,147689.4430039727,29913.225867394594,56761.28958252137,60354.9839041502,131654.92631101655,187957.77990875056,91204.78455773077,139004.49386888318,-13222.958032302817,84034.39433355223,54994.685175754224,-13242.50745542658,8359.445264588825,31887.052046517616,1537.820893681645,35386.87936751789
404235,129938.35926420263,11997.428841966967,37483.171696782854,41599.38922600149,112997.67170547943,187543.13429034388,71916.93553917459,120478.07606886225,-31130.147466332597,65417.468619656196,36396.15531335687,-32684.581344423987,22806.26946961664,28788.670219386113,15658.463141537286,18563.016823289792
404236,112184.97991608077,-7693.751696024606,20006.664451483564,26762.477384111542,92727.2395584549,174463.84557037975,53108.59354571095,100578.10187865893,-44083.62396511717,48524.30446543425,19825.845854928975,-49643.23490158734,19453.132701947485,24390.580306881864,12559.885960408576,6465.0171126691885
404237,126799.11154370422,6893.420144159447,35921.91415566272,42477.64950420226,107904.99266533717,187163.90433679585,68935.12412747537,115701.41365764914,-28797.952986600256,63865.464359073536,35187.1093338144,-33509.685801775224,5491.7556697962955,26650.112738012132,-1068.4322050606775,20831.85097338798
404238,147632.92447110073,29945.758881214482,56748.47375440886,60591.47840463921,131659.76773024513,187731.90126759617,91151.77580266455,139022.79677220868,-13050.04106260262,83875.45791245883,54888.941742082425,-13358.769907191003,6441.8211066357,31609.107395935316,-313.2970482428077,35572.56506043139
404239,135252.03341839736,17936.799560014017,42877.001079655405,46577.9825052606,119094.98394639182,188004.90005006478,77604.52527571633,126479.8164130773,-26799.435141696253,70456.33162217333,41410.50552627315,-27550.786892418815,21007.104500449474,29798.1616245321,13879.310314992983,22632.004518601123
404240,113766.56057290379,-5497.481314534382,21334.335626019016,27749.29778212076,94926.74979688381,176577.52367772278,54745.7196464956,102704.80496393933,-43583.288585003254,49643.499309965024,20915.088977730942,-48608.174571877586,21005.020084887314,24780.12229896529,14052.689064013457,6927.0549796374835
404241,122539.35040514584,2713.1806578838623,31404.2141025058,38335.08812617575,103539.43353270282,184116.06370792957,64372.15789569187,111363.99493094992,-32878.873513912826,59349.87771304957,30721.237023787275,-38183.45839108154,7417.318722573673,25744.351076668285,834.315364188388,17002.046694678887
404242,145440.24546387693,27664.549279073988,54609.827093308006,58942.03750472025,129290.98884066884,187112.12516176215,88853.2490228264,136698.34366318304,-14561.943727816353,81678.05273524215,52758.98515906738,-15534.105311912113,5157.297780076326,30928.936916762425,-1530.8123831186695,34158.21137325934
404243,139095.2382528985,22207.525801039807,46883.811296261134,50379.634723555835,123504.32420104291,187764.83817055984,81777.73957238879,130817.48301559655,-23471.521152335194,74185.93658119327,45126.478924239316,-23720.347394703113,19351.699059121034,30546.782320762468,12252.760950412568,25744.141730955635
404244,115677.87955991975,-3071.8005618341153,23124.46298720458,29208.964867568357,97413.89887275972,178677.01215341024,56798.21736676297,105116.42228675674,-42559.98075302948,51261.37747473809,22488.623236644882,-47034.50498169879,22401.397658736285,25319.371991140782,15396.956618268825,7864.696871431963
404245,118785.23832804998,-1062.4316646529498,27526.876415767732,34801.67277500262,99649.40185113794,180811.9070021818,60408.23067676688,107494.3921104666,-36312.94121402317,55519.73659652083,26922.16476232137,-42133.000179235416,9289.156575198534,25053.152317464155,2677.384475929224,13764.068772646951
404246,141849.98336245783,23688.29429381011,51180.46662675895,56169.87850644614,125240.43134840798,186954.00134144264,85114.41221843654,132718.64847507968,-16954.015402480683,78317.01201059137,49468.55956137039,-18856.548855891546,4094.118696401291,30054.784312251773,-2533.0769262313042,31906.607521414768
404247,141204.2102745527,24358.311122475272,49299.479937289114,52833.500796516586,125799.3887015086,187109.06548313436,84156.56968290525,133080.692142611,-21180.907563410878,76473.6647021664,47415.11284315583,-21299.837669656576,17453.748767969588,30974.78333367964,10395.917042227631,27880.15502191506
404248,117534.02278661223,-928.09479136544,24957.221796804566,30713.08800147171,99667.0770111345,180533.101537726,58806.32800814528,107303.31321849686,-41320.84363904524,53019.44545435284,24190.758261963332,-45271.46501397844,23775.716782443647,25932.068503579576,16706.99903921382,8995.037894167766
404249,115841.88351360611,-4122.0071995549115,24498.109561455225,31955.01455191428,96533.96451989457,177763.42283861677,57297.381130150025,104386.55575737239,-39009.527665986774,52600.40308510738,24003.66118104742,-45133.518528674475,11382.84018438973,24617.66034500081,4721.379860904683,11207.655969033332
404250,138727.0406231174,20040.504844569015,48238.49479917358,53794.442144250366,121542.77036448923,187516.80626533477,81841.87734450755,129094.18487813484,-18829.249969053984,75516.44399059624,46719.49355783367,-21576.612525060402,2880.157118978877,29281.96961273755,-3689.594964575638,30132.191987187412
404251,143555.5189642873,26563.9972203516,51999.29474053974,55575.23072761755,128150.0143318029,186926.9173314612,86760.56428198202,135418.2975469569,-18428.428274497215,79118.72106273795,50057.208420434676,-18464.3400150517,14720.87829376651,31368.75355627948,7724.897319113739,30449.551999772008
404252,119977.79364371185,1751.9397631639354,27366.900936573777,32691.782643488554,102462.43375378748,183009.22696689708,61413.17121289305,110033.89332923666,-39562.83386530057,55395.439551859025,26498.437292860704,-42873.38222976536,24856.914085286695,26625.773675650467,17723.543636335697,10619.90321281026
404253,113153.71012459463,-6850.553092362878,21601.744408185055,29044.72078691769,93739.43901399127,175015.16246544366,54421.76889110298,101589.55319219657,-41813.72683805513,49854.309777273855,21237.082706677367,-48015.96205418771,14328.447410894061,24270.65445260503,7590.911466169654,8559.495611906295
404254,135112.58105854987,15928.531393995054,44704.24237155463,50734.77372680507,117358.23430818369,188059.56235617067,78031.33424875462,124980.07249556904,-21403.22222250182,72172.58298747838,43422.78115976067,-24915.945873704666,2643.0493669368343,28464.1374535618,-3894.829779899403,27709.40118089293
404255,145584.9291329656,28322.22855955619,54432.5330350069,58125.23924082304,130054.63947491664,187498.55377400434,89037.91794613986,137326.05658456494,-15785.607965837853,81522.21265763139,52478.240667379236,-15868.046243148072,11429.216445210835,31643.33205835437,4519.515242748786,32924.09585166728
404256,123454.20114329483,5378.743943002061,30933.11255481316,35835.25798640129,106248.05839676394,186331.38754046746,65128.903595452386,113755.24985174969,-36633.356010580224,58889.801253839105,29940.41786231214,-39297.57364441926,24558.882843659914,27453.61825641051,17406.27356394388,13347.853124604382
404257,111072.65091617125,-8948.101663770594,19256.556694842468,26570.069025841527,91574.44218071426,173170.98585615936,52134.06689836444,99409.9338712173,-44205.44009443243,47643.03919617321,18999.809237959915,-50362.50273186057,17368.643441832042,24051.906753934785,10547.987155546874,6298.578632385715
404258,130814.26594764965,11189.428091299558,40302.11527951083,46712.05260262708,112481.68762248334,187817.61833854363,73407.0294194024,120163.63324607498,-24953.26013929455,67980.93110620648,39271.471367395876,-29175.719224566084,3662.6985680444272,27546.64555970829,-2869.7574586394976,24374.992989703976
404259,147264.23123843633,29741.384741814887,56404.1182973213,60191.40142984176,131566.0968770316,188052.8241325348,90874.3124299377,138840.95539319274,-13600.497092189282,83474.81500102056,54452.65725959353,-13749.987234051472,8396.543445066978,31801.351372633275,1579.1870206487447,34982.40903986122
404260,128615.51533419364,10776.009567691348,36249.74311962764,40643.813913448714,111840.53091251681,187546.64765429156,70642.07752512705,119261.90567870229,-32170.849608857705,64058.17377167156,35059.880962444906,-34000.16509315241,23020.581485476392,28541.048161103936,15879.503994313207,17535.50839456345
404261,110479.50080706386,-9425.74841209934,18416.40500331742,25481.583478702327,91060.2654963455,172956.02818204596,51431.84188206892,98861.46207003118,-45361.96740444439,46866.27610162935,18195.14716511802,-51255.74095495927,19741.070645525477,24090.19255831639,12849.628286345887,5215.149450216268
404262,125461.18592978553,5459.326930531468,34729.10853286884,41542.33094976426,106557.32112958288,186523.81104658337,67646.87475740672,114302.27402197149,-29695.587529043507,62632.40249600515,33976.0454755784,-34676.179444787136,5718.54659353361,26458.73503423824,-840.2342192956905,19937.762170050075
404263,146596.61429818298,28743.0687416765,55894.32921596787,59952.38238023971,130559.07455254739,187788.52549493767,90184.64020554355,137870.41520878568,-13599.84832794287,83012.14597761787,54041.269507272074,-14134.58884967019,6540.980889158967,31499.9698564275,-211.69083564527637,35002.14346159149
404264,133925.44939884028,16317.390412343284,41762.65553006029,45709.32542685635,117576.0817585214,188118.01591804827,76330.92801488806,124921.64147724371,-27479.657354915165,69390.06246093258,40362.0143831501,-28523.369540001197,21011.00368512483,29635.935763673377,13887.341253562545,21944.80743536315
404265,112073.29266363008,-7607.855575899907,19868.54479297548,26556.902394714743,92912.55666778758,174599.8783257557,53079.94663431123,100664.04987206787,-44498.45961573687,48283.76493337754,19579.366537785612,-49878.18333573989,21000.58131668986,24550.648944722678,14055.230630573022,6028.998183245294
404266,120884.71447890528,585.7045316408885,29955.8208068693,37110.02374254267,101507.59055920216,182575.61084041,62724.86616132822,109306.70539946944,-33782.378343650504,58043.62579656604,29435.34884582337,-39404.302933580075,7609.965135072065,25546.7974722342,1023.3068184047125,16118.750390212103
404267,143936.32697288666,25666.461266852202,53301.59214936959,57790.16532698684,127390.37411552345,187023.31861820858,87355.90471097367,134768.28410455055,-15371.654670881706,80541.84154211104,51634.104944137456,-16592.06824205709,5553.652762203779,30796.272124459563,-1149.9221889907992,33364.13671236519
404268,137812.12678319844,20372.170128170867,45823.84393713213,49457.42426228141,121771.59996781018,187829.6397548967,80511.94300921413,129060.75795615936,-24008.056691895017,73318.82436181029,44271.8419985839,-24496.217998112083,19406.88657490415,30431.385548457198,12302.617562823167,25216.008858210876
404269,114859.22360731753,-4494.057732594581,22544.97244739147,28740.179604433262,96101.78007395014,177190.23513099324,56005.72318716591,103784.82212513339,-42619.98569985098,50881.307129991765,22126.869549075516,-47302.00882220978,22007.99356782578,25265.848454253384,15009.51831339629,7793.620698494939
404270,118133.04460872541,-2317.7822633634355,27064.59592830312,34392.801528178745,98490.49821985528,179789.6605160006,59758.95717449037,106316.06662253996,-36310.03710933513,55267.95872806,26687.558077540773,-42282.036927450084,8980.433267179229,25020.393273565252,2375.1580439169093,13755.09277514793
404271,141029.07632967923,22310.804430285003,50468.536196831556,55446.33154425239,123929.74414623356,186818.89681170275,84257.0763601813,131385.49779135382,-17277.439035041556,77832.33442306412,48995.622774025454,-19276.253352096464,4339.115152611372,30009.019868245723,-2299.366746771188,31592.390297162707
404272,140309.90005300613,22929.53571498222,48470.73313160142,51966.19851343761,124416.03912937643,187008.623256364,83203.24352544006,131679.0343098211,-21646.773954778564,75879.98706399369,46832.36252123505,-21851.200076737183,17832.25873941247,30900.019586761235,10760.751794569855,27438.53513627825
404273,117321.7250407796,-1655.3947628531273,24832.187480779437,30519.106441569835,98995.78429384786,179770.24106748786,58573.262079971966,106616.07738238866,-41158.654969958356,53099.916799024955,24289.49221471155,-45131.4355507938,23574.64542789228,25950.551703697056,16508.770636255085,9152.776103580822
404274,116225.44979425047,-4213.387596232862,24973.16638069818,32316.98175766643,96507.81616909301,177503.94575949898,57692.82743471808,104343.57603887233,-38344.41431881107,53253.35899668613,24679.05801318334,-44414.71566047311,10861.490043513979,24735.260953429934,4210.7418416181135,11842.163260113022
404275,138679.5668440341,19554.8021886302,48233.701794122724,53673.043575994576,121095.442851307,187528.81375233422,81771.72087046108,128632.3442194284,-18663.05517930023,75691.66763476122,46921.03409721832,-21378.305139573305,2823.6280102597475,29330.8484977385,-3746.9106828215604,30298.975002433654
404276,142668.5990060027,25236.2075412213,51090.86903780718,54592.1411172833,126819.01971878181,186772.619287855,85777.06665986837,134083.52759069137,-19086.64236998729,78404.27734435716,49376.892495242624,-19197.838589772,15171.49274457507,31248.04390477317,8163.771216644279,29842.23882087379
404277,119461.01579975501,816.3462988232546,26823.380413542418,32060.34314800182,101520.31215910053,182409.3193184342,60802.92977821237,109091.11775163657,-39893.75575047722,55019.07107539803,26161.083043729624,-43257.98587460138,24992.772883087422,26548.31659669995,17855.823567055388,10322.961826963456
404278,113876.45525433715,-6463.068374724095,22316.76145929412,29580.84321584825,94147.91258579993,175221.3658458718,55119.34668147159,101986.8866520109,-41074.69571157507,50678.69125378618,22095.516906948797,-47168.60149493412,13921.782184533657,24421.70402694675,7186.36681663467,9266.984333239214
404279,136195.96564691316,16752.858317649334,45768.04403808678,51579.187378888186,118206.46231607787,188231.70923320617,79113.70976015151,125812.59075438452,-20429.353293097673,73313.57454141926,44595.425414227284,-23760.558438166292,2200.5850164248827,28681.114016234093,-4334.341174686573,28636.124168440634
404280,145652.24976292072,28130.473600705358,54420.577885141975,57968.29937964537,129846.07962691484,187508.81403502324,89033.3404903246,137115.04117556076,-15781.381047137167,81609.97072358135,52604.21942321744,-15814.465949770009,11481.003404465859,31653.265718341052,4571.736843990385,32940.6068777903
404281,122861.94006642034,4520.322046596045,30224.743566299658,35048.31781529172,105344.0813310993,185925.8427276041,64415.415764335616,112860.05913013316,-37237.5242026943,58289.59727018335,29385.13778033493,-39958.08632698239,24801.724886419317,27313.86669033032,17660.56629433715,12795.857508137486
404282,111237.35051292859,-8974.415098927471,19312.48885090912,26490.353438221842,91521.90291751336,173338.38077249756,52224.66839449013,99360.6745242568,-44181.45715363012,47763.84240211215,19159.866416878926,-50286.731925869055,17409.07613899021,24063.11371850139,10600.581858571903,6335.313589103667
404283,131934.55681975448,12213.532980490128,41336.42081146146,47532.114392886,113511.73056325821,187924.8881692174,74525.8819258284,121187.57237855619,-24128.290362820546,69028.71898357436,40350.8954341457,-28155.364605606836,3422.87845740585,27748.025803882596,-3106.5378918103556,25158.580209491563
404284,148216.3907927328,30614.69143363004,57262.626585566846,60865.98677300004,132436.77536008245,188245.4073986757,91816.1741752479,139714.2878246002,-12916.333863167914,84339.03828464446,55351.950524210544,-12920.692842248842,8158.917232035497,31956.32001136678,1344.6920041204753,35625.61629635793
404285,128609.78829369461,10654.451217787657,36130.81596629129,40444.208314984,111683.6358437592,187554.79504253395,70567.62620824388,119123.8840203772,-32295.319358959357,63963.14253965062,35010.193690217864,-34150.498827935065,23001.26774356328,28484.66457725112,15863.56614935742,17417.064078764983
404286,110224.17281671455,-9770.183510678527,18037.176813231927,25037.836846292674,90676.95966667448,173007.1062334114,51102.3402668134,98495.61241194997,-45736.06227425084,46506.137002821924,17881.76682374345,-51679.8638509051,19963.2595206937,23999.822368228146,13070.00950002805,4858.411431155203
404287,125670.0316498238,5654.841686950481,34822.145094254476,41509.7409372062,106742.51439639073,186850.47817272466,67831.462674787,114492.73489447549,-29718.8883245261,62728.613802926746,34108.989395938166,-34644.18766303068,6067.302229655091,26497.780040779642,-503.5522196745492,19899.607686704006
404288,147085.33683167183,29234.381748170068,56306.153975416484,60237.36038590137,131065.88217584882,187911.70430202328,90690.05264343711,138382.01669833408,-13323.105839815573,83416.24534628773,54478.09465916698,-13784.853758070924,6719.374917616629,31601.372649616642,-45.69557777338582,35232.4414204032
404289,134048.88679667443,16369.740868295861,41864.890074347684,45782.038785984696,117649.85137127177,188331.64396524528,76468.09818904294,125011.33768815061,-27340.933199870044,69498.06419618701,40510.31866400286,-28449.59255825767,20827.753149761164,29634.62493318441,13704.124507123144,22045.897985179814
404290,111854.23914870348,-7940.268222122753,19649.31678379745,26366.605974399994,92605.0564538048,174350.69489994508,52861.46465192209,100375.0891083587,-44573.91338674547,48086.275640203385,19426.493456712928,-50098.657754664906,20761.095172913083,24473.763241440494,13818.148990242553,5930.557533294326
404291,120611.40511966038,239.50341995536837,29636.257535819208,36772.35144441062,101188.38572255398,182642.99025375844,62436.04846522334,109000.72299260147,-34014.369128027145,57761.189563625274,29186.864348685023,-39723.48966478145,7851.789606941338,25495.555462417073,1258.6598918895436,15863.206157278517
404292,143848.4057013515,25556.586072181955,53136.17726353099,57544.40376973877,127319.20334151188,186881.7294216613,87257.65521164465,134703.34582183376,-15549.781109819618,80409.64148874364,51526.44784408968,-16770.26487018742,6142.722688395786,30816.247488694225,-593.3521153316378,33147.5597946548
404293,137975.40994964854,20492.58571086903,45955.47111977455,49528.02625007111,121952.98232879024,187970.09638494445,80695.13149830877,129249.4046136585,-23856.90746814764,73480.52482884083,44458.06046860332,-24354.10661824399,19581.148977884724,30478.35793508657,12448.294372476645,25312.331000025173
404294,115279.05224834726,-4155.633286013732,23011.161311130047,29192.78498239103,96530.77249054943,177158.7584066334,56492.68636466637,104219.69851689188,-42072.523592444006,51374.498182912925,22650.49200023275,-46791.22731158287,21540.619660710025,25331.682628490842,14544.330844424338,8272.200609946185
404295,118261.84263519944,-2278.018438298037,27224.056950238115,34548.96238397539,98622.11286502426,179935.28561180562,59938.47722237653,106453.79408222054,-36040.25741495039,55475.1702635692,26924.794489894353,-42066.087721063326,8768.093543099698,25042.43996388371,2164.410845531719,13974.093745242757
404296,140432.38611879316,21638.00090053032,49828.63893374718,54796.70167634457,123326.92715018067,186575.11445441202,83650.9792731387,130791.53867822622,-17800.241867090557,77272.03067472813,48460.099855848704,-19873.097525914243,4983.999805994432,29935.2172531806,-1673.199976313139,31062.33432388678
404297,139459.97790663876,21984.771796614878,47569.64662037063,51066.071978978885,123538.3829392652,186856.4840135869,82323.41521272303,130813.17803389017,-22392.685205218855,75074.339354495,46050.83125147022,-22698.231592912693,18635.919121280163,30783.962788332334,11543.037284064376,26705.097233952085
404298,117345.57304934836,-1746.1250680177336,24905.021546004988,30586.944922216986,99019.06020394262,179435.84953451168,58647.63373538457,106642.17239665489,-40960.42375903506,53240.63246132294,24457.134311194062,-44978.48179169769,23467.961560251642,25975.853444565473,16403.832188339205,9321.456904524664
404299,117006.76098826242,-3548.7325386268676,25859.115031082525,33169.88880494429,97322.3326157353,177772.04477569298,58582.288164239515,105153.20485913313,-37385.387155486605,54187.79155961027,25640.107583128574,-43429.519982458354,10164.981117011368,24892.799561398715,3531.4837676609677,12733.257440235082
404300,138788.32359476382,19541.367444953707,48388.08509606604,53804.310649479885,121210.32107884047,187525.3536258206,81932.0193281821,128744.32801385345,-18406.844060706448,75925.48562957067,47179.77819446804,-21129.01616651127,2777.7070276189943,29387.990899987006,-3790.244078284523,30535.386413277312
404301,141367.0194672526,23765.118096485196,49755.10965358527,53300.5310623571,125431.16073045868,186504.00734605058,84423.9153582016,132702.92980602567,-20177.71713553836,77208.52284170857,48207.95733238484,-20436.559638253686,16066.386072262136,31055.886939315846,9047.044142373246,28824.876457159873
404302,118284.28066642769,-555.4899699840608,25648.572000098153,30946.715185375313,100248.3323176931,181496.90562606236,59595.10957585427,107822.64769879542,-40805.93710827106,53985.9078912159,25157.64143520532,-44319.28965722891,25625.653405413068,26372.535840523557,18485.051328417056,9482.538615192341
404303,114143.11540023946,-6369.509339517068,22681.43649511801,29936.71563102383,94403.01750165783,175033.78302000652,55465.517391588495,102230.51004381455,-40585.94557939301,51140.50523425644,22583.256852744078,-46671.18062935851,13640.083711878762,24522.182809524595,6915.237683757619,9747.47055740655
404304,136957.62381850972,17344.9651618524,46662.31272931904,52432.03279298736,118980.78827090644,188513.6769593531,79992.63066643168,126570.86892391327,-19464.09251478096,74293.86612618936,45599.053187103156,-22724.37738859267,1652.3934792448035,28883.27363210118,-4866.887908001557,29572.45194290363
404305,145060.46264957398,27297.779709581926,53897.52262923897,57482.86168412236,129146.08786514483,187505.1290479845,88457.31010647066,136414.8889020381,-16048.646494490182,81233.12592694163,52258.097155462165,-16178.012151734976,11680.062839419492,31602.039699426772,4770.810178122385,32724.477782947255
404306,121047.18494827411,2394.2780068623465,28433.93954546084,33374.79517492062,103311.01601580587,184689.60997428733,62532.32656093713,110840.18417684747,-38606.518428031515,56698.05027488571,27833.657082060065,-41574.30983506955,25621.298662318393,27035.097995627148,18454.922069847897,11539.971294854251
404307,110027.49109150024,-10487.327142620845,18168.840326406436,25416.572155995163,90134.43489438722,172257.41108256648,50998.20586828939,97977.70385056913,-44989.574407049055,46806.419248723505,18241.478257372768,-51250.134016230746,17985.506227521186,23925.898901380762,11152.17229464294,5602.9738508272085
404308,132010.8159783796,12012.844438662773,41566.94838679325,47751.33389830986,113493.63932440113,188117.16443249065,74689.20892314176,121159.47528719912,-23714.356741221844,69409.86415093721,40764.450272100796,-27732.60922118494,3321.8943827355483,27878.01072318253,-3214.4069942733668,25577.915431039808
404309,148123.78802812437,30172.633749452078,57368.33470086977,61006.054509185175,132182.9076964032,188560.42218674265,91811.5638372456,139456.89513287347,-12534.837736054113,84609.27218709666,55657.53874779436,-12594.55124269006,7832.614587390861,32044.987341824704,1021.300087461289,36020.74160821011
404310,127225.64325940817,8793.779644298505,34914.16994560092,39382.73955326787,109969.09746815322,187553.9354989188,69174.91107539911,117427.80857981481,-32982.43482813786,62976.33612185005,34069.50505260276,-35104.38044136906,22980.716071379567,28302.14962541171,15847.19796554499,16797.101035791402
404311,108358.60175769172,-12143.105364398562,16282.473092385608,23438.288839355726,88429.16493530714,171462.91280269227,49170.4454222224,96271.38018486992,-46926.11314897226,45018.30770193023,16439.157890801576,-53160.28730333525,20414.911190657345,23741.892936021213,13516.68552882464,3757.073061674094
404312,124818.22357533005,4373.9386839551535,34065.18253401568,40769.04167425803,105610.41654008019,186169.90010234015,66956.70485346625,113369.54058017199,-30141.688644301885,62206.95898881347,33616.354941619604,-35148.24270204327,6517.903941119112,26464.91668404273,-62.98535799394267,19521.431103396433
404313,147182.010687585,28939.496397947594,56544.029424439985,60414.91152813706,130952.41252869135,188125.9206865175,90833.01089465982,138266.91775692237,-12895.304559160482,83858.87373874013,54939.35414182652,-13299.74941247569,6744.683612852734,31763.471572464736,-21.10173477219496,35659.43980657957
404314,133933.24153393722,15774.811732805669,41940.957467688146,45881.98914767908,117234.0602729053,188689.7940443672,76396.37886596697,124607.51424187957,-26934.574981476195,69786.87339669709,40829.76725722632,-28102.319220886562,20269.180160450334,29694.150907406365,13170.175451800027,22441.920712573956
404315,110965.49031807666,-9378.572596748507,18921.998942680362,25737.842810107686,91313.97260927796,173184.81319023948,51951.86429945785,99111.2675454934,-44831.92815502799,47601.17025577797,18984.7360364938,-50545.93113985751,20382.76324394233,24364.97585438015,13467.018568088532,5691.151414446918
404316,119184.00471132726,-1708.2052079766963,28278.36830668657,35473.40261099509,99357.21481671513,181690.63658708206,60923.96533972361,107197.54263601705,-34952.666975455584,56661.11768512891,28125.667398730584,-40832.35109383367,8340.687674691479,25321.078779009476,1746.3602041285692,14983.628399941761
404317,142780.2481499405,24035.438575456523,52109.60259348832,56490.03445969525,125918.33190682587,186640.8869800023,86118.33938527525,133321.5349195933,-16309.91725737118,79620.91129882433,50762.043749270466,-17581.540189372277,6918.890785349093,30744.18915622605,185.28308861040023,32436.983498012116
404318,137901.82600627784,19966.564687417413,45995.90426321699,49514.07517945161,121576.4769088366,188214.39435178728,80620.1855905576,128891.69818432587,-23606.919045696657,73716.87884615434,44719.233957610646,-24090.32085610458,19429.129696587253,30552.754905965932,12326.328852660728,25541.901999755577
404319,115923.50417881705,-3985.5073117483953,23836.323080019516,29979.200188927407,96866.5708698265,176810.20922471312,57184.87671884655,104579.02812550707,-41037.3014767719,52356.85086809803,23667.42507584078,-45737.577281426304,20436.688325524683,25481.1436910806,13480.028979173248,9230.52711766482
404320,118378.64682431759,-2615.9612637423534,27443.40895179931,34730.89394374275,98411.38365881547,179851.80293348077,60038.84693853541,106272.24203845813,-35601.85980326487,55860.00163008256,27347.24459188563,-41645.85393672952,8161.44086323672,25085.631386652258,1576.6863104745016,14371.720159476397
404321,139467.50584372407,20285.44940700533,48825.739133309486,53732.859170514566,122042.87767632968,186146.63294475654,82566.67152900997,129535.67648344897,-18619.799771037207,76458.85287772515,47679.611134449966,-20734.306810567658,5692.952611784436,29814.458141267758,-977.7839593401609,30278.47370590859
404322,138494.45589627651,20683.045322766055,46534.16807353963,49945.9581155847,122294.71129283862,186586.32340115056,81234.4440113962,129594.58059692162,-23310.660534862905,74207.56708543835,45213.28486175375,-23632.97156544892,19550.244959869524,30663.616048264666,12438.561760112969,25824.378497289897
404323,117910.10193215642,-1479.1887567588064,25516.471010089932,31081.86337189108,99398.96387826384,179276.3834474014,59218.41289961847,107036.37729135435,-40353.50657055882,53947.049716527836,25194.811843937518,-44274.50864590687,23075.743499172146,26102.291616556853,16023.709806997524,9868.458979015722
404324,118474.15318423235,-2355.0085473561585,27438.36685131948,34622.89733235342,98656.11488642196,178297.8789605049,60125.729159305316,106496.52929278146,-35863.8564583214,55814.933008823195,27301.633212768356,-41761.74869479896,8951.469189864785,25152.393049779253,2349.4095361044356,14133.976071641979
404325,139070.95544813384,19557.52332782424,48690.39958060235,54033.22420930484,121309.62011719715,187522.44260714744,82193.60490306494,128860.4325790774,-18067.071072221996,76305.50998340582,47598.53423708672,-20762.01421475526,2419.907825176507,29429.99002953158,-4135.991957753678,30818.408425699035
