Tm,Oz,Po7,Po4,Po3,P4,P3,Po8,Pz,Fz,F2,F3,F4,AF3,Cz,AF4,F1
300973,103083.50499685633,2912.755973638671,32349.224827957383,38451.94223178101,187944.92022802494,180686.42579396727,69450.29232094457,119893.40730854854,-31846.424127685554,67294.62009076466,27635.369991159925,-35305.2862758425,1283.034289682235,22973.26779779704,-2439.8663605157985,20919.729858901614
300974,100927.23137757054,1118.9261280555143,28807.585895771972,34581.4144340161,188200.60513366008,178712.45435821926,66463.54574563172,117797.36103407026,-35368.93037368053,64076.1102667764,24576.700927041635,-39014.71713937305,12628.955254389753,24152.844467717507,8125.075567400657,17587.163955977034
300975,84495.65555394127,-16270.038205066941,12825.7831782918,18951.593010706114,174960.30693464843,160953.8916401693,49131.21223329808,99973.90956310682,-48545.670690519124,47325.2332935252,8307.104618647012,-54670.508376474885,16502.27197600412,20948.404573639382,12264.354989481895,4035.9341825097245
300976,84115.31532397834,-17130.028753628976,13770.377420249171,20251.48881959198,176087.15095035097,160207.9294153062,49375.94072098108,99324.83304408821,-47102.08824615319,47894.22941069541,8795.913216777608,-53489.562557074314,7316.9174370311575,19582.51571250547,3741.611501778617,5256.152115186479
300977,99738.69512932056,-644.1989227262125,29168.44678123404,35361.417624994676,187069.9870454172,177056.44341891893,65961.41181113228,116242.43893803892,-34398.76389545368,63947.5163136854,24375.496793159647,-38396.65365462538,1603.8361979727333,22262.56111080106,-2029.436238005449,18286.738356326852
300978,102560.96039851257,2825.2521347965717,30515.3392463497,36282.84099297631,187931.32402960816,180450.4908439737,68244.99764690676,119534.08670057803,-33936.50210506268,65818.13575443673,26262.455083010573,-37334.82399986188,11346.248884129915,24340.520021305794,6881.908791531726,19038.16251244875
300979,87335.45813540497,-13207.061954829791,15447.14303313979,21477.26900989714,177513.1227664503,164061.12436219063,52063.751014961716,103067.95885928595,-46431.99570666002,50124.36386372847,11027.264939545243,-52121.303763843986,16781.78387502473,21624.947782040676,12436.695884849014,6245.561068041453
300980,83607.29166023186,-17617.719448066542,13172.910755704897,19644.155724364133,174938.862655767,159684.08265465242,48791.30469886843,98778.00868821176,-47663.13593405326,47293.94517855473,8219.404139329077,-54102.90715026851,8146.428364290907,19584.799013692198,4522.510749171561,4704.26065125304
300981,97076.66239779978,-3507.733892618964,26726.030225071383,33029.59692551764,186798.47562266863,174142.66840141546,63235.05944126432,113322.60704637467,-36292.90630677978,61353.75534235727,21845.972645420974,-40740.12600645564,1137.6366432991902,21589.372714665824,-2376.775228128297,16318.145506428376
300982,103031.0730857297,3283.3371017881595,31130.91851597987,36945.45787041385,187124.59335226868,180921.48159059914,68824.32485534968,120008.93595972125,-33373.209060139736,66401.77542006096,26823.955873720734,-36711.94834162218,9948.256114846248,24242.251562281235,5573.12405442336,19594.100855025612
300983,89220.71361892138,-11126.528858527558,17056.820572374392,23004.152446482214,179700.7690840509,166158.65443517594,53950.318976834445,105143.1092069051,-45179.07873178054,51894.04929809019,12755.667193187292,-50572.89458381649,17918.481371175178,22220.906236019895,13425.992238003513,7589.585932222139
300984,83359.71718945891,-17788.785083144914,12712.32192023502,19141.60448242567,174348.24046568084,159477.78565496535,48424.54203250126,98527.07167342579,-48171.41515103493,46874.453449376495,7825.486290812261,-54607.49856718875,9733.748592482782,19754.470765214814,6001.01273402651,4233.939236030426
300985,95316.48973335756,-5419.850791924621,25177.21212753637,31568.322994457663,187308.74261966307,172204.32886409492,61463.21266351488,111356.95410261398,-37472.364842863244,59681.135855924,20213.057536052846,-42224.35427258706,433.62507455505585,21092.66297691276,-2976.943006427843,15082.11655537675
300986,103706.70501066808,3902.053704901547,32112.448102630275,37998.96471466721,186827.76369791073,181578.8704467342,69700.30381280911,120651.57968365398,-32441.227419680523,67316.6289841547,27698.10437993767,-35707.687574872325,7376.456136243514,24021.45699982746,3172.746131747158,20496.124602380183
300987,90854.57469846285,-9345.330206071843,18520.851845630372,24400.297601952516,181687.51103136205,167963.5539466936,55617.4769157486,106900.40847333263,-44018.97724815238,53475.12768786179,14296.699305743978,-49163.94021704622,18543.67123082957,22695.078557581368,13949.73947524406,8814.24062527317
300988,82410.65425063431,-18665.0895846149,11452.690848327611,17812.789206078538,173550.58040225596,158545.36978679942,47262.47607574686,97524.12360700047,-49381.62009646767,45663.7860806138,6667.662573258596,-55914.782626513996,12423.002563351345,19921.828092822412,8525.592625409541,3061.4235439513063
300989,93203.52518169847,-7659.599493230577,23144.333229928452,29587.44320700641,185023.64412596717,169920.29075566132,59248.269757249385,109030.4674727488,-39114.24475121318,57551.05809237008,18145.74642257676,-44209.37361402136,900.7344163472064,20691.219346418176,-2483.4221119038266,13394.349953549387
300990,104697.79930722568,4827.544808226858,33463.68452347873,39430.93296148989,187326.35529158433,182562.50217248296,70940.1449608658,121637.0563845342,-31155.301863648536,68607.32683283245,28937.02862765128,-34317.7034072128,4244.517149539931,23787.75911597519,242.92423994178887,21750.062795902224
300991,93611.68844191938,-6439.636664124432,21261.88190522664,27096.92144757017,184370.08624362212,170935.12595756387,58554.85011993389,109860.84604280174,-41732.407792609665,56331.00610227382,17072.63806818991,-46471.65315050561,17509.659174677923,23184.846257637168,12893.459961038105,11160.205470920315
300992,81631.28215806404,-19366.89946888493,10361.854454740718,16644.09688941529,172871.24819129717,157796.25383287497,46276.2716168425,96723.08210050891,-50444.499517955075,44629.54558547376,5681.295966701266,-57052.411396964366,15031.133777912157,20114.68775024965,10972.594783392067,2039.9354083808375
300993,89961.39568346844,-11036.081386001022,19845.65328190585,26313.194552902016,182013.17007432994,166457.08463492972,55753.01140764297,105522.43145009178,-41896.693488006524,54145.258905342394,14846.735353090467,-47472.67449244374,2941.208470833474,20266.991947326416,-495.3000373477473,10562.993770479685
300994,104577.4792245319,4599.798656784455,33651.20466793707,39697.37959593353,187910.0267900682,182362.295912038,70965.17922914823,121444.11361932704,-30852.749439234416,68714.69447452144,29023.461189972826,-34076.7159766484,2052.06846685846,23442.775860400656,-1779.7011096134677,22001.423847955695
300995,97281.65349586566,-2619.024144869338,25023.921880609647,30841.60503937705,187341.46582947558,174854.43882142397,62524.05929912475,113793.7543529851,-38542.652559359965,60219.51415140278,20839.40036209963,-42750.32759063322,15215.924827597162,23703.294614410916,10644.192467214878,14396.342058858121
300996,82309.72392649962,-18575.326787886494,10792.571841333789,17026.519487355145,173223.61424699955,158588.8220758834,46893.40108148592,97491.3534443541,-50154.11326041937,45185.47237572093,6228.7459166537465,-56643.40818216966,16351.93377969796,20450.466574418744,12182.93881904189,2379.528997479199
300997,86630.84183468428,-14491.480754922282,16381.175568046652,22895.95062915908,178824.91960767197,162909.79804881645,52142.164311424676,101936.92044716854,-44815.60917636262,50614.7979446375,11432.257797275406,-50878.46507085004,5332.453188163722,19869.575179640764,1821.589288864697,7597.425483890952
300998,102741.21750090973,2598.8363775487046,31999.907676350755,38157.929881450014,187862.57371908284,180344.8576659368,69114.41668245954,119424.62905890415,-32088.674282959426,66976.65632102932,27329.00389720976,-35625.61735535228,1340.9617171950138,22920.38206550581,-2377.0033279372815,20704.237652383694
300999,100477.57352235893,702.2985549859153,28311.58512008971,34135.34069856585,187880.75619720298,178266.08479717968,65996.22536838816,117224.22738444948,-35750.69161922064,63622.84091394828,24141.142454895926,-39484.22374632026,13033.803720529944,24124.409701393197,8510.950006843668,17230.747447176072
301000,84412.02235530889,-16306.672993093862,12697.535743787212,18868.55310393392,174855.16649857056,160901.81634540233,49055.789242676066,99799.39496005667,-48619.90920286691,47253.89662676447,8242.899576324995,-54780.2535907555,16748.969850230842,20979.494808166597,12491.798259147039,3986.856565884436
301001,84395.50310337423,-16803.641824171027,14050.865039618913,20585.143245860956,176241.27831756716,160534.52913440706,49709.52818959824,99536.34965587118,-46813.22187574739,48235.887074094455,9130.001601210723,-53186.87672428161,7063.34941048206,19624.063395196772,3494.077905929903,5567.943834539051
301002,99921.12078349474,-433.554217383849,29374.658606912108,35629.46199153237,187322.83411745276,177269.58784224343,66201.14692082163,116345.67333830066,-34156.19548364654,64207.53597617688,24628.65692533682,-38159.45702793699,1198.9697102498208,22260.086939618774,-2412.2168610439976,18552.79726463598
301003,102343.70933009186,2624.6444128584462,30291.14342693056,36116.885711005816,187857.22964743347,180242.77200648264,68041.28944554142,119214.7381617875,-34070.27316958535,65636.86187267973,26090.085257098253,-37533.13988029834,11355.174030406939,24308.346764248443,6895.402722542992,18924.716618620674
301004,86913.3762742773,-13608.132836585628,14978.451067221482,21056.312231110318,177264.07099504228,163646.8105162444,51620.64030013708,102540.98300905983,-46783.91734795745,49709.341248299155,10629.117906847163,-52565.30718314236,17187.53488034649,21605.19469733158,12821.53075167189,5906.141237434755
301005,83478.41639417582,-17715.96674709859,13008.52344337136,19521.99908455907,174797.027941802,159582.50801260723,48664.5284364112,98568.84061163352,-47762.08843144504,47192.85978526721,8124.490949302966,-54249.4895081661,8357.737926675205,19603.13590669456,4716.215012792841,4617.124782941733
301006,97328.61309359068,-3225.0472390806467,26988.96300158195,33337.633412038114,187010.89884559132,174437.33555611366,63535.55840555457,113517.3417844985,-36020.435178956846,61681.548504500905,22163.42032129938,-40463.58577034219,866.0945853816488,21623.175754410004,-2645.8414210770457,16604.896266572872
301007,103242.39250635583,3517.1208267532324,31374.7700618589,37235.94371701113,187350.92599644687,181170.73194579966,69091.2578821939,120162.03620006876,-33110.16356926553,66705.80356654566,27118.20968861745,-36451.80756552244,9566.95138623995,24253.380680033588,5204.926217277446,19867.025440534988
301008,88989.9929244816,-11345.019755488793,16829.52001304899,22818.88141849127,179644.81770852042,165946.6902643445,53731.272896158844,104845.59084326707,-45318.89856973689,51722.74824403444,12589.666181961471,-50781.058545873966,17979.054664885276,22197.808720311783,13483.409147508519,7444.994591846158
301009,82870.93207511725,-18267.34136750795,12195.260872843597,18664.777862602972,174024.004962597,159000.41647304036,47916.36466303637,97986.52549487003,-48562.71643687387,46417.398587308526,7383.951470271806,-55102.6742368635,10141.706086400105,19722.816995561,6386.968198035316,3834.137830818523
301010,95115.14097896288,-5603.509671428092,24959.97193861285,31394.505483462315,187114.14709308918,172032.3052423296,61267.82100651581,111147.55482366044,-37603.02616440617,59533.499926396675,20069.892984297414,-42418.876006997205,605.9848786886212,21090.149117477195,-2819.6106291214355,14949.669281399822
301011,104002.34803053156,4228.357748486062,32426.615414312277,38360.32912547276,187017.7418195235,181932.43956820347,70051.55794540136,120991.80267901752,-32113.822094930303,67710.13381518603,28078.329927242223,-35370.87569452,7042.386397039003,24055.263246558974,2844.8600377748694,20827.240574256783
301012,91132.87420615254,-9035.963038108874,18816.427510820355,24743.28290920794,181988.9334400048,168301.06566729696,55948.71959656998,107241.81220049637,-43703.84299890072,53852.95559366363,14661.648583443864,-48842.24524161244,18217.560067700775,22725.60814972561,13629.654774347113,9125.973877885524
301013,82155.53672263541,-18903.363870200064,11188.52503732493,17596.213292270997,173458.88164217165,158320.9332881144,47011.82088228781,97315.76167450423,-49551.6263319423,45465.28857960735,6473.848988526033,-56153.956226445065,12560.846922171213,19898.771719200187,8654.449635499106,2875.8192712540176
301014,92670.98241621081,-8184.19183706691,22588.524950349063,29082.62217385331,184656.63599447138,169401.83418914964,58695.15309040772,108543.87764387953,-39530.3875409991,57058.86116600861,17665.822463709268,-44735.34747795772,1274.2708565549347,20640.450404507097,-2125.3512888012415,12958.500744098785
301015,104574.33485602797,4726.643434015729,33333.148463102414,39352.2511462004,187243.6979974971,182478.2713466785,70831.28629372912,121604.52880943233,-31206.017402319012,68554.65871882302,28879.973027350985,-34420.51969015958,4291.184825923679,23779.427356174816,284.7377570764038,21684.17466981803
301016,93955.99681070674,-6054.528916518129,21613.36350965444,27501.707537158458,184658.92180056171,171351.2450018686,58953.399514429126,110346.33941154263,-41367.466387775174,56777.83486242867,17497.508451949965,-46092.39022548598,17225.166642065175,23233.852049414243,12613.297757604994,11511.675767584435
301017,81811.56255404596,-19152.694971190183,10548.969506628395,16892.615345452396,173080.81264535448,158040.12096390987,46501.85485388211,97050.33376477908,-50213.41308103681,44906.9640140334,5942.0446988367885,-56831.16723674695,14789.61545819301,20128.384287328714,10738.2688605604,2250.561369502069
301018,89711.77158945444,-11265.951215755107,19583.065736000062,26116.43390076553,181932.08053273824,166244.45648256608,55508.905661185316,105401.57919473607,-42047.88449713227,53958.02671762182,14658.27946334432,-47697.78750986111,3005.824245880375,20224.74564171958,-435.24124138309674,10385.346547994122
301019,104255.9217731609,4302.742475074769,33297.220837565874,39404.75226469431,187703.3738666231,182078.9558045226,70632.40625184082,121257.45946545976,-31094.175777608194,68432.56936663075,28744.09267936105,-34399.281667317715,2271.6121282852832,23404.894902112406,-1565.9516483240554,21739.19548723734
301020,97342.46119136256,-2511.163880535337,25053.88612581665,30918.50014044775,187266.7972416326,174984.90943937638,62595.98946312151,114030.59971002731,-38473.62038433269,60328.57492013155,20939.619697951017,-42703.825195729274,15289.247123992076,23729.20928954525,10707.3545757341,14451.878082540634
301021,82598.95907051074,-18229.3046041001,11076.195836704726,17349.427107021005,173438.80011345597,158964.0644729631,47217.76234430024,97984.11489562974,-49875.872269212254,45541.03041036096,6566.9820889004795,-56355.00409721712,16187.766715556703,20492.626082316943,12018.20218651707,2643.040552801721
301022,86743.43648871014,-14333.56225544348,16511.63378792274,23065.90498341359,178941.12375258142,163092.18243781175,52284.034457853915,102243.16547760648,-44665.65434237503,50796.38010461198,11598.759685295438,-50747.09145562672,5123.953538450758,19865.62616931831,1621.8664724174203,7722.1857675995325
301023,102563.42243059794,2457.6165827525087,31833.2955023813,38025.58298708364,187815.23733197892,180217.03670577382,68937.90505207493,119420.70602853439,-32194.589727909817,66841.72905039658,27186.93959233311,-35798.53846967993,1325.5318581659747,22876.207317520675,-2383.0127404473255,20566.901378331473
301024,100322.20448655762,597.1867871404912,28137.384049626115,33983.33149790528,187694.59130874652,178170.19638113858,65826.6578081004,117253.00821756045,-35875.66018981841,63484.481265689305,23996.75095697649,-39671.79514253825,13205.732142997138,24111.322189690265,8678.460724982571,17082.673443216845
301025,84491.93442187272,-16158.140372084365,12747.055669005545,18931.94233494196,174918.79182887735,161063.71557025512,49132.5335080729,100092.93595019012,-48560.18154128395,47348.35214406147,8324.324949463045,-54748.194309572296,16863.010129720376,21008.788578414333,12597.24617491832,4030.994784009496
301026,84655.28822666312,-16469.978405585432,14304.850629031014,20853.253386301756,176407.30710410292,160886.3858676168,49989.06970010552,100027.49408139949,-46578.71186015726,48527.95307031168,9402.586648522936,-52956.29786034436,6909.233782276875,19652.61545330089,3340.571884112243,5784.548235962446
301027,100106.9125287304,-177.13564321085926,29574.905738511177,35845.571690436904,187470.5629942242,177540.9083053954,66409.1727712707,116756.53998774642,-33961.98501677788,64433.74923924779,24834.579026988395,-37984.5068011963,933.8740221340324,22252.66833556707,-2668.019938307844,18721.809201578882
301028,102332.94378611745,2685.126669608045,30304.980887626425,36115.15797014452,187814.12879143585,180309.29933520645,68030.098603407,119387.28081093481,-34072.299104639664,65642.25237287927,26081.668547909692,-37577.32280186159,11321.913036272681,24292.034204396055,6863.146061862569,18899.069273203364
301029,86757.84428366028,-13692.937902107964,14892.689097115537,20869.568337816556,177193.4654807541,163563.02045376372,51441.81049555214,102469.0554423707,-46950.53767262901,49538.157693458226,10449.60231463817,-52789.104486890334,17447.888665064187,21599.7170188992,13070.556964485728,5723.381280984533
301030,83425.50962467206,-17702.35346140604,13103.624803825132,19438.763845004756,174708.1667369261,159601.81977737046,48599.07653477479,98497.27339951432,-47841.52286323263,47125.145607790706,8043.160107738024,-54368.879579628076,8511.172018790032,19603.488180497043,4867.015697634901,4521.852126059247
301031,97501.03218924705,-2996.3722095693347,27394.41839096931,33508.048850280305,187135.41048180903,174680.62303387746,63724.85457564613,113578.48154468405,-35870.4351214331,61863.46920344747,22321.20016567287,-40326.80779179027,683.6110387408247,21623.722787778723,-2812.810751080458,16734.226285727644
301032,103480.22775582597,3799.3063819889862,31893.892142679564,37471.667749395885,187483.27829613863,181468.42408953054,69350.97105647465,120188.2904925822,-32899.86377591551,66951.3742137055,27333.052536477277,-36248.68397532895,9282.08048214786,24254.727279820174,4943.81645560123,20057.91954775798
301033,88991.98252703561,-11313.906725708457,17110.480290069558,22775.430054218225,179680.60418250976,165983.91149806773,53722.92459158851,104523.36542898836,-45344.36089019101,51698.13507961683,12541.45926119667,-50844.51418374511,17999.23893018994,22188.571077998175,13512.448971131173,7409.530415838677
301034,82696.49918322064,-18425.333700578583,12291.913384698268,18412.275697324007,173863.67825350212,158839.7657966842,47707.873402863814,97397.08464089845,-48768.64537174828,46186.105812918926,7135.22348092453,-55369.25187115639,10379.154517866093,19700.77551234458,6615.477488937581,3618.089002069073
301035,95112.39482560521,-5592.996459224501,25243.99539018775,31316.31698101156,187015.30280323583,172042.76137144185,61244.98582823729,110681.23505661087,-37653.89407662298,59484.12251432867,19995.94779660015,-42508.192244783626,695.3534354660503,21089.032554280846,-2734.3644386280253,14884.483668035951
301036,104227.9052554481,4460.656969556636,32966.55509248366,38528.69426680023,187129.77014448016,182172.0318785893,70281.37442913507,120714.52099119611,-31948.66212910388,67907.22795739677,28240.821790162794,-35214.796071686695,6888.196116490665,24074.152677720023,2698.8529802970434,20978.69602125199
301037,91311.58602667935,-8864.930989173696,19325.024609688102,24868.502699914425,182054.8887559263,168477.71305445518,56131.87452898745,106861.85834947886,-43569.48889976824,54001.94716643852,14775.91069959739,-48724.55532790133,18017.807981884143,22728.01708536972,13447.198631890296,9250.824998589565
301038,82106.39216444647,-18976.635086442344,11457.007671968462,17468.19380364948,173381.7025256048,158246.08946040797,46941.91299946791,96646.76347057476,-49623.77335766124,45368.57441702399,6349.594858782772,-56274.01307904336,12565.656087056805,19879.2617490193,8669.006508214281,2796.0569106140083
301039,92529.58790816196,-8356.763965243743,22751.137671927772,28835.333356696843,184480.44443494384,169223.86125832767,58516.4022074576,107728.85120539513,-39703.676509563295,56851.34955149566,17433.965677601554,-44966.907041646795,1460.0110185969334,20623.34703381462,-1948.2522282731088,12778.064709963177
301040,104601.00231549972,4720.788371525055,33674.70670030742,39270.50347739362,187196.4844116199,182472.149794196,70833.4843123933,120910.55348907423,-31240.83678126747,68519.2840790269,28812.65017754553,-34487.26549453399,4376.144568980532,23784.26368883437,362.38075887588957,21646.889220399004
301041,94188.80845236356,-5858.19350872521,22188.980891066098,27639.085102211808,184718.80688017383,171554.11283758678,59186.062060382974,109810.46164116517,-41211.01815963647,56967.52088341006,17647.738313939928,-45937.48613241059,17087.538162935947,23256.764035985736,12487.28713658469,11674.930147398083
301042,81974.56152520336,-19039.53681579582,11067.562979491104,16963.002538762375,173128.18463556934,158158.11839523446,46664.4170380508,96391.55605917769,-50106.85075668438,45031.73546595687,6029.348358542547,-56736.49305839898,14649.0031730856,20138.13451382101,10608.122798084743,2364.3034046723046
301043,89587.47013468292,-11459.850511640014,19813.607377273085,25893.24230448468,181777.89314442512,166049.57544535503,55363.92948338984,104396.84780019922,-42190.603483449464,53784.394164880396,14455.70503814448,-47892.44178600854,3072.976957390245,20202.09098797204,-367.3127859606675,10246.429522280823
301044,104032.19568424212,3997.8258210104823,33435.629644311004,39074.80115340407,187582.3952643621,181771.43859157525,70378.9454456663,120100.16007095536,-31326.810274734016,68154.32499470614,28439.275692824718,-34697.641869779836,2451.7030752957808,23376.94872579728,-1392.610263786755,21513.08369332442
301045,97312.19516089844,-2623.3000629061353,25408.837561139786,30783.855856022998,187225.33219143923,174877.09997940582,62555.16222020009,113033.47009363625,-38538.37448079581,60259.96233549464,20837.415279641744,-42802.37633950311,15365.582132327274,23737.810509623014,10783.098454084597,14404.0440854853
301046,82714.60871001845,-18206.10560905259,11603.188038168106,17371.384242214655,173404.90079120145,159000.9425604407,47342.536772806765,97101.34028509748,-49802.77044018576,45639.377837618966,6625.23685954974,-56292.083765593816,16102.270968899884,20512.87761685015,11937.189364160544,2738.948091344337
301047,86768.89516385781,-14420.272060261834,16959.120242945894,23005.559291608948,178859.87527093102,163020.77340767055,52315.70415699575,101228.51252812661,-44656.534242312904,50808.40314312875,11571.819412905417,-50764.570945047955,5013.25246531033,19858.71663412932,1515.7820042844116,7757.699609166075
301048,102411.14446111457,2177.7511153981195,32099.680413195714,37782.56126710517,187784.93803419365,179949.6441218087,68776.06293542676,118185.55438938743,-32340.869105535727,66668.13163867936,26979.046657743675,-35997.51154114106,1326.6455373076103,22839.936008498553,-2382.1080960231575,20452.772792550113
301049,100207.85740583087,355.83300474042505,28432.507601637324,33755.77097016131,187586.8835239408,177941.8527332603,65694.81420854204,116028.6231346062,-36018.5647075551,63337.48376170547,23816.34664219275,-39856.8880834447,13325.674883472242,24103.734560827266,8789.074520088434,16981.00377245372
301050,84487.42212031019,-16290.045187107095,13152.171287120893,18801.89033364637,174802.8038687066,160949.77385249906,49114.36118063613,98960.75532757788,-48617.97827580206,47317.3221202241,8257.9152135529,-54830.497367395394,16983.50020453127,21028.74034774708,12709.64184352148,4017.0886149892403
301051,84697.03924526834,-16567.46938224469,14772.441326755701,20789.935243952248,176288.12622822094,160812.15171997406,50030.10451100006,98924.53651079148,-46576.217540023514,48560.161412942245,9398.437005619558,-52972.2833617305,6872.4330557133235,19660.566326565684,3308.819941121964,5830.400286561467
301052,100098.58632781316,-341.7677665824461,30003.8452299913,35759.66387062092,187552.87347753227,177403.1438404604,66406.71925169433,115579.16341336543,-33979.74579129575,64426.39749027336,24791.89888911359,-38029.92860078601,799.4592658016654,22234.5577918027,-2791.389457031992,18750.647208773305
301053,102298.09361623999,2490.3308004955616,30671.302554958038,35990.948451909484,187786.3709891118,180140.66988741438,67992.0501095066,118183.02864008505,-34126.11229197073,65599.79574353276,26006.315218636697,-37661.61441419256,11281.962552229335,24281.72959056284,6826.87663378588,18897.45723245152
301054,86702.14272266117,-13902.05533837282,15142.270012593353,20689.829467879747,177087.85681428574,163375.89508987905,51366.1432217742,101311.89340135499,-47051.78431078318,49452.374987575386,10337.474200572342,-52925.817244813195,17600.737157610634,21612.972692709547,13216.61910893709,5672.265039043394
301055,83446.67916931139,-17824.402064080114,13358.010271543131,19336.050658204178,174613.8834305916,159502.95582569612,48605.740428426005,97516.94349602761,-47877.84126631978,47121.68658457207,8014.522610565591,-54429.2648901872,8603.3066688039,19622.72326154472,4952.424382400377,4534.789695700816
301056,97637.65053319046,-2991.1781553850437,27728.59441119433,33552.65030955555,187206.90502566885,174711.62059162318,63866.85263285044,112810.75836702879,-35789.352595037846,61998.057549554855,22426.741829058967,-40251.30526090736,577.1009808282065,21637.33176940468,-2912.5213708698657,16868.879675357966
301057,103602.70138447577,3798.0727321687687,32187.980298513165,37525.53786755671,187554.84729526937,181491.7939473558,69484.6230513248,119479.20226610957,-32821.487350053896,67080.56816335155,27435.5324868679,-36177.64306424943,9142.697641102579,24256.334587457895,4807.485294055777,20188.235215783334
301058,88977.632034284,-11446.152972395374,17241.0971293658,22683.057405686195,179635.65564045744,165869.48993381148,53705.47401373708,103721.98464671415,-45395.699571969584,51673.880349856925,12498.957404510602,-50925.23305855549,18013.92907156668,22183.3014550663,13524.445215387472,7398.6021222536765
301059,82597.4916087729,-18634.48565665086,12314.921979655534,18218.639160268343,173745.06213252502,158643.84260291507,47593.14709802226,96544.77999088695,-48905.95503251592,46065.62404451753,7001.312615434215,-55549.338274326656,10516.200909372124,19696.794778190007,6752.976634597783,3516.7228567603997
301060,95097.68958051017,-5708.435067269508,25346.572601135438,31218.961596586505,186928.15614662375,171941.58164394897,61223.897321029806,109945.57070271383,-37715.512514498994,59455.28212068994,19952.17170853835,-42599.951031574,735.9531687494614,21084.227679168904,-2692.53524808785,14866.997059480438
301061,104458.18841486666,4607.097111796536,33323.97390551528,38695.97932230754,187192.34621252163,182336.1333252958,70527.84978403863,120255.47920992179,-31792.92932959091,68142.98208624602,28454.198325068777,-35053.309397139536,6687.1872860759395,24085.25535887124,2512.750665683924,21185.00032864597
301062,91610.92861433784,-8634.134347023413,19738.201284903203,25089.73971856522,182271.91671199756,168722.939408826,56444.60238235972,106489.6276284291,-43372.12260386042,54298.968430691326,15050.185433736062,-48513.814517959894,17861.360373014115,22761.880839470094,13298.157178751519,9494.04158447768
301063,82176.60179466028,-18971.109822448252,11614.31317858252,17436.427366190484,173420.8207715897,158254.81214771478,46999.717079464215,96048.15054882885,-49646.81888723923,45409.480593832486,6378.913418976681,-56316.49929122753,12622.029739786825,19891.26969387133,8729.044222262746,2811.552563753407
301064,92445.50371137832,-8504.009228865209,22743.979621020964,28652.421321926704,184372.15999049542,169072.86572394482,58408.52647477937,106989.52987420071,-39864.66080291864,56726.247512353475,17303.113701974562,-45171.00319914318,1577.1018172029778,20607.335587830035,-1821.2709539123373,12654.40054438811
301065,104710.37810940662,4781.042088807237,33868.47508818642,39301.31202140141,187174.08029469583,182531.3344124876,70937.36057365777,120406.09096143965,-31232.393474648838,68594.96684472785,28878.07293444626,-34496.779252349515,4323.86466497956,23786.180674975316,323.565459444912,21696.734204709348
301066,94549.94710611756,-5526.23217610513,22629.106070734568,27916.508363253626,184947.0881562123,171887.82241522754,59555.08214773606,109603.63288267498,-40997.897980233625,57293.87678299975,17959.330612419926,-45709.57494404516,16929.497025216304,23300.171057747597,12333.58284051014,11925.299697236533
301067,82254.90491665671,-18782.45744783777,11410.663862013453,17142.61033025576,173283.10613103284,158410.78705009725,46939.710871763855,96120.25945366922,-49973.693997659095,45261.528183479444,6249.881048177252,-56600.89376014406,14551.77942488479,20169.9879258366,10520.786449083802,2526.748953367785
301068,89660.5088605009,-11408.953542868301,19932.873619380283,25860.195994625068,181774.06445839274,166085.0384759368,55411.17432890953,103925.59830951286,-42240.76304990001,53787.31590140405,14456.986697562172,-47971.30443573931,3072.625818692134,20192.537361328723,-355.5776330808993,10220.559493633002
301069,104117.66085612346,4074.596180394279,33553.62573634624,39059.21450612279,187519.55782353133,181827.29056768928,70437.96661841345,119671.32650497484,-31374.92074708803,68162.92223594539,28445.341779815684,-34770.88691130331,2447.00690555045,23366.225506807263,-1391.7018539448363,21492.964695383467
301070,97622.25919345806,-2296.3609411017237,25734.51742508469,30984.702430030993,187205.6954290428,175181.16785571145,62847.234775866076,112870.23844481655,-38416.91961008309,60486.10435976881,21054.89672585525,-42671.211298758164,15319.245112681096,23771.52606616169,10738.805470636767,14553.878125888961
301071,83112.09272497616,-17774.031873721735,12000.549805646715,17648.085522225978,173626.54982411372,159403.69782007168,47721.0584645715,97054.0555959031,-49610.829990787024,45945.71991777886,6920.817837713955,-56080.41221740685,16008.433236763294,20556.45104293532,11850.204960688838,2950.804459290075
301072,87078.6012761952,-14067.99568846213,17263.32474998581,23201.17427296596,179018.00066557978,163335.19373749947,52601.07561340578,101110.3160252826,-44533.36806097177,51021.59088455568,11777.638588820955,-50634.090627096266,4916.601079408324,19881.8225730029,1427.5445528702946,7891.500191419049
301073,102580.77330213564,2394.90089587489,32260.90858828566,37852.27066713164,187767.96926923486,180121.8315932013,68916.07069090761,117938.70435707383,-32337.84342787728,66731.86905739694,27039.382873314178,-36005.085499055436,1310.1767232446953,22845.038697001684,-2390.4885137370425,20461.445232825463
301074,100338.64865991936,544.2838908665537,28548.734436120252,33788.88877023543,187531.3423744512,178078.498080265,65795.33934012952,115755.41806949128,-36053.14814452125,63356.747464639906,23831.917088611895,-39906.68030251065,13380.737518976235,24112.199322652406,8845.694163990695,16945.867312665843
301075,84689.75702953896,-16017.435791609703,13339.063399386547,18903.6707613846,174880.67925529397,161166.87773155613,49294.504684037085,98776.9928392992,-48592.386411807514,47405.364711794304,8340.995912650094,-54808.47997845846,17005.720488629697,21048.428104026025,12733.821433531342,4038.3090873345222
301076,84958.41480911462,-16229.118357256346,15025.179130665056,20961.99821764359,176393.22020937217,161093.9675009468,50279.79463060381,98816.84455247027,-46482.43093450664,48718.34780516364,9548.243178679431,-52873.62078948255,6803.5258707187395,19679.791844705498,3242.9493477242286,5913.289563741803
301077,100309.6961587831,-53.80604400429968,30217.33095993997,35901.46609337365,187594.89143764018,177632.80725615,66610.04660990249,115432.16171949731,-33911.07746366639,64541.5796689468,24898.769910503375,-37964.26383199128,697.1290916410151,22235.98383409916,-2884.458339180215,18803.741463030783
301078,102443.14015908807,2716.09508673465,30818.288790774925,36072.316196290994,187770.79919097107,180304.02807163337,68126.0149050475,117983.89116884768,-34112.17087475688,65646.65077193952,26045.90086445398,-37659.113575345255,11248.088820281895,24283.472236814687,6804.342250294817,18891.277125546567
301079,86779.12506456804,-13740.322885219279,15211.926808854332,20692.023728458735,177102.19436065975,163472.86703827698,51426.091422024954,101060.53261175557,-47101.10990538991,49428.733172827946,10309.675673661663,-52992.18610462469,17699.078417511977,21626.188516919785,13311.016722586824,5603.252512995861
301080,83476.52648528978,-17713.86458308944,13387.813940073773,19298.245529231655,174543.39013448887,159547.02231456043,48620.4618656035,97230.98219285905,-47955.59321061328,47056.16789604578,7947.7252676865355,-54528.62596942013,8705.16594941954,19627.312280004946,5044.790553490794,4433.654217515022
301081,97703.63987976404,-2851.1519765704916,27817.50675398493,33585.78464735956,187245.1605138714,174788.50940560247,63933.6639469087,112576.61282832519,-35798.73661118932,61990.04037985679,22414.52100361422,-40280.47486138702,516.35055621527,21628.586546685703,-2974.24292529598,16831.464899705075
301082,103795.65925767267,4069.1111948305643,32411.15097573794,37700.19501643426,187591.61493107217,181702.03619507427,69692.90875037247,119397.03559077269,-32707.4032735444,67213.38447165815,27557.817361455713,-36064.23418490321,8970.9828427581,24264.23146706621,4643.445715157779,20275.69725179975
301083,89135.17727836609,-11202.88284807918,17402.05927280036,22796.92279081233,179738.69652912195,166046.64502953913,53867.29549065147,103628.20031929284,-45326.769953590556,51760.845388256115,12577.554190410869,-50859.91866113898,18015.36100642964,22211.747109089574,13524.595059936477,7447.210107861696
301084,82591.54378846442,-18557.08693493237,12297.774995336194,18157.977640576035,173687.91403029358,158647.91786228307,47576.158966782736,96304.08329220941,-48983.92373496994,45977.334879012116,6911.662029823785,-55650.53026000555,10662.105738830536,19707.63727384829,6894.441756526518,3417.077836378863
301085,95063.51010117028,-5664.464786204695,25318.402442782124,31154.67254151156,186815.6043147744,171915.02773227583,61188.54764017852,109699.58994661688,-37793.202655799134,59352.32355338242,19847.50033972023,-42703.90113675794,800.0301590939363,21076.92059311628,-2626.3583246786075,14761.079171829266
301086,104591.72160081449,4823.886718202582,33483.18997834988,38830.53885972241,187226.13601024408,182489.29912431812,70685.28072888797,120213.98012453591,-31702.440697434366,68232.93878270053,28534.789106182576,-34962.240977043184,6570.999091481277,24094.731235920663,2402.924597661633,21245.52801919102
301087,91788.88512570216,-8367.517157849783,19936.948158797608,25266.59030412443,182374.6520534195,168927.58735512078,56650.6302990646,106521.95524597677,-43247.839966429696,54434.51262393287,15176.05222215517,-48378.7180129044,17801.723182084243,22796.81250322845,13242.493296203367,9594.097361296914
301088,82143.0650958136,-18924.143914377382,11595.348391040583,17396.444202500603,173353.17247612323,158235.56516763163,46978.962451775405,95876.0152080039,-49705.58089129519,45324.036345127104,6291.4031268656945,-56390.43106615929,12721.372913551259,19900.20070138979,8821.930308857638,2727.2635269978628
301089,92276.88865610956,-8600.022986541286,22599.855085402094,28495.460438838767,184185.59436425054,168909.72805690626,58252.06618447223,106694.48711210807,-40016.184952689626,56511.821623929354,17090.32904078009,-45357.720230101346,1698.4596767153057,20587.940363282574,-1708.0654838323103,12469.854172033503
301090,104690.07122879017,4838.05599837552,33883.64801592196,39314.13263246126,187162.80230892735,182529.128159634,70948.80892942921,120291.61967959674,-31232.311444513016,68552.93482445681,28831.275681484818,-34511.01675248754,4299.603916026422,23783.08004311196,300.31672037497026,21662.93476618868
301091,94686.52192693297,-5302.60868714227,22799.036452400378,28087.123128389467,185023.8065995337,172057.18591346045,59735.96017277468,109677.06275072647,-40867.87139324997,57417.96090010967,18074.125791009796,-45565.03033340734,16867.902592074806,23329.23985456307,12270.394352414507,12032.126025126297
301092,82281.25812397053,-18672.99013817404,11468.148036078994,17203.34780289058,173265.1459066692,158465.76515701407,47004.205290056336,96095.01001190548,-49935.13528988187,45276.441234859696,6260.531038813785,-56560.24098071057,14572.318491549438,20183.613943417964,10534.116883517454,2546.037742775032
301093,89493.15630840074,-11505.498550707092,19803.26878454905,25741.871912512834,181610.4096421873,165935.51473882596,55276.38392107418,103719.75677410826,-42352.64957874079,53612.477099832045,14285.697483194423,-48106.30512822019,3160.0434149674684,20174.286055930956,-273.3202174066407,10085.969463558657
301094,103945.31218474061,3968.1201523406608,33424.552189715774,38951.89018987449,187484.98341568187,181674.67863424582,70304.53900622533,119513.66775096726,-31473.29118931101,67993.75788130314,28279.433777988408,-34894.270599385236,2491.7391077009615,23340.496922918588,-1345.5982042430242,21369.045478292574
301095,97615.27761339939,-2228.96583211499,25764.989028921445,31042.50554895027,187195.70298935112,175209.87545355305,62890.56334851583,112959.03207171113,-38370.56192730104,60492.431085818105,21060.150518303868,-42626.49469005051,15313.17187913454,23779.320998049327,10728.95617218309,14583.175004372391
301096,83132.51631044842,-17673.625433685207,12051.044771155968,17737.321883919416,173628.15964306978,159470.19357356185,47797.188031895465,97263.9884347798,-49538.07513045918,45987.46239201275,6962.125183820117,-56002.438985825516,16015.689047186248,20573.940111234806,11850.889503922193,3014.215287712691
301097,86966.47794262294,-14105.89699244539,17184.545580417285,23177.247295854533,178910.790447161,163265.22613983153,52544.6226876227,101270.83647496974,-44556.817577172114,50939.30121388593,11700.362732638941,-50669.12459580402,4929.4575401847205,19870.50619947668,1440.6478304503137,7855.137094864611
301098,102425.29528849725,2311.6701902214077,32144.6835173648,37801.864018631895,187757.215177747,180009.30073856318,68819.2437415906,118124.61673482064,-32377.51636589216,66618.50142231272,26933.661090343143,-36063.608071273906,1272.489384991536,22817.305891845706,-2423.2176167641483,20406.98371190579
301099,100335.0652664523,629.0778682293895,28576.362345836245,33881.852624664316,187500.27736176853,178138.03227067855,65856.67453879911,116171.56459683164,-35979.29418860776,63396.68837107539,23877.986694402105,-39824.521284642615,13355.197027715274,24122.725008957183,8816.840627902186,17016.6356042148
301100,84698.76110792876,-15908.916309145345,13367.628613382316,18996.9995469887,174927.10891557165,161250.21910973883,49363.539717712556,99279.59590201855,-48525.195879682564,47455.07197362628,8398.038759776815,-54727.620117773215,17079.357579881496,21078.16622083848,12794.38909707357,4109.55716272859
301101,84860.81390595314,-16230.25476502621,14960.181120829018,20968.269866553346,176309.57022163365,161066.34192038325,50240.91457500847,99266.66937064202,-46499.14333213361,48663.287051778585,9505.242328855384,-52889.6747260929,6855.320116319096,19682.263553430894,3289.409752175609,5897.647975061769
301102,100169.51864824639,-102.60237228671235,30132.16516763477,35893.03566818035,187617.15094479086,177558.78110554777,66534.98909764292,115876.25691367533,-33934.03907931711,64458.14041418228,24828.517566767914,-37994.74724882907,638.1342852933894,22215.0165587273,-2938.610480479068,18777.833385131416
301103,102410.81240983322,2784.6502118844533,30842.48015626212,36170.31647010574,187760.2662497585,180349.79130555986,68164.59456902818,118577.80264725946,-34047.579929795276,65671.77873553797,26081.694735150915,-37585.41830687181,11164.879552188813,24283.51307664712,6717.684263460959,18959.25803234531
301104,86762.77320808463,-13643.732217862915,15232.174588647846,20783.685242731517,177168.26688845677,163544.33039025305,51469.92132014892,101716.84183877076,-47047.37473078238,49452.743584255804,10344.961395136368,-52929.22673416804,17755.579241032527,21644.870777085947,13354.833288512658,5666.4068835723065
301105,83414.28187709244,-17658.118143681688,13356.12518841481,19344.813778997977,174537.99377209984,159575.0308578256,48611.488717759355,97881.10119934472,-47945.355580508025,47027.48309497006,7932.350898918525,-54517.64548249089,8772.932661079036,19633.55134159554,5108.79534030216,4451.6509464831815
301106,97650.97289509984,-2788.135574294586,27807.600992538722,33655.71774729315,187267.36364017334,174826.61512431665,63938.9777727837,113260.8854957146,-35765.09058018905,61978.26167550604,22414.524231977335,-40245.73839731564,479.40439290156587,21619.800689791206,-3004.6493847692614,16873.742343572223
301107,103852.63579678704,4248.228587218713,32515.46347491769,37883.20131977494,187610.0688843241,181860.864734184,69814.51201509852,120214.39949355897,-32583.07718272573,67314.76277626673,27667.781767253568,-35918.81837512982,8853.659668825341,24269.1525077994,4531.713652282539,20414.910594022964
301108,89178.54347174079,-11028.240448863055,17475.84346071408,22950.960602865904,179872.99187537964,166200.0630574489,53963.54273930013,104458.58300724662,-45237.66903037936,51834.25188596484,12662.696840953304,-50750.965809628775,18030.499460717772,22234.801201517235,13534.415387355168,7552.867702458081
301109,82500.42616158357,-18516.614645851987,12229.731969337709,18176.250734100016,173697.39548543736,158664.77951684658,47524.76136271261,97020.41162566411,-49017.61086035616,45906.542205678554,6858.047477119764,-55683.06285666142,10766.437598575527,19708.084654010698,6987.669417422249,3394.738074810954
301110,94962.80480865933,-5635.836847497061,25248.359592468187,31174.77594203325,186804.77406784543,171922.027105149,61128.76033678358,110418.49010399547,-37820.96279507519,59278.01366143524,19789.923824194288,-42732.396419556724,839.4044575099887,21065.496703879726,-2590.9979588617753,14745.115863666251
301111,104599.01069502233,4962.201616467884,33528.25903829026,38962.95985699407,187245.29969286092,182610.45650394427,70741.22261170353,121048.37172607065,-31629.375180800365,68271.059680399,28585.978081770867,-34875.846174253296,6510.673538441948,24092.343037578583,2340.932200812507,21335.35274777836
301112,91834.62081652887,-8187.212230299991,20014.850130741877,25432.323539995818,182505.0794080204,169092.05340966454,56741.82787999812,107406.88857346217,-43145.875634937605,54509.58118363371,15262.500632451782,-48258.772108953504,17745.38371787394,22801.911022881224,13178.975614830095,9710.449326883534
301113,82116.35621630086,-18815.067015910914,11592.576468225197,17485.78042501356,173440.02755945333,158326.9984278561,46986.811091680305,96701.61070596807,-49674.715628283186,45317.974659702464,6298.268854483572,-56353.59821568083,12738.453538229407,19896.275281369704,8833.82183487725,2766.8522008280743
301114,92187.87407326262,-8555.447437733375,22530.68022241436,28520.210587157035,184225.22834192036,168934.7785186802,58189.70594026099,107459.9845859542,-40043.65536020302,56437.86815154789,17031.263281229614,-45385.27132417813,1765.672940913134,20577.343277705884,-1649.061012944361,12454.1242361001
301115,104641.51392111136,4922.371983683727,33862.64406435906,39382.49821902963,187160.06336099695,182594.84935967924,70930.97911882767,121093.66739046757,-31220.585167861336,68524.1997738266,28816.19919980243,-34486.751425314316,4306.13436994172,23774.235269491026,303.0718068464564,21692.24017565244
301116,94732.64002805018,-5120.445987944101,22876.63103277864,28253.024141260692,185168.34732107367,172223.6052110806,59819.76440982289,110581.81017496195,-40771.775152623086,57488.01821148567,18154.27131492788,-45445.817396469174,16820.46061533771,23337.428911396655,12224.860458500112,12138.987493299375
301117,82293.13412105713,-18526.389807324136,11506.621116212096,17335.81702014069,173379.77261905948,158595.14811343222,47048.836811430374,96973.67887567414,-49869.32620503431,45306.91869778329,6301.906710558979,-56480.83530851297,14565.769320384383,20190.597307720785,10525.316387536977,2612.6156395587577
301118,89412.83956279483,-11456.522595594623,19749.725593587584,25783.72591673445,181662.49285116908,165963.87278982752,55220.32034944445,104492.40155043908,-42359.90229724219,53546.09496430928,14234.212963099311,-48114.04130109802,3198.7694489066394,20169.820931685885,-239.57095012338868,10078.07592354453
301119,103892.07571573259,4043.7554940486993,33403.19743160473,39016.709375367944,187469.46354268107,181727.64079637136,70274.80406734002,120266.94076968492,-31454.223903952767,67952.56484355548,28253.33852422648,-34868.9366301939,2496.281992850281,23334.96573200922,-1346.242841913379,21393.380250316266
301120,97715.72310885681,-1991.6919308352794,25893.043042139074,31244.941982066433,187193.6410448614,175425.13248099617,63019.217156181854,113819.15162499895,-38236.10554833118,60602.105906518045,21179.113676992434,-42459.56008482191,15281.370441203535,23800.66496336731,10689.934257965768,14717.564575393228
301121,83207.58284254085,-17465.51849931985,12150.297038190161,17901.62385752783,173790.11858919164,159655.7327916968,47892.34311837383,98029.93649585565,-49436.62650859887,46063.899570692076,7047.278105615424,-55874.25761744012,16044.718029449756,20599.130620234,11875.597274827707,3101.425886894279
301122,86898.79895075414,-14055.556383853933,17152.9499870686,23207.944371459853,178931.54689777392,163290.22023166023,52488.44924976148,101806.74704150458,-44570.72040850951,50867.4686893276,11639.33576054579,-50679.93538672715,4969.487740426598,19866.064201715817,1481.0050761725458,7817.191458201167
301123,102311.10086668035,2302.8827891291894,32079.33006710047,37792.65442993483,187750.72186811708,179976.83356155106,68717.02935611596,118539.50423849355,-32414.213718626772,66504.09704150705,26828.055151047338,-36104.29244184049,1261.869440940918,22795.348658586714,-2433.4233849052034,20346.018565926577
301124,100351.54982410096,750.5003917085605,28635.53067605348,33987.59796472151,187487.41039073913,178240.18209666316,65887.26837459243,116664.17599888323,-35912.97514998654,63411.75263458313,23893.746462575575,-39741.341141226636,13321.491287074557,24124.010094768906,8783.070763922497,17054.693403580386
301125,84742.30621861445,-15763.55810931504,13435.267794693162,19109.457886642263,175070.50999023046,161377.6199232489,49411.9389618198,99747.00446092236,-48445.062514238,47489.483030704214,8430.263080413097,-54631.551021182706,17142.53933587663,21095.52738483868,12843.95297074142,4151.361521845363
301126,84853.52134987389,-16145.089716601016,14975.635636409,21031.034769608683,176377.65644041455,161133.11323483958,50234.6275372733,99630.36387157267,-46452.89328215526,48648.177212757306,9488.71950306023,-52837.3797261767,6888.89699157974,19683.915784489538,3313.8534650115353,5900.36712191307
301127,100152.81068753496,-35.34633712821483,30141.554814596682,35949.12075515224,187624.87010416755,177610.08687031252,66521.94545511265,116187.065185504,-33882.16266857993,64438.5887779465,24805.93166662055,-37937.66122201965,606.9925952457002,22206.715766371097,-2968.9176031979296,18787.17617013806
301128,102452.02543459914,2910.131628283674,30904.23875533986,36273.50000770579,187754.193016152,180461.54986743003,68212.39847979137,118916.11965831947,-33953.37884857712,65712.32290135892,26116.52759702287,-37470.8798752837,11126.06628806566,24287.705378942697,6679.280342075484,19008.440875999557
301129,86779.84242766825,-13543.043263425589,15254.420748154991,20846.77550470484,177302.4375785757,163631.28812619508,51486.803901609266,101999.62321910952,-46985.1365869836,49465.31287206985,10351.337201772689,-52848.944824078404,17819.274157867374,21659.81599385055,13409.352835397138,5674.300819957451
301130,83350.7447994405,-17646.766568594172,13296.334324207137,19331.321197939058,174569.3865568802,159572.85871035006,48542.74399281586,98048.54994732568,-47946.2268109905,46962.41983851537,7860.109032081791,-54510.83211523354,8863.945058179803,19637.52933735103,5186.800186026845,4390.934245502874
301131,97587.8969034488,-2784.6442390067896,27756.28929261145,33655.19219293176,187276.92623675038,174818.43506340828,63874.95217829822,113401.56086362821,-35744.26121308861,61923.65131394643,22351.340034030094,-40218.27572340101,479.5016769884926,21612.95524593463,-3011.366514431018,16831.885350370292
301132,103891.74129776779,4353.264699648699,32567.03522746044,37981.92958150708,187615.22729635832,181957.37734066515,69859.6741144626,120442.45553593783,-32469.407259050124,67370.18662065573,27712.712832960893,-35780.80848444623,8769.618649247492,24274.929329008886,4447.311400348481,20462.71590384771
301133,89235.55583845146,-10905.253807411813,17530.18116448815,23049.03550877153,180029.08981091133,166316.60218150212,54021.99189503406,104688.91873477833,-45122.99291880692,51899.9005336288,12715.237151803702,-50611.23581262209,18030.89703911804,22254.612601286593,13527.934196338003,7597.397226979073
301134,82461.22389229626,-18495.70694471277,12179.769976981632,18170.76371273815,173759.06970038384,158678.22526693135,47477.239755672075,97131.35074291778,-48990.23131700793,45868.85962186794,6806.965408756935,-55647.062755669656,10851.302196135617,19720.349538450613,7068.343074942472,3347.5070097392845
301135,94877.70131800394,-5669.175926552597,25161.743990989376,31134.990033281516,186808.7395547088,171883.37284087064,61038.11756353474,110465.57183230875,-37817.90725688162,59199.90310991447,19698.126537106204,-42728.2081238555,876.590989613641,21061.721087444283,-2554.783127697053,14668.435048078478
301136,104653.60123549904,5071.287477726691,33589.814059482356,39070.104851160024,187252.6111269694,182720.20809646253,70805.74870543368,121234.53741084914,-31502.02389317245,68346.1213419289,28642.02665198893,-34719.85613202751,6415.623682285937,24098.491565078028,2248.7890121213513,21381.66286370291
301137,91971.4886641815,-7989.480975848677,20147.227843485074,25604.369018351506,182714.1170470013,169293.26621294612,56889.93876531428,107675.35882183307,-42964.26051175753,54663.31124647714,15395.614137816583,-48035.70316988443,17719.728846695398,22839.489996041324,13149.610945648012,9813.01456924059
301138,82083.9085113036,-18795.196675088093,11547.14961921145,17481.680341866624,173490.3374748078,158348.39486643532,46951.68160529188,96780.12588417731,-49640.59925172143,45293.08478336093,6258.014309069691,-56305.053872917444,12838.762482116224,19915.34236429644,8920.867531515412,2720.3794801164536
301139,92032.0223511871,-8671.011709266964,22370.344007870834,28406.589710213542,184167.5438814609,168820.38685848002,58028.473442976174,107394.86766666999,-40093.159768552476,56295.77346738811,16876.334880275408,-45439.89421756885,1843.3627250352158,20567.755156686097,-1577.9649673953695,12317.060270085592
301140,104623.96534229832,4946.546817587763,33847.81515295892,39415.52271747549,187162.04866212764,182624.10461572203,70921.73652993888,121169.680400388,-31139.240027135438,68534.36731341822,28808.035111941317,-34388.25610033855,4228.280782224755,23769.62154834203,227.45523804921982,21681.40171285522
301141,94904.21290183949,-4893.021592728672,23034.18350054545,28453.592469954292,185407.91733210642,172459.23497967562,60004.54948695733,110859.92662206772,-40546.36454599125,57689.09591924081,18331.19482692262,-45171.15830980721,16754.379516227382,23378.187936357313,12150.789642428485,12281.08259275652
301142,82343.19114516102,-18421.479909628288,11529.4536548167,17402.48832973465,173476.8045086493,158704.95378113148,47098.880943775046,97120.57801994457,-49760.76598200461,45376.83404510427,6348.557773305813,-56338.48222930888,14618.454062840075,20222.691680507283,10571.802763286321,2643.6841652852427
301143,89289.17163147438,-11536.740658656852,19604.97446281466,25689.935114440155,181607.25909208134,165884.35183135094,55089.906242372344,104446.76412981832,-42390.02708666545,53441.54786352341,14107.838054727856,-48133.86283144071,3267.890500038129,20165.23968987267,-169.48430928241578,9963.02695209782
301144,103808.40183950288,3998.930520713546,33309.52912637566,38977.5405111931,187466.5502354456,181687.74398180324,70194.12730641471,120258.5378598674,-31431.49153244271,67902.40906815563,28179.579831468658,-34829.469789841314,2458.264684120247,23324.32570428194,-1378.773838460119,21321.848054725288
301145,97786.07014657583,-1874.7399178136402,25946.872730902447,31350.07834842368,187195.88446051264,175552.32461204362,63099.95209064601,113975.53414452556,-38089.26015199362,60711.03626873469,21263.321110590827,-42272.263409953106,15238.02518149286,23827.97171521138,10647.120983631266,14777.058457213841
301146,83234.3039882809,-17393.47016287833,12151.40034560314,17952.64720040306,173866.00108888815,159737.00533657137,47921.18588680889,98137.20275327125,-49334.46477682532,46121.277846022276,7080.6912091985005,-55741.58986436864,16086.27060889803,20626.32528485053,11913.274245763774,3127.545085376028
301147,86817.65206238453,-14100.036753731316,17053.359111787893,23160.18862168047,178899.59380970747,163253.1579585581,52404.638883255146,101792.4256349537,-44548.75182612721,50819.961997057995,11571.509490956641,-50640.20833531699,5008.200686069275,19866.14201788488,1515.7200419115934,7764.250531018097
301148,102239.22059113428,2263.047056344897,31996.69908243562,37763.90573670613,187746.86456396984,179945.4269214692,68646.1667605004,118530.01987771242,-32371.80712908425,66473.39510520958,26778.452325251877,-36038.776761747446,1231.8726918156312,22785.215819519442,-2466.456140007302,20308.14209733208
301149,100361.7287062737,796.5573060771064,28629.9348191818,34032.7789969545,187485.45232343892,178297.355550337,65902.13103541674,116741.58113047009,-35809.12014199258,63462.90168057557,23927.484579637825,-39597.6534060303,13300.342296148636,24137.5177755493,8755.802720912263,17082.50312129322
301150,84728.08199176528,-15743.259734753967,13401.03367110686,19124.190591503015,175127.1451007511,161411.3507945038,49400.975151556864,99797.62334383668,-48373.26848266005,47511.027122435524,8436.452234218365,-54521.72137824899,17173.13079863303,21115.007729052573,12873.787199322616,4160.5415834022115
301151,84739.2776848527,-16235.500028378534,14849.111088576317,20957.79803218723,176314.5759577463,161057.93034180015,50121.28542754444,99569.10844355609,-46457.57867583856,48575.16118259603,9401.414558790178,-52815.67070307675,6945.424509066459,19685.987372141277,3366.4806354069997,5835.520843121443
301152,100004.88829869228,-169.6023858513638,29995.9514901152,35863.400129835136,187623.75720744705,177495.25266376062,66380.91740524933,116084.32235675627,-33893.61709409789,64347.61656321368,24700.13943026803,-37924.829201288216,578.9855398555256,22185.73086786909,-2998.1812024769024,18711.435504608846
301153,102419.54083834193,2890.840741421175,30872.761567106143,36300.617247869246,187750.22711202243,180467.24925314623,68192.16628772316,118932.69680163293,-33869.4446525848,65738.03170256029,26125.826530654518,-37343.297268718256,11052.944866393645,24284.730371090955,6604.976013468282,19032.50162071369
301154,86768.30982041304,-13542.195651317345,15230.244272048982,20876.629805716693,177379.15821698442,163659.00732140805,51480.18188260571,102034.86824507969,-46898.546884862,49501.67242639563,10370.730710985124,-52718.08420170138,17826.810295461,21674.93509968696,13418.30200457721,5714.896102624936
301155,83272.6777971045,-17719.66368847213,13204.283378788652,19291.892225602965,174564.93182373268,159526.46752437233,48463.2839590675,98005.49367113328,-47919.422717733556,46928.944251080255,7812.181163601296,-54449.610413740265,8901.192520698429,19644.013943625687,5224.55761509774,4377.716325646782
301156,97487.54410439808,-2885.2359984471786,27653.720443049457,33609.07026827942,187279.5185639737,174747.14550647096,63780.524633123976,113332.20897280364,-35726.96270546561,61875.54061248281,22289.778238871233,-40164.94551610258,435.3268195851579,21602.519180206775,-3050.545188986338,16808.71790981372
301157,103905.11334210774,4371.219337614923,32581.386730278784,38052.4040554926,187612.6913458554,182009.20142655796,69890.89184402682,120497.16803013124,-32356.850824865396,67444.34547493602,27770.565509648342,-35608.876789338814,8674.405956604154,24282.024861393686,4362.323013887971,20537.663730060332
301158,89258.90152462645,-10875.88677908973,17541.56082199096,23111.59257411558,180137.56234939053,166379.89680813224,54056.41963222014,104755.84250528197,-45015.01572300495,51978.48356948604,12778.807718092014,-50441.70458334253,18053.208283530636,22283.151288703957,13552.926291215977,7676.055527978437
301159,82350.88991696452,-18609.094637069014,12056.622601176976,18100.055174038163,173741.75073801435,158596.4437159821,47368.48387746112,97052.36384646157,-48996.962687387946,45809.53700930311,6738.264358677343,-55610.67793273028,10957.941841216252,19732.917783266763,7169.448287673245,3319.986345841602
301160,94703.85958394475,-5856.218318949397,24990.177810186324,31018.42001979951,186725.35026011884,171727.31426308534,60866.89163103624,110312.84359397471,-37858.565272334425,59087.48645121247,19578.028850163366,-42735.06161306886,911.1834506551461,21047.13589254543,-2518.5477321965973,14611.897770886342
301161,104647.61198196793,5055.501145336171,33593.98983685186,39125.56281390167,187253.93918038928,182740.75008478615,70814.8374135393,121258.9891337037,-31392.82395492725,68414.5591683014,28698.41956575423,-34550.30492717188,6310.783241377025,24100.585840412212,2153.4883857570103,21479.722102526197
301162,92073.0600953266,-7889.023228841748,20240.73567952545,25742.586217519965,182886.60601238365,169431.2942293392,57003.04911039275,107813.30693243927,-42780.740688344515,54835.210980311705,15553.216129078031,-47776.29450774831,17680.345512947242,22875.40355222175,13109.388637545802,9993.764084326976
301163,82062.38696350949,-18821.638101757777,11507.15788418617,17484.731682642847,173539.0824186284,158354.44478669117,46927.43873814608,96781.81723273895,-49575.3663008273,45329.16614727009,6284.00654553716,-56182.84881163626,12908.356653617568,19936.122450694464,8992.055177763019,2787.891718312303
301164,91913.16944131875,-8804.283651727135,22241.774535710792,28322.460797945314,184132.43948068056,168718.0782042386,57903.40750767455,107285.55719202402,-40102.97953116911,56234.68147959713,16809.76451722387,-45408.42983577684,1895.9482762723296,20563.712606461617,-1518.6555462944132,12312.169856858745
301165,104603.16590222345,4912.155482235541,33827.81831621146,39435.765470971426,187166.11978729203,182625.08506401777,70904.98330342723,121161.51559060664,-31063.815683985955,68578.66688247237,28844.360216437864,-34253.583497921136,4172.007894531431,23771.916078240065,182.49804616089716,21765.90056160353
301166,94991.24035196833,-4813.793653988437,23116.43965029819,28566.402346087576,185555.30456946453,172575.85920630436,60096.71342969852,110963.97221175261,-40391.464551422294,57840.85195661688,18471.712419515905,-44941.485301234585,16715.603577151327,23409.595819170405,12118.34370544305,12445.279822816241
301167,82364.80175848659,-18409.78699625756,11541.033442400552,17438.168499192972,173546.23404540902,158750.35501494107,47115.04752788883,97147.57573980393,-49673.33991505392,45452.07179825917,6414.624240055253,-56191.01120359595,14648.043410207563,20242.532934040126,10602.28835429181,2740.3538383035184
301168,89222.7730622439,-11619.2077372129,19534.648781661213,25640.730047026926,181605.65129164694,165833.36482209206,55013.16453330573,104370.94686456777,-42373.35561405173,53428.725909336936,14089.089484759948,-48073.025211230364,3294.924222212931,20162.086127348106,-142.10694931019611,9991.251576242234
301169,103779.42626800113,3953.511651052986,33282.81832539693,38969.16111184335,187469.06340339454,181675.09282788125,70159.67604734394,120217.78825432328,-31385.075397979526,67930.22932654797,28199.561279327714,-34729.78419437591,2422.684467198815,23321.753238815727,-1407.856348312428,21383.494802677378
301170,97872.66728959809,-1796.3441574479334,26029.591936600267,31446.14981068981,187199.23748330894,175664.52324899548,63184.6400916156,114055.69979708162,-37957.48052854715,60853.469859858196,21393.975932539113,-42070.59834763607,15196.400149971974,23853.419488642125,10605.03761656686,14922.729123161418
301171,83302.45215140737,-17329.957593449413,12207.87674874616,18023.251716963576,173974.21950700582,159832.51850508276,47984.38909423837,98196.42231371751,-49230.15750693518,46239.3710314522,7188.933786783018,-55572.245016915185,16103.703407778152,20656.772962299525,11922.478886777702,3244.062236852371
301172,86782.17385022077,-14146.866829461422,17010.59112118221,23133.811420184953,178902.63801381233,163235.43935180595,52360.26377901883,101735.82392814377,-44534.324557846645,50830.643101835616,11575.095356294545,-50576.24819453919,5052.587123989018,19879.235705807252,1559.2062004396143,7792.237248414811
301173,102177.20551093182,2182.6368696104937,31938.625872341574,37720.65571397092,187745.37955925334,179894.6131076358,68578.04504695741,118438.58922262977,-32371.81592244241,66463.231408445,26761.69889772033,-35991.40704053314,1215.0913019329237,22782.984726148326,-2471.627364535182,20325.093602236084
301174,100431.84874794149,856.2439446324399,28703.011668028972,34115.49737895102,187487.76503789704,178388.4189672863,65973.36422994302,116790.5008183141,-35705.43846841766,63588.83431086391,24042.346686251498,-39425.95803177977,13235.30794917316,24158.903457191118,8700.869350261355,17201.121501746984
301175,84796.71650078686,-15679.61475555276,13460.875154918529,19189.991091788463,175245.88168861967,161503.81276716106,49463.13863409488,99845.33080245726,-48281.18939410256,47628.90939000303,8542.528278137295,-54368.39408096915,17189.883021319412,21148.116511820856,12893.973785793574,4260.9844050466
301176,84728.81741700735,-16254.903951852202,14832.396938406315,20947.205606527416,176333.83881224974,161063.4216857469,50097.60154613466,99526.81368213629,-46436.38363618033,48605.707347187774,9423.57035546441,-52747.905455325905,6969.942715879571,19698.21555153008,3392.519389835511,5865.083790674306
301177,99998.37412239883,-189.3890002092961,29989.525081311996,35862.43636493755,187620.76246207737,177499.70927497113,66361.3450804373,116040.82443953789,-33861.424981159915,64383.6530702419,24727.400136567696,-37847.4814609646,537.6547095738241,22189.978449640534,-3033.4783398643817,18753.44220573931
301178,102525.83183508532,2992.3350667547256,30974.532565226837,36405.035717708175,187748.79708513903,180593.87692904577,68290.35595471923,119010.72994513836,-33751.641282232,65891.29077195933,26265.508539516184,-37160.15531362611,10977.423063341615,24312.360021841894,6537.356287090478,19158.86452852764
301179,86867.98005040201,-13441.272113009467,15312.031728113468,20958.789993907994,177522.6935874715,163783.39217293484,51565.87671489829,102109.60473586043,-46802.170666062564,49644.02644688747,10499.751835785399,-52557.784690936445,17865.186514159017,21716.208024959662,13448.061792703178,5814.620465492288
301180,83253.26589076154,-17741.205090613763,13170.504863445398,19259.451035569724,174574.93386704093,159524.2335748042,48424.59842999572,97953.47144520121,-47926.711047556375,46947.32586024276,7820.922952390328,-54411.367760123845,8987.279104026593,19660.45238420086,5305.926688850483,4371.3849601984475
301181,97422.20354439742,-2962.369699116998,27587.909445367284,33547.2760902751,187279.08082975663,174688.90766023454,63697.18222827466,113225.50590119469,-35753.76089738024,61856.9387001342,22261.537876716302,-40156.944351906044,470.5151105860543,21600.558032091107,-3013.803883249061,16782.919185851708
301182,103933.29897280922,4387.515429084419,32614.121098050797,38088.115432575796,187609.4956787511,182047.8594846974,69907.06891601376,120485.68084117082,-32300.972739089302,67526.6506252307,27837.581080993416,-35505.27228370479,8614.813995337272,24288.171740350605,4302.552075601342,20594.762480621775
301183,89313.27289485466,-10828.745718473285,17592.145205498222,23162.613460641325,180218.91267234227,166450.55962878716,54098.34518054049,104771.6352095939,-44948.555865972114,52084.68090457562,12868.168721974287,-50324.733041798456,18039.848415398377,22304.75481464054,13533.31343366802,7743.128904775147
301184,82336.30390818154,-18633.42567985105,12035.106524796232,18078.959203213417,173755.3103269033,158593.1799625571,47335.01546342744,96990.2823662458,-48995.92897528687,45840.753823045816,6756.120804980544,-55570.03445246522,11001.059883874394,19744.721918134557,7207.738759018798,3318.8281620349453
301185,94643.50564936365,-5932.421919372357,24928.784079797562,30959.549649163204,186680.90405856527,171672.97448610523,60788.83199030289,110197.01431431966,-37887.64162068119,59079.38713500762,19557.697414826507,-42729.53108430693,938.9454947849887,21050.512353245624,-2487.1300518985818,14576.234321510465
301186,104614.55886193913,5001.5818382078805,33568.24751670042,39104.83556672532,187253.00531271193,182713.29708093771,70772.56557079026,121171.14255338558,-31395.46622127682,68440.30186539878,28710.23609543707,-34508.736992594815,6279.690764606986,24104.69205106237,2128.335602843841,21467.652013575673
301187,92061.11166486188,-7926.3466167783245,20238.061534260243,25743.95529159232,182892.19503975828,169425.57456216757,56985.77450845302,107746.49170060227,-42770.58161989577,54880.952862076156,15583.490311707463,-47720.2936059114,17679.24994950407,22890.253403409584,13103.877639991568,9992.107910829754
301188,81978.54628570011,-18939.125061050305,11434.858328109936,17416.3473753308,173485.3430153345,158268.71959082037,46832.89652120303,96632.42292567276,-49627.37181762141,45299.29630942909,6241.570448454663,-56203.145601906785,12962.73180413142,19943.201508061495,9036.409814246792,2722.5955261563076
301189,91764.43438375692,-8996.756703072784,22113.442430942338,28200.50514406216,184027.42525030553,168556.6268011412,57742.905156952496,107060.73823568327,-40200.3375625584,56144.59901395103,16707.129882596535,-45482.24965356446,1931.8633169028635,20552.53347071788,-1488.8964987882418,12200.918498102372
301190,104529.01252484061,4788.898351923232,33779.00863507822,39395.81125080949,187168.85267675522,182538.53473201225,70826.458468293,121013.48775211541,-31088.487069713945,68574.703594944,28823.224512805857,-34242.120193484545,4128.572995512045,23767.56337378353,135.06666008823947,21726.84046892424
301191,95019.03241384302,-4833.308336079554,23160.5295067401,28619.701891098393,185610.04770197158,172598.16597283402,60122.919918706284,110925.36471357493,-40338.506196741466,57940.45484833073,18549.841212948162,-44840.062959165734,16681.067451693994,23432.181902265478,12077.905261378788,12487.169586244043
301192,82324.68180826056,-18502.942546088547,11509.269399983676,17417.993419454855,173527.82959328702,158698.7203233625,47066.7823979055,97035.42936723464,-49683.3415742115,45481.63476019004,6424.744910136365,-56163.78487721035,14692.316875579178,20263.197168291976,10642.166883070668,2722.3825838387124
301193,89057.55096233124,-11850.354053152336,19383.613570302216,25506.602050521953,181478.12209574255,165642.39354164733,54836.07704327144,104122.64268664618,-42479.83519925714,53335.49856517565,13978.574083402895,-48162.730734938465,3363.2555447979403,20157.833702245327,-73.73386052170576,9873.18298731016
301194,103626.89172352626,3727.335732107357,33157.44866690117,38863.42883018327,187471.89601168566,181493.79692483376,70005.92899157564,119982.91243937374,-31465.57428588762,67865.33171013392,28112.730781710354,-34788.56552761721,2402.1495804001675,23306.47775146768,-1421.8023268469992,21289.1234083437
301195,97854.0396416632,-1887.0036569938047,26035.83662376202,31467.065351234312,187202.04437456062,175624.28378495155,63173.19107897609,113967.32973812165,-37933.84938532562,60927.000955016294,21438.807332888668,-42003.06321720968,15151.500093015056,23864.790178628195,10565.501077585734,14939.924566573163
301196,83234.8786977847,-17475.221644675978,12154.258165414056,17980.805818148205,173939.09329443052,159735.1465527202,47913.65444479324,98056.05156286963,-49253.25073348619,46260.41555468844,7182.632237286185,-55562.004600266635,16152.209172947782,20672.406320241622,11973.41841415118,3219.785497846186
301197,86590.76692155117,-14426.894106171601,16842.84124933225,22974.471024651637,178743.99111820513,163000.74995515557,52147.45792732056,101459.8086805011,-44645.20328221237,50733.58070041502,11453.902950951984,-50675.43119181486,5110.732138818633,19865.601668750056,1615.3392139413654,7676.386874380503
301198,102025.21032722376,1941.093467263161,31834.39542336808,37614.63898611252,187743.8726045795,179704.1901542268,68389.76136765744,118208.4281643444,-32431.123801016103,66418.19015860316,26687.307766750742,-36035.03580667355,1157.6294034171258,22758.919801508735,-2522.3842140938477,20258.292661628868
301199,100472.73706336434,819.853472975118,28793.329180863308,34188.605584807985,187490.57751295646,178411.6952883156,65964.80743963772,116774.08610195725,-35614.11687095187,63741.00502322659,24158.582501886835,-39287.9487281342,13142.949368546018,24175.497242587015,8610.340316461608,17295.760670467356
301200,84824.21246374221,-15723.014695496773,13528.169973512044,19228.238713369385,175337.6106167276,161521.0415949315,49413.96160957647,99820.93708505637,-48220.643290096705,47759.8139333468,8638.40160827851,-54265.169708477566,17236.540019962635,21181.836147782833,12929.288063116923,4335.421923720922
301201,84605.19089741711,-16450.721181187408,14760.128332733073,20844.21566640051,176265.67081378307,160924.36218299315,49878.94633595952,99345.38544881612,-46498.45751275122,48588.84720618128,9376.439522980952,-52789.34224472713,7054.430936344486,19706.197915266785,3474.0647095459553,5816.23039685454
301202,99846.31135466468,-412.6871872894829,29914.059531272764,35755.276371571745,187616.27329568146,177335.753074479,66117.3495688916,115834.58922278095,-33926.63726624083,64354.04570480594,24666.071971392856,-37896.02621738005,510.59751456462914,22174.117192807957,-3048.7079340234727,18699.2083366532
301203,102536.78866330323,2944.927901800296,31067.333079271004,36457.58858765879,187746.44922894533,180611.82300392172,68216.69096367809,118986.08609771763,-33683.78386441349,66031.26997198058,26370.05489227239,-37048.67090030956,10880.579871241029,24323.211808302287,6447.386590580253,19246.1314643875
301204,86893.28012554653,-13463.645130518047,15405.999277933654,21002.973538528633,177643.56944111447,163824.9972053168,51493.98815143097,102106.10397990233,-46741.62500988417,49787.55787733308,10611.767541868914,-52454.55794115544,17887.7724575016,21748.451593727157,13467.90063983644,5907.4337887572365
301205,83143.17387060545,-17901.075942367574,13131.28671319363,19170.762733227977,174549.73072364088,159424.9848832644,48202.55098827966,97804.11365134134,-47980.752669452515,46951.656803954764,7800.479805671009,-54443.849333887425,9065.662243117307,19668.79892003635,5383.041270733049,4349.730733405004
301206,97277.05260327106,-3158.3691042616224,27528.750744767385,33441.27493345523,187278.342979685,174554.92464174383,63442.89684065007,113038.62242215752,-35816.55494069173,61837.98991988527,22216.97687444093,-40205.22728785899,455.7886289807228,21586.348596929696,-3020.4764758116908,16749.843416844604
301207,103951.58161363608,4366.508277691253,32721.382262775707,38145.66256522869,187603.47911062845,182092.80382500103,69827.95701880293,120477.98946638135,-32229.08265092271,67680.22843673753,27959.269133931673,-35389.38651730111,8501.7981584573,24298.316354149043,4198.907086646817,20704.38068348615
301208,89374.96571591034,-10796.43366876617,17726.78549723936,23242.37560736861,180379.36955670675,166548.63776410863,54053.52992463145,104812.84407603159,-44863.94517045605,52272.56136267197,13024.06266057393,-50189.338609193204,18049.988416651642,22345.23566054261,13538.879238872927,7877.359604686535
301209,82234.28208774194,-18768.302935209544,12007.211847856526,17993.585763341405,173751.98665832417,158518.84861000633,47111.19820375423,96853.44392876023,-49053.69696385193,45858.63864878273,6746.470523017339,-55601.54967334845,11092.593146489027,19759.274053499103,7292.706398356221,3308.74546118864
301210,94460.18130936398,-6155.825926733402,24837.283405079223,30810.473683418735,186599.55216223747,171508.0822232191,60483.20980436711,109968.53410223391,-37996.741811911335,59020.053160419106,19470.3679735706,-42827.82365153456,951.3001114779585,21033.806312986373,-2474.7210585313023,14511.144715626635
301211,104573.26389949354,4927.7024190999455,33627.51162200001,39101.21511178457,187251.40632828156,182700.49013842767,70620.86044171348,121094.52103167935,-31377.904342275648,68532.11366020155,28766.4223649304,-34460.645921294854,6179.265407917918,24102.842895475056,2030.3442489797603,21533.9689502038
301212,92111.73525163872,-7896.002271848189,20375.16787339691,25811.45208658038,183033.83396853955,169516.1499012923,56922.30033232254,107770.91043601645,-42690.83538890543,55062.18985710686,15726.33343436592,-47597.47014207096,17642.607621022675,22918.911019749823,13065.65485849357,10128.964728063851
301213,81956.76045202365,-18976.758155109368,11492.038136934856,17402.046536137772,173555.67965286085,158287.0241104639,46686.36945269425,96580.64073342508,-49615.2061406718,45403.180549904704,6308.524608722622,-56160.22719392414,12987.262323611252,19961.279481979735,9060.286332854674,2792.7693551249645
301214,91695.40944698287,-9079.53885731308,22125.226968581792,28140.691588538364,184059.46549117955,168527.97046976606,57546.296635465034,106959.59346360412,-40223.54293630273,56200.80188031494,16727.335260447046,-45483.69454641022,1939.1030065119812,20558.288525964443,-1478.2463632476629,12233.732992890875
301215,104483.47641020616,4734.82682667585,33819.28326161843,39361.72736973695,187175.01522773932,182539.39268610216,70659.29615056768,120941.25939661569,-31092.397694873016,68656.69594788615,28867.057240984337,-34217.31916449542,4096.178949595837,23772.389629412603,112.73178318620705,21783.59887190179
301216,95008.89497669044,-4846.043648334268,23234.79168315199,28618.3437125264,185687.91053377732,172639.97149423131,59992.44586885776,110893.09533318444,-40320.880708603625,58053.88402245789,18624.87161363035,-44786.45019906963,16655.834812395617,23444.158420253116,12054.89138854921,12568.623089526496
301217,82297.20964262667,-18528.304467085953,11563.358617976333,17398.386067393505,173579.52990989457,158725.37741591033,46913.7161184999,96984.2891841147,-49682.36294278707,45571.84992486106,6479.353523830299,-56134.63436997442,14703.879269583118,20276.812367731312,10646.05506681501,2784.7272902989894
301218,88990.69711325312,-11911.908120863669,19402.380720274774,25452.6932303108,181502.2809305091,165629.9198725564,54641.47993346012,104028.66084799994,-42508.23393860149,53387.71555412149,13997.388687212877,-48167.27793001685,3384.458081907573,20165.95234831433,-61.4486786220524,9907.444263193378
301219,103571.19075728435,3679.660009699534,33191.561165143525,38822.848555977005,187478.94093793194,181494.40558464822,69824.91532692537,119901.87388756056,-31480.076636914837,67931.09855359505,28144.940113760098,-34775.4794592548,2396.1890369620914,23311.929184547156,-1435.842483552674,21343.58453324798
301220,97836.84166190439,-1891.149027017425,26107.104868473354,31462.078149388926,187207.87672535155,175669.0514854018,63032.26695824025,113927.4864976281,-37918.70715516808,61031.346742795286,21507.84761446048,-41954.47423100766,15138.525202637704,23879.663939393264,10547.802761365849,15024.766290377625
301221,83219.27649737711,-17473.57299584109,12227.410814348632,17977.018216475615,174004.6985018127,159785.4724706575,47773.20428827789,98014.5845116492,-49241.9571674122,46362.44282191807,7250.319338454568,-55521.093666750974,16157.021990732077,20687.28041387303,11971.434743795035,3293.764027420095
301222,86551.0994066645,-14447.970619600213,16888.974994167413,22950.474109738057,178780.59146499904,163027.23377515152,51993.70382685788,101389.76201020229,-44655.71066875165,50811.59005639066,11498.620975125503,-50663.16133577467,5129.33517581531,19878.82304900119,1628.243817916455,7724.68354068679
301223,101950.57892478688,1879.8234765313596,31834.71779163823,37559.82724441583,187742.92799345526,179688.5912040976,68225.54048644623,118097.45304759919,-32470.95908265617,66462.89479332307,26697.840112775804,-36056.88687538981,1186.7175361348332,22768.346240395862,-2494.5842457348326,20280.04512198134
301224,100356.4391348161,708.6646377882557,28744.312312254733,34097.37322937994,187498.17424986442,178342.9873713159,65779.47183965234,116614.02016684583,-35687.18252948369,63741.02791808742,24124.699827125212,-39350.46127306705,13184.807762462884,24181.626173705787,8658.02722924584,17280.602226219253
301225,84725.29519397042,-15823.92967529053,13490.33240595142,19158.52374426319,175324.29802682175,161461.0810636148,49264.1607055396,99672.39156006229,-48274.49471681431,47776.10947586638,8620.594684132608,-54308.82529330552,17248.070456499878,21185.861588947526,12941.765871084255,4330.252130937131
301226,84542.83415793013,-16522.208328410383,14748.99168470589,20805.910122262754,176269.08277919705,160893.0188761335,49776.75869167212,99228.12583824052,-46521.12597082315,48639.58650731918,9391.763667352237,-52798.93382967012,7056.525675661905,19714.108578286563,3476.386036910865,5838.991380671641
301227,99782.399435545,-493.7764594271594,29892.21943494823,35708.08081627678,187608.18458699272,177291.7515419291,66019.52069243578,115710.19637674445,-33955.3987019711,64398.64770873961,24674.670477407137,-37910.0795215953,530.4305539936046,22181.15802232505,-3037.345446733659,18720.474481545876
301228,102473.30183242957,2857.8338863124245,31037.232430423122,36407.60048475076,187746.18701391038,180558.49383245583,68123.48074535778,118857.37135899835,-33712.384470236626,66076.02603973323,26376.432258169174,-37063.88186311038,10902.575612592029,24332.060183628982,6462.914080500532,19265.373180018174
301229,86827.33046412404,-13560.192888206697,15367.429490421304,20949.24474324844,177644.93518672942,163760.6406910328,51401.528862626146,101957.63670836377,-46776.51168504069,49825.44751918287,10608.897484432771,-52480.363621201635,17914.040249342976,21759.306772301876,13497.543669906634,5908.6253346479625
301230,83053.75277792301,-18029.59717594463,13067.426809953475,19092.6003242034,174517.53229432998,159325.7839304695,48087.145466959984,97592.41382808576,-48040.49905334771,46961.07998331843,7767.886590196613,-54498.86593909425,9103.426821087995,19679.28542295802,5425.166641624326,4318.992287552894
301231,97159.80076708324,-3326.001937487219,27440.87067134997,33336.86452576158,187273.17717274325,174415.0974320048,63301.07185902475,112762.18735926908,-35896.518598523064,61821.06688399344,22157.04793879621,-40282.214491901206,480.4398469855414,21590.69251956961,-2995.6708158866822,16699.75885774919
301232,103858.8227933314,4215.845898526358,32661.87204810313,38066.01001619452,187595.43048614488,181971.13530331192,69716.30723870907,120203.19708657918,-32283.60669502066,67689.25005841223,27923.366680950756,-35438.66978634186,8507.783596083844,24303.912039489045,4203.803540066653,20678.93777260496
301233,89304.01836282239,-10929.260405242023,17684.951487897102,23176.8640460186,180349.90591217054,166444.1190571696,53964.65621419957,104536.32458936074,-44901.48489124822,52301.129416105156,13006.179528009237,-50223.05812889891,18058.04917263911,22353.42504088611,13548.801485423672,7861.992740494325
301234,82162.65912536293,-18906.660614019434,11957.113585138664,17921.76452128434,173722.478242721,158407.1891157995,47018.60201102499,96550.7476903135,-49096.059772766675,45883.12111267796,6724.636655504874,-55644.62504448257,11123.728211236117,19765.53064598132,7316.546084642591,3286.940492922597
301235,94389.84626638134,-6294.903365320573,24783.610605097227,30738.555275186085,186561.67816161015,171394.85789305653,60392.84350891018,109652.69815543687,-38033.3427322599,59048.96440330047,19453.238060389725,-42866.50268298568,991.9003357485315,21041.396387697394,-2445.824783140466,14497.916786050278
301236,104517.24426741965,4800.950039839962,33583.10927001635,39040.576160583965,187245.56271438455,182600.2882523862,70547.29896012752,120786.47942065724,-31403.38113088008,68576.41591271987,28763.40926017575,-34482.86117538761,6182.004923115877,24106.79614531334,2028.1987756880135,21533.980256623505
301237,92076.48941065499,-8003.133000531621,20346.116620152858,25768.102302362364,183005.73417757265,169435.2416535182,56870.312416318724,107475.06014483883,-42707.63422869729,55123.05838977983,15739.489068526385,-47605.05995543536,17632.91348296662,22926.37517208856,13055.643442841896,10134.926039254968
301238,81878.02031495777,-19132.680499019887,11414.85691108528,17313.789965237316,173488.1860199471,158154.55494668742,46586.40643071829,96223.66012078317,-49674.59549310022,45415.42968973207,6276.65717977601,-56216.046528876606,13019.36656851896,19966.738890488567,9091.676557675986,2751.1270797545826
301239,91550.08790448477,-9310.870646733745,21987.35820839346,27994.081072019664,183934.54609621252,168319.12017446628,57378.72532915063,106520.84783929732,-40330.11963789076,56149.70937793475,16634.199642091797,-45595.79546454089,1983.4411809547105,20551.2615745098,-1433.6290588303182,12142.15114226053
301240,104385.72026659409,4549.084435567636,33735.10763865548,39269.0924374193,187178.9009516188,182376.32776754815,70546.73984646826,120550.15123690973,-31146.39696570313,68660.5754682521,28826.085644345294,-34270.202567149885,4072.0140670190585,23764.99996115669,87.23455578981668,21742.887485797353
301241,95012.08480452583,-4925.549874962713,23242.87458600519,28615.437865262622,185694.38569048647,172583.64496126777,59984.252327454145,110608.80519662364,-40296.32085424834,58157.742354822476,18680.68060822729,-44747.300223809914,16628.494141491676,23459.368933568414,12027.696033348306,12607.674307993291
301242,82245.89791958634,-18664.227968333944,11509.895814792915,17330.808773697536,173516.8488761502,158609.8206975846,46844.225208455406,96635.52931488986,-49713.93126545829,45613.42278328187,6475.199321800172,-56158.652238504554,14743.373860232425,20287.493725654174,10689.76840097552,2766.1332136683823
301243,88848.90107140533,-12146.500631213725,19261.317887627618,25298.497242516194,181352.07651526533,165412.83673553675,54476.53108481011,103576.49067362075,-42610.025166277206,53334.67532178984,13902.22004284315,-48276.796588791076,3432.8626578592557,20156.841771917036,-9.577536351122944,9810.891717639599
301244,103462.96071908934,3477.2683292307293,33090.293668970364,38711.2041858211,187487.2695188867,181312.30902647972,69700.76194947396,119487.83110111032,-31538.012325068274,67920.91267432181,28090.782999526746,-34835.95093356682,2364.8121345398667,23300.03435762008,-1459.6598380348728,21286.7835170911
301245,97843.4137724533,-1969.2761387960104,26114.011289206257,31458.756893855345,187211.63569869922,175613.18293807638,63030.65611149131,113641.78201040806,-37885.60502720899,61138.74672263218,21569.41105595154,-41903.22717417782,15103.79144996823,23893.653590035396,10514.24281581108,15063.953196855005
301246,83175.90815076097,-17600.91234211631,12173.729047796343,17914.568999049217,173943.30267805338,159677.17874179792,47713.60425700474,97674.56960701667,-49258.3920356162,46412.95251664943,7256.835591906684,-55527.0601464126,16216.141656389076,20703.79188555996,12024.287330330262,3285.3281552198546
301247,86397.05164516582,-14696.178828130252,16727.55670433607,22785.16112799725,178601.51759674854,162794.41304970317,51816.38977975422,100927.792276311,-44754.06614987283,50751.34139032874,11397.207554301227,-50766.86170678239,5207.102587378505,19873.390587523303,1699.2719628351585,7630.057719153569
301248,101823.18844332336,1654.3023072978654,31705.59138207729,37433.7918912302,187743.96767900215,179479.94205433014,68083.11085384684,117670.80175409527,-32525.866003195137,66438.95742839918,26631.418286261753,-36111.763876219185,1148.8541468604594,22753.5081730808,-2524.6840711868713,20227.118138280766
301249,100421.50511407948,689.717148497728,28793.308721780122,34150.557970208145,187506.59804432042,178343.02271211264,65839.14506088209,116405.70516714803,-35590.22203674368,63910.559394722804,24245.83293536267,-39221.3314126825,13098.46455456389,24197.848415331948,8576.089406784205,17387.617034199648
301250,84778.22706920291,-15846.450461017637,13504.206243563583,19178.233109845816,175355.92951277446,161454.37365870588,49301.332056567975,99458.93510917861,-48206.47421906676,47924.0959457423,8721.784873542125,-54209.16835698219,17294.25742821746,21217.86551172812,12983.831493644202,4415.246032779153
301251,84477.10566146552,-16665.05572852079,14645.09835353111,20712.307964439202,176164.99169594952,160763.18012399017,49689.57451256647,98891.28895913092,-46553.39636755272,48662.710513316815,9373.991657645065,-52817.289783168686,7133.399370182484,19723.287136611354,3550.433081844921,5817.317840282475
301252,99677.30008251406,-677.3466484986814,29759.829548071702,35590.73199480907,187599.68363415587,177122.39325928251,65899.66885116367,115338.10430377636,-33999.858236737025,64390.303756010006,24626.956247439666,-37946.4469557525,549.5490702748444,22177.49474364537,-3008.4645208229153,18678.098251486528
301253,102425.60374154308,2735.1109621621285,30968.353122285866,36353.31321933162,187746.7764083413,180454.49091162084,68069.49102046742,118556.27157083814,-33706.22425743944,66126.85496912195,26385.52959291423,-37036.20042531719,10879.021729386943,24334.47720126016,6449.922615641761,19278.11743267093
301254,86805.20601251206,-13652.071849629267,15318.642980954202,20916.054706670497,177615.69474631187,163688.0371713176,51371.32844747157,101700.18507004183,-46746.72336628803,49904.14619838329,10646.493083238736,-52426.14812956973,17933.659966604195,21773.321263636455,13516.627320500182,5950.433746431728
301255,83002.96154585318,-18148.544646753664,12987.91081460571,19031.0796869912,174454.95394226207,159224.7318285975,48025.66360007312,97337.90631260732,-48030.57470211788,47007.435456716354,7776.337988958883,-54473.107680720976,9154.248056587772,19687.778858058457,5471.3795213414905,4337.448702040256
301256,97090.54297028872,-3461.261663035476,27345.88017615932,33262.92557236724,187266.88248554245,174298.1914708824,63223.78753761131,112524.19213995196,-35890.52350946782,61852.44570984648,22151.40076598963,-40263.298582964766,498.34250071141787,21588.758923083187,-2978.487123868619,16712.27039245839
301257,103862.37117997847,4162.566870962799,32637.457348144708,38065.31651539437,187585.8494786009,181938.23592425292,69718.4926024164,120074.78547494416,-32218.442557824623,67793.55827622501,27988.94388364644,-35344.962135112415,8462.583401785976,24308.909568999465,4161.943066267185,20756.797506952775
301258,89344.21633143282,-10937.671242797762,17685.95705715134,23205.306554499235,180381.03730672083,166455.81272071693,54001.72469834919,104475.21890908288,-44816.195760312636,52434.10834972041,13101.141917112769,-50102.886616544834,18064.812950587606,22374.143629420036,13553.734586260789,7964.351345715178
301259,82110.9165738173,-19006.595217163536,11863.406135108698,17861.151441812774,173671.47157311765,158323.79017000753,46958.59545539154,96413.06538612302,-49089.806614941204,45917.62170871889,6725.375590650363,-55615.916863758044,11189.191273830276,19777.839879340732,7387.288606468032,3304.5496128212408
301260,94259.17981064925,-6478.447873538935,24622.919294413914,30615.67668401869,186436.4929232255,171226.30287804728,60256.58658067743,109446.81387805365,-38078.900299899164,59008.17099494326,19380.87079973743,-42900.16276692586,1023.6408648583902,21033.55518378446,-2403.0300295841585,14458.821438665653
301261,104511.9120846656,4749.085545740272,33555.463030470746,39051.650429096066,187238.67121452515,182564.97713258606,70548.31867933951,120730.35721583958,-31335.998256236217,68667.13426993083,28818.62523954769,-34384.495673565594,6105.155568568198,24111.382704788106,1970.2630137730362,21610.9656572072
301262,92173.14692132172,-7938.799790599827,20406.132161453614,25864.323481761166,183092.99830362876,169515.55499770326,56972.249985268776,107545.75114512834,-42567.90883545701,55307.74423225097,15888.006237709444,-47421.259205233364,17612.566928681455,22961.954393839915,13045.287799609203,10287.846672599928
301263,81864.84549429256,-19177.59997735254,11357.153132630174,17291.709886494453,173467.70621356208,158121.5841916611,46566.36863775982,96189.87189943786,-49633.158369925586,45479.81452362928,6309.383188259755,-56149.24423150767,13097.355071517637,19988.926736449328,9169.001482630849,2800.2480352235402
301264,91429.49293378755,-9470.065602440387,21832.265619035898,27876.89110646529,183823.08167181653,168169.3189536698,57248.40982868937,106377.03542064155,-40365.04315032382,56105.51767026576,16562.249414612623,-45623.32230315148,2045.1518662050198,20546.916978983063,-1372.7777465067124,12110.677412315712
301265,104364.25988788297,4493.453816625797,33690.70144620545,39262.207537166236,187184.48655780207,182334.19835544878,70529.1943343142,120520.73427840957,-31088.13754150405,68723.2424417277,28856.922357278338,-34188.39480428101,3995.9939884770465,23761.722007438188,22.70401207467637,21807.488086702026
301266,95111.13503664166,-4847.460486058692,23310.33038751029,28714.934755094524,185800.16428657706,172676.65332674186,60092.400601095855,110719.03136601337,-40152.79277457387,58337.525897141735,18826.88510010415,-44558.416782172884,16600.159183381926,23494.324506590696,12000.529732511553,12760.847653578821
301267,82226.15583001298,-18708.363703956413,11451.065493232594,17305.02588127353,173486.85277477917,158576.8177415912,46821.48194699712,96622.56114466615,-49676.62056795198,45663.33721054813,6497.426985942903,-56095.25964451903,14833.759676589794,20313.564951617358,10772.414758707118,2804.297233139461
301268,88702.70986171282,-12327.586481153474,19090.056364178974,25164.775444401897,181214.09604444526,165240.23058538558,54324.372943237475,103426.54632715472,-42660.81629716313,53258.866393877855,13802.936327051988,-48324.192390403055,3514.212805147872,20155.516408123516,69.73235406947111,9754.526966979389
301269,103388.86010769405,3367.400213867737,33005.024624067584,38663.18511786967,187497.52665835127,181211.58075078868,69632.13350915216,119414.78807080054,-31513.855637019755,67920.36821229212,28062.94599932387,-34801.09151340564,2315.640319363264,23294.304240297155,-1498.909513975717,21308.390195646596
301270,97942.06901817737,-1895.474242185131,26190.956480628367,31565.093472433782,187217.07339303926,175698.3480727396,63138.79597399338,113757.53323140764,-37727.89403433241,61304.823355242625,21702.892117957952,-41709.01662063295,15035.720924702062,23921.94553803034,10452.470939618423,15219.864650611858
301271,83239.99327917365,-17559.066496447012,12198.03508969031,17965.34485691952,174007.107711019,159732.35669411454,47776.21573983316,97757.86362340747,-49145.06890590005,46529.50866126533,7343.396394960496,-55382.32579989688,16255.339724803405,20737.315168024485,12066.710773550882,3391.619867220206
301272,86354.61635724353,-14764.987909488813,16648.30450158458,22733.03006739872,178551.95369813556,162740.17395592615,51767.809805484714,100896.22196992296,-44730.28007694635,50754.094059844225,11374.45702093564,-50725.70142222487,5252.378508890433,19882.51166538218,1752.6407066144893,7642.508146770294
301273,101781.06011097755,1585.3385023458013,31641.25007707028,37390.268038922164,187744.26628863678,179427.86528438615,68040.01459164068,117634.97859792008,-32491.97956047725,66444.74931756547,26611.881437333304,-36060.21280067696,1128.5338059112153,22749.38187205734,-2542.6678768331412,20250.450179293293
301274,100475.15250332194,723.2785226554277,28828.049559976287,34197.79341064963,187516.12781511917,178397.65656807978,65898.52488545542,116469.54332544521,-35481.13802253723,64013.06036364006,24321.411980034307,-39077.099928070995,13055.411078364836,24213.922523359666,8530.42507998925,17485.469174301594
301275,84799.92204490639,-15844.342502343534,13501.473209849686,19181.412712276422,175393.26995149656,161478.4826159675,49323.21136525585,99484.57441042658,-48131.96634992225,47985.39328252391,8759.879528887634,-54106.380296632386,17337.75071488881,21238.227735253946,13026.047530431619,4469.296603312078
301276,84389.04143202779,-16780.271831717528,14537.439436167315,20611.312706597033,176076.7063803072,160666.9734605488,49594.776168338874,98789.95072048272,-46566.75883784162,48609.14815140985,9301.102793659089,-52818.05837349944,7211.061910798975,19727.183973501844,3629.329891645839,5778.209223707884
301277,99584.40005690395,-803.5142150699722,29659.991089252784,35499.17443226592,187590.14917712024,177017.65807301187,65803.72579673116,115224.60371097806,-33998.81988824965,64339.89660291249,24554.970281698676,-37936.24842725447,528.3637101746194,22164.399456161107,-3021.7145165013676,18655.387949066484
301278,102522.64736138092,2809.9170147698574,31054.39803926683,36442.053683182254,187746.1178854711,180554.71514103992,68173.57500430981,118645.52711108144,-33548.32859325175,66271.33786645556,26502.662851727317,-36840.76019164958,10775.35205927549,24353.52224264916,6356.33200310664,19413.82867379273
301279,86925.82148315728,-13547.098349441661,15408.899901871253,21000.721928441904,177747.4529913048,163819.23943233618,51489.86117193091,101815.01479649579,-46599.4292761625,50051.279877691486,10766.243954291755,-52236.91333863685,17947.207582227657,21813.17821449306,13528.45494697949,6070.88829514206
301280,82959.52470781861,-18215.808938640082,12912.00743090423,18951.040328567302,174409.0146604982,159181.6170083717,47968.04834212882,97272.4951170902,-48030.871638339624,46978.6188985365,7725.770152241223,-54451.9036710599,9243.532226272879,19698.035867359984,5555.492315524292,4303.23005516918
301281,96974.46406959457,-3610.341586556796,27212.68509459538,33131.658342502575,187261.82026150345,174173.1273058717,63097.39246258347,112375.3952518424,-35930.23897958483,61757.634642001336,22037.584614610332,-40295.29983796869,514.8443197024643,21572.914397067947,-2956.4640771716677,16634.66986022141
301282,103906.23926785943,4178.289898251227,32670.684604436618,38098.44228919421,187575.82012649055,181981.60567927329,69764.74417966783,120096.39610048904,-32114.811277960587,67868.38888687346,28041.400191821413,-35211.19301713693,8362.152692637195,24313.001674598083,4075.6621136976264,20822.747556022463
301283,89465.7328229608,-10837.810408165697,17781.346361743224,23291.58206976248,180498.69758947325,166585.3543228533,54119.58834309962,104581.33361595914,-44666.088290843705,52575.357697216896,13220.92332963338,-49912.08351542579,18048.599812563214,22408.499115855673,13539.369165943484,8074.896933796342
301284,82110.12689596268,-19034.591000395954,11831.927658363238,17816.90069610958,173671.17453201715,158323.1439929168,46939.6969984208,96386.09144138514,-49057.282587131616,45918.253742668625,6710.428793964804,-55560.97373009406,11260.245899273907,19793.26097575081,7454.868207980921,3292.063219366684
301285,94180.62340951679,-6593.867829331292,24523.359494507822,30506.353123901725,186358.17948704003,171139.54882213223,60156.21323156965,109332.04547096335,-38097.80762664073,58932.267492071674,19291.7764223099,-42913.33841906265,1044.2301756967972,21020.333065812934,-2380.949815128053,14393.01980550486
301286,104565.5952438659,4770.712656832392,33595.511899352,39079.46222606696,187233.38949531372,182620.8651201264,70592.26725137653,120757.04375448058,-31238.1023434553,68730.30414581974,28866.352634193645,-34260.60402937638,6007.855646092072,24108.201030038792,1874.3465630565488,21665.04713447274
301287,92331.03823546247,-7804.263661424784,20537.312445567826,25975.01632312248,183236.04698703025,169687.40706844127,57120.451619923246,107687.22332910064,-42404.368206001,55464.9473088659,16028.598886262633,-47214.02179509986,17586.830473298407,22994.545546088855,13012.68198336101,10407.58431444192
301288,81900.19774513706,-19168.768484541775,11358.221797054108,17274.532649806457,173492.73972629907,158165.97486067982,46580.87023006431,96201.12134332123,-49590.18614428435,45498.10210523677,6316.836069966324,-56077.84452718988,13175.781236219493,20007.258765786824,9240.482533743136,2796.4076926516623
301289,91358.52432610988,-9574.21904304004,21737.426696897488,27770.160731925047,183759.45374184562,168100.3482425796,57155.933934741064,106274.95238464263,-40401.43485827135,56020.86511362542,16469.45355789823,-45649.09323982033,2090.4629268552844,20535.789139501852,-1329.6423050009062,12026.666783418466
301290,104356.55649139574,4450.083314955673,33666.32269503025,39228.38704915554,187191.14415520884,182328.9916944112,70508.20679269884,120485.83738465227,-31061.256360497002,68707.83717600809,28832.6015198762,-34144.37267000848,3949.9045924051925,23751.361961873692,-22.289785483951164,21792.60776466455
301291,95210.218310987,-4778.953540733008,23384.095222849846,28777.068164498316,185892.70300398703,172787.7846055953,60180.400225243684,110801.51463131781,-40045.44973457888,58426.86836452019,18904.539691687183,-44417.8650164445,16554.941453622116,23510.405419477043,11953.775244814431,12829.592676271346
301292,82283.0041009452,-18681.776128042107,11472.622935214737,17314.581441408267,173525.41110623657,158647.32004479284,46858.95609550043,96663.04944926206,-49617.35097491318,45702.79654862975,6525.020930162248,-56009.17589408937,14856.051938240716,20326.49521311348,10794.249608535207,2826.291587043
301293,88686.06119277776,-12378.868887468172,19036.499324637818,25104.25533139841,181188.7736886475,165233.6390832506,54282.66964506582,103389.69280471125,-42662.32778063041,53223.52660399737,13757.738163519416,-48309.05517318654,3541.623733807586,20151.12300212226,96.76910026952373,9718.470330862905
301294,103389.22093858625,3332.790170148921,32973.262831597094,38628.84008061646,187506.6568891001,181225.11250742612,69613.2463982304,119400.30835709057,-31491.717986992975,67911.20535430635,28043.965174206434,-34759.40801679813,2276.1445929225183,23282.300694688387,-1542.1393389265083,21301.7547814817
301295,98043.09148128986,-1821.1874974535795,26256.672293148687,31626.732910907886,187222.98820334434,175823.96048353848,63226.37603040518,113856.61145216173,-37628.83558556865,61400.36087688863,21786.222319299843,-41574.432736902825,14991.160531205946,23934.88566969798,10401.749403864464,15294.928382423554
301296,83286.10367655361,-17538.88893565202,12204.464628327234,17966.35195413274,174037.2848979917,159800.61635017316,47801.7483560462,97800.66408761195,-49103.28275491789,46564.238684569085,7368.278249273512,-55312.361434869636,16299.072374350519,20753.642591198346,12102.149872620612,3407.327241480559
301297,86278.56002025882,-14875.507014791317,16542.164062409356,22624.719802504445,178458.45564760317,162671.7691945145,51664.19672461249,100805.6916977554,-44786.84337462721,50663.1278906882,11278.550571150041,-50774.45524606532,5321.166643409378,19874.88549753806,1812.7642078114561,7557.825835808777
301298,101710.70975517595,1475.4667734943055,31554.284766737048,37305.86367434615,187743.8943784364,179359.73841834842,67949.51229548233,117548.71668289838,-32525.334673136833,66369.58624876346,26530.719572293765,-36089.665368263624,1094.1267172255607,22727.908758965445,-2577.8618006854304,20193.345934929268
301299,100577.75947347704,796.0661627325569,28911.502283789636,34280.21971395613,187524.49553780595,178514.6159699161,65990.82824214341,116570.91943158628,-35377.759613178394,64110.46551202409,24409.22144849941,-38944.53837374994,12963.030524080483,24223.777693991695,8441.01521134096,17572.946244209026
301300,84902.74849419005,-15765.798189023168,13570.787684848186,19244.90717621951,175498.82384307467,161598.87451549253,49407.38513256427,99589.74473230557,-48050.95112362229,48067.679650402846,8832.615406674353,-53996.14069606474,17342.881193190704,21263.91397949896,13029.287175576905,4538.445592019605
301301,84355.26390339584,-16843.890199369016,14472.589233605595,20542.810413197767,176029.2495150837,160641.4478258192,49534.06707344701,98749.54399870093,-46600.134552531854,48550.96207089337,9237.650401855726,-52843.72295219847,7268.419004486999,19728.74447114083,3681.3634568543885,5730.9196916516385
301302,99507.65209416467,-916.3501615946614,29567.363321842273,35407.375577190265,187581.6818401233,176943.7060409459,65706.38754812838,115137.84665826737,-34051.83853054016,64246.51223250113,24458.549823026027,-37990.88330343235,511.2873933006085,22143.73451332356,-3043.5548700950585,18590.09471836931
301303,102572.47921475969,2829.1968674785553,31093.156751238435,36479.92314134583,187745.48001330043,180616.22333748802,68214.67986136474,118698.01541139734,-33498.56395318077,66308.77729240827,26535.33382301998,-36772.1279618482,10686.825612118864,24349.134605122374,6264.685524399195,19454.997297703932
301304,86978.60546716831,-13522.560512411506,15439.307854700644,21027.539827378852,177821.4622666039,163885.79848637004,51527.83665744803,101873.64571711335,-46557.96389719831,50085.236586169995,10795.976051576632,-52176.22561616253,17966.235646568064,21830.272768933308,13546.3450114488,6105.375406956999
301305,82902.79719890362,-18306.55969731025,12835.263409635229,18873.826489892625,174365.97476267593,159128.66294278766,47888.32925417147,97212.63899247692,-48073.58616129769,46904.10060239661,7649.610596527622,-54492.63690220839,9299.398138941162,19701.90425217469,5614.529533559722,4252.382311952353
301306,96901.91442212783,-3722.6355984596266,27131.577969233644,33052.38965755862,187257.29709626044,174098.9912266797,63005.9659665151,112297.13690766836,-35971.04416390149,61672.06611413336,21949.686478465122,-40341.58786641877,499.67324903679406,21560.196327494625,-2967.7557623585194,16586.875018607578
301307,103954.99201415955,4192.37042201196,32709.308207054888,38136.847275946995,187567.257471931,182038.0027168864,69802.93452202623,120151.13117541096,-32057.290752867648,67905.45227307586,28071.35756762224,-35142.437020413185,8279.111843958748,24312.480056857894,3993.541532506334,20875.99041232107
301308,89550.05117207796,-10780.2916552672,17841.879529587583,23350.11256730216,180590.10669256287,166683.45264947892,54191.61494497789,104679.74670620804,-44593.225568664704,52642.869071529305,13278.698300998522,-49820.32572858571,18036.08515459853,22425.983324765424,13522.437001968592,8144.062431700755
301309,82101.1797280357,-19070.45642397869,11793.26081600987,17782.451984322175,173671.0569341094,158321.7015484246,46919.981980484816,96389.48361155325,-49062.735955777214,45895.488564474,6679.807545663952,-55557.11195398352,11307.546481830377,19799.09417455227,7497.724365322037,3280.0254891107966
301310,94110.11614461508,-6696.639235931837,24420.870083555663,30421.025704464184,186288.20207633526,171064.6828489335,60099.580333006066,109269.51045449734,-38149.99354404853,58848.922676201735,19203.023744129492,-42964.570693336296,1063.284001984421,21008.728915967935,-2355.5561422993537,14331.706225089314
301311,104529.37149322177,4697.903325764899,33523.53730461109,39035.78143381273,187228.5788457321,182573.01348818257,70597.49455826078,120731.02808221018,-31255.080340588993,68688.26773161418,28817.18905235616,-34273.697983280166,5968.876116645091,24097.29008341647,1845.8986381361565,21638.937114747525
301312,92345.26605157982,-7828.92402705444,20500.40518675481,25976.635652043202,183219.79119393489,169683.651198317,57193.34801169621,107714.39126001709,-42383.74583553478,55470.12661543591,16025.044845455332,-47185.34091955056,17551.57306098574,22994.339476917234,12983.722400197683,10421.903286061935
301313,81890.28300639524,-19221.519177765193,11285.384176471964,17248.178200911912,173452.87924894475,158124.39186935255,46638.38110044213,96200.11771965495,-49594.1201922896,45473.666882775615,6283.302999520708,-56078.70644547399,13182.241811951792,20007.725310126123,9252.397548967623,2784.395037967574
301314,91293.6802147129,-9688.411362768842,21608.313416969762,27693.24209794746,183665.66690029745,167986.955476591,57166.037051030304,106211.5707443743,-40445.876427993346,55940.67105496798,16381.483358048663,-45700.99479673446,2101.35097686602,20521.828903903734,-1310.4103432669529,11968.473161170696
301315,104343.67543531297,4388.112980946986,33591.653269644296,39206.987254194944,187196.36014939006,182263.17804387741,70582.82926278847,120476.74299140547,-31060.92275894034,68682.6877033139,28799.43760187379,-34144.59147374969,3887.4267659465077,23734.082776494477,-77.133520292181,21779.30428983018
301316,95289.78274838868,-4742.036909947693,23391.747702030698,28835.340395413452,185920.33973229805,172814.8433537111,60356.30351072384,110892.25084586437,-39982.77996649832,58488.359074792985,18957.064143502525,-44341.597402163,16502.724781352536,23510.608327428796,11907.437203165751,12885.432425783514
301317,82298.03394013643,-18713.230808115048,11406.66088439225,17300.757603218226,173472.69818412157,158596.91257697192,46968.55603710113,96683.31961071203,-49621.66994989579,45687.89551698307,6504.897431182302,-56007.337264775735,14889.065043814862,20325.42548098147,10827.177124205977,2815.8466008064834
301318,88598.51886867027,-12524.367217698014,18874.9579098067,24996.999962259764,181044.36749857938,165061.83155260872,54289.231474180575,103294.55691435913,-42745.00596955254,53104.789148407035,13637.913947585963,-48402.94013371972,3583.243448390974,20132.811227761093,142.28390908768426,9625.5894578729
301319,103349.42986086306,3230.051161240702,32869.26072808223,38577.06761992398,187514.69837627577,181094.63060805944,69677.09131207247,119351.22483446183,-31522.27712012286,67845.74524023806,27976.845359474846,-34801.0001282008,2213.60987204025,23260.300254101865,-1585.699461416271,21258.916511671734
301320,98125.93357779222,-1797.3433553262034,26267.155248381874,31684.733634390235,187228.09301763042,175818.9942309254,63419.448992595215,113937.7688062321,-37571.89348545403,61450.7794930429,21833.01657680848,-41510.974054369086,14915.942172841975,23936.088327717924,10340.102973630183,15346.550201611455
301321,83359.17944312743,-17525.381973964726,12191.932928961694,18000.01099672115,174036.17769349966,159781.62569392275,47980.915003171984,97871.65705996478,-49072.079763685004,46591.181367461635,7393.875758823627,-55275.233344518114,16297.747637594242,20758.516797555414,12107.221631781733,3439.017705030661
301322,86282.79773182774,-14934.195370686612,16459.141240172976,22589.377421028676,178380.3350359802,162575.51602536842,51772.696113432554,100802.1742133703,-44814.34691913168,50618.066026307,11234.836801431487,-50806.43333901427,5336.484769518818,19867.252182887794,1831.8711317586135,7528.010515929602
301323,101706.6624054775,1405.5754729833066,31468.62147371793,37267.757437036875,187743.36416019296,179251.03503030696,68052.98520918253,117534.87277763049,-32552.94470844759,66319.68104488267,26484.319165146637,-36126.4191928933,1076.3246026911181,22712.968143709062,-2591.2261198023516,20161.808919475305
301324,100626.20262351747,780.4592522699959,28877.096834766082,34291.542922405206,187532.3225750516,178460.13026103316,66150.64052636153,116613.39891141251,-35365.84391711325,64116.097946307294,24416.89289580642,-38934.010923200636,12927.597578207491,24216.887422391876,8406.97609057281,17584.22339469301
301325,84944.34440216565,-15789.379217970189,13523.684576263302,19244.847941532265,175474.32035941904,161534.2971566047,49558.78408183273,99624.28981113121,-48054.36789842378,48062.75753582432,8830.266407751902,-53998.94582909668,17355.91163620095,21262.986890365202,13041.87117814204,4537.9588550975
301326,84335.4318314016,-16935.66347522731,14366.49443505016,20484.81011886585,175925.02276344853,160505.73162965465,49620.47663493416,98714.40198193709,-46656.88404226383,48480.32024005469,9171.977294424341,-52907.26947140446,7300.892067904363,19713.643087432843,3712.280899953719,5673.723093533067
301327,99472.2038821906,-1028.1704737072891,29452.757324650367,35341.2479844623,187573.19156369992,176785.2253379381,65778.68930866625,115082.56756037824,-34112.179750069314,64163.75460581234,24382.043686427547,-38063.216073781645,495.67844536606026,22118.919228950603,-3052.1135065507488,18528.598143586845
301328,102614.552369788,2797.5741722767702,31054.8383380248,36488.317670188335,187744.51065997034,180537.06497164833,68367.65238641389,118723.5046482489,-33492.42098889263,66308.40557564111,26537.996186443313,-36768.55383837393,10620.15770069013,24334.45373351742,6208.440940968098,19467.042100118986
301329,87054.30564918017,-13515.87652929169,15425.200386914074,21058.483761504725,177826.4740143855,163843.25101099245,51713.69651057452,101936.66693686951,-46535.165058734354,50112.11079700418,10825.328496620903,-52151.86351615723,17935.37266840378,21822.39516840803,13514.88363047644,6138.414697466381
301330,82933.44818741857,-18344.901549319948,12773.02673275678,18855.315014125714,174314.56573895333,159038.91414343432,48026.93723468988,97227.6874026756,-48099.18529729476,46876.98509677144,7628.077227237234,-54521.975096961425,9316.884422913901,19687.758557341156,5626.748234687169,4235.506469625017
301331,96874.60902544085,-3821.7627091871896,27018.098464660758,32981.89674504845,187252.8546678904,173946.57137176403,63087.314096412236,112249.85453128892,-36037.311232382846,61593.62392084563,21879.828863821855,-40419.16106632295,510.29297637835515,21535.32169900794,-2958.5840244581937,16529.20652066818
301332,103972.22698655966,4140.39409364397,32649.21354684302,38117.614849176825,187558.34061995358,181931.72837544675,69937.78002658175,120152.12842513877,-32080.50873974932,67879.94447784431,28054.362690512236,-35168.90015526788,8224.84634119502,24291.39360873832,3943.8881138479765,20863.875133796824
301333,89596.97600926235,-10800.018997197933,17807.70155781413,23356.30728528081,180558.18033196917,166611.09913790494,54357.334805249375,104713.98606357872,-44597.967214984164,52645.18765706253,13289.785741292459,-49823.478637587796,18015.287411090852,22419.826720678837,13506.336705835354,8152.709733489059
301334,82069.2504503224,-19173.696849217115,11682.038889650288,17711.465720926863,173571.11000157282,158166.390931299,46994.16969608536,96337.40913096388,-49136.012912529724,45810.66237497901,6608.187915932158,-55642.03877473717,11343.076231267774,19783.644289308075,7534.586951374983,3217.019064149223
301335,94016.62707769702,-6867.758753870903,24267.969342683155,30302.04416139122,186126.16638684802,170844.0179370495,60089.036941396385,109148.84416679939,-38256.4138692862,58709.91905476725,19077.936823371554,-43096.995027837416,1066.8879205703333,20975.05135125636,-2349.595970399341,14233.52152073659
301336,104554.04083027368,4652.563822738445,33504.78236405253,39038.706562389445,187224.01343704664,182484.23019742177,70694.40473338132,120738.04512738065,-31251.948932577958,68680.29890519439,28817.20418831344,-34280.41522696691,5863.176316255479,24073.34031830122,1745.6977989310412,21654.0596598375
301337,92453.26797796818,-7775.877573716383,20565.565337014497,26047.48702824518,183268.6334616284,169698.6252746181,57359.748104409926,107818.52594475466,-42328.535819539284,55542.80506080824,16100.893321923057,-47122.45098382562,17493.999170441504,23000.75681585057,12932.16446970465,10489.589182228849
301338,81856.92242358258,-19309.95726138046,11215.478196692005,17175.532992402892,173369.31806667705,158000.86889328505,46642.5665218722,96157.10358716431,-49661.81547674069,45405.28648634046,6220.743512791372,-56154.48466224363,13225.129172442568,19998.994053470487,9293.005081206335,2725.905320872859
301339,91156.68332022906,-9888.776856650518,21453.083829532257,27534.646738481584,183500.81906904423,167757.5928231561,57055.88692842666,106055.63472553124,-40581.17148477053,55775.83230891141,16226.405001635962,-45862.62594465015,2154.5244201253213,20492.802453288525,-1267.771575893246,11842.687609221895
301340,104273.97337414062,4255.463510517267,33518.27477101241,39128.85550252781,187201.99341009348,182111.0740311407,70543.73773926722,120393.61359102311,-31115.012764674964,68603.51094953681,28726.791251718772,-34218.75929226783,3841.80310780082,23711.87478665723,-118.98864024139021,21739.47408644641
301341,95321.96482952674,-4765.535858049536,23417.311932412093,28851.2354757657,185922.63040795625,172781.51446001997,60416.65794187161,110921.19364346054,-39952.61661613628,58515.07803957342,18985.310306786094,-44316.96294256458,16462.728973230114,23515.03848415721,11864.05554909217,12929.33328177455
301342,82290.2928014572,-18773.077163332753,11387.625311871925,17270.71717212518,173430.10476447776,158530.582015306,46978.053380872305,96671.20748687953,-49628.93517319724,45671.67831837306,6489.943404504321,-56026.51948434941,14917.560454286471,20328.39011257953,10846.850760949284,2817.732640062523
301343,88535.86055474407,-12638.859971559146,18806.4540595543,24918.853180296635,180960.90033435958,164941.35404845624,54238.839778816146,103223.59277941711,-42788.208253061486,53039.75092846229,13574.575336031192,-48467.36934879985,3610.3499034977503,20119.325747008108,158.24247606495425,9589.106909616263
301344,103306.13652848982,3137.6496725876514,32825.38680176667,38523.802336284956,187521.45013584162,180998.06495401842,69645.9535200695,119301.57935972222,-31541.996720101786,67807.54349204301,27939.387913760424,-34836.00924145842,2198.7465792403095,23246.03291835721,-1610.6496289237887,21248.461532757272
301345,98141.39282631007,-1823.7179721737948,26280.789617571703,31686.99348334119,187233.32958943932,175791.8906795923,63448.98327183224,113954.1020764037,-37550.14566031007,61470.68977806404,21852.823917539157,-41491.007470034674,14900.719543389643,23937.063190171844,10318.15459297818,15374.720888849588
301346,83337.58630040755,-17586.17470226402,12166.667062329674,17963.746214155406,173993.4151749263,159720.18212311127,47968.498185967386,97849.18311260312,-49086.20757592994,46572.93744298916,7374.789196835583,-55295.05697223198,16327.745587757556,20759.90633773208,12127.925505929992,3424.464790213525
301347,86184.96833955814,-15075.216523425579,16366.606308776642,22488.624719850257,178259.99004451762,162434.85363341775,51680.96259855681,100696.26809374313,-44882.92055462056,50529.17231305462,11146.560334607586,-50890.389026642304,5388.679251334614,19858.20711418836,1876.7114309057588,7456.146987208382
301348,101588.63880195742,1240.579130503801,31369.449506075238,37162.77104043846,187741.7403923269,179089.87824657967,67945.78301175781,117407.60361047083,-32620.271476683443,66219.8987158335,26386.500786022916,-36214.20547450925,1072.0854488557154,22691.83735575791,-2596.787421522145,20089.2012031877
301349,100596.10789848736,706.1313439256554,28866.500791377384,34272.854566195485,187538.06653923148,178394.9273775502,66136.43761187152,116579.89763045605,-35355.863944684104,64105.75565266528,24409.125034134868,-38932.36369445536,12881.405716889074,24209.384559533813,8357.13634882485,17587.46192606732
301350,84930.16791622946,-15843.632570029537,13519.199181933476,19228.418859125,175465.9417316,161489.82490950444,49554.86588422448,99608.0176664721,-48039.23987628307,48058.39841600916,8828.938117723039,-53992.63345226909,17359.84039781517,21263.572003105975,13038.448486602585,4542.712398218026
301351,84267.82531536088,-17044.25339295623,14307.501339603807,20413.644690191864,175843.83033688285,160404.79247323057,49557.13779189962,98639.61911410118,-46685.476189714755,48419.456663101504,9115.26792825394,-52953.9342031126,7327.115574353284,19707.20640000958,3734.241073831362,5633.791903340604
301352,99403.59631973052,-1139.8267166361609,29398.588159775274,35277.252764620054,187566.47107072576,176682.39127320948,65715.47513489444,115005.32291978142,-34132.02581278778,64105.30815798122,24326.93996359039,-38104.28726236208,467.89033926025195,22101.788792511412,-3081.6097567843963,18496.93981385556
301353,102684.7352124133,2835.144426289788,31134.727198031615,36556.53059622747,187742.3376622225,180586.66642659967,68449.66898600016,118797.53534631572,-33405.53898029338,66386.19594721476,26616.125748809834,-36682.64512734581,10537.261497791098,24335.42916254336,6120.729675788818,19541.73867067056
301354,87139.85593872357,-13452.742058020565,15500.958571459816,21121.864900111315,177910.5074486271,163915.82408345578,51803.52467661031,102029.96489628655,-46454.1022715258,50195.86375996719,10909.468074364551,-52067.590832734684,17960.85825980304,21841.99076351824,13525.616666301115,6207.667961314044
301355,82900.30173662958,-18398.90345075025,12726.233115139306,18802.089117712578,174267.06381089144,158986.37982085836,47987.92343099703,97194.33035555106,-48121.11304442395,46834.91314030343,7590.211260208063,-54557.458865954744,9398.830785715587,19686.85092954233,5693.128915891117,4198.964744863368
301356,96811.78277536946,-3906.0498956867773,26952.100513090332,32915.200068778235,187251.02554029616,173861.0306000951,63021.58391148988,112183.41529319926,-36069.093385668224,61523.89706124728,21815.556406700547,-40475.32182794164,507.46482302409504,21513.961034734974,-2964.310195434316,16477.508904543894
301357,104050.11403038198,4205.906512286387,32723.995996793914,38192.152643607486,187551.61469019324,181998.20518651349,70020.0834267182,120235.75293328632,-31993.942379064054,67955.16029794494,28131.698836881336,-35087.02193695755,8121.442329193676,24283.615330146276,3845.106375643504,20931.28062214528
301358,89731.50994964027,-10665.274666251406,17922.302596091376,23466.16789998577,180668.83788716514,166743.26796446164,54492.66155483517,104860.51627817069,-44485.77166267361,52765.39748380057,13411.090623017903,-49706.30700060164,17996.687775607268,22432.82178251889,13482.114463756046,8250.52111991676
301359,82136.62347204775,-19102.097002932634,11721.434929418145,17744.07025152547,173617.58309672808,158228.57700332179,47053.47326803471,96410.25042382829,-49095.55287671598,45850.3616397201,6650.714056279112,-55605.14218723518,11373.605127454426,19788.138601947998,7560.73572396865,3245.1184840834067
301360,94036.89884897304,-6841.658660604013,24265.10321380326,30292.6642776785,186120.50971200952,170856.35679231433,60099.772851964044,109169.86684592931,-38252.21083309059,58702.4000822924,19075.385892698956,-43103.839509060024,1100.3528866245842,20972.819690061777,-2320.0646457098715,14222.095724315966
301361,104611.09415224104,4720.205519652561,33545.05025144076,39073.11134606571,187221.93542224757,182538.43141673034,70749.18934280565,120799.85327158525,-31214.297038649198,68712.4205998645,28855.7139560055,-34247.47768123479,5856.38694283892,24073.982376280404,1735.6425580877876,21674.141203337138
301362,92534.39158293411,-7678.493048307322,20625.206053866,26103.103122685516,183310.16545186966,169782.05664206273,57440.75373714804,107906.50405272939,-42274.598355667404,55599.992440410104,16165.58436622278,-47067.29635586176,17512.879563025614,23008.25153106248,12937.407272769575,10532.1306905968
301363,81899.28517552855,-19250.41215432349,11231.324262316804,17189.142967758584,173381.37867099146,158043.44922938553,46679.04880230934,96200.47788198362,-49644.38873900818,45413.27038185864,6239.977293467299,-56142.670265083274,13278.080171099919,20001.47790647387,9335.65742779303,2733.7657862744195
301364,91162.89914921264,-9865.675378833886,21434.530506769643,27516.09277864775,183490.24514480855,167760.05878346844,57052.28121429124,106057.48805921053,-40589.388436820984,55746.22937129718,16207.981660095553,-45881.937729616504,2161.342674501172,20485.88323956213,-1251.9853343477623,11820.944516998674
301365,104338.48525365413,4340.418783212482,33559.72437523856,39167.92129859233,187207.12910180265,182173.6733882365,70599.47079049982,120455.91668721664,-31076.67393008971,68629.94200490793,28761.744506809948,-34183.66182939842,3799.400776296872,23707.923538581148,-155.94209860813407,21760.99314126579
301366,95456.42326650416,-4601.419144193794,23523.165352403186,28951.26363303634,186020.16921477218,172921.76992661715,60544.36710711605,111060.41618751944,-39870.469886360996,58605.206574245494,19081.664542279643,-44224.14194797128,16433.620159503123,23527.71067243757,11840.779995416255,13000.488990408012
301367,82377.46403122824,-18651.083994141056,11445.018497653124,17320.196730483513,173473.3845722503,158626.52452028065,47057.008753298775,96763.27198056999,-49593.90715274118,45710.45203414123,6536.644848834275,-55983.508873340536,14937.604964143284,20338.28241180747,10870.048673795516,2845.675330878188
301368,88519.9893839925,-12624.49456799697,18767.393360176797,24870.925522124566,180919.31027691718,164928.9472355866,54211.81305525316,103203.78164689278,-42835.11822385315,52974.44272025472,13518.835254273159,-48521.33524845037,3644.85506690289,20110.41912465533,201.2391005932862,9529.26772389999
301369,103289.90284819451,3146.763536021236,32797.67554822428,38484.750751350926,187526.93212892575,180984.06794307468,69624.84227463411,119278.77482863126,-31579.336706041155,67746.60982196456,27887.128394800857,-34883.06279093377,2167.5363733937893,23227.243483046543,-1627.114158409028,21194.245740196107
301370,98238.60195376907,-1693.070365548696,26364.828848014673,31753.873380970654,187238.03328224726,175902.36425573373,63548.47043780204,114053.75131445874,-37491.32779740679,61529.61474252567,21916.8105856507,-41425.43345737525,14840.421268402935,23939.303692809244,10267.341308151303,15423.625563273108
301371,83422.16230600505,-17462.51049068533,12230.244728109357,18003.90543612608,174045.89451630646,159822.41461831436,48050.92633745441,97937.49246918474,-49045.871397928146,46613.10645060778,7420.7687792449215,-55248.64647856825,16353.869903315384,20771.805611788317,12155.88360649911,3463.824147807456
301372,86175.8871781388,-15052.371071734522,16338.80377721693,22436.5094270033,178212.5586057088,162433.703360191,51663.08028069424,100678.9191482373,-44918.66889653882,50469.36164359789,11095.249929458283,-50936.53009076994,5430.766410785217,19851.487749991866,1924.3373508259374,7416.468857551997
301373,101598.27551583618,1277.0662513350635,31367.561557738132,37136.46121142401,187740.3407694858,179102.67182179308,67948.99070469991,117404.83460267009,-32626.68664896336,66186.53049127937,26358.251910138548,-36232.36740743526,1024.1380989164568,22674.816812327615,-2633.940173769195,20076.132871821585
301374,100733.4620738488,881.9897360888858,28988.44957940679,34366.82494746771,187543.12303570483,178547.36802399487,66274.21242412864,116717.45438097055,-35267.4395935232,64204.423122167136,24505.797014666874,-38830.64266376788,12821.36356122522,24220.363755145598,8304.442524099024,17674.868657206734
301375,85009.15665642233,-15721.472492786925,13573.559135619731,19253.43268569653,175530.0151779675,161587.28747701144,49629.30922183986,99686.80482156912,-48011.69296653774,48095.9066550445,8864.934791942644,-53954.80200476413,17428.259988691017,21281.793087787104,13101.998237490594,4574.064486768499
301376,84197.88453881766,-17081.47501475196,14220.629727735513,20303.06584396609,175742.2424859354,160340.77491388156,49477.928828369666,98554.96700470535,-46770.22059023428,48312.88264819841,9010.277931059776,-53049.310239621824,7428.870946864338,19701.414140745914,3830.394095139608,5548.372610605441
301377,99314.60364244942,-1207.3667748837083,29309.54158266694,35168.97166773018,187560.54827944306,176591.02100664313,65624.89210113883,114894.19381150647,-34202.54186984731,63994.438604013805,24215.544361804055,-38193.93153160486,459.81643382339473,22079.24034234561,-3082.1775495175775,18420.698274802737
301378,102720.5910078605,2895.329531292543,31174.669585272197,36574.72514479302,187740.7515817846,180627.73558750015,68495.27385109082,118818.39824088608,-33367.222433333125,66407.21641221983,26632.564782613088,-36641.570146639555,10468.399456761666,24333.415985012416,6059.625723624927,19577.02300109002
301379,87179.8250030989,-13386.857828193042,15536.34259702393,21128.913571400655,177961.15819468134,163964.60763208286,51848.97295424164,102056.02296148826,-46423.981631585586,50214.98180205732,10923.26972481341,-52030.512074464146,17973.441020557544,21852.84221821635,13542.677986187504,6240.513298430202
301380,82838.21207095223,-18444.75649664127,12661.2443606924,18706.418021654943,174208.82654331345,158925.35456832807,47924.31270709243,97107.88450104989,-48177.430807658835,46749.83130211451,7500.999750405153,-54617.67255376822,9464.955476520072,19682.72241232751,5763.924161250125,4146.717073562041
301381,96710.25296509863,-4004.554429991137,26857.894594909343,32794.83224225968,187248.81567983184,173750.79679800192,62918.5987018274,112048.14885689675,-36140.756435197065,61407.95305913653,21694.69403516208,-40558.3258976042,528.2969230471006,21494.052211977225,-2937.824506374722,16406.214194055967
301382,104033.77711293037,4191.194529703054,32723.30252487585,38165.62544984777,187545.5140228224,181977.13745452775,70013.92763596753,120190.94778270659,-31985.023420619862,67936.81147724277,28104.534472930165,-35074.64233695016,8067.417714152005,24274.774674571672,3792.9368697992622,20940.161101273956
301383,89732.9947596944,-10661.672636820242,17935.1724955065,23448.681620440482,180684.25084736606,166743.7275688299,54503.0836573431,104836.90046200124,-44468.25702748269,52763.10271316292,13398.826840917915,-49680.2658771206,18002.29606661927,22438.175804091534,13482.767801523085,8270.696630620037
301384,82005.6138915064,-19240.653635565643,11604.475201266256,17597.9113409786,173513.9074768147,158085.8918320287,46923.70043008824,96243.77304670532,-49184.3278738558,45714.40677375314,6508.4090930995635,-55703.82017302401,11468.965838324,19776.648841614813,7644.960240953414,3156.419236083295
301385,93848.1281460197,-7050.481901307252,24103.33829669419,30106.37813085049,185959.97696320474,170646.31403213151,59915.85431466421,108936.5419950895,-38367.205630810044,58516.953931837554,18884.953721492002,-43239.60484072844,1134.9048695330362,20941.052034515094,-2293.9354318745163,14102.565521260958
301386,104563.28297266676,4652.100389687828,33528.4447118958,39032.181616653106,187219.41878809585,182474.57217862306,70717.07801243133,120714.5250089916,-31199.54564508411,68679.73332100519,28811.83652445459,-34232.682268726865,5764.270532551366,24057.633465546445,1647.567818531998,21684.482702784913
301387,92601.75601312092,-7623.953040812059,20709.34090559445,26156.413096017663,183380.09919301418,169842.42844062223,57522.709667862764,107946.9484954942,-42176.07720217689,55676.89004544722,16229.468665517661,-46950.908070012796,17463.33298047718,23023.452815125696,12888.707356165285,10631.011705042905
301388,81881.13928591335,-19282.393467960686,11222.02033100613,17146.8631620231,173370.8592849793,158015.29663517396,46665.611538888894,96151.96444995064,-49626.475257911035,45396.22912155624,6212.847711512323,-56118.497782490085,13322.012210507635,20007.36548681899,9378.86230867155,2751.607603279862
301389,91047.71702052906,-10001.080342267322,21333.435405068576,27385.02827710366,183397.5779339905,167627.18707978236,56938.97937000139,105903.21229324574,-40643.862494628236,55634.32136976091,16089.073006614923,-45944.994073819136,2210.2211788793975,20471.389505070707,-1203.9983578645133,11762.013651415193
301390,104285.5986792343,4269.8671579192105,33527.86483813266,39109.730775710326,187210.5564506639,182107.84841431765,70558.94457449834,120369.46395406507,-31065.768481419713,68594.96974362753,28718.320992526576,-34169.43741687,3755.4141068729114,23694.089862292305,-199.20588550896326,21763.331740656515
301391,95522.1287357788,-4544.515880646118,23600.844100275477,28999.2899380495,186085.94569004333,172985.43008313706,60626.318236142964,111103.39343985691,-39770.52951843871,58686.882912363384,19153.856636445922,-44101.73819925114,16391.87606724776,23538.302098220123,11794.356975769992,13091.328399921209
301392,82392.81786722905,-18646.800717792794,11460.942820773063,17304.551847703922,173472.0231202778,158634.36333942728,47077.00589095698,96750.76201338066,-49548.76288948748,45727.7067321606,6547.335905118667,-55923.62188308673,14962.44454317755,20344.454240042254,10894.023023824244,2881.6123394309507
301393,88464.7687335559,-12695.8798558228,18716.408800844958,24793.027019111087,180861.9224368075,164857.10457077855,54155.98699985417,103113.07005960465,-42845.955509141575,52915.11221227606,13455.844510999092,-48529.25525768004,3662.88517391588,20099.29374925176,219.32199344273158,9508.011770463752
301394,103282.92499061162,3124.886297632689,32794.64179694292,38461.578057914434,187530.64516457266,180961.62045014178,69618.7296943703,119239.31565582115,-31542.180316975406,67738.98764477568,27874.241305851978,-34838.36494885301,2126.261475479453,23215.241162044957,-1666.6650863603872,21218.273741686142
301395,98323.36759470557,-1615.020379448556,26442.457873006522,31811.266716787934,187240.30680061338,175979.86327076267,63634.068835278296,114115.38369570352,-37395.986672736864,61604.64183903039,21984.708173634237,-41305.26056136477,14814.857288670102,23948.479709072664,10242.526806229693,15506.120436734294
301396,83475.37361676544,-17413.53200018715,12269.0655415769,18022.696561158802,174074.42864506366,159868.33980502695,48101.04302705758,97968.565787631,-48988.518402929796,46649.38009137366,7452.324471357232,-55167.96773825079,16376.523773472341,20778.691951937133,12179.944438154636,3507.309198707107
301397,86167.74785242222,-15064.323622684255,16321.885983731656,22404.52229023264,178175.2436355375,162415.6741744788,51652.090449704534,100648.139291321,-44907.20793217985,50445.75738596364,11069.255035651944,-50909.86580752014,5443.052656941106,19843.94836236209,1934.3237546647251,7411.533797451518
301398,101567.99165105782,1242.914314573788,31335.259589129746,37093.33194364571,187740.23841839342,179062.04173258174,67918.2832421075,117351.9045512579,-32624.66364277361,66146.09759969986,26315.310587798558,-36217.27864089043,1006.7081191788077,22661.559349434887,-2645.2320806938264,20057.352496722124
301399,100754.42665107238,902.9870011304445,29004.472024598166,34372.11913472065,187545.50175443752,178561.948992259,66296.61965540216,116720.62950272538,-35225.709969842224,64211.95444709928,24511.060500969863,-38769.1399481289,12785.036760426487,24214.437201937377,8275.068910779562,17692.152918331536
301400,85064.37196404857,-15660.891185179646,13613.822633585442,19281.883304754032,175577.51029871317,161639.8420242365,49682.60543637484,99728.84845787578,-47953.633797016344,48128.06461903971,8894.393770476945,-53872.358623465705,17412.930968864915,21283.635946395112,13089.64388521314,4609.410814836223
301401,84254.96990901083,-17015.62176093838,14257.19477259102,20326.96673687929,175767.27825736417,160396.25762973644,49529.31302061625,98600.23312223125,-46720.392521105125,48336.9602927281,9030.460411028362,-52974.50239670402,7414.832113650499,19699.812094024444,3818.864696223497,5577.370097751892
301402,99359.07580286768,-1152.4874079651283,29335.537902796306,35182.845124548425,187558.82822203025,176633.0160760996,65663.5070327027,114927.9132682925,-34162.930395214455,64008.38597632076,24226.499902741267,-38127.463499562626,431.44558002479005,22071.139192490526,-3109.6574679912574,18439.036796912857
301403,102788.63789887237,2979.2722337486853,31225.236943450534,36614.41883836311,187740.51661115675,180695.92948478032,68561.42215995258,118881.81827934936,-33312.889838581366,66447.07953537979,26669.658403633384,-36554.137302306146,10425.784193423448,24329.67979120736,6017.534104841444,19606.096515093424
301404,87225.88644626318,-13319.438399604302,15562.046498127464,21142.902892027705,178001.51457582618,164013.53180293302,51892.333154220745,102100.44649546852,-46397.552592675405,50227.25311149523,10935.55574573178,-51973.083309184105,17989.970622944275,21854.749965755844,13558.791912041153,6239.934713992319
301405,82813.02859912004,-18451.00196363127,12618.772067495054,18653.624950551326,174169.85163337135,158897.41648074443,47892.45885788145,97075.35679786206,-48206.88525590225,46687.76482796435,7441.359146030482,-54628.96519952487,9516.336952360423,19677.278618299002,5817.245802537606,4086.800760240858
301406,96668.68634091891,-4031.0797517049677,26809.434454196493,32738.068051967846,187248.62831523526,173702.31960925594,62873.452685321536,111996.31438629879,-36167.40857587557,61336.80572257204,21623.2185165866,-40572.54523803762,519.4121489362633,21477.202626082202,-2943.936036209794,16346.357266029832
301407,104114.5716803727,4292.037151399634,32799.5953581771,38232.851949064454,187544.88645526467,182058.30839193755,70099.82795720366,120270.68391276748,-31907.682464513917,67993.27298319506,28156.090406065327,-34965.446584096746,7973.518274892527,24272.167339834275,3707.273179617766,20983.060367337373
301408,89861.81014332766,-10505.054584805908,18045.09295480502,23546.959236556817,180796.18666476736,166879.24021953635,54633.37929672538,104970.28567051835,-44366.75473724242,52859.26290457354,13489.300440836723,-49539.44068515013,17979.097888760094,22457.40734018325,13461.425828709007,8338.467692666609
301409,82019.75619008986,-19200.154780843237,11592.99113047636,17575.08204547901,173516.60129132232,158100.7755019389,46928.73824252195,96254.9016217628,-49187.101493012044,45689.31286624528,6479.030183241068,-55681.13645460184,11534.654166131408,19784.296929742828,7713.866871737206,3119.273508662872
301410,93777.50436529763,-7101.460829882315,24017.213174111,30013.37147905113,185877.93235272798,170569.4664025117,59834.604770599675,108855.735657416,-38427.95482081418,58414.02989832301,18776.623830298446,-43286.91777405933,1167.7669008311836,20924.488950583578,-2253.200952729012,14003.215429332467
301411,104602.88566562689,4713.950254954999,33563.23425120674,39060.9827840557,187219.68186599104,182515.20684615453,70758.57070264159,120752.74469365506,-31159.43026576806,68698.6456303577,28822.549203344537,-34161.40623446669,5688.137631089709,24048.46548282434,1572.9684351322148,21683.497959884775
301412,92732.30950793342,-7463.649643843357,20828.241151539158,26264.547642871577,183485.1306064361,169984.19497106137,57657.78717467676,108084.21772496522,-42070.567464249165,55785.17882455124,16327.33903499829,-46800.50042946253,17427.22183189628,23042.548273291482,12846.372670608082,10694.469409285768
301413,81896.21046009619,-19241.736598428633,11220.981524765994,17133.813719863065,173373.1932937475,158034.87707830372,46675.84603037153,96164.2550843945,-49624.08679154248,45381.024928459155,6188.216145538765,-56088.405118145885,13367.577695501559,20011.723556545454,9418.681188448816,2711.22233851891
301414,90952.46579180908,-10081.458545976622,21228.95215064075,27272.995523372134,183310.05004965825,167525.29952575394,56834.07787846419,105794.64813781882,-40720.154112243894,55510.954414876745,15958.160102357997,-46011.56463292203,2256.6988838792204,20451.406656594714,-1163.1213276423612,11637.93382074521
301415,104269.1000938658,4266.901314705536,33507.78314139432,39085.914270763504,187208.91867025144,182087.9852935848,70541.68382252794,120343.43416433343,-31065.99700569232,68556.16632273978,28669.850113898225,-34150.45909647896,3710.6048529818436,23679.326677880847,-245.03582418523638,21712.361048377366
301416,95636.91355064671,-4407.084153151531,23703.887797646406,29095.209076923362,186187.85199517474,173108.31666808284,60747.15434059852,111220.82820981015,-39670.17591665415,58781.138396061855,19234.001971126116,-43961.19858631763,16349.989892739311,23555.81818510758,11747.599719054548,13142.427512904138
301417,82438.42341363414,-18578.788326957816,11490.095066527292,17325.312594417752,173493.44142735878,158688.12268044302,47123.60945578808,96797.84988251587,-49512.00987600729,45752.08520377414,6558.419905396143,-55853.50977094407,15000.400516440664,20360.512438098,10923.17144348488,2871.0543336442365
301418,88369.2643950466,-12779.533412099436,18613.204487587205,24685.903703914242,180760.23542920477,164758.80215992365,54056.93463185275,103007.28679952263,-42915.33164204992,52803.965088958445,13334.332196123269,-48584.47703196581,3716.4770061618583,20088.349537829192,268.53259230278576,9386.812407135374
301419,103169.42972371625,3018.589933955762,32688.457876274362,38354.1478046516,187527.26762254105,180841.53327129548,69509.3098077625,119113.42451108282,-31609.829022184174,67622.43066343843,27746.032525050327,-34894.787742034314,2111.855171227206,23192.48916667269,-1676.2977422907936,21092.073341572195
301420,98323.45567366757,-1600.7655113166406,26450.907687172443,31816.86163493552,187236.9057344588,175982.27396390357,63647.022368676975,114113.82582320753,-37366.32388303506,61612.04614557275,21977.860629681287,-41247.310264351756,14778.08029702698,23949.217163199704,10204.437886879712,15478.031088270816
301421,83476.44080299747,-17397.0971437155,12269.698057526994,18021.120111918804,174073.5928739598,159873.24621648074,48110.791918191986,97969.31573197586,-48964.42125229728,46653.6878836298,7442.020161757302,-55116.884887656735,16409.31000381819,20789.282773326813,12205.02183182504,3478.9648744881893
301422,86082.35574588602,-15143.819396868823,16239.0859825451,22322.405449682672,178079.3950587096,162322.8033760753,51569.04436914078,100551.27137119495,-44948.3004613683,50362.128668546706,10972.749842996562,-50938.308872533395,5483.747752250459,19835.226230677992,1975.1599588155739,7316.25904326659
301423,101476.34047342799,1151.4986133580815,31256.20764602374,37017.94620837748,187741.19502562805,178957.43599746042,67832.00256806891,117245.31835698272,-32654.80950966928,66064.2909618876,26221.495712820033,-36236.74834710418,963.2766588070344,22636.9949577104,-2683.1598804224377,19967.884527948212
301424,100782.5573079733,939.0290606445756,29043.189734634263,34409.566603806015,187539.78417329822,178587.07658548735,66336.86435923229,116745.15329959714,-35167.62635443767,64252.427431530166,24536.017506252818,-38678.03866804548,12718.813531985916,24213.045257584195,8210.839437185485,17697.103100789198
301425,85062.48263773884,-15651.043631629476,13613.106119436283,19275.85372512783,175598.52018575394,161637.43656030353,49687.97924650185,99726.61929040863,-47935.20085666987,48133.040525160846,8884.742075087719,-53823.52340379148,17473.442424388377,21295.61563995599,13145.51188895819,4584.034511816257
301426,84129.34408321849,-17136.868411440177,14144.878455206179,20212.980729032788,175644.37997486437,160261.07031526952,49409.57023414424,98465.85794353354,-46795.731962175414,48223.66124602747,8906.460468547626,-53036.85099247626,7507.208476080599,19692.837865834786,3906.223310446519,5457.814846047042
301427,99196.8461672393,-1320.4601594465903,29207.14980219792,35058.264280223055,187566.2661343095,176454.2041578953,65515.27501106113,114751.64668030891,-34241.777988031026,63872.799553772515,24079.47595773424,-38203.61881454036,419.3150938482444,22043.563718690843,-3117.5144199479196,18306.565298922855
301428,102741.12932860834,2926.295431921314,31216.72022950589,36607.01130312718,187741.45112468925,180637.52778828854,68535.73391829936,118826.96667399383,-33290.58101948997,66433.97284645296,26642.242289938094,-36511.48237176442,10345.374524827252,24318.565839551295,5945.156298393684,19575.858164561225
301429,87165.21891858135,-13386.648142939517,15528.983199611514,21105.60687216563,177986.61156834773,163941.98697873834,51846.42512854494,102034.18302352157,-46400.48245429895,50193.86404663344,10889.141954684314,-51954.83256949132,18035.43560779482,21863.05886207819,13602.741224239064,6197.869717511194
301430,82671.76261580101,-18606.75006848109,12505.933487903605,18535.871096866216,174064.22228907963,158736.94134017348,47761.63888506594,96922.79895894826,-48279.29062284222,46571.42523573768,7315.4591256139065,-54689.999595311216,9583.719030489974,19669.529397858845,5882.119670378816,3980.325821949461
301431,96547.8606182909,-4171.687575285682,26723.7655853308,32650.049480906808,187253.02375764458,173559.01551665267,62769.36732885323,111864.64216316749,-36210.97331128992,61248.58980493332,21526.439684159413,-40602.80215339124,518.6604138168082,21465.24776775083,-2932.2623767669857,16266.873252864227
301432,104062.79480582617,4221.1138898920735,32785.26295589838,38216.841418058146,187554.34690187091,181986.9186843093,70070.87630131896,120213.82012754334,-31888.504342577588,67982.3211870906,28134.09520951019,-34922.774843706575,7928.218960060254,24270.87428742794,3671.431073596499,20968.359077542893
301433,89796.84388810411,-10588.869202563494,18011.781806310377,23511.93870695665,180755.10518537613,166795.02831904998,54588.777100203006,104903.84037459608,-44362.92584041649,52835.09434348074,13454.31871680222,-49513.30875597254,17985.726952399957,22460.071246981744,13468.558208022618,8319.729571894191
301434,81900.0246564676,-19341.168933187982,11501.928702510057,17481.072153923982,173436.2384635111,157959.3422986258,46824.21872129136,96135.54422283253,-49232.566534547615,45605.28418664405,6386.8371383141985,-55714.20346253719,11574.65014758259,19777.435746228606,7754.401242139336,3057.9434708664494
301435,93672.08191715024,-7227.872571153288,23941.939553778233,29930.798408970128,185800.88661923094,170442.4636411002,59744.510970367926,108754.94446722232,-38459.359932983774,58341.68156583971,18698.433762535376,-43308.07816854428,1198.466377276882,20918.0919368121,-2223.7981310813493,13954.694582340117
301436,104569.81996949845,4662.959233333069,33560.96906544396,39047.5918976523,187225.07200478096,182464.00164716423,70743.43156030269,120731.29884114367,-31131.685109850747,68698.6402372354,28816.143952182632,-34114.42470789174,5673.239023396334,24049.003600524706,1560.3750982431316,21695.89588380089
301437,92755.30846157167,-7452.510854239657,20881.060199750107,26302.126197898495,183492.34114269813,169993.35016883194,57701.09080131945,108128.51340983546,-42003.97743916254,55837.96078227645,16373.270872946963,-46706.55550529594,17379.450370389713,23045.72386923791,12802.506205405038,10757.139895196502
301438,81889.3627815769,-19257.673330169135,11239.399500844751,17133.72782036305,173362.91247946981,158013.75048626453,46683.16072700138,96182.73548425626,-49594.76509916487,45395.13450035796,6199.164674788108,-56034.60227692594,13377.881107683166,20016.287039974486,9425.278203068625,2745.878024616989
301439,90864.0330311541,-10180.30358937965,21167.355851501554,27189.89913919354,183235.10451791593,167417.48836463375,56754.564856467594,105728.4799863659,-40766.38903286621,55437.56348534619,15884.89653671216,-46044.25584515594,2316.204882328323,20444.312931183333,-1105.321329578024,11597.230758735053
301440,104205.5714261953,4194.664421227293,33477.613062201664,39033.23559392717,187199.0525115141,182005.8667959819,70491.32782540217,120306.04489858968,-31092.016711590306,68510.40298895785,28622.80854684663,-34159.3910705329,3714.026629030892,23667.5108129882,-234.1566528520144,21691.632166541873
301441,95680.78011930628,-4362.964666134356,23779.622567631213,29151.419296858854,186212.8776799136,173142.46442032873,60810.88746140343,111304.22708488785,-39611.64789780592,58845.209673653924,19294.946481434446,-43868.86556585865,16314.048653764274,23564.31363640826,11719.078841047813,13215.29202246197
301442,82467.96263055928,-18544.35677433775,11545.57125467283,17367.05156394947,173488.55074745612,158707.6124602332,47170.13055262757,96885.37314018799,-49470.575245107335,45795.77635709381,6599.027340631852,-55783.042817290756,15006.416316160052,20370.02703931146,10927.874001038133,2933.2367303825704
301443,88300.13365303329,-12845.093450505346,18569.480719794818,24637.104313206557,180676.09145708085,164671.79403315438,53999.43763897651,103025.6163586985,-42952.62825155824,52743.656972922516,13275.006307849932,-48609.5141203559,3743.2033742002527,20077.588785420085,296.4652357520067,9369.318389099339
301444,103130.05187463781,2986.042061976307,32671.853748417612,38338.926174176144,187512.36538633236,180786.02571450034,69482.94537768289,119195.29972774844,-31617.91265187326,67591.42898789959,27718.266328673097,-34889.078673836135,2079.9050424173174,23175.172390679545,-1709.4564638797297,21103.031191147362
301445,98437.84431287425,-1463.5056447806564,26571.40722948425,31939.25181024574,187224.9340145477,176096.85447796,63777.95172921583,114394.29996635819,-37267.12804049086,61726.35515725863,22091.596006918568,-41111.26602740097,14739.665085496257,23960.947662736,10158.84190445715,15599.47626631897
301446,83599.51704753633,-17239.385297429406,12385.23347501412,18140.268568561507,174155.0906524266,160003.9613927853,48245.81066043927,98298.05526239434,-48877.1999906141,46764.01859290984,7551.778606303353,-54991.489605211485,16422.216074566903,20808.005002403843,12209.331516063554,3589.258609652693
301447,86124.54829849607,-15064.650284852438,16276.353540062959,22371.911092033544,178073.04265439243,162370.32641693362,51621.080648292416,100826.2684573685,-44926.13886087044,50389.55465823576,11002.696483237376,-50890.515588277245,5485.192992925282,19834.91101085061,1976.4799951393506,7357.921577946751
301448,101480.46938188872,1193.477367251604,31260.436617636144,37042.67325164956,187743.47475479872,178966.22407305136,67848.6070444679,117503.49865685399,-32655.801046111166,66053.63875484528,26215.27151911734,-36224.40569683902,927.7685548471904,22620.36978074286,-2719.141974986363,19982.392350148697
301449,100825.7943904539,1029.774116503153,29078.33436987638,34469.74970892914,187521.56597381958,178642.50259499272,66393.09153786337,117067.89827522455,-35141.50760035892,64276.530232587895,24566.151269769878,-38636.61454003301,12696.045289985914,24207.7908797414,8187.635818867218,17734.534777748744
301450,85123.23801842835,-15532.843700391797,13655.123012373393,19344.79669667672,175652.81442773732,161718.00142533588,49758.72210560836,100096.49568129616,-47909.14371003378,48162.181117933666,8921.364796600279,-53780.241027478216,17502.740461419486,21301.194759094153,13171.919285344233,4616.842244988756
301451,84217.26899751183,-16983.517626183024,14211.98811373435,20310.822501567032,175698.26149643236,160374.4282569177,49508.82839711821,98892.448045703,-46746.0397193087,48278.213130313605,8968.180919831155,-52967.115726966884,7488.83580949665,19693.67336742925,3890.787854742007,5510.749843528018
301452,99334.2475533101,-1110.1086184884632,29319.205048521653,35206.24349822049,187587.80565963412,176621.88709627336,65663.98961006671,115247.76240797453,-34148.59547468133,63973.358811610866,24187.36738826067,-38090.091297851664,348.9953037552177,22044.7504416314,-3182.6617113031452,18404.471580561607
301453,102859.28209714215,3124.385196851787,31301.010846446196,36731.14653138117,187743.2612047778,180788.66978703413,68660.24520841846,119316.35006840527,-33221.48547459009,66509.97425923496,26727.648617906107,-36426.37406244757,10300.486493832484,24318.30124168489,5902.5500323405195,19649.916295555635
301454,87244.66905285462,-13218.312207576084,15566.209057401018,21186.02807269629,178057.80918884996,164057.19705951933,51926.81151598762,102502.18994822529,-46377.737070135794,50218.90897566186,10926.37560606661,-51922.16172389759,18036.25812547214,21853.712140528092,13598.701468559484,6217.374038014864
301455,82734.62417148742,-18444.93857956234,12521.812335407429,18599.46146844319,174110.39462768863,158841.45470397026,47823.86995036613,97394.65131691998,-48276.35081933563,46574.71981716661,7331.390526473424,-54681.15631338855,9625.115748884133,19663.341056489982,5916.296180661513,3975.342798025188
301456,96608.49273732194,-4007.438870869523,26746.642000601714,32724.35181599769,187266.47066349856,173665.81352432416,62834.215771984935,112346.05130994723,-36200.8728598063,61254.29584069202,21545.03894580953,-40590.42295363461,507.5345805413671,21450.52966326304,-2951.1990421368937,16266.199885933605
301457,104196.3684956429,4464.289960895765,32889.3965480254,38374.83614345264,187578.9518648448,182173.43998103973,70216.93303842274,120776.92116535158,-31811.5729827724,68063.21442267843,28228.800014102024,-34836.69688872304,7820.383429790874,24255.82268654712,3565.6627479186754,21031.181627893922
301458,89940.8288045683,-10328.709276273355,18120.57451461041,23670.125036708392,180880.36588727823,166995.06946365634,54740.32850980553,105483.17801612659,-44290.006597090694,52913.653543659515,13549.847604046216,-49430.523634151425,17919.586819493677,22451.352676685292,13404.42731748613,8372.287036173475
301459,81944.10911253867,-19179.799222857553,11502.422290993349,17530.520356174315,173478.4294656235,158053.6136919608,46861.972503645746,96610.61754658006,-49256.893564421945,45567.886703250726,6371.944426825885,-55742.3604519518,11614.27887191123,19759.9294173366,7789.101439228017,3010.0559997014047
301460,93663.54024408109,-7118.923116308842,23893.15706781272,29936.720309007276,185785.60206045676,170479.9010895738,59727.95634007946,109171.98968552782,-38522.038434963004,58251.43943829327,18631.292476339324,-43386.007612841706,1236.12097528303,20888.830960448315,-2187.714731522461,13867.920659753987
301461,104689.48421183354,4907.215918814379,33648.6372767828,39193.83806362586,187240.73214728694,182638.69802392184,70869.16262490189,121280.7667836399,-31076.906671481134,68748.29529788633,28883.351339127417,-34061.32942964447,5582.0293415914,24028.157777655313,1472.8524169009102,21724.023600456796
301462,92946.84735064607,-7128.720670138085,21037.11614288054,26516.638343048773,183647.43094937195,170248.8130784388,57903.83838995279,108754.07039720984,-41897.68626203344,55959.01823439348,16508.9517419507,-46590.06748253391,17311.966251458492,23046.39364855633,12729.176413813308,10832.219690606711
301463,81908.75136350565,-19110.804329389466,11224.247798768216,17178.26326675421,173369.32721274858,158086.9742247999,46703.6483626382,96624.65787357024,-49634.76010029962,45337.660724626556,6160.342891332025,-56087.00544064629,13410.502910455578,19996.874274387235,9455.011454197424,2667.919621124195
301464,90715.60223152292,-10211.675576073503,20995.909330706607,27083.884965092995,183104.9599336109,167308.69209206416,56601.64203642393,105986.03200583807,-40931.98651809214,55211.55735268865,15683.46913306824,-46253.058217609716,2377.2303338372594,20393.088859516603,-1042.9865436622356,11386.17302782892
301465,104128.24462931996,4233.589760440273,33389.32144677,39010.087009332296,187179.82005308694,181971.54898591997,70420.53518397035,120631.45262633162,-31181.690701842737,68368.16068328646,28504.15848505208,-34286.73549359861,3671.7235314701065,23617.415573831284,-271.30996681317595,21553.02721546847
301466,95778.31755542627,-4142.500837294412,23863.242696152494,29291.043190557277,186305.83256304,173294.77970914697,60924.54586439427,111811.42443528853,-39563.65394425787,58878.01655544825,19347.28876970776,-43833.905332453905,16238.35536405592,23548.059704608353,11642.251821826718,13215.179068064728
301467,82517.75653059066,-18377.11345956057,11579.611066538979,17451.47962521671,173517.16607626647,158808.39643641614,47231.405034708165,97327.0225359324,-49466.47974967501,45776.46337200022,6602.968826493695,-55796.911227009245,14987.139579386194,20353.436581088557,10906.596284097628,2888.4875305095593
301468,88185.80611269274,-12857.045749057928,18451.19361257322,24568.687028818636,180572.17736611931,164593.4257475678,53890.54855535081,103256.0313593663,-43075.88719837178,52561.38006664135,13121.575640736908,-48776.16856418383,3765.0494286828034,20034.053069937698,318.94094026492314,9190.914764401112
301469,102924.12521162117,2869.6864311626377,32474.890523148963,38190.96410412388,187479.31011536784,180604.73492662594,69282.17145615927,119292.28132348851,-31802.21099225189,67324.69346477758,27482.362849586374,-35137.56061623547,2111.8569041452497,23114.184624516965,-1675.0797694263379,20857.12240838498
301470,98303.26527117939,-1514.2645824668061,26448.163722514546,31861.4534405081,187203.15750153532,175986.22660433588,63651.91557753111,114538.77498602672,-37387.18044802903,61536.527247949605,21931.179559766075,-41288.44090465014,14744.214380490599,23915.32509279387,10163.476333446986,15421.592230215836
301471,83547.92695167975,-17212.7931086174,12341.817356632882,18140.09781023995,174109.57013279965,159977.59955350158,48206.37796880837,98511.07702996784,-48924.42395450255,46661.37731853458,7477.523198470829,-55080.954330790104,16407.68457632894,20781.911323359713,12195.94766182888,3493.88629040365
301472,86054.3383551426,-15067.611235901866,16215.745216754614,22355.36898925446,177992.23742824374,162318.8085618195,51561.974658799925,101003.90999762414,-44977.07174948449,50275.38261265432,10918.01402701119,-50986.98478245101,5455.938281800808,19804.354635633135,1945.955950059238,7260.536768681823
301473,101357.1750704542,1128.0836068405738,31142.203952910735,36978.34488071034,187743.79457191896,178853.59603020517,67734.34805038695,117617.63368410416,-32737.45968720116,65892.85458185746,26085.61213841929,-36366.422629388646,870.6815057911408,22571.254034511272,-2772.5980293238067,19850.017962511232
301474,100750.85804587937,1014.642594378578,28988.621356180334,34442.46651418049,187483.6807446833,178582.9295041528,66325.66915178232,117237.09690402579,-35193.69519513866,64162.28145188054,24481.29022643677,-38742.7454958004,12658.252124644123,24167.708198569882,8151.19008510911,17637.523034444537
301475,85080.09868260229,-15511.35290299997,13571.188185268851,19329.51863871076,175638.67874757084,161696.3139442352,49718.096398516725,100306.89858036727,-47956.88234409,48071.63138375449,8860.237213075095,-53870.70420981051,17548.794374165136,21278.804799933234,13211.811020673696,4539.561266111769
301476,84142.07766795461,-16998.26788195083,14089.60402997222,20268.432331812593,175607.33073535032,160317.73833919925,49435.23502141866,99071.76249613774,-46818.97080884239,48156.97829356078,8880.098025636615,-53085.51759124559,7545.851599461126,19671.226238053532,3944.6849689244045,5410.696508794255
301477,99212.62431151202,-1180.2679859749462,29166.252896135444,35146.52705332081,187628.38031410213,176513.20137938022,65553.6680153597,115381.3266964633,-34228.297570511495,63825.86305376679,24074.906003835902,-38229.299484324874,306.89221215749103,22001.732677063854,-3220.765399538845,18289.135802420766
301478,102826.505158415,3147.293232065284,31236.381317550942,36768.427979094864,187743.06546885587,180776.26283614943,68650.70834941346,119555.55167079766,-33222.84766872121,66460.11526504597,26708.29838481931,-36477.79861347309,10173.844871660185,24282.16640540219,5779.6464226065,19614.433564424053
301479,87190.56131698767,-13210.461707707791,15449.337162616172,21176.5700660198,178055.08853861163,164028.57904914313,51883.11538970588,102736.32061560175,-46422.542026280906,50136.23721143088,10872.325362933414,-52015.05960994596,18078.061715292137,21840.50225409652,13636.53572048464,6154.68480763799
301480,82577.89968475999,-18543.40018491162,12289.592896641045,18482.0936022845,173983.9272642515,158705.3310807828,47664.10614587308,97532.26374951296,-48413.58022655318,46386.17583236551,7174.097433800773,-54875.34636196469,9747.251322335138,19638.68009336145,6032.032864602249,3825.9616269203716
301481,96502.9704343385,-4056.704990834185,26575.2149432762,32677.369869644957,187294.0365604123,173582.2452232083,62734.83418227442,112548.84358711311,-36270.12141893344,61133.842286799954,21453.471961915173,-40716.565967386894,495.67377081399167,21421.22566886982,-2965.398574991735,16182.639420204985
301482,104261.83736091244,4594.759190450837,32891.814107213526,38508.38045124222,187624.1406105098,182275.70643658377,70304.88629162693,121178.5505540031,-31734.082990433428,68126.31680430702,28314.144854423,-34793.93548951691,7658.1142932834555,24241.27862361655,3402.1775538200063,21100.794664766996
301483,89964.73928131591,-10231.291349070658,18064.26659653863,23750.48337898421,180917.46898478566,167064.87001162133,54781.385333534345,105863.99116299105,-44269.23394256905,52928.73783616314,13587.156705135796,-49443.94375298111,17874.575792628682,22448.015630544032,13356.624434642665,8398.50975165791
301484,81742.59131825877,-19310.272646701433,11215.006025114373,17386.77690558819,173328.23208681663,157892.79348353483,46664.34441688426,96772.7275084452,-49432.97356536146,45353.40088790877,6185.945848717807,-55977.06442677857,11719.009384950881,19730.973325772346,7889.599945064043,2841.4111132241997
301485,93422.00256465828,-7294.150541770519,23574.03694794337,29768.28688638309,185592.2693407014,170278.69558595217,59493.707513427486,109305.26811480956,-38717.1562924709,58005.18434079802,18415.169452602942,-43650.115733680286,1315.6574194794016,20847.996314179196,-2109.560187063463,13679.58541793733
301486,104642.65795020963,4933.559217446786,33532.03999592194,39232.260270896724,187271.30973205174,182647.59810544134,70849.45526121272,121637.41756293763,-31093.93133197053,68712.68491829165,28873.467396449498,-34123.45932040441,5509.447019926075,24009.082055576393,1406.2030927577903,21720.3622542345
301487,93026.78168966578,-6966.106527416703,21038.166768283223,26677.787015246315,183718.29779430846,170400.94480019686,58017.00968139245,109267.2014346332,-41812.07902793633,56053.62284263315,16626.54688159861,-46528.09577051068,17191.56474980391,23048.701237338937,12618.87445634728,10945.304786350262
301488,81863.1747147944,-19073.9098783757,11086.252891593704,17207.47828557453,173344.61341337228,158112.48784855223,46676.413443535384,97022.28092381537,-49662.999416834966,45299.45132722752,6148.99297657313,-56152.04889977776,13389.306502491718,19982.692635206957,9441.862928152892,2672.1325653208487
301489,90542.52289329065,-10304.475302610832,20725.142508232922,26983.257001228234,182993.6708929144,167202.64730158332,56434.26925778524,106260.33479152886,-41071.673764974286,55038.48022581686,15540.8293775034,-46450.33129267051,2441.6403251070624,20362.198523091785,-975.3990395729104,11278.726465549717
301490,104019.02352275557,4210.7865963990425,33180.31177198016,38972.709550329986,187145.34692292073,181937.14666911517,70321.46911059259,120987.45754063383,-31268.23628891667,68261.82045790477,28426.024183705864,-34429.08305766211,3707.213923716518,23596.775097903035,-228.97076159707566,21503.192976353832
301491,95834.48341896478,-3986.4175501218033,23819.800290634805,29421.31906858729,186363.0297999658,173445.3119319166,61005.0367854839,112361.7214852962,-39513.178057637444,58948.09712086762,19440.039318880466,-43810.73881604028,16186.03390007172,23552.055813655366,11602.172588957037,13311.75569599612
301492,82581.66304176439,-18207.701240230574,11547.830371263746,17596.202249592257,173561.4860926165,158973.0174184653,47322.93221682336,97899.88613800012,-49409.131634787176,45859.278565163,6707.044330650628,-55758.51860003644,14905.764018481632,20354.737761911427,10840.360843784774,2993.364821133963
301493,88104.88039618383,-12837.35129560651,18276.393692820016,24573.43517632141,180510.4663725749,164603.86069039733,53824.310285711465,103678.00817382753,-43138.14824601294,52493.58435240911,13079.542296423033,-48881.451418214376,3736.4637158113574,20011.81105543268,303.28234583740823,9173.880707643171
301494,102792.12679322102,2839.042190824882,32246.95752583285,38141.00151848867,187418.95000642358,180561.85557360953,69156.87183709067,119659.23989175321,-31914.607184530712,67197.05759840162,27381.66434053777,-35306.2329756402,2095.1541920529835,23081.529190133973,-1676.1872564177122,20793.724431881965
301495,98349.73691045206,-1347.3152379091189,26392.539368975515,31971.848656151324,187163.8135652361,176142.69255927927,63712.1507861891,115096.33112508591,-37373.979387308646,61582.99272704095,21999.651937481955,-41299.33866320281,14715.3793768244,23918.864903296482,10143.968446797477,15494.549925973635
301496,83673.91228135518,-16954.293410071008,12375.346350989004,18317.910792537266,174213.0194636947,160226.81091350009,48348.949744990925,99136.24012537344,-48861.70340980998,46784.98236629444,7618.342631914157,-55022.51593597715,16395.367133090593,20800.868432770974,12188.108277221005,3617.7248836559033
301497,86077.26958865387,-14915.525465967385,16182.202388507982,22448.220974216678,177968.46052311952,162459.06619008863,51603.26354654639,101486.19833443327,-44992.43464493861,50300.112923426685,10959.641794236955,-51020.6543450351,5415.722448636728,19795.631541874453,1910.761684324771,7300.29966495658
301498,101253.72751321367,1142.6759470259617,31022.45802008897,36962.15276409664,187744.9269673446,178854.23741710687,67648.44437217887,117919.10630172794,-32847.00704371296,65790.43062639705,26002.0587489736,-36519.02131950802,800.6828986352041,22531.064859407146,-2835.322824177231,19796.754433269736
301499,100670.99220742486,1053.3843986501292,28909.246257536375,34434.55493337864,187415.52418576443,178606.33135323424,66260.5467104419,117518.0696772671,-35298.34238660532,64074.83610592378,24413.95919900611,-38885.36199318208,12636.858955701615,24140.074154776896,8130.2664308792455,17592.812477916214
301500,85031.32656957797,-15439.451998168044,13526.72989177665,19328.22311349798,175614.8126471794,161754.60440387006,49677.12507879749,100581.95049178245,-48053.86131448208,48006.18312626895,8814.701751818367,-53996.74647699026,17628.04268806513,21272.46706511375,13283.271596000079,4499.746892777701
301501,84124.50015562295,-16899.930283896894,14098.101585698892,20303.56770095356,175545.58924720436,160404.99366863642,49430.53267872271,99341.31376563743,-46884.80744352632,48125.48956819162,8865.454326370718,-53175.37762410727,7561.075205826366,19662.292923545494,3953.772261266341,5398.724628817544
301502,99240.43777075395,-1045.1908290426209,29249.563469426852,35243.174044655985,187702.06413521298,176639.49246726133,65604.20764330286,115656.27656111793,-34235.124445315465,63846.99101612952,24109.765354752082,-38263.45980008679,167.21308578148682,21978.968402412436,-3354.311362845925,18339.558269313722
301503,102874.20102778471,3296.9565713828943,31348.31348245006,36874.4033469557,187744.19170573843,180918.7685911498,68718.1042313663,119808.03621172202,-33218.640262404515,66495.87754548143,26759.168767499767,-36499.17473230666,10036.049536394507,24262.972535989924,5651.1264288191505,19680.889333474697
301504,87131.49089417397,-13171.260729535526,15443.73903603953,21145.441582130567,178023.40069848375,164059.3998468191,51826.454928465515,102837.63908096185,-46535.86853395061,50043.09430070475,10801.26980845175,-52163.856415025286,18148.04710264047,21825.35069212404,13704.43405301166,6096.922793838052
301505,82453.06432194283,-18574.976081026758,12222.931437410069,18376.303925563687,173859.0947839917,158663.7972564363,47535.79500783833,97529.50057494719,-48594.43645165693,46216.18568391868,7029.928849914312,-55096.20410929955,9875.13159692728,19618.630200311552,6159.116572284348,3692.762900612849
301506,96487.14682955721,-3985.647490037264,26639.79481453426,32692.63159859703,187342.45010517933,173647.30309143168,62728.25353330027,112624.60801515034,-36344.002549073826,61083.75845284589,21423.294548931288,-40820.12850922086,456.20012192025206,21402.680237017255,-2989.701761976048,16156.967162382072
301507,104391.34117972704,4805.9594307478,33118.7379144086,38674.86838962925,187706.4632431786,182484.1522002428,70456.50766176624,121370.48754171742,-31673.19455660129,68230.66666838812,28433.050202318685,-34746.64408060743,7457.437465388706,24232.201517453243,3224.3064264006916,21210.488174829617
301508,90027.57525693887,-10094.65953769884,18214.97057366372,23831.69762006951,180942.4817434122,167195.87029387656,54853.18308257648,105952.82892557446,-44275.88896839571,52954.645061222385,13630.913921842646,-49471.02453451754,17791.70450493796,22437.772603487447,13285.920974900771,8432.313346953877
301509,81613.0676814875,-19378.31656420581,11157.778029536168,17254.41373501545,173206.1306965914,157814.0857793939,46519.447228276294,96627.40179254196,-49620.505875911345,45165.515880573075,6022.64481089032,-56210.82297839954,11823.71318809489,19704.27251286433,8000.5668853093,2684.1495430939763
301510,93290.75354529909,-7369.583425184232,23514.687488359756,29627.713703465517,185440.4600366553,170190.64838011045,59343.94052063726,109130.55274759114,-38910.29696086987,57810.48530247076,18245.97899830598,-43891.92132249345,1410.6232867808478,20822.680244489227,-2008.6656295986359,13517.043245149036
301511,104741.96946842124,5093.152769054969,33716.18555579039,39327.30023792503,187324.94707539328,182798.4493376358,70951.24635737062,121683.2882503764,-31087.32747965553,68761.9103918462,28940.21397350607,-34134.750355546836,5387.451019596662,24002.846531647745,1298.0140962276414,21764.17417873365
301512,93249.06682872804,-6680.733971184884,21351.884069901345,26894.181879303018,183831.92320169322,170678.02669296297,58252.07713349869,109421.87973120355,-41704.6211189616,56231.0250796091,16817.485460943393,-46416.84865523999,17004.81701248345,23060.14729812397,12443.189497766198,11086.132703241448
301513,81844.9442193389,-19046.61670242389,11157.124541360059,17179.993023091225,173267.89048414805,158126.54340126232,46653.19943016254,96897.90882546207,-49765.842408926765,45223.09219882175,6094.016277790028,-56282.4080679553,13369.37426053215,19962.11367795109,9420.572712524725,2592.4521911399233
301514,90259.75045523768,-10562.888020881126,20530.20792017022,26691.762130770334,182714.70703627067,166924.9488405433,56127.457187078624,105829.71308075858,-41396.357896555506,54686.12898857474,15217.604976800412,-46844.17430071151,2556.362196410483,20302.53962462639,-865.9505009322395,10974.804632039384
301515,103878.90450967476,4095.3041975488127,33132.486304115264,38824.38569656502,187082.4861621653,181803.23970370152,70166.00564367502,120688.31426847163,-31472.87904851413,68056.8446288415,28242.476674963324,-34684.55431527629,3708.440633882166,23549.70180891465,-230.68675067602078,21328.1986049564
301516,96056.56798736076,-3724.260398434669,24128.386113441127,29620.06768859875,186499.33645745914,173695.66653215024,61230.561013149534,112435.249715339,-39424.519692648086,59112.337195967426,19613.688890600944,-43718.9867298396,16046.619319628817,23562.616653607613,11452.032144716311,13435.755051759219
301517,82816.85103457131,-17935.609658272348,11862.068966087832,17799.70546201991,173663.18389940175,159234.61184026446,47557.98538724304,97974.80453055672,-49312.870477227116,46033.24538492967,6889.990497924934,-55657.64862706841,14782.70654662116,20366.604208981156,10702.230759325708,3119.927578499204
301518,88059.24945922656,-12864.335303658409,18312.188787511077,24503.12326542107,180393.54626887638,164560.00934024405,53761.65881784995,103439.07283424542,-43270.38997865928,52381.16459793469,12983.023536188906,-49052.90438921795,3718.4888013002264,19975.17439031191,274.4450579769928,9065.765028880638
301519,102598.3534003211,2655.382011674821,32136.63763726662,37923.66988776314,187311.73454609048,180356.88853249798,68937.87467136912,119250.72939255035,-32173.661770625175,66930.41431221488,27136.328463669422,-35628.43469555743,2140.822412183294,23019.382790405045,-1635.1476500691908,20562.90815759269
301520,98340.99934841176,-1334.4725439037572,26455.018128045824,31920.991151969076,187093.1659650638,176135.45263594564,63685.840251556365,114882.74020425905,-37499.046227358645,61500.47862914935,21932.804267544838,-41456.80759277871,14758.437015161391,23899.312283963707,10180.640288992265,15403.74609927989
301521,83830.1403691163,-16769.281953204896,12590.101224689788,18428.410823613332,174261.93243284686,160395.6503909551,48499.7482939191,99112.13793066064,-48845.8227902582,46880.947723254285,7724.435583553384,-55011.465358297355,16382.972538128932,20816.044754084152,12167.365230587786,3668.3683316393676
301522,86216.07781430268,-14757.86468087089,16381.52913846796,22563.997670956334,177974.39130170445,162602.616036319,51742.51313852468,101455.98564383175,-44970.76177413932,50389.7483801625,11059.613280508082,-51007.54841509259,5293.690409178571,19796.424194359337,1794.3797657915823,7353.194401547509
301523,101225.46865468431,1121.282667921545,31051.77906287898,36924.781383177215,187747.47139789184,178814.56001103844,67612.32201951058,117723.09150695492,-32947.32603713932,65718.38153660267,25943.331010540354,-36660.945448797844,685.2459255986328,22497.16278202126,-2932.383640211008,19725.575963526564
301524,100578.63630510241,973.0452075638644,28848.762203720147,34316.574718091826,187294.9053629812,178502.65350300536,66147.37233369914,117270.34984341126,-35474.22162961244,63925.595437669865,24278.7810427125,-39111.45872844517,12661.745773814218,24112.549124098034,8163.412289854935,17450.359192446183
301525,85005.39446837365,-15438.90461669186,13505.585787230211,19252.359616344394,175571.48165191995,161730.1673271461,49626.251649353435,100428.23236725134,-48191.90029037668,47922.71167296686,8742.00170904428,-54169.95455374807,17761.650917142557,21278.66693992261,13417.772674722299,4398.495461621202
301526,84253.50768312105,-16736.378938962003,14240.92672916883,20392.21168462411,175564.61533793272,160547.7882754536,49550.4603326995,99368.1493842899,-46883.21151411487,48218.27100122627,8959.51206058816,-53183.06491647788,7549.242427657753,19685.731675297822,3950.3612310926005,5437.399767774919
301527,99418.96517044891,-835.0675246205271,29468.068475706517,35408.71667320536,187832.49853736005,176830.6824082489,65788.69916684352,115738.65464154903,-34170.28144614292,64011.31211084998,24267.660309947485,-38202.52321354897,-23.613919120190644,21987.876472444135,-3527.1418514195907,18441.092395195803
301528,102908.45367797287,3359.0241158989816,31429.79432939477,36902.142418992706,187746.36474053477,180954.9584391865,68750.03030695347,119736.4430151294,-33276.07207584285,66515.34972400445,26773.543233913486,-36584.150691038114,9903.0491628938,24244.96762350732,5528.958679435989,19659.56750168431
301529,86969.09318492225,-13306.729197691617,15314.492347771204,20954.912965405165,177876.64767283152,163888.79039001593,51636.58813566771,102554.99362125812,-46777.98019961301,49850.95734082816,10608.24010591989,-52462.443729319864,18254.75800470284,21797.244572255626,13805.915235905451,5892.742669544749
301530,82319.5221699327,-18675.555211431634,12118.516132675733,18203.11820986984,173706.98855087924,158526.23701376515,47372.240707710225,97277.1646666142,-48823.90165037315,46053.63618583417,6861.5375804400455,-55377.35388875631,10038.615486736695,19603.225994476743,6313.17210541502,3506.7721774856036
301531,96603.72434312852,-3827.1006050205915,26806.3978421554,32787.8242479129,187428.31579355005,173772.66233605176,62840.87688861137,112635.99808291683,-36348.42322537239,61194.29465277335,21514.159942989507,-40842.53648196662,395.9380991279335,21408.84327494698,-3052.37475335057,16203.322260239673
301532,104705.92684638001,5171.381292780149,33507.1725827251,38986.86875320939,187851.90961417792,182818.97743009456,70789.9264181019,121588.9610020447,-31496.330117697762,68563.75904517078,28734.13461389674,-34558.281600127564,7176.543639146237,24247.925346716573,2954.908100489027,21443.036328996935
301533,90166.04637316693,-9906.477466047116,18420.707016864046,23952.27384152283,181006.69797351997,167346.68501547968,54993.23839253842,105980.95926267208,-44264.63165699017,53097.953325962735,13745.384897873178,-49473.12528819729,17697.715683742572,22438.85942091768,13193.525768118478,8502.763711114007
301534,81386.72752509719,-19564.95662930994,10984.678480597146,16992.728365824514,172984.17070389312,157579.17670610378,46263.93821474016,96266.12331884477,-49940.08560147837,44919.46802375193,5758.273893724591,-56593.82629978016,12031.260380521751,19663.570514930656,8199.62307951883,2423.0113301434135
301535,93053.36917519769,-7567.924795694975,23338.58575257845,29364.47668885934,185184.2019245395,169942.93272550846,59081.34980130399,108760.56654030233,-39231.930455891285,57560.98380868601,17972.983687438013,-44280.9759672452,1598.1255614334914,20776.93909249083,-1827.2629268118178,13252.842285759123
301536,104920.91594286569,5326.784800254432,33978.62274764953,39502.13384776409,187420.84853002755,182992.0100058495,71143.73262816743,121762.59855794876,-31038.422042710426,68959.80303379225,29096.712430945798,-34094.72472844971,5253.991247407669,24005.74229820223,1164.7520084726957,21876.491696718294
301537,93635.58855133897,-6230.25594633778,21824.084526607523,27276.02537728173,184055.57121977658,171093.31377663836,58667.5454554562,109729.67349428411,-41473.96953850319,56649.688571810926,17186.988718254903,-46167.90479639625,16761.07588657787,23096.012061767782,12200.773673802689,11387.200919664085
301538,81923.52090859896,-18913.52251171007,11308.30565211936,17242.136069770946,173264.7380831035,158214.6794089271,46734.32941481236,96883.3475827419,-49799.891355896354,45316.0583901022,6147.368154790145,-56347.34397386735,13315.485991610978,19956.628167569666,9370.729582021853,2625.6413406321585
301539,90015.60514723306,-10759.394770852865,20342.87444503554,26419.828222769404,182482.24014319165,166670.37298392673,55855.766779852325,105477.31054743387,-41712.03215433023,54441.150947989256,14940.585915693064,-47240.66283825973,2741.9236741374248,20261.194865757934,-680.8505909313079,10719.210908656085
301540,103779.33454177447,4055.312086407074,33085.976653340316,38692.064413722794,186972.89957927327,181706.08711219946,70047.00525783084,120497.05540994309,-31674.912770243667,67959.78497253128,28108.626403370326,-34945.89620746651,3854.9570692027896,23534.903905175328,-91.1175745827833,21187.704306315365
301541,96367.92472072173,-3330.862845865535,24499.154831079337,29898.2457053341,186670.86593845126,174040.39045386022,61554.872790532565,112692.75881869678,-39279.042322514295,59447.30309097491,19898.818099272867,-43569.894198660106,15973.5168661399,23610.437763551497,11374.007791104796,13651.635654185464
301542,83160.41447187978,-17510.313699857747,12276.473118739419,18120.186905494746,173822.42802911034,159612.98048516354,47923.54477280093,98273.50390476675,-49123.235075404606,46416.07156650222,7219.922922336033,-55459.69795861561,14598.61506928135,20407.744203151888,10527.69637997566,3379.950815549801
301543,88027.3305745839,-12835.003253938141,18357.156125444402,24460.555267656968,180277.32208528256,164533.7743702443,53729.16504914021,103336.41558413411,-43386.80620483336,52377.52187320108,12937.630750444096,-49217.78260724253,3664.006729741184,19952.649425211275,230.95753254691596,9010.322903111291
301544,102308.45327150289,2416.4283414310094,31914.282332870203,37620.40585725201,187122.7432598006,180053.69479127816,68625.60135142082,118873.43015578028,-32515.630418261688,66653.83316058724,26822.6981737099,-36059.009776529,2268.292890614173,22964.10240068681,-1504.542964054233,20277.821114792543
301545,98291.27074085645,-1315.3578186599877,26456.361866019735,31835.830200700053,186970.29417755187,176093.86564904143,63621.89587540891,114772.36555225094,-37663.911681324214,61458.7631315884,21847.481873780758,-41673.4008334049,14897.82020903105,23897.356743190943,10311.545596721096,15302.60691362944
301546,84131.27224223624,-16381.955417039897,12939.262198881823,18686.018037892973,174418.31452892727,160731.96667921467,48809.04949257629,99403.4164839373,-48714.72199059967,47201.66735797181,7991.069040701205,-54882.35165950435,16348.54166402392,20861.702016329036,12126.078694230071,3866.939012939746
301547,86542.36655394331,-14351.377083588195,16772.677733285236,22872.533760091716,178112.20819516084,162959.93525702198,52087.10153148415,101798.43785024316,-44794.003044482015,50750.52504934245,11362.711166183624,-50830.14993576097,5088.158549425923,19818.61455413849,1593.2184349807294,7591.967833327732
301548,101228.7674734329,1184.9980337688344,31126.05466885167,36932.31700183991,187750.78722916453,178822.35311493644,67617.74589343567,117734.4516743901,-33035.18835917306,65747.65131216869,25922.390944922605,-36793.106121191835,565.3809104196457,22455.81134662655,-3044.0348079312957,19692.051562823326
301549,100351.46016269887,801.7103578652683,28673.41667949346,34075.95275528767,187083.27610730607,178268.43834423582,65898.35077654233,117053.31915774886,-35785.89305055556,63702.05231392161,24012.50132776564,-39494.70091348563,12807.08355685063,24061.13394387147,8304.511237896075,17190.866543042328
301550,84874.73825198812,-15505.243032980548,13408.99192217598,19081.6658418681,175457.54068686644,161602.74405656487,49471.33637445652,100337.64982599567,-48449.628352557425,47780.21964892924,8555.94779038037,-54484.67059186839,18005.243064996856,21260.691741874507,13640.275674531385,4194.053106946278
301551,84453.12870572037,-16466.1466784318,14487.243973377927,20569.66493252016,175642.91374171065,160769.33624331298,49755.24234159196,99651.52336521578,-46843.062556257915,48427.50391182214,9116.631436202513,-53151.908202635226,7517.532627333036,19697.27847399239,3903.750691878188,5533.457274698467
301552,99753.07181092838,-439.0181751110069,29869.9074159468,35763.17097998863,188060.65854445234,177188.3382151814,66151.5931064367,116182.09319361995,-33978.404690661104,64377.21544801494,24575.54889438946,-38004.984089016056,-347.43599187060164,21986.27981581859,-3843.6382592753853,18688.20890133222
301553,103038.33124440545,3539.1597343835488,31616.875191620955,37055.98210541202,187749.5552614696,181094.171564568,68892.69692949753,119980.1481543791,-33263.39645126012,66660.67915082263,26867.79370530871,-36594.211106342904,9666.682916094285,24212.988463709633,5309.676064567589,19722.820190416445
301554,86766.67302631318,-13464.992581333861,15123.473284154883,20730.405678112053,177763.2000103706,163682.09268708125,51406.288894859244,102476.23981735499,-47092.82929819129,49618.0941335571,10341.87769460068,-52845.37133539315,18447.52857921683,21750.183923459568,13992.7978103578,5623.203808486637
301555,82127.04248983572,-18819.855139385385,11911.196175053728,17969.17899002604,173561.8235140266,158335.9645133458,47145.55399904539,97248.74504468987,-49149.338576598166,45817.72041316362,6598.115056579529,-55766.28449485427,10350.331981268453,19576.162731934095,6600.912820430463,3224.034746293766
301556,96800.59754488227,-3571.9974712461544,27005.399827684836,32982.406671982055,187578.7707200989,173999.00868168304,63047.9027894015,113060.67089649593,-36310.49302758015,61384.36714006721,21666.2394239864,-40811.57636284053,331.76933513998307,21418.255008395587,-3127.646373457358,16287.35262704791
301557,105155.72741668086,5681.403566400983,33975.791590292036,39477.238918359595,188105.9263596607,183311.45847685702,71282.93105628234,122317.60227412856,-31209.502991927526,69034.93209575421,29161.281348923567,-34245.587070641464,6794.377205575964,24270.74027177778,2578.613027680302,21776.95222049614
301558,90278.96624782999,-9747.339955067551,18529.575729362703,24097.711459583064,181114.1253091896,167481.62410419952,55119.53708402731,106387.6182749545,-44265.52504396231,53211.40160585023,13830.290860632535,-49500.88628107897,17553.19519095844,22424.444981255117,13044.6657179748,8537.867043957925
301559,81025.86824335865,-19894.1195821139,10582.215736195321,16632.109244472344,172756.11155459512,157213.26545445086,45867.03753395229,96205.31716923956,-50370.328387371796,44519.588202185565,5349.38956424698,-57118.69473983696,12298.745697859205,19604.074733738715,8446.285759722197,2019.651347080754
301560,92786.3104302588,-7796.229934400152,23015.2140302199,29091.097016923344,185006.566138556,169682.24856106244,58778.761507637035,108831.78956366019,-39594.73390684158,57252.17809065387,17655.61498520765,-44720.86152216104,1872.7851422376857,20735.913068929338,-1573.8671606386847,12921.789374998943
301561,105231.26705895933,5696.538975984813,34252.20461583042,39835.25038992094,187588.05410091658,183347.98111909447,71468.61978273105,122470.58102269527,-30895.82618237119,69263.76671044437,29371.254061977415,-33942.793614657145,5087.571687708877,24027.93469910266,1000.8684850102231,22059.822338141967
301562,94180.21002071856,-5624.645010089889,22351.11477169149,27863.011161011425,184470.09569034295,171693.8354421762,59249.47755942931,110700.21968933218,-41117.7065139639,57203.55286895239,17704.417687208574,-45769.32221509129,16372.217773055985,23139.36529249504,11821.793050238968,11780.191924822255
301563,81961.25584938901,-18842.52783401209,11324.762137879423,17317.55577737408,173310.03548197373,158269.74756930032,46769.9518970494,97322.8024591208,-49876.605403740235,45337.05546005795,6151.702302329364,-56453.56934467728,13197.246050901937,19924.721308495875,9258.909865535612,2569.968528350351
301564,89530.85419750541,-11236.1939720861,19819.858346880057,25955.372646125135,182165.6687281861,166166.6009727252,55323.76266465769,105364.47620922163,-42256.2336309245,53896.19344192959,14401.262066127238,-47886.83685431845,3009.250554734539,20164.40362594614,-421.3117736678171,10189.877080178172
301565,103506.49448609006,3796.5151245987327,32766.669036507345,38430.8472381247,186783.74670764405,181428.5557604861,69736.52948453379,120615.1463410393,-32053.640126293507,67615.81918763954,27770.233369267444,-35397.90909226439,4092.6131072154017,23479.60017762715,140.04946867829182,20830.88682155499
301566,96743.77268778585,-2920.0769347362166,24842.22745573952,30295.626766648948,186973.40817289898,174452.11619078665,61942.042161451216,113511.83037945558,-39093.00308127707,59774.26382427321,20218.569206418637,-43368.93400092126,15820.085939752236,23645.734459205116,11224.882939434583,13863.70466152006
301567,83728.65939546657,-16908.70851551616,12830.799779193927,18728.65225427545,174246.6722882843,160226.2195134655,48524.63031896994,99306.061445912,-48746.073412041515,46944.40610738641,7742.559839259801,-55045.855067216195,14195.19449321869,20449.528128848702,10135.583287054087,3778.589040682559
301568,88080.57940344003,-12773.872380864856,18387.455929547556,24558.822443955447,180342.85140780977,164607.45930342376,53778.45855110302,103822.85966795484,-43442.53332414124,52362.90119567315,12938.612093038102,-49313.25824372428,3500.4672992213236,19908.462913502808,78.23499953568091,8966.098370783844
301569,101873.26096250046,1976.893437315654,31422.308979165777,37207.34193928416,186797.06754917253,179627.7650874735,68140.87916337086,118840.74371603022,-33013.487181903634,66108.07537249077,26313.839813716746,-36664.130733631944,2526.9684531191488,22868.548291646148,-1251.9589690345704,19789.111287922795
301570,98057.02600079434,-1533.8583822864466,26141.326062171647,31601.28226801545,186758.91851607407,175905.72967241093,63343.835651262125,114962.40034046944,-38021.03628242623,61101.72389526256,21527.304353106247,-42102.03905526277,15217.114427507327,23859.42335387248,10612.840400740908,14965.538748869782
301571,84492.6913896194,-15979.760836726175,13236.897156054849,19064.223650020176,174688.19214231626,161194.12245691958,49177.2251671805,100226.47027151285,-48553.927401837864,47470.18450070098,8281.00715366594,-54704.11313719258,16244.092834414363,20901.225533040248,12018.190014158274,4058.4168301522304
301572,87105.36294362613,-13746.722282424318,17304.06239335715,23494.025182328693,178514.8186853021,163642.530966766,52689.60048786498,102819.76384244056,-44415.412256815216,51253.873727281105,11881.424408301225,-50408.01402177772,4622.680283749528,19850.6226824778,1143.0842339534256,8001.801713013033
301573,101290.96756472054,1268.201651995745,31152.43566577984,37062.731052238465,187757.16435439963,178975.6343616472,67684.54303926456,118201.43218849954,-33073.70456397719,65723.57299941548,25933.12296782954,-36862.97592893786,352.8588352378058,22411.330062803965,-3242.0036090632025,19681.19629971568
301574,99857.08522583125,316.6270929492572,28101.853471468385,33613.3730103998,186720.1247077933,177840.16401092758,65351.47849628611,116915.48839974127,-36330.15891848562,63068.06369734981,23436.18646857772,-40151.685844507614,13117.728346481645,23963.498365207222,8606.464556166096,16673.922895734577
301575,84596.19502142094,-15753.458505378498,13022.097475142149,18802.466875350758,175305.2010955411,161420.87077023438,49142.04853603172,100437.78837400122,-48839.35970179905,47354.40858707571,8185.012099989115,-54951.105908908845,18365.90838805837,21221.08358980516,13982.67588428453,3842.996974539684
301576,84873.61792458227,-15982.338302851827,14813.02332879838,21006.847229635987,175952.76773596305,161341.4795800523,50184.58914745033,100511.79611450419,-46625.18288863047,48740.78451798029,9463.009289313277,-52906.50119465395,7391.137753885991,19746.1278962387,3775.431514371516,5799.384408050458
301577,100386.33622143432,261.0037110666828,30440.45065535517,36460.74671473379,188452.75362760352,177988.0224218223,66828.20521018528,117271.56836449668,-33534.40378027319,64937.200501465806,25160.63476439104,-37503.21289730918,-829.4305260270237,22029.750511966435,-4310.506720135749,19181.181683106654
301578,103096.27839752378,3639.8595230257897,31608.373513666193,37190.41308838014,187756.82177447245,181282.0179502532,68956.03104200347,120449.72000000029,-33298.91092778089,66618.36693994128,26872.102833323046,-36653.98383189915,9471.549202113156,24167.451082591862,5124.528429985722,19731.769669647823
301579,86204.82987868905,-13996.266660909143,14455.033348020257,20205.187012041126,177417.6364718445,163221.3918665206,50790.522938837035,102286.06550210487,-47695.131523182405,48901.06369059773,9697.06070941925,-53555.65485875391,18817.501638923964,21648.919566013763,14350.716194492557,5062.029660228916
301580,81752.58357526264,-19144.740596204614,11409.450689856985,17600.056609115552,173333.31030329174,158086.36178846567,46718.34059190117,97262.92427756742,-49624.53785114316,45274.53664560281,6125.990161033896,-56316.20772163273,10775.02828350101,19523.44788028239,7011.353797811327,2794.8338090146567
301581,97190.95849491848,-3103.8294517042636,27299.324821155275,33404.50120332944,187835.3109818785,174565.11766730424,63451.39947635181,113889.09320669588,-36112.12021854283,61647.47374630031,21977.177752790627,-40575.726140013445,187.32171984972257,21451.78957503703,-3269.143789656775,16545.017458706534
301582,105859.55146366723,6467.682259249479,34627.910327755824,40262.58215150039,188542.69237738373,184206.65795563167,72041.86320555673,123466.07882521852,-30698.46934054734,69647.03667099589,29811.323000591317,-33649.4305878569,6206.391101847231,24311.638295053574,2012.379836884134,22354.574289735378
301583,90371.84220508888,-9596.931998554866,18564.544297306238,24270.22069251177,181226.85376358347,167725.64489366417,55222.05269930087,106865.38965915857,-44275.777181033554,53179.56772856982,13858.538384185107,-49513.88171614035,17315.366740771005,22379.80609378848,12824.687214569241,8587.033518315222
301584,80366.46050444528,-20515.3252537521,9817.370317829784,16006.379091143473,172344.62815716752,156665.13183264984,45146.63502121021,95873.93751488617,-51066.389460573526,43674.21998974509,4593.831677623459,-57923.18549907815,12750.68552859541,19490.207073164864,8890.310119986521,1373.320432460503
301585,92290.14194660244,-8237.731998691408,22396.429151249613,28610.22058842685,184686.18361484032,169316.68162206165,58229.60458740211,108680.9442415729,-40175.546776395626,56562.57370839103,17054.13751429841,-45382.454238683305,2380.772778793035,20669.582532517954,-1086.2881443937642,12398.227298881324
301586,105660.45483602164,6213.899258311287,34594.60945535088,40318.22545641277,187873.41051138355,183967.43168818636,71928.14813137142,123314.5156762225,-30656.425441577485,69557.47666098681,29727.357676278203,-33646.59905064537,4903.7017225039335,24075.258784994614,812.3012148422483,22374.756333729245
301587,94991.15710422053,-4716.4740039654025,23106.01943064177,28770.970708287045,185084.25515094755,172718.61376000365,60136.487743251186,111956.93933418124,-40502.40623203653,57924.47085119064,18475.087873209788,-45047.40613510113,15745.283791671776,23214.23042758475,11213.025213304216,12472.643640850463
301588,81985.0964270469,-18752.672421710748,11277.266622476705,17438.219936548725,173370.68999020272,158458.41016107402,46812.17235182102,97740.73297878483,-49920.21747799987,45240.59284334467,6129.471505939131,-56510.638393007095,13004.252752179105,19883.99009941273,9077.005799961687,2584.9335174513053
301589,88679.71211069691,-12046.355236769496,18855.30370588095,25167.766374389503,181606.64912118568,165432.21639218568,54412.6934738551,104854.20879342541,-43077.86526071066,52867.34269213437,13477.26612569773,-48844.39396465701,3524.993098154285,20028.29706782141,80.26478067454059,9417.709918510149
301590,102976.85779232156,3335.276756247501,32109.729734186065,37947.38156226294,186456.9107427214,181048.69083159865,69164.59955255088,120464.82237738007,-32628.79418988034,66915.33249176023,27164.21066326916,-36046.52282857375,4570.70047696015,23412.75564874812,595.0127408335944,20325.538758005612
301591,97306.69120262002,-2238.0492271490984,25302.381172884576,30924.80935172234,187442.04849918472,175244.4189190424,62551.26276904333,114546.08213359758,-38729.272515666686,60229.89705658606,20730.669852577168,-42905.020378422385,15615.123371748185,23731.334222295292,11012.236340774974,14320.080857774037
301592,84549.70232566001,-15966.528566070336,13587.397893159985,19664.417263920575,174861.10282798385,161290.0671928345,49429.41160757418,100622.2044797873,-48116.16538868881,47702.20362854019,8544.67226640055,-54275.50442637697,13573.055649856493,20529.48892940217,9530.758894212722,4496.222968462956
301593,88029.44656577565,-12745.916626196893,18278.96157639127,24636.77207083724,180352.9977311038,164725.5315479183,53750.793181666864,104201.54615534656,-43536.90779903203,52218.440620679336,12866.549565349156,-49394.217320995784,3265.225720195913,19845.362575839594,-142.01162543766512,8943.622228178214
301594,100994.40865254804,1151.1493176405033,30446.101792631456,36409.20287542239,186238.32754094875,178853.78972323026,67203.8398406375,118332.53611854394,-33859.08635180822,65065.353398446736,25372.942379410946,-37612.132208115385,3011.452690831314,22724.12517997841,-774.880302078815,19013.387791066074
301595,97572.17458877884,-1936.125867530405,25530.18806602923,31146.931758030107,186394.3141741653,175547.47649738577,62809.143114782535,114883.95204875444,-38577.10932833768,60443.49153505817,20959.59168753092,-42697.8824490273,15749.751551957277,23813.35374563813,11123.541840936137,14489.410279512922
301596,85105.87066240076,-15239.679933814738,13748.721542304671,19720.158998574458,175194.3315517333,161995.311240873,49826.29510625426,101340.65659800734,-48154.292452030306,47975.91358086547,8839.260642742516,-54186.95262967005,16057.374263860198,20997.770248600697,11824.846278453833,4545.7205066906345
301597,88017.52946878684,-12707.113252303241,18160.740943426154,24508.014866583173,179198.6347802019,164745.08436390845,53682.29466191833,104313.62213118508,-43700.39920440609,52107.131100784616,12775.670207109488,-49539.88681764931,3918.6394702073258,19938.40462020654,459.2619606761741,8798.407506286458
301598,101304.18923750201,1369.029080792025,31110.425134178855,37197.50213681215,187769.72278474417,179109.7236158063,67720.08139405302,118805.12743990896,-33097.89515103835,65649.82127322076,25930.11258063389,-36871.324163806814,19.426162362660875,22346.9312286408,-3560.5348492134353,19724.189465501415
