Tm,Oz,Po7,Po4,Po3,P4,P3,Po8,Pz,Fz,F2,F3,F4,AF3,Cz,AF4,F1
3539.22,98895.12,14369.937,27966.682,35329.707,187500.0,172834.34,69393.02,123683.68,-33118.87,69623.67,22667.062,-34502.824,436.64133,16986.453,-2189.5544,25992.084
3539.2424,97614.19,13711.812,25046.314,32058.234,187500.0,171863.22,67317.15,122576.484,-36036.133,67192.79,20563.07,-37480.84,16324.328,19616.027,11696.914,23642.09
3539.2646,81281.875,-3132.1724,9755.822,17340.707,178106.64,154352.77,50220.883,104949.84,-49043.754,50788.37,4463.04,-52899.27,21530.072,15665.265,17486.217,9435.432
3539.287,80714.52,-4339.882,10828.146,18813.084,178627.34,153357.7,50304.793,104069.55,-47614.38,51316.902,4716.7773,-51743.22,8145.2886,13029.95,5790.9795,10186.651
3539.3093,96603.195,11947.478,26008.959,33502.582,187500.0,170335.97,67075.195,121184.82,-34687.203,67471.336,20512.867,-36450.266,-437.96008,16137.87,-2781.1606,24173.725
3539.3318,99731.3,15830.913,27286.541,34285.297,187500.0,174082.25,69640.88,124827.64,-34081.09,69497.56,22777.502,-35232.188,13346.339,19688.334,8946.309,25646.326
3539.354,83463.97,-773.348,11628.294,19095.053,180203.48,156760.67,52445.645,107361.086,-47480.965,52899.45,6563.9478,-51013.97,22423.338,16491.61,18110.324,11230.366
3539.3765,79199.14,-5746.254,9188.9375,17174.99,176973.67,151829.75,48640.438,102513.664,-49095.25,49671.188,3163.1296,-53416.715,10814.177,13085.896,8218.11,8693.957
3539.3987,93838.125,9108.202,23575.348,31206.033,187500.0,167392.73,64275.77,118236.29,-36673.203,64851.574,17953.438,-38872.504,-522.22614,15315.953,-2655.3875,21939.133
3539.4211,101112.37,17220.275,28909.836,35944.47,187500.0,175550.89,71255.805,126332.13,-32622.951,71141.66,24388.951,-33574.242,10179.477,19521.77,6084.4355,27096.283
3539.4436,86047.54,2004.5492,13957.346,21322.648,182772.06,159614.95,55139.543,110230.0,-45494.43,55484.63,9163.366,-48632.12,22633.848,17333.309,18104.064,13463.596
3539.4658,78282.5,-6518.5513,8082.458,16054.006,175914.31,150961.66,47593.258,101620.914,-50118.848,48612.008,2211.5042,-54526.746,13461.629,13318.802,10598.595,7720.8516
3539.4883,90858.414,6063.045,20860.303,28626.104,187500.0,164227.94,61205.07,115057.15,-38922.125,61949.25,15135.552,-41572.883,150.74017,14574.098,-1870.7294,19456.19
3539.5105,101681.76,17734.01,29782.785,36888.004,187500.0,176124.58,72008.09,126936.44,-31796.16,71959.68,25178.682,-32670.695,7150.234,19133.742,3403.746,27846.652
3539.533,88838.53,4937.255,16553.232,23827.63,185579.14,162647.9,58065.184,113285.51,-43276.31,58300.66,11966.856,-45990.93,22151.451,18108.781,17453.002,15907.603
3539.5552,77970.65,-6694.705,7537.053,15467.453,175451.69,150721.69,47170.496,101365.3,-50672.008,48138.082,1822.0024,-55077.402,15890.727,13689.304,12741.612,7263.088
3539.5776,87936.15,3082.1716,18130.352,26005.316,186292.97,161119.3,58156.332,111934.875,-41216.305,59039.41,12306.603,-44300.133,1393.0948,13951.914,-587.6274,16956.703
3539.5999,101499.97,17453.984,29937.504,37128.777,187500.0,175877.7,71963.44,126718.74,-31564.53,72011.31,25201.078,-32480.482,4433.7593,18568.379,1064.2113,27946.678
3539.6223,91779.484,7981.8525,19353.752,26543.1,187500.0,165807.03,61167.562,116476.06,-40867.105,61294.77,14922.651,-43141.46,20952.906,18774.014,16180.897,18516.143
3539.6445,78374.97,-6146.484,7644.5654,15504.267,175688.94,151233.98,47482.33,101870.914,-50646.977,48358.203,2115.4138,-54943.83,18125.611,14218.303,14679.375,7428.0215
3539.667,85177.45,293.00903,15466.156,23430.418,183513.28,158189.3,55234.09,108990.86,-43474.86,56198.277,9582.037,-46936.965,3248.2898,13489.166,1212.4928,14525.795
3539.6895,100532.96,16365.12,29327.525,36630.758,187500.0,174785.47,71083.43,125654.664,-31974.148,71212.734,24425.854,-33025.574,2166.577,17852.318,-826.47815,27347.963
3539.7117,94688.92,10963.621,22196.043,29320.55,187500.0,168909.52,64264.93,119618.37,-38408.145,64251.164,17872.545,-40218.367,19028.914,19293.469,14269.108,21131.832
3539.7341,79399.17,-4968.033,8334.406,16105.349,176557.02,152406.4,48447.543,103043.71,-50109.37,49173.93,3018.7373,-54199.113,20004.902,14869.454,16262.615,8139.477
3539.7563,82736.195,-2143.6216,13025.547,21054.094,180983.61,155611.98,52613.035,106399.29,-45579.566,53606.457,7115.544,-49370.78,5464.331,13180.511,3309.2205,12293.08
3539.7788,98892.125,14595.108,28030.027,35462.23,187500.0,172977.31,69475.836,123873.69,-32972.152,69710.4,22950.615,-34287.082,528.14935,17054.0,-2125.1814,26132.318
3539.801,97320.55,13636.33,24839.92,31929.488,187500.0,171696.52,67099.555,122459.02,-36122.746,66984.734,20561.773,-37539.6,16521.984,19616.742,11878.299,23533.014
3539.8235,81000.96,-3205.3743,9592.9,17264.107,178029.17,154191.56,50031.566,104847.68,-49089.887,50610.723,4492.768,-52914.47,21488.744,15625.993,17452.13,9369.137
3539.8457,80644.945,-4197.3223,10864.513,18932.578,178764.44,153423.55,50339.305,104203.61,-47483.176,51352.195,4962.2666,-51548.914,8005.4785,13038.511,5658.4336,10311.151
3539.8682,96575.61,12141.267,26058.246,33630.836,187500.0,170454.4,67143.836,121372.62,-34552.934,67522.516,20785.96,-36237.746,-394.26242,16193.258,-2755.255,24302.225
3539.8906,99453.6,15761.512,27088.705,34175.547,187500.0,173928.61,69439.29,124743.28,-34156.125,69280.016,22790.912,-35260.016,13535.523,19695.018,9114.394,25551.375
3539.9128,83171.94,-883.43036,11431.867,18995.945,180099.42,156567.56,52224.695,107243.27,-47548.734,52668.152,6553.9565,-51036.277,22385.207,16448.18,18085.67,11141.138
3539.9353,79136.71,-5638.362,9202.639,17280.76,177091.5,151866.34,48650.652,102631.3,-48984.117,49655.945,3355.6897,-53229.453,10662.654,13085.404,8085.2964,8797.558
3539.9575,93871.12,9311.022,23649.957,31362.873,187500.0,167528.14,64369.984,118453.164,-36526.844,64899.273,18204.336,-38631.996,-524.6849,15365.998,-2665.6467,22085.514
3539.98,100889.14,17151.32,28724.697,35846.746,187500.0,175404.56,71071.6,126265.52,-32701.406,70910.625,24358.193,-33597.914,10405.766,19534.8,6289.915,26999.746
3540.0022,85724.33,1811.0725,13695.83,21161.426,182595.92,159338.44,54855.61,110038.29,-45629.68,55159.48,9023.981,-48730.85,22646.498,17271.572,18127.803,13294.997
3540.0247,78222.98,-6451.1606,8072.6455,16140.933,176002.31,150953.45,47586.24,101704.734,-50031.41,48550.16,2317.3396,-54371.11,13261.626,13292.873,10420.25,7790.835
3540.0469,91002.74,6349.974,21009.77,28859.791,187500.0,164440.86,61398.258,115362.09,-38709.918,62067.47,15410.59,-41257.254,48.905617,14621.751,-1969.8369,19676.6
3540.0693,101630.055,17829.496,29716.4,36905.48,187500.0,176131.0,71982.81,127029.016,-31775.285,71856.84,25231.744,-32572.057,7320.9785,19167.516,3560.3647,27869.273
3540.0918,88627.35,4860.454,16348.043,23717.459,185459.4,162469.56,57876.066,113193.91,-43367.93,58041.066,11856.059,-46032.77,22203.018,18065.307,17525.11,15795.084
3540.114,77942.77,-6586.3887,7512.511,15541.258,175524.86,150728.55,47176.02,101462.7,-50605.266,48065.17,1886.0851,-54939.27,15775.504,13669.053,12646.148,7317.1343
3540.1365,88035.66,3336.1543,18207.309,26182.723,186476.5,161267.06,58292.902,112172.63,-41076.496,59080.45,12477.861,-44064.098,1324.855,13981.062,-656.9625,17106.684
3540.1587,101480.92,17610.158,29879.523,37183.56,187500.0,175904.97,71974.91,126830.91,-31546.225,71920.234,25236.887,-32378.715,4527.302,18592.271,1143.4706,27977.188
3540.1812,91629.1,8022.399,19167.248,26492.227,187500.0,165690.81,61049.08,116440.38,-40939.258,61079.79,14829.243,-43155.207,20992.492,18747.303,16230.585,18436.145
3540.2034,78339.61,-5968.743,7565.1494,15576.127,175736.36,151238.81,47494.04,101953.62,-50615.19,48275.95,2135.6868,-54849.863,18001.38,14195.057,14580.513,7455.514
3540.2258,85314.04,677.0567,15532.81,23652.438,183723.77,158386.86,55429.465,109262.1,-43330.668,56291.93,9758.169,-46712.086,3108.9712,13511.115,1090.0051,14692.809
3540.248,100579.92,16694.16,29287.736,36752.016,187500.0,174898.17,71182.83,125834.11,-31934.63,71212.51,24499.48,-32920.254,2278.6265,17897.625,-728.86804,27423.512
3540.2705,94476.555,11048.78,21921.742,29222.514,187500.0,168746.83,64103.305,119517.53,-38562.125,64009.76,17697.398,-40352.367,19169.55,19271.988,14415.959,20986.97
3540.293,79268.3,-4786.1123,8161.583,16116.613,176531.81,152330.97,48388.043,103034.484,-50166.21,49044.47,2943.3003,-54231.637,19919.451,14833.178,16198.532,8083.665
3540.3152,82790.17,-1746.61,13022.641,21230.56,181159.06,155743.94,52754.945,106605.62,-45490.43,53674.07,7228.197,-49232.156,5349.8457,13194.816,3203.519,12407.477
3540.3376,98894.42,14981.102,27962.1,35570.95,187500.0,173070.08,69567.88,124040.56,-32944.727,69726.76,23009.178,-34214.62,617.93634,17094.748,-2047.7327,26200.336
3540.3599,97070.88,13806.226,24542.463,31819.877,187500.0,171534.95,66942.94,122366.375,-36277.71,66767.055,20381.418,-37696.49,16673.082,19594.121,12028.122,23394.969
3540.3823,80798.055,-2951.749,9365.628,17235.184,178017.1,154091.16,49945.62,104815.695,-49170.957,50470.26,4376.941,-53001.24,21408.3,15579.592,17393.86,9290.235
3540.4045,80646.17,-3694.9895,10830.181,19095.744,178987.95,153560.36,50481.305,104406.12,-47399.535,51428.324,5050.7124,-51444.977,7872.6646,13043.83,5532.5933,10417.903
3540.427,96574.6,12686.247,26003.932,33772.793,187500.0,170611.19,67291.24,121585.61,-34495.74,67597.77,20866.271,-36160.14,-322.0216,16237.782,-2704.472,24401.713
3540.4492,99170.29,16053.18,26770.662,34068.93,187500.0,173801.2,69311.82,124661.14,-34310.082,69094.984,22601.482,-35447.3,13746.591,19689.385,9310.396,25414.828
3540.4717,82851.75,-607.0511,11106.426,18901.91,180078.31,156407.38,52090.473,107128.0,-47690.71,52482.21,6344.23,-51232.793,22368.844,16394.535,18083.076,10987.537
3540.494,79039.77,-5111.822,9087.527,17402.576,177318.55,151949.77,48766.793,102761.88,-48932.754,49712.047,3365.301,-53219.19,10507.913,13072.329,7936.7466,8848.408
3540.5164,93887.79,9986.737,23614.172,31561.29,187500.0,167741.31,64606.242,118708.83,-36418.082,65059.74,18296.0,-38553.97,-533.24554,15411.909,-2695.7322,22220.943
3540.5388,100693.29,17643.775,28475.81,35836.8,187500.0,175396.36,71091.74,126293.82,-32778.633,70854.9,24214.451,-33745.008,10596.225,19556.795,6450.781,26940.76
3540.561,85451.53,2248.094,13398.798,21112.186,182675.14,159246.38,54815.33,109982.14,-45745.953,55046.043,8801.201,-48940.734,22639.39,17235.877,18128.271,13160.797
3540.5835,78193.586,-5741.2915,8008.719,16320.104,176348.5,151118.61,47807.656,101906.81,-49951.727,48678.77,2317.742,-54363.8,13079.213,13290.861,10253.506,7843.406
3540.6057,91134.055,7257.7905,21074.098,29149.871,187500.0,164784.14,61781.77,115738.23,-38546.57,62330.01,15533.904,-41144.848,-14.752152,14682.146,-2040.8931,19827.809
3540.6282,101592.62,18597.592,29606.363,37012.523,187500.0,176301.9,72187.05,127227.6,-31775.04,71932.99,25161.672,-32651.518,7458.152,19211.84,3676.6387,27849.559
3540.6504,88538.44,5601.5933,16201.17,23792.047,185741.67,162587.73,58033.62,113338.5,-43402.15,58061.293,11718.171,-46164.848,22143.941,18048.41,17477.254,15706.861
3540.6729,78141.57,-5520.0986,7628.4497,15869.515,176120.48,151157.98,47628.305,101911.42,-50423.168,48348.188,1998.1118,-54826.527,15535.29,13692.411,12425.961,7438.9517
3540.695,88432.516,4641.9883,18476.87,26642.832,187217.2,161923.3,58936.926,112814.53,-40797.926,59517.133,12736.449,-43825.45,1213.5657,14074.849,-776.2538,17348.62
3540.7175,101685.69,18742.408,29951.877,37429.832,187500.0,176366.77,72409.016,127239.08,-31475.37,72131.414,25266.95,-32372.656,4700.751,18679.22,1290.5004,28018.314
3540.74,91602.19,8908.981,19044.492,26543.21,187500.0,165884.28,61239.0,116556.21,-41059.8,61048.742,14606.888,-43384.625,21098.506,18748.623,16337.583,18252.012
3540.7622,78431.74,-4983.1206,7573.5093,15754.582,176225.73,151517.1,47799.79,102142.2,-50647.58,48343.383,1998.693,-54989.72,17920.244,14188.731,14502.572,7335.977
3540.7847,85553.5,1794.8228,15673.445,23946.027,184339.4,158789.58,55875.965,109567.07,-43279.215,56480.4,9728.799,-46749.816,3066.436,13549.404,1031.8906,14667.35
3540.807,100675.5,17645.832,29285.145,36884.81,187500.0,175125.77,71474.2,125955.164,-32033.045,71237.99,24295.877,-33123.945,2462.3577,17937.188,-577.815,27258.646
3540.8293,94325.95,11713.365,21704.35,29141.332,187500.0,168680.27,64157.13,119332.71,-38852.43,63784.08,17230.803,-40791.02,19324.38,19229.99,14563.815,20602.543
3540.8516,79193.04,-4089.7656,8030.043,16124.526,176773.61,152297.3,48540.75,102864.66,-50387.582,48884.07,2529.2341,-54601.78,19883.531,14776.985,16171.8,7739.605
3540.874,82835.86,-968.25525,13004.715,21341.312,181484.64,155803.11,53043.55,106507.61,-45631.355,53623.98,6914.244,-49499.996,5326.153,13176.107,3176.2725,12146.676
3540.8962,98863.65,15634.196,27868.4,35589.41,187500.0,173021.23,69775.33,123819.17,-33177.633,69583.93,22594.775,-34577.098,775.4491,17084.78,-1914.1812,25864.01
3540.9187,96818.414,14162.669,24245.207,31633.709,187500.0,171208.66,66906.8,121854.72,-36678.367,66399.14,19735.988,-38266.348,16861.865,19527.625,12208.367,22871.758
3540.9412,80617.23,-2599.5527,9141.998,17127.56,178029.83,153782.12,49962.14,104308.95,-49496.31,50162.637,3788.3528,-53499.797,21365.988,15489.067,17372.201,8810.478
3540.9634,80688.53,-3173.7466,10805.906,19173.842,179187.88,153445.33,50705.0,104084.055,-47556.78,51328.613,4669.1904,-51743.797,7740.499,12999.351,5422.936,10110.164
3540.9858,96663.3,13210.864,26006.479,33849.348,187500.0,170524.92,67539.46,121287.1,-34659.375,67521.29,20512.443,-36437.75,-273.25006,16232.597,-2671.7488,24121.557
3541.008,99066.375,16317.779,26579.152,33935.758,187500.0,173475.05,69324.516,124115.47,-34653.473,68799.02,22038.262,-35919.793,13900.17,19635.205,9443.255,24962.562
3541.0305,82808.7,-352.44232,10964.626,18812.928,180056.42,156088.92,52120.625,106572.18,-47996.37,52208.758,5818.517,-51656.27,22293.654,16303.43,18020.023,10558.585
3541.0527,79225.38,-4674.756,9144.233,17491.492,177487.22,151838.52,48995.496,102389.68,-49084.453,49632.05,3052.3096,-53439.625,10372.193,13029.033,7806.8164,8585.081
3541.0752,94096.35,10407.42,23683.55,31629.46,187500.0,167652.36,64839.06,118332.734,-36595.82,64982.31,18016.223,-38769.887,-494.97937,15405.359,-2677.225,21963.562
3541.0974,100682.34,17768.207,28333.72,35678.28,187500.0,175061.78,71072.984,125644.43,-33145.246,70547.66,23740.482,-34171.3,10735.409,19495.842,6573.4023,26503.96
3541.1199,85453.43,2292.9763,13257.468,20958.428,182552.67,158880.33,54769.242,109275.87,-46102.664,54721.14,8344.286,-49358.508,22569.205,17122.062,18067.297,12731.0625
3541.1423,78375.64,-5589.188,8019.1577,16308.973,176367.36,150912.73,47915.84,101337.09,-50176.047,48515.426,2052.2925,-54617.316,12947.494,13217.659,10124.134,7567.9434
3541.1646,91325.72,7356.496,21092.225,29123.607,187500.0,164588.06,61893.906,115159.85,-38783.05,62184.973,15311.415,-41387.098,11.578204,14651.078,-2029.382,19575.48
3541.187,101536.47,18359.232,29401.174,36750.184,187500.0,175822.95,72037.11,126359.72,-32215.748,71550.914,24719.867,-33121.33,7653.506,19145.656,3847.6965,27408.402
3541.2092,88361.26,5122.484,15882.233,23419.197,185325.66,161902.83,57720.676,112264.56,-43935.375,57541.305,11143.977,-46754.195,22201.453,17907.525,17528.596,15169.996
3541.2317,78084.73,-5981.5283,7420.0645,15595.35,175774.94,150544.78,47407.65,100903.336,-50845.3,47948.63,1541.4434,-55302.62,15474.807,13566.012,12360.27,7015.587
3541.254,88420.805,4147.903,18322.91,26390.729,186928.1,161350.97,58756.19,111859.53,-41173.3,59185.324,12345.405,-44254.51,1243.6735,13992.997,-761.6804,16980.955
3541.2764,101476.43,17961.773,29629.877,36984.695,187500.0,175589.3,72017.57,126099.68,-31989.393,71628.32,24706.748,-32978.344,4880.2354,18574.3,1442.224,27510.104
3541.2986,91300.69,7936.3667,18646.34,26019.867,187500.0,164992.05,60730.008,115315.31,-41618.95,60460.51,13964.23,-44053.434,21085.496,18567.998,16321.445,17694.582
3541.321,78356.91,-5789.616,7394.5835,15438.328,175754.4,150867.98,47510.51,101155.484,-50999.688,47995.055,1598.6638,-55414.78,17725.695,14043.4,14315.778,6997.951
3541.3433,85601.6,1081.7797,15622.484,23724.746,183975.0,158317.16,55729.984,108788.42,-43518.805,56288.4,9493.1,-47045.17,2984.4497,13476.694,940.91907,14454.27
3541.3657,100588.17,16759.56,29125.91,36526.664,187500.0,174563.03,71215.66,125128.72,-32363.113,70948.664,23974.504,-33542.594,2544.7686,17865.146,-515.163,26952.227
3541.3882,94156.82,10698.171,21466.594,28717.477,187500.0,168050.5,63802.473,118479.05,-39220.34,63434.184,16857.44,-41267.113,19263.695,19098.092,14504.517,20259.467
3541.4104,79236.42,-4915.931,7978.3433,15909.592,176340.05,151914.33,48392.176,102293.66,-50569.08,48759.75,2397.806,-54850.22,19665.244,14677.252,15962.007,7602.857
3541.4329,83051.53,-1630.448,13112.271,21277.81,181233.78,155646.67,53073.684,106200.47,-45673.914,53694.95,7001.7734,-49576.418,5181.4697,13152.482,3030.472,12167.061
3541.455,98944.875,14817.509,27865.875,35395.176,187500.0,172764.75,69662.23,123447.44,-33322.406,69555.99,22612.5,-34779.203,884.5256,17089.607,-1831.2339,25780.258
3541.4775,96689.31,13071.144,24070.393,31270.36,187500.0,170736.19,66549.234,121308.086,-36967.375,66210.83,19593.094,-38645.43,16865.307,19444.521,12210.915,22639.1
3541.4998,80735.58,-3609.7844,9215.558,17017.41,177744.98,153568.45,49821.324,104077.164,-49564.86,50343.977,3923.7146,-53610.125,21048.773,15420.335,17076.912,8831.265
3541.5222,81087.69,-4127.5176,11146.279,19313.094,179195.6,153558.78,50836.207,104238.77,-47394.844,51951.11,5127.848,-51570.887,7499.368,13057.979,5182.6323,10421.233
3541.5444,96963.5,11914.598,26264.754,33886.766,187500.0,170572.0,67581.86,121432.7,-34563.754,68202.8,20941.484,-36351.695,-217.90717,16363.891,-2634.9355,24393.822
3541.567,99045.61,14439.026,26561.205,33711.125,187500.0,173194.69,69071.85,123998.57,-34770.35,69299.59,22216.271,-36100.797,13980.234,19703.8,9528.169,25022.398
3541.5894,82859.664,-2377.6445,11043.416,18699.135,179722.36,155884.56,51986.582,106623.99,-48039.98,52902.734,6133.1846,-51640.285,22067.186,16347.261,17822.635,10764.802
3541.6116,79525.43,-6623.515,9467.73,17595.877,177365.22,151914.33,49172.254,102822.3,-48956.11,50675.383,3679.8574,-53042.41,10115.662,13163.903,7570.782,9077.559
3541.634,94376.84,8252.733,23989.37,31677.988,187500.0,167721.47,65056.63,118837.125,-36498.86,66093.484,18695.873,-38296.23,-497.1922,15619.444,-2680.4883,22482.994
3541.6562,100641.15,15088.4795,28353.367,35434.65,187500.0,174778.23,71011.32,125863.59,-33287.96,71414.86,24166.395,-33920.383,10878.952,19669.469,6717.3027,26793.148
3541.6787,85358.45,-591.5166,13263.458,20710.95,181936.38,158515.69,54705.63,109493.04,-46247.57,55624.797,8782.604,-49051.35,22460.285,17238.627,17982.002,13042.311
3541.701,78498.33,-8356.78,8254.119,16275.043,175926.7,150774.56,48131.043,101859.0,-50115.117,49724.05,2769.9177,-54015.383,12740.294,13394.976,9937.944,8130.3574
3541.7234,91475.88,4507.4087,21359.172,29096.854,187500.0,164482.78,62182.758,115773.32,-38681.863,63488.676,16118.156,-40717.55,15.735628,14902.334,-2035.931,20195.562
3541.7456,101351.59,15048.045,29360.717,36417.836,187500.0,175359.72,72013.95,126654.89,-32343.8,72576.86,25255.863,-32732.543,7877.068,19365.172,4053.444,27775.418
3541.768,88023.37,1579.2179,15733.236,23004.46,184436.23,161279.12,57586.656,112450.914,-44113.16,58499.188,11613.296,-46408.863,22162.537,18046.152,17516.19,15478.07
3541.7905,78015.484,-9290.28,7548.4307,15464.569,175127.31,150208.08,47600.812,101454.86,-50758.777,49248.336,2359.9868,-54600.484,15220.802,13753.587,12140.306,7627.4663
3541.8127,88537.79,979.3864,18616.748,26409.816,186507.84,161210.28,59176.383,112678.23,-40930.67,60710.72,13414.221,-43330.2,1133.7924,14280.284,-867.96295,17788.102
3541.8352,101285.68,14408.136,29618.812,36698.15,187500.0,175103.08,72140.06,126621.73,-31983.0,72869.4,25521.178,-32323.662,5132.2515,18864.025,1673.0952,28068.45
3541.8574,90827.125,4035.965,18396.113,25522.877,187236.72,164172.25,60587.625,115560.42,-41780.664,61466.99,14552.237,-43595.87,21135.543,18742.342,16397.486,18057.26
3541.88,78172.62,-9424.212,7435.3755,15240.091,175060.08,150326.58,47693.33,101750.24,-50880.37,49341.074,2519.6677,-54606.652,17456.734,14244.521,14090.853,7667.1406
3541.902,85691.875,-2305.0908,15892.358,23739.99,183583.62,158022.8,56197.72,109686.61,-43185.184,57923.004,10706.531,-45936.324,2812.565,13782.488,783.0487,15380.214
3541.9246,100468.86,13099.665,29163.283,36309.227,187500.0,173976.53,71447.266,125768.2,-32214.25,72366.88,24987.887,-32612.492,2755.7244,18195.975,-330.2247,27690.324
3541.9468,93662.71,6597.1846,21170.031,28182.822,187500.0,166982.84,63638.523,118678.02,-39331.473,64498.215,17517.71,-40632.434,19430.44,19311.707,14682.594,20693.246
3541.9692,78940.664,-8832.874,7905.432,15588.912,175659.34,150986.45,48427.715,102691.05,-50471.938,50051.438,3257.6104,-53964.848,19422.84,14866.169,15767.166,8245.044
3541.9917,83109.58,-5188.5557,13353.581,21240.617,180907.72,155053.3,53467.7,106973.51,-45291.43,55340.24,8190.8413,-48351.14,4924.492,13442.697,2795.3987,13128.812
3542.014,98897.51,11130.163,27963.352,35203.086,187500.0,172026.25,69952.375,124089.27,-33050.99,71076.945,23669.023,-33678.133,1019.41833,17431.723,-1716.9717,26631.434
3542.0364,96213.16,8944.432,23755.926,30694.043,187500.0,169496.33,66426.75,121456.17,-37019.88,67275.46,20203.498,-37937.305,17113.86,19684.088,12456.091,23117.314
3542.0586,80269.1,-7570.8716,8938.329,16498.404,176877.72,152302.94,49765.49,104208.57,-49567.5,51334.984,4533.0684,-52845.895,20980.533,15589.247,17032.61,9335.989
3542.081,80882.164,-7573.2407,11103.543,19020.42,178578.8,152548.98,51086.992,104622.62,-47187.887,53063.38,5965.0327,-50558.664,7345.924,13265.18,5039.067,11132.152
3542.1033,96749.4,8701.109,26174.318,33540.492,187500.0,169532.31,67823.22,121759.7,-34402.73,69156.43,21723.617,-35384.312,-87.66354,16608.486,-2530.4187,25036.637
3542.1257,98433.016,11047.864,26089.113,33000.76,187500.0,171702.89,68880.09,123835.375,-34926.746,69739.3,22565.338,-35523.207,14308.09,19854.72,9836.579,25281.008
3542.148,82205.945,-5589.7246,10571.772,18013.184,178736.81,154322.17,51741.34,106351.68,-48152.273,53236.023,6408.871,-51137.46,22075.277,16409.734,17858.754,10966.705
3542.1704,79159.914,-9333.485,9274.388,17201.701,176718.9,150650.66,49200.887,102804.234,-48771.867,51233.508,4190.9746,-52373.043,9965.884,13271.103,7447.624,9495.401
3542.1926,94111.95,5849.9434,23863.975,31364.84,187500.0,166568.92,65137.14,118886.945,-36234.82,66675.9,19243.826,-37643.402,-427.9465,15788.959,-2628.2078,22931.996
3542.215,100036.82,12532.378,27894.934,34817.74,187500.0,173268.47,70691.266,125513.766,-33288.14,71591.55,24319.682,-33659.918,11201.733,19777.742,7015.6313,26907.098
3542.2375,84648.32,-3086.53,12736.314,20059.73,181132.92,156895.4,54252.914,109000.63,-46291.56,55654.348,8783.319,-48913.934,22500.697,17250.473,18046.957,13042.377
3542.2598,78057.53,-10417.881,7989.296,15904.696,175442.16,149452.38,47937.43,101638.21,-49930.668,49975.215,2985.7239,-53659.188,12599.075,13444.642,9816.909,8337.581
3542.2822,91187.66,2762.184,21211.383,28853.6,187500.0,163341.86,62114.52,115701.08,-38413.242,63829.25,16423.973,-40273.51,9.678306,15016.126,-2046.6151,20488.17
3542.3044,100821.37,13201.879,28964.844,35950.234,187500.0,173976.69,71662.09,126298.61,-32292.951,72619.69,25271.441,-32553.818,8134.314,19448.947,4289.2104,27821.396
3542.327,87324.984,-316.0984,15202.138,22432.1,183823.19,159725.33,57049.832,111883.94,-44179.277,58337.63,11419.864,-46400.12,22300.002,18050.443,17655.22,15354.151
3542.349,77357.516,-11021.064,7083.961,14975.401,174585.7,148714.31,47110.15,100905.414,-50777.824,49111.457,2173.9978,-54565.37,15299.636,13766.462,12216.168,7519.0825
3542.3716,87827.3,-672.65344,18121.969,25903.93,185984.55,159679.58,58633.66,112026.34,-40994.98,60510.47,13154.472,-43352.574,1351.2301,14308.76,-674.64276,17617.066
3542.3938,100301.58,12602.965,28898.594,35991.14,187500.0,173292.5,71318.48,125616.164,-32249.566,72393.04,24984.87,-32587.412,5470.277,18835.771,1988.59,27660.709
3542.4163,89650.305,2136.335,17533.021,24696.621,186349.94,162154.05,59569.39,114280.266,-42153.223,60791.832,13816.933,-44019.73,21443.281,18660.22,16686.56,17489.658
3542.4387,76948.21,-11284.413,6564.685,14425.056,174125.7,148261.23,46635.33,100353.14,-51247.277,48610.53,1732.2156,-55060.75,17645.564,14136.003,14270.092,7064.85
3542.461,84598.66,-3928.7214,15162.173,23073.395,182817.08,156128.64,55273.047,108368.81,-43420.992,57303.01,10039.376,-46276.605,2848.5735,13684.387,824.7794,14905.329
3542.4834,99490.414,11716.941,28529.252,35744.02,187500.0,172254.4,70622.266,124521.06,-32363.225,71819.72,24412.219,-32876.04,2803.4006,18126.416,-276.4464,27315.934
3542.5056,92870.97,5519.093,20678.852,27761.895,187500.0,165499.0,62971.75,117578.72,-39350.227,64061.688,17068.775,-40780.938,19348.03,19246.932,14618.511,20452.854
3542.528,78453.98,-9487.512,7648.9688,15388.417,175435.19,149868.3,48035.53,101872.08,-50297.395,49829.863,3042.1172,-53909.77,19245.613,14843.996,15603.128,8212.679
3542.5503,82896.79,-5427.652,13294.862,21226.514,180925.4,154286.19,53326.3,106420.81,-44974.797,55309.234,8190.573,-48115.17,4736.067,13468.67,2616.3389,13274.389
3542.5728,98851.445,11217.201,28000.32,35287.863,187500.0,171506.92,69957.61,123706.12,-32688.018,71132.555,23788.895,-33349.36,897.7578,17488.361,-1837.1348,26860.383
3542.595,96232.84,9236.278,23793.656,30790.111,187500.0,169103.72,66469.1,121132.41,-36680.758,67306.195,20335.977,-37623.844,17059.098,19741.018,12405.106,23324.873
3542.6174,80366.98,-7087.157,8998.031,16619.281,177097.03,152039.17,49859.68,103950.164,-49237.766,51344.863,4680.746,-52550.004,20908.807,15634.934,16973.58,9520.637
3542.64,81072.266,-6876.313,11216.643,19193.69,178871.47,152439.14,51262.477,104459.09,-46850.086,53082.668,6156.2964,-50245.965,7239.529,13305.391,4949.079,11326.032
3542.662,96993.97,9601.773,26314.441,33747.02,187500.0,169542.47,68048.34,121665.11,-34079.37,69153.836,21935.803,-35062.49,-162.0278,16650.998,-2595.4177,25228.66
3542.6846,98683.38,12156.041,26204.537,33193.637,187500.0,171763.64,69095.055,123748.61,-34651.35,69600.0,22731.367,-35254.0,14262.805,19871.418,9796.055,25419.434
3542.7068,82523.63,-4191.4214,10721.909,18243.473,179101.69,154490.03,52007.57,106325.195,-47879.99,52990.6,6579.1465,-50882.137,21992.285,16405.756,17783.049,11090.422
3542.7292,79547.09,-7636.742,9472.3125,17482.215,177146.58,150940.45,49534.06,102855.6,-48502.305,50923.6,4388.2954,-52112.223,9878.779,13253.512,7363.805,9622.918
3542.7515,94492.63,7770.3384,24048.266,31642.135,187500.0,166906.72,65467.098,118951.5,-36027.82,66257.7,19405.406,-37431.844,-447.61603,15752.593,-2653.3982,23011.28
3542.774,100341.41,14589.028,27998.623,35033.184,187500.0,173567.31,70938.164,125524.79,-33176.895,71002.24,24370.062,-33562.06,11222.565,19696.135,7032.798,26883.65
3542.7961,85070.48,-721.87195,12930.618,20381.686,181588.77,157351.52,54609.113,109217.4,-46104.184,55085.742,8902.7,-48754.99,22323.158,17139.742,17894.227,13088.153
3542.8186,78736.64,-7610.5015,8384.743,16433.248,176150.28,150231.19,48545.668,102250.36,-49578.07,49576.977,3312.2605,-53317.137,12358.102,13380.112,9591.201,8569.122
3542.841,91917.95,5798.825,21620.441,29407.477,187500.0,164241.14,62772.28,116487.01,-38084.45,63417.754,16770.895,-39938.59,-59.992085,14981.124,-2129.674,20715.018
3542.8633,101393.016,16234.541,29210.623,36367.027,187500.0,174765.03,72156.87,127009.98,-32133.158,71999.85,25437.38,-32410.342,8216.792,19376.35,4352.98,27871.307
3542.8857,87788.0,2733.8196,15353.906,22780.363,184314.11,160441.52,57438.465,112558.875,-44097.96,57575.098,11461.773,-46396.168,22303.062,17922.994,17668.898,15298.541
3542.908,77933.25,-7758.179,7345.03,15448.655,175228.05,149586.25,47619.12,101778.11,-50568.008,48428.543,2304.599,-54549.633,15155.4,13641.337,12089.97,7548.587
3542.9304,88575.41,2845.0642,18528.904,26535.678,186759.97,160774.2,59314.695,113168.36,-40637.13,59963.207,13418.155,-43286.457,1115.2627,14201.315,-890.20294,17762.531
3542.9526,101172.07,16324.507,29381.057,36709.57,187500.0,174556.6,72102.29,126964.64,-31821.06,71916.164,25315.139,-32506.521,5335.7866,18766.102,1851.5292,27868.178
3542.975,90525.734,5943.754,18002.834,25414.158,187188.36,163466.64,60348.688,115714.375,-41749.887,60287.04,14119.217,-44001.78,21278.773,18573.004,16542.928,17675.963
3542.9973,78066.42,-7154.7485,7248.358,15350.218,175243.33,149873.47,47658.367,102130.734,-50686.875,48320.81,2240.651,-54878.496,17333.354,14081.733,13988.861,7431.24
3543.0198,85871.695,415.69775,15960.777,24107.006,184043.28,157952.64,56445.62,110387.266,-42812.133,57136.336,10655.726,-46027.7,2649.5535,13682.353,631.7721,15337.03
3543.042,100588.125,15920.32,29140.506,36599.957,187500.0,173932.53,71601.96,126403.45,-31960.85,71457.35,24819.848,-32851.676,2904.3857,18117.924,-208.63118,27528.006
3543.0645,93514.65,9285.496,20903.799,28259.064,187500.0,166727.62,63503.25,119026.87,-39317.414,63274.48,17045.82,-41178.105,19604.807,19149.658,14848.063,20266.506
3543.087,78946.34,-5872.206,7810.5493,15844.615,175940.22,150956.78,48452.504,103212.38,-50343.55,48951.15,2912.7676,-54403.05,19310.902,14693.457,15665.443,7927.5825
3543.1091,83381.22,-1844.4437,13501.661,21738.19,181441.6,155375.12,53757.98,107785.79,-45000.836,54466.688,8074.523,-48587.867,4763.3135,13326.356,2637.4836,12996.914
3543.1316,99176.39,14599.422,28088.12,35684.16,187500.0,172424.05,70222.05,124902.336,-32834.8,70149.45,23509.074,-33968.414,1093.7826,17338.158,-1667.6414,26440.014
3543.1538,96233.07,12248.153,23633.707,30947.445,187500.0,169672.45,66408.35,121987.72,-37042.188,66046.45,19758.049,-38501.44,17281.496,19516.785,12613.224,22671.51
3543.1763,80383.516,-4099.2207,8926.237,16865.33,177202.4,152623.05,49843.723,104849.89,-49519.04,50177.855,4169.1367,-53332.582,20878.453,15397.402,16953.373,8953.752
3543.1985,81265.72,-3764.7717,11341.991,19623.402,179160.3,153212.88,51437.535,105566.71,-46962.83,52144.812,5845.4062,-50822.035,7156.336,13130.242,4869.4175,10945.672
3543.221,97146.23,12590.18,26401.545,34125.324,187500.0,170272.58,68165.94,122722.88,-34245.98,68198.37,21574.129,-35697.684,-5.453826,16512.418,-2466.761,24798.055
3543.2432,98477.72,14630.759,25982.115,33267.49,187500.0,172111.67,68839.44,124419.83,-35073.574,68393.875,22041.504,-36198.297,14532.77,19665.268,10049.993,24715.084
3543.2656,82320.67,-1894.2434,10561.848,18383.463,179001.52,154839.9,51776.117,107021.63,-48229.793,51943.043,5946.3467,-51740.96,21929.611,16165.721,17743.889,10463.321
3543.288,79662.83,-5193.115,9624.55,17917.361,177359.95,151636.1,49637.996,103919.52,-48557.914,50308.28,4102.4614,-52627.875,9661.609,13109.053,7168.339,9318.733
3543.3103,94726.38,10165.127,24280.275,32138.635,187500.0,167735.23,65676.16,120147.23,-36015.906,65810.82,19224.357,-37863.367,-432.66272,15698.145,-2662.0706,22794.176
3543.3328,100234.52,16473.414,27902.107,35203.31,187500.0,174034.95,70786.98,126339.87,-33434.902,70274.58,23861.113,-34314.508,11493.96,19605.611,7271.5366,26384.67
3543.355,84753.22,790.9836,12690.315,20412.105,181314.23,157585.6,54261.117,109736.36,-46479.805,54240.62,8233.802,-49638.58,22452.06,16988.89,18021.05,12456.762
3543.3774,78516.38,-6152.407,8285.031,16588.973,175980.53,150552.33,48318.863,102776.875,-49828.008,48910.27,2783.4182,-54050.164,12327.188,13254.651,9571.51,8066.6553
3543.3997,91839.66,7259.7124,21655.287,29671.674,187500.0,164691.75,62688.887,117069.38,-38220.613,62923.223,16381.616,-40547.453,-66.205864,14908.189,-2145.678,20345.23
3543.422,101130.76,17378.838,29058.297,36432.207,187500.0,174993.92,71869.2,127307.12,-32413.158,71343.336,24865.4,-33209.035,8394.265,19286.428,4508.9956,27360.973
3543.4443,87469.82,3701.4492,15168.633,22810.09,183980.94,160576.44,57090.535,112715.18,-44400.29,56901.598,10851.504,-47200.984,22236.635,17768.834,17619.3,14772.962
3543.4668,77972.7,-6518.305,7496.731,15792.9375,175212.84,150080.4,47637.984,102253.266,-50607.367,48143.27,2063.0212,-54934.977,14849.472,13549.337,11811.758,7362.9556
3543.4893,88866.586,4277.61,18876.854,27046.035,186951.92,161528.78,59584.234,113869.086,-40551.05,59926.17,13416.031,-43427.586,976.3913,14215.665,-1032.0695,17795.275
3543.5115,101212.7,17439.01,29456.271,36940.418,187500.0,175030.53,72105.95,127359.75,-31989.504,71623.16,25056.73,-32922.8,5534.6274,18763.598,2024.3751,27683.217
3543.534,90302.93,6709.6807,17840.582,25418.314,186823.89,163619.84,60083.64,115778.55,-42116.32,59748.92,13607.43,-44643.945,21331.791,18454.607,16606.832,17288.27
3543.5562,77998.12,-6299.392,7250.347,15518.259,175026.25,150159.34,47565.586,102323.36,-50903.37,47963.246,1895.1598,-55332.906,17171.012,13978.088,13846.995,7215.2773
3543.5786,85961.88,1387.6188,16102.777,24404.709,183983.36,158398.84,56527.785,110732.914,-42903.574,56948.69,10474.117,-46352.914,2564.2817,13651.238,545.3155,15283.453
3543.6008,100507.51,16676.256,29102.955,36717.883,187500.0,174187.9,71512.36,126550.51,-32191.541,71102.49,24477.15,-33402.938,3060.468,18087.012,-77.4041,27348.008
3543.6233,93203.74,9740.287,20647.916,28170.664,187500.0,166699.95,63169.336,118888.555,-39710.402,62694.453,16477.059,-41970.23,19665.715,19020.375,14911.386,19908.723
3543.6455,78729.555,-5384.1333,7656.121,15859.792,175547.14,150996.42,48221.273,103144.27,-50641.746,48478.434,2444.7,-55088.29,19227.822,14571.393,15595.438,7672.5273
3543.668,83219.95,-1346.9609,13408.521,21807.771,181120.34,155469.27,53606.613,107774.88,-45239.375,54077.453,7688.4644,-49228.914,4761.95,13255.054,2636.3884,12815.3955
3543.6904,98875.72,14911.386,27863.46,35619.406,187500.0,172363.72,69938.516,124736.58,-33162.902,69637.59,23003.209,-34795.652,1269.6016,17271.35,-1514.8002,26164.863
3543.7126,95661.47,12216.1455,23162.176,30647.35,187500.0,169285.47,65841.98,121498.48,-37557.504,65273.082,18988.232,-39603.473,17433.332,19364.346,12758.51,22188.31
3543.735,79937.64,-4070.5657,8595.162,16710.477,176601.5,152325.94,49410.59,104460.32,-49950.047,49539.066,3525.9653,-54224.707,20728.004,15223.841,16819.195,8605.667
3543.7573,81115.89,-3466.4426,11283.921,19726.512,178848.2,153215.33,51318.086,105488.48,-47213.504,51806.965,5498.9766,-51346.07,6928.2363,13034.264,4658.797,10880.629
3543.7798,97074.88,12952.031,26387.912,34254.027,187500.0,170357.36,68126.98,122735.41,-34476.156,67930.98,21303.404,-36184.883,-59.835625,16472.14,-2527.4683,24807.42
3543.802,98224.61,14767.441,25772.658,33198.844,187500.0,171980.06,68600.54,124223.18,-35481.297,67923.64,21576.006,-36913.418,14561.916,19571.346,10069.886,24560.746
3543.8245,82146.375,-1713.5518,10423.96,18385.518,178593.8,154756.03,51609.574,106881.59,-48603.734,51533.78,5536.818,-52372.754,21726.076,16034.985,17551.797,10364.393
3543.8467,79726.98,-4779.5635,9703.184,18117.633,177165.22,151793.12,49718.305,104031.33,-48760.58,50126.203,3915.8691,-53047.91,9413.46,13039.047,6926.694,9416.098
3543.8691,94850.88,10632.793,24398.383,32352.34,187500.0,167963.44,65817.88,120337.195,-36184.15,65672.8,19092.482,-38328.15,-509.1504,15679.369,-2750.8516,22920.285
3543.8914,100107.32,16648.094,27772.154,35158.918,187500.0,173981.08,70655.5,126255.87,-33813.34,69864.6,23474.898,-35126.035,11582.809,19532.588,7343.8003,26270.922
3543.9138,84572.48,864.9902,12526.544,20332.803,180801.45,157441.88,54068.246,109575.336,-46912.895,53763.973,7782.6543,-50511.836,22300.537,16835.2,17884.012,12284.698
3543.9363,78584.445,-5841.6064,8366.772,16735.086,175684.95,150663.52,48386.633,102886.375,-50055.883,48682.168,2576.1729,-54694.137,12026.535,13144.011,9290.704,8118.0195
3543.9585,92016.03,7676.014,21832.357,29882.854,187500.0,164929.92,62869.332,117325.12,-38360.38,62788.62,16280.475,-41189.82,-196.94122,14862.458,-2278.0005,20470.78
3543.981,101038.38,17492.61,28978.88,36374.137,187500.0,174944.67,71765.734,127295.11,-32765.959,70918.76,24496.752,-34230.824,8498.044,19201.58,4588.6123,27230.795
3544.0032,87220.625,3613.517,14968.719,22635.367,183282.17,160338.97,56829.266,112540.21,-44881.164,56315.71,10335.85,-48378.363,22144.947,17591.205,17535.97,14509.456
3544.0256,77933.05,-6415.04,7514.836,15825.929,174678.42,150057.86,47604.59,102323.695,-50918.258,47778.04,1778.7742,-55866.734,14562.608,13401.167,11542.084,7293.0166
3544.0479,89008.63,4550.9497,19058.73,27213.496,186586.27,161708.48,59739.758,114165.336,-40724.77,59735.332,13333.441,-44224.83,756.3384,14136.405,-1256.9728,17853.412
3544.0703,101213.64,17533.625,29490.066,36938.99,187500.0,175067.64,72104.01,127534.625,-32287.654,71276.055,24852.504,-33932.652,5532.7275,18682.125,1993.418,27577.113
3544.0925,90165.4,6624.6104,17752.896,25298.174,186117.48,163512.42,59939.87,115848.555,-42541.05,59265.027,13286.615,-45776.73,21204.832,18296.826,16478.957,17051.61
3544.115,78042.82,-6212.958,7344.247,15574.07,174437.52,150260.97,47624.996,102653.36,-51187.55,47682.418,1784.7869,-56233.39,16859.541,13839.977,13549.382,7140.868
3544.1375,86171.68,1633.1749,16342.254,24582.36,183540.3,158700.0,56763.13,111304.875,-43060.46,56840.31,10551.768,-47106.1,2310.4329,13570.817,285.9459,15328.85
3544.1597,100573.555,16750.867,29199.738,36728.68,187500.0,174358.25,71591.86,127015.53,-32473.82,70836.195,24420.645,-34360.465,3051.5945,18005.852,-114.66446,27225.633
3544.1821,93018.89,9530.449,20535.062,27974.93,187500.0,166624.1,62997.742,119129.8,-40189.42,62188.95,16196.387,-43152.48,19616.25,18856.402,14857.049,19575.838
3544.2043,78698.42,-5441.0405,7729.457,15842.402,174800.17,151112.97,48227.6,103639.79,-50982.477,48156.902,2347.4028,-56051.36,18861.633,14395.977,15255.268,7506.253
3544.2268,83553.195,-1018.92664,13829.092,22092.71,180684.67,156006.78,53982.996,108771.86,-45293.914,54113.44,7950.4263,-49853.332,4321.732,13169.269,2208.2185,12957.888
3544.249,99188.414,15220.22,28242.078,35824.44,187500.0,172912.81,70271.31,125794.945,-33276.83,69616.63,23231.69,-35535.074,1165.04,17238.648,-1645.7366,26231.74
3544.2715,95649.69,12185.792,23249.682,30560.045,187500.0,169523.38,65838.445,122297.96,-37949.598,64923.19,18909.42,-40690.727,17425.062,19248.027,12741.567,21963.139
3544.2937,79911.25,-4108.541,8708.955,16659.38,175761.44,152585.14,49415.195,105372.63,-50300.97,49204.863,3461.9946,-55341.69,20512.107,15070.24,16621.115,8395.74
3544.3162,81174.61,-3412.8208,11494.475,19773.002,178103.42,153592.81,51427.254,106606.83,-47416.613,51585.12,5548.1055,-52450.09,6791.7563,12939.895,4510.56,10750.161
3544.3386,96895.555,12745.502,26390.125,34097.273,187500.0,170490.9,67996.98,123661.62,-34832.645,67477.86,21136.146,-37569.24,88.915245,16375.559,-2419.5989,24439.51
3544.3608,97530.72,14001.669,25337.893,32635.133,187500.0,171565.97,67958.16,124639.91,-36186.875,67000.07,20947.744,-38756.633,14910.515,19385.49,10377.715,23777.25
3544.3833,81252.375,-2726.1753,9884.009,17752.605,177046.3,154125.98,50806.434,107148.14,-49370.02,50504.773,4786.0454,-54296.656,21799.88,15765.624,17623.48,9502.442
3544.4055,78893.04,-5773.344,9275.706,17609.02,175744.17,151218.69,49015.254,104422.305,-49393.086,49247.332,3293.3508,-54811.82,9407.939,12810.701,6918.7144,8684.435
3544.428,94033.945,9616.459,24008.791,31879.086,187500.0,167383.25,65140.715,120758.21,-36759.613,64849.363,18515.426,-40023.418,-473.7229,15478.83,-2731.808,22225.66
3544.4502,99135.16,15439.469,27243.469,34554.12,187500.0,173213.58,69813.86,126505.15,-34476.27,68913.4,22765.924,-36909.016,11700.58,19313.607,7441.5894,25482.285
3544.4727,83658.49,-305.906,12072.2,19814.734,179404.45,156726.16,53301.51,109954.65,-47484.99,52928.46,7172.921,-52143.445,22153.508,16592.549,17756.764,11620.2705
3544.4949,78097.65,-6572.933,8271.196,16585.531,174396.73,150402.8,48065.93,104288.68,-50267.086,48310.168,2413.117,-55846.684,11651.406,12985.09,8942.442,7864.4834
3544.5173,91882.95,7336.871,21946.754,29969.22,187500.0,165052.17,62884.89,120079.68,-38339.3,62747.07,16444.492,-42000.652,-468.69376,14811.966,-2552.0776,20486.27
3544.5398,100825.15,17109.969,28895.979,36314.414,187500.0,174994.0,71657.46,130781.35,-32869.38,70769.984,24562.69,-35109.76,8507.118,19166.578,4576.7437,27137.656
3544.562,86935.64,3192.2986,14749.984,22509.639,180985.19,160333.3,56634.83,116706.22,-45060.246,56106.77,10346.534,-49280.547,22051.203,17506.467,17450.633,14360.75
3544.5845,77881.305,-6580.89,7452.2734,15916.812,172454.19,150325.56,47647.84,107448.66,-50918.24,47826.79,2028.8455,-56517.816,14290.097,13348.037,11293.957,7348.762
3544.6067,89170.57,4575.045,19116.69,27474.273,184495.97,162229.34,59980.71,120078.516,-40587.977,60034.266,13774.084,-44669.383,558.39136,14156.388,-1447.2532,18058.938
3544.6292,101236.33,17370.502,29349.52,37053.137,187500.0,175456.83,72166.15,133688.62,-32301.646,71461.195,25126.76,-34508.41,5591.021,18706.244,2041.0496,27620.72
3544.6514,90050.914,6267.9434,17463.037,25319.14,183690.64,163763.52,59843.47,122205.33,-42658.53,59362.84,13426.313,-46448.805,21160.197,18262.248,16451.979,16981.357
3544.6738,78148.01,-6406.77,7242.2783,15823.851,172256.28,150751.75,47744.914,109610.3,-51120.117,48043.223,2143.8005,-56671.977,16620.443,13842.145,13332.57,7265.6357
3544.696,86498.125,1599.3345,16407.521,25026.758,181586.22,159430.9,57092.035,118789.78,-42842.598,57436.363,11110.472,-47329.22,2127.5955,13662.951,113.36805,15616.852
3544.7185,100811.336,16552.004,29137.846,37079.492,187500.0,174984.98,71801.01,134574.08,-32366.062,71344.67,24861.266,-34659.195,3126.0256,18131.848,-49.531467,27395.148
3544.7407,93046.13,9031.469,20264.629,28161.723,186780.72,167007.38,62978.992,126615.82,-40245.367,62518.21,16428.375,-43603.426,19697.945,18930.99,14942.724,19557.375
3544.7632,78818.31,-5922.6763,7539.4897,16152.712,172783.38,151572.02,48309.23,111400.23,-50936.543,48623.16,2686.1433,-56359.277,18739.615,14462.339,15153.276,7577.9795
3544.7856,83955.03,-1279.794,13859.065,22658.77,178984.52,156741.75,54347.777,116951.26,-45019.367,54882.562,8556.337,-49863.19,4068.688,13286.838,1979.2916,13267.393
3544.8079,99606.33,14904.882,28236.22,36382.785,187500.0,173641.78,70636.414,134032.28,-33017.125,70422.195,23835.387,-35500.676,1207.2401,17428.414,-1619.0934,26530.426
3544.8303,95823.67,11532.249,23002.36,30912.42,187500.0,169966.27,65951.64,130294.61,-37874.34,65530.957,19279.477,-40828.258,17542.342,19384.016,12849.616,22040.363
3544.8525,80157.25,-4784.1455,8536.488,17106.996,174028.14,153074.11,49612.96,113509.78,-50130.113,49950.742,3927.4473,-55352.508,20368.186,15176.656,16498.36,8542.322
3544.875,81786.24,-3793.3596,11640.029,20534.527,176713.48,154445.03,51995.3,115210.1,-46947.07,52734.27,6368.5933,-52099.055,6411.1064,13097.139,4165.382,11215.167
3544.8972,97748.38,12547.219,26702.133,35013.473,187500.0,171584.48,68784.945,132548.25,-34221.06,68871.11,22160.393,-37008.21,-89.33993,16641.344,-2600.201,25087.062
3544.9197,98253.336,13596.879,25489.617,33394.355,187500.0,172509.17,68593.01,133405.75,-35716.414,68274.38,21821.652,-38321.49,14871.019,19632.633,10343.226,24275.672
3544.942,82009.67,-3162.3696,10052.898,18533.465,175746.02,155091.7,51474.816,116040.16,-48874.19,51834.324,5699.8965,-53816.9,21609.69,15981.811,17457.45,9998.875
3544.9644,79939.836,-5960.4727,9681.413,18624.637,174680.19,152482.58,49970.902,113738.75,-48686.035,50861.934,4484.453,-54069.742,9059.387,13061.555,6594.1895,9408.9
3544.9868,95167.695,9480.739,24445.635,32926.555,187500.0,168737.75,66165.27,130229.4,-36044.45,66533.52,19769.516,-39222.62,-549.67413,15807.734,-2815.7834,22996.771
3545.009,99928.7,14899.294,27348.566,35287.977,187500.0,174200.39,70479.73,135633.1,-34051.34,70267.94,23684.959,-36417.03,11889.341,19599.709,7612.133,25935.938
3545.0315,84228.375,-1138.0839,11999.758,20393.375,177887.34,157462.2,53752.527,118882.25,-47198.527,54098.8,7906.058,-51820.71,22236.254,16799.84,17839.332,11867.391
3545.0537,78605.75,-7534.17,8198.643,17161.848,173168.0,151056.0,48474.676,112740.57,-50000.004,49457.125,3120.2366,-55548.848,11682.273,13178.611,8976.216,8066.1855
3545.0762,92280.586,6183.834,21854.934,30495.516,187500.0,165561.67,63194.24,127498.58,-38143.055,63819.617,17067.68,-41764.19,-327.09546,15019.121,-2422.4375,20626.012
3545.0984,100922.445,15549.461,28613.049,36612.184,187500.0,175146.06,71667.86,137037.56,-32870.52,71576.71,24903.465,-35101.56,8787.879,19336.07,4840.6953,27055.938
3545.1208,86880.68,1375.437,14427.336,22721.51,180535.69,160279.55,56512.88,122099.516,-45099.7,56814.043,10569.313,-49341.566,22123.557,17604.771,17537.223,14178.404
3545.143,78003.1,-8278.55,7372.768,16298.758,172397.06,150421.4,47731.324,112457.1,-50763.203,48737.11,2456.1663,-56365.42,14194.342,13475.107,11206.249,7358.1055
3545.1655,89394.94,2979.9346,19171.271,27914.58,184664.6,162401.98,60180.957,124718.3,-40360.594,61004.31,14316.092,-44413.297,573.6576,14341.416,-1446.4708,18188.197
3545.188,101220.98,15526.148,29207.494,37245.25,187500.0,175343.81,72124.98,137666.3,-32263.895,72146.81,25449.07,-34461.496,5876.341,18883.783,2290.2046,27570.61
3545.2102,89776.32,4141.51,17135.965,25290.127,183486.92,163343.03,59557.95,125576.75,-42770.805,59778.047,13533.132,-46595.32,21349.65,18347.408,16628.916,16723.418
3545.2327,77980.26,-8418.561,7067.2417,15905.702,172178.6,150417.52,47598.02,112841.51,-51093.297,48566.008,2403.282,-56672.156,16583.295,13913.581,13299.534,7134.1626
3545.255,86493.08,-212.76627,16393.418,25228.482,181651.58,159246.42,57121.09,121985.99,-42689.688,58097.46,11541.257,-47174.723,2090.1787,13774.308,70.02802,15654.894
3545.2773,100696.984,14669.026,29011.85,37140.62,187500.0,174665.03,71711.84,137473.0,-32314.117,71866.25,25181.498,-34613.957,3301.1516,18246.781,100.78402,27359.787
3545.2996,92735.516,6980.9863,19967.016,28034.898,186462.23,166463.16,62692.934,129170.805,-40320.895,62832.965,16565.057,-43723.344,19813.771,18966.283,15058.907,19358.602
3545.322,78640.84,-7810.2812,7367.5376,16137.334,172546.06,151154.72,48166.445,114013.59,-50882.562,49062.24,2967.1494,-56342.625,18666.525,14496.425,15087.183,7499.145
3545.3442,83853.36,-3050.7673,13731.683,22681.947,178717.47,156401.44,54281.816,119649.43,-44932.844,55369.117,8913.519,-49793.316,4108.34,13365.047,2004.6385,13254.54
3545.3667,99431.0,13110.125,27998.31,36309.16,187500.0,173215.27,70480.87,136864.52,-33015.56,70786.664,24099.898,-35521.797,1305.4314,17484.271,-1536.3472,26454.787
3545.3892,95533.28,9678.887,22617.598,30718.205,187500.0,169411.92,65664.195,133341.64,-37952.75,65739.66,19415.24,-40957.54,17613.043,19392.531,12917.722,21864.5
3545.4114,79948.84,-6478.0273,8199.871,16987.93,172971.39,152614.19,49411.82,117008.164,-50128.883,50208.727,4149.065,-55392.562,20295.43,15176.455,16432.467,8436.688
3545.4338,81680.5,-5297.073,11359.246,20501.133,175604.05,154110.61,51900.887,119134.445,-46884.707,53054.39,6692.224,-52053.215,6354.959,13127.716,4111.9385,11196.727
3545.456,97617.25,11104.437,26350.963,34939.664,187500.0,171230.44,68646.586,136645.16,-34212.676,69108.76,22435.586,-37020.1,-31.76183,16674.826,-2558.582,25035.363
3545.4785,97958.086,12070.568,24957.98,33171.62,187500.0,171985.47,68266.766,137464.08,-35837.047,68300.31,21914.68,-38502.047,14953.832,19608.516,10417.099,24078.35
3545.5007,81765.164,-4554.9507,9570.593,18387.73,174348.48,154637.92,51204.293,120318.13,-48938.723,51894.383,5845.272,-53936.438,21507.297,15935.095,17370.277,9852.694
3545.5232,79894.664,-7066.549,9369.092,18666.568,173450.36,152261.72,49905.5,118386.94,-48604.586,51096.848,4815.8623,-54014.49,8878.605,13052.727,6428.4736,9434.314
3545.5454,95201.38,8540.445,24169.746,33016.723,187500.0,168618.72,66161.875,135055.22,-35950.28,66794.99,20139.438,-39148.504,-597.7751,15833.06,-2878.4802,23055.625
3545.5679,99792.65,13863.58,26886.266,35211.465,187500.0,173915.28,70283.14,140350.83,-34120.43,70314.21,23849.826,-36540.793,11946.427,19579.973,7658.4683,25825.229
3545.5903,84122.18,-2073.996,11567.788,20363.312,176526.84,157225.77,53585.535,123738.93,-47239.9,54151.1,8082.1,-51916.668,22097.092,16741.836,17716.129,11786.791
3545.6125,78742.2,-8148.418,7977.248,17348.709,172012.3,151102.4,48554.16,117976.9,-49861.246,49726.13,3517.5835,-55432.46,11446.775,13166.586,8753.346,8190.439
3545.635,92547.58,5780.9883,21715.951,30767.29,186504.17,165770.83,63390.13,132937.56,-37955.008,64167.97,17553.004,-41585.246,-427.74533,15061.657,-2534.1963,20814.035
3545.6572,100980.96,15003.2295,28252.494,36677.27,187500.0,175151.55,71631.36,142261.31,-32889.832,71670.336,25145.959,-35167.277,8887.39,19345.012,4918.8594,27022.32
3545.6797,86822.96,763.4238,13970.467,22714.045,179181.27,160174.38,56359.543,127231.92,-45208.953,56777.453,10682.86,-49515.53,22077.535,17542.588,17496.633,14050.307
3545.702,78127.69,-8651.108,7090.7783,16488.703,171216.72,150530.48,47772.363,117848.086,-50722.01,48875.957,2739.6758,-56367.055,13983.408,13435.276,11014.649,7396.2153
3545.7244,89679.05,2838.046,19015.613,28246.303,183618.94,162705.34,60376.492,130296.08,-40221.496,61273.58,14720.234,-44299.125,434.36145,14358.716,-1580.6483,18328.678
3545.7466,101359.42,15303.548,28894.838,37437.164,187500.0,175509.39,72152.17,143038.3,-32280.502,72229.18,25655.2,-34531.523,5949.699,18888.857,2343.4019,27540.904
3545.769,89749.21,3805.139,16685.219,25366.035,182179.69,163345.67,59416.06,130736.25,-42921.14,59685.4,13549.807,-46817.453,21342.52,18283.951,16627.91,16563.312
3545.7913,78070.6,-8582.377,6745.712,16123.028,171018.66,150562.55,47588.207,118131.1,-51136.523,48599.555,2526.7085,-56765.766,16413.4,13855.69,13147.117,7098.3774
3545.8137,86751.484,-148.61676,16222.181,25598.201,180667.16,159590.81,57282.402,127432.914,-42614.61,58284.117,11806.236,-47127.45,1944.9595,13767.558,-75.57125,15745.262
3545.8362,100854.49,14679.732,28730.016,37406.34,187500.0,174917.25,71753.64,142728.92,-32353.234,71916.43,25309.73,-34702.336,3378.824,18249.016,150.69547,27323.264
3545.8584,92696.35,6826.402,19522.148,28151.375,185268.48,166512.52,62531.33,134136.02,-40508.16,62682.63,16490.691,-43991.008,19844.17,18898.0,15087.675,19175.271
3545.8809,78748.46,-7772.395,7100.6577,16425.357,171566.06,151373.53,48173.555,119101.59,-50923.086,49075.223,3045.224,-56443.9,18456.887,14427.381,14898.713,7486.427
3545.903,84223.34,-2694.369,13717.6455,23198.273,178062.72,156915.84,54561.77,124912.086,-44771.22,55634.453,9235.92,-49660.66,3866.8743,13368.154,1772.0016,13462.523
3545.9255,99779.84,13491.982,27959.53,36774.055,187500.0,173722.2,70725.33,141726.36,-32914.555,70996.766,24368.834,-35455.86,1347.0503,17530.607,-1519.1587,26596.588
3545.9478,95591.95,9788.634,22336.01,30929.027,187500.0,169613.64,65608.516,137398.27,-38088.47,65658.9,19392.621,-41163.02,17738.793,19367.363,13033.213,21764.967
3545.9702,80043.305,-6316.491,8007.803,17270.768,172730.11,152852.95,49411.66,120669.61,-50208.523,50190.867,4176.714,-55527.145,20198.625,15126.433,16346.144,8412.839
3545.9924,81955.336,-4933.388,11365.684,20948.37,175681.25,154545.67,52097.47,122620.914,-46815.934,53220.89,6895.7593,-52012.6,6233.0747,13131.226,3987.149,11333.185
3546.015,97873.33,11468.211,26347.299,35346.875,187500.0,171651.5,68824.016,139786.78,-34179.996,69238.91,22603.494,-37015.812,33.259396,16709.248,-2517.656,25121.617
3546.0374,97972.64,12195.425,24747.941,33358.168,187500.0,172148.52,68198.93,140060.86,-35990.47,68187.59,21839.957,-38715.348,15094.0,19585.672,10542.245,23966.055
3546.0596,81819.234,-4387.4688,9434.247,18629.13,174426.78,154836.31,51190.3,122714.08,-49028.664,51837.586,5821.4004,-54076.113,21417.152,15882.457,17286.37,9817.267
3546.082,80156.36,-6677.07,9437.22,19082.379,173761.05,152683.45,50114.78,120802.05,-48523.984,51250.113,4998.3867,-53948.707,8727.552,13055.207,6277.3535,9587.647
3546.1042,95508.38,8990.744,24267.514,33438.836,187500.0,169095.38,66418.25,137324.62,-35858.707,66977.74,20355.646,-39054.87,-576.7868,15886.011,-2874.4346,23220.535
3546.1267,99829.47,14040.941,26732.195,35376.2,187500.0,174103.73,70261.1,142123.69,-34246.227,70225.25,23801.166,-36697.434,12142.25,19588.89,7832.5654,25754.775
3546.149,84062.66,-2003.521,11351.356,20471.338,176643.53,157302.17,53480.887,125225.73,-47408.32,53996.273,7963.0103,-52122.84,22100.98,16691.746,17728.31,11669.601
3546.1714,78852.65,-7909.3213,7913.2773,17623.414,172360.44,151354.95,48640.28,119494.695,-49868.332,49763.703,3582.6047,-55451.305,11332.647,13153.823,8647.421,8244.352
3546.1936,92737.8,6104.977,21695.432,31096.062,186970.67,166110.55,63561.477,134408.55,-37906.168,64284.266,17696.057,-41527.91,-420.88336,15100.772,-2539.7395,20927.963
3546.216,100994.52,15144.6045,28047.26,36831.945,187500.0,175299.97,71615.94,143419.89,-32979.44,71606.91,25112.855,-35271.926,9054.223,19365.172,5065.5312,26983.271
3546.2385,86742.21,796.795,13694.199,22800.592,179398.97,160211.9,56252.5,128181.305,-45340.402,56644.082,10577.494,-49676.33,22113.387,17516.168,17536.688,13956.586
3546.2607,78177.195,-8490.623,6952.4434,16702.096,171565.94,150701.97,47810.586,118847.54,-50721.273,48897.863,2784.6921,-56377.56,13907.792,13431.968,10944.622,7437.6777
3546.2832,89844.54,3119.32,18979.158,28548.273,184083.36,163002.72,60537.066,131340.9,-40132.918,61412.72,14880.988,-44196.8,411.89795,14401.653,-1615.2266,18467.773
3546.3054,101396.73,15455.674,28723.602,37601.203,187500.0,175669.8,72174.26,143872.12,-32296.639,72238.12,25688.57,-34544.645,6116.2866,18934.143,2487.548,27568.172
3546.328,89643.125,3797.1816,16391.049,25408.3,182359.23,163340.17,59290.105,131345.28,-43022.17,59568.117,13454.7,-46942.062,21408.904,18268.752,16704.152,16482.87
3546.35,78144.25,-8415.544,6633.417,16332.845,171371.56,150740.1,47654.926,118871.19,-51069.312,48678.547,2621.234,-56703.156,16269.835,13854.975,13023.49,7189.975
3546.3726,87032.84,240.6389,16289.481,25967.63,181216.33,159995.67,57564.816,128343.586,-42397.195,58564.746,12102.822,-46877.02,1830.1161,13830.656,-189.29694,16008.588
3546.3948,101032.08,14975.155,28672.707,37643.984,187500.0,175217.55,71920.01,143478.1,-32242.861,72080.96,25497.217,-34560.11,3535.2861,18334.13,278.83804,27480.309
3546.4172,92585.89,6816.723,19202.922,28132.822,185410.36,166495.42,62400.844,134524.4,-40611.066,62571.16,16404.504,-44104.508,20019.543,18903.855,15256.698,19081.775
3546.4397,78718.516,-7715.644,6890.4844,16508.35,171787.08,151429.45,48141.3,119527.55,-50927.824,49073.367,3062.2114,-56452.64,18378.479,14416.16,14837.491,7475.787
3546.462,84410.38,-2416.492,13718.83,23473.713,178501.02,157204.53,54763.562,125532.39,-44602.93,55858.105,9474.771,-49459.023,3749.6394,13417.954,1663.8416,13642.745
3546.4844,99855.21,13664.136,27840.707,36922.492,187500.0,173895.19,70805.69,142191.44,-32852.637,71099.52,24495.1,-35363.01,1539.5435,17613.824,-1350.7607,26675.512
3546.5066,95298.43,9567.285,21891.658,30756.629,187500.0,169376.88,65305.004,137425.3,-38292.184,65399.395,19163.248,-41397.56,17980.393,19349.66,13270.768,21537.293
3546.529,79877.85,-6430.664,7732.609,17256.082,172807.56,152731.69,49251.71,120787.29,-50264.156,50083.242,4091.9338,-55609.934,20070.438,15075.225,16247.394,8318.604
3546.5513,82114.73,-4714.028,11401.514,21228.682,176062.8,154770.33,52277.336,123051.77,-46610.855,53441.973,7133.6265,-51790.582,6033.7197,13162.205,3804.1553,11526.505
3546.5737,98024.74,11695.461,26353.02,35591.69,187500.0,171877.16,68985.4,140179.55,-34016.383,69434.375,22823.277,-36822.78,163.86064,16806.365,-2410.9934,25291.469
3546.596,97729.516,12008.2295,24387.342,33249.336,187500.0,171942.73,67941.5,139990.92,-36132.336,67989.516,21675.807,-38888.887,15401.314,19604.492,10832.55,23797.143
3546.6184,81573.79,-4604.5044,9119.267,18563.104,174361.92,154604.7,50938.754,122591.164,-49133.965,51659.44,5671.2188,-54226.473,21391.537,15837.061,17287.846,9662.324
3546.6406,80208.305,-6595.8213,9421.037,19291.01,173989.62,152763.34,50176.516,120956.9,-48374.875,51382.773,5152.055,-53809.188,8554.884,13072.329,6124.8027,9705.978
3546.663,95652.93,9183.036,24321.404,33697.625,187500.0,169277.95,66564.63,137545.66,-35659.46,67190.84,20594.52,-38840.918,-526.76355,15974.881,-2843.2537,23406.322
3546.6855,99661.984,13912.978,26484.984,35333.82,187500.0,173942.38,70067.6,141970.66,-34300.695,70114.07,23722.98,-36782.727,12426.743,19628.633,8092.8066,25665.525
3546.7078,83851.7,-2195.947,11107.477,20417.828,176567.66,157069.61,53243.375,124975.74,-47469.79,53855.164,7850.38,-52232.027,22087.793,16657.615,17730.389,11556.434
3546.7302,78936.78,-7802.3237,7990.033,17833.61,172543.83,151429.81,48711.695,119518.38,-49684.598,49926.914,3768.482,-55277.496,11138.3,13172.71,8469.165,8398.69
3546.7524,92972.42,6384.977,21919.664,31399.82,187274.97,166353.31,63780.434,134562.62,-37636.99,64578.973,18016.938,-41234.656,-446.76666,15191.432,-2579.1902,21189.074
3546.775,100920.5,15115.436,27976.584,36824.168,187500.0,175212.73,71502.27,143212.17,-32974.164,71581.94,25123.562,-35278.566,9346.249,19426.752,5324.6777,26964.564
3546.797,86502.59,578.86554,13503.807,22668.537,179203.34,159929.94,55972.816,127751.57,-45442.93,56467.414,10435.94,-49819.312,22165.11,17478.863,17605.107,13809.713
3546.8196,78217.81,-8429.424,7048.1533,16833.86,171656.36,150709.42,47827.57,118676.375,-50581.863,49009.58,2924.2566,-56247.137,13693.461,13426.805,10754.386,7547.9165
3546.8418,90115.8,3434.994,19272.48,28853.555,184403.53,163262.25,60784.41,131389.45,-39838.098,61734.605,15231.352,-43870.82,300.47452,14479.997,-1733.1766,18755.127
3546.8643,101435.414,15549.081,28770.54,37657.06,187500.0,175684.72,72162.3,143646.42,-32214.34,72307.19,25796.686,-34455.973,6349.3037,19008.46,2686.7468,27632.68
3546.8867,89434.164,3628.1128,16226.473,25264.268,182188.6,163079.64,59027.676,130820.99,-43118.55,59406.492,13332.369,-47067.656,21512.08,18243.584,16804.467,16350.346
3546.909,78144.97,-8376.986,6684.6245,16403.275,171417.75,150692.75,47633.6,118534.016,-50975.86,48741.69,2715.8264,-56616.543,16108.053,13842.994,12876.93,7256.002
3546.9314,87258.195,520.8851,16531.217,26217.793,181484.45,160189.47,57788.0,128219.516,-42137.152,58845.22,12410.807,-46588.883,1721.8667,13897.197,-296.69708,16255.463
3546.9536,101095.83,15101.265,28732.61,37715.91,187500.0,175240.25,71973.74,143158.22,-32136.758,72184.766,25632.936,-34439.703,3728.182,18412.541,451.81818,27565.803
3546.976,92420.24,6697.544,19054.596,28012.28,185277.86,166261.64,62225.562,133928.52,-40674.5,62458.223,16321.534,-44187.97,20121.668,18894.11,15370.424,18988.457
3546.9983,78716.57,-7675.388,6911.7183,16555.602,171831.88,151358.84,48149.95,119072.02,-50841.168,49141.63,3150.903,-56372.465,18250.76,14411.265,14731.768,7548.14
3547.0208,84567.0,-2205.581,13877.215,23646.38,178711.56,157303.52,54939.785,125216.07,-44399.754,56083.746,9717.6455,-49237.652,3674.4707,13466.792,1589.6115,13844.447
3547.043,99943.664,13813.714,27915.742,37007.766,187500.0,173921.7,70906.2,141764.52,-32725.346,71244.16,24660.88,-35219.223,1638.1818,17672.363,-1272.0155,26795.115
3547.0654,95238.73,9564.2,21832.201,30713.154,187500.0,169243.19,65256.79,136800.23,-38280.16,65403.55,19188.75,-41391.68,18084.598,19369.375,13369.16,21537.941
3547.088,79830.24,-6425.0986,7702.613,17240.37,172874.66,152606.06,49228.715,120135.18,-50226.094,50119.9,4146.07,-55585.48,20063.084,15084.5,16245.203,8350.769
3547.11,82161.42,-4611.9253,11465.283,21285.299,176262.92,154740.89,52357.13,122463.67,-46489.484,53581.27,7286.311,-51676.61,5977.237,13190.391,3752.0535,11645.55
3547.1326,98101.12,11831.852,26430.781,35642.562,187500.0,171872.0,69088.99,139592.62,-33879.14,69595.305,22997.488,-36685.9,177.22699,16851.807,-2408.2666,25424.395
3547.1548,97713.13,12054.252,24372.588,33201.637,187500.0,171834.05,67949.57,139283.73,-36071.9,68058.805,21758.195,-38839.758,15476.527,19634.846,10899.068,23854.766
3547.1772,81550.93,-4562.8857,9107.733,18518.377,174561.02,154486.75,50953.664,121856.49,-49065.523,51740.734,5762.794,-54177.387,21379.893,15854.808,17277.473,9733.537
3547.1995,80270.28,-6468.0137,9487.579,19319.418,174296.4,152732.53,50285.547,120288.83,-48237.367,51553.36,5329.5054,-53683.707,8493.283,13107.152,6069.8174,9853.388
3547.222,95738.36,9333.933,24394.293,33726.86,187500.0,169271.88,66693.336,136883.23,-35520.727,67374.73,20784.24,-38699.723,-509.3292,16031.878,-2831.2732,23561.467
3547.2441,99611.6,13926.143,26427.004,35234.535,187500.0,173796.9,70058.5,141156.95,-34271.707,70166.33,23781.654,-36762.746,12541.743,19670.61,8198.598,25708.418
3547.2666,83747.01,-2237.1416,11015.61,20290.066,176767.94,156871.39,53194.65,124093.3,-47461.027,53876.645,7875.2793,-52245.84,22113.834,16673.373,17766.441,11576.773
3547.289,78937.695,-7736.3193,8001.7905,17809.156,172883.39,151343.86,48780.805,118723.22,-49580.395,50063.24,3902.5925,-55185.92,11067.377,13200.181,8409.799,8522.676
3547.3113,93066.32,6548.346,22000.8,31439.807,187500.0,166363.25,63936.85,133838.3,-37478.78,64795.652,18227.826,-41063.02,-469.6996,15252.071,-2605.6323,21382.73
3547.3337,100889.32,15154.685,27929.555,36738.203,187500.0,175090.88,71523.53,142336.3,-32928.633,71666.27,25201.459,-35223.582,9474.503,19481.58,5442.337,27046.482
3547.356,86361.31,507.36224,13376.826,22511.404,179476.22,159695.53,55896.26,126736.25,-45462.49,56463.727,10420.004,-49846.54,22219.223,17496.363,17664.541,13817.2
3547.3784,78174.16,-8405.44,7027.2544,16780.416,172074.22,150575.77,47862.105,117717.305,-50508.484,49117.09,3011.026,-56173.848,13633.961,13452.107,10704.497,7653.0815
3547.4006,90165.375,3548.8088,19328.605,28866.854,184956.42,163220.1,60909.09,130458.625,-39706.848,61929.312,15401.918,-43716.125,295.64655,14541.396,-1740.7762,18932.69
3547.423,101338.52,15505.854,28685.201,37523.152,187500.0,175476.72,72128.1,142410.86,-32215.19,72345.805,25815.371,-34442.004,6531.9844,19068.297,2853.1555,27676.602
3547.4453,89203.16,3439.33,16058.187,25037.486,182769.34,162718.72,58865.445,129110.81,-43197.387,59325.312,13229.417,-47159.21,21600.705,18252.213,16903.373,16298.065
3547.4678,78048.01,-8437.537,6693.1855,16320.439,172361.03,150464.38,47610.984,116579.59,-50924.406,48806.176,2751.2092,-56573.027,16039.03,13864.273,12823.934,7336.2676
3547.49,87293.65,582.66534,16685.107,26236.836,182717.78,160093.4,57882.883,126069.28,-42002.527,59030.09,12564.989,-46433.85,1684.1593,13958.441,-335.47736,16439.463
3547.5125,101032.88,15049.922,28804.201,37618.348,187500.0,175032.42,71945.47,140638.14,-32103.855,72253.516,25678.355,-34382.215,3887.9521,18482.346,586.82275,27651.812
3547.535,92176.61,6449.462,19002.65,27766.143,186412.45,165854.17,62010.875,130971.234,-40761.67,62354.688,16197.035,-44273.58,20285.617,18919.031,15521.074,18930.164
3547.5571,78538.914,-7871.4126,6972.6714,16396.547,173116.16,151012.11,48013.156,115920.71,-50842.82,49119.367,3102.1316,-56365.355,18242.959,14429.437,14728.929,7566.066
3547.5796,84569.69,-2233.1853,14118.726,23636.97,180236.0,157139.61,54983.816,122020.44,-44260.992,56236.812,9841.429,-49056.76,3609.3374,13525.756,1522.8915,14019.641
3547.6018,99933.36,13761.835,28132.107,36945.203,187500.0,173739.31,70919.164,138396.05,-32624.54,71365.055,24757.732,-35057.973,1772.2922,17765.258,-1166.5599,26944.156
3547.6243,94991.63,9256.372,21842.707,30429.98,187500.0,168799.95,65022.902,133043.12,-38357.227,65289.69,19056.049,-41432.293,18298.168,19411.553,13566.905,21487.158
3547.6465,79653.11,-6680.8696,7818.953,17044.3,174243.4,152223.31,49080.363,116281.46,-50217.242,50090.125,4091.107,-55531.95,20030.695,15102.852,16227.12,8374.528
3547.669,82244.59,-4615.9707,11828.164,21308.611,177907.42,154630.92,52479.28,118731.336,-46282.395,53808.117,7484.46,-51376.18,5853.341,13266.409,3637.9475,11891.24
3547.6912,98167.28,11803.577,26750.121,35603.18,187500.0,171749.7,69179.43,135751.98,-33732.895,69783.51,23164.768,-36419.8,348.1955,16981.582,-2263.651,25625.963
3547.7136,97390.664,11606.546,24332.334,32804.383,187500.0,171290.34,67632.87,134960.81,-36226.28,67862.31,21548.334,-38922.035,15795.553,19679.953,11200.594,23720.701
3547.736,81275.87,-4990.564,9157.645,18207.084,175771.23,153974.12,50701.445,117484.6,-49134.992,51617.176,5616.301,-54173.5,21332.842,15844.392,17258.832,9663.509
3547.7583,80347.53,-6546.424,9869.592,19317.63,175844.28,152590.31,50402.715,116208.46,-48023.617,51786.312,5529.3525,-53346.26,8304.1875,13168.821,5901.6206,10092.908
3547.7808,95894.22,9338.895,24811.756,33741.008,187500.0,169221.06,66880.62,132869.12,-35298.684,67663.29,21045.912,-38324.395,-412.59085,16164.3125,-2760.3289,23833.354
3547.803,99288.22,13424.7705,26386.145,34802.87,187500.0,173233.23,69751.945,136652.78,-34448.395,69976.805,23579.438,-36838.9,13016.024,19741.71,8632.378,25549.475
3547.8254,83136.36,-3076.2036,10770.636,19674.79,177461.97,155980.94,52629.395,119287.76,-47809.938,53452.344,7437.521,-52527.99,22384.691,16638.371,18033.5,11197.353
3547.8477,78318.73,-8634.01,7810.348,17254.385,173553.8,150429.38,48251.742,113933.73,-49878.613,49696.066,3514.566,-55412.97,11250.103,13172.219,8585.976,8178.593
3547.87,92459.67,5614.8477,21840.56,30918.99,187500.0,165447.45,63437.246,129144.164,-37737.727,64475.395,17881.912,-41249.344,-280.805,15238.481,-2433.0322,21074.857
3547.8923,100082.6,13964.677,27574.275,36034.08,187500.0,173936.38,70807.805,137557.36,-33312.816,71160.43,24667.61,-35581.098,9770.082,19435.424,5718.739,26594.129
3547.9148,85663.31,-628.24054,13129.526,21923.285,179737.78,158619.27,55287.53,122210.38,-45703.418,56090.227,10005.178,-50069.785,22107.775,17400.342,17590.154,13497.66
3547.9373,78121.66,-8905.562,7344.761,16738.014,172830.78,150173.67,47903.055,114055.766,-50228.484,49385.98,3218.942,-55807.254,13152.549,13463.372,10280.037,7905.767
3547.9595,90594.62,3553.7263,19996.207,29153.492,185988.48,163358.2,61409.77,127571.9,-39144.746,62624.203,16034.359,-42993.047,1.1399391,14709.26,-2019.1224,19541.238
3547.982,101550.59,15296.998,29050.809,37527.086,187500.0,175422.42,72373.99,139688.75,-31930.025,72778.984,26199.732,-34012.36,6755.189,19256.365,3044.0396,28024.46
3548.0042,88976.22,2751.567,15984.85,24660.592,182486.19,162211.45,58664.816,126582.65,-43285.72,59330.496,13196.6045,-47153.53,21878.27,18321.459,17171.123,16236.15
3548.0266,77797.87,-9186.099,6588.177,15978.189,171607.64,149942.1,47410.49,114896.04,-51000.133,48831.945,2735.183,-56557.156,16060.868,13887.563,12860.479,7272.4307
3548.0488,87190.875,-33.505264,16669.908,26045.617,181735.62,159745.48,57839.14,125354.555,-41959.77,59216.684,12704.889,-46283.96,1627.6094,14010.476,-381.18668,16508.016
3548.0713,100850.6,14339.739,28640.877,37343.105,187500.0,174613.86,71798.01,140513.73,-32145.475,72343.08,25722.031,-34348.73,3991.7087,18535.252,683.1811,27638.736
3548.0935,91895.23,5613.507,18695.068,27416.27,184753.14,165328.72,61741.445,131338.12,-40877.52,62336.875,16136.73,-44349.707,20233.293,18898.424,15496.376,18835.727
3548.116,78597.01,-8368.091,6936.0596,16367.847,171652.47,150855.25,48083.254,117229.836,-50694.85,49433.5,3373.9065,-56138.867,17905.135,14439.987,14431.985,7766.829
3548.1384,84972.76,-2358.9138,14328.385,23893.145,178967.84,157383.92,55392.562,124225.664,-43903.387,56860.516,10429.012,-48571.66,3321.3352,13632.598,1256.6375,14483.104
3548.1606,100228.13,13545.582,28166.977,37076.63,187500.0,173909.2,71195.19,140911.42,-32440.74,71834.69,25207.717,-34763.535,1838.6993,17896.82,-1114.0558,27256.143
3548.183,94928.04,8665.436,21518.83,30270.031,187500.0,168610.53,64922.79,135546.14,-38484.88,65392.35,19153.838,-41502.61,18424.857,19441.816,13695.897,21472.719
3548.2053,79599.46,-7275.001,7512.064,16957.979,172370.9,152059.44,48999.92,119176.0,-50319.746,50218.293,4219.294,-55578.082,19917.217,15090.2,16139.636,8383.849
3548.2278,82371.81,-5022.527,11676.373,21414.715,176176.39,154681.02,52585.406,122168.48,-46244.89,54110.758,7788.399,-51271.996,5658.0093,13286.19,3461.4807,12060.242
3548.25,98334.67,11450.821,26601.393,35742.098,187500.0,171860.42,69309.65,139485.86,-33697.043,70093.35,23479.324,-36341.125,246.98677,17017.389,-2364.9937,25807.883
3548.2725,97460.41,11164.071,24068.873,32863.08,187500.0,171313.36,67648.47,138799.58,-36294.406,68043.0,21741.006,-38981.78,15698.1,19672.04,11112.305,23802.799
3548.2947,81424.46,-5338.692,8957.552,18358.764,174061.64,154101.56,50794.855,121656.734,-49154.438,51862.22,5880.2524,-54174.37,21083.016,15822.286,17035.47,9812.998
3548.3171,80685.58,-6678.545,9823.771,19643.81,174318.4,152946.42,50686.965,120820.15,-47922.812,52198.05,5964.0493,-53213.805,8016.297,13184.825,5634.942,10394.925
3548.3394,96291.54,9293.477,24788.398,34108.246,187500.0,169666.64,67210.47,137687.4,-35204.96,68119.42,21502.514,-38244.574,-588.99084,16206.088,-2931.5654,24151.598
3548.3618,99644.95,13364.645,26297.945,35123.53,187500.0,173655.23,70015.61,141500.81,-34426.582,70400.734,23952.867,-36916.793,12775.051,19735.854,8411.207,25808.71
3548.3843,83672.266,-2913.416,10827.767,20146.992,176254.75,156618.08,53058.973,124412.48,-47674.016,54072.918,7955.8574,-52515.918,21948.14,16629.766,17634.791,11599.014
3548.4065,79265.64,-7988.5356,8208.454,18060.637,172790.36,151539.44,49081.48,119566.28,-49466.29,50710.207,4385.032,-55132.613,10644.572,13228.389,8023.5386,8897.895
3548.429,93590.65,6523.4463,22353.512,31835.41,187500.0,166796.92,64429.33,134958.03,-37273.906,65623.516,18869.01,-40981.547,-639.7293,15381.354,-2781.0488,21872.725
3548.4512,100948.7,14666.836,27819.541,36692.74,187500.0,175041.12,71515.44,142993.48,-33140.953,72004.19,25349.473,-35708.547,9709.911,19542.154,5645.2686,27091.41
3548.4736,86186.875,-224.34447,13098.748,22322.33,178894.66,159389.33,55665.477,127175.97,-45864.016,56595.645,10347.785,-50497.664,22094.79,17411.941,17574.059,13673.926
3548.4958,78412.9,-8704.932,7169.769,17009.834,171933.89,150717.06,48086.18,118648.12,-50599.477,49686.566,3357.6792,-56381.18,13184.423,13435.41,10304.646,7891.909
3548.5183,90668.07,3543.5115,19690.748,29311.566,185051.05,163669.2,61405.812,131734.28,-39685.01,62717.61,15976.558,-43833.137,74.9007,14645.6455,-1956.0906,19350.197
3548.5405,101373.766,15037.495,28577.69,37524.535,187500.0,175451.97,72130.94,143323.3,-32649.729,72599.37,25888.037,-35238.445,6805.7935,19122.209,3094.9568,27633.418
3548.563,88805.43,2514.0574,15577.915,24703.014,181718.58,162232.14,58440.09,129876.18,-43949.836,59140.53,12881.222,-48502.953,21624.486,18130.172,16954.938,15892.381
3548.5854,77961.55,-9055.587,6532.6997,16315.678,171481.67,150310.86,47537.445,118056.24,-51365.67,48954.523,2736.77,-57769.87,15643.763,13769.145,12480.79,7235.4834
3548.6077,87549.17,325.53082,16814.01,26529.285,182038.75,160328.67,58171.555,128252.15,-42182.168,59481.1,12869.777,-47644.645,1387.2611,13983.855,-612.48254,16595.41
3548.6301,100932.5,14432.834,28550.354,37565.484,187500.0,174911.19,71855.14,142717.69,-32606.59,72270.055,25588.322,-36374.918,4104.2495,18492.338,773.05743,27420.629
3548.6523,91571.03,5288.2666,18291.977,27309.898,184698.23,165192.72,61412.63,132771.36,-41625.14,61843.457,15612.225,-47056.883,20345.676,18743.639,15609.387,18246.982
3548.6748,78240.45,-8738.705,6583.751,16282.754,171687.52,150674.19,47762.082,118335.016,-51430.562,48921.355,2850.63,-59008.14,17813.672,14263.363,14365.533,7165.7236
3548.697,84700.33,-2656.1697,14104.711,23901.414,179163.52,157276.06,55183.24,125163.06,-44543.652,56409.39,9995.299,-51663.086,3215.008,13492.34,1171.6561,13936.447
3548.7195,99773.36,13044.567,27798.15,36918.848,187500.0,173589.61,70806.87,141437.83,-33079.71,71140.76,24577.375,-38977.2,1938.8575,17741.006,-1017.2279,26489.299
3548.7417,94187.86,7848.39,20925.123,29875.434,187498.11,167967.25,64255.543,135585.4,-39172.04,64357.043,18232.521,-47085.516,18456.016,19179.586,13747.016,20395.768
3548.7642,78985.35,-7982.2773,7076.428,16697.826,172314.88,151531.44,48481.918,119190.98,-50858.246,49265.973,3425.986,-61712.836,19680.78,14819.722,15942.583,7356.7197
3548.7866,81970.984,-5528.9946,11438.573,21334.25,176336.86,154370.64,52298.008,122279.516,-46625.652,53301.715,7198.4243,-57882.3,5430.7144,13087.327,3267.177,11120.664
3548.8088,97833.9,10814.4,26246.67,35556.51,187500.0,171441.88,68923.055,139388.06,-34195.934,69063.72,22757.139,-43892.77,304.85547,16839.58,-2307.2812,24636.518
3548.8313,96568.164,10078.3125,23348.387,32337.766,187500.0,170463.38,66864.59,138195.33,-37165.59,66525.81,20624.023,-47452.844,15866.252,19397.54,11287.698,22196.535
3548.8535,80531.06,-6479.5923,8266.815,17868.59,173744.16,153224.36,50026.69,120958.15,-50113.508,50293.57,4782.067,-62726.46,20977.426,15505.741,16967.053,8163.5054
3548.876,80020.21,-7631.02,9352.552,19371.498,174219.97,152296.05,50178.19,120293.27,-48718.332,50805.336,5109.7656,-61843.39,7810.4375,12925.88,5468.69,8890.43
3548.8982,95604.67,8278.751,24274.354,33805.54,187500.0,168982.9,66696.78,137092.33,-36010.383,66558.16,20598.72,-47656.043,-539.5264,15978.346,-2878.7036,22501.904
3548.9207,98538.07,11866.8545,25381.95,34450.094,187500.0,172500.84,69081.77,140422.67,-35594.13,68258.65,22620.057,-47270.945,13009.744,19409.16,8644.693,23704.74
3548.9429,82579.95,-4453.7197,9948.784,19529.727,175662.34,155439.94,52151.004,123319.39,-48922.18,51828.98,6637.9766,-62858.38,21807.168,16236.173,17545.537,9479.241
3548.9653,78553.89,-9171.86,7677.4,17782.625,172548.19,150743.31,48560.375,118875.88,-50478.555,48745.65,3443.0852,-65143.914,10344.88,12916.716,7773.3115,7082.374
3548.9878,92995.98,5469.4946,21883.164,31626.578,187500.0,166125.83,64021.23,134422.12,-38242.52,63627.617,18001.852,-51340.418,-702.33655,15107.299,-2846.8076,20053.809
3549.01,100017.04,13285.296,26981.328,36162.62,187500.0,174012.56,70761.43,142140.58,-34423.99,69540.08,24124.193,-46822.703,9881.953,19168.209,5808.95,24896.895
3549.0325,85221.484,-1643.5015,12205.7295,21784.303,178307.66,158311.52,54885.223,126332.625,-47245.754,54024.08,9094.031,-61580.824,21982.428,16961.688,17496.186,11433.499
3549.0547,77801.6,-9759.286,6570.631,16789.916,171668.25,150017.97,47675.78,118254.15,-51744.066,47422.312,2465.107,-67013.32,12867.632,13049.687,10031.844,5954.4824
3549.0771,90282.45,2746.1802,19239.914,29256.445,184973.62,163231.1,61226.906,131668.72,-40656.844,60592.88,15271.853,-54527.33,-121.41468,14314.974,-2125.986,17541.426
3549.0994,100782.19,14056.073,27869.586,37248.582,187500.0,174810.16,71730.016,143114.44,-33778.047,70184.74,24942.559,-46504.57,6875.0166,18743.348,3167.8682,25576.186
3549.1218,88145.85,1473.4718,14780.941,24387.453,181301.73,161518.81,57964.4,129662.6,-45217.18,56623.027,11865.446,-59649.656,21509.777,17680.344,16868.996,13759.6
3549.144,77652.78,-9721.333,6039.531,16333.358,171376.34,149985.53,47419.453,118287.09,-52454.63,46789.625,2087.854,-68199.59,15319.663,13388.807,12195.984,5416.0737
3549.1665,87509.63,-26.799742,16531.037,26760.516,182155.42,160323.1,58318.742,128838.39,-43116.72,57557.598,12477.393,-57782.48,1165.9117,13677.658,-816.19635,14969.255
3549.1887,100740.97,13975.115,28092.32,37620.85,187500.0,174774.88,71821.1,143189.55,-33686.27,70162.82,25034.469,-46773.574,4212.387,18177.625,863.51495,25619.102
3549.2112,91172.26,4650.5713,17644.156,27193.469,184369.44,164853.08,61149.035,133057.73,-42938.395,59546.816,14877.188,-57319.24,20414.79,18353.51,15679.503,16276.809
3549.2336,78046.35,-9145.463,6137.4316,16375.469,171538.2,150577.47,47703.074,118892.02,-52610.285,46896.152,2375.0518,-68567.89,17708.283,13918.029,14255.764,5426.8696
3549.2559,84719.53,-2816.1187,13839.485,24181.504,179206.16,157452.58,55340.664,126018.27,-45534.93,54651.09,9763.779,-60760.383,3124.7964,13212.362,1059.9197,12419.055
3549.2783,99749.18,12873.0625,27452.457,37148.133,187500.0,173758.84,70906.65,142310.98,-34194.19,69365.95,24314.43,-47588.496,2057.5452,17476.56,-945.14355,24971.549
3549.3005,94033.91,7557.3267,20429.115,30008.627,187332.81,168017.17,64206.527,136376.69,-40541.508,62527.418,17904.33,-54716.02,18566.857,18878.105,13831.081,18892.77
3549.323,79119.125,-7982.97,6837.0635,17119.268,172422.44,151907.47,48727.566,120383.914,-52053.46,47846.594,3503.3901,-68001.49,19564.17,14576.869,15817.413,6293.76
3549.3452,82432.7,-5182.766,11483.231,22039.18,176742.98,155137.27,52888.652,123945.414,-47557.34,52318.887,7705.2725,-63138.023,5339.139,12943.717,3143.5718,10503.823
3549.3677,98256.88,11153.588,26235.92,36190.113,187500.0,172216.1,69484.305,141106.64,-35125.676,68135.0,23294.877,-48765.117,502.13193,16730.213,-2168.2534,24096.455
3549.39,96708.266,10158.399,23074.13,32710.213,187500.0,170974.23,67151.32,139691.33,-38246.945,65437.95,21008.428,-52195.594,16175.466,19229.273,11550.778,21547.06
3549.4124,80784.04,-6262.713,8119.1147,18371.303,173896.17,153891.3,50456.81,122694.92,-51009.61,49494.363,5532.0796,-66936.19,21044.861,15346.552,17018.686,7796.423
3549.4348,80549.59,-7097.439,9467.417,20110.0,174650.28,153309.97,50899.19,122457.234,-49340.965,50441.586,6415.3755,-65355.406,7823.9824,12853.64,5453.267,8949.885
3549.457,96196.57,8930.842,24435.129,34567.152,187500.0,170124.55,67471.11,139430.53,-36548.86,66386.05,22253.42,-50661.258,-362.47824,15965.762,-2753.4893,22769.924
3549.4795,98930.68,12369.255,25334.34,35029.633,187500.0,173500.33,69646.72,142657.42,-36200.754,68025.81,24423.773,-50031.88,13325.283,19379.725,8909.719,23958.97
3549.5017,83024.15,-3860.4148,9930.076,20199.562,176185.14,156580.23,52785.39,125767.01,-49349.793,51823.08,8965.755,-65019.367,21920.045,16203.875,17621.76,9988.928
3549.5242,79250.93,-8289.055,7854.85,18713.418,173414.3,152256.53,49476.324,121862.66,-50564.88,49176.387,6493.0923,-66521.83,10373.579,12967.834,7761.6216,8025.7065
3549.5464,93758.04,6439.426,22103.217,32626.484,187500.0,167802.2,65010.695,137746.38,-38166.95,64279.01,21479.559,-52288.71,-484.49643,15256.095,-2684.4224,21201.703
3549.5688,100499.66,13970.958,26968.342,36936.418,187500.0,175469.83,71449.66,145371.33,-34440.125,70053.61,27676.064,-47753.43,10322.997,19324.627,6178.201,25936.473
3549.591,85606.984,-1050.0626,12140.06,22542.137,178993.16,159783.42,55474.168,129748.914,-47133.84,54622.656,13066.227,-62382.246,22234.8,17085.182,17709.646,12595.834
3549.6135,78395.76,-8932.809,6710.173,17769.684,172654.19,151855.44,48478.566,122237.02,-51262.766,48415.445,7204.2134,-67524.086,12962.648,13233.642,10097.356,7520.6475
3549.636,90976.01,3693.8718,19460.346,30310.018,186166.55,165288.12,62111.613,136027.16,-39958.215,61826.336,20521.34,-54930.53,88.42351,14579.686,-1978.8446,19323.174
3549.6582,101237.555,14768.066,27852.018,38023.875,187500.0,176779.23,72341.766,147405.16,-33144.082,71289.17,30292.83,-47053.484,7299.6104,19016.04,3516.2646,27238.172
3549.6807,88479.516,2069.7268,14628.055,25007.848,182503.2,163628.45,58447.176,134088.97,-44520.273,57741.418,17520.146,-60078.453,21743.645,17898.697,17074.586,15453.014
3549.703,78230.51,-8858.578,6062.039,17142.492,173065.23,152637.36,48162.445,123323.26,-51407.047,48278.695,8405.061,-68112.47,15352.051,13649.92,12210.558,7472.1665
3549.7253,88246.52,999.03357,16658.219,27655.992,184138.34,163358.58,59216.1,134296.33,-41858.004,59276.406,19169.998,-57355.875,1319.96,14039.198,-712.9536,17242.963
3549.7476,101198.734,14686.729,27953.182,38228.15,187500.0,177639.92,72410.2,148452.72,-32628.451,71626.33,31492.445,-46420.26,4669.213,18550.676,1254.6705,27666.7
3549.77,91295.59,4980.1704,17201.053,27540.389,185939.2,167481.47,61398.48,138103.64,-42078.145,60733.605,21149.379,-56975.18,20756.568,18619.697,15995.199,18106.1
3549.7922,78311.16,-8686.201,5811.856,16909.61,173442.77,153501.3,48124.83,124322.664,-51553.562,48304.246,9024.5625,-67789.64,17693.285,14152.029,14249.952,7497.2
3549.8147,85218.734,-2108.4846,13717.959,24921.078,181463.62,160734.89,56012.535,131860.58,-44274.605,56340.836,16743.312,-59602.316,3124.6846,13521.308,1055.5388,14742.184
3549.8372,100091.12,13423.251,27213.115,37703.953,187500.0,176906.83,71402.5,147992.16,-33104.207,70895.07,31050.15,-46525.402,2367.0276,17814.969,-662.97516,27115.26
3549.8594,94054.78,7775.144,19943.166,30281.207,187500.0,170851.92,64370.656,141727.56,-39708.434,63739.082,24271.426,-53837.24,18838.633,19119.326,14093.312,20731.781
3549.8818,79219.44,-7659.7646,6444.321,17498.488,174547.6,154896.94,48991.582,125922.98,-51137.016,49157.344,9985.6875,-66866.74,19526.574,14769.2295,15791.083,8191.4673
3549.904,82725.96,-4621.067,11270.286,22577.23,179185.02,158391.23,53353.438,129758.25,-46493.395,53832.77,14312.471,-61727.184,5290.3677,13191.485,3101.0142,12520.129
3549.9265,98477.63,11671.255,25986.965,36632.21,187500.0,175396.62,69854.48,146793.28,-34145.016,69556.664,29576.658,-47439.12,740.938,17035.785,-1955.0177,25953.215
3549.9487,96620.9,10366.449,22589.344,32896.113,187500.0,173806.19,67196.01,145005.94,-37503.504,66535.8,26672.248,-51102.37,16478.78,19469.398,11838.4,23047.51
3549.9712,80661.39,-6089.107,7621.8335,18582.08,176127.88,156676.22,50478.867,128035.25,-50249.203,50540.066,10863.283,-65682.81,21086.615,15506.144,17062.965,9184.467
3549.9934,80553.19,-6787.778,9084.085,20449.701,177125.2,156216.22,51058.63,127997.74,-48457.242,51587.96,11523.733,-63818.05,7814.1475,13032.051,5445.891,10339.493
3550.0159,96149.9,9192.268,24037.469,34841.92,187500.0,172926.31,67573.19,144861.67,-35760.76,67444.0,26823.568,-49044.402,-141.50891,16193.258,-2552.2788,23980.518
3550.038,98582.91,12304.948,24729.926,35033.14,187500.0,175882.55,69434.375,147649.92,-35713.82,68741.96,28150.145,-48520.52,13669.478,19554.402,9238.781,24794.768
3550.0605,82582.03,-4043.0283,9302.462,20140.777,178192.36,158756.5,52491.152,130618.664,-48940.42,52412.184,12077.296,-63486.754,22021.521,16285.078,17739.307,10637.174
3550.083,78991.92,-8291.357,7436.761,18789.168,175631.84,154528.55,49374.74,126799.016,-50036.906,49896.383,9255.366,-64785.324,10285.335,13052.48,7699.975,8721.114
3550.1052,93663.71,6604.0244,21866.936,32767.568,187500.0,170141.55,65052.695,142619.47,-37632.652,65088.48,23804.207,-50250.633,-441.64813,15422.213,-2632.745,21927.285
3550.1277,100218.48,13928.468,26579.867,36830.492,187500.0,177485.69,71271.43,149787.69,-34225.258,70608.85,29114.467,-45501.785,10608.72,19483.37,6464.08,26412.297
3550.15,85239.52,-1221.6794,11708.828,22330.422,180953.05,161549.0,55205.367,133854.39,-47118.754,55030.332,13624.081,-59691.164,22288.736,17138.4,17780.188,12885.356
3550.1724,78278.19,-8880.863,6529.3022,17757.86,174831.88,153731.7,48472.152,126405.77,-51242.805,49018.16,7191.026,-63735.13,12810.299,13291.666,9952.562,7899.084
3550.1946,91135.016,4031.003,19551.72,30491.826,187500.0,167331.67,62378.695,140245.11,-40086.203,62671.81,20022.47,-49401.18,32.275917,14742.586,-2036.1322,19878.057
3550.217,101341.07,15066.463,27930.047,38147.793,187500.0,178565.14,72522.72,151296.27,-33648.316,72077.21,29005.277,-40044.695,7542.731,19224.29,3750.6006,27764.309
3550.2393,88410.34,2189.331,14619.695,25046.584,184176.23,164937.84,58424.89,137553.39,-45202.383,58385.508,15351.38,-52379.793,21880.973,18010.568,17224.455,15868.375
3550.2617,78291.08,-8609.0205,6246.2173,17342.316,174685.6,153805.89,48254.715,126707.48,-51927.73,49090.715,5733.178,-59822.08,15267.74,13723.949,12142.094,8012.519
3550.2842,88535.6,1524.4784,17077.762,28052.154,185832.69,164561.12,59523.39,137718.39,-42222.535,60385.812,16273.545,-48213.473,1246.8251,14179.231,-776.4549,18017.654
3550.3064,101490.06,15289.667,28359.178,38584.992,187500.0,178693.36,72698.18,151671.84,-33019.113,72823.64,28294.492,-36636.746,4859.091,18754.86,1425.2814,28526.438
3550.3289,91458.445,5500.6304,17490.15,27753.58,187335.22,168238.73,61542.203,140991.78,-42393.527,61879.51,17514.982,-47214.195,20880.934,18758.658,16124.973,18920.553
3550.351,78637.24,-7978.142,6254.264,17240.191,174927.22,154268.38,48426.977,127201.945,-51494.086,49662.023,5219.3784,-58087.938,17585.303,14272.617,14157.617,8436.956
3550.3735,85790.65,-1115.0615,14353.709,25421.266,183115.52,161647.11,56548.773,134825.67,-43949.88,57995.402,12964.169,-49495.66,2996.4526,13719.635,930.302,15880.355
3550.3958,100681.23,14490.814,27802.04,38162.812,187500.0,177776.9,71932.57,150802.16,-32802.906,72643.82,27200.621,-35850.1,2511.42,18104.959,-542.00745,28309.133
3550.4182,94405.34,8633.495,20266.463,30500.723,187500.0,171390.45,64643.95,144121.94,-39505.348,65333.367,20090.354,-43126.04,19061.637,19359.674,14311.219,21766.264
3550.4404,79591.86,-6774.9927,6777.5854,17741.096,175859.34,155356.44,49288.703,128190.48,-50726.438,50854.242,5694.465,-56199.64,19505.475,14960.337,15780.287,9259.747
3550.463,83320.65,-3499.1433,11779.057,22999.477,180678.81,159011.55,53864.105,132104.73,-45845.418,55809.445,10176.124,-50672.547,5153.7314,13438.025,2966.9036,13798.022
3550.4854,99110.12,12866.156,26472.893,37043.55,187500.0,176014.88,70369.984,149017.94,-33524.02,71628.516,25559.87,-35841.27,816.3751,17359.348,-1906.2015,27322.504
3550.5076,96994.35,11321.36,22805.463,33053.78,187500.0,174100.17,67415.37,146777.89,-37026.83,68405.63,22530.426,-39490.91,16688.84,19745.443,12032.057,24285.46
3550.53,81063.73,-5104.4233,7885.964,18777.098,177312.8,156942.61,50715.953,129636.05,-49568.66,52497.97,6852.7544,-54244.13,21002.393,15727.85,16987.014,10513.099
3550.5522,81233.98,-5518.266,9600.857,20873.49,178545.31,156740.86,51564.56,129668.35,-47500.52,53851.633,7874.3633,-52211.33,7582.003,13306.865,5216.361,11929.1045
3550.5747,96949.89,10594.258,24618.057,35319.36,187500.0,173565.44,68166.85,146440.12,-34751.688,69858.164,23442.69,-37091.293,-178.79161,16563.0,-2606.5264,25709.871
3550.597,99152.86,13473.878,25058.408,35267.457,187500.0,176273.47,69757.29,148779.03,-34843.484,70952.67,24687.928,-36733.62,13870.576,19907.203,9413.684,26379.574
3550.6194,83084.34,-2962.612,9574.169,20328.309,179331.2,159061.38,52734.54,131465.62,-47967.336,54594.875,8655.914,-52150.285,22008.938,16569.303,17731.908,12188.116
3550.6416,79664.195,-7064.4927,7857.6216,19125.361,176931.03,154999.45,49786.344,127592.33,-48876.496,52251.137,6103.1665,-53633.684,10164.613,13353.514,7575.521,10390.455
3550.664,94371.33,7843.853,22283.416,33106.242,187500.0,170651.2,65488.914,143171.75,-36471.32,67483.36,20898.525,-39043.07,-420.52573,15772.934,-2647.542,23631.584
3550.6865,100696.266,14903.161,26770.863,36948.062,187500.0,177748.06,71459.18,149747.81,-33186.574,72773.4,26273.18,-34663.688,10811.964,19819.494,6628.9463,27940.709
3550.7087,85578.266,-434.83084,11820.14,22347.768,182122.16,161643.98,55252.484,133206.86,-45990.773,57073.01,10976.719,-49629.637,22366.453,17422.336,17853.592,14307.889
3550.7312,78700.23,-8063.3696,6775.2163,17861.729,176262.92,153891.7,48611.938,125265.51,-49854.94,51123.918,4943.4463,-54562.688,12746.687,13565.766,9891.787,9353.535
3550.7534,91545.77,4773.64,19832.838,30569.99,187500.0,167460.9,62515.773,138243.56,-38507.098,64739.547,18111.016,-41362.242,73.291374,15042.971,-2024.7551,21272.357
3550.776,101447.484,15411.752,28004.076,37943.633,187500.0,178335.19,72358.59,147626.0,-32149.072,73794.695,27136.984,-33375.0,7830.7324,19505.273,3980.1528,28826.844
3550.798,88300.21,2202.2952,14622.243,24680.26,186505.78,164410.06,58070.168,132151.0,-43760.63,59847.383,13598.31,-46875.164,22102.68,18245.373,17420.39,16666.936
3550.8206,78254.05,-8637.25,6438.085,17061.557,177684.94,153283.81,48009.0,119958.266,-50395.742,50558.33,4324.6377,-55092.78,15311.639,13958.665,12172.582,8771.473
3550.8428,88566.13,1450.606,17403.873,27810.443,187500.0,164049.92,59368.473,129884.36,-40653.848,61841.29,15165.279,-44040.336,1256.1234,14430.845,-791.3412,18742.05
3550.8652,101397.84,14973.747,28608.848,38207.383,187500.0,177998.23,72431.195,142864.31,-31586.479,74078.625,27258.02,-32986.84,5033.9707,19008.104,1558.9448,29075.016
3550.8877,91233.19,4931.086,17674.441,27256.5,187500.0,167340.06,61153.1,131251.31,-41131.324,62938.332,16510.652,-43996.527,21050.963,18991.652,16276.897,19301.762
3550.91,78600.79,-8466.081,6683.574,16894.164,178447.5,153503.25,48243.74,116804.695,-50200.098,50815.305,4521.423,-54961.914,17479.086,14504.293,14067.093,8921.878
3550.9324,86071.055,-1372.1514,15092.904,25280.584,186796.7,161166.25,56686.46,124058.56,-42526.855,59345.652,12661.437,-46328.64,2821.7515,14013.649,756.67365,16583.61
3550.9546,100860.06,14045.858,28426.97,37838.89,187500.0,177154.45,71961.41,139483.73,-31554.83,73794.29,26877.012,-33019.74,2726.6,18439.342,-379.1303,28872.621
3550.977,94244.1,7731.6255,20600.24,29840.498,187500.0,170363.86,64333.977,132023.31,-38538.637,66101.414,19521.031,-40900.074,19404.557,19633.953,14620.008,21995.57
3550.9993,79503.73,-7718.2812,7240.512,17140.658,179170.08,154353.0,49068.742,115617.04,-49685.45,51657.766,5276.5317,-54246.703,19553.955,15206.966,15833.7295,9511.204
3551.0217,83428.695,-4335.836,12448.3125,22530.537,184098.11,158177.33,53853.914,119267.086,-44668.4,56760.086,10018.701,-48811.875,5116.65,13710.806,2925.4858,14182.003
3551.044,99156.234,11884.557,27066.8,36457.664,187500.0,175089.33,70294.42,135867.56,-32436.158,72484.164,25404.994,-34140.5,986.8742,17645.586,-1770.1465,27643.006
3551.0664,96792.4,9987.185,23165.527,32214.094,187500.0,172873.2,67072.33,133110.22,-36142.574,68993.69,22182.498,-38098.15,16982.273,19997.459,12301.573,24387.072
3551.0886,80905.07,-6503.1953,8325.041,17968.883,180323.25,155713.34,50406.715,115519.9,-48644.258,53114.99,6596.8716,-52951.754,21103.959,15970.321,17101.453,10638.962
3551.111,81259.98,-6815.561,10232.093,20197.73,181730.84,155673.4,51430.875,115296.58,-46459.89,54624.848,7835.6274,-50875.5,7566.0884,13570.75,5207.3086,12207.584
3551.1335,96975.93,9237.91,25235.322,34593.773,187500.0,172482.61,68008.805,131871.44,-33756.477,70616.56,23440.365,-35792.098,-61.73552,16836.652,-2526.7754,26006.992
3551.1558,98927.234,11796.335,25437.738,34291.13,187500.0,174905.28,69308.13,133840.5,-34055.52,71459.9,24480.459,-35678.684,14147.537,20146.209,9657.273,26480.492
3551.1782,82848.336,-4728.221,10001.669,19353.438,182027.75,157656.77,52260.457,116244.516,-47156.395,55109.188,8506.336,-51147.543,22093.605,16786.875,17826.926,12296.724
3551.2004,79621.34,-8691.364,8518.854,18316.943,179801.7,153789.55,49514.457,112295.26,-47920.914,52960.492,6192.484,-52517.973,10111.461,13595.694,7539.6685,10677.161
3551.223,94370.74,6229.521,22988.547,32303.523,187500.0,169489.81,65267.965,127900.52,-35512.7,68250.914,21066.498,-37927.72,-365.83102,16037.913,-2598.748,23976.963
3551.245,100436.805,12993.784,27210.031,35896.3,187500.0,176311.95,70979.16,134384.48,-32434.861,73300.79,26214.328,-33808.957,11099.765,20055.506,6894.7085,28085.973
3551.2676,85245.625,-2467.5881,12191.67,21253.336,184110.97,160116.86,54711.887,117875.46,-45263.426,57560.168,10893.057,-48857.43,22476.803,17620.53,17984.617,14408.985
3551.2898,78630.695,-9862.663,7379.6523,17003.396,178417.45,152639.64,48352.21,110356.89,-48926.16,51877.797,5147.3613,-53593.72,12633.206,13794.29,9807.298,9697.596
3551.3123,91656.71,3160.2908,20532.291,29833.3,187500.0,166419.53,62434.17,124144.66,-37480.613,65663.234,18503.871,-40278.25,23.111704,15323.262,-2072.7666,21785.375
3551.3347,101308.15,13555.707,28343.69,36946.008,187500.0,177053.56,72005.64,134546.19,-31349.752,74456.664,27290.34,-32562.4,8089.6553,19764.621,4219.026,29132.66
3551.357,87971.195,147.8121,14702.777,23534.734,186565.66,162943.48,57532.92,120151.05,-43094.3,60337.58,13607.272,-46234.027,22194.635,18418.645,17535.367,16826.059
3551.3794,78197.94,-10408.851,6709.6807,16180.941,177625.05,152128.36,47764.54,109309.445,-49547.316,51319.406,4632.0864,-54188.23,15113.714,14149.012,12014.421,9179.169
3551.4016,88739.625,-55.74525,17797.02,27116.22,187500.0,163175.53,59353.72,120432.234,-39722.94,62806.258,15704.648,-42913.72,1123.4882,14686.26,-908.7549,19345.615
3551.424,101337.78,13258.34,28691.906,37278.98,187500.0,176913.03,72156.086,134024.08,-30922.121,74773.81,27558.74,-32105.285,5245.083,19250.643,1750.8121,29461.479
3551.4463,90892.055,2932.549,17474.861,26119.557,187500.0,165982.06,60590.754,122823.6,-40695.867,63355.527,16558.686,-43374.08,21159.236,19130.838,16402.291,19456.523
3551.4688,78425.125,-10296.577,6655.3213,15977.474,177529.88,152345.66,47868.23,109151.26,-49649.887,51418.492,4783.117,-54195.984,17373.184,14655.771,13986.225,9233.797
3551.491,85998.86,-3086.4854,15159.021,24501.021,185990.55,160154.12,56426.176,117073.43,-41937.754,60060.348,13106.862,-45509.184,2764.8438,14197.56,704.4153,16981.045
3551.5134,100636.66,12201.013,28332.602,36947.75,187500.0,176010.67,71530.95,132859.12,-31108.758,74334.71,27257.908,-32398.385,2857.2012,18602.04,-264.91287,29140.887
3551.536,93784.305,5670.571,20303.23,28784.867,187500.0,168986.53,63650.594,125584.29,-38268.09,66379.586,19787.219,-40510.504,19475.322,19709.725,14705.884,22103.53
3551.558,79230.48,-9562.77,7165.567,16313.443,178037.25,153193.78,48588.133,109730.28,-49268.746,52107.953,5876.095,-53672.418,19356.635,15282.47,15671.054,9837.294
3551.5806,83458.266,-5830.2964,12662.554,21986.16,183284.4,157369.77,53684.71,114035.12,-44044.426,57471.61,11017.913,-48014.344,4883.6777,13859.244,2722.5767,14788.43
3551.6028,99167.12,10423.826,27233.41,35876.074,187500.0,174294.84,70088.5,130950.87,-31877.299,73112.54,26438.27,-33472.43,1036.1375,17833.184,-1728.3933,28208.773
3551.6252,96476.57,8234.338,23028.4,31359.184,187500.0,171762.08,66533.12,128188.0,-35862.06,69264.88,22983.295,-37785.715,17113.367,20094.062,12442.636,24688.934
3551.6475,80672.5,-8136.057,8306.154,17247.455,179173.66,154719.69,49984.223,111053.055,-48300.645,53466.6,7613.429,-52546.16,20919.4,16023.474,16955.81,11069.948
3551.67,81339.97,-8082.525,10513.523,19772.086,180856.56,155048.2,51353.96,111509.86,-45900.65,55256.598,9257.78,-50206.156,7292.033,13691.024,4969.2627,12924.763
3551.6921,97099.65,8073.7183,25524.217,34185.63,187500.0,171943.12,67987.5,128446.84,-33204.32,71249.88,24964.686,-35155.047,-67.07758,17019.244,-2530.24,26730.988
3551.7146,98710.76,10323.735,25394.69,33582.176,187500.0,174028.36,68956.766,130325.96,-33804.668,71719.22,25725.07,-35409.055,14335.962,20255.062,9843.44,26905.332
3551.737,82606.555,-6209.002,9972.433,18670.705,180730.86,156759.38,51913.156,112925.46,-46931.246,55346.34,9828.398,-50870.47,21995.303,16829.635,17762.91,12764.769
3551.7593,79671.93,-9851.688,8770.087,17909.537,178753.08,153214.38,49477.195,109489.664,-47482.574,53468.75,7866.9424,-51981.71,9860.093,13690.131,7318.945,11428.291
3551.7817,94535.43,5214.9526,23312.043,31971.354,187500.0,169059.0,65336.562,125418.37,-35013.605,68849.14,22885.438,-37348.047,-436.30606,16199.226,-2671.1677,24800.111
3551.804,100336.83,11725.703,27262.29,35317.684,187500.0,175618.17,70764.625,131804.61,-32179.852,73615.055,27805.168,-33537.453,11247.175,20172.049,7033.0435,28666.895
3551.8264,85027.625,-3855.8325,12163.261,20607.818,182880.56,159301.8,54383.895,115319.67,-45109.355,57772.91,12457.544,-48683.195,22434.402,17659.87,17967.988,14956.805
3551.8486,78576.984,-11072.809,7524.469,16527.281,177313.62,152005.48,48201.562,108104.195,-48648.55,52253.37,6942.072,-53269.504,12489.574,13863.29,9689.393,10428.297
3551.871,91664.71,2036.8251,20718.236,29407.611,187500.0,165867.83,62356.88,122081.39,-37152.246,66102.96,20399.521,-39925.582,-22.374098,15437.077,-2108.619,22557.068
3551.8933,101172.56,12307.072,28378.088,36393.805,187500.0,176363.11,71798.125,132441.11,-31148.074,74748.24,29051.88,-32392.885,8150.0273,19853.268,4284.226,29755.605
3551.9158,87747.63,-1182.1392,14669.316,22927.549,185436.62,162160.53,57251.625,118018.9,-42975.145,60547.24,15311.08,-46154.59,22157.195,18456.373,17523.053,17410.086
3551.938,78099.125,-11596.197,6811.5376,15700.67,176520.72,151478.36,47626.652,107341.305,-49342.305,51641.09,6474.3394,-54001.367,14976.027,14197.984,11902.707,9896.549
3551.9604,88762.13,-1087.7924,18006.344,26733.268,187500.0,162664.52,59351.285,118630.51,-39430.74,63235.543,17656.785,-42647.848,1028.6497,14778.997,-996.6419,20141.582
3551.983,101246.39,12146.967,28782.408,36782.613,187500.0,176292.66,72040.414,132146.94,-30735.842,75075.9,29375.111,-31997.148,5320.051,19340.139,1818.5826,30109.479
3552.0051,90628.195,1662.0981,17427.006,25494.668,187500.0,165176.98,60303.02,120755.98,-40659.816,63481.836,18206.75,-43440.37,21209.729,19155.871,16462.908,19964.938
3552.0276,78213.41,-11502.633,6693.543,15426.124,176286.84,151594.92,47638.117,107035.78,-49576.617,51584.05,6468.3267,-54209.508,17286.795,14662.88,13922.7,9813.064
3552.0498,85918.164,-4138.9844,15331.174,24061.855,184924.08,159549.94,56327.156,114995.34,-41765.242,60335.297,14841.425,-45417.137,2660.2825,14241.213,621.33386,17658.44
3552.0723,100508.805,11121.491,28433.99,36451.52,187500.0,175369.12,71370.445,130677.23,-30982.805,74544.664,28822.262,-32387.611,2887.0408,18658.031,-224.65738,29735.846
3552.0945,93497.4,4431.8594,20231.123,28159.71,187500.0,168185.55,63319.387,123170.39,-38277.297,66425.43,21069.783,-40652.73,19508.738,19711.445,14758.545,22558.299
3552.117,78989.98,-10757.336,7146.769,15756.795,176827.61,152447.95,48301.63,107273.58,-49251.89,52192.62,7074.64,-53742.2,19260.656,15271.674,15603.687,10349.932
3552.1392,83353.836,-6880.9624,12764.724,21552.805,182247.38,156780.08,53532.742,111657.72,-43945.633,57673.582,12218.224,-47952.45,4755.4683,13880.1875,2613.612,15402.409
3552.1616,99019.37,9346.785,27267.094,35388.895,187500.0,173669.77,69886.664,128512.99,-31833.354,73263.125,27480.018,-33476.363,1070.1569,17872.568,-1698.1962,28747.674
3552.184,96079.4,6909.9746,22825.133,30657.723,187500.0,170870.66,66071.51,125465.96,-36018.723,69166.266,23665.805,-38023.76,17216.006,20068.36,12546.839,24999.242
3552.2063,80285.484,-9445.759,8144.238,16597.488,177977.97,153836.2,49534.664,108281.89,-48435.137,53383.723,8189.992,-52730.67,20814.729,15964.264,16876.44,11410.856
3552.2288,81136.68,-9178.007,10541.352,19308.87,179912.64,154374.08,51092.824,108888.89,-45881.473,55358.945,9893.174,-50202.62,7100.6577,13668.74,4796.8857,13428.615
3552.251,96900.72,7020.549,25545.496,33721.004,187500.0,171295.08,67722.79,125835.23,-33195.29,71349.81,25483.582,-35184.465,-88.42351,17023.781,-2560.616,27204.846
3552.2734,98235.0,9016.113,25151.771,32889.316,187500.0,173106.84,68406.195,127417.37,-34010.39,71553.44,25859.828,-35719.254,14403.822,20182.42,9913.066,27117.025
3552.2957,82058.31,-7567.0273,9680.05,17976.816,179741.56,155780.9,51303.715,109868.98,-47175.727,55120.633,9774.865,-51236.75,21874.58,16688.572,17665.479,12906.076
3552.318,79258.04,-11029.3125,8604.818,17376.67,177997.61,152401.17,49015.05,106498.305,-47607.7,53378.54,7830.2407,-52222.773,9669.119,13580.473,7150.8374,11674.16
3552.3403,94167.3,4154.5635,23164.633,31482.432,187500.0,168313.75,64916.26,122434.93,-35123.688,68781.15,22768.605,-37595.883,-503.83066,16130.718,-2731.2268,25040.906
3552.3628,99732.125,10496.29,26866.55,34622.36,187500.0,174635.55,70091.83,128537.086,-32480.795,73297.61,27337.95,-34036.43,11322.925,20058.39,7105.195,28665.598
3552.3853,84320.266,-5128.9883,11679.256,19872.31,182125.23,158217.97,53603.598,111852.65,-45470.582,57346.418,11761.734,-49254.688,22326.756,17474.438,17877.06,14848.511
3552.4075,78043.05,-12109.349,7212.93,15985.878,176806.86,151112.08,47588.34,104721.91,-48855.93,51992.24,6284.1035,-53652.77,12237.849,13705.71,9459.639,10468.642
3552.43,91264.48,1200.624,20515.17,28979.082,187500.0,165124.06,61848.42,118791.7,-37288.01,65933.195,19715.223,-40225.344,-168.9345,15333.901,-2254.4866,22673.23
3552.4521,100536.09,11282.446,27934.652,35732.082,187500.0,175374.34,71004.97,128872.11,-31486.434,74314.44,27992.922,-32941.91,8275.912,19726.197,4387.826,29645.701
3552.4746,86900.08,-2387.0547,14059.002,22112.0,184813.8,160944.03,56228.92,114140.484,-43460.8,59886.473,13881.998,-46867.676,22135.559,18228.207,17508.86,17116.361
3552.4968,77443.91,-12559.58,6409.3403,15098.135,176123.45,150462.08,46802.074,103572.266,-49653.22,51148.93,5054.646,-54489.664,14703.09,13982.871,11652.435,9784.678
3552.5193,88342.5,-1739.4575,17792.84,26332.232,187500.0,161907.97,58763.723,115091.77,-39589.234,62912.83,16290.019,-42945.727,815.59283,14639.856,-1209.833,20211.812
3552.5415,100623.17,11403.279,28306.139,36159.74,187500.0,175329.06,71240.23,128410.086,-31095.816,74443.5,27638.604,-32539.379,5460.33,19200.105,1921.0879,29978.967
3552.564,89715.055,795.9456,16663.852,24627.666,187500.0,163889.77,59223.41,116703.734,-41243.13,62418.098,15972.333,-44238.64,21232.861,18893.707,16486.133,19575.86
3552.5864,77522.54,-11964.688,6158.174,14789.703,176009.5,150512.14,46808.043,103231.0,-49976.895,50614.832,4207.068,-54761.64,17002.658,14404.627,13662.839,9612.436
3552.6086,85514.445,-4131.5186,15050.771,23651.03,184925.58,158747.34,55776.05,111517.5,-42039.188,59502.0,12635.575,-45698.21,2417.8777,14058.442,380.31494,17653.99
3552.631,99981.88,11164.116,28020.795,35860.45,187500.0,174404.3,70653.02,127023.0,-31509.723,73427.09,26315.0,-32799.31,3018.1338,18480.691,-137.97733,29540.85
3552.6533,92637.37,4251.7935,19558.56,27247.648,187500.0,166805.89,62230.973,118958.32,-39145.93,64845.9,18053.752,-41356.7,19643.049,19402.836,14873.8125,22011.283
3552.6758,78290.414,-10662.163,6686.435,14993.35,176436.72,151166.61,47359.19,102853.21,-50033.645,50653.434,3990.524,-54265.97,19049.342,14921.98,15417.362,9887.272
