Tm,Oz,Po7,Po4,Po3,P4,P3,Po8,Pz,Fz,F2,F3,F4,AF3,Cz,AF4,F1
443189,114112.45145704657,-16809.813298462068,25455.72367606754,21082.32304684713,86643.01442557709,165381.1837766709,55753.619124699144,95365.83354474427,-41550.33403877907,47419.57127189505,14484.720593591126,-50296.63445677199,9612.60080100028,26543.750960427824,2721.462261442288,9235.699298766454
443190,138275.5529506398,8912.800162393825,50063.10089352247,43869.92816488972,113097.0206225665,186032.34499309794,81256.57805652669,121573.43054230606,-21318.0063706616,70712.25160161348,38485.39032968813,-26303.87015982538,4838.365930720033,31391.508371254626,-2086.994058758882,26981.849142560663
443191,135971.5844585195,7879.856303430351,46290.84196313546,38942.94562438181,111766.20271473812,186508.62463864833,78295.02955563049,120200.85459789,-27539.76292566431,66917.03985747679,35036.199823948955,-30893.778634379636,20592.37650890705,32163.553799653702,13231.95372595577,20229.294906037652
443192,111681.18877508378,-17772.00885645988,21385.783387505984,15696.46423235115,85340.87379457435,163669.96980369254,52604.54686263735,94014.36694156901,-48463.60529636782,43302.63646052755,10761.205933358353,-55301.633498120806,27036.944537550327,27408.30037950324,19671.036120539553,1706.3270278533294
443193,112221.31318189336,-18517.205668268158,23261.674229501135,18772.904505577742,84822.96239540956,162971.40267861995,53667.635377084676,93545.13412378573,-43996.86884842929,45287.935374638866,12378.78709411295,-52627.231500766604,12958.544699734628,26412.873298581384,5985.532317738426,6817.8041317662555
443194,136635.82024387375,7067.731669183426,48478.24611109223,42507.49803636868,111201.90551432119,187506.42196486716,79551.41016577002,119700.83768797207,-22370.22752173191,69221.96279590111,36912.82843366389,-27779.534236541866,4002.231458957043,30948.265105510898,-2888.9774462515747,26130.271716185787
443195,138947.52256008767,10800.534705767725,49599.67050180568,42287.165291449055,114810.43492102364,186194.68764094176,81545.37810056072,123220.88265033445,-24244.288053696528,70079.66668928563,38201.856857971296,-27511.66390636014,17055.514728944545,32522.417614665723,9775.003234127467,23349.601276122772
443196,113375.97429318966,-15908.43121357078,23037.518072229905,17169.067337770808,87233.27028899774,166230.23797997294,54356.44721133099,95888.30342808075,-47207.150744483224,44850.538131257184,12367.087919202648,-53728.7449345729,27284.54058826391,27774.01604227392,19899.635005389915,2739.8445305074592
443197,108822.3703943174,-21871.01119701174,19577.65374739683,15131.03183139116,81320.35736900184,159586.15014379087,50003.83636754167,90061.17245906599,-47580.01380900547,41747.14142598849,8801.171686498843,-56392.05464311407,16091.731180891144,25933.232481985742,9053.979523234506,3450.671051800945
443198,133904.10929645295,4165.269482194056,45686.29334691663,39926.92115223259,108204.05491028367,186169.64109566942,76656.73380748222,116733.42201619844,-24651.050353860785,66567.63305551629,34169.982958994035,-30506.565740039478,4486.169082422165,30377.906159209502,-2398.1854859892387,24119.85324622035
443199,142893.17805764993,14823.885901904956,53820.87346487653,46402.56186900936,118976.10727083989,187466.2107880009,85786.72273914385,127352.7195093862,-20359.349132525407,74091.83151643844,42265.63893884984,-23286.9726928688,14142.549331228125,33141.22400236984,6914.554215136445,26928.85656497822
443200,117290.65188423533,-11725.048798694195,26993.43509848485,20823.23397978499,91520.9758619414,170786.3286093195,58467.73736809858,100137.2913275884,-43965.50077271472,48584.34387032228,16211.132978900183,-49883.81515246194,26709.145009497224,28564.690428121045,19310.085414744906,5566.809801201363
443201,105440.36194525917,-25287.247585780755,15974.779188475364,11641.629294232267,77768.29893448098,156666.22019239375,46378.99207476693,86530.8496332127,-50924.195554520484,38296.650446590706,5288.792197468059,-60026.6773895896,18441.100005161406,25389.2771690212,11364.996889502972,370.6981384109501
443202,128688.10015575893,-1392.4176404070265,40376.5192787095,35032.060477848296,102480.71372690947,180622.89762416013,71148.21109323,111062.26109888963,-28981.229554891077,61531.62130936948,28967.91624688942,-35682.68599667909,5327.549750828779,29304.395966099957,-1541.076509906241,20331.723136024975
443203,145434.8290544216,17380.64116374238,56562.76879886854,49113.41336783465,121627.75410527168,188400.6277902138,88524.68327237785,129982.11956096302,-17759.28128179167,76699.04258700661,44892.11435716973,-20522.011295427757,11849.506006598667,33498.51852391629,4672.129842598032,29356.569618941852
443204,123558.86392714313,-4996.496595076904,33304.028347595115,26621.60047475896,98422.38308733422,177198.3717770219,65048.23893450739,106971.2076996539,-38875.65762411294,54539.05606301411,22358.095197546376,-43768.55576295905,26037.92088597845,29855.35514033275,18612.17900947383,9990.574495801862
443205,104621.54623196734,-25949.400475707356,14941.46276153659,10502.481996018792,77040.05641249359,156216.04574256038,45439.991699435595,85800.67428927682,-52199.25074626145,37273.56338862741,4291.46854273877,-61166.105698368134,20506.192473640025,25364.61051337521,13373.793038993783,-907.4253519262365
443206,122413.46376005864,-8074.069584829809,34011.950223329295,29177.858411579793,95601.58484245518,174404.24534230595,64540.913792483916,104245.9091375736,-34155.45057197081,55494.835186494034,22735.43259896546,-41882.59448586874,6154.990849938956,28001.507872144022,-695.7774242704922,15830.500689284523
443207,144827.00246948499,16547.08962888888,56153.66639368676,48960.944540539225,120796.60770612158,187873.29702200877,87969.58901886843,129166.0866254828,-17623.177605582205,76326.8563821617,44436.40904295605,-20795.52142749605,9536.455990464754,33165.94367498532,2427.557775995375,29681.145702737274
443208,129667.08438659963,1572.5995766723856,39490.56442984211,32328.048862777345,105158.91546626398,183315.67157556646,71496.50841019605,113642.19015852218,-33867.0867755957,60370.08878777353,28375.963468152717,-37778.02622414425,25161.45766132754,31105.041382913572,17718.917927820075,14366.755800817311
443209,106537.40429071563,-23606.029774253057,16618.972422973828,11792.833453812209,79383.0009576651,158145.8329567748,47376.21286452984,88112.76616105316,-51415.30719490479,38797.64645187093,5946.325041469752,-59720.056902047465,22866.788964459396,25948.573684347022,15658.5130088481,-447.97283723692465
443210,117441.60445388287,-13279.56502998456,28918.84574144196,24435.331671868185,90227.4831601079,169331.657008956,59305.69625745246,98914.46002859942,-38452.43024471421,50647.763974746624,17750.645125834497,-46895.90469107772,7497.433472329291,27034.406448720532,644.3745445532265,12045.353935164589
443211,142043.53910906368,13343.65124869212,53589.14154965436,46875.56577760125,117537.0770844164,186845.52778708478,85144.80680973435,125946.17302037595,-19121.158077102147,73926.7946791086,41868.874933893734,-23130.029722356543,7056.078831550475,32354.02046394489,38.80553983105733,28634.113219603863
443212,133813.83343855682,5937.72845660978,43814.93850823427,36439.683433469065,109656.45602310429,187785.001101452,75930.48129758198,118093.44660926219,-30127.289402420785,64461.03100420288,32557.119523179084,-33525.277627044925,23369.741894682098,31867.29756101058,15941.276939152885,17745.4623119439
443213,109259.82790896151,-20405.494158193473,19106.34952186842,13824.023206245522,82611.09368929594,160876.16567586642,50152.551811421545,91297.687799746,-49972.46582829477,41094.04045042755,8398.57755388187,-57481.849045025025,25241.38498434019,26711.26487846957,17936.204158035565,579.0433848247972
443214,114335.1652529141,-16383.571616815865,25614.485667549186,21222.62483154243,86999.20055036932,165702.78351049108,55994.54142918564,95699.57890645068,-41560.533089047785,47471.7793704688,14528.22603656923,-50250.65336699717,9829.313194612616,26562.2832630651,2927.19743673839,9187.387211588573
443215,139230.16594994348,10129.30523551959,50955.19266178121,44678.30014489018,114264.7777535886,186731.7369801444,82266.06748674958,122712.01622189932,-20754.229116177485,71454.21039804147,39241.03291027801,-25556.771551891597,5025.9513434044065,31570.965025025685,-1915.8306032377063,27425.889813045193
443216,136709.05841745198,8834.314038723533,46994.13159891389,39609.57851847242,112672.1929565855,186939.48072993435,79087.89783160092,121082.01758299778,-27065.362248900303,67484.43245903826,35599.97708725957,-30314.740574444735,20481.91202836584,32274.72176791509,13116.070433795061,20636.26585378562
443217,111526.87554435518,-17794.98142005413,21212.350388850915,15583.22127448063,85250.0070269415,163635.86288625747,52470.61839953069,93906.87199286907,-48646.181788489426,43040.66065441436,10459.306205604727,-55563.10367009149,26804.500586386035,27314.994935624854,19450.228571733936,1576.9432531565644
443218,111727.9039098668,-18888.817787239124,22738.34586600308,18326.12446188302,84374.5587841597,162588.28068796016,53180.21251703535,93084.08593433576,-44486.72392668126,44695.005750624805,11738.088344941149,-53233.82736933253,12889.586559031322,26261.535286655704,5929.000455990114,6413.396857761631
443219,136783.0442612816,7410.637826744587,48575.835190590806,42598.400352278,111484.01044321402,187501.12402423256,79731.13781743575,119964.37515780595,-22426.310647017504,69210.81065655645,36882.567097891115,-27806.39260821568,4192.2441112249035,30962.09324004697,-2700.376077970909,26073.858843108523
443220,139748.65763204865,11844.87965146902,50353.51586265938,42974.22087468,115815.5195336538,186825.2533460659,82412.29597964922,124200.02445393603,-23781.700786805,70686.43263443258,38812.881054495665,-26908.24077088839,17253.29250704365,32682.591822875034,9963.427267920133,23744.312014122912
443221,113918.66371850294,-15173.332857585921,23556.145833694216,17669.545219424923,87929.73353060696,166877.3129923938,54963.94003213581,96560.12937639478,-46862.296399024985,45244.11889747191,12748.488383526968,-53330.86105818858,27226.81788008756,27858.11927249693,19842.644209635895,3065.5577858476317
443222,108586.25619710666,-21997.733549644807,19335.584254004243,14957.778131461002,81140.40879944494,159458.20953632717,49806.568440930714,89864.02798319982,-47786.73193286941,41430.736118562745,8438.886975590825,-56712.84305444014,15854.781813064808,25834.627798567286,8828.693135838595,3321.604367213028
443223,133452.4664274084,3815.2752307524097,45218.000167838574,39533.053537387794,107796.40189895523,185798.93827127467,76232.44503600226,116311.79372593031,-25067.068238622633,66035.75163867688,33588.98831377621,-31054.551503409995,4396.0502517241075,30249.6205131859,-2481.3212909717845,23795.36512956272
443224,143005.54785658873,15100.680456267084,53889.8862738391,46469.71962000104,119210.31205001459,187463.08764313118,85941.46966335384,127566.41844023805,-20412.702897203406,74061.85295422962,42213.24274245672,-23334.214733518034,14323.497274177642,33156.79557281609,7092.18558499908,26891.775439417448
443225,117935.47539372617,-10878.439806183702,27594.76506128905,21371.735311717275,92342.70107106671,171510.02857120038,59179.83209799923,100931.85873637705,-43592.50540749477,49062.373536897285,16685.76479803655,-49410.505428676195,26884.826871919944,28692.547004084692,19477.828269896945,5894.914790079642
443226,105899.92742732944,-24664.449927560225,16423.040287804404,12074.97121966355,78367.3865377815,157223.83405626984,46915.80668517398,87106.39276294745,-50611.55613139772,38636.056455409765,5613.595329350624,-59682.20837357572,18343.506037473264,25456.39795546094,11264.315827906337,671.3324102518019
443227,128478.56003896688,-1501.8742348811547,40179.51207342864,34889.81017629357,102334.94904183132,180519.54531927966,70999.50288727392,110901.4667791475,-29149.102367524414,61266.92163192553,28663.932838930843,-35949.685345892845,5109.096033476495,29222.517556192975,-1751.580527185266,20237.88408261039
443228,144853.3524883595,16879.641758926446,55981.01125732965,48601.534373289076,121082.5746961429,187867.5255251243,87979.48969653221,129426.13659263434,-18269.439178159064,76071.55524304387,44219.246049150206,-21168.113010486908,11861.324107990486,33362.53005212202,4689.294923006682,28955.05857728637
443229,123356.30632185107,-5085.869855590733,33087.13220536885,26423.7130446974,98301.1625469641,177058.1768397522,64891.57337378893,106833.47511928351,-39129.01564131495,54260.46426524673,22051.31040482595,-44066.121943827195,26228.4010561139,29821.325601500466,18801.433717413693,9785.81596074651
443230,105040.93269354355,-25385.121391497883,15362.339249809951,10892.097234541501,77596.95052856437,156693.81521495266,45945.24254409073,86332.34012887739,-51927.610568290926,37601.700934878856,4609.400623863627,-60840.35337490891,20601.85962212415,25459.862648145783,13469.375047975993,-658.5003639781112
443231,122701.85867759291,-7677.182258177897,34330.29622585863,29491.28803886796,95997.30696758222,174765.73911680077,64920.738786317204,104619.11342890185,-33921.60924502343,55736.54274907542,22955.5661534632,-41639.04376118721,6085.245476169534,28062.050645133844,-765.2028557678939,16071.17595075219
443232,144369.15792129375,16115.29706298505,55738.03321861831,48611.96847271695,120350.10734837726,187573.65632279118,87563.89152314689,128706.91534785445,-17948.00524976035,75884.33387701737,43942.44261638314,-21250.475103874433,9409.32877643915,33066.39975351119,2307.9752739282176,29453.71258922091
443233,128919.46487772974,812.050811491069,38772.85677995936,31694.093037678882,104380.41895219986,182614.86892990588,70771.6037748839,112851.99478875507,-34434.749365876676,59652.24410806794,27596.581727293007,-38519.260415311706,25128.31754701231,30955.46488631406,17687.96948331855,13909.898375412902
443234,106329.51415712821,-23787.113705943128,16431.792642221902,11624.365649774705,79202.2988070091,157942.95686697276,47211.322374206226,87912.53585652463,-51589.219445743365,38583.65309200641,5692.324374600888,-59958.326809032675,22980.484917903454,25933.50717997802,15767.479884538452,-591.8979307388789
443235,117752.9102120776,-12907.49133895665,29259.951620860582,24740.392816336585,90619.16947283602,169649.81352176348,59691.020226394525,99282.33145755458,-38214.70070900376,50936.001580885946,18017.144371165552,-46627.77881013468,7621.349989065388,27134.33211884794,760.6483648816428,12254.712005873547
443236,142150.59485620706,13467.884769110311,53744.64938630078,47023.190898326066,117682.2236471563,187125.4500192089,85319.70465784814,126073.23510411957,-18991.86254321845,74051.96262642686,41961.58236903105,-23020.682139895187,7015.560880923455,32395.450556250322,-4.397937816370245,28772.596372339445
443237,133341.64238754474,5402.3089818190165,43395.00585144204,36072.98737924889,109132.90107341029,187346.60847005024,75488.68643751729,117559.32888413737,-30415.048235542657,64052.46529158674,32093.100297763194,-33953.013975476795,23200.812883116705,31771.461672666337,15783.301011821846,17523.815660901215
443238,108657.46145920164,-21086.955866802462,18545.26237497778,13316.255693638654,81939.77011550486,160250.7895271755,49565.58617903651,90616.85553039034,-50381.20819683581,40559.44487201574,7806.1119485718045,-58045.322997142684,25163.32740806559,26600.007451504032,17872.944131480916,225.53042916987698
443239,114161.6219122666,-16585.305854336762,25468.683251832183,21072.434517385187,86819.60899941166,165500.67668558448,55857.50171018828,95505.58939477286,-41681.56909037394,47334.53679625749,14353.702632546303,-50420.814002104016,9962.683973991298,26564.569742636082,3064.502476405924,9058.952595289154
443240,139455.3379641248,10354.998610924307,51211.26487772456,44889.90559837706,114527.74392593358,187141.38338817266,82546.70585116922,122955.60759974513,-20561.730816467774,71703.1871377255,39467.513321417406,-25331.390387719093,5179.924737409097,31661.055437591665,-1760.9637104626354,27571.172001617182
443241,136774.16550146244,8852.935197919673,47100.46065645009,39698.72565484495,112729.68844881875,187193.173144422,79192.63419573753,121121.38937034554,-26942.229799003053,67603.82456093794,35687.018961083726,-30209.459171803803,20464.98180466992,32316.5246596085,13103.431093578745,20725.43673328243
443242,111102.39302101258,-18329.42808443783,20836.68640964179,15243.643405694285,84745.49081297018,163157.8047606629,52061.05569612148,93390.27922556954,-48864.74928793902,42716.709452894735,10083.912461183641,-55908.33017534668,26652.39594274165,27243.292744611037,19304.401438666264,1361.6495142561164
443243,111152.54730384867,-19575.581762883772,22210.5839549138,17837.41344518245,83713.77319444476,161959.83055431696,52618.106325867164,92412.51626332247,-44843.990533372074,44230.39631178816,11222.331547459433,-53732.43848167939,12839.147464433572,26169.679278071642,5878.3650469344075,6064.529262683804
443244,136599.4182086166,7164.601309679009,48431.99660126958,42441.14494818215,111273.918690584,187493.79784470546,79578.09055627865,119737.69816640763,-22518.41506176136,69110.45244281714,36755.38373118574,-27937.829042289413,4304.181408928001,30967.95620958937,-2593.7221471742446,25943.110526328815
443245,139970.51932705916,12025.58360079284,50606.67565688952,43174.34897012287,116043.40118104023,187193.67416811435,82669.77471531999,124407.1180039306,-23560.719457400166,70969.76785972097,39088.1990019483,-26645.018108380846,17364.158619250557,32772.029621180496,10068.752396768421,23875.755344820565
443246,114011.85019817467,-15156.833201363204,23687.563176184376,17769.714904406253,87992.04848220653,166893.02773980505,55081.40148531947,96604.8907093451,-46707.070041899715,45416.37279477089,12908.540865088991,-53175.512392791934,27197.852515660263,27909.122533890106,19810.26255579027,3139.8508259401187
443247,108226.9129028731,-22476.22272322502,19029.948975764946,14668.388252829423,80696.47498174942,159026.5016669887,49459.574851490324,89409.38434500933,-47954.452320312645,41192.683831312876,8175.673153418233,-56976.29618878578,15723.841561788468,25781.685179275646,8701.35015530555,3123.617274017431
443248,132953.60324564768,3201.6331236458564,44772.17328436264,39104.841804495234,107212.72346495316,185260.1529920474,75744.26106405687,115716.74032940109,-25364.239951687414,65666.6033191944,33197.657753048574,-31455.65399743404,4361.1554542748,30173.791991320864,-2511.9853382666074,23483.971670099538
443249,142840.34886509672,14855.889719864042,53758.01372849054,46309.91746815057,119002.98192877497,187454.30242523743,85789.86897360219,127342.40733060148,-20491.719889014355,73993.88140472634,42142.24043270336,-23430.73205048772,14440.565507370973,33164.58707359316,7207.367715555668,26752.874353418516
443250,118145.398926981,-10730.366589954363,27827.535083446808,21542.623912422277,92537.43264497552,171634.11560024082,59409.66017128963,101108.45658169768,-43380.21709729667,49343.202827654386,16979.837895645884,-49151.6166317615,26994.900052551497,28782.610689847843,19582.11531260061,6002.888942174783
443251,105963.61755052772,-24684.091033920387,16525.276537681217,12136.983703163201,78390.70937208178,157197.12887335208,47001.70931858149,87114.75161520002,-50473.63877606367,38798.36652041103,5782.3243810580725,-59543.46048424674,18338.16678121876,25509.21569484277,11258.084601440083,724.3597526999342
443252,128096.93118050035,-2005.350268382546,39852.87055437079,34571.3793213545,101862.96923788637,180069.38669671433,70632.28434147114,110418.71958426417,-29328.788124043334,61024.393057274225,28411.22373074656,-36218.81357460519,5012.039679051995,29173.136440366183,-1847.8320531079385,20026.374660029807
443253,144458.41701446287,16362.381570573976,55633.90661091909,48260.86481087527,120594.61438603101,187548.94583100243,87593.38958632675,128926.69569845025,-18469.766052979558,75811.01307768053,43948.97159614618,-21453.519746978774,11769.24910375535,33304.963605070894,4599.706907242301,28721.57036339596
443254,123391.99176202863,-5128.735193477492,33145.02118685761,26431.480192465482,98294.58216563135,177017.8083522789,64939.23526340493,106812.39562583128,-39048.534084597035,54378.2611254181,22180.222009866,-43972.074861210844,26295.528482654197,29863.37308055495,18867.846248854556,9784.659879644485
443255,105296.9756973401,-25175.54929171069,15633.443187703779,11081.947982125048,77844.64715035554,156867.69264179736,46223.16621350114,86565.24021856833,-51699.16488707383,37918.490274825475,4949.85280153777,-60544.09115024972,20755.365581849826,25552.61280864525,13615.546159573312,-538.6476104792926
443256,122747.8207870176,-7694.979178028997,34408.979147985105,29519.28870713353,96010.97625799017,174736.10206417993,64993.63670247004,104619.51145381492,-33812.232750696676,55873.34756134947,23107.306096818033,-41513.58526035395,6082.484277364872,28094.227437658417,-766.0369282628396,16099.483200116534
443257,144160.48494278165,15809.85710898619,55569.03428237526,48432.62707152213,120067.27188056785,187400.61941387848,87371.24688945888,128413.818683097,-17998.186123717667,75789.76947724124,43851.92416286994,-21346.951102219242,9241.125851643008,33025.629417382675,2151.3493873536513,29359.322137072122
443258,128739.69473310185,543.7544549519,38613.681213125106,31515.489169897006,104129.62927043572,182380.16119011721,70593.64546601751,112593.43961381401,-34500.526267914785,59560.5967479301,27514.362699811354,-38613.531727277,25046.39879196156,30921.008053698974,17615.646408085195,13807.816136138934
443259,106390.02727900715,-23768.255264904034,16492.3333388892,11627.277514803603,79238.8659683539,157944.34740159445,47279.46736546674,87941.54126863097,-51527.202873118884,38692.78055340306,5826.93535815704,-59851.165434867435,23080.255428066957,25959.476189785324,15871.234852508554,-591.357634600451
443260,118021.74887947242,-12645.750774590464,29532.456720393795,24937.073076243327,90901.07713860601,169863.15621126737,59987.18987092065,99555.66854467994,-37986.065847330705,51244.819753375356,18361.472851930866,-46310.924938065975,7727.847799166575,27206.10132134671,867.2448628883478,12395.971296298765
443261,142351.10684922768,13647.331343285934,53959.15583687188,47182.97612146794,117878.79158356109,187297.42975191236,85548.38421419234,126262.06363299843,-18778.21873515269,74303.78992870697,42243.631717152886,-22753.638685976348,6973.8790850598525,32440.34378349895,-40.34225902505216,28909.694002730474
443262,133261.02641045142,5269.831336984776,43327.39049598164,35985.00414837353,109006.67613178937,187219.74696379557,75415.06829557303,117429.43743187768,-30409.898858251236,64036.337293576114,32094.952060147003,-33957.80463404589,23098.605017362417,31751.808211996195,15689.47225623071,17505.289751562555
443263,108465.32499455231,-21325.88467815645,18358.02279139111,13113.240232112174,81699.49026024941,160022.08546076767,49371.15193767529,90375.71071094347,-50493.06932033722,40423.11350970334,7685.935706382185,-58176.588328765414,25144.37712728544,26560.255421608163,17858.430746266404,117.84832124841988
443264,114243.88052442313,-16504.385509619326,25552.958886200446,21107.14952691587,86904.05784440743,165558.91213540343,55956.64142116087,95586.42795961375,-41602.920426465695,47451.50867410147,14502.199153808253,-50296.54192861293,10026.675814785849,26587.887502055175,3124.404132724335,9110.538126211128
443265,139787.82189923764,10716.018375252703,51542.83745920254,45148.51138733198,114896.4180569164,187385.70782162162,82910.23459513887,123318.90113686619,-20300.459165445347,72046.8134908939,39854.090611371255,-24976.592348954535,5277.8966915240335,31739.929128040883,-1671.792975857468,27776.51195161732
443266,136930.07865182284,9013.93330550744,47257.02484631314,39807.91832488625,112892.31098692148,187347.85860614327,79365.81710570885,121282.58278404057,-26807.345597868407,67774.86691117827,35893.980102352034,-30027.065268930346,20481.136847447124,32346.26564489938,13114.606782785822,20847.34815133127
443267,110988.69845163812,-18467.349500832745,20734.276976811816,15129.957583664134,84601.13362846122,163019.37485280744,51950.0394831163,93248.8116307486,-48912.70902190351,42639.48937864641,10031.721240393164,-55970.87965234075,26547.879790603794,27201.470770029857,19201.618061019417,1361.4881389129346
443268,111025.87352087047,-19714.321361532227,22094.048699754218,17707.96237359292,83565.575961786,161828.15035982587,52495.90375163772,92267.88392775392,-44913.987563148345,44135.661924728876,11152.687198930966,-53810.768377493114,12787.035263030346,26128.358579057705,5830.849843480989,6048.165554446429
443269,136693.7276186323,7282.8327122752735,48522.90348290402,42488.24306843161,111385.85753024617,187487.6878666354,79685.25963802196,119851.21506880516,-22458.03239817643,69206.6866517684,36882.46189163989,-27826.218137675503,4391.9387572505975,30986.938971285683,-2509.154479843963,26027.03341878365
443270,140239.35962021866,12335.295327665091,50866.10542934782,43374.908334575615,116349.95072124255,187413.56788171502,82953.79779324026,124714.69277159433,-23375.877287979354,71218.48312121243,39369.22852182378,-26378.698107487362,17461.021463993176,32829.58533368555,10162.350231446286,24071.81011757653
443271,114218.4575613018,-14917.486724119242,23899.389386494448,17939.284299614137,88225.72115441048,167102.1347769361,55304.28576432454,96843.29333042972,-46535.9175101982,45620.24519779418,13136.238270847956,-52950.793050624285,27162.511738217712,27943.413801917195,19780.55393069915,3345.065422960766
443272,108204.91640435327,-22479.682620038755,19024.076705404437,14646.856082056498,80681.24513006111,159026.84003918408,49452.23491045182,89401.66688365012,-47941.55428660464,41191.30906871048,8185.953811216663,-56955.96915065813,15631.078049229052,25762.254753945897,8618.100018262818,3200.6211659904384
443273,132849.83985065727,3120.684457228933,44675.768261884834,38997.4270556822,107114.60347475228,185176.4299885443,75650.93430442826,115628.39682751894,-25438.434142625963,65575.80951069234,33115.33774994014,-31529.33875595568,4333.85082296831,30141.296813686906,-2536.7929795135587,23480.757217883278
443274,142943.83953360346,15010.33361484769,53858.25757647342,46373.469758555104,119143.52256964045,187449.11995179742,85908.2705265047,127491.6562729118,-20437.24864503017,74079.27832473232,42245.59215398197,-23330.472440940586,14506.430728859566,33183.85509547403,7266.858359379144,26854.437268719164
443275,118410.59777958633,-10390.33348424272,28096.46078819513,21759.28882470599,92868.99061420406,171927.50634563036,59701.16872045332,101446.11259387567,-43203.10675121915,49582.110245738026,17241.29753805868,-48896.198715097154,27094.569382682148,28843.662463781602,19675.9963378036,6207.198497727814
443276,106070.96861720596,-24518.783434403096,16648.763954167953,12233.462696668792,78548.2874121616,157335.30161715904,47135.96911731135,87279.79422988606,-50395.2473198854,38896.7807959951,5894.5297630218365,-59422.61828665123,18373.27438938009,25532.074239529393,11293.340102096625,850.4688209767003
443277,127924.97119037574,-2156.072333955048,39703.775967968,34431.4309944676,101700.79749007318,179922.37175755418,70476.56441866486,110267.84987010973,-29435.39288493336,60870.949401220525,28256.807635502024,-36348.12251370749,4959.9163726596535,29126.422027851768,-1894.9193562850999,20004.366091563857
443278,144276.82269072934,16197.867204911918,55473.33612653488,48113.82773323405,120417.95141657017,187361.30614772055,87426.61999080513,128763.63326836264,-18582.258107201884,75646.0273649419,43780.18432418079,-21594.933413772018,11720.58640082857,33258.29658672774,4559.734595036831,28694.121202567432
443279,123438.74677347281,-5030.57301544426,33208.780998295035,26481.55162086498,98385.35377953955,177103.84671977302,65012.725007185276,106912.73416135344,-39002.208523508496,54425.60238815623,22233.052139712756,-43901.78138226097,26357.941107976316,29880.91989198002,18933.314524967653,9869.699108245313
443280,105470.2694430994,-24937.826197326554,15820.6565881328,11239.153947034709,78079.23883617434,157069.28128744586,46426.09663327497,86806.30162590487,-51561.40736641896,38086.185958768234,5127.640066044032,-60357.58662119547,20862.19994819732,25605.883532509863,13720.935771463672,-384.0392631963241
443281,122832.88379276035,-7571.796873093913,34510.97073881257,29606.694343096693,96131.78292923447,174839.53762026847,65100.05280745107,104748.87843268747,-33725.02766151248,55960.94358880855,23198.427608863116,-41409.21071359168,6099.28762974433,28121.876267632528,-747.9755457227134,16223.518051759529
443282,144043.30978591033,15702.402866397777,55475.788136723764,48349.20492580242,119955.13667354782,187298.2149586412,87268.93646317178,128314.29574088476,-18051.272772640565,75690.8273920986,43748.30286248947,-21430.38747750509,9192.38118824179,33005.7403550304,2103.725155674985,29372.0921599179
443283,128542.75272273863,359.46224602744314,38445.666180426466,31358.894410049885,103940.26062096651,182210.1993593156,70414.60006981816,112415.28849044656,-34622.38195399066,59389.63855868949,27339.73188374965,-38772.0326063229,25057.889505081133,30891.699463599503,17626.887788100234,13741.159092971557
443284,106302.71006304737,-23828.963632448253,16430.83358961997,11554.594232316324,79177.53274650083,157874.04037028312,47211.78607197025,87886.94920546176,-51582.06472877979,38623.621869639566,5763.590078911036,-59908.804982515736,23176.457582306888,25961.646400418518,15962.792789959192,-622.8353364255469
443285,118097.84957149226,-12543.479144697778,29632.685440335965,25008.381285992957,91009.05475030828,169941.41147125582,60083.726692588614,99667.46426970953,-37917.07857584514,51322.91971025361,18451.53488564109,-46216.21429176614,7797.246285038682,27237.921883033574,935.5706250328715,12473.837463407948
443286,142400.7997675872,13706.209218852733,54039.815195508956,47245.39461718297,117945.21746941684,187396.29507353576,85619.9360392046,126333.5534789316,-18709.673233252557,74360.9459052109,42309.18466669631,-22676.20280253896,6957.925215648376,32457.018655625056,-54.02404586422608,29000.934874178987
443287,133125.83387913767,5129.720633281298,43234.94872317157,35895.10597073191,108870.73583573307,187105.49426008482,75302.91568604077,117300.6776748362,-30471.245176057804,63931.38334488236,31993.990216180948,-34044.30229343165,23049.652926014354,31730.201564889394,15645.597370819934,17475.878837047087
443288,108228.49967457278,-21570.276130015565,18163.805952129158,12922.599712512263,81458.02296234528,159796.30835456678,49154.87349303188,90140.97535581805,-50648.394717216346,40222.08406200443,7488.741352306671,-58364.40201931682,25152.922571953466,26520.073823760213,17873.686653404824,-11.696088442062518
443289,114124.33143847281,-16625.417578820023,25466.13471674947,21004.111861950638,86788.29911649728,165433.35139760125,55854.9918646199,95476.01140120495,-41685.69714557329,47350.67824165407,14409.763877818566,-50383.87770295353,10098.795567720095,26576.086930248217,3199.667164049722,9035.328151070753
443290,139857.53380670698,10788.993100681113,51643.300537248055,45218.84925440303,114979.17664291899,187527.70846744298,83003.37735149622,123406.64686995749,-20226.25842285809,72123.1016954334,39942.72053565276,-24880.334115928443,5306.208996795653,31761.34762682341,-1646.285437970567,27841.279086969844
443291,137040.4867349267,9129.211267583141,47410.24600656739,39933.76751971964,113019.799812181,187436.03357803528,79511.05168161362,121414.45760401175,-26679.744944268037,67901.75768415046,36031.43748677019,-29878.69835048161,20443.688367814888,32375.084537646275,13082.282225250021,20950.874518778117
443292,110860.72756038183,-18605.158940305362,20651.95062902764,15036.052076994685,84470.99484043781,162902.22593297815,51850.60549032635,93124.17150900295,-48971.686414259486,42549.16195511304,9944.695498571975,-56048.36796202289,26543.2885140811,27189.25465082223,19207.14638133008,1282.2386136107007
443293,110772.9370965418,-19991.953729669716,21878.03533067506,17487.073695360894,83293.08383267937,161568.6121754369,52256.17156519159,92000.88695668956,-45084.314705309334,43916.433553452145,10934.807933374928,-54021.81415735395,12805.578156889702,26089.163347256897,5857.437087195073,5865.816389471388
443294,136625.9758371169,7200.104828892084,48482.6376378546,42428.442441999316,111311.9556713677,187485.44217603252,79632.36473629682,119780.20727872613,-22487.95409383332,69153.57046901845,36837.50725712695,-27867.34454265172,4404.63853155609,30984.95595244983,-2490.2392738222256,25965.11408403531
443295,140371.2475195537,12471.98047410848,51028.27640766675,43501.37362721445,116500.36644960128,187540.7116947251,83116.8356368881,124865.50229180182,-23248.047843042055,71355.75264601114,39520.94556260469,-26226.330049493605,17490.667059613508,32873.13539388988,10196.684392116715,24137.536775395853
443296,114241.99319628825,-14899.108920117998,23956.085873423934,17970.603629849702,88256.77725913562,167114.75347267627,55357.833545723646,96874.01937282398,-46484.80757131398,45662.26705552082,13188.189913531078,-52895.04888758752,27212.727132385502,27965.79764757144,19835.314873439285,3333.1715640716175
443297,108007.44539489131,-22710.972656607577,18860.811350334716,14482.302272579545,80457.66932828681,158807.50297932397,49270.02717168011,89179.94861337387,-48053.39246385642,41026.64694533429,8021.666493567438,-57106.90110933053,15633.386101005208,25732.034471313298,8627.409858301888,3050.1644460442694
443298,132648.47320687637,2878.299734623387,44506.60262630628,38830.18729425903,106879.1725230538,184945.15601075598,75457.95199381978,115395.05382738798,-25546.76348068129,65407.919427231565,32946.377291113764,-31679.56199193003,4315.16493684169,30106.52724994354,-2544.301920145575,23336.46256506247
443299,142911.55657271668,14958.316291626936,53854.45895806106,46354.3520302432,119100.75196253034,187447.31132388336,85892.79558437958,127447.6372110026,-20423.134130418286,74072.66909958179,42242.75370346489,-23319.53651049024,14552.86495215992,33194.15866175741,7326.530028237848,26805.554631560582
443300,118469.66601360246,-10340.553312284472,28182.011511163502,21818.864136011267,92929.73179149147,171960.39255627932,59782.625808847384,101503.55560033163,-43127.78005700565,49658.87868202654,17324.375563976566,-48801.92245045724,27155.079193604186,28874.729246106406,19750.786398950306,6203.184515844967
443301,106150.97959725362,-24456.005051215878,16757.241281814604,12318.254444321374,78621.43649175935,157392.07439527242,47234.96875764547,87349.67184379889,-50285.87403141636,39000.23621988703,6003.575888863621,-59299.782494642124,18323.032105251896,25556.669078253526,11255.921911257587,885.3796859146682
443302,127999.18625980595,-2099.949600156339,39800.971754733895,34507.93652510263,101762.6522009143,179982.87510055155,70560.18044524676,110327.73102552365,-29336.060158086075,60961.59456400951,28353.77620522494,-36240.22165616939,4868.765424281922,29140.566547923587,-1973.1873165374523,20032.953984739663
443303,144203.9906194288,16112.272248807869,55408.78638869166,48033.01699104279,120329.4843179968,187253.16816966087,87348.15914018246,128673.96281145561,-18640.54139986215,75580.74382008756,43720.84161116897,-21653.244642559464,11778.13460363999,33253.009392857675,4619.8625230852185,28574.255424184303
443304,123288.07624692508,-5195.528639482645,33063.73397284199,26324.7544902707,98216.66451256766,176915.01579217424,64855.65045479333,106743.8976360625,-39141.05886305397,54281.35705754658,22094.50379384954,-44044.8002589899,26473.41644874521,29867.026116992514,19047.084100004016,9684.558339721447
443305,105452.54783009354,-24967.358028844246,15823.877502482757,11228.642376625929,78054.42279207401,157019.6234199627,46419.51861891439,86781.05696265025,-51564.17871851384,38083.716018625695,5134.003566546902,-60350.27765554417,20888.09247765191,25618.264539743,13749.656393112391,-440.2410036330439
443306,122900.23993467189,-7515.114142311416,34607.51197114461,29692.718536685712,96196.01024309774,174888.77469346437,65184.96194994084,104811.72408171913,-33627.62285344227,56051.789238232835,23299.087205436554,-41298.685248247406,6044.333920272098,28144.99968860547,-800.3104594316101,16257.146025288188
443307,143984.50272978164,15627.5556344227,55439.43984237687,48314.90513026227,119879.47724198218,187238.75909493887,87214.19398793219,128237.86322379592,-18056.134368421266,75660.36729352621,43721.7912605111,-21443.965413580216,9184.05744403234,33005.03978923877,2095.90032789805,29310.91919839824
443308,128306.8290353559,94.0437085950482,38225.37544688753,31153.708170736885,103669.68893748356,181950.98638616555,70173.06671067292,112148.1068579962,-34786.152242241405,59185.794125651315,27132.5573286911,-38967.135235617985,25119.584168857902,30861.4501497824,17691.145906342197,13547.50136323802
443309,106189.24867512801,-23964.943469485395,16339.597462176509,11472.349917710304,79043.87997104552,157732.7428750752,47105.88915047142,87755.34763670996,-51638.25379723456,38545.88888879157,5684.188971941743,-59977.30249866791,23199.968874625134,25955.35988342612,15988.439363800437,-707.5244177800225
443310,118249.56866880665,-12391.660451544998,29807.90578221287,25178.87059677238,91168.39910011954,170080.428874104,60254.53314035467,99826.25503119429,-37744.64762616317,51503.80817121155,18637.774765943486,-46019.0627874591,7771.394758291087,27282.842936532357,912.6071389931623,12590.183496759977
443311,142537.67068353127,13851.006437082497,54190.602433399305,47397.82737368552,118091.79546160411,187453.94003581305,85763.84720710684,126478.63743096037,-18555.561300268753,74521.94648012784,42475.59333465123,-22497.428020257736,6991.556372952285,32506.478878674912,-20.31484269575003,29091.51385498946
443312,132960.32307234468,4948.65470127884,43075.64484048576,35767.36301363222,108683.02776178822,186916.78899689167,75124.93355890602,117115.41523698962,-30564.823855530147,63803.50011441824,31860.083898814682,-34162.93973652865,23127.995664673523,31717.033247534673,15720.412470807494,17358.953347323248
443313,108006.72686226714,-21818.111740624074,17956.270086002096,12760.981290216598,81206.28043996662,159555.1778993302,48926.05682388462,89893.5668326185,-50772.70819778007,40051.26600853859,7309.109837017992,-58526.56803610142,25166.871068595425,26494.084051411206,17885.25402246548,-134.15289909054576
443314,114042.3396287175,-16714.484761151798,25406.129565960942,20977.468245470263,86702.0405387914,165343.2985551341,55780.96734492692,95390.69021901315,-41697.397806471825,47319.80813065405,14376.38324171783,-50403.18362750666,10153.199543165578,26589.581899953977,3251.739811119607,9010.971097215535
443315,139717.50422822294,10646.985750811325,51532.963063600604,45144.721995495056,114841.04474486911,187609.15588621068,82875.36296925212,123265.88578762741,-20282.539693426937,72051.77654062469,39867.05889108493,-24943.36974015497,5423.099608288684,31772.915076475525,-1522.7612242596185,27771.88626170963
443316,136784.0300958426,8841.777796610982,47186.899518605445,39766.52858675021,112734.35483420096,187489.44945402333,79257.74051429957,121128.80174723225,-26801.71464142685,67728.85772068714,35847.08866705361,-30038.52100917054,20505.480048618785,32360.482654332896,13148.792008213222,20839.506622908157
443317,110497.02871193412,-19031.411353518502,20330.973007751087,14789.520527320277,84049.49798128766,162487.88380000193,51489.84491818025,92705.41483210039,-49151.10809608951,42288.467224106396,9666.132139815312,-56289.86769892354,26548.820532403864,27150.959975560596,19211.431265979943,1146.337399635323
443318,110475.56690492481,-20352.347613242593,21632.378929144776,17310.98222990672,82940.20591000821,161224.25492562127,51971.99406243983,91649.80462618134,-45188.35164402877,43734.473162937684,10735.885254545756,-54176.542898135725,12775.107317982645,26060.899276922464,5821.70625950369,5801.031748092777
443319,136530.18072357253,7062.092164643594,48435.67964368462,42424.45384904253,111182.72923141484,187480.61375871522,79554.14593465517,119649.2328998251,-22436.022671239167,69163.11748158996,36839.05565537231,-27824.155426709025,4410.6061983738955,30997.5210596263,-2490.2506323227926,26025.451387498244
443320,140381.68934601053,12449.303253153705,51075.9102538616,43573.42012721499,116486.72904694275,187615.0628538109,83139.70586796706,124850.2131184054,-23137.230761285908,71457.03407540738,39620.711691525226,-26089.814900276127,17545.816307203793,32909.544565948,10240.745690065394,24246.84898077826
443321,114154.7230965165,-15031.049190257703,23904.957312195467,17949.158811943205,88133.81733937157,166989.99340824847,55280.84561712386,96753.3254624567,-46469.52684985266,45666.283750275215,13189.69751792639,-52858.72444774238,27248.39029490427,27979.19455584271,19861.373742733296,3375.876764477542
443322,107823.40732458446,-22946.615070242588,18719.922620109115,14381.702953638303,80230.01996363222,158589.84661555273,49099.32387532532,88953.8455420461,-48101.956457696215,40943.70614841954,7936.59730447228,-57156.953961512394,15608.948438805648,25716.048768376317,8599.799578601389,3046.6340243777627
443323,132508.29881234682,2698.331541496117,44409.93962982898,38768.07851389374,106704.7777959022,184783.50176457927,75332.76022787823,115219.04004302589,-25554.813223457182,65365.92676547094,32906.29214689723,-31686.98920364456,4271.684118263084,30093.583390814318,-2590.5700363476467,23361.496423551696
443324,142907.46613706212,14933.496616296601,53884.32961246227,46398.14828799965,119079.8890471549,187442.2985102384,85901.4379236094,127424.1390931156,-20347.545098599698,74144.03002294677,42324.49256587026,-23214.007128023306,14552.04380704439,33209.5712242581,7319.512572593608,26898.09173026076
443325,118507.69761914144,-10316.185594940169,28245.984041685915,21885.315362935962,92958.11561677187,171982.54351541307,59834.040747626175,101531.48208703788,-43045.70293384085,49759.94998749491,17441.811342411187,-48670.60804038465,27200.259965187244,28902.656414109617,19788.213920104186,6304.750236939741
443326,106068.73038379112,-24554.51851326982,16706.88477132506,12281.010377964689,78523.09427648192,157293.0148955016,47168.99228795686,87251.80928757264,-50295.35567820812,38989.947814340776,6007.292409213249,-59281.03266116247,18363.469340511754,25558.12618073367,11291.082519590504,909.103471499019
443327,127799.77800890747,-2320.0641966452495,39643.655318453,34379.4874036897,101535.53242595916,179768.08493963524,70376.97909960891,110100.93792468059,-29407.66955229159,60853.35856905642,28254.615605088362,-36315.46716419404,4844.156623413641,29114.949847815005,-2005.078435542519,20007.83406165266
443328,144124.59611939004,16022.306769285651,55373.161237567154,48018.202996973065,120232.47530016128,187183.24663104067,87288.22131124276,128574.66765683601,-18609.394077478457,75585.2237129016,43737.36787576668,-21610.759204383343,11700.990671781054,33245.627887490074,4539.0833162680965,28642.453690513656
443329,123363.92393252833,-5109.975506880284,33171.26457433301,26431.30964379949,98298.00132051276,176998.59607050056,64953.3768412358,106821.1806432181,-39018.304902200456,54421.57947948904,22253.678885964742,-43868.207714902856,26478.3551568338,29899.880139482026,19050.904000703347,9824.187284625948
443330,105520.10495854415,-24876.948006861843,15914.837493501993,11313.904164112262,78136.38569738108,157095.49210325052,46507.71240723238,86858.30842413935,-51475.153772779435,38202.49829659788,5273.945164696207,-60196.65778646924,20942.58570030666,25648.5190387911,13802.636705783643,-333.07177826273715
443331,122913.98728546656,-7473.13207604475,34649.68833586316,29737.072755124558,96223.41243983549,174910.59043158946,65219.93860202471,104833.00804348235,-33570.53930834239,56120.21244399947,23387.861006436306,-41192.97653847398,6041.726262136935,28157.925664735725,-800.9936344574446,16340.181933513482
443332,144004.5674473479,15680.185863277602,55491.864123821215,48373.04221330902,119914.87571674061,187200.65836772733,87256.50020905366,128265.70928829307,-17985.167125643726,75732.8640238031,43814.05406720274,-21333.271091446866,9108.485214382279,33010.35129503474,2025.250132388545,29411.26106065837
443333,128393.90668114778,228.3451509702927,38337.40086831147,31259.97597888022,103785.47831910197,182054.5197057904,70280.69013989154,112255.33837009419,-34684.37574460136,59312.75460320763,27282.272037498544,-38806.08013331282,25076.714300257023,30880.85259415168,17648.35426720332,13669.27413840575
443334,106248.20776017227,-23843.158650608035,16414.280746995508,11534.799129785095,79141.5659062526,157828.3750168418,47183.044073338715,87846.2965992902,-51590.02786545249,38633.881834270425,5796.806198327478,-59859.93880199712,23259.080953780136,25977.350106873953,16045.650615952529,-644.2317918147608
443335,118310.94119078321,-12258.229683119858,29888.033391677844,25246.731085018426,91275.57141109006,170182.57315138247,60339.823736931365,99926.16623597988,-37684.02981523154,51595.240205453745,18755.683273640985,-45892.730915518696,7767.079609962695,27293.280220472985,905.8160392023555,12661.017487208928
443336,142726.5323285582,14122.057673673167,54398.61284500851,47585.91976262705,118336.27281338726,187493.9079576672,85984.24207378921,126716.18213260121,-18376.673831556345,74729.4576766382,42715.55246941006,-22238.299454325654,6885.92977223251,32528.260866314173,-127.6916573954665,29267.732887362843
443337,133207.91246618755,5294.940168672278,43334.96230483789,35998.7403624284,108999.741654179,187173.51836565562,75409.6828027683,117424.71498455637,-30366.702952008047,64046.50116324992,32141.390327960988,-33858.32051898771,23024.813502926085,31744.17362237785,15621.777624807677,17545.12464863518
443338,108161.85373773324,-21550.221234907083,18108.771946940597,12885.34632511211,81436.34546776715,159785.5420411459,49115.036528386554,90116.5455817547,-50685.146077331214,40186.13186479293,7485.458496809261,-58326.26940790608,25160.293694312968,26504.129143730082,17881.60594737869,-57.396644609811915
443339,114204.35101893664,-16426.089447577207,25557.849216090464,21104.512726629637,86945.90036039315,165583.06542595933,55978.7194532078,95627.66365543305,-41612.86712936836,47446.92814367056,14549.054261103944,-50202.29175216069,10118.39447754635,26592.578705833173,3216.979645865504,9081.634413591615
443340,140123.87730342092,11204.774115911163,51920.08211172944,45494.731984110695,115353.70200576412,187669.05259794323,83324.0758103552,123770.01908802554,-20000.217931266045,72391.35156963064,40262.93772781434,-24514.87546799,5318.453507926268,31819.111302200323,-1631.3482691204572,28013.693001834035
443341,137221.02215839544,9454.75064357602,47598.50351548356,40137.0776774782,113298.76857171804,187524.84422581535,79742.26538171302,121684.45237124403,-26520.190703772016,68085.96708407445,36265.46831550923,-29593.066291274943,20445.40290166865,32415.502140811288,13088.066949536877,21073.89110416683
443342,110803.33413783595,-18537.753561335463,20606.39742961523,15034.281130568123,84485.80358202464,162924.240409843,51840.52326438566,93135.44327587303,-48997.17858149787,42509.090515239644,9947.277637992647,-55984.6423654126,26518.80622501101,27174.79196370416,19181.864711552265,1264.4884830945687
443343,110695.2430736988,-19939.18376425421,21816.202212313136,17474.824809657195,83289.46553582659,161572.9664722613,52231.94247699538,91994.57303775605,-45115.94829424204,43860.47475409882,10922.930822753871,-53968.21285059448,12757.941437430582,26065.088379860983,5807.827539849551,5847.747837751397
443344,136768.05499195415,7503.21912147304,48635.53866427445,42608.16972473684,111557.74652972208,187483.17558747105,79833.71001069053,120020.11853234793,-22354.81928155225,69293.66755666024,37032.693057417724,-27613.107439969728,4405.096799891506,31008.288785895747,-2492.749125344934,26079.125236871492
443345,140635.77162599337,12919.095587970212,51298.67930587352,43784.32291952353,116887.87397301171,187669.99499525034,83444.22959178235,125246.51600215209,-23036.809052817454,71603.87052301664,39831.151470494115,-25864.1437295242,17536.340532742055,32925.935903425045,10233.835614755179,24321.30137722361
443346,114388.93076085177,-14575.182708930422,24113.517282522716,18154.866321915244,88516.82430676771,167370.08388152003,55570.06899811368,97129.81744157292,-46373.16995782945,45798.02973461508,13385.911941099966,-52645.757254825585,27208.785766034118,27987.029658104897,19827.03991978927,3450.917254808591
443347,107990.89120919173,-22560.940157629753,18863.354734521767,14530.959389349022,80538.54555136955,158901.52384558358,49319.657652281814,89257.9715343054,-48056.08405417429,41013.18470916948,8067.292577064791,-57006.09093885623,15563.929590512302,25710.777318261535,8557.198580586366,3076.5621523641557
443348,132608.30287910992,3009.3943436800637,44484.65307023902,38853.875384866784,106937.81208362714,185003.2705345177,75481.73283741291,115449.35767887556,-25572.39889756137,65365.979392924,32964.353479577025,-31609.84311774771,4273.529692037848,30082.247313106076,-2592.8279067573912,23335.469150487766
443349,142932.74264195017,15165.663917382652,53891.97332501829,46425.40230861219,119235.54019888287,187445.59684464315,85981.80879033582,127577.48163235534,-20422.453626415918,74078.98772951323,42313.75246268636,-23204.10001772426,14584.830623208993,33192.41509738882,7350.269088058826,26825.19335218584
443350,118542.98310958607,-10072.825880592523,28281.22211348651,21945.22923283623,93127.40234842029,172147.73356295913,59937.159976992174,101696.47028232116,-43084.640375778996,49723.401164245704,17455.490864125157,-48626.48432282998,27192.884973263735,28890.08961695052,19777.372767303452,6270.528316946407
443351,106175.38607512438,-24252.653458092333,16813.876086565837,12411.086729932607,78754.56150716174,157526.72310223203,47339.674598644,87478.02288100547,-50257.42250458906,39026.61898419347,6093.311924018691,-59157.4074627964,18307.83946096781,25559.20742135994,11230.78844058338,949.0234979417567
443352,127883.47686517201,-2061.4128162279794,39717.47835261889,34477.17983537723,101726.80413345316,179951.72141196395,70510.22746036375,110286.6108214119,-29397.0129385216,60855.23231629426,28304.660842832993,-36228.73698474273,4812.60815315134,29110.541654792487,-2033.5946356231284,20020.74968190371
443353,144099.69521200555,16164.192623963176,55339.75658795347,48016.55614801262,120306.00516166928,187140.8464607478,87313.10366910243,128644.03447241405,-18685.639300006176,75486.37263281948,43682.937728023826,-21630.53285404628,11711.392463150596,33224.34978195147,4554.3006439922165,28574.55308870594
443354,123316.41884518467,-4987.843168976074,33129.704792533776,26424.645641895277,98351.77079029885,177055.1231711068,64968.51600474981,106872.16767350608,-39095.207551242514,54316.867654140646,22190.487813814136,-43893.91396561016,26472.90729632182,29875.211217827244,19042.348587837074,9757.02159811103
443355,105567.62971373103,-24667.754440315948,15968.89101333787,11395.484790135437,78282.1844962106,157251.3873780892,46616.1771252926,87000.4144918115,-51462.48346464124,38191.39440358492,5306.391049171819,-60122.34032326452,20906.64284284522,25641.001101111895,13756.924511932679,-322.8866016867014
443356,122994.71131294114,-7249.587907149798,34726.45611322176,29837.6008834659,96387.10884548903,175082.43199038948,65349.40315811896,104994.38666009565,-33533.14491859211,56129.81138007668,23443.20691337811,-41094.79540089399,6011.652435370966,28152.815992283548,-840.1649639225996,16367.715856179708
443357,143966.87877437304,15771.21813902138,55449.34358522258,48363.485629218914,119945.37296476151,187175.66813429014,87264.65807701199,128295.77513006944,-18039.611187192408,75632.9694887366,43757.076177842246,-21349.528463199887,9117.552929035304,32983.598399752445,2028.4525663274121,29353.932080714865
443358,128257.2236310371,216.5248182547898,38208.03864947143,31175.397711904105,103711.5122712426,181993.0970609803,70199.6714762855,112181.39262113287,-34800.4017960944,59133.14937265909,27142.545605608324,-38901.6467716531,25076.716842353817,30837.206693715216,17648.044641917128,13556.672890115457
443359,106197.5706113513,-23772.074890152966,16372.048764898465,11534.308977773293,79153.46655724203,157860.43097533338,47191.12547923151,87856.22718570424,-51630.21861592861,38538.17023101847,5742.957944440655,-59863.88884777158,23232.05302267312,25955.93020708136,16016.168214394815,-688.4036026378928
443360,118270.88749834843,-12193.041937603326,29846.621753918716,25241.188791380206,91284.63751430104,170211.21575762,60346.64400783528,99932.95153867854,-37732.60464800213,51502.30133162875,18703.79483098712,-45898.23198774314,7819.865625036968,27291.09323825456,953.3164687236663,12608.652696455674
443361,142549.69700769574,14024.731888963415,54228.80985014664,47460.701526434685,118184.96842144906,187514.98431797588,85849.81827804632,126562.75645073174,-18526.76025491694,74516.96763106398,42535.458604889536,-22379.38437534014,6926.517642681112,32498.155449489986,-86.10338475998071,29131.347890153127
443362,132986.8790103024,5142.801435179765,43144.07913399682,35856.86592107021,108797.3048511892,187031.21538496224,75241.27625288375,117220.82833362483,-30514.33635358246,63820.336760332946,31941.08957210827,-34025.052813545655,23011.723227326394,31711.07050583457,15607.6625366814,17420.30162527636
443363,107952.75083004116,-21700.209058830158,17936.75711285504,12757.105446667203,81239.39136988358,159612.40748974436,48956.493599574045,89918.02503187272,-50811.676763702344,39984.44383591525,7306.859218022652,-58475.646261867325,25149.00730410235,26482.618464166597,17867.152611388057,-162.81378649481434
443364,114037.72382559664,-16553.307388827834,25416.929685311534,20997.44079873945,86775.96539336581,165436.04966910186,55843.91951934737,95455.77102018318,-41713.60583556419,47279.854714228524,14405.74168295973,-50319.77694514193,10131.433485954034,26578.417618046555,3231.2574666972664,8994.699925383735
443365,140006.28557770888,11111.985910570416,51823.9616691052,45423.67410569356,115221.63588992768,187699.66339458135,83229.64446153556,123635.87057620539,-20058.108458729876,72272.8168120959,40168.46928070033,-24589.478234715076,5327.8539255660025,31807.60333820048,-1622.6068953796396,27960.590999837386
443366,137122.7727813734,9381.787172005153,47533.70313941473,40090.835088446634,113190.06834594216,187544.6685794816,79677.65847849972,121572.80031158711,-26552.364164096303,67998.44498312191,36202.787202028274,-29641.890866230508,20434.69378554036,32406.522012122787,13070.708999104427,21044.805874247966
443367,110669.97409618567,-18647.603011824347,20511.315528182786,14956.4977000222,84341.8178308031,162803.65538081067,51743.60861651215,92987.52370300973,-49058.31996523685,42394.96479620031,9856.832716931025,-56063.648614028294,26502.28433281849,27157.31675056504,19162.454593810522,1211.6150396836265
443368,110535.05614326682,-20087.81347440397,21686.666127353048,17361.618082653265,83110.03614618388,161418.97054642718,52097.683858784905,91809.10973206512,-45208.3105590027,43719.15012045792,10803.817292775026,-54075.85888863572,12756.39242976895,26041.27113775647,5805.237492449378,5767.924465564523
443369,136605.83520818193,7341.989888555883,48496.77537110321,42484.39904115994,111370.26132355326,187480.60394183325,79690.03838156661,119824.01487906392,-22454.245448131565,69148.94263729893,36911.02912409276,-27725.0637596502,4428.323034794098,30985.56555042133,-2472.151154341705,25989.53028502262
443370,140466.58023654515,12746.123112057383,51158.32403452806,43657.85401822155,116692.47357493913,187696.76755506394,83296.96656707139,125041.70011076964,-23133.633858761692,71459.3404627605,39710.29656387166,-25977.322223385865,17554.773190133856,32905.035038873655,10251.661519201502,24229.326369570008
443371,114215.4516108229,-14758.979069239513,23979.035856734998,18035.580142687573,88315.87962024301,167184.1010821291,55423.06330994901,96919.04822686213,-46455.07377275235,45664.147307899344,13271.789603391831,-52745.886452135084,27197.763044130435,27970.53684821026,19813.81090129076,3375.465512279213
443372,107828.42478961463,-22743.703197915565,18737.63577489412,14422.388475967646,80341.43877305438,158720.3894355824,49178.82007089913,89049.93743563737,-48121.17619463409,40894.06697851356,7965.449938191094,-57085.539910096966,15531.668970738678,25694.840378067533,8525.179290254524,3021.443034289045
443373,132467.50110145347,2845.7339528927996,44372.81284813216,38756.677941405724,106760.33054794204,184852.57118590645,75357.59930736633,115259.33445462465,-25623.06023818218,65263.44233480283,32880.27281975097,-31669.615915890445,4239.157263349597,30063.164673456624,-2624.11015277632,23290.66258986718
443374,142864.7171659347,15080.752089251411,53845.752199777766,46386.27316956429,119138.1428869676,187441.83495917253,85929.7781876831,127465.80401971008,-20421.972587719305,74041.28253577693,42296.03161371891,-23203.118703431483,14567.077550348835,33184.317160583145,7329.091476170299,26818.732249090084
443375,118527.43295134307,-10100.375734682875,28281.10743917395,21945.302208131987,93088.87960891586,172123.04196103165,59936.768198819234,101643.77214356096,-43054.789588417014,49731.750703470825,17486.231440873325,-48583.00214050888,27190.917507611557,28890.57140945123,19767.010509103773,6288.818243715371
443376,106128.31552401042,-24308.20871062444,16782.957786233947,12382.028090946622,78687.28634275222,157470.73476797115,47308.60556509114,87397.87706100836,-50256.437294909105,39007.766741374355,6097.181170671743,-59139.96766654494,18310.50308569704,25550.809413681138,11227.830518780054,942.4940114899282
443377,127796.26934224865,-2157.3005711927026,39648.430032954224,34414.93148476737,101619.17872396948,179860.60552031934,70439.28164347779,110165.73729562269,-29423.814417711867,60799.338536612806,28271.70659792292,-36246.47300004211,4801.881011587107,29091.714882951816,-2049.3373947251353,19989.32092791848
443378,144039.64815734624,16094.344863522358,55296.21952249786,47976.068303630556,120225.92502683098,187115.62418742484,87263.97706478578,128548.82412255529,-18696.223663463144,75450.51241576274,43671.40437478718,-21631.28877240923,11691.422751796694,33209.144338678045,4525.892551120517,28557.38995336261
443379,123318.44431672705,-4993.335971645715,33141.25123771757,26430.645727951647,98338.77834592579,177051.2487128991,64975.16014576316,106842.72046762398,-39072.627479566145,54330.40760773089,22231.894992463283,-43848.356466086705,26470.15517042433,29872.62580237959,19034.233388249202,9771.069563191497
443380,105579.93980556083,-24654.27159027149,15990.708732579285,11408.134469570157,78288.04974239474,157261.1827683617,46635.94240922059,86990.25311548584,-51442.8788012977,38212.94802615542,5356.37110839809,-60070.133853095365,20915.36313269433,25641.68140109731,13767.990200158538,-310.5548694571455
443381,122969.63907384366,-7269.060607979221,34715.751417144325,29821.732686948635,96360.07505954453,175059.097770702,65336.26916817802,104950.1725793847,-33539.953555902,56123.83190026114,23461.97688975856,-41074.4009874191,6016.116501146365,28148.129146174855,-834.523906091461,16361.242570515125
443382,143925.18475041504,15731.78297220041,55422.89926041322,48336.252391304944,119899.07464139877,187165.36141644808,87231.31725878375,128232.18405922975,-18053.511506645165,75611.16210300336,43758.66925654217,-21346.744736173394,9105.137613057637,32974.62079094056,2015.8068091036394,29344.87496217453
443383,128225.41233428486,180.84199067523218,38186.27202797578,31150.315434792326,103671.77768940675,181958.88855566172,70168.81814256456,112126.03194752714,-34814.57728271485,59114.738485964575,27145.96015224438,-38899.822577481,25076.506991088885,30830.454584469007,17644.405006424102,13551.065049846758
443384,106181.7813369863,-23791.04933452798,16364.738164144814,11519.197156460568,79132.84912676759,157842.08148969384,47177.62896526327,87822.03922484149,-51635.71650084251,38533.37893835311,5760.810297621839,-59848.36746285296,23236.49987902352,25946.96381420084,16018.548958399571,-684.8468234230997
443385,118318.0620689547,-12136.704087871856,29907.112215711742,25289.758811634467,91342.89277717003,170266.87848283479,60407.246529134965,99975.81304588878,-37679.93328736922,51560.24593492576,18788.3375276325,-45815.565667249655,7803.135030994675,27289.67714177702,935.0807779680395,12660.653063055066
443386,142566.02217951027,14054.010087238348,54256.64373787293,47480.433165268296,118216.71404100448,187531.5149071388,85878.1777106314,126577.56825860139,-18498.141256507686,74546.23953329101,42590.860915090925,-22328.217377623383,6945.264779233305,32497.685603938957,-68.69041346306233,29156.913561756795
443387,132905.98757410416,5057.671304645033,43065.69234274478,35781.193023875596,108711.81897742118,186951.86951262847,75156.25617547866,117121.48847904979,-30562.4007038196,63752.6773096273,31893.492944575184,-34073.64881538537,23032.758288701672,31689.877743171517,15632.560194399914,17379.516066365857
443388,107903.24562924374,-21761.465694062827,17889.355526712305,12714.861588927935,81179.35595432494,159555.2558389397,48900.966409429006,89846.75861062756,-50823.90944383589,39947.56967886219,7287.650892385839,-58489.407412605724,25131.119213746577,26462.858705832004,17854.560608047235,-165.1373462119015
443389,114092.75710219357,-16494.848626649324,25480.727473256444,21058.44749646133,86838.98883965958,165500.48087470658,55907.88168837048,95506.52384502332,-41637.55623066987,47348.584752667986,14493.491792234705,-50225.67495733431,10111.661418408823,26584.624359288835,3212.191181728431,9071.410816401201
443390,140062.7461594364,11183.147628315648,51888.67684028459,45480.794331596146,115296.35325445893,187718.1267937175,83298.31150910823,123696.8147893705,-19994.8741120026,72340.04414908776,40254.12885933368,-24500.92663244487,5358.542815181848,31820.9040973171,-1591.9674986616112,28022.70512665109
443391,137066.4778515151,9324.360573455147,47476.92608994161,40036.80953910411,113132.84847900603,187560.3800536134,79616.65179337235,121504.06767050619,-26582.63411729508,67952.74231257927,36168.82363761507,-29672.524261316124,20482.231054683165,32394.95750344114,13117.345861655283,21021.83373774136
443392,110608.03905000568,-18724.892742985452,20449.453679701357,14905.118859789329,84265.95468521229,162727.00954631943,51673.032578296974,92902.28424228437,-49077.52250789257,42346.77488993846,9817.509342877514,-56093.787560200064,26492.238851091373,27140.88202887708,19147.860327786413,1205.4085430314997
443393,110549.8083492303,-20079.51031659821,21708.59503143919,17388.282874360822,83121.0741374378,161432.38570089353,52115.33290536297,91811.01174784599,-45155.62571944833,43751.24467470983,10846.709301604462,-54022.234864808175,12735.374242540162,26045.83171663984,5778.192688975218,5827.521708650326
443394,136651.6839482763,7395.162710555592,48553.952588047396,42536.80641913956,111426.07151409796,187476.43147108972,79746.63243683503,119871.22632678982,-22387.153972178163,69210.96647835491,36984.3315435007,-27645.017289067386,4442.675884632215,31001.719495980793,-2456.306670108089,26059.663039712774
443395,140475.92918391497,12758.059460925837,51169.44097161156,43665.26219593403,116704.4975653495,187714.40296344133,83307.09199748175,125046.35303247946,-23106.76196035699,71480.02298506818,39738.49155617433,-25945.183721888145,17607.363135852418,32916.49117645074,10305.633549095386,24262.204905439634
443396,114206.11959642783,-14775.777714501277,23966.12191333201,18025.246243018068,88296.80896171625,167165.52108748676,55408.57174965767,96895.55159169465,-46439.4975666744,45664.28769758833,13276.814829617688,-52734.81747624021,27218.909175457724,27974.74035588278,19836.16330497756,3399.1370591467166
443397,107844.86593680872,-22734.495775581712,18754.584683035744,14440.331993458642,80349.0485485507,158731.7574087578,49195.28847402471,89055.25301936244,-48074.97388148315,40923.68960306124,8001.582829311576,-57044.265255351966,15534.136015079392,25704.813565459044,8523.429588432962,3076.2669733174066
443398,132500.05144827237,2877.1755126731323,44409.39049776049,38789.26787361831,106790.01570583296,184884.56621680848,75394.95440104709,115287.72694370676,-25566.72945362157,65311.19199540946,32935.199841132664,-31613.572325922705,4263.432579316466,30083.732421485573,-2603.0433729396586,23355.12171025619
443399,142860.3304325795,15073.272823917208,53842.05425797828,46378.02629225873,119126.14186054296,187438.2458556238,85923.79000686372,127454.97785287743,-20405.085632791124,74048.6535188407,42310.79430149133,-23189.7283461138,14627.057508984508,33201.921955061,7390.491073057611,26846.142601598534
443400,118511.88608791522,-10127.788372559402,28262.41802345504,21928.311103831005,93055.9421598365,172098.09860765873,59915.084149451104,101613.99140704406,-43043.06583235807,49724.91511382286,17486.767255155664,-48582.74424626821,27234.66550035673,28904.48979053003,19814.622713980923,6312.206616224644
443401,106163.82321717548,-24284.329706618533,16818.75152946481,12420.024725635225,78707.41060827624,157499.25663910573,47345.1797831859,87420.11707176393,-50195.883351568395,39051.33420437153,6149.961747011345,-59086.475112021,18316.503984744355,25573.81598543213,11238.095592454336,1011.1000512175799
443402,127860.6266325247,-2097.638498030717,39716.30159608334,34480.549804915005,101674.51815446388,179920.5889939793,70510.60131346073,110222.53759738924,-29341.96213459391,60873.3041648706,28355.344696570897,-36164.326702418504,4802.169315182298,29116.95615364561,-2048.3864450371266,20075.158770556187
443403,144063.14356024773,16114.433087627103,55318.99107648707,47995.95031274088,120239.29726365625,187097.4037088906,87291.38538108974,128564.36130396512,-18658.152993723932,75480.76811141457,43711.6089923605,-21595.789826119053,11729.940269558727,33228.03527479547,4564.1649701996275,28599.429345912147
443404,123294.1830076898,-5025.719968410544,33112.594823256164,26401.45010010944,98296.67573085427,177022.0464075323,64951.497452604126,106804.01628539772,-39075.56009172849,54312.60768570024,22222.331831645908,-43862.659672836,26515.752364566448,29881.64905094768,19077.76295446617,9770.751527143057
443405,105565.9327701508,-24676.197838016546,15974.133232895168,11394.106612235131,78255.75471750798,157243.64602230635,46626.756335529906,86961.84934596728,-51430.619498208165,38208.85250339151,5359.815134131576,-60070.61250881148,20947.80544601388,25653.0763702032,13796.614559753954,-295.6338528670436
443406,122965.05269202375,-7278.201196664651,34712.04907945796,29822.973381812586,96337.76084281866,175050.19383653643,65340.80021104306,104933.65879715963,-33509.64557841661,56134.10813105156,23480.293888641638,-41057.664999728695,6024.535740567837,28158.227654416354,-825.3764537825948,16394.604820868488
443407,143941.50112579917,15747.146173378296,55442.768610950945,48358.71079203411,119900.11652473651,187157.81313011207,87261.07787648197,128240.66034548718,-18003.73624797062,75644.3394519326,43799.463176470235,-21306.511038525932,9095.288435712748,32988.30019335907,2007.1431900542989,29394.71963980455
443408,128252.59356949477,211.46697813402602,38211.3534110121,31175.985307558323,103683.97305018507,181988.67061690474,70207.90402779404,112145.72660601209,-34763.12528475663,59154.402622611655,27193.472301499798,-38853.892490712635,25079.770666414734,30847.269183355544,17650.06777516337,13597.504835705891
443409,106196.9627710323,-23765.885313346458,16373.717744334375,11527.874192805197,79135.58279220175,157869.81648597925,47203.33583892495,87831.39230948291,-51600.51895053614,38561.25896988467,5795.5326639625855,-59818.73540487204,23271.515336318065,25967.05931132753,16059.193181623315,-658.2684134959886
443410,118279.56990428657,-12165.091625846024,29860.898337171737,25249.30721433954,91289.01696047481,170237.71872073325,60385.9746958963,99928.6615306589,-37687.85704673924,51540.257364176214,18772.315321163762,-45836.2077263301,7854.64147893118,27301.910046366578,990.2087538477533,12649.67751728364
443411,142547.70799299667,14045.200418574852,54233.35623457567,47468.261411065374,118182.05679697797,187543.26402064267,85892.97798722427,126549.36662522731,-18480.572726653372,74549.98469839913,42596.934380774546,-22323.898620202945,6941.112547804191,32504.89440229758,-72.95063774075629,29175.94182491851
443412,132946.36959674105,5113.197746863241,43097.23085830332,35824.11073788104,108741.46009375573,187000.54565545046,75242.72375807409,117155.05247157518,-30498.23976773413,63810.401744623785,31954.543469940014,-34012.37888813085,23016.19192075072,31704.6053368229,15609.608641285342,17436.78233390358
443413,107919.11013242294,-21723.866590392383,17885.421352047313,12727.020565473667,81187.34588567326,159587.1789264523,48971.172856879624,89855.69292765784,-50790.700287831074,39977.79663444379,7321.035754967093,-58459.25405262815,25148.02402804471,26473.22638045009,17863.722885698466,-146.24801703921526
443414,114059.96266522903,-16504.32915822525,25420.1902662307,21021.109614293135,86795.97387261374,165485.72696677028,55934.244082547324,95463.66449666975,-41648.062097532995,47332.11901062789,14479.19864790704,-50246.64732023394,10144.39150163525,26585.60659219588,3236.4928415672885,9049.576129088744
443415,140059.88456302794,11205.270220911232,51858.868342160786,45477.40538288276,115285.4806950188,187731.17319877128,83361.46477238621,123685.27516584986,-19976.598331882597,72353.17883554532,40270.43336215439,-24491.172095775142,5359.172782629731,31828.4088426911,-1595.898116582593,28030.9657274514
443416,137146.5836219318,9437.494338481101,47527.32796066029,40111.597404385706,113212.17016538867,187571.0622137239,79770.542317381,121581.12691242842,-26499.792154850278,68039.7219048915,36261.94878154435,-29584.670128773938,20461.525649739204,32417.294385049863,13093.555467998642,21085.532231778554
443417,110685.131813472,-18605.729129069634,20488.062470375553,14969.17864823932,84345.59521913205,162834.4508572311,51826.76309377534,92979.34543842098,-49008.57976672253,42423.62133807369,9898.90847441587,-56018.6918886378,26500.958218309246,27163.512456731496,19155.948415542854,1246.1654370576312
443418,110556.54194515315,-20028.04130817689,21670.850361762117,17382.14394433155,83127.74368400997,161470.54939371016,52198.53832339768,91816.016390606,-45155.592377683446,43752.68487188524,10850.167877474996,-54027.09722469788,12769.577559822497,26050.38404539099,5813.084385503449,5801.370093240951
443419,136643.93690180866,7431.591201831982,48502.48761013416,42519.843309213466,111415.59234185329,187473.49733146682,79816.52302489789,119859.94418411894,-22395.468681896695,69197.79701899193,36974.2223146436,-27662.986389278005,4460.166762139958,30999.79397477778,-2444.909689182004,26027.341521573588
443420,140541.68623419962,12875.205932576193,51196.39784009721,43722.15244374068,116776.34842879724,187725.54720880004,83457.94184197337,125117.12444442484,-23051.65808047891,71534.98079189495,39800.50747108567,-25888.439353173442,17586.974308659206,32924.87933062017,10276.655375277303,24284.8014395314
443421,114309.2954741379,-14610.1976067651,24027.080514209734,18112.89133633556,88414.68463955962,167315.78525759414,55600.83107498713,97011.38827022095,-46361.0789398411,45746.9689956255,13369.171674615987,-52650.12214308077,27206.750142802022,27988.43752594941,19814.46787505663,3434.229500178746
443422,107893.34734800582,-22617.948121383,18755.86922424504,14473.46437897784,80412.76956070478,158828.43089306197,49331.54723748059,89116.75992105361,-48052.77372494301,40945.274219042505,8030.997318732216,-57024.898005685274,15545.931762947679,25708.847215438876,8531.85933528718,3054.2275943274335
443423,132476.42698896673,2919.151754268896,44339.89761680661,38757.32333031333,106776.96442560622,184903.28273589525,75456.49708353027,115272.23810699444,-25607.589549750235,65260.39917591512,32890.409634233336,-31668.097898757187,4289.32228727465,30074.98859803219,-2584.3008013191156,23276.656900578168
443424,142875.2682884793,15156.09523377538,53817.10871844278,46390.134293022704,119155.36269108843,187434.5220297207,86030.42475991845,127480.25744431761,-20409.358133984766,74036.81890680284,42304.21282290372,-23202.218295969247,14607.739503890378,33194.89451306954,7358.819818563592,26804.959926267486
443425,118593.54067294259,-9966.851883670259,28303.377889154126,22000.42373347663,93161.2815501522,172239.650380217,60093.44448325834,101713.82635438055,-42994.704431819046,49774.72522863813,17541.71452942971,-48532.28352152324,27216.974345014525,28911.85621135484,19789.81643814461,6316.0938918985885
443426,106211.71150389807,-24153.421031909485,16817.432722555644,12452.625010651996,78776.96097647081,157606.49726451907,47489.36646057205,87484.50512255306,-50183.15418731977,39065.07303117225,6164.660128643408,-59075.46709951908,18331.87238840466,25578.604600344162,11245.020516326147,980.445670900004
443427,127841.99329072365,-2036.5640438259493,39646.50069395309,34452.992623637714,101670.24262627355,179952.23321671184,70591.11160084847,110216.92359659396,-29383.91143607642,60823.59993370781,28302.557141722322,-36216.62281041329,4827.4411632024,29112.136812060395,-2033.3427366261417,19994.59731709638
443428,144050.0690983812,16180.064971483478,55258.68205766862,47982.0502813077,120238.38300747721,187086.4919570489,87384.6013496868,128566.60729183257,-18686.89871735456,75440.36075940623,43665.82014812019,-21633.585354028342,11720.39653035005,33218.410924061696,4544.385529354313,28532.763672328485
443429,123349.42441788848,-4879.86708772251,33123.68563682104,26456.625628560352,98374.13581590661,177145.85082661654,65121.74064937866,106884.63428053333,-39045.5459137592,54336.21731848832,22242.17817059497,-43831.30206468736,26493.574637321115,29886.24621794292,19049.13473692486,9764.291892706282
443430,105652.04355231456,-24486.27269490973,16014.682120362351,11474.449193196657,78372.29188454029,157414.70752795535,46834.31852158402,87081.2048359308,-51383.00403047569,38256.10296253573,5405.880491151049,-60016.21914471508,20925.188403796,25663.948895193673,13768.850147451867,-285.58649853693015
443431,123048.02261714786,-7084.722343792522,34751.420647214174,29896.900284359373,96455.4848920197,175217.50545395838,65551.85436280884,105056.1696986266,-33480.70578446874,56169.29748000217,23515.84866771,-41016.309492145825,6027.7359374159105,28169.949048503895,-828.8869224977218,16380.46589800236
443432,143963.1816092693,15874.730775849872,55424.340144045345,48376.05145028217,119950.78817586918,187156.9881547832,87414.47411774602,128298.7638206838,-18032.569086740394,75610.50145949048,43768.21655722338,-21323.070667435968,9128.341628019256,32986.825492584256,2035.4357512121132,29325.149284688425
443433,128255.52631619712,319.01748803826877,38180.00326024929,31185.272593203525,103715.77651716265,182059.18237945135,70354.20622706904,112181.14532219578,-34795.26205405155,59096.32825149859,27145.82780882897,-38879.17759968135,25094.165196024027,30842.198846024836,17659.17116700258,13541.177783236457
443434,106249.19522899677,-23604.301049026024,16392.33300520407,11584.69607998103,79221.26794577239,158007.90700448758,47410.05862734194,87915.50032293162,-51590.82521421235,38538.00633615602,5793.385398708038,-59799.68421435256,23270.379637038546,25974.922422596588,16050.160916454239,-665.6547395986419
443435,118384.64865473573,-11949.073948215611,29930.710189857826,25347.168522847533,91428.6595361163,170431.07192125812,60643.76562170793,100068.49087677886,-37651.384680098054,51553.77519467433,18814.480560019976,-45775.37962232751,7875.482376536399,27326.369530339787,1004.9718636230789,12662.8202838432
443436,142628.63733167332,14232.339504181033,54280.07978181349,47536.43654329524,118292.4395987844,187554.04991289045,86119.60320789885,126663.71846137063,-18482.440922462105,74528.10173918112,42604.57422204553,-22293.184480500066,6987.8586210319945,32523.82288883562,-32.364315457253724,29145.962114627982
443437,132984.90400452906,5259.478076382085,43113.97768010502,35861.12960981846,108810.847086916,187090.59106764192,75427.77790762694,117224.70211263365,-30526.681747263785,63746.486233546144,31921.21756293788,-34017.321948778415,23040.871346008316,31708.547224148526,15627.465281978099,17399.6169722188
443438,107980.1762082504,-21548.358244160914,17933.31382785765,12790.911402191987,81284.14839475226,159733.84258777785,49172.92450634582,89946.96246934703,-50788.44005557074,39936.1268374121,7313.889070015571,-58436.07781169524,25152.28440830993,26480.58260020808,17865.26543357489,-136.3037186277919
443439,114157.87275729852,-16292.6440372657,25501.432538120753,21107.18295293879,86926.64578694955,165670.01530493738,56157.807748702384,95589.83876332399,-41631.88558186013,47311.78516424718,14496.597568950794,-50199.16758972927,10160.692310151979,26598.121468423702,3252.1222715587705,9062.094086089866
443440,140139.6929725633,11393.059009609673,51923.07694326712,45536.685198131236,115393.23339354363,187738.0695640305,83562.68139820776,123794.42796689208,-19998.79964541825,72303.77858460415,40257.61030740768,-24472.08397365105,5404.0414060403355,31835.57532044864,-1554.9337031148898,27992.15246740035
443441,137173.46494544015,9573.16924152071,47553.01898195284,40132.77508639803,113270.2939669732,187581.9802394179,79927.92094277145,121639.00295022895,-26552.40257858648,67949.24864482172,36205.96452640611,-29602.979281262342,20491.545564527754,32413.059720921403,13121.982155159942,21035.883154209558
443442,110723.29101244731,-18454.1874866143,20535.814138681704,15014.5071284333,84421.3740807981,162952.2477523022,51995.52971661021,93045.4236906558,-49026.61512006413,42354.07515099617,9868.591633814252,-56009.11988387311,26494.778017288034,27161.33088876285,19148.63375911268,1253.6904555980532
443443,110626.10518449401,-19850.365101383744,21744.15346933843,17447.59146105162,83229.59361646987,161616.5246672891,52382.38739700517,91906.45297456504,-45155.497450391646,43706.98630617837,10848.155345382345,-53990.213384184724,12766.026550566192,26058.861656772464,5814.632403393175,5820.814135376363
443444,136703.79614553915,7591.974552647736,48562.52118788067,42565.35384692334,111501.22805460574,187466.90093155502,79984.77170382583,119939.2573676742,-22429.392234649487,69135.5452565378,36951.55340396612,-27647.49735646095,4496.98068640586,31009.154294381857,-2406.9805467664405,25999.307562482143
443445,140561.1001761096,12996.287303877214,51226.54575812605,43739.32820833092,116824.63340612658,187731.7939444183,83597.42563458692,125157.78708426072,-23118.185487559098,71439.2138806206,39741.98667202865,-25909.753006808405,17633.29631496049,32925.1115544517,10321.550697165156,24235.73510336879
443446,114327.24835271765,-14484.356299608644,24068.04279049602,18144.483120777964,88469.52641357083,167408.0915899728,55744.978517930394,97048.06466604752,-46393.90291307443,45666.86032945878,13329.673226527191,-52649.76768977486,27220.68028820418,27988.73215529941,19829.78033741136,3443.1711951728003
443447,107952.32095387047,-22456.2211796102,18832.00860588758,14536.03893075125,80502.7655135202,158953.16119960207,49501.483096363874,89184.09915223187,-48047.76912474877,40902.844154733764,8033.693721046293,-56982.09115045276,15549.106760728255,25716.985690605514,8535.02891483355,3097.068049972463
443448,132550.85206358376,3087.9558834212867,44422.3213171878,38819.73325456731,106874.31833364718,185019.07283191555,75631.49839216481,115351.59514909086,-25616.40922448153,65221.12002718454,32895.477869419905,-31624.51439028454,4304.428901739969,30083.410707266805,-2567.7383020905927,23285.681856810712
443449,142903.3398088381,15280.491727023538,53858.79624426554,46410.18683298189,119211.67857828665,187427.63337435928,86168.69217593878,127518.65742248704,-20460.283532822486,73958.28909988029,42267.09083004638,-23201.035831825546,14648.083063473974,33196.951388344445,7401.224909483702,26771.780027546345
443450,118604.77817523535,-9849.068638241037,28341.80450310358,22021.91713958179,93215.72542729686,172324.48273868317,60226.256708691304,101738.76330311663,-43022.57970530994,49699.812697770445,17514.51838752049,-48521.12686212744,27226.538062784537,28907.93155544812,19800.43664895022,6325.450492592974
443451,106296.87508486609,-23959.422292868458,16929.4308054507,12542.706636025538,78910.94809887299,157763.1933674999,47685.338918812246,87582.93898403663,-50139.43290829855,39060.47363567047,6218.700511795864,-58986.22758397086,18301.651987296857,25583.377291387933,11218.457223224088,1052.331134904375
443452,127961.27614679073,-1814.3713876951253,39785.58058396106,34559.108311407086,101836.19018659678,180120.49410561763,70806.86210416097,110348.94267554113,-29340.743353805592,60842.08980280836,28381.62886310077,-36107.46874894951,4814.104869294494,29123.65950526003,-2041.3002002527978,20045.75942664714
443453,144070.3141082007,16297.178020230433,55301.68163397277,47992.39819551051,120304.45587902376,187077.94864861696,87502.5096566519,128597.67968642582,-18744.362048215524,75365.35739440817,43648.31655940609,-21627.75380452993,11761.134773648957,33217.41996272349,4589.91493161434,28487.238490683772
443454,123289.58244574565,-4844.263078484989,33097.973469102384,26412.60317598666,98365.64064303182,177133.48275177315,65167.39606231739,106826.77345585029,-39127.29185908866,54207.580999736776,22172.53103009317,-43878.21127391305,26511.660184755947,29866.367288975365,19069.195168660408,9716.187074901774
443455,105690.64780078863,-24357.38997155346,16085.944359397556,11527.574401763939,78467.66901318124,157502.1909194729,46970.33087658845,87112.75283226589,-51354.733570168166,38234.01756222713,5448.576537231962,-59945.62927167719,20902.76810226182,25662.211052169623,13746.601983047509,-232.29020904768817
443456,123155.93715824666,-6899.017231068512,34879.33952632395,29996.27458524371,96616.71830544456,175359.17408750323,65735.63465144343,105146.60086354328,-33420.65043997593,56206.6037765303,23617.381857763416,-40887.67154200087,6021.732456474781,28186.444691754088,-836.1820214620143,16443.624715969196
443457,143994.71057548875,15975.805792898169,55476.25374478403,48399.09262264664,120035.5805819819,187161.12267510704,87513.54075047809,128305.16744650024,-18059.585929986966,75579.0027963669,43792.469903037214,-21283.246745700282,9153.619660476967,32991.54273055812,2059.934982381476,29300.24937894888
443458,128187.84364771667,323.83123566184327,38150.481348810914,31141.876360889735,103711.19387263776,182027.51514957732,70357.7897109102,112083.10515369102,-34864.35694887194,59001.28444822859,27099.50272898776,-38915.85444669545,25089.134323705082,30823.202262607556,17656.67140982682,13489.200958210293
443459,106242.02552506221,-23536.010468009023,16430.269139964097,11613.087638119368,79287.44648520234,158048.5073538602,47466.07117030634,87874.67627402383,-51572.462900926825,38525.68983114064,5828.905783586316,-59749.258215390815,23208.815656336625,25962.022323211073,15992.789107620987,-639.5628308127801
443460,118453.76638256377,-11805.078563595318,30037.053974921466,25433.855700580843,91574.3266470469,170546.35563017876,60755.68729445871,100099.90979138402,-37587.29436938019,51614.57700738466,18920.41085987219,-45653.23649137583,7830.490483765067,27328.322751356125,958.1163620463412,12712.28538388065
443461,142651.98540768714,14327.890351020063,54341.125140379976,47574.817806418774,118393.09635635401,187565.89540890808,86176.95437167311,126647.16207074063,-18477.360674587606,74547.44490585539,42662.87139391195,-22224.872593644694,6997.223457288186,32525.708987591293,-29.980436695956882,29128.551245370305
443462,132906.56932132083,5250.650850231783,43086.252421668156,35824.77338732171,108811.8270148209,187056.01239432144,75388.42134927252,117100.75209918771,-30570.609241236714,63693.70634708789,31903.415045961738,-34027.67959072649,23047.045308898218,31696.944122378143,15627.53951409671,17342.99869884245
443463,107928.98620601815,-21529.60523665903,17942.486935789624,12798.1362976704,81317.87953148987,159737.43743186642,49163.95942126078,89846.65050959543,-50764.77528854558,39932.72872266244,7348.249038915963,-58390.19599678046,25092.765120505974,26470.69068128985,17799.18714957513,-129.2881678041971
443464,114184.40894792462,-16193.317130886642,25584.927872138393,21180.36686214439,87045.65473804026,165766.19434227352,56219.262429521885,95569.73059847364,-41550.737925404224,47386.82891294367,14611.856805180825,-50072.43086935382,10114.886375963864,26609.250231182068,3200.3588752225037,9110.916452286132
443465,140135.07475971064,11459.90152358654,51969.556344239,45568.926751642866,115481.0782083952,187739.36452406467,83584.42296635389,123742.93059857852,-19970.60639283432,72347.1559779507,40337.882061470635,-24387.778085662343,5420.86632642735,31847.59502735461,-1543.793752213568,27982.99707535508
443466,137095.42495138553,9561.482498695974,47532.44448382039,40106.055152972796,113283.00319016176,187595.18590869405,79878.96034518983,121507.63821919763,-26565.99053294469,67935.41771849881,36223.85367907978,-29585.609526635722,20499.41162486925,32411.522277936565,13128.551589240722,20988.023276440206
443467,110655.57327002293,-18459.012474154923,20533.251116073912,15012.77995576222,84445.32732690293,162952.08175134202,51963.124964404735,92919.09620922155,-48993.297432569954,42368.47106679456,9912.490252771911,-55962.46598403616,26446.793971737578,27158.621777429005,19098.201069733106,1248.2894255798792
443468,110626.61532292257,-19786.157577526676,21806.665101223447,17507.779236964303,83324.21778210488,161694.9519164187,52416.32817851769,91848.91312876076,-45061.853530771536,43793.21799844112,10963.781571436966,-53869.68354576746,12701.992643524634,26066.172919279546,5743.054805019101,5865.405002033493
443469,136708.97519696283,7660.79333681514,48620.28851004822,42616.239789838626,111601.06067359872,187453.66741554782,80015.0309212542,119886.64697451571,-22359.82636122614,69218.17752323105,37064.71934985741,-27535.829129073616,4491.72059537854,31022.55324142837,-2413.534299550174,26015.935825942473
443470,140452.9787919927,12941.225709961831,51166.63946246795,43682.89002783007,116801.02053697014,187732.64985650734,83507.88899665541,124980.1610634109,-23142.927432733934,71413.39585326302,39742.44257901489,-25913.499932770515,17663.75761129428,32918.70051051961,10357.376329566652,24167.639602949428
443471,114216.87492438065,-14553.446616737107,24010.360285094917,18103.06060749868,88436.99414106889,167367.61289557724,55657.01285359974,96859.04256863112,-46388.77813537084,45650.79203741504,13337.864924405978,-52641.33379480074,27188.816161689523,27977.341556819898,19802.086285938145,3405.7840608572624
443472,107951.39003873401,-22418.065208741336,18884.412867558556,14600.575867731244,80582.73962584836,159028.91705859776,49527.49582944614,89108.21897814948,-47940.24268789865,40998.15491712319,8154.590838624084,-56857.99887914899,15474.735026876011,25725.457674736324,8463.668508949628,3151.50330530288
443473,132572.12478414513,3149.323608356065,44490.82065747786,38893.08351715165,106977.26705850083,185117.28281629918,75674.99646434479,115301.14619658903,-25510.869555711786,65334.31061501875,33034.2109628254,-31487.258651475575,4275.514277339393,30099.83227804862,-2589.929528308869,23336.435316146002
443474,142824.5787152322,15231.861880707485,53820.908872828455,46381.55382363866,119201.96220735816,187413.12400151082,86102.24523883782,127357.84630250753,-20452.40606412529,73966.81779272607,42296.17563007975,-23177.695717729308,14678.81683775629,33196.59691319702,7442.805686982299,26730.52954490264
443475,118494.78418434004,-9943.362763492143,28272.435440514262,21970.60824281141,93162.98996227187,172283.19176613196,60126.582203952654,101535.25078518488,-43024.2170955674,49680.306788333604,17509.00196837189,-48528.03731699218,27233.515543669215,28903.715119970275,19818.657518218766,6275.363813325877
443476,106279.92716735603,-23965.515517542215,16954.10677013266,12583.211278965184,78949.1889552068,157821.52792653913,47680.291463446614,87472.61505507065,-50051.43107036785,39133.17338308839,6302.436770824044,-58899.132414859465,18263.588578461906,25599.594910734304,11191.33935660294,1081.8963735783736
443477,128011.54566377685,-1751.9302654389599,39871.87240927367,34655.183350602565,101941.02090113678,180253.87323594835,70864.95641528687,110308.92039633259,-29211.972068164996,60967.27459642399,28520.196469734594,-35967.795519700725,4787.259066900414,29152.359000514283,-2059.0752247726473,20114.750167223254
443478,144083.80838152167,16321.382493179379,55342.794619203996,48042.89874760775,120364.97309755784,187069.27981667386,87516.94022125774,128518.10401963629,-18664.742870281494,75438.64362181784,43735.809279578534,-21544.10708632379,11781.671108504124,33236.92778042044,4618.306005834398,28514.405430320025
443479,123241.61787273575,-4888.90542926245,33072.42075984598,26402.577480319684,98353.57060152535,177186.90688498877,65118.36914148432,106680.84573117908,-39104.24023852333,54202.89566516706,22187.535009011957,-43869.48816102775,26543.21706095504,29874.93884209459,19110.68098585731,9689.590976036554
443480,105674.11375340217,-24373.037430819135,16089.35173943038,11549.851261207343,78480.1150861883,157621.08725827,46954.8310224857,87001.23943128833,-51305.87652296123,38235.5094069508,5485.934391576065,-59915.62846911942,20897.7973888848,25673.03731566553,13749.496142919472,-237.41673896123615
443481,123236.81138173617,-6808.061700559125,34976.37670646494,30109.60360763428,96728.81810857903,175593.09289018274,65820.76052709267,105146.38606869146,-33298.58063940056,56275.32073203967,23743.670228512216,-40771.31899503863,5992.059032828223,28210.686613695794,-862.5945986611223,16507.51143421984
443482,144080.4837309455,16077.791230390412,55567.02959458885,48507.323832131195,120146.49958412792,187173.39695431347,87600.33546463266,128318.8753159869,-17955.37945311543,75620.53638924446,43906.046605715055,-21183.65957938732,9163.258368760688,33015.67137509538,2069.286173807424,29348.530167970406
443483,128178.47332075196,318.9248947667654,38132.81446450612,31152.333683172743,103706.97489190417,182178.40809371456,70341.20532022475,111995.8076770194,-34854.14604655222,58925.19622889013,27099.50139122696,-38927.46011942438,25140.380938699258,30827.167644748268,17706.745723374945,13453.866933887586
443484,106210.66264834534,-23574.74299357946,16384.947736177004,11607.130175386856,79245.45724988298,158229.24855029353,47425.16378724357,87762.22818703996,-51582.54860958364,38411.10106005379,5791.483725236412,-59791.54516043143,23235.734751540807,25958.254083591823,16019.0103501252,-688.8613438630184
443485,118525.71383561718,-11737.197600493395,30090.68406306531,25525.686555986988,91633.48211663203,170837.05896654853,60819.92609571128,100103.09660632971,-37515.81742961007,51582.23365543131,18971.532117091694,-45606.125532004604,7811.858681007838,27339.302705359863,946.2975830804221,12738.169499156633
443486,142804.54406517162,14485.237798595124,54465.211897505425,47728.815634211605,118531.83915473221,187583.18581022866,86317.51384516299,126744.28912078348,-18360.86552777926,74570.62484929826,42777.675965296075,-22122.758106600584,6994.994421399157,32549.96427432142,-21.33835077072399,29195.187501951368
443487,132989.1133998423,5331.108763887346,43126.00389046074,35900.070366236774,108865.30254750024,187231.26182316,75449.07047691982,117124.34702767943,-30537.039654864933,63625.36981812757,31926.32673461257,-34019.34235725726,23094.559016952644,31708.201925036665,15691.475994704164,17334.598445811334
443488,107940.29427773478,-21533.59283495859,17906.845603628215,12813.147815812597,81284.90174452949,159986.1198289686,49150.63917617292,89794.11570863382,-50797.083568023336,39782.50561707263,7282.308012048259,-58462.57498836923,25123.88769892555,26465.49332186915,17847.775181272154,-190.99729584358795
443489,114292.13319911274,-16099.706811815076,25643.291868256285,21291.805037210466,87106.49011688199,166115.22941641763,56303.63739905765,95622.71345544522,-41503.459227520245,47316.5054038519,14625.451510111274,-50059.945500068396,10090.301749542505,26617.495944599843,3189.2158312135666,9127.365587512433
443490,140346.68274077028,11670.791010370194,52119.67087220946,45763.205891169186,115648.69927836153,187735.84709059203,83768.6406327682,123913.43301953188,-19862.166694024447,72355.91733488126,40436.02287451143,-24298.059585301467,5428.611124224348,31874.990057519404,-1529.5812144971483,28052.794164887026
443491,137213.54762464215,9675.923969998648,47573.68434961117,40197.36348910836,113343.67083885631,187612.89955238876,79957.05670736516,121580.69559973571,-26565.71522494509,67833.26681177907,36209.95585415574,-29612.05789938784,20585.239958809143,32419.40049039939,13216.44162450735,20965.99290492635
443492,110688.37757935934,-18442.44012252518,20491.386184305426,15039.556684107325,84407.31743275767,163219.91050208278,51956.4221977142,92900.79830996168,-49059.29219905412,42181.68778044812,9808.799103995221,-56066.93495284539,26485.96503743328,27142.851654863935,19144.696840716468,1185.5034467356566
443493,110736.34453059357,-19691.527460139085,21845.047138327896,17617.421936833587,83361.32555096751,162048.0979149767,52491.09047134914,91915.34566300618,-45062.89594262627,43670.951163761536,10925.731139192541,-53895.45198814267,12677.058910462698,26059.681845551386,5722.684426079874,5871.24405678766
443494,136910.27131335493,7863.043877868529,48741.14670639232,42798.04922870678,111731.66832780071,187433.446502325,80178.56312384518,120058.13249140153,-22312.77631748964,69165.66548892183,37101.25913380795,-27488.17572755478,4483.248974782124,31030.112152523456,-2426.069569212287,26063.857174324374
443495,140618.5028062281,13116.91412053327,51241.22314427001,43814.4110161967,116892.20458205309,187727.05091753002,83631.22237783359,125120.82955267176,-23155.86082670326,71312.30179554819,39732.90933586244,-25916.66394209395,17731.95894921132,32923.791874694856,10419.048964555748,24164.69374385199
443496,114306.87678310386,-14455.085054547735,24016.99130676502,18175.422040486486,88451.4065391967,167688.58682732345,55713.74806357623,96925.83574854206,-46466.27183303771,45476.02452154833,13250.135068367015,-52710.472673129196,27243.45123344724,27967.301985082322,19852.490246211255,3360.7685182865225
443497,108084.3950426839,-22275.06566960732,18942.077556321416,14731.6150931282,80643.55026813755,159391.58015691026,49638.24575092431,89227.01011679904,-47971.086437319354,40865.38342602472,8105.267788904142,-56871.5465913762,15454.39268962214,25719.473144089283,8438.63185897595,3156.4177624810322
443498,132801.37779788932,3398.565487832604,44637.62710171983,39107.02072352941,107136.26509173278,185496.4133015115,75882.23191843263,115529.23900440926,-25475.83660973445,65279.096835301614,33066.80721548215,-31420.379181423054,4245.527792161432,30110.745618130535,-2626.007220480915,23395.47198231655
443499,143011.72719821418,15443.925038851898,53909.65344410721,46532.47538612946,119313.8099682018,187391.25202547724,86258.151786748,127547.52121120683,-20481.623692852358,73854.35267415983,42275.33282055513,-23177.06982256886,14734.51638219901,33204.42682890296,7495.852279208228,26731.20286205858
443500,118562.63988803126,-9856.161288465923,28247.359498532096,22016.986539980353,93153.6881526681,172523.60203437807,60167.20337086354,101604.23852185531,-43150.10272527374,49459.77457685591,17373.110644013042,-48636.24713871134,27299.28325957177,28889.364534423774,19883.759587960503,6200.6386440212955
443501,106388.27719746901,-23839.053748813018,16981.579112248663,12689.24978461008,78987.40492570633,158100.31437291374,47775.38380007126,87591.41562751794,-50121.48013840213,38965.144553754246,6213.079521038423,-58942.330018503984,18248.371485331132,25584.325000849287,11172.059942565757,1065.6737791294022
443502,128244.362348845,-1495.1416907347154,40017.065762774844,34873.76969261961,102105.0625195685,180615.3851368734,71085.3637131666,110562.59328245893,-29185.36514982533,60912.16902947729,28545.96894112883,-35894.46811422167,4739.60336383609,29158.831218359614,-2111.0582059369112,20181.79666363145
443503,144292.2182118288,16554.997929053607,55446.548712773874,48214.96330877065,120495.65867824436,187066.9443917369,87698.79183185805,128744.4433662114,-18686.052886853206,75346.64725316338,43723.63880178789,-21520.374048490725,11803.5126352586,33242.877123385624,4634.077789344439,28530.844301733196
443504,123292.73152053115,-4820.44653858963,33023.39226000079,26429.985282110225,98324.39452281629,177314.36919501302,65140.763555885846,106742.58890736144,-39250.30522424223,53977.66540426575,22025.575559972738,-43990.33851955841,26612.027559122682,29852.00566367347,19173.338167812988,9600.0098929118
443505,105723.93817243677,-24310.764717685655,16056.812527331656,11599.464126624667,78460.34100441096,157729.28877286683,46988.400379672035,87067.30152687771,-51421.36984042966,38046.78224651616,5334.702441421406,-60002.613941701726,20910.35580684212,25648.997257962186,13759.402787025938,-294.13223828467176
443506,123445.9566144563,-6584.610753878051,35100.39076577999,30306.90319083556,96874.29061682982,175813.29292345687,66016.97950385904,105381.69386262329,-33279.52957882878,56253.15951462203,23741.868222529934,-40701.512786511856,5944.20940997985,28212.079907288746,-909.3005254936013,16567.55999892213
443507,144363.13083562316,16372.265870786503,55744.325295809474,48744.077673636595,120359.36090581572,187201.09146708532,87856.75635963268,128624.91830489255,-17902.596485849066,75666.0245421027,43965.59882409703,-21067.452145128314,9145.922036718928,33031.916206522714,2052.7906196967556,29432.583412889966
443508,128307.82937386761,447.852349949384,38155.971495398924,31237.879702716484,103763.32573650619,182227.4245820694,70437.96127397232,112139.33641695988,-34932.69460041236,58839.51279000816,27013.901165752737,-38962.00764598395,25188.07115067681,30821.616416792516,17753.867524475845,13421.618970685404
443509,106282.90137948026,-23511.504891371416,16371.194794050873,11659.116618840095,79257.44791352397,158220.62701082436,47478.27188308423,87855.09364422792,-51679.56302231444,38302.4201599527,5664.191305380665,-59852.68028794561,23221.572317696322,25937.147385057036,16005.07505851781,-737.5791244647189
443510,118823.40612847847,-11441.4733730569,30300.42475460496,25782.9577422207,91888.2915646139,171023.22570095668,61104.23004627027,100438.84094849194,-37425.06780210806,51690.031432121374,19058.037390609996,-45446.32895021764,7690.795494323658,27347.601816038175,823.326378571609,12849.15132040193
443511,143290.16982719468,14984.691997007942,54833.569214042145,48118.84295628345,118982.88978774278,187602.5002927087,86776.13129128658,127279.89799206977,-18171.27558117423,74825.07920417376,43020.347311737874,-21822.135637061077,6938.324374564717,32596.31289224726,-83.32890879318074,29380.2443909318
443512,133303.39830684246,5656.719950551564,43315.975661942924,36113.23849118864,109147.56348346702,187264.53169019957,75728.38462996043,117486.1739386193,-30510.7581141081,63713.7496557806,32001.141585444642,-33899.05495863586,23159.463189039372,31729.292940285828,15745.899072858287,17372.42104645026
443513,108040.09556488329,-21439.540071480682,17906.515324556116,12852.111083738959,81359.67564188439,159937.39727222777,49227.029538231734,89939.42702930392,-50910.67110855675,39696.85560917983,7168.220149799517,-58518.04468134816,25181.199017183186,26449.59493365282,17898.014758103982,-276.047571365566
443514,114362.46029903468,-16048.122681659097,25627.434426843345,21320.54974396668,87152.87228390679,166000.26616175123,56360.35071955176,95738.20926786572,-41614.280038785684,47219.46373516699,14489.970229139635,-50123.1638682577,10082.923818357707,26592.40964633861,3180.9044188210087,9041.59725607487
443515,140533.53800602187,11835.957063416507,52213.032644192965,45889.93659025617,115807.06978949902,187712.41653507628,83939.71541475468,124144.93304313417,-19879.678488330726,72366.52895639051,40413.52666614414,-24253.132265329845,5393.260091388824,31873.41465292105,-1560.463264609404,28042.710021937666
443516,137386.75852067344,9821.936235796029,47654.80219709669,40304.07927239101,113490.35259890581,187634.710135934,80115.72635790434,121796.94468116733,-26590.257881102872,67836.61824889548,36183.1120316255,-29576.698911318916,20629.07199136431,32432.171171354716,13259.701333296875,20942.509971792108
443517,110687.39591020225,-18492.67942182217,20424.106838684398,15006.724969354971,84384.8489539643,162978.29468477133,51952.82039519461,92937.05746939845,-49180.13509909787,42054.20558549296,9635.123284608228,-56160.88925056855,26553.92618967996,27136.107248972807,19213.02538812218,1072.07368831215
443518,110688.69404696597,-19817.090173644665,21746.823198886144,17561.576934141656,83285.26790100758,161738.3820965822,52446.419866977456,91893.64057878804,-45176.57697180494,43521.43805626118,10713.881309570752,-54008.62075140614,12672.333754892024,26040.485696869662,5722.279483450578,5756.350780756232
443519,136964.10741183383,7820.304086211703,48732.94131701265,42821.455986523986,111741.52725155163,187393.5553385511,80224.1370696669,120123.72089002025,-22339.74556633165,69101.963658849,36977.12201592508,-27520.314476576517,4451.40500993982,31027.10869205364,-2454.033256256811,26010.874290989464
443520,140706.24458046275,13095.3506241981,51256.98597303569,43847.28499765418,116932.85035216832,187700.53092262702,83699.21302155213,125208.79758586235,-23162.899846590823,71275.002183572,39638.152621555484,-25932.193171036997,17773.1964246438,32936.55138050377,10460.305417661977,24117.55394326376
443521,114272.95533811417,-14625.754561604865,23932.778441473012,18107.475644309678,88381.9152402353,167306.46682556637,55666.84783359867,96885.01153538455,-46542.075268907894,45354.28696334206,13055.924917246899,-52815.98515983092,27322.426951588954,27968.334064518822,19931.854505121337,3250.0350734643353
443522,107993.29228709811,-22550.110432680573,18824.08526342856,14628.364030582248,80516.72685251903,158923.47262708278,49536.07211825151,89115.73194875308,-48052.651190593984,40717.08908684424,7866.930801145105,-57001.794850767605,15461.166116134025,25706.790295499068,8452.492005883521,3042.1808326490686
443523,132773.3413855261,3147.6877592499204,44575.68341058408,39049.14944027889,107054.72131224595,185127.6885814462,75828.12015271874,115457.73832856148,-25504.24632472831,65182.32166811979,32881.8193502552,-31498.34289661424,4200.169541841773,30098.503558589036,-2666.387076061391,23324.98986457553
443524,142998.3589425859,15183.09313039514,53850.50366792574,46461.44350123893,119236.89737409342,187347.4789643114,86204.38312061007,127471.99311594329,-20518.855472620646,73755.33017469494,42101.65391144301,-23259.101017083718,14758.107590850617,33198.94151708328,7515.6759178910725,26647.8480188522
443525,118404.57806233839,-10302.04082981739,28064.224475079878,21815.060148971523,92942.5956697812,171868.1102429583,59976.32484072646,101380.62043627314,-43291.30940549982,49242.87411203222,17079.104827629948,-48832.35128529613,27396.581865358326,28868.265030581424,19977.041205337504,6032.387136622188
443526,106190.17781709036,-24387.797385538142,16786.52842101377,12469.29225000769,78739.62738257062,157318.73785198882,47551.22993162574,87321.38161368213,-50256.979821046254,38731.96793924315,5892.510108457819,-59141.50113764923,18273.629686642063,25554.6655872469,11199.210842907909,911.459547563755
443527,128156.7667510343,-1979.1181409316962,39933.37503002301,34749.26030192292,101956.15842939266,179977.77407189563,70961.91032204629,110387.25367817012,-29231.27040092568,60778.93734863816,28329.319495564418,-35969.77236808136,4670.80569197458,29137.826399560636,-2172.5099352894094,20117.94404201382
443528,144230.21907210574,16075.064534721041,55373.85286842387,48085.524935501606,120357.02838727944,187068.04929227367,87586.14252715975,128576.99185885953,-18787.03374624435,75217.78111789089,43527.65206751838,-21524.95180207768,11778.812467633843,33227.1738499177,4615.833359433358,28464.56710390983
443529,123041.52487019278,-5529.905165126763,32775.61095653052,26121.410922199702,97995.85445844883,176461.92328227335,64842.3733915516,106378.69311653674,-39559.586114818536,53681.50700077513,21660.848340941775,-44096.2460439123,26689.401401051655,29814.899905303864,19252.4026114671,9412.681513060943
443530,105383.97546040092,-25176.431574704322,15747.556864758186,11225.920037418375,78043.25940851375,156642.5760070296,46609.656778431476,86611.01942500562,-51803.9506840034,37693.94183946437,4899.417497277905,-60111.68272526312,20944.7358477271,25598.8636197443,13796.537529033105,-500.2196399878474
443531,123253.71609003005,-7348.641725394779,34942.12114082465,30066.43217536832,96593.82754372832,174881.0779889728,65780.83930275304,105063.32347871692,-33537.960536835206,56042.48380294061,23450.349293177977,-40625.55020758935,5881.677174210293,28185.700846399497,-967.3153032625517,16489.28381409307
443532,144270.1667829918,15693.52825144924,55669.333902682025,48567.33144784631,120159.33120699693,187249.48482087487,87705.69351412659,128389.23703599493,-18103.22497688809,75530.92182613595,43763.94772645171,-20889.125232678387,9099.356097472313,33024.31442137409,2008.5131874332906,29409.937994020987
443533,128023.40121967568,-449.2030663079181,37902.850395090594,30876.911103048595,103367.43915504665,181336.50621151476,70100.7276025278,111702.449108097,-35295.404197412165,58542.13277762366,26646.376109668032,-38931.388865723064,25243.59574551234,30791.394707402254,17810.171804833626,13278.511995948475
443534,105772.09121469775,-24698.878770095558,15922.416923560031,11107.7487431287,78630.96727094869,156903.04967950084,46924.07933503782,87181.62609774344,-52203.5468646801,37824.972430315305,5098.484822724923,-59987.65123355421,23318.782137352282,25878.375929273683,16102.168939767795,-996.2511364606738
443535,118293.42864759892,-12703.856215446816,29847.804582768702,25227.34485249064,91224.16817207212,169635.869226654,60530.246932731025,99727.94675752205,-37935.29771648857,51211.67263875778,18482.54110539516,-45568.96514121104,7753.636454407797,27287.68786798141,887.0251124569322,12611.211359780971
443536,142861.44285849622,13796.626120281628,54477.32342609411,47651.24300953352,118392.41215182586,187626.847152468,86294.82120551396,126642.57170862888,-18573.59183139956,74446.56418862708,42551.47004758122,-21834.56688609417,6946.7563554381395,32550.35487518088,-74.82923778503357,29236.536588212704
443537,132833.93027320888,4399.638771252943,42930.05083109782,35608.03795406689,108503.62346304147,186377.16454300727,75209.9961553847,116789.51923176079,-30925.996180611146,63318.76670364407,31515.445851422308,-33920.374100391906,23193.35474153745,31687.765876884303,15780.473008353649,17232.08103162398
443538,107433.17071476762,-22892.009128400583,17414.741302796338,12241.672897368244,80576.39259030981,158470.6655296692,48583.24628872017,89097.04667676898,-51402.45243200574,39215.61182871043,6577.279846542246,-58619.3548024453,25194.29771523519,26388.64209483425,17911.92747184108,-463.0492607898095
443539,113858.96105005118,-17440.372749761023,25245.02651945888,20806.455313174818,86469.77633141038,164595.95606451225,55817.991083557645,94994.16166549154,-42001.12957223649,46847.38990207426,14000.63847106546,-50107.85811055024,10023.247726746213,26542.11094943525,3119.8108200774323,8948.282496016107
443540,140282.79932731634,10696.882711165626,52052.454492630706,45569.62638637841,115370.72854390611,187664.23151932188,83631.3261248506,123644.94072231467,-20094.889996502963,72198.89516609626,40145.88956900504,-24031.04561102757,5338.4710534566275,31864.69410183459,-1617.6345822790224,28089.967752283548
443541,137158.5827851965,8708.55695504135,47502.10183697656,39973.264649514276,113079.88409227753,187664.79166753037,79825.38559158618,121316.45318014876,-26827.7464770648,67676.97026135265,35935.37410680786,-29351.766223420756,20666.44192732456,32432.14815554687,13293.831133724796,20971.899551160957
443542,110301.7969367813,-19799.800835451126,20140.4807516903,14547.127057741101,83826.92534774376,161731.54143350085,51521.04130019219,92304.95621652708,-49537.52674270843,41776.59310453641,9256.271137510905,-56058.59524798081,26578.91665072687,27102.500799406516,19231.802755613753,1012.2641350049432
443543,110270.39462228253,-21195.62636825807,21444.435359112256,17085.197817876164,82694.29496814717,160444.5260277677,51984.71785786199,91227.87152613417,-45538.37069191367,43230.86830321142,10308.37061462221,-53919.99859821859,12621.217496386394,25989.127852089092,5666.3015755691995,5701.007036093584
443544,136679.1193169008,6579.056545941744,48540.60684444343,42444.34813206141,111277.22101759212,187324.71038703137,79879.02398860038,119585.07695274566,-22616.97440521369,68910.81139270295,36682.87517729626,-27331.46376519202,4383.007277146321,30992.764499911784,-2520.91920558809,26024.068819440057
443545,140458.64403192658,11907.300761623294,51078.224803023026,43469.82880079285,116505.8141642622,187649.5250835538,83378.8122824218,124707.07504844447,-23454.512036467793,71097.0578992784,39376.44539437603,-25733.84285876857,17811.19923084736,32919.12868058274,10494.592041513766,24113.872797709428
443546,113915.2942559967,-15941.868178086295,23662.91694931689,17639.787501300263,87854.85883741776,166091.95721647082,55250.03956437408,96285.29637354708,-46920.74471553596,45096.75254922466,12712.15942152913,-52699.20300239718,27383.154342457565,27939.530903741797,19988.79431227028,3180.777289573224
443547,107643.4482493096,-23877.087607549744,18582.111609204774,14197.16767289615,80001.22404899859,157743.9402999034,49139.41913923283,88533.69844788683,-48389.64438333974,40488.204376120186,7541.386524195285,-56851.975133985165,15416.77038871561,25672.085375594856,8402.829346901523,3015.278910008571
443548,132526.62425291416,1940.5767198078543,44422.216593390986,38704.192846662896,106632.00224952541,184236.664644498,75513.10850232685,114976.0153477862,-25754.75196409787,65037.27490479365,32642.23584057206,-31266.86570695776,4116.655444618353,30075.25917634029,-2752.0829612531697,23364.879878563414
443549,142717.102555533,13974.741332934915,53641.11350737521,46051.54614096571,118767.54889530563,187269.85417191708,85817.22115826522,126948.8829577589,-20836.7446212162,73556.96850444173,41817.61066455125,-23092.344403097966,14797.432179205613,33176.17881437708,7551.3997693206675,26619.264082040343
443550,117956.25981135928,-11665.246263737261,27710.613753285943,21263.650675254143,92313.9237870049,170720.44781247573,59418.01123909852,100695.7716302278,-43748.65010835293,48911.837882180276,16652.778257539787,-48812.26764753212,27516.51257429475,28829.87878014416,20089.583597959056,5881.051084163023
443551,105692.25726419297,-25796.85520820924,16424.512775558847,11918.988536607148,78073.27218182647,156125.283393791,46955.90553649631,86595.99885034066,-50702.874215709424,38401.71426473425,5441.873121051168,-59128.95727864243,18336.461577406608,25518.65787130782,11256.681248325729,767.2898548967846
443552,127768.43448195174,-3262.4849615960047,39690.77394119665,34323.29366988098,101389.62208053158,179027.84980410757,70469.66228639403,109761.83614345086,-29531.065722701183,60564.88113616285,27983.54968406465,-35858.35079629638,4607.312486986399,29112.093830840276,-2236.531782621499,20083.942059553272
443553,143857.93429404913,14826.373076609154,55122.86022386249,47651.07621695183,119783.19342382744,187063.42961974628,87081.422643901,127943.86318486255,-19031.700898367453,75001.97465267028,43185.08133519583,-21487.73223809466,11782.311291478076,33209.32486608212,4619.649795875462,28417.382876322976
443554,122480.7314779762,-6963.7929228333105,32340.437007099485,25511.12877911808,97228.55619524364,175390.10999677645,64142.72957600646,105545.88657269519,-39909.56535533293,53303.92846691093,21148.943011838783,-44299.194032426676,26793.254307802123,29774.193127743405,19351.50249574829,9214.869009883967
443555,104915.2828354844,-26504.91305003929,15433.028917176835,10732.054023263794,77392.72859001323,155607.4246057521,46019.27452937137,85885.98423184935,-52003.587305735055,37437.34965316195,4494.597299891751,-60241.74288358458,20941.689767102427,25570.635463591243,13792.418112481835,-606.9905033661863
443556,123139.97738951194,-8281.448055807625,34977.11289037222,29901.38698676474,96324.2671569218,174262.29941546192,65547.38160557124,104712.94713379208,-33421.83375492821,56117.27616476061,23379.00851307104,-40454.132689908365,5776.679282944338,28210.975071343644,-1072.8673286576661,16625.021341767442
443557,144284.05706303363,14932.066438633246,55794.8033462825,48480.52666763244,120021.54716963731,187328.33165263536,87577.0483253572,128168.8735683172,-17928.36676080905,75686.49707679036,43789.186180368844,-20669.581471656744,9076.098367977238,33069.6714075573,1983.6102029446838,29567.140580778774
443558,127737.15624582613,-1501.0767302578588,37718.34652806255,30499.989995635824,102922.57147961808,180696.18148608704,69660.2563391315,111171.59969412567,-35393.23134970043,58403.91192603009,26380.15594574996,-39039.330757082156,25353.41817430532,30787.56691801802,17915.338180065282,13180.547460297352
443559,105365.10491113542,-25866.0900306732,15640.365208123054,10653.933185615597,78080.21693453187,156074.02517080362,46377.99521818502,86537.63095096496,-52361.65003080382,37598.69412011274,4731.574896989289,-60199.84002624198,23345.121780546222,25843.335397910716,16125.161876282244,-1157.9158282851845
443560,118187.64882608179,-13533.118544515328,29863.704763107038,25059.518394611307,91003.52013696071,169117.54106131574,60290.44271638942,99408.36492214238,-37834.13039858763,51262.53223931494,18395.437857349396,-45510.3310080908,7666.966747236618,27299.24217737752,798.3701893408073,12659.86192407088
443561,143042.88184959808,13307.902454513513,54743.82245129715,47712.003091644554,118478.82869932931,187685.21199718886,86325.60070925664,126628.1682671528,-18292.75411620921,74723.85047853795,42714.147647063466,-21560.676472513172,6890.481677598491,32612.578636570634,-133.54074249806763,29421.880892991954
443562,132852.23782246964,3771.132244795431,43017.128266670494,35497.96480449549,108431.79203936095,186116.9948464694,75069.44112414666,116614.00366537066,-30820.86618409108,63423.77273056391,31516.317927171305,-33842.10436556827,23257.80485448635,31725.948130244855,15839.216240663414,17251.94102686253
443563,107171.79996483999,-23800.010690351482,17244.266773748015,11906.072625509432,80231.99358619019,157919.55347961353,48175.50906275789,88642.62452703743,-51501.894281745976,39078.0898616055,6324.303631136118,-58805.811496589304,25226.715154142323,26371.776513327157,17942.569308732604,-622.394227564147
443564,113667.1194736395,-18261.301478619884,25149.62954148573,20558.482081199447,86208.48198346932,164133.26014103153,55483.811816261354,94619.2569652779,-42026.13000649469,46777.7332257572,13810.63057942983,-50234.18278616706,9950.03030493053,26530.128555968815,3048.0011372295025,8850.137942892115
443565,140370.3294042385,10199.454291403323,52206.775560476926,45554.659501571325,115405.8956021866,187614.20589266604,83562.98304379455,123567.72108194216,-19934.058221946514,72360.56641660989,40199.44868559858,-23931.567929456196,5270.775892622538,31897.931707361866,-1688.4125865812068,28136.781050173326
443566,137281.40374458535,8274.660532609976,47671.958421222014,39968.824876973595,113167.23421927346,187731.25940587593,79786.17887486974,121289.34545526993,-26677.12065994199,67860.0053931988,36018.100538157334,-29244.93513283658,20707.23243255991,32481.771439279855,13330.812886519356,21000.844070344672
443567,110216.9225462591,-20447.975892023827,20124.172747988137,14382.564849020231,83722.42784997064,161457.40513223878,51289.895736751256,92077.90023960592,-49531.0731119596,41794.99475462407,9161.03007271063,-56135.224971173426,26613.413151236808,27120.905226491777,19268.93805111727,918.8365580290982
443568,110102.5779154477,-21937.437428159854,21361.56657115252,16878.06168630598,82509.74231316823,160122.5208305848,51675.26201791283,90917.94174776219,-45560.61359186486,43193.37343910917,10142.213619964024,-54064.23819178348,12558.472763197346,25990.417631069682,5610.145995857133,5578.995831570005
443569,136643.97633427623,5983.426597111129,48568.933105794305,42345.66806121473,111224.63825705003,187220.37665075346,79684.51153439122,119409.8624728104,-22548.9458060292,68980.01634844505,36623.68205146353,-27373.18270797719,4308.31439703108,31010.50231510925,-2594.522720522169,25963.275245102795
443570,140480.4634559686,11392.399439114817,51143.76079027603,43396.631682871404,116521.37150986283,187598.18545747822,83231.68290003773,124602.67609876482,-23378.63833611962,71202.11475397783,39359.372915669126,-25745.620396467588,17853.38713895966,32951.82974191863,10535.553643838675,24048.997436173027
443571,113856.67250750304,-16530.368298655907,23671.376690372083,17519.106250795587,87814.8962744854,165877.58682099212,55043.433868716034,96119.47579326101,-46880.68146519351,45157.032571432326,12645.749258027634,-52762.247802744074,27428.76342316222,27961.870886771292,20037.860796410718,3089.035648928658
443572,107601.52072209772,-24453.187368891737,18631.404236853938,14134.105915555758,79989.73294544897,157592.83559740725,48965.67513522169,88392.25120495686,-48266.20480184769,40596.169249275634,7515.725627268219,-56878.39167918665,15328.697262821572,25686.34544981851,8320.752725493416,2982.2400019486013
443573,132576.1413122132,1464.6558182375593,44546.35900426781,38720.53020204228,106706.17964680666,184192.73357590707,75425.28100626802,114924.11078977522,-25514.192704768466,65214.49359692569,32690.346111577364,-31281.77560665451,3988.5344376925073,30094.417296172793,-2874.6622078817372,23367.736066559683
443574,142721.18322497897,13467.856002243465,53682.60758270053,45989.93760449519,118788.42136624927,187154.85529150645,85680.52894172436,126848.8903217634,-20639.264396839288,73657.4577734124,41797.51724387017,-23254.01707004519,14808.90356382875,33188.93737018431,7561.131844993422,26525.331208828655
443575,117899.78219037206,-12221.716413293347,27693.14374867362,21155.840566715564,92295.60832968549,170578.66698973707,59253.517926666456,100554.14587561878,-43568.04046242154,48972.51296858794,16598.818631172027,-49066.244358973396,27579.701511463958,28838.51755415796,20148.620367809883,5759.989701264666
443576,105826.16305650989,-26152.620957065294,16612.336782593462,12021.474829635632,78279.74170112627,156196.75553052512,47022.180990810644,86674.74431852132,-50303.46497104385,38676.69163878245,5616.702795150398,-59192.01943166631,18249.3072299645,25555.8694752791,11170.608385763415,831.6811664460433
443577,128146.54286705138,-3352.592680192278,40106.844769775365,34644.262147314425,101854.01069695511,179357.6775795694,70783.1833740305,110105.8194083359,-28943.398054937687,61050.23153247281,28387.61605728216,-35722.899225872934,4448.552172919704,29186.547598396774,-2395.2817244649464,20290.192656575622
443578,144183.190156417,14708.114824116452,55450.571420928696,47879.324360081824,120183.80850341146,187039.35609267926,87321.01756859054,128239.27261677737,-18559.56635498888,75386.68302320367,43501.03067951821,-21470.01876838132,11736.974800128623,33269.667468780026,4570.430829155268,28507.726386903476
443579,122511.8304480449,-7361.1072352344545,32373.669037174826,25461.433769360243,97341.51753340589,175390.67127252408,64100.137882265175,105558.68561173732,-39699.597460685094,53414.56492007708,21197.349792754198,-44578.656832786844,26895.723664054665,29789.77754592146,19457.290294896906,9094.598671108
443580,104848.14384313233,-26998.087007458133,15391.035933636129,10626.914522592077,77428.64696098783,155520.82117119408,45915.7294267062,85821.19773390895,-51838.28133660913,37492.01700943284,4498.851736367981,-60594.319630811486,21033.24146268923,25580.82631910807,13887.05520955101,-748.9884704437209
443581,123319.14575070275,-8522.754418626315,35190.20192164972,30047.71348422762,96617.26390972165,174407.73260655906,65710.42293353038,104913.60156752508,-33027.18566101116,56408.02188078347,23636.506975314358,-40565.65961656915,5695.524336392301,28261.101836571303,-1146.6780879141006,16681.957430261504
443582,144673.12045714678,14915.574258915554,56197.54981503992,48800.834496192256,120516.69510256388,187444.49862217746,87941.81947994087,128586.1360274001,-17384.616659739848,76143.66068174316,44226.085905348256,-20603.915159431643,8956.94167533454,33155.50629566665,1869.0596443106479,29748.358523839044
443583,127862.16298394246,-1776.8093022636249,37851.09569895811,30562.999115536288,103145.86127078497,180806.05328783003,69762.9668642279,111323.94797744075,-35090.67875871059,58605.7321922259,26567.494708540362,-39243.888138178525,25389.234177438462,30832.46564990002,17950.858087759676,13172.05223508383
443584,105196.28190555876,-26440.65414745541,15499.65396256681,10469.082144072408,78013.52239425543,155938.96400083572,46209.80386998937,86401.7653429997,-52274.49378970076,37558.14542912218,4685.872888284998,-60673.185814969926,23425.04600885688,25843.082835248388,16204.952881546316,-1331.5231555915805
443585,118159.83174135647,-13957.747332711959,29875.63378432889,25023.595710454607,91090.65144308582,169096.68671693763,60280.925674674705,99433.43695564919,-37612.31039096497,51370.136083629564,18514.447873831738,-45835.54951866121,7659.562874011614,27327.63509931364,793.5298379382057,12600.890935134454
443586,143341.21618715313,13234.492211308094,55073.097616902305,47966.31418750106,118899.41552070048,187794.89592803427,86643.79486762792,127000.15084476989,-17821.71978455876,75119.01047830557,43134.97314015121,-21576.247877309834,6816.038259467042,32697.293145495318,-204.08728169266146,29567.787426256684
443587,133138.3651728021,3702.7652193099616,43331.16424064699,35734.682615835074,108839.12257758122,186379.3480548178,75379.06822913361,116982.6041292483,-30366.94629422247,63801.57518596428,31928.017345721062,-33856.662058950606,23226.35345719615,31803.580946879352,15809.912459393518,17407.512900114918
443588,107184.50707789435,-24144.88355774161,17295.994369139768,11907.513002108997,80359.32332509497,157986.29023172247,48235.744887292225,88737.63459645477,-51244.24652270609,39224.90931167189,6515.4021642531425,-59046.3630863747,25230.16517803989,26393.30833714175,17946.93471640394,-606.7306276580752
443589,113581.67686633347,-18703.00649617714,25099.784157930597,20471.629424501232,86231.74708909607,164081.04935015657,55470.152518400864,94619.31188536815,-41839.92267505661,46841.93295052733,13931.360182868495,-50559.743768846885,9962.268900296727,26533.012639225824,3061.4104322035405,8801.1225206715
443590,140523.34212198108,10025.618522404602,52377.07713450305,45668.61378261627,115673.98045930653,187554.61209844664,83798.72260504366,123824.63026091924,-19584.80352269131,72618.22930467597,40528.23952498453,-24047.111410001038,5267.5507034600905,31946.056099325295,-1687.8222147037256,28211.115140052712
443591,137568.7895727799,8272.806634735578,47968.440579129005,40198.27435475584,113580.51862382903,187853.36777215853,80177.41265807618,121701.0539009288,-26233.928126378898,68227.2029472423,36473.582389373485,-29235.921579954625,20748.464283614732,32564.9367575602,13369.42853345009,21171.6512380279
443592,110264.82448426961,-20677.619701602194,20200.395723517737,14421.418705118776,83890.962813033,161502.46096319848,51480.195027143025,92249.47684518051,-49238.8224388425,41972.338405013696,9445.29735360582,-56320.168469844015,26678.70773882834,27168.853373721147,19328.93374111853,997.5766639089517
443593,109894.01807408883,-22429.92791469329,21196.578171436675,16711.439012794774,82396.64771659872,159929.1691758107,51630.63325815043,90813.60811475971,-45427.359643617056,43157.50240530634,10246.763153951175,-54460.82474892779,12562.619645586896,25987.766497315642,5615.935430688774,5538.13297962305
443594,136408.99710413517,5474.96794817923,48369.10053127089,42149.29573460745,111062.54441235204,187051.24643368478,79612.46878890987,119268.2440414984,-22445.41745159692,68904.82064321381,36721.0484465752,-27792.580641370972,4341.749708695347,31011.28721679157,-2560.3645928619017,25903.250726527167
443595,140377.89657563635,11045.629862714806,51065.87408609316,43313.63525206037,116488.29055021433,187534.2559464083,83300.23364874718,124599.86612912042,-23182.542779056053,71235.93988416338,39597.344637782175,-26034.387478198467,17935.909689901724,32987.313765268285,10617.735008089849,24094.15608513772
443596,113901.10302195486,-16698.131302789832,23748.511313998555,17598.742712254018,87943.229497619,165866.6297594201,55294.78090266754,96281.30944484968,-46528.25678963795,45358.2992803048,13096.566631736754,-52872.55330823262,27465.24756791876,28028.50911322292,20069.469699233086,3322.7960724847962
443597,107641.972881957,-24610.0079747641,18712.68724618058,14234.977079942675,80111.59622219764,157602.4053693941,49236.58718582299,88553.39159790268,-47894.60483202817,40824.640242489164,8032.599814420499,-56950.09887253368,15301.15832799557,25757.16637266348,8292.079373075847,3274.714401047798
443598,132450.87987958587,1143.5785789143147,44455.27392803987,38664.37891174626,106633.92377402988,184061.93294468377,75519.95587983841,114903.39622554927,-25346.199838463224,65276.70224686778,33053.38487022606,-31452.936991661423,3962.617940674372,30132.48406107482,-2900.6100328327616,23528.355201026316
443599,142547.87607265587,13114.903214377271,53526.65860155801,45870.20881800959,118651.09398461666,186968.69218255795,85714.06883544632,126776.3224726814,-20589.90127551722,73650.33999154386,42100.28365350761,-23417.174088781943,14842.466033723158,33218.83766806645,7598.358360221811,26625.364920941895
443600,117824.87959367741,-12439.889686687748,27628.077692428153,21123.026906936833,92273.15500649973,170451.50627564854,59400.58482714048,100599.46419744847,-43471.918076115886,49061.451524005366,17027.726658303898,-49084.86078010991,27660.62302827109,28892.646141432706,20231.416599512726,5950.853023776148
443601,105995.43839833752,-26087.236874209408,16789.905369904394,12224.362773030492,78526.92999583759,156312.89033991,47436.172903045874,86990.07181357732,-50008.37246152759,39007.44656349496,6321.0422102611055,-58935.51644396776,18243.696118686206,25653.16177507803,11161.274191048302,1231.1921643143587
443602,128324.78378738365,-3260.212216024286,40287.454173017155,34856.28522801696,102107.30611078389,179528.49052797514,71206.27301832847,110434.12064069115,-28650.147311147994,61387.016431389784,29102.629452840927,-35431.340062472525,4424.727454910986,29287.08585108023,-2425.6437990951645,20685.984466679856
443603,144039.71496093192,14471.995092907451,55305.42497343148,47795.318904500586,120084.6638423931,186986.32030284192,87404.99457650712,128225.86657023238,-18543.638493947965,75411.00048876042,43885.29450707382,-21474.053041411018,11771.470728031678,33306.942543005876,4600.256388615828,28652.908042351053
443604,122152.98042485453,-7809.259394914821,32009.8192054763,25185.758718937486,97006.36775693759,175064.92049000858,63960.88886333784,105315.75075542336,-39852.664717193315,53241.41511722912,21382.62806217932,-44778.399640879325,26980.80192009247,29787.4691359747,19539.13091124337,9106.896034990321
443605,104648.72640461847,-27254.765587257956,15185.265847659188,10505.615987050393,77266.55683282562,155322.0592981035,45945.62765782272,85752.95595120708,-51848.35020351175,37486.44668864826,4867.976728280464,-60620.94278744456,21108.795141197974,25615.221486733222,13961.292606525798,-596.9732005931428
443606,123319.8055591466,-8550.863026719679,35190.14760671523,30118.829263785832,96670.82580387918,174404.88383886812,65948.73044010963,105062.33714052083,-32870.27887242988,56604.002936361554,24208.096616312538,-40369.72488836732,5778.831546901505,28348.425435169836,-1070.2733307851718,16973.259904453458
443607,144460.7342616244,14659.031812647036,56001.914456456405,48697.17848242454,120327.08108310145,187625.61445122503,87958.08069834873,128499.47078761672,-17380.084088625255,76153.91124177378,44584.06767066828,-20572.526117075045,9062.27042321686,33211.001638646805,1967.9761370903811,29900.249618253634
443608,127258.28470058984,-2463.0750111620855,37278.147513238524,30126.051934508225,102503.64886778928,180255.67739795538,69368.86802010718,110794.51564747762,-35345.089231080055,58276.751441401546,26560.428602336015,-39540.55271696715,25479.467391242702,30814.377759783154,18036.960091697736,13111.987883082034
443609,104520.97945181596,-27211.819983744335,14851.513232365753,9970.270291723566,77265.30698489999,155250.26776085724,45733.745005606404,85770.87199077022,-52545.3000117772,37181.86690166645,4628.5575471536895,-61008.38217375344,23491.25192300629,25809.9271101579,16272.780811695166,-1395.0689438355398
443610,117799.02742169175,-14393.40534067433,29527.83858988185,24794.90572823785,90667.16107235294,168687.05616605078,60120.460413656474,99126.92117285944,-37633.808713632825,51289.83644093073,18753.682217800277,-45853.01983537391,7733.738047072027,27357.372797038137,866.6858121069968,12745.693101056659
443611,143300.32540835976,13134.369151117628,55038.42329810806,48018.16496144004,118810.1693314604,187980.99969906497,86801.10462839555,127028.69243257126,-17597.691063122533,75335.43378171284,43656.64364524219,-21271.708141879448,6858.510940834914,32789.641233293485,-162.95140316298176,29913.33101599715
443612,133064.66766487827,3555.6833262773202,43262.4671021802,35755.17458177705,108697.45853422658,186300.790562863,75488.44623535807,116961.49112697924,-30157.343893777124,63994.02274960023,32401.262515613722,-33575.2370640993,23228.082997918827,31887.515741502677,15814.978845521378,17734.67356618233
443613,106806.18923346592,-24621.046614569976,16917.44835800328,11640.15308942463,79874.90246825936,157572.4562439341,48010.5283291457,88374.15774672471,-51274.51122146354,39134.20740677366,6681.263055362831,-59073.92019723424,25266.995687390772,26414.067513354035,17984.39577084259,-489.1016065009377
443614,113037.57429357644,-19356.1368150017,24549.880034548987,20031.96559871625,85562.5417070499,163499.72156994423,55042.96120034515,94069.63686311833,-42022.99559632024,46588.168136252025,13913.411534815807,-50760.974984542525,10072.430898672845,26520.655239114654,3171.9534462570036,8775.360303952542
443615,140172.63241339778,9569.681102911176,52018.73534177657,45387.99905847917,115209.15336646576,187467.77909389685,83541.84364118434,123478.83677490371,-19632.864582262515,72538.88425507149,40669.33271621629,-24062.45935165385,5408.834556446309,31978.399143502287,-1552.0201889423922,28290.575981010395
443616,137548.43450141407,8147.429937110657,47943.49079206305,40218.140435645866,113456.25615316522,188063.022342358,80224.5064209404,121695.30082127027,-26007.8857035059,68455.58565324731,36909.4833943089,-28932.35125896062,20791.98960781502,32655.406514128055,13409.616351670426,21480.289545979533
443617,110411.82193860809,-20641.446558869276,20347.986224563032,14597.460897178564,83928.7382419765,161528.64194555895,51646.86607418994,92402.97530271599,-48859.89870215854,42352.61410279607,10018.575824745258,-55870.941758249275,26572.11565834435,27270.931797235797,19228.112343574452,1433.415451065487
443618,109876.97469296686,-22563.938549096696,21172.706265306642,16707.977532337674,82253.05118856812,159847.69527462893,51569.80788511957,90785.33781280943,-45222.29604441272,43351.58336363914,10591.784317773687,-54218.306116743,12514.514105534388,26045.69004766785,5569.6548680898695,5808.387932389644
443619,136203.2315210394,5154.287100150593,48137.8172747796,41924.08532257826,110721.32070536849,186768.79845396953,79300.93262238214,119043.79991408641,-22473.71200384613,68877.87518002116,36791.43871536957,-27786.32400169466,4446.799467821616,31031.039518136124,-2455.220851270774,25935.8011246556
443620,140312.0012250262,10875.271625671363,50957.52521046776,43180.53698106398,116297.27673931365,187440.61876966624,83078.58760843983,124522.14868695405,-23154.195079023648,71306.02732667894,39720.27582576901,-25941.090728215124,18104.112082512456,33035.976910451616,10782.763286504573,24139.95889819554
443621,114203.52807221064,-16509.940737358433,24000.334776246877,17782.432441609748,88122.693267972,165950.5352827073,55392.46997423,96537.56424804722,-46219.80526553166,45743.558414444786,13495.38094429985,-52476.33543850706,27507.047852870084,28140.246398591727,20110.422360058586,3578.892713645447
443622,108066.43100560168,-24346.735748091898,19072.350028089877,14495.441287643263,80371.96351504794,157779.92291912978,49377.366248021666,88835.9306252393,-47508.588928603305,41279.04744895602,8455.442102623232,-56497.67598617276,15227.792510171483,25870.124237184922,8220.872263608735,3578.9797529981656
443623,132561.09504828986,1043.1360638739757,44497.19503685834,38586.69157324503,106520.82656564048,183958.97538433445,75233.7820815728,114771.70320559999,-25267.842012736583,65386.82157741321,33085.03693217404,-31361.222094796343,3981.240666427672,30177.72738959902,-2880.921457663647,23553.50652664216
443624,142298.1950836223,12619.394493672162,53216.192812021545,45416.43473959003,118132.73727548632,186653.9749587999,84965.809189545,126206.79866296351,-20863.56360741767,73383.70791674696,41710.79852664938,-23723.869067755433,15034.829410387538,33198.52223692229,7787.585525078888,26322.39577794458
443625,117781.50592502474,-12733.952148875507,27559.39214254046,20853.271233691416,91967.76069301493,170054.02447109492,58801.765868738155,100208.16490289995,-43585.38302403859,48993.28434633787,16793.1035349733,-49218.879124461084,27813.828276613844,28913.89555999646,20383.472364720354,5755.048288309399
443626,106435.68927949542,-25898.594218212107,17246.668692496314,12406.674108813193,78726.77810552868,156308.14847901562,47291.023137873395,87072.46588584881,-49711.417583333765,39415.12335945222,6518.063384248646,-58611.753033150715,18240.766908876685,25755.125666028336,11160.078944263421,1368.507005005667
443627,128866.72206710387,-2999.1131877143234,40860.65774786711,35120.923674564176,102390.04700032675,179611.5556136875,71122.41111069499,110580.5014659285,-28266.980748573023,61901.47175324468,29361.27093566986,-35010.459260917545,4330.898722764456,29389.13608773868,-2515.6876036984177,20900.32403171503
443628,144162.74979350792,14265.567299723083,55448.826225631725,47637.85558966149,119891.84706483921,186881.66926625202,86841.63502244337,127889.95423328978,-18529.2412666937,75529.87005355486,43697.52705429595,-21475.35184898397,11772.71872796911,33323.944212083785,4605.71484828553,28543.1193470459
443629,121972.00421884132,-8349.238106581335,31850.91421972466,24717.61040855334,96478.03904616483,174392.16445754818,63042.91873014062,104639.79964059836,-40123.430394941475,53070.9078187466,20860.060849289122,-45099.14168613907,27099.539419008586,29743.87927928752,19658.364380365994,8719.640531068133
443630,104828.30120329068,-27426.378483564993,15405.413117820879,10356.3908880449,77120.36594618703,154907.63050481307,45372.959314882995,85454.59385125391,-51841.087541246045,37655.347732055205,4661.511363119156,-60601.875392609305,21197.03673596684,25629.97276296697,14048.845081026577,-765.1097920424215
443631,124069.63495066318,-8134.974754565355,35986.981992157205,30482.292121635048,97125.104434121,174504.74985114415,65948.47167041528,105362.60019430085,-32396.57981673238,57315.0632026681,24536.77173741045,-39794.979283579094,5730.040437740153,28463.064698178296,-1116.197745825288,17211.33194328301
443632,145265.653631348,15121.546174307869,56839.64848425903,49093.376867991174,120822.61441226014,187927.58845085767,87997.55493933661,128841.43652760939,-16868.362393267205,76914.32929426894,44948.546291721235,-19961.01712573325,8943.150144780047,33327.67704651668,1852.7772990522135,30180.740920573822
443633,127613.29564147683,-2473.0255938810783,37654.10597330309,30085.655835652935,102506.55294229236,180040.00294623867,68918.02645078751,110645.12966613017,-35230.66377371478,58595.44137517885,26454.876133574035,-39404.07924827797,25430.87957756664,30833.08231691573,17997.242426995213,13028.180836364865
443634,104598.6900559749,-27498.12483154955,14952.6007589159,9653.347061647939,76977.83323557273,154768.32386813167,44975.43504438519,85330.38895693986,-52707.641175820856,37215.730776026736,4218.972212700171,-61176.241241626616,23570.232106859643,25767.79499516118,16357.351751262797,-1746.9964772387068
443635,118217.98276478263,-14307.036762850623,29971.476520427288,24780.13170418081,90755.66212881444,168501.87456306448,59709.660867205894,99060.09731879056,-37549.19626320824,51633.09987263228,18662.013903876217,-45707.25959277845,7827.004628575214,27385.85292547684,957.4333010214915,12603.804197951706
443636,144146.8117409689,13677.027866723325,55907.89312477725,48399.9728719843,119362.61298471503,188308.53214198072,86841.67857626166,127422.87841883092,-17162.371485272455,76089.38520421572,43988.66825080961,-20717.719867978598,6910.295061167907,32919.806567788066,-119.37314838836733,30086.769218241003
443637,133697.81969889867,3865.47767126084,43930.512412444165,35963.26708882451,109008.17949717602,186303.50969991548,75311.57874309573,117116.94566868225,-29867.85333677889,64561.30133897272,32538.098579625344,-33227.543970814695,23234.058778885104,31977.175824435784,15812.014191475439,17791.027317394153
443638,106917.80756840632,-24876.016132580553,17086.15037690581,11393.021508441,79601.96463089061,157059.44719104096,47282.139894363274,87951.09383254216,-51383.63062808139,39214.22657347899,6320.818030903916,-59219.948893269124,25222.42998495161,26383.86406607074,17939.796023067418,-773.0744614273574
443639,113009.21111176387,-19758.19895470089,24575.932238012287,19641.784831980916,85127.36301186503,162866.17105485918,54155.46523428282,93486.76453356739,-42264.32932296836,46520.76109066613,13417.969854597863,-51043.37941580171,10094.649882465688,26458.96648515586,3197.9715290284266,8375.52174783285
443640,140499.67537634465,9560.231124790424,52383.368989623006,45300.72607674409,115165.98024175805,187330.65048980707,83028.87075119292,123285.22397354976,-19624.614234901856,72797.55073722219,40523.875397115626,-24013.783190578197,5543.1281395142505,32006.944784771826,-1420.7049421390425,28102.948833999926
443641,138231.23323567613,8521.72434183913,48669.96456058069,40470.088983933325,113800.77226656576,188428.22469854564,80101.97167955321,121884.60084591761,-25695.547431384788,69066.57511898664,37132.38367686246,-28525.07750259633,20870.983390600573,32763.332533701876,13484.328866506668,21567.955561607087
443642,111018.9477177435,-20357.93695661393,21026.824824738425,14820.921268679795,84175.47866283689,161417.12957561604,51473.37290776994,92494.88491160958,-48556.256492886656,42913.01443386659,10195.172132226046,-55495.20177398293,26481.550758789363,27346.46893259154,19135.951047980252,1533.9489864004183
443643,110013.0171206659,-22791.768461917098,21382.832728123183,16507.040735601488,81969.94070685246,159338.96940987528,50927.83541992098,90353.34548632054,-45279.55067609475,43469.62738782965,10329.826545062448,-54271.29456596413,12429.589856892857,26016.713718896717,5485.751158636012,5603.079305958296
443644,136059.0502784985,4634.2414120737185,48041.50008484775,41437.25006502916,110134.98527571598,186287.64563365828,78391.16906994217,118310.39792007848,-22785.15417858611,68724.20965232862,36271.97596373342,-28118.121029750593,4525.612697460578,30956.391298622013,-2379.709976485408,25504.169839238763
443645,140471.48078555928,10697.467079393053,51155.175100420965,42960.32338696766,116059.028464859,187291.41633725798,82523.75969273527,124129.7265869638,-23238.894610368545,71442.77085071245,39520.26186215154,-25982.421531405133,18262.22627900643,33035.64483541582,10935.82359773704,23904.34945508247
443646,114852.75365268286,-16137.33194865429,24731.56257870209,18065.30568328218,88447.17437449601,165917.95340768786,55411.57565516862,96726.50634015177,-45857.932466198,46385.288965156025,13836.850164040326,-51983.66319864109,27516.481385050112,28232.89416194862,20114.994524943504,3754.93754172756
443647,108701.87685961748,-23958.232603779114,19837.767133726553,14838.35892109445,80710.84362918054,157814.87032928283,49460.94311323798,89084.65013751887,-47077.99503627781,41958.654293519576,8860.50890991888,-55932.856431790344,15070.427540055976,25948.27608108331,8060.097380391316,3840.377340319126
443648,132612.83865025977,831.7987938272386,44661.98869037219,38414.43408842629,106244.01632008534,183551.86207939015,74793.211153919,114446.87920435617,-25286.607676865468,65535.038822925504,32961.027064367474,-31327.905437345704,3890.3088311203724,30144.070459737814,-2972.429248605712,23437.531123255118
443649,141907.14859129075,11965.009521669997,52890.24674668562,44818.19592692655,117400.30718079649,186121.11234993726,84133.66069144351,125457.57026193183,-21271.869956096085,73109.61327914667,41168.70927397787,-24128.412147780266,15169.921844573219,33098.62502980815,7916.952847808228,25874.98114195324
443650,117711.80852128103,-13020.129693277459,27531.517451418644,20550.153280905186,91606.58934642965,169499.1343091278,58366.38815325315,99852.6483835844,-43749.58267168286,49007.951350321775,16586.518490578655,-49301.86449136587,27976.451967441542,28881.630292309048,20537.133386552414,5540.617773993103
443651,107077.74215673031,-25414.291034681883,17933.31610424826,12794.56644809575,79144.56606888515,156456.90929920875,47653.46935068887,87514.05478038856,-49259.51066063208,40097.583488105796,7051.804623283865,-57959.07805549336,18186.771010927936,25856.925031049166,11100.258989452386,1726.3036937792508
443652,129574.33756197095,-2435.5095127214963,41609.89797885931,35601.5753855552,102879.1624212362,179911.07325592736,71598.28643429029,111109.26845284522,-27722.496078257813,62639.22469207101,29991.83431789902,-34268.84102909604,4158.235761162605,29503.501008000083,-2691.212052205148,21366.8520067691
443653,144093.6997885093,14027.180867696557,55399.1546987241,47403.32198213833,119547.86585802032,186693.9836866347,86539.35779623661,127596.3695080978,-18619.986616165315,75509.7841640391,43576.95692792692,-21501.036989758526,11765.618000869643,33291.39295449395,4596.272994156686,28467.536207264595
443654,121356.99005844409,-9132.747427920154,31232.957509445223,23968.822994289272,95558.29192397418,173553.9366140606,62197.13361433316,103775.28469241265,-40688.03019418148,52500.96289508609,20209.199626250283,-45677.394401701684,27275.899728924946,29608.26868078025,19832.00459521621,8242.1041385067
443655,104717.69903933686,-27636.469145395833,15286.548401084821,10083.670789527292,76769.8648972541,154570.24815118065,45082.549638449906,85149.99383780197,-52001.12037153046,37546.027095715246,4530.4810793472025,-60688.84270708698,21294.442516057617,25593.40791453048,14142.23618534762,-880.8814436947852
443656,124851.81457535276,-7370.235835940473,36766.70315113139,31062.581763499526,97760.6172154092,175041.04915747955,66617.28693050606,106030.41403631508,-31809.400481503235,58045.774556249526,25301.925397910592,-39002.93019031422,5624.860290814924,28597.63105246989,-1230.2359222335062,17762.283211052483
443657,145992.81999400322,15843.196664981158,57565.635882407194,49646.033218431534,121409.99365733826,188426.44703369075,88629.68437035911,129458.12687660828,-16306.530900613976,77591.6418700907,45669.70122403297,-19213.895306101334,8806.872760943013,33451.115715511434,1707.8512636298892,30720.02207278934
443658,127349.54226239142,-2792.9831428389725,37385.63186127798,29736.22061252272,102025.84003435337,179645.42193908396,68531.72836094329,110201.36558194157,-35478.99893218976,58322.53602904819,26210.911869261166,-39625.82947473251,25429.41278379781,30754.696663463175,17991.914166749295,12871.127226092853
443659,103850.90555709953,-28312.679492061394,14196.370700718986,8861.612497912638,75984.06741875777,153948.17760357299,44097.97542836228,84376.01389832381,-53364.804477922604,36472.53771629174,3516.059208000973,-61876.90999370922,23681.68850177706,25593.945662344984,16461.956627802923,-2253.301810147852
443660,118139.39270679238,-14383.306596535032,29882.583467041433,24605.596339257827,90508.52547385122,168316.91047760763,59546.73385176593,98842.29831480114,-37676.770837942764,51513.773941927924,18623.353205527164,-45761.70770305225,7908.646299746452,27351.33196845963,1032.6747522165774,12563.219073180499
443661,144934.25841037146,14538.635778000114,56690.15392231729,49038.824965153355,120068.86944572077,188867.06951771988,87600.14961807788,128147.52984848975,-16576.26655327934,76789.55293557375,44800.241951461096,-19915.90638443429,6860.817120475128,33059.72501463706,-174.91233338910558,30678.11856105773
443662,134352.78474014794,4591.404362528992,44592.6665556787,36511.132937992596,109574.21169440757,186798.9100405161,75954.95529929995,117701.67346883554,-29355.327402900373,65144.30305819091,33231.125315371544,-32526.60591886883,23088.439588128873,32081.49056181586,15665.471839887248,18327.875869786647
443663,106621.19596059754,-25151.600527551487,16796.33249705137,11081.962967477222,79139.53258968644,156740.26933775493,46960.96173068753,87514.58280966214,-51629.662957712564,38901.01508322494,6098.543406649916,-59430.381697430814,25156.342392576586,26294.103009179235,17876.730734047207,-899.194413512658
443664,112234.64277046679,-20518.14032031811,23786.29924204283,18876.92876705307,84160.23678739733,162140.4923491676,53358.100911727575,92547.77410195189,-42929.46650859385,45738.87700041863,12721.47824154761,-51737.51506639802,10203.73917104934,26280.58144272949,3304.6964188076918,7876.682124071365
443665,140371.97946668492,9513.534295629706,52222.46561693147,45115.13247965794,114919.49197414267,187120.14594616473,82923.10440652791,123057.99307401582,-19797.040065275694,72610.60355617513,40440.393454564386,-24097.291436970485,5694.646959053868,31968.484726815444,-1276.1868262830521,28032.03156330737
443666,138969.16091554,9403.561008072154,49380.86145920116,41101.90897882231,114504.61411420457,189049.39802760683,80927.42279545133,122600.80272199301,-25144.5429195191,69706.0399544233,37894.87883394468,-27750.819027380745,20857.677223441307,32897.03495972678,13464.625760282404,22123.612428112912
443667,111653.88363557545,-19592.2525627186,21649.17382514888,15402.63546899788,84764.31347648558,161998.09430997964,52228.801541691944,93097.54637467452,-48026.39066638488,43482.45790559858,10884.726706976875,-54784.798455549455,26294.533993116904,27449.513611289585,18946.79531757077,2070.5713506894213
443668,109710.50768774068,-23023.437571791386,21054.305866233717,16235.697583765774,81533.80077291674,159107.43354699464,50726.836210721885,89937.52593301878,-45492.98514048113,43155.31457307542,10107.004126228476,-54473.563062372246,12296.412583260506,25922.486333824563,5361.478041968751,5493.64867467754
443669,135248.36364940868,3882.6736105072905,47169.57681226113,40662.29583608784,109156.81440469353,185485.4950006057,77664.85567653042,117355.79562533626,-23472.01118451675,67895.13992484452,35517.77447441073,-28857.957468763743,4644.698564264301,30772.779473744496,-2255.69162092872,24972.517142168996
443670,140259.47500130138,10603.416935692669,50861.20288939365,42711.06092124325,115752.18741943431,187060.28518670687,82433.85965776935,123844.84950916158,-23481.089908328606,71164.33494090234,39331.13848735424,-26165.483496413497,18477.081499880904,32991.809029876444,11143.430869122505,23735.219658375405
443671,115612.32838185906,-15197.516453780021,25421.56829479406,18743.762724138687,89201.95732913865,166643.96116311027,56366.26995128293,97499.7370992737,-45261.519555795516,47052.95779403242,14616.618834647008,-51201.14113538491,27484.12090438935,28387.935668262107,20078.317086110113,4298.007845967484
443672,109488.82151055908,-23002.701510064933,20566.948063275122,15585.22058839263,81481.94350838376,158603.5333423803,50466.53677698429,89878.40609750798,-46388.63550605977,42678.22491039708,9682.913200411838,-55104.959951724115,14804.05706217852,26095.165756253315,7798.585651258751,4471.879901490043
443673,132394.2575949938,716.827945411801,44366.834329709636,38225.21049532288,105914.68562830154,183431.16561820084,74745.82909756523,114150.93812646125,-25425.791746760922,65285.320552503326,32776.7668808195,-31504.44165311018,3755.452864183102,30079.502167185346,-3100.727831045873,23351.24522368366
443674,140988.4570484595,11125.715945657035,51862.0440382711,43935.73706097098,116324.87202173859,185231.00015297136,83345.86536433507,124423.61656765483,-22053.95856026643,72164.63380035582,40265.37328935231,-25030.66699053508,15359.916873263002,32904.537814727155,8110.248732019747,25202.06486079699
443675,117426.8795602294,-13164.406037664014,27128.30250088212,20239.830932931363,91240.81417175566,169318.28244788852,58251.233228039186,99527.9513023645,-44036.93561351833,48666.130267360684,16299.654393686149,-49599.68070314849,28201.083445525986,28831.465655374635,20759.204996862976,5254.257092838003
443676,107961.14321393751,-24317.90614132056,18715.843697117612,13601.20759724725,80050.11945801147,157351.30099509252,48776.38891592436,88453.21149668729,-48539.493993343945,40889.3798870556,7921.441898219017,-57103.15001563271,18104.5231722991,26037.00004070808,11018.327365187026,2312.084779357807
443677,130494.16358162576,-1317.2612857578345,42443.0493322797,36482.64788537691,103809.6727419408,180854.92160580642,72764.62505299608,112072.66212962245,-26919.551046353343,63480.13070277359,30898.796246072743,-33360.01466067596,3849.7100272122752,29668.381134369767,-2986.838570186587,22046.377328177008
443678,143800.25783286098,13843.991644258134,55004.1718110943,47155.975685038386,119152.20333722391,186366.47826488665,86428.33067487559,127244.30472151778,-18826.34561047005,75188.26062695737,43277.22678451338,-21786.76582056425,11644.444920258144,33208.22109792772,4487.563395904156,28267.486526191256
443679,120250.25925962767,-10172.338641935257,29998.195568230345,22932.450852911694,94293.65866669954,172644.79373368865,61230.00178168343,102562.1503761429,-41621.123540673485,51388.00192354186,19088.735973909443,-46797.36118535252,27488.297074277187,29385.41324048413,20049.579662734504,7367.769411862746
443680,104396.00239700662,-27831.18880881032,14831.55035092525,9758.674679714008,76377.2439625905,154368.55193624663,44939.81384142991,84802.48534948751,-52317.95879608666,37174.57000171231,4164.697325359525,-61070.99959153234,21526.539777855385,25549.32767288603,14369.122505607926,-1242.781887981783
443681,125840.63906582461,-6183.584914926213,37643.04470657176,31980.905370837907,98790.81077538799,176011.34417367415,67849.52294796857,107091.49651283542,-31014.28181811228,58933.57461537222,26224.94066526726,-38085.3632770582,5544.949847446413,28806.19872016619,-1316.1057423252614,18383.269676460404
443682,146988.81965515742,17009.769036877176,58468.499046301615,50610.08628925824,122430.43977011144,189258.54847720033,89869.07022992012,130505.08934411033,-15451.063919207092,78500.95682059735,46606.33633664578,-18254.66164974855,8491.48518115546,33629.64380948823,1392.7587874505766,31417.016601387375
443683,126998.35692498393,-3070.759997483988,36927.77793273692,29447.211753009076,101575.25558534599,179421.70789030945,68358.7399213395,109788.43387688797,-35723.362357169004,57954.72611946259,25819.949715606057,-39977.569277309165,25294.26442418557,30659.926553136116,17862.774246739973,12595.651314639817
443684,102643.5383484641,-29486.709036878525,12849.607373178289,7735.635460197029,74618.78782087655,152979.3967407396,43019.903227856994,83053.68191419277,-54369.69163221364,35271.45406771332,2256.533659362245,-63101.80459862336,23906.425326463046,25351.37260093664,16691.663249921592,-3222.24147848799
443685,117793.87780932688,-14625.025503060418,29387.760292998068,24252.47398120954,90098.34799705718,168115.97391628852,59357.27597512701,98463.6685462672,-38013.65714457153,51116.70467759638,18189.94712681581,-46169.81388986591,8163.5152282547115,27290.87615838211,1284.3723063828493,12161.797201929718
443686,146047.58312413815,15839.18892118705,57680.77163905657,50067.76894188927,121244.59335399815,189815.35854940873,88935.58589974768,129338.90862768881,-15679.95686674583,77791.65349412037,45806.44621560612,-18877.794811328287,6757.377475151739,33273.443148742575,-284.21972757344747,31366.03307017244
443687,135439.2077011184,5834.355624436147,45576.63019055777,37555.76056767579,110702.11730667413,187885.28711598995,77263.1739978393,118844.14735252492,-28418.318156596004,66148.10164685032,34225.033927161494,-31481.86025871485,22756.790116430042,32272.450402870214,15336.566130598685,19065.919649512325
443688,106172.2752008918,-25555.538425518927,16236.759735355072,10705.11868140814,78587.17499274918,156491.32520286913,46647.9033182103,86989.90670920792,-51943.06335958915,38450.30556504751,5577.220244782881,-59894.05225107144,25026.58704201453,26183.00907061307,17757.264418482995,-1251.5976126776873
443689,110861.78176388085,-21888.920782247835,22282.24078489201,17602.59859711862,82615.37151727824,161058.41829889864,52046.036016923215,91036.80249354418,-44057.169612960875,44386.364664467525,11269.314042653245,-53147.772867145904,10439.164791939538,26004.07501381744,3544.297959257955,6798.5202044902235
443690,140023.7695105868,9255.782293550632,51747.6438177593,44765.9947861997,114512.57134336352,186774.56216499332,82661.2102078246,122673.02804253309,-20125.572605000336,72217.89596344871,39990.228855773836,-24525.350887831402,5958.87502319454,31911.0796703918,-1017.9041081837406,27640.685568354114
443691,140207.7974484415,10826.679565264212,50524.343453992784,42249.57359171,115823.12852231416,190102.42408933086,82319.36333382029,123926.69976460631,-24140.935341224933,70841.11227665392,39020.298912504186,-26600.299424870824,20780.33495080515,33154.026140582515,13378.367007605246,22902.320432188768
443692,112827.62427160404,-18269.000900401785,22757.813132940184,16538.443007833324,85988.56938495836,163230.31299450464,53545.60930248692,94330.87196328401,-47009.52068765735,44585.83174178876,11960.445962656191,-53658.902186244704,25960.7421930733,27675.86352208293,18615.750318601753,2885.0540875674105
443693,109183.82544428723,-23519.98623083288,20464.68340180311,15804.347628245763,80896.8953799657,158821.48144501762,50243.439793507394,89323.84808331903,-45856.94867021745,42644.08059954336,9511.594896462382,-55005.40497853741,12162.922549938949,25802.011843834698,5232.5494120023295,5118.4348016808735
443694,133724.04659569942,2347.3402666326983,45565.055860993074,39263.87049132399,107452.40839271291,184132.0887640957,76109.33939889498,115679.79017322589,-24716.43946276382,66408.76917101638,33931.34086278225,-30397.287116899923,4901.112531132404,30464.69676278659,-1996.570295624368,23821.860136473566
443695,139852.7489899559,10282.118959061636,50373.4479244333,42312.672212384874,115286.1516714877,186676.00142736634,82029.63171596827,123395.74817511062,-23871.302031281688,70724.88683824215,38838.1469285982,-26628.46736824321,18786.80650473927,32926.47126410453,11449.754853221732,23318.424007496815
443696,116913.23129963833,-13713.326617540557,26672.478741733983,19952.193003034226,90588.19758892109,168004.54480556684,57743.01843029912,98889.0877650069,-44229.553589752904,48258.19516786977,15812.6689454769,-49961.55636007122,27426.015699278963,28657.94508891706,20009.464243801893,5138.389061942578
443697,110690.15380618663,-21656.351928512064,21755.968880605033,16764.52620475731,82734.9159991896,159882.56417535985,51739.68481752608,91133.9215926097,-45351.60686405032,43826.418505813,10810.191329879377,-53902.552072918406,14438.0074983312,26317.659232548674,7430.313122984537,5358.724490617342
443698,131765.49401175362,104.77280687533084,43727.36520673543,37725.80856960494,105164.86337908854,183052.8303999527,74096.80595324206,113416.39815208189,-25859.672978283248,64699.239389051225,32121.218161090666,-32074.54496961867,3578.748355818492,29924.815028315174,-3270.789713736588,22979.788727551317
443699,139299.40481616918,9408.923808848427,50129.63660381496,42398.28535059745,114438.19424694168,183727.59253891156,81570.85653615861,122559.41281961513,-23437.160727343144,70537.35738949155,38552.010260445866,-26680.569953107344,15633.785491552204,32559.46097537433,8386.811499116977,23984.822069247184
443700,116985.04056509107,-13533.222046268074,26625.80598285829,19804.332763955907,90730.96269921391,169122.7011366303,57766.198321564836,99027.71035236686,-44492.051519843895,48194.655227374125,15787.710718841896,-50072.31969212498,28569.58254023739,28764.754586912175,21119.9393581661,4827.078927130184
443701,109399.5840654232,-22696.37682189267,20127.747318207457,14939.477442742584,81584.34229318454,158841.7187744866,50264.87425399875,89979.0576255723,-47424.55734930819,42222.478163957734,9270.177248473407,-55709.95727691462,18061.18993081532,26340.246025101686,10960.272726019075,3273.6010384924
443702,131861.91004115116,194.37090572103443,43824.320626300876,37827.63615220311,105241.0219566421,182268.95696303353,74195.83902613506,113495.03870548056,-25744.587101236335,64790.59016205465,32220.84959160654,-31970.33417828929,3444.455469820102,29927.773781198255,-3400.52776168216,23104.437065440026
443703,143168.52043540298,13215.186548034606,54376.53770887505,46656.26873068168,118393.10327256881,185812.0704690548,85771.0784777684,126492.02131145618,-19262.17027863127,74600.90131321336,42646.88429996662,-22341.8421345462,11447.367257394373,33054.87055046644,4294.652258722896,27936.904482937847
443704,118418.77634983417,-12052.804410336803,28122.769012062425,21246.768736656737,92244.90435324161,171201.5512918525,59303.0735993771,100530.13519080766,-43154.32231596911,49620.048158247344,17254.17751311981,-48582.179534894494,27814.313465399264,29017.684406379965,20373.141739417413,6051.193525198879
443705,103881.81764283573,-28280.510049731136,14256.974940509268,9242.79167213007,75788.99415202878,154110.5342442256,44386.20629921969,84219.06928587533,-52868.28589537415,36631.66857040474,3612.9912770569463,-61610.46774199389,21958.1388811385,25475.123570897922,14788.36795118446,-1720.1338237340426
