Tm,Oz,Po7,Po4,Po3,P4,P3,Po8,Pz,Fz,F2,F3,F4,AF3,Cz,AF4,F1
332602,100425.06929533236,23765.086150812214,19407.567928495682,23480.81767319401,181562.41629927023,173383.74908096605,58594.25786081671,109905.67024307161,-29637.466274798448,73528.99213019009,44418.1833517167,-37450.96566933858,5976.008827786711,24418.66779156484,2269.5979860802345,24301.68124373187
332603,111226.07533623365,35476.639260423224,29748.366508255727,31756.876140960623,187135.46526346906,185605.40433791617,70421.06229883863,122230.81464088062,-21068.46421184102,84763.34862380472,55322.736778496845,-26708.589750282834,3972.2903682009774,26805.558224889355,148.05148602425035,32620.97843827093
332604,108466.75738555347,32568.34817527659,25190.650217791415,26341.287574493454,187094.35005399887,182648.30602921502,66598.870450971,119246.89979615512,-25170.13711916627,80719.39179299981,51351.52746813715,-31059.283426030488,12943.934128351415,26897.59893377615,8621.685721694954,28809.149291763504
332605,97696.76807477826,20831.289377251407,14737.289832961998,17863.733179636245,177130.13437117383,170434.63395103568,54744.77673862465,106967.65110054536,-33972.7199747621,69410.37831960214,40384.27326195911,-41924.489463654696,15235.15613665208,24504.355208314835,11025.558773704342,20238.25361408747
332606,99337.96427885661,22444.780799066793,18011.27075363694,22038.878987393397,179813.75710697664,172098.535881508,57259.96397583597,108689.36395709487,-30897.31643758455,72171.39170131655,43112.093208168015,-38849.45875763279,7738.850707602702,24314.549940338788,3937.388837938821,23098.22618743045
332607,110507.08970710309,34530.186687917645,29198.011716527257,31431.626708125797,187656.7346665759,184697.67351079872,69704.96394523486,121403.55667490387,-21488.902246775797,84110.61603903372,54706.94763251103,-27301.189983131244,3480.654717650123,26593.614019056433,-298.0116266189613,32208.392761379724
332608,110131.54518698365,34213.34197768765,27151.5423687074,28237.677322336192,187193.42338926118,184419.18304355902,68581.97974798002,121115.33855279277,-23492.040005276307,82673.90355669882,53268.141537441385,-29105.567825712315,11070.445581335873,27146.452666143632,6826.24901652339,30402.73327781188
332609,98280.41824395073,21341.02889253227,15217.182727203644,18155.814605949003,178033.39938809432,171036.88393731613,55365.53660326717,107652.0480191443,-33566.349028190336,69979.24973312611,40938.591475324836,-41402.72888051579,15477.940302754372,24658.61915024838,11247.630800002888,20648.77218700907
332610,97634.94350846612,20498.7065632815,16093.70820815452,20233.207176506516,177798.86683153594,170135.35398894415,55281.15029596373,106778.52118023102,-32575.285202077564,70217.55703426365,41214.05158380087,-40800.0450208343,9310.555061546343,24043.384558622587,5458.818011934621,21479.08432899073
332611,109199.13718770636,32995.42636616534,27952.865311192178,30430.275878091477,187841.7144995561,183164.12188947827,68288.28282417741,119929.09912179486,-22507.744461673785,82766.60440748342,53404.98379522625,-28585.312252800184,3695.1879106196034,26299.075726446164,-67.50925611354026,31220.692999492217
332612,112149.11876815298,36289.75750206222,29354.69067356587,30244.193602208616,187658.39249580642,186628.13763851064,70912.80365096753,123409.12478343313,-21625.428900755178,84944.44271214321,55481.45330362751,-26866.919007689477,9526.546990557412,27498.102488866636,5321.815548200073,32184.510607261614
332613,99879.31168283691,22985.800188217716,16712.294345219336,19304.326853635837,179930.15250696335,172805.8433272315,57111.73712687236,109497.94849615794,-32301.18931423032,71636.86452409724,42548.109584385864,-39818.84078809886,15377.72961419218,25028.189448554578,11112.612934054505,21892.83614468637
332614,95983.2143584324,18628.12692897234,14320.7205294981,18632.497850186293,176222.30002512495,168234.77728919277,53392.61460401336,104919.82862635145,-34114.54936522819,68377.08535449166,39427.70813613846,-42610.65026287481,10419.126972404923,23738.884127814294,6533.306237669331,19995.61804805029
332615,106808.40278997457,30304.855550964232,25688.74350516001,28627.093470375283,187492.03293313843,180411.82325524252,65684.31924452182,117210.05889073896,-24382.710734537584,80295.61118749192,51011.622757213896,-30941.161843541253,4050.170140497962,25762.431023769677,317.9987912216468,29407.357130570006
332616,113438.82383101466,37595.809974726246,30825.04961649747,31627.27940840409,187787.9966214823,188029.79825591735,72424.0466746458,124870.65902224946,-20384.471010836565,86427.09985043839,56926.73725468942,-25392.944506314525,8276.694230617628,27701.102744551856,4122.561343308191,33373.77594601356
332617,102444.98237807915,25700.50412074857,19096.849640705514,21128.598571159084,182467.38980564283,175683.4425359109,59893.25557037008,112441.22413958727,-30320.887599770245,74266.20020981738,45092.60412546051,-37326.204234543344,15342.46621449789,25642.498634998603,11018.404275826502,23836.921690429783
332618,95344.50015127644,17873.970516516394,13500.71601079614,17773.13996495051,175639.17646061518,167494.16855841439,52606.2842556962,104215.34024801484,-34860.70702712223,67583.64089351245,38647.37134145422,-43434.65789778231,11473.694988635014,23675.097305130446,7543.55570146631,19285.368844963916
332619,103948.7381702156,27110.969126542914,23028.343869949353,26550.64164252382,185367.38875342844,177128.5928466492,62587.55818342591,113946.42323903205,-26588.74240711071,77373.74743525696,48171.612718499644,-33729.58674775447,4347.606422220318,25121.305465028152,662.7273424732455,27259.510559870247
332620,113325.7983173336,37374.5930064924,31056.64783506791,32101.425030333456,187439.83506292378,187738.2624257424,72443.07584813956,124723.24391126401,-20151.839634111308,86523.53852760149,57021.35760039842,-25229.803435206784,6901.964427524332,27567.38800197457,2839.526245186123,33573.68093028088
332621,104993.32341961848,28400.41628336347,21519.61570729351,23013.292056587703,184885.03973589855,178548.2227660889,62675.570681968304,115363.55782656763,-28309.608750958127,76915.98347075199,47654.95357345975,-34816.33060981719,15173.736051132773,26253.21140580356,10803.648665720806,25801.657206110827
332622,95795.04915730972,18317.17668959233,13631.648705359368,17563.75651561214,175812.90325615782,168008.79289691296,52973.987895093844,104772.72526744066,-34818.81230224935,67877.30174447494,38916.28474958065,-43263.02109850745,12803.3093075777,23892.826717871365,8784.34253473474,19350.97963863413
332623,101647.82485688473,24536.26713285034,20823.782326807705,24750.58657215201,183117.126825203,174486.34759955716,60063.45473014792,111332.37873003409,-28436.147986447744,74979.83956912975,45844.06171034662,-36055.35813677942,4949.451462364184,24641.566507983243,1276.9107287697984,25459.143090749374
332624,112311.1789311115,36169.248656047144,30501.995711048578,32000.63192440694,187158.64347601042,186620.233259901,71506.07089193274,123546.5451612254,-20537.546272685548,85735.9707659361,56264.49663820745,-25900.510496485655,5358.974311270456,27204.04053269767,1416.391863341819,33164.76474410283
332625,106906.64723405772,30401.37681895777,23495.13286955942,24691.892666175943,186989.9179263729,180673.93931469292,64823.77947636154,117550.24115007985,-26643.06359565984,79001.02445336498,49677.27541942852,-32794.559077622995,14383.25045413312,26657.74584678264,10006.913259258059,27412.393518761826
332626,96634.80196484091,19189.48117613377,14099.879729497894,17598.91396245922,176224.39477797478,168972.2165175409,53747.98971972848,105790.60164562732,-34497.76036883268,68551.72903925269,39556.37048683854,-42693.15604385169,14168.72657206536,24198.11537544639,10043.696941839566,19708.64866780174
332627,100144.65951270788,22850.2793903522,19202.47745141414,23261.04637950432,181275.50629514083,172767.94265484763,58327.96073053593,109664.54462115682,-29859.719720153957,73295.27693438085,44201.30417997905,-37704.04374984779,6134.516937935172,24394.862447814296,2417.8334945627034,24105.40285607946
332628,111257.06597832218,34933.52250733753,29831.546378330248,31753.889217674085,187334.41041906085,185360.9855233933,70488.0282735571,122366.38066479137,-21050.855076802134,84848.95757102536,55407.827093835745,-26660.44091811069,4110.506902375153,26856.87489432848,274.4407458874965,32663.887491414825
332629,108478.43574800531,32029.38865592101,25298.907486315387,26391.20214614683,187196.72897042928,182392.59517592285,66657.59326912362,119370.07466989811,-25130.542942290682,80804.54854482622,51432.431484942106,-31005.426558828298,12900.892732338627,26926.676233140046,8582.059767005674,28872.052732787874
332630,97366.98058094757,19944.83072488386,14551.68002204782,17716.06446369378,176810.31394562812,169802.58527613222,54438.99113428802,106703.58801317663,-34172.3013227206,69156.80273995094,40134.61877735074,-42182.796924722235,15117.105984602804,24442.446823803257,10923.407309616905,20070.022562777427
332631,98846.9772716111,21409.61505503949,17655.31143203949,21740.69626286977,179412.1575993006,171299.66779953247,56766.63675469893,108245.08289182477,-31236.740507278664,71740.70546390375,42688.037189739625,-39274.873060064216,7730.35736754761,24224.505505543948,3943.5123559911463,22796.941951415913
332632,110281.21250279051,33811.69201143205,29050.276103042328,31259.730940113335,187672.5067051514,184216.53521673614,69479.50166086513,121269.97972756541,-21659.706236925842,83926.69707282183,54520.666187965035,-27500.594314264334,3610.294940174806,26579.57012911181,-173.37856188354726,32077.8839976623
332633,110234.26984471169,33877.78425004387,27295.159027330563,28287.09331195543,187372.072605582,184322.87844501698,68703.26377377704,121353.53666234322,-23421.315197390522,82817.80865221641,53399.52651279715,-28997.207354607857,11213.521142348509,27209.594717305845,6950.9437986470875,30510.540021601024
332634,98293.73915903852,20924.97811558372,15301.370159245487,18191.04797483176,177998.16545713192,170846.29405855504,55394.29300883794,107766.07423505597,-33537.56442874402,70048.31404868064,40997.95016556948,-41352.45782329985,15506.747338898938,24691.862968684523,11270.359501683293,20715.428267799667
332635,97308.17982158261,19725.211356352036,15889.870488786904,20077.279738014564,177519.7873234767,169563.4019131625,54948.32666875695,106474.57222181343,-32785.19345208864,69948.13453949394,40945.19548211257,-41058.01180307832,9224.672107521428,23987.394064636013,5385.599270901145,21310.324137789972
332636,108768.12967889645,32126.746791890462,27642.253607224848,30181.678576161503,187682.07142008183,182483.37446368742,67836.03602432291,119481.91878067535,-22806.73985222001,82378.94641034919,53021.23332915691,-28959.19441886745,3658.01996420507,26224.76710861837,-90.34507629737595,30966.245661473866
332637,111977.19194040998,35723.595765979764,29249.92097714348,30119.914614049492,187671.48686955904,186252.25552219184,70723.69994066139,123238.33756634363,-21764.013876424684,84797.03813172606,55328.7650961623,-27027.247593467477,9648.924510571756,27500.64498906079,5439.801093137683,32088.09708628985
332638,99936.28027608404,22682.852862113148,16806.713360394024,19327.630235495366,179981.2192794106,172696.3921735267,57161.86261192999,109563.52889751602,-32280.21798598338,71712.12110799129,42610.31192186366,-39768.69961529527,15543.333561829864,25086.77616027899,11258.637609166504,21950.08800800371
332639,95966.9504424688,18254.347624642218,14377.060671421277,18660.00376468871,176195.70242445788,168044.71664551884,53371.802739141385,104869.6209115759,-34115.1973330783,68394.89408701917,39433.62931913111,-42596.68104275683,10435.972126439425,23768.079482637186,6545.962042654545,20028.501245298718
332640,106542.5961029079,29669.546896664844,25543.59062292652,28525.36636191373,187388.9735328679,179943.0094110226,65402.3342085742,116846.6009716976,-24539.145739676016,80076.87324637044,50788.46341767144,-31141.494730895036,3940.9797746817594,25721.677720515872,218.388374254754,29284.31991063462
332641,113084.02432857969,36878.47146670553,30581.461090235876,31424.868853159773,187643.58198724416,187466.5396336756,72034.66424499458,124384.86025541162,-20622.605308001774,86105.12499984502,56605.234731708704,-25699.136524196252,8242.685773482928,27646.075166096107,4100.343987159828,33171.188319857
332642,102299.61374627543,25225.410863222525,19005.680263034537,21011.54397764245,182410.17124969035,175364.7221138638,59710.14472046661,112176.38363206954,-30437.734926327194,74132.06000825661,44954.83019651093,-37459.27619763694,15443.961697346731,25645.17450659631,11114.864321671343,23754.98724438787
332643,95458.75320523193,17695.37792905704,13634.727329221681,17823.37583288648,175756.87096972956,167475.39973795644,52695.61419092994,104227.59225530477,-34793.181946546276,67700.13608144701,38753.16957199288,-43322.98060651278,11592.34027969106,23736.880794928344,7643.1828765244045,19385.80823516123
332644,104028.6137628414,26908.034286664773,23152.315997733298,26613.217230226808,185439.6688314248,177075.26510486874,62646.150479780736,113901.0616655564,-26523.483550910612,77463.08195791602,48253.827468808966,-33633.64477003676,4351.181003323365,25163.984059750146,659.9392809307667,27353.54709380856
332645,113166.72604992588,36926.610497944486,30975.190805084472,32023.36866873847,187347.48174559156,187522.7969999046,72250.67441584662,124391.49573144107,-20243.199549337107,86381.34051727151,56883.51483223822,-25350.84489776221,6803.41561146197,27544.272541566424,2745.6435318307367,33507.37114583518
332646,104775.73669756434,27901.771556428983,21357.00702886859,22867.05592874074,184774.70664503908,178168.76405975985,62407.01802524993,114953.79848821352,-28469.977309183003,76695.49214500445,47441.29067904719,-35009.17444608982,15122.452888058608,26214.22879138116,10749.503880200948,25666.01498052739
332647,95781.50319259666,18055.627210338185,13614.790124916102,17497.58409776127,175850.0618928591,167867.95119818626,52905.58261655037,104587.04419838189,-34872.97438440185,67832.10112697537,38873.34875930132,-43280.57535102022,12886.387968744719,23912.73742212844,8863.103452091113,19329.32202120874
332648,101835.53261212361,24507.211793521044,20981.936539344802,24807.7096701789,183274.65791507662,174581.26123141887,60206.38096595682,111369.69273825316,-28351.059013011232,75127.9188856289,45989.53355228756,-35888.44616041398,5067.763779614355,24710.981089241337,1381.4313390254479,25575.41223388588
332649,112471.03501149628,36118.97781361976,30662.322476255926,32089.58885324229,187229.01858230768,186688.58402798692,71632.42728670847,123547.12300303091,-20442.872438103397,85869.8406197437,56399.28917384488,-25754.808501141826,5352.783580645338,27257.187702173687,1404.4717130305635,33280.2288100244
332650,106928.1729170355,30202.24197617937,23541.43306709817,24716.31011429559,187024.33263518626,180585.44166168163,64803.73706985745,117382.01893470048,-26637.494704161425,78993.87814014048,49681.342121619746,-32784.57991053918,14257.191623487808,26662.780199007386,9887.721395305873,27432.806407171425
332651,96599.67908533193,18931.25976894505,14057.806712757398,17530.55636383941,176223.4651362085,168822.47891013446,53647.64757934475,105542.35853301651,-34561.578859776426,68460.96715779699,39482.0443946049,-42764.516031541876,14132.815440432452,24193.345232966836,10010.216593424546,19662.381082270298
332652,100234.55102076872,22739.36174042989,19237.92948829076,23215.62101898322,181348.08853021066,172772.57145013235,58347.00670319594,109548.13720118943,-29862.258669986586,73307.23738202904,44227.167640494525,-37686.59992965583,6246.23511648812,24427.999035677403,2519.180701766886,24113.653498007472
332653,111542.475246582,35046.0601071162,30046.86939927225,31842.659934479474,187451.59453265122,185597.53553552617,70717.70982338613,122460.94573667826,-20899.266605197852,85059.05403648716,55625.08364823824,-26459.005869262877,4210.767351675095,26927.33025311096,364.6082511201033,32809.98160681043
332654,108793.35307886715,32178.124641661307,25563.32831383842,26546.102547537073,187260.483239285,182666.3647620039,66927.28965812536,119482.84112272435,-24931.686146888595,81055.43854576556,51688.66699640457,-30757.554079546717,12890.756836528024,26994.271246374818,8566.211872481279,29053.772720039247
332655,97452.12023842007,19845.838003352903,14612.363582791462,17720.621948955115,176845.68300058442,169820.02952731506,54463.14642311105,106542.98724259813,-34148.624384306306,69171.20589678478,40159.9459765034,-42152.71707636867,15058.827137166183,24451.77058371903,10869.173502479503,20081.11249730173
332656,98795.86659073501,21166.551423761095,17580.251394531537,21631.347777777395,179342.2955545165,171168.05719485314,56636.692745620356,107921.00860073525,-31337.271144150694,71602.89454380871,42562.001015918926,-39393.75246477395,7705.397815558745,24201.639841350454,3927.9762858022295,22683.78771658369
332657,110381.06937931562,33739.68053351046,29100.649640435357,31232.098329148794,187678.55481163075,184264.0649343917,69505.89360286514,121113.17807463642,-21660.295772707275,83930.9573926479,54525.9699187402,-27494.665631041124,3646.1604965724187,26591.62895330836,-137.15304065486143,32049.595905642334
332658,110559.76560491713,34056.23771644848,27554.079855012293,28414.53926362571,187476.38173088362,184634.06728959217,68973.92364438059,121457.10530808583,-23251.493415569807,83046.93973152472,53616.83381287893,-28782.062010506124,11251.771800223802,27272.742312182116,6981.765845356783,30637.319162513082
332659,98584.92651501289,21067.844257530913,15538.464147125345,18312.132536202145,178171.15990145353,171123.2327297543,55632.87603682812,107841.5217531459,-33387.4804856667,70241.23001091008,41177.874401622044,-41168.503213048636,15497.28511595191,24740.641744980683,11250.04932713388,20826.032942559577
332660,97383.7308829031,19635.761064862196,15940.37696866214,20068.551134359095,177524.7577400531,169598.14969033288,54957.41905985483,106316.60759433721,-32787.179191804695,69928.61183310035,40917.353523951846,-41074.2910675806,9156.484023912657,23977.696223183593,5309.570085207585,21275.38396643469
332661,108775.12063965695,31966.6234984588,27622.340554197177,30115.14162675235,187587.81621663144,182443.79242729687,67766.49267707155,119259.53665520447,-22866.29345283599,82283.04153755847,52915.2517016285,-29052.675506012987,3619.1986419894597,26199.07200064713,-133.18651493298114,30866.827534251068
332662,112168.75860944914,35770.96224502986,29377.137343426635,30152.39628719465,187675.421962897,186428.7789619986,70843.73070785076,123240.94330303381,-21701.743545398844,84873.76455097862,55386.4570257016,-26964.020395222276,9668.60635028307,27520.26328222033,5455.44049773906,32101.630469762247
332663,100307.25345571498,22931.744003674852,17085.148984618572,19462.143620975887,180227.70933663865,173084.23523661078,57470.50320189045,109788.20383897901,-32095.389140873805,71960.6252058841,42831.63506389714,-39545.45101981347,15595.687237721777,25151.290156828785,11304.365833412994,22089.504006866493
332664,96255.80808417546,18418.440169977734,14589.692209185681,18752.624730978314,176354.41889392608,168343.66205075767,53599.582178302306,105018.73723119272,-33986.27206209537,68565.85313509297,39580.3195134964,-42445.81219262968,10444.3893453495,23809.219726127965,6542.76379333034,20116.147718406453
332665,106627.36728316669,29613.51647177688,25582.846478910487,28506.86847170481,187333.03853769012,180012.07314583738,65418.3452524231,116775.76058781626,-24549.456491283778,80049.42027102265,50744.72880325105,-31175.7894210784,3873.5614988320954,25705.427514348463,148.00131432081037,29229.788535184493
332666,113175.63134017253,36832.692389255426,30623.765328489848,31416.149714392526,187558.78445263475,187546.08059415454,72058.10232689633,124329.85034739139,-20632.481213790335,86076.80571661168,56564.624977998224,-25735.726976187078,8168.665572740423,27626.646614507757,4023.9676462639272,33108.09463294789
332667,102549.22290802664,25358.888256280497,19167.3661864893,21064.19036431618,182601.83066286304,175631.72970929067,59893.92041013257,112312.0643983854,-30356.327919313007,74245.34510500898,45054.88950779452,-37370.92397797136,15487.463258304993,25669.967511695846,11144.204606208767,23784.36155586419
332668,95770.85444598556,17900.842194795565,13844.203477406987,17898.44847750657,175967.58616590977,167817.03146875146,52942.60124271894,104431.49882105776,-34675.77882143191,67870.44353771192,38913.74985406753,-43183.48638235711,11694.68757121445,23784.862103024803,7730.959229180409,19455.83324052737
332669,104259.6970145649,27022.297460866495,23310.256777626768,26672.711966167917,185601.17827922467,177320.19832900254,62814.011119959854,113980.59069700434,-26447.536120147328,77561.24523557702,48349.041398274465,-33557.009013626695,4361.3173269082745,25187.68755062689,663.2715345405277,27379.754047172526
332670,113301.15323551421,36933.576938753526,31076.078813850683,32069.00954020347,187298.6375361649,187541.3333958431,72324.8440823798,124322.32038168772,-20219.389738660033,86394.12371658627,56898.683950551575,-25349.1384233713,6706.981130135976,27537.003324980447,2651.3547707494313,33476.301177777816
332671,104888.94512466625,27889.230681304463,21439.870136123307,22887.358129197695,184949.12752976402,178284.0586273271,62456.93922522417,114830.13267761463,-28472.445302285912,76681.4797533841,47433.82783883875,-35033.402571741244,15081.790891895584,26209.511796024795,10709.54307354641,25611.37265328139
332672,95952.1971371515,18110.099763361744,13733.571712768891,17510.343506251265,176067.11905864463,168053.8169982736,53010.769631209136,104502.21008916569,-34856.28747289838,67864.09195537944,38910.877487934165,-43267.14400006891,12973.156436540605,23934.089467313876,8931.763568931046,19299.509145470005
332673,102065.44730280324,24625.966697303364,21154.18983607033,24857.747371171026,183519.0155559443,174830.96191747993,60374.05966949082,111319.45581464481,-28294.513234303107,75217.27829042247,46083.258909393626,-35819.688321479756,5160.553668552109,24747.946180448056,1457.7174119501158,25584.431352037223
332674,112675.04005313743,36209.391309929655,30835.635233191224,32161.753422358575,187274.01701971295,186905.26815694617,71781.28652462942,123434.34038202108,-20383.240170744604,85948.09627926584,56480.902916219755,-25688.05344249474,5331.292865104092,27279.63167961887,1380.413535039573,33282.768199907296
332675,106997.17458679606,30151.77338327388,23614.403345864343,24716.196281169112,187188.8814223233,180652.2795197814,64819.435223150926,117089.42697903179,-26664.89136259629,78951.53875729322,49642.55046421114,-32828.59286346346,14211.427558161775,26655.808981933696,9839.31572373959,27344.79073300622
332676,96559.60105958636,18770.744098912623,14033.407907720743,17443.787519581063,176317.86074658457,168769.64277113578,53550.7878691932,105104.54155114149,-34675.18127237323,68313.28835631092,39339.80841479366,-42911.6405595816,14155.443395832399,24168.87681593883,10024.761771534815,19494.366419823582
332677,100263.1993539612,22658.03235516968,19269.865399745253,23160.14520263911,181499.5626055773,172793.62825160677,58320.30155214953,109160.95285085448,-29928.60304273076,73226.98804724413,44149.94621678519,-37773.79769161859,6323.5220644423425,24426.88683488996,2582.548847990256,23996.691950632583
332678,111667.87695226946,35072.74949876008,30171.026940351374,31862.03233900874,187517.19885958137,185724.23343573906,70797.207286585,122156.5772757466,-20886.64849458862,85081.77718711548,55650.564922873644,-26448.85322027395,4292.205905956412,26953.46799527381,423.7856911068027,32768.48998855417
332679,108866.92667931206,32152.29212554972,25657.700883548016,26558.201088185924,187300.99783903206,182733.85426247187,66960.53633489167,119097.86501753333,-24936.280012536783,81043.0246261531,51683.23618560303,-30776.14393118204,12905.77147092265,27004.535992585334,8564.754120643796,28992.840726000402
332680,97411.39015873574,19698.383235589758,14619.65682260634,17677.456653682486,176969.2173662773,169757.27488216147,54382.06284713918,106004.79743682856,-34215.560777095016,69063.07290126765,40063.00851716504,-42255.97623965678,15014.416686640536,24436.182150705223,10821.873064825975,19961.52932764232
332681,98712.87212610485,20977.184219635077,17543.057949946,21547.08713372302,179459.37798303657,171056.59308316128,56509.644420022334,107309.33251418578,-31436.901346625615,71456.34267545887,42430.0849575708,-39534.98007198052,7707.446574236223,24183.39201236493,3921.3136612323337,22537.461521255587
332682,110359.40824391007,33622.78511809005,29106.60575091176,31162.278324274423,187677.3568562623,184223.53722936154,69439.87797464093,120535.39495087178,-21723.869638419834,83846.37334752895,54458.641170387695,-27583.329902881404,3727.765165570432,26600.00036128037,-66.9810377451047,31937.366043084632
332683,110607.40622025244,34021.16007539672,27636.090537548087,28395.694319053764,187533.64068933006,184674.010758709,68986.86856664272,120851.05850457022,-23256.337218287925,83045.81243405156,53635.042250311686,-28794.52031781095,11331.95426358653,27302.28820537193,7050.409853519751,30578.600530112017
332684,98599.96830497732,20998.014621343187,15624.394867188186,18305.73559284165,178545.5573580761,171124.79482913297,55619.47259373687,107037.93009305342,-33399.58235351264,70224.505061088,41184.63925989327,-41191.504697725984,15501.826589868222,24760.72483667862,11250.553712120629,20764.584277317925
332685,97276.21499925865,19432.314444796302,15937.74551136905,20000.35809343869,177900.90603162552,169458.99382905912,54819.36637301683,105230.4872772699,-32877.97287174878,69803.71094028842,40822.1372765952,-41195.64857244875,9124.33945033205,23970.159240580047,5285.829530614501,21143.37797036406
332686,108608.63925128987,31700.59608707561,27573.426992047953,30000.49959147383,187534.40571484668,182237.9994518648,67567.23113306958,117990.64101818268,-23002.626120770383,82105.7932787535,52772.672985576835,-29226.87162128702,3617.0868256653216,26180.118150339564,-131.42211531208036,30693.14744551825
332687,112115.97842695501,35630.492473441846,29436.090610899962,30104.78135705787,187672.37681982724,186352.9265754308,70765.73935823198,122011.29549579223,-21758.04992670958,84813.98450073431,55361.08085530356,-27034.162919495662,9710.812272618794,27529.836289008545,5495.894254455736,32005.487607318275
332688,100345.98155413897,22893.14642427935,17233.90555561902,19476.396936294346,180834.31555363708,173114.74370062986,57492.7436453516,108587.31596892618,-32082.52705278034,71998.9516331213,42904.902458014614,-39526.65360129849,15656.34414154242,25184.600247335056,11359.727754271531,22064.75184875578
332689,96230.56174360651,18308.099372671677,14696.938321561654,18734.895381259827,176916.24333420186,168300.12440812332,53558.08940059785,103672.28765587865,-34013.59606700764,68550.27040514977,39602.129566337346,-42478.20627541779,10471.293043040632,23827.53447054473,6578.943916410419,20058.57535391689
332690,106492.23986901682,29381.90666639047,25609.478308271042,28425.852003473003,187308.08287668892,179840.1288259938,65266.88760486062,115241.36437625981,-24648.414256310254,79935.02690901473,50670.35069247931,-31296.985350884148,3846.7481788097207,25695.839532887338,136.5027806123053,29106.380419749526
332691,113062.6568832982,36627.55362912535,30675.888566420435,31351.045218556086,187510.4214269801,187399.2324514699,71933.59416263904,122777.10220290038,-20760.35385585346,85990.39667956592,56516.0355952052,-25760.26591281214,8126.091230048283,27620.94488987116,3994.1934326119344,33004.51614295155
332692,102539.97994645638,25269.41049088314,19299.810063748846,21042.196115813065,183207.55519218298,175604.18903933544,59875.2951525345,110845.87839833304,-30512.196162301785,74250.29448053325,45095.869953896974,-37171.141992232064,15514.445038770853,25695.394444785023,11178.516229466968,23751.505738281157
332693,95800.45171444936,17854.933819050202,14000.940955832248,17893.528173816085,176560.5537360144,167834.10182407842,52961.538327097,102989.37107007514,-34874.19530796563,67905.60731272935,38982.53794067341,-42848.61954429618,11745.597115236615,23816.48897815992,7785.214276764646,19454.00305864531
332694,104246.86758799723,26932.356618803293,23435.2406631202,26653.746945313444,186138.80537131737,177292.11280694627,62794.07929235104,112495.03925052099,-26696.572378339617,77561.2306410677,48381.90924187059,-33182.2089389586,4362.228017660511,25201.848156850174,671.4036080518397,27368.010266340163
332695,113238.60912554672,36790.46174143713,31164.774964204695,32023.304397581756,187277.9275601575,187498.3271897132,72259.71145322261,122796.01810410802,-20507.80485841437,86351.22593918117,56887.49275637254,-24969.959416597812,6641.400823627228,27529.213442858578,2601.106891339407,33440.51531973368
332696,104834.71488856724,27755.989054767128,21516.401461563728,22826.592792031253,185429.03103067772,178208.22229650762,62397.43553586758,113328.53698400498,-28774.17847941708,76642.46154021978,47423.18787448904,-34621.08946230453,15048.25435801226,26202.31764033933,10687.561786463993,25582.792166383984
332697,95944.51698980517,18030.23149386623,13822.835116082522,17458.150110116258,176538.12165750284,168033.65264544968,52991.24927660059,103065.62335566098,-35150.92520263443,67861.39848762087,38934.064128221245,-42797.0914057618,12996.499015302183,23939.780582129744,8964.73014188491,19304.169908722615
332698,102118.09198316005,24618.544773641293,21294.659533296788,24847.946288326766,184025.38417602892,174886.26466733764,60421.23043685107,109965.16700504132,-28546.655205380208,75280.21182671755,46169.48867965814,-35273.27970334508,5184.918168603998,24769.047752153445,1492.6634853897094,25643.838798425437
332699,112716.33837376039,36194.8502625951,30972.63746977159,32163.09665294632,187308.4393749693,186951.10259824517,71823.48280964905,122082.5720014806,-20633.64895707793,86008.45006841392,56565.42784735653,-25137.840919381426,5321.089238621883,27293.527545497655,1374.649687794205,33345.400429147914
332700,106969.12293940452,30063.363755804217,23683.76160507957,24682.147505605564,187303.9764707883,180620.72606237693,64789.57027928106,115671.03391946867,-26964.661864381524,78947.32219425814,49664.64310575078,-32328.950939107042,14165.760378262501,26648.5978089938,9808.211156690892,27368.958907961955
332701,96509.36889529545,18658.278890276255,14068.127832888564,17381.77935900471,176711.3616900837,168714.70751281938,53493.51180832702,103665.58650690352,-35006.29346973002,68281.33526727112,39333.423809183725,-42424.78650734371,14120.290182204095,24156.832026356427,10010.81970203049,19506.296857418645
332702,100256.66691605079,22596.867045996467,19328.940333845425,23106.132185098737,181911.21271918248,172794.05411007584,58306.68453763745,107777.94171589414,-30239.51697679262,73233.86042263694,44179.91897956527,-37244.98216595496,6333.18409627945,24428.32231740294,2609.541184816603,24033.721664726978
332703,111733.322349025,35093.89687348427,30294.836468164598,31855.829060663636,187557.4285160947,185810.8678435728,70864.08008620748,120866.42874214133,-21140.532563738743,85162.50375341374,55746.30678709939,-25853.27015812507,4288.398478331686,26967.503902089647,434.0501166747383,32855.96620952437
332704,108970.74492625444,32216.356265012815,25822.156760212318,26594.529456162458,187333.54683805694,182863.63976446667,67074.87627389473,117862.14980176737,-25152.631991755967,81170.3979899877,51817.25383042861,-30135.319027291273,12849.436964815592,27018.489337789724,8523.712144685134,29117.271059033374
332705,97421.98855862909,19657.960610446054,14689.784487146542,17644.876105367883,177383.60215567367,169780.0526178949,54394.30847825654,104669.387073379,-34514.119633393,69092.00142346355,40098.02351273429,-41703.223568177105,14975.97397409871,24424.436679184786,10794.031719167822,20021.60866679928
332706,98625.41618005803,20795.662158975534,17514.911239007874,21460.76974545561,179766.90609513866,170968.6873032762,56413.13900551159,105870.12153147657,-31823.791562388124,71378.2216501612,42358.4569301275,-39084.201773296336,7705.910532189153,24150.650809876915,3930.8646183613573,22522.179463408178
332707,110311.30866919686,33373.11068736343,29115.62137250216,31182.03139336563,187670.6337067234,184176.78442908276,69390.06659223919,119169.50113115994,-22077.410195157972,83811.07288979852,54424.55320691214,-27100.305055436012,3713.7566582781656,26576.855888180664,-73.58929330293111,31956.62624347606
332708,110695.58314166678,33793.810383757824,27767.90118785912,28584.01441228175,187571.46179678448,184773.1150959584,69088.57907954349,119744.80579478455,-23502.382485509163,83149.64799868464,53733.3077596551,-28187.519961294183,11290.610681662874,27307.19890180634,7017.090949593111,30701.68029569259
332709,98663.92407531678,20631.362586488227,15716.852887937153,18506.733856862917,178808.30939800417,171188.25452378287,55695.58349119244,106052.99013170553,-33663.51666839435,70302.32813889228,41256.78808364624,-40607.891873463006,15479.845532684467,24759.953882048903,11243.13278839012,20874.72328755943
332710,97222.67163044462,18837.255083897686,15913.752315909966,20139.042005401367,177985.5842796656,169382.17633617425,54770.981435081565,104234.08808746668,-33228.79784600063,69760.60133034739,40783.2126137173,-40721.81049677417,9104.44929521768,23941.811429554626,5271.512568465653,21172.724226253747
332711,108507.4198352755,30965.757327532614,27497.543931636283,30114.129770774238,187494.89616954466,182101.31510992226,67469.74461648546,117041.35492518397,-23383.715780648425,82013.6710671169,52705.20327814141,-28801.465854009493,3590.8055223092533,26142.73786267148,-153.06507283021344,30692.714887863534
332712,112078.71434681649,34885.1349116174,29411.26385797686,30263.70883903761,187666.2948509741,186282.89296654594,70740.09122481028,121219.42344930067,-22088.500530038473,84787.24566160202,55384.07777612473,-26551.917140580397,9676.7427478575,27507.76155801377,5466.6935070660475,32051.024013051872
332713,100362.44844768298,22129.589295824022,17248.03558216223,19668.404072478304,180911.42070642317,173094.73091943952,57523.00924148696,107913.41665164518,-32377.08682025837,72024.36346354737,43021.43106743371,-38990.541613035704,15654.189924115231,25173.271622228247,11360.184828862086,22149.199093131887
332714,96208.49656927251,17436.125919169208,14675.514170188902,18918.9967121651,176969.0499936219,168227.4418450753,53549.41683137101,102988.91751077163,-34336.072915724944,68536.94748273304,39722.63279298751,-41970.616821188305,10453.803821347465,23800.740197811745,6556.600213045039,20122.73825896643
332715,106387.22078120914,28356.700145078667,25517.491050419434,28578.11892075614,187291.27350650408,179667.84476323554,65175.28647925675,114485.59554745538,-25024.440955499733,79841.83304767447,50744.28429874382,-30870.11392499796,3803.0694971831167,25649.26403210269,94.42080300988513,29116.48370780172
332716,112903.4813093246,35481.540910728094,30533.714124902952,31473.7460922036,187473.98010620312,187163.15142559278,71788.17254584594,121967.20465098455,-21124.41735261556,85850.1035960873,56563.105928892415,-25459.32732572137,8092.80257772189,27565.741851354098,3961.6345379673485,32972.32752524379
332717,102416.69740852647,24101.222359980304,19185.375742162243,21184.658448515584,183270.32198944665,175405.97116043622,59767.95775178209,110053.42612906797,-30760.081259288214,74152.9228563411,45199.12370162811,-36971.34057790425,15510.717153641079,25653.05465633019,11171.478039260806,23739.010733417814
332718,95712.55909440675,16672.483347259644,13920.964934886075,18052.71656343095,176702.65420398736,167674.0999551756,52896.07826759987,102190.81872620339,-35032.612099451486,67854.12451047436,39145.55969169794,-42709.82445310746,11766.49419933549,23791.00700946781,7802.0286670986015,19469.878802783365
332719,104109.48988602147,25649.377401421745,23325.188666166145,26796.700906058555,186285.45977027545,177069.7540682052,62682.83403552142,111588.22689569792,-26850.4118816576,77473.87381667556,48529.72862566632,-33150.26465051848,4356.711694562897,25167.2060338078,661.3313886822547,27354.321113586033
332720,113045.0203449916,35401.54806393588,31017.10618984275,32156.30535173397,187262.5410811759,187277.98182285856,72094.75815167929,121782.52299645497,-20670.969320349435,86221.56241815591,57019.952986250886,-25027.48700252585,6604.326362878078,27481.477966027982,2556.5365457616185,33395.03758634924
332721,104641.87912162647,26326.655339055047,21372.093672091432,22960.82422099526,185608.6235917069,177913.79343154212,62235.41803491705,112276.51495270716,-28921.53962330332,76517.06034890076,47584.7234321873,-34708.25821795398,15015.272841787053,26155.573951752714,10655.024128353312,25532.230681603072
332722,95777.66930937473,16591.7027049982,13700.40289512864,17589.761992931155,176764.52797270613,167766.81276992377,52856.594850256435,101987.17303675234,-35276.564412785534,67760.72375295706,39140.60364196602,-42886.935931849504,13006.724838190343,23903.449905628408,8968.213122474706,19262.808207472903
332723,101961.52631258513,23157.56459801211,21185.530438416605,24978.406976528353,184297.36895825394,174624.42957455266,60298.459636718304,108826.68158850977,-28655.892741117044,75195.09839809823,46407.0929844499,-35367.869808132644,5208.742979304581,24738.949986446907,1510.4803969679492,25613.169095557907
332724,112566.97938838773,34707.79581084262,30886.583443882002,32318.479154335444,187332.1085076181,186686.1995616012,71714.78326238177,120887.87991916857,-20717.653036041338,85939.92691849897,56830.297266105765,-25229.77798909772,5278.683700222184,27260.740786347684,1335.2815569245447,33333.11770352775
332725,106829.30223526272,28550.23798351347,23615.891404859594,24854.37575007455,187288.9375387844,180356.28145159665,64693.95235983965,114433.74263753473,-27028.684533738993,78892.47630059966,49954.805869106865,-32420.164626410387,14101.997278243325,26616.65038482128,9737.947049697448,27364.53704096037
332726,96334.85957801691,17075.29442384321,13958.253437507607,17509.486242598432,177042.21337500412,168406.90591771237,53356.07236736209,102341.89094716526,-35100.94622195799,68186.06682068904,39597.32477817236,-42565.89725877038,14108.350457688062,24117.26950658865,9988.763043377145,19462.962445900943
332727,100088.7647650578,20994.634794248825,19218.033775475382,23222.693092244106,182249.76315887005,172490.0315397198,58174.005360318246,106421.92624214245,-30337.18208222415,73138.99145557432,44455.57027364467,-37394.4310159959,6361.5648057169565,24395.862563880466,2625.069168731691,23987.646785738172
332728,111597.21474965104,33501.95922244948,30215.47049665818,31996.991535147034,187586.1614038371,185536.0513349763,70770.72026575051,119517.93181543365,-21208.241874735377,85106.63095600689,56069.45990542632,-25971.621550660308,4302.64542480798,26945.197150518194,437.8341556417822,32838.83949762763
332729,108844.91690273467,30609.759239236486,25756.194320508464,26755.2405904596,187354.00235001952,182592.48148470095,66997.40714392497,116500.29550363068,-25201.868299136324,81129.78273851326,52166.294972775446,-30246.285556996583,12832.577762316283,26997.392545115243,8499.597038135547,29109.249519649995
332730,97267.9264415681,17996.97614344056,14593.961961124647,17787.62818181234,177731.20971572996,169470.1629210596,54286.01114525502,103248.35527491692,-34567.817773681396,69023.92388133486,40432.648725816136,-41853.71749822193,14947.454537882237,24394.555346790483,10761.75427958072,19992.20667719279
332731,98467.12991101865,19144.160265998966,17408.890297022186,21564.950197446306,180108.9325313439,170650.79605513447,56299.22003796089,104421.75979793804,-31877.338117004445,71299.9780426674,42694.20792212511,-39256.44144517922,7688.881047410969,24121.664579968277,3906.8109248226365,22482.227404014327
332732,110198.75379085793,31865.886119157527,29040.618007634763,31227.061876646003,187669.6074488925,183912.2220115819,69322.17305205266,117758.95746339165,-22097.13341372602,83773.53705214575,54806.087721859534,-27241.513311688876,3727.490105165196,26560.341649533486,-62.699525947653925,31944.00153555425
332733,110629.33965184426,32443.998101164347,27729.95143044906,28590.359550645528,187597.63558950418,184562.4447332984,69068.40160363933,118375.36793915331,-23482.190128739563,83161.654025033,54169.65913503354,-28283.31379407238,11300.873993573168,27299.794967599573,7021.703492171485,30723.43598770654
332734,98608.06730083164,19386.802544918148,15686.92295447375,18483.724805394886,179186.49434921867,170988.97274617766,55686.0123162947,104681.83007123953,-33633.534343618536,70323.33482888498,41719.31620637191,-40695.29061917827,15470.254277494465,24748.390200457332,11218.801104560675,20902.79034877156
332735,97144.41193443681,17654.232652725215,15860.320442572774,20082.30636779805,178328.90846978262,169157.44991394327,54735.50676717672,102827.32006296443,-33220.83620570276,69752.66796523976,41244.20585230457,-40837.93018193383,9090.569059999521,23923.904906599586,5250.0103789433515,21178.351481896523
332736,108420.97088446635,29851.9319247447,27431.082230701446,30037.489399880673,187471.34283921006,181870.99131990608,67423.53514644527,115625.6620680167,-23390.084004268603,81992.95384552667,53161.35198284735,-28934.62992071303,3578.6794490758,26120.284767135334,-168.4383965755037,30681.518303032917
332737,112031.77218772998,33884.596566458,29371.158394033457,30192.073069304734,187666.68819098745,186102.2205688039,70732.05524041252,119856.44626625598,-22069.2880603224,84800.95691258908,55868.50995060934,-26659.290132690185,9685.111643495802,27496.567221725985,5467.120684109681,32058.060807208072
332738,100363.649096497,21242.99518833909,17243.198008139916,19620.13300848117,181250.11062277044,172972.9689492734,57562.72206713823,106616.54285998008,-32319.67238762452,72079.08672724644,43526.37725941623,-39063.86382477032,15659.809341388092,25173.449755659112,11355.25504838577,22186.59347739826
332739,96217.3070682819,16614.801999644147,14671.375620148798,18870.416695109478,177277.92437196395,168116.4673981397,53594.77051216241,101718.67120246222,-34265.899197375824,68597.72097963528,40214.358449803476,-42040.74495153786,10452.771606392893,23806.85545058405,6553.237798278869,20165.983974278064
332740,106365.37207483251,27560.109130394,25482.02550465968,28500.328066266124,187278.13635734544,179522.90650645332,65185.88306522976,113209.74797160395,-24972.722272324878,79871.87040978752,51189.38110526766,-30971.042590488625,3793.253373869137,25649.136826251925,85.21122112692018,29136.13066377753
332741,112891.13128164734,34752.0697807294,30503.61091993888,31395.608081187656,187453.626462123,187031.77483812772,71807.0318755745,120749.16491842904,-21071.54306386453,85885.52550280225,56999.753047548336,-25556.817758821366,8045.405655031978,27562.309859505658,3921.2472126295697,32989.64097698206
332742,102451.8609993649,23474.868931147845,19187.737821897597,21126.96962741157,183479.48473030687,175333.1681912979,59833.493537045455,108956.6344844656,-30686.368816509028,74227.49332930545,45664.279617559456,-37035.56379236304,15473.496845607646,25656.51816809966,11143.305789989992,23778.291673040316
332743,95784.72604567822,16132.780653107424,13945.835720263773,18011.896006532184,176883.73379627411,167644.30860474668,52993.834580989,101211.8772824964,-34938.96106687526,67956.91875766365,39633.9283605204,-42748.7917667586,11789.448666470265,23802.032859264917,7817.579937067657,19530.14748477174
332744,104178.35651366756,25149.006790473628,23340.822589972966,26752.032729958195,186416.9128412785,177035.97729373843,62773.24694606183,110681.5941132332,-26758.07158099157,77567.93051748196,48998.77716877826,-33196.49747926569,4387.800131247108,25175.112838878253,678.7651060253445,27411.027074065812
332745,113095.73348464389,34922.37282201949,31012.30224596198,32097.563826853482,187250.45850231248,187226.24370984617,72164.90357596544,120927.40605555136,-20585.55327509577,86298.99871406317,57453.183761347784,-25088.98500577474,6600.614561507062,27483.171154778458,2557.2525101309952,33442.80349765102
332746,104701.42913857091,25892.626220689886,21367.212831984623,22902.986371785802,185667.39923139324,177875.50002075493,62310.392140355645,111499.25454044144,-28834.597235245295,76597.47715587696,48009.84417892835,-34765.11915970739,15017.730845122445,26157.900787625615,10655.160018046023,25587.156911202583
332747,95852.30922013601,16206.262790692357,13689.943591364541,17531.068729366467,176794.8950149747,167749.40194646062,52938.303735193316,101302.73839562573,-35189.25959967112,67844.82630414848,39569.68330391208,-42936.45889434377,13056.677611059735,23912.06022067546,9009.7361515586,19322.587959970573
332748,102046.87509218833,22813.51881004146,21172.17791382459,24921.006552017796,184287.75295757622,174621.28704093245,60387.03519805813,108240.0304584049,-28561.7088450117,75283.65860146147,46840.9627062664,-35408.02630516015,5288.369455599878,24748.724943639318,1572.232095899307,25677.240461255973
332749,112654.66564657493,34397.63746757392,30874.898662300307,32270.63038715178,187342.8014445532,186690.87518315477,71807.21860169143,120384.82814170547,-20611.177628391255,86038.7862747706,57272.70477365777,-25253.040128738932,5327.333654872761,27268.013486470147,1370.4948879480135,33406.61816960306
332750,106898.48782050767,28255.725087421502,23584.80645540658,24802.81546625596,187277.27006534167,180351.54114868637,64768.12511051395,113983.59875271391,-26936.5159468968,78972.95511708992,50378.85964916069,-32455.061059104526,14138.952876634605,26616.38603424891,9763.590407526339,27429.498252901467
332751,96374.1267538424,16782.061907974086,13891.605744712422,17439.621342803563,176940.63865130476,168377.8994800909,53396.734826987995,101924.4872478806,-35038.1397906428,68231.99617350189,39989.171811009204,-42631.105253101174,14162.244770833255,24112.544618623666,10030.618232060187,19506.869363211983
332752,100140.36853455122,20741.529246621398,19159.08433165947,23165.02848478495,182154.55239376973,172481.85072317446,58227.5033170278,106073.54577810073,-30266.909668610577,73197.02713653608,44858.862386432826,-37446.19645702223,6415.890191551403,24396.001767629423,2673.4898891731423,24041.523404854644
332753,111664.17619388155,33289.14922462911,30171.369370674864,31951.719931516185,187603.7091245593,185551.09761197996,70838.55335547647,119232.9895732529,-21125.181143559857,85177.66081615529,56484.30724410704,-26007.917294153453,4370.728695610414,26951.056623404227,488.90945596726306,32905.78610569831
332754,108879.13477699214,30384.50325870001,25690.615282218198,26695.130136368367,187363.90145938774,182575.94549307865,67029.89522919158,116218.61837103043,-25139.431304625494,81171.46442591317,52551.89178858495,-30305.182935848272,12881.291156672443,26995.71937907766,8538.414072042278,29165.28921147908
332755,97287.11391336155,17777.35277663024,14526.999031616817,17734.851696062018,177605.73455241905,169442.73912424204,54305.20663450465,102987.06757339722,-34518.36880960112,69055.42063974997,40808.56975200842,-41912.31614670833,14970.803123491823,24389.45271828884,10780.75807084026,20047.227568338887
332756,98482.49938907623,18941.333726913104,17340.6476670232,21510.219540659033,179988.82646553352,170626.23544782138,56313.21952035712,104191.08751156765,-31833.479118391755,71335.66813508401,43072.18161352962,-39303.006219185336,7734.4957195954385,24121.322018542087,3944.273289075333,22538.78905914899
332757,110208.48890963643,31675.386765529725,28969.71186270004,31161.862083502845,187670.49184445885,183887.39994199807,69329.74687739974,117550.79674608434,-22071.022253715684,83799.26546682316,55170.77488226045,-27293.299233065358,3794.0215067312865,26558.638221244237,-10.989458093264531,31988.194003726374
332758,110639.39345223407,32268.28453222038,27663.488145770705,28532.29618885986,187614.83236597653,184542.71728281266,69075.85184228068,118190.81736225984,-23462.641898938622,83182.77632952796,54526.99710902943,-28335.420713193962,11357.019942928824,27296.463243666745,7062.762737682236,30771.72216979062
332759,98622.77809675771,19229.780933238275,15631.501471922085,18444.627988861765,179077.08016283065,170979.11223918453,55699.15607201534,104523.64415978343,-33608.044333927595,70351.99955739256,42075.28718211125,-40735.00684244161,15507.026037185085,24749.043533816366,11247.485270861673,20966.233201718853
332760,97125.67885140133,17473.964931378487,15777.444588833632,20019.29506329137,178193.143618015,169113.79051904439,54712.65966997588,102654.66783069502,-33216.33856128424,69752.9231221487,41546.25931394303,-40903.642705990846,9117.376207989815,23917.511894271935,5271.086479702958,21221.22420798404
332761,108385.48407638892,29666.133390926094,27337.012379701457,29957.93306673908,187454.76127626654,181812.17987218435,67383.14114668893,115460.07038292484,-23394.42604330051,81979.40006841159,53422.667645295216,-29016.42452267726,3608.7143818282166,26113.44938984397,-142.95048801919592,30717.839279553962
332762,112034.86387113124,33753.11538290908,29315.23388594335,30141.326049628107,187668.19694013358,186090.96598914085,70734.6552197357,119760.63962208926,-22046.998458512717,84828.64264040688,56144.77633231932,-26703.81733468339,9714.201213397293,27497.546149530568,5491.18511106004,32130.27875291436
332763,100380.92014092972,21138.21911440477,17196.59097442826,19576.799108651117,181169.82919249035,172983.63124292647,57580.39682226647,106563.50722025026,-32293.86359724896,72125.34921730595,43799.636079172706,-39092.41856030797,15713.883331742125,25181.382026053736,11400.876974392835,22270.028769285902
332764,96182.1263836923,16461.537011106244,14580.534914087855,18794.714396828207,177144.92283896764,168072.0848724729,53556.871100446326,101629.0726148596,-34281.99071048234,68595.86875992035,40423.614652701675,-42117.43349186526,10523.129853615888,23805.19816867412,6612.265858960786,20208.422338493318
332765,106277.19480265498,27356.44300455111,25354.025053215868,28399.65268982735,187265.81459290662,179421.15660951627,65093.36929717039,113078.50265676544,-25020.618433269625,79822.54914522995,51337.57957788778,-31094.93882124128,3849.1226747382466,25633.29805727652,128.5591367350731,29148.002770424784
332766,112819.00237457326,34572.29672506351,30399.610466048394,31317.525815037086,187437.49496230058,186950.1746497918,71733.77435724123,120651.44053069818,-21095.10312193842,85858.45084474077,57159.02433778946,-25661.234251937127,8107.590818016975,27550.241237110356,3966.7755721389867,33030.03889664496
332767,102404.39280063342,23327.327033428548,19105.49046436703,21068.47773200497,183364.78052259004,175283.3129966738,59785.2175980213,108902.05965740592,-30690.543703340078,74227.02411807326,45841.12829584611,-37112.65062117471,15566.40737087803,25656.792391374573,11209.33901076185,23840.534255653933
332768,95701.99553819303,15949.115432718845,13834.255682497109,17925.194502243525,176735.5223422334,167557.6276037716,52907.07262142093,101131.84772748496,-34978.82141833186,67919.07364818816,39765.0211561325,-42859.36610048876,11863.624106034107,23799.11259200938,7880.075074695961,19553.73906974847
332769,104031.96379719205,24899.13214257255,23184.563887374832,26631.816071176414,186201.96467754652,176879.75182855604,62622.97514486012,110542.42281327913,-26839.919706276247,77475.70774163773,49066.18140216759,-33360.33203475887,4448.028323698225,25166.509409934737,743.440162787135,27391.122159369308
332770,112922.4123357792,34645.23675861709,30853.540422120568,31985.40814501606,187237.49673405156,187039.1884858951,71992.50552474352,120767.18877651161,-20676.566187748856,86187.7605024363,57491.1422077069,-25273.574377459085,6616.4510995831115,27462.322178031427,2573.5242691326007,33414.78424886566
332771,104557.9078821423,25645.68266824325,21244.739650296055,22817.60860842732,185479.5558439245,177718.12293736692,62166.733712587426,111379.4727160484,-28902.268956744134,76514.94016719816,48063.2406585858,-34921.860575475184,15027.61701392493,26144.67434405142,10658.524713595729,25581.751477606565
332772,95720.62459955958,15969.671039802892,13579.342018630583,17450.267959044224,176632.82120464294,167605.25962264836,52804.10200294609,101207.4641948203,-35254.97907056733,67771.33254914606,39615.12138726056,-43083.28220364965,13082.839015150485,23904.279023308292,9027.303652474651,19314.958499220218
332773,101917.83132150622,22582.14215079014,21072.740224011024,24852.91463171887,184133.51823906045,174483.9966229131,60257.576484546524,108164.00602893869,-28626.758123393316,75215.85209434631,46876.45230666465,-35551.99524536315,5290.087252723508,24741.657632641196,1576.843575036897,25667.426879417795
332774,112514.39264164137,34154.54404169302,30775.42814135643,32199.208554919307,187348.85574220316,186539.14131138747,71665.28287126316,120307.18476014328,-20684.64044600969,85955.58092407428,57280.474273680156,-25419.054207840247,5331.298703582816,27257.388676522944,1374.1583371523623,33390.83300909994
332775,106748.25833629536,27996.886587117035,23481.79500777232,24717.30965307336,187264.32822471877,180179.0366525122,64611.20961008448,113898.93477642859,-27015.79167242523,78877.57906318978,50364.51398921858,-32636.340482944208,14129.351093601574,26602.312707078865,9754.05364917543,27403.62162488127
332776,96243.81006142116,16539.91132906855,13807.651278962478,17365.48498744404,176782.03691925242,168222.60950508883,53255.91907989179,101869.56904245193,-35105.32748939759,68152.69619306552,39982.17779071213,-42796.477614794145,14137.089258005697,24101.567410353153,10006.228751192937,19483.975849395174
332777,100050.60593363672,20543.680307456412,19108.043678801267,23110.08594949854,182035.09075807274,172370.71060544022,58123.62654400095,106081.96807329968,-30312.114018678014,73146.86508373458,44872.186867335375,-37582.7250929905,6409.402817180206,24392.48065069314,2665.098745357591,24035.915939398692
332778,111592.71527447084,33115.435456387204,30135.96575807918,31903.576937674778,187619.7352204001,185461.3143309713,70752.16983200784,119334.43565384555,-21160.094487158756,85147.0909734204,56506.9731727327,-26122.88459600371,4360.996032039035,26950.445766539888,489.59857742286727,32912.649014801194
332779,108839.9965008864,30248.37922657887,25683.62517270418,26668.394455213587,187369.3904315457,182522.1848621554,66977.99198525968,116474.98651674474,-25155.951195207213,81171.72038215287,52596.922770022255,-30385.65511720315,12863.818315207536,26996.92920912604,8517.849714205498,29185.06487160382
332780,97209.23737401693,17600.769586198254,14472.661325134224,17665.152221034907,177342.0157614128,169344.66351526137,54207.38913589051,103322.47539991094,-34582.413323475994,69004.37370254303,40798.042930596246,-42030.488582372534,14980.010114812849,24381.56471329354,10775.898400559994,20014.199205588106
332781,98379.93657582588,18741.705505817044,17255.58186569776,21427.383427771565,179656.29073148067,170501.1392959805,56187.16077179045,104624.48418716317,-31920.97715158494,71252.28122940894,43026.216895684294,-39441.187267647605,7735.363880225221,24104.79498243874,3939.230627023914,22478.629787595084
332782,110133.47353755364,31510.817900424478,28903.16579236665,31103.273119228164,187674.7854965739,183794.86842520596,69231.46625909768,118137.88622518489,-22127.371057554825,83746.4892217787,55150.350718513946,-27400.7451106384,3792.620933250693,26550.941281194166,-13.303201443087175,31958.086681276607
332783,110591.26787895108,32137.938226824597,27617.55553827137,28493.96457552586,187631.25899529897,184481.75839929283,69006.31811055206,118917.88004202221,-23498.20017609822,83157.43051790349,54527.52862572488,-28416.890721607535,11363.260916768577,27295.357331724503,7072.967326003368,30755.803869203963
332784,98550.6857902103,19076.760513425917,15558.920770781868,18387.421722109088,178693.40508510364,170891.7767590455,55602.61991537909,105329.7344135949,-33665.48242328658,70301.85893751292,42046.949773370216,-40833.380536506025,15523.516043088825,24739.379835169508,11263.978636497442,20918.360856093117
332785,97042.05561803341,17311.318149088933,15692.334080037057,19960.64722343184,177772.91364972063,169012.69301788288,54601.78863583193,103544.33113731764,-33283.788315227,69687.79921567658,41501.62576396654,-41008.95948208137,9128.713982413426,23904.059733257996,5277.209343997874,21159.197558134314
332786,108286.72801405906,29492.444604297623,27235.56629318294,29893.27229679618,187440.39217467204,181696.8411307737,67255.57370946568,116411.17875815294,-23474.213373685576,81899.20027394593,53361.451999600584,-29134.156043280767,3639.281028048255,26100.394320630032,-121.51746312164605,30642.221724840336
332787,111876.7335755896,33519.11483817912,29156.838906826757,30045.438409124334,187674.08660421753,185912.65168109303,70543.33629421156,120708.25565222482,-22175.655188198998,84689.41464712308,56024.285261821475,-26874.40381283578,9768.45124095626,27475.317406298254,5540.362383292316,32003.743208629166
332788,100222.71218470387,20903.243384124948,17046.95372266703,19498.35302631099,180686.31538246563,172801.03737824026,57389.56694959462,107565.61625963464,-32416.84141419332,71987.59075799273,43678.881280512986,-39248.698146078685,15730.087802414495,25159.180497739915,11421.361075987095,22145.439037075103
332789,96094.91827818596,16304.086294566261,14500.59216473253,18779.251896198013,176724.48766822007,167964.7926634572,53442.2312368372,102765.43100983695,-34344.59526491371,68526.85399354344,40368.590031647225,-42193.96110340403,10484.75032078771,23793.432624200053,6579.4297348457985,20141.29878562976
332790,106236.7534441007,27253.713999631873,25306.300461622985,28408.186455486168,187249.2295164813,179365.45258705167,65024.16591357964,114314.52083208608,-25054.152795134192,79791.47259326544,51318.38107835444,-31131.994070296314,3828.4222007260137,25634.093321210497,107.28226814424731,29108.419605813906
332791,112696.17961949777,34384.63003843067,30257.1034277078,31245.62597260529,187424.04165440763,186801.38830468012,71567.5083858099,121831.38082862919,-21204.613606140363,85733.97388420813,57046.91910370793,-25789.056367216355,8159.096734487737,27537.079667582337,4008.7834240362245,32916.2017842654
332792,102244.85404700699,23103.85624816513,18929.33287019666,20978.556005257695,182870.60114122578,175091.00112990447,59579.80444218385,110077.49439613597,-30825.376726188406,74066.3273650085,45692.422628023734,-37269.37075116731,15590.92586018316,25630.43634154815,11233.451936475449,23702.809655724785
332793,95625.33259296257,15821.466142350979,13736.79644651162,17910.59413451823,176333.44000039913,167457.82165124977,52794.45047847339,102440.95823999227,-35038.97817945209,67847.49984624959,39703.04252426018,-42924.011712506894,11831.790065034416,23785.004909367544,7842.96966490069,19490.842059016228
332794,104036.50109997939,24864.3159958653,23151.53377977572,26668.7764114024,185862.79345323727,176869.62058314268,62593.30065487769,111974.5919188341,-26838.05177566026,77477.7749551145,49077.94161257188,-33350.79916781922,4401.623035907362,25161.02831344175,687.2772719756928,27386.8921817067
332795,112908.9266145128,34596.31292835906,30782.223954511166,31985.25621407081,187219.92575690808,187008.22958936694,71933.66473996581,122199.15002121017,-20704.977745272405,86153.9068082901,57468.22042958635,-25300.0817031536,6625.0631041288525,27454.684355160767,2568.3195032131557,33380.075432975485
332796,104482.99613683077,25539.89715997599,21111.546522228207,22773.756402261744,185060.96674065443,177622.09773173835,62044.01103002699,112767.60027385154,-28983.763798272146,76417.61737006945,47976.599468926725,-35009.326242449504,15038.449156983985,26119.484394774572,10661.459286109503,25497.10753424189
332797,95678.45716340933,15907.760382163315,13481.097071069205,17439.665607867602,176263.32647648617,167548.89320543635,52721.05066136414,102660.84862408522,-35308.40454961787,67710.70499206823,39562.58490165429,-43131.21443918227,13063.690763327832,23882.049727379563,9007.156210650686,19258.389483898594
332798,101925.91320445153,22578.124757427082,21016.143420281544,24867.074861703364,183806.29760123917,174482.00614034367,60225.6085083292,109690.67115863791,-28647.771709348584,75196.79622080375,46860.979902494284,-35559.92009094554,5274.860257923094,24730.451504372577,1551.1892944124984,25640.747761288254
332799,112501.0671653137,34133.1933226392,30692.200261896294,32192.89632499763,187346.82441365818,186513.9996706492,71608.80531379732,121817.36266921625,-20727.261713216587,85910.14879900088,57236.34016186766,-25454.594796940142,5330.216301396879,27242.566155523735,1366.0312212781382,33338.637956471255
332800,106702.91236027918,27949.808270056787,23369.481194961852,24704.285213252144,187247.8716316001,180122.47701087757,64524.0286165297,115383.87134599431,-27080.668412011823,78801.04761672318,50288.913667754605,-32698.79368674031,14121.308473703944,26580.262851084895,9750.337435539832,27333.118616000007
332801,96189.97428519937,16490.383004152147,13690.03423483397,17351.254728266875,176391.48566445825,168159.9720294323,53163.22766520023,103361.73444944562,-35177.52233226343,68067.2144672403,39898.983258095875,-42859.752162519806,14134.11122171029,24081.930440787037,10008.980039706523,19413.335119992837
332802,99970.5676720004,20469.990346139843,18969.699625815272,23078.321510492962,181630.05850449894,172280.52801726517,58004.94689475026,107550.44039838015,-30402.23556490655,73037.71949386963,44765.56797248817,-37666.22186981187,6421.934437965941,24368.103095643382,2671.378076384365,23947.237199381103
332803,111533.22261462142,33066.3931512942,30026.55865921849,31901.994517201703,187633.04931337468,185393.3901651791,70658.15461753865,120763.59352636461,-21227.16250826212,85054.25601085243,56417.5156874151,-26194.86275098084,4352.512019362792,26926.019190777144,469.58039627492315,32841.136619541634
332804,108827.43860274524,30253.755048686275,25625.968135884796,26709.477379096163,187366.86890328507,182505.77576383756,66935.78906379288,117843.57907962197,-25178.89138330488,81122.40804459224,52553.359124004215,-30418.080195150273,12835.91768787095,26982.472597135846,8493.244525738623,29158.30127544832
332805,97230.65975121103,17645.455884591567,14444.85832452014,17725.171749996734,177171.84839013062,169364.6441741282,54196.91197937144,104617.53192952432,-34576.40264453339,68982.69562305832,40783.89935886122,-42035.118651463315,14946.448900906129,24370.320673527815,10752.937645810916,20021.83740714706
332806,98388.6512066557,18774.18507405285,17212.842736125942,21454.819390788252,179517.55391943917,170505.3052415627,56156.75428569338,105792.63957985543,-31931.48906279709,71207.24345149843,42991.1051703334,-39467.53696626113,7736.099854925887,24094.962613145828,3941.156965118567,22468.638120735428
332807,110150.5232201732,31553.314726885423,28877.201034500562,31137.025567626777,187683.97613320066,183808.009458662,69211.4231066533,119199.16903332896,-22133.892625526358,83705.2239144906,55119.866813770626,-27421.581828007715,3773.7800491039607,26539.628577842785,-36.57522504124279,31946.868499866152
332808,110682.74662359868,32267.282119213793,27666.19575430327,28587.246324905394,187642.82721005514,184578.99305365255,69065.54794058145,119959.30703777756,-23448.405875402157,83186.7332229359,54565.59486746897,-28369.843469662363,11327.741729911218,27297.562676622052,7029.936020407162,30798.944918591995
332809,98641.36274731674,19216.457139662256,15603.645054392344,18463.276089035047,178711.30058543492,170990.31747171385,55657.62168519214,106283.58300538457,-33623.954906763305,70321.72000337525,42073.92120588341,-40797.49721742862,15523.69108859064,24746.951449375872,11253.52655575486,20958.858054415807
332810,97070.96906174206,17394.117027749435,15684.90971882366,19987.758378328686,177729.4577673371,169043.10230781726,54590.391487705005,104353.91393125655,-33293.433123645234,69639.25644837364,41454.03574812657,-41037.61275847475,9138.631034240283,23898.02047600867,5282.230961904417,21148.002767137532
332811,108321.39217991452,29587.117146866538,27241.355022173473,29934.1897070635,187434.21841394415,181731.56774078606,67250.20112591246,117160.92240493579,-23469.638471436898,81854.45433786952,53303.98639659569,-29154.293592831273,3605.644455636614,26090.20640526415,-145.38037961077848,30636.44801243264
332812,112028.71357270249,33746.21542474666,29276.05138635204,30170.92135189253,187681.4000913312,186077.70434690182,70662.02803838238,121533.03246678569,-22074.235371890103,84758.89104190706,56063.862013051286,-26782.920730977294,9702.259730901256,27487.428119644646,5480.549111328088,32084.884429319827
332813,100407.6309850977,21175.393534309496,17185.862103584594,19617.266587275943,180796.6622618229,173008.32559670616,57539.04582344297,108389.42320659105,-32304.090940773607,72078.7218220467,43724.18046904796,-39137.91744055206,15731.636972139459,25184.620093571022,11414.42308896663,22239.947833004626
332814,96195.13133840084,16492.172246564583,14555.605983500654,18819.58194207591,176720.80330755305,168080.04642239364,53497.62837637022,103462.50746232508,-34308.11688151992,68522.79565582749,40308.16370903077,-42173.9622133639,10535.863684745847,23803.79587038477,6621.859074283977,20162.145631545238
332815,106274.4779298278,27379.676204820837,25315.097458845077,28420.35247413176,187238.94574438108,179411.67396689008,65016.66675786901,114911.8794681426,-25050.087158811395,79732.20264973692,51194.33556050042,-31160.531447067217,3844.416281430071,25628.214821203586,122.06319275557115,29093.085241651275
332816,112843.48240844673,34634.582413866534,30388.10079259995,31360.450674977004,187417.4641361454,186972.44058560862,71687.17246108313,122526.16890442053,-21099.3166040246,85794.45163596715,57029.60747445414,-25698.612320904886,8086.776986292753,27551.306796788966,3949.9839705927834,32991.82042488475
332817,102465.54189924376,23440.477513871454,19120.465195269226,21125.99174929007,182985.2255794921,175350.03755138977,59775.235388220346,110838.88718036553,-30675.035597573213,74190.7699665406,45727.22037869936,-37119.05632815708,15566.38435662278,25668.422624065235,11210.790648001213,23820.601729940485
332818,95779.73236666518,16091.069150203593,13853.62924140287,17990.4798192277,176348.67118908704,167644.57750063628,52911.596461067646,103117.93349211197,-34954.62700421263,67891.75288266601,39648.96022468197,-42849.82155176146,11866.21570930058,23810.93989620208,7879.752155880889,19546.794918250147
332819,104137.27171229612,25077.149118960413,23223.212803010483,26718.99751161405,185800.75364604936,176995.55564587226,62653.35033395776,112580.09836872705,-26793.015263629793,77465.05976388569,48957.82023724679,-33326.58143050158,4414.67948409613,25171.029754915588,700.8665412824153,27403.419657812407
332820,113063.79853209772,34869.36931102295,30915.79126171668,32092.279727046312,187210.5550005088,187195.281964365,72056.82294593814,122853.26678793343,-20599.642982351284,86208.0029857821,57395.71446784578,-25207.069680930697,6586.556944621779,27475.222238528484,2530.591747328191,33449.6465915989
332821,104701.4761642959,25884.637494910763,21297.640884867877,22916.898363050994,185111.90063622233,177883.8155856175,62233.69340186761,113483.60046766305,-28832.509000171416,76532.42883663857,47936.553793823914,-34858.516406889845,15024.926822646212,26159.447421172023,10645.70511500791,25611.191242205987
332822,95851.85471272591,16205.96484363903,13609.905348349872,17525.260014610933,176256.69154290576,167760.16538347717,52855.38212708901,103320.08287896762,-35207.80578043836,67765.64701824133,39440.79161869727,-43036.69411960339,13101.768431580002,23916.180887057068,9041.795359362664,19329.686502711207
332823,102049.67870031147,22824.30730618177,21099.358091828566,24919.74883579333,183739.66491158222,174636.26322450268,60306.03261954897,110286.5506120339,-28582.83818092555,75199.74730479397,46670.283425382935,-35509.03149856785,5308.099778563659,24754.183157479998,1587.2773647516242,25677.682811268693
332824,112677.54124576245,34438.077668789294,30833.655807437142,32305.428685584367,187348.37218165776,186726.58019932482,71750.37598740576,122462.51302112812,-20609.11030721249,85970.51050850851,57084.71067143517,-25343.978701318127,5297.44491218991,27269.027792455676,1334.8623085729694,33421.94064818084
332825,106940.97220957273,28323.99364402373,23564.885409408576,24854.520798731697,187239.28110243665,180405.92490867598,64730.04304344879,116091.02973293191,-26918.53938694991,78919.5338253814,50177.357372840685,-32532.24507379356,14091.068393403915,26619.99719411527,9713.7958835694,27455.633881414542
332826,96410.41890318652,16846.88953568258,13856.606681891346,17471.123056125347,176415.29579487536,168422.90776299662,53343.236594881215,104045.170140517,-35043.11826002491,68155.40852919852,39738.56167994268,-42722.991885793264,14124.359152804695,24114.427014022436,9997.829666965243,19511.163641621257
332827,100213.69730725633,20850.598023503688,19148.47626435405,23206.859873155892,181673.79397110603,172564.7768048338,58201.511916077056,108254.68853250923,-30255.53031194296,73143.13312506305,44607.116963079745,-37511.9232817123,6396.984290201319,24402.488861537073,2654.8983437606566,24060.13797599071
332828,111817.07344671279,33490.1315381627,30230.655349133143,32046.377942361774,187642.23138070432,185721.7766270942,70890.45720990511,121508.88066660916,-21055.446946823187,85195.41112278675,56282.75441579542,-26007.96421486617,4327.62441982262,26968.967309972784,455.1131969112557,32976.86271197839
332829,109087.2635306879,30652.290162312696,25793.779192170055,26824.015741091847,187368.71707909284,182809.34573711036,67135.14892430801,118560.33790451428,-25036.56948547864,81231.20855841569,52374.346665396646,-30264.635418522183,12828.213087644823,27021.03795975694,8488.83023349188,29261.356763802945
332830,97489.52117097349,18045.78093228747,14609.490308975166,17841.439543066965,177199.03629858396,169668.44247130907,54395.656941800444,105339.85987680877,-34436.63441335727,69090.17345166685,40587.84266726035,-41883.582297478984,14916.18903667459,24407.753455994905,10723.321252916434,20121.888665683327
332831,98712.47262096843,19246.87433865941,17430.463541027457,21619.612049790223,179610.2330956669,170880.91458403738,56422.286609013405,106593.517373479,-31746.20781627843,71372.88881154862,42836.923423865366,-39261.812823655426,7670.899637847823,24136.43580693791,3882.6398492019034,22616.90675737024
332832,110514.55534350153,32075.015521964004,29112.107042690583,31313.38320048051,187687.37957431888,184232.28461175456,69513.31158858698,120049.9938242802,-21932.311282715247,83899.3684961713,54982.79534122335,-27192.257631814828,3736.6863635244313,26588.880260018705,-69.11316038202744,32112.50378566617
332833,110997.30803890462,32738.057645384783,27842.931613067834,28711.176850345986,187651.16360881884,184953.6680263324,69312.7393296872,120756.71130396632,-23299.237144083017,83321.96009780302,54354.582352938516,-28199.631605254934,11327.658609108476,27339.492931419634,7035.830184692,30910.313495780014
332834,98929.60339372788,19656.02106140452,15757.005072154427,18581.584966607625,178761.37902120652,171338.32372161956,55881.4176449297,107050.74784198625,-33497.2690999888,70429.98189776782,41817.02504855237,-40652.5646879456,15501.599210525237,24781.586447779027,11242.277080859305,21043.4005842518
332835,97362.22740287957,17835.696348740094,15842.920476837282,20118.197706532555,177795.50511016956,169400.41241944613,54826.092174399666,105125.27267511185,-33162.25375925475,69756.62884311767,41192.41965319367,-40884.41223579424,9110.88720569514,23935.7694221766,5260.855465826479,21239.091655899272
332836,108567.19215644116,29980.091019213083,27358.70260847361,30035.322079306836,187428.32101220824,182045.59791509478,67445.36299056344,117877.04684723145,-23380.661080356665,81929.85369591374,52999.79258527611,-29044.145138218904,3630.8352200372474,26126.909712290337,-132.77858855403724,30690.395868921132
332837,112130.32743700249,33981.83589134953,29264.876585930906,30174.913017552062,187684.05960375338,186236.96406527387,70712.27960635064,122076.99414980656,-22094.221961563977,84698.52771987433,55630.506066398215,-26803.100222188543,9770.682766456974,27499.756976866083,5540.54730157473,32033.476286607038
332838,100441.21862965576,21331.158671632013,17137.342891803397,19609.395337635025,180667.94067612546,173093.53559788002,57533.20656541231,108841.6368478765,-32352.788356383317,71971.21544538726,43244.855218194796,-39199.0679061539,15737.266167781992,25180.79322030389,11428.984911941703,22155.425512008173
332839,96236.07877137663,16648.147636906033,14534.46031568587,18838.466064247325,176624.4193414208,168174.90389499365,53513.52864119046,103908.28541404662,-34326.28812685901,68447.36014973823,39859.61566294206,-42200.531189698566,10527.27151951568,23809.2466962073,6617.323037329232,20108.032972088873
332840,106300.70105214273,27511.24445840857,25292.78779833906,28440.037311390868,187233.6189381103,179490.55018313602,65025.91162264506,115324.72214499755,-25072.92384984618,79651.3814687912,50743.16890838159,-31190.062399927196,3839.7065402571766,25631.754232115563,114.8212377326035,29036.891159057344
332841,112851.94435770287,34734.09702983207,30354.259726878307,31371.964402513684,187412.58815228072,187025.68253614078,71676.08954369166,122894.76084559881,-21129.017905414134,85697.76708376597,56567.919238703515,-25740.396927928454,8081.619437161735,27550.048610543916,3934.676671674005,32931.46877279515
332842,102493.91025233985,23548.558217857855,19108.612619316536,21152.951780114177,182923.73414938763,175417.66515672213,59784.23519404487,111204.33140261869,-30678.01760081585,74120.3395806828,45291.94086632764,-37131.816644264465,15535.304759542387,25667.242040031444,11179.988242767131,23786.89235592368
332843,95866.99033563246,16252.173750685748,13895.084920834823,18056.520199106613,176359.79943668435,167772.85764740995,52982.5248081434,103525.95529343281,-34910.38681911022,67882.34549228352,39272.324737360934,-42802.63727944994,11820.81905755638,23822.279821139367,7836.040358677135,19560.60105794791
332844,104242.54066344214,25252.561432159167,23278.385749360044,26789.332717213874,185837.92639575218,177144.68362565423,62743.29757191752,112989.47063964445,-26739.330499129534,77475.76325789327,48604.71988539169,-33264.13403067595,4380.955093642847,25190.055322163847,669.0806943293775,27428.302848129224
332845,113159.46717945702,35029.71790437644,30962.72280082967,32152.649844231186,187206.9983417539,187334.03552175866,72137.37258129702,123234.71154487968,-20562.914492336495,86206.75208199419,57046.48058295663,-25160.230647445467,6554.091907394394,27489.329353663707,2504.346682523708,33458.405545597714
332846,104798.2052411107,26037.376244924395,21343.77415328919,22968.7180702507,185152.65930036482,178019.03427338583,62313.197034178076,113847.25641749226,-28799.767907458136,76527.37091515087,47604.81494547115,-34815.0541564518,14989.168432272814,26166.95723123646,10612.425379118447,25611.72589299566
332847,95970.48976390969,16375.995387228997,13671.639401074292,17583.87653306822,176320.59064743776,167917.2847979412,52956.65571051316,103692.58608360631,-35158.88753328586,67779.8746803648,39139.697685766274,-42975.4475391983,13073.347805427135,23927.55793671903,9013.911048763926,19344.881917588442
332848,102165.06196164619,22988.25138218133,21152.859494928805,24975.196979613196,183800.60553855845,174793.96167386894,60405.188674819554,110647.219906847,-28539.044283819858,75213.17786496656,46377.296534762165,-35451.71290252663,5288.421298418344,24764.08568617929,1572.499083183896,25690.41424410149
332849,112787.54182354308,34594.473303698134,30882.55979597452,32364.786982862497,187349.8880454359,186883.416174269,71845.80365047682,122810.28590241045,-20566.713781902115,85985.6971741014,56804.7183046197,-25286.408512362843,5274.3152700883775,27277.987143432525,1315.1540379205342,33432.38261244945
332850,107061.92167811561,28487.658365106858,23622.54365790156,24916.968850043297,187237.36882479762,180575.13723194244,64836.5319412316,116441.81544749005,-26865.785746399164,78948.28415943515,49919.271032461984,-32463.289143765163,14063.403401509964,26631.01283477013,9692.688806928094,27473.922611118134
332851,96509.6548223591,16982.52750937925,13886.891675598126,17499.334841626725,176461.06107670674,168567.70628271805,53423.887738174846,104362.34744058896,-35010.439083460544,68159.53163699213,39463.57668308714,-42679.23759838302,14127.649133949863,24122.088096783886,10003.141790016889,19509.086231663376
332852,100239.1820137624,20906.714702366313,19112.98573416815,23181.299948486332,181646.0928988494,172630.61925142596,58209.87855046758,108484.86240338629,-30278.41684769116,73077.6347798015,44271.658991152995,-37535.2437722396,6425.08098638703,24400.98600256796,2683.3882398458472,24002.932321569784
332853,111812.15306393741,33512.24926514974,30187.124619641647,32029.571890399384,187644.01083838515,185755.30417122893,70877.79094360981,121699.76780405098,-21088.773798014146,85113.52915375648,55940.44098234008,-26045.68478763922,4313.678912998421,26960.211671524805,437.20301032932844,32908.47040560859
332854,109143.52499405955,30736.24724700461,25822.677813473987,26869.79360805497,187369.8925845645,182910.94857954257,67195.00101010615,118811.96602328465,-25013.98231474044,81221.63168726992,52109.62216467398,-30233.004346718677,12777.946607828258,27024.321850051987,8435.991619435861,29248.825878830467
332855,97497.59462830727,18073.052016931128,14589.572837644027,17835.22336248058,177184.17182304326,169715.4886876311,54402.029749289635,105528.74856421651,-34461.633961179585,69027.66321212944,40277.691009631264,-41905.71951022725,14923.876479730534,24404.919202237485,10731.399152033631,20066.61536761868
332856,98609.56592870575,19149.824976094664,17316.425387510553,21540.80887875416,179485.57722204016,170802.31905605836,56314.50913782506,106651.7013066246,-31856.15258867958,71206.30255497893,42433.89417570089,-39382.45637447863,7726.493851561063,24116.233626040583,3930.7597724288457,22483.106011286807
332857,110376.05362631705,31932.013589896458,28990.649874438863,31242.59256091143,187686.5625497494,184110.15702864912,69377.48271353889,120061.80560305998,-22049.088137602295,83715.79475075394,54575.70181428846,-27323.62717969257,3758.796594980642,26562.7004408431,-54.61623399144624,31975.523680413437
332858,110931.92527763112,32665.42516646149,27804.03497745702,28715.0032663373,187651.3343918858,184907.96417946968,69260.20262648459,120841.51583713174,-23341.617792874476,83225.86969804055,54051.56795320843,-28242.633328736105,11302.64687396884,27325.650515232053,6996.956497380148,30849.497883372944
332859,98898.24248801652,19611.189351965866,15740.926535257113,18589.003404972602,178729.4089632177,171324.90270136972,55858.16380026995,107163.58416521997,-33511.39811458837,70366.1826751586,41563.07372086516,-40661.71155270528,15493.731496993763,24774.173475952823,11221.176384681467,21018.931715837738
332860,97321.42137884581,17771.30399826339,15807.51509113323,20099.035391540874,177746.0999086417,169369.0520896408,54783.19012429778,105214.99578023647,-33186.684986395485,69677.93293275082,40941.21842412741,-40904.48017547758,9119.278357011497,23927.300965798728,5263.836639521413,21213.252219344864
332861,108556.43648684691,29939.32430491706,27349.741199882214,30035.533117018487,187427.99398931666,182040.36958138263,67429.78548237483,117989.57148325605,-23380.084504814367,81879.55298634441,52792.67190296023,-29033.37820467487,3585.8682035397555,26115.55871297221,-169.0067565102221,30693.376495133576
332862,112283.0153505428,34111.77012373153,29405.38547839476,30290.81304964123,187682.47529820574,186407.6030280407,70865.97135722624,122365.20889465767,-21971.238200239284,84808.03291140925,55591.31583653239,-26639.31337406261,9668.231287694414,27516.3551860088,5443.15249900653,32156.34231931589
332863,100678.4452079559,21551.98449239075,17324.379949929535,19743.441726441648,180866.2957276493,173355.86987665825,57759.173801471916,109219.90342170066,-32189.670823058837,72142.04328402752,43277.52530545354,-38982.25020152463,15697.86637880481,25214.88973772374,11377.485150118631,22322.672165881784
332864,96431.5871706607,16824.806188214367,14657.66765080619,18914.88665819019,176762.8948333336,168389.47368506563,53678.712201319446,104235.59298543734,-34224.99800016354,68550.24342146624,39835.87682817812,-42053.638296869525,10514.217291483412,23827.530160662198,6600.175109016768,20217.832194093564
332865,106470.17320607875,27660.93901709659,25383.80540006345,28500.47351938577,187235.59039323888,179676.46515106905,65157.66226779248,115620.87779287966,-24999.23117915955,79720.01378877203,50695.61776789626,-31076.446652310355,3816.7317675237173,25641.62167847391,101.06336277514617,29121.960666633557
332866,113077.85125229534,34952.7838530021,30498.275057434752,31487.50838615341,187412.421689088,187282.5895935397,71874.70955048109,123258.95848508216,-21011.858037062077,85828.89311891649,56589.11058242452,-25568.172684959372,8030.5399936102185,27570.906933599297,3900.2834281396363,33056.03335726434
332867,102727.57719270154,23783.114849452242,19248.34863928253,21257.90807821208,183091.61621818936,175689.90666571996,59990.20297992618,111581.28044826299,-30568.769928037345,74252.70824928494,45320.19351755711,-36962.41946044798,15530.280973651385,25694.597570880658,11179.38592653661,23903.321696199688
332868,95994.63126837628,16376.923515332715,13929.53745545634,18069.09275436053,176408.97193265118,167929.40884300234,53072.96022116964,103784.79649869559,-34892.297052899405,67903.20571565253,39198.50005783417,-42742.96215315303,11860.772710670692,23828.351212772264,7876.567387230112,19587.659140521446
332869,104298.26620647541,25301.57780457981,23256.386562169722,26770.4024537826,185822.0664427494,177220.7189197957,62759.99490270188,113165.1273700475,-26767.73751164995,77428.79782794593,48471.31409062703,-33266.4293202093,4403.679629096263,25178.230266527407,691.9978425533418,27409.431521240625
332870,113244.97725250915,35112.90612085641,30985.695477592802,32181.585083221536,187209.11347589246,187431.94163942896,72193.2660273309,123441.53374205744,-20549.624555614682,86203.03110100303,56961.16570025067,-25117.52307157222,6530.7151375275425,27483.993013652238,2475.406957857615,33480.03699195974
332871,104903.41011370932,26147.310037622075,21389.268710261,23010.901249395938,185207.2804490637,178156.26280702517,62394.11267267182,114077.20648306247,-28768.21220211784,76548.90283642216,47549.8182032616,-34749.532067069114,14977.752398592405,26175.01208317643,10598.624521594833,25650.80657367562
332872,96016.428393042,16422.945582377986,13663.29067726155,17578.968180534077,176311.88492008962,167987.73456937433,52975.153636913084,103854.93666613953,-35176.951004680814,67743.52476857955,39034.75856582755,-42969.035406654846,13095.433010645727,23926.066260382322,9039.82300984013,19333.903268690032
332873,102161.61542868768,22980.715646505272,21108.657164796066,24944.310764308346,183744.98067071274,174805.0861224481,60374.276567155815,110748.8586654324,-28587.331581692044,75134.41528376454,46239.79626518587,-35484.127297086496,5314.375464126408,24754.75667378211,1592.664854718367,25651.30703603152
332874,112788.11374812006,34589.805060904386,30856.865636529637,32356.704703246825,187351.66418159695,186898.41965789924,71827.34922368644,122912.15316889796,-20599.96990865154,85921.52134534971,56690.22107217691,-25300.81785036748,5262.07651851492,27270.7813430581,1295.6898736879816,33411.425365106275
332875,107085.47586614231,28506.25707639481,23625.283972964313,24934.17551141976,187239.43568864098,180615.37510723667,64845.96365193711,116564.74542875178,-26879.01189936072,78910.17084479993,49836.55441379758,-32452.3758323726,14048.584794569817,26628.688292669598,9674.292758197218,27473.316285147564
332876,96522.30053393738,16989.800177381127,13878.997797108012,17503.624765979013,176448.96843240922,168593.78476499295,53421.7219112453,104469.92176169927,-35030.854605871275,68115.17128139362,39379.47402516187,-42676.143288186475,14140.570496613906,24123.179565961793,10013.157438732182,19502.56708059612
332877,100221.91660449209,20880.288409472945,19078.36490919364,23169.542726327836,181602.08517184528,172619.9697097483,58175.24310520954,108554.2656179854,-30318.708274073717,73009.59202259794,44169.149773405974,-37556.17746317178,6440.2039422733205,24395.91198024717,2695.771639468794,23979.648383481046
332878,111792.06755301359,33482.36349279927,30156.839074173953,32030.737607915573,187642.9304768316,185741.14539135707,70844.63214107053,121761.72787046488,-21121.382477260217,85050.92031423745,55848.00191226265,-26060.378568670996,4301.207311057314,26950.554703947644,428.89987537637353,32894.867403751574
332879,109153.34368540198,30740.04782410845,25824.10906104472,26901.073234280513,187371.70261171876,182931.81610582198,67197.2103740713,118903.66465475273,-25017.646338006092,81193.34197371041,52055.44043467454,-30213.826664679425,12764.36163141429,27019.782013995817,8413.228115850325,29262.51574320562
332880,97505.49869553224,18074.87411319716,14585.917307811389,17852.589547031363,177190.0114081473,169735.5801703406,54401.8013932905,105615.6817629337,-34463.538582210036,69000.81711033243,40230.31751736399,-41884.83333247976,14941.112806478264,24403.9442009139,10735.282163273629,20083.21826359451
332881,98590.17287837742,19119.6461129839,17284.597260573224,21528.914781774172,179460.61522034847,170788.7994811971,56284.4908171453,106701.49527717542,-31882.942991354837,71149.97271198162,42360.980501180944,-39390.300299089686,7730.57684319215,24108.512099267133,3934.837364335868,22475.949952078277
332882,110355.78066973903,31900.43452692094,28956.773917666542,31236.15781061998,187683.87985629367,184092.89006247447,69347.90513728166,120104.87477963278,-22071.222686072557,83661.91040284955,54508.37626014652,-27327.656004784247,3742.5695684924353,26551.19442078101,-69.84557118629772,31973.083500491673
332883,110953.27991263235,32680.054824378734,27812.20204533096,28741.915100656828,187650.09050862276,184938.3269757232,69277.44655693376,120927.44036861323,-23324.912066631798,83221.70415858107,54036.12796154336,-28199.850845401088,11268.709342425367,27323.558526633613,6969.476195674657,30883.752768050945
332884,98928.48759118369,19636.334018691487,15754.557799197148,18613.699850786958,178763.33117589066,171368.03939082875,55884.505019658915,107256.15263243184,-33492.54823762973,70370.14611151803,41557.83185648917,-40616.901466248426,15474.607448200024,24774.726206494553,11209.24280828345,21051.15009493669
332885,97316.11884058638,17757.941922506743,15784.189639755248,20093.829677454418,177742.75922353868,169370.7708946438,54767.173163146224,105261.96692536866,-33201.90169925494,69641.85394530278,40899.001734050005,-40902.17084719734,9124.78353743674,23919.30981855177,5269.186881190107,21209.252813242776
332886,108538.5307725598,29912.938802730132,27317.275493367455,30030.986982297905,187427.44141907553,182025.17773419077,67399.53532306585,118017.68357860527,-23397.14727657946,81835.59772129082,52744.17715752407,-29039.846300692443,3576.3042802065265,26100.969311398167,-182.06696226932158,30686.335641185986
332887,112313.55719833513,34140.68303821247,29420.560583984887,30329.6043426792,187679.38216494385,186445.69742782187,70890.35740663155,122444.63997647999,-21946.159267121977,84816.73514800865,55595.780855312565,-26595.600424301083,9634.962103980972,27509.339660183767,5409.108381741858,32191.261798618063
332888,100714.47589737119,21590.183353102817,17338.08590076536,19778.38178120404,180907.54720469832,173401.8237806083,57789.64100728933,109303.70569919572,-32167.09810796691,72154.68267070423,43287.929483125525,-38935.609064193166,15685.67538275772,25210.48728490279,11359.512388860694,22355.583364028098
332889,96439.8740617737,16834.8885903193,14638.307843967215,18926.63916076386,176780.089772194,168404.99639170105,53677.365803676665,104284.46512659156,-34225.64697006299,68533.52627988605,39819.61115609166,-42035.274222859574,10514.389573119966,23814.55145370902,6595.450831158349,20227.97158817342
332890,106472.47591613361,27665.99817938463,25360.739698135916,28504.614394294378,187238.46801011765,179683.8943794924,65148.21444035207,115657.26565723316,-24999.82681440554,79699.42978550663,50676.713148038936,-31062.19685220668,3802.313977820663,25626.8632564891,80.22656807086254,29131.87102188276
332891,113094.28387184783,34975.42148103425,30492.581996311656,31503.748136793285,187411.53620600706,187304.65955706287,71880.78201698168,123306.04712033851,-20997.0243825456,85826.29200328188,56589.07977263517,-25537.4236470738,8002.554942891324,27558.107502602477,3861.1271888612755,33079.873275906946
332892,102767.74052890943,23832.415650406103,19264.411534654577,21288.3581561878,183146.46934427804,175736.50642387528,60020.529517334755,111649.22933959079,-30542.219551676637,74269.4524108819,45341.08525488067,-36914.60464871071,15514.371604113,25688.14888188347,11150.439881510056,23938.639541190118
332893,96033.92653394464,16425.820442105836,13943.963224883528,18092.574476716036,176466.38528883673,167974.04090119345,53099.09778888562,103845.40106362807,-34871.96537784252,67914.13316458026,39214.98421410408,-42700.98756963526,11853.585985503743,23822.922055932686,7864.825675116928,19615.676973310634
332894,104331.11235837295,25344.515850925076,23267.110237060337,26786.565138403686,185880.6570501346,177259.5622373586,62778.287637186164,113212.78922964957,-26749.32918441847,77435.08025359816,48483.0519985959,-33229.54462422365,4395.102191807877,25173.422872839485,684.2948331682569,27434.981104323524
332895,113287.37839881526,35169.17781209798,31004.82240148956,32212.244810161974,187212.03773556964,187431.61640288692,72222.96318239083,123497.48918147954,-20521.469781597403,86219.52987254655,56983.06967395077,-25070.312119741586,6511.822526379423,27479.03017915101,2461.84051538947,33511.93476328215
332896,104962.28369745708,26224.003770395197,21418.592065371242,23053.24164840617,185289.9235199531,178228.26702219277,62440.94121575907,114149.2621196421,-28726.90151402857,76582.22034680049,47588.13287889744,-34685.22053182525,14965.268734000792,26171.894062589203,10585.709121991571,25693.218313113775
332897,96081.28613706591,16510.109617870083,13691.88776046116,17614.62465802404,176392.67020756437,168066.73503835744,53025.20879811156,103930.9562928667,-35131.49293263008,67781.25952365212,39080.51848171353,-42899.85857303541,13091.793936054848,23925.7969310876,9025.559306687364,19379.047823961373
332898,102226.68235064622,23070.042500110685,21136.979073307746,24977.510168577395,183828.3457667484,174884.9701861504,60423.88273397718,110823.49326554437,-28545.07180229503,75167.16351154173,46284.691758804714,-35419.77652348601,5299.289562381593,24750.514268097108,1570.901563128531,25694.4765007795
332899,112860.05270056709,34689.376502682586,30892.381316604755,32391.35861526172,187355.10758754244,186988.65380314426,71885.39686533125,122994.40723689667,-20550.29260304569,85962.22925117583,56743.3485339112,-25229.864944297668,5247.060142879609,27268.95788490225,1289.8120083526046,33465.14548041257
332900,107171.35976968169,28626.22968228193,23670.975307546592,24978.084603229825,187242.04494989984,180726.28921380313,64921.392212272796,116665.45010783183,-26816.36878672827,78968.29963291012,49908.97710328891,-32363.874317578684,14026.87961781984,26633.220224474513,9656.971658253813,27540.361776292266
332901,96603.08545491565,17106.829671913994,13915.099498217005,17541.679531881935,176537.66559787997,168699.25533617288,53490.137847426086,104564.46718766168,-34977.715922703326,68162.20863575698,39444.58403980649,-42597.33363650761,14125.843999330034,24123.82547496215,9992.209547133572,19558.94227426518
332902,100297.15788478333,20993.15071527233,19107.670361697266,23202.291321308036,181676.98490460665,172718.4289670941,58236.17450616302,108641.8208962455,-30277.505381095507,73041.43798967889,44221.41023145565,-37491.8040956758,6437.810911551671,24394.022026101415,2685.6712119963436,24024.067006989077
332903,111873.30017085654,33605.41472132535,30192.910469741368,32066.19622229162,187642.83291078577,185849.36728687602,70914.4979791755,121860.20819187303,-21071.55106265559,85093.05520248864,55909.45934067819,-25985.390161818792,4292.164022959343,26954.746062334936,417.4776743815902,32947.56735668027
332904,109250.036155576,30882.34603719247,25873.73285294123,26942.52862922887,187375.10103037138,183061.42380773523,67285.9341005575,119024.31285284382,-24954.617941420125,81255.10247500356,52135.82796131651,-30119.850606468477,12744.174110476442,27031.559606882955,8398.234626068337,29327.332476649357
332905,97591.1294445537,18207.41178418716,14620.268040731204,17880.04361307915,177276.12024108545,169852.4078060846,54476.376178508806,105725.03921786149,-34412.77072747768,69048.3935374355,40296.36263193411,-41806.371780927904,14948.960768396268,24416.7277639303,10741.302503149134,20132.803406763713
332906,98646.91634661471,19223.11763691261,17290.97229885792,21537.359532722898,179507.74074715603,170872.02986768546,56325.288855741564,106778.693642289,-31850.860288064967,71168.46291252105,42400.159863041095,-39339.93220117346,7763.335808853983,24117.68459352429,3967.498572125908,22504.932487466875
332907,110404.53490701137,31996.45447128845,28964.261481022324,31252.020746286787,187680.77043299202,184166.5148558733,69383.39891295944,120174.4997006144,-22038.544684710287,83677.33421348818,54542.95342274461,-27280.542577487282,3739.203112685842,26556.038925043227,-64.57046114945638,32000.788531340833
332908,111037.36851368903,32816.1264201496,27857.116368982257,28794.08451733757,187650.22906231967,185053.56025695446,69353.73893504182,121039.76244690327,-23263.895574929855,83274.6185319555,54105.40098168887,-28115.105723721408,11245.539520183986,27335.090961165522,6950.047629576614,30937.55234185417
332909,99005.30386737829,19765.233128836924,15787.100344001436,18648.779050124875,178843.21390479757,171476.53933014523,55949.1255732058,107361.94836075237,-33441.26646784184,70413.03483594526,41617.55914592988,-40539.76655346995,15485.06883526664,24787.075507367128,11220.365212180917,21096.291199165713
332910,97344.81723681494,17836.529352736772,15769.96415557682,20089.286648456527,177773.52733954118,169427.58392323036,54779.66517244811,105314.38160910434,-33189.043831843665,69636.02175987324,40910.82396542445,-40871.417245070705,9134.693417205379,23920.08855093456,5284.9495690827935,21213.936072441247
332911,108550.93154188257,29974.083528369112,27295.526596415155,30023.28951762919,187425.4655702789,182062.92817010824,67397.28984887709,118050.2686735801,-23392.175752745963,81816.12569132796,52742.243379056265,-29020.180307372706,3571.8462903778077,26100.35491620627,-179.90997998871399,30684.394039337694
332912,112354.09550393594,34232.62692803349,29434.152232833738,30352.383796429353,187676.4130363159,186515.15311030883,70920.89256877427,122507.08085846835,-21913.006679777136,84831.68991679349,55627.18951249152,-26540.422540423442,9609.380450887287,27515.496099220007,5388.9376177990725,32219.69805440463
332913,100772.0715841171,21698.351264542478,17367.151232652228,19804.30955922332,180982.57736484823,173489.5497224498,57835.17397935786,109379.23163209931,-32122.02728508899,72186.6273568901,43335.08083654269,-38866.26824206843,15671.121092316056,25221.680749067462,11356.306310570055,22394.18820456216
332914,96468.2957906943,16909.356256209023,14640.206499627635,18920.396836388056,176829.53245211422,168459.3258248928,53689.37977663893,104319.8681316536,-34209.511790595956,68533.22271630444,39835.26897828793,-41998.965176737984,10513.83552903813,23820.83620059112,6597.751416768484,20236.13677456128
332915,106472.42325849322,27708.365771244095,25338.20483944018,28485.698903164426,187240.1522491525,179707.036475616,65130.52262226218,115656.54396010489,-25004.490918914555,79671.81125142153,50666.19958163246,-31049.81954375453,3802.947145074703,25626.108234927062,79.33094600791193,29121.15084681648
332916,113115.77939845226,35040.918028015614,30495.400667533257,31508.581672827255,187409.27870180286,187351.43976344826,71888.43740582377,123327.39329558764,-20981.1721646857,85822.78552368376,56602.75728758602,-25501.06283797334,7995.031162127261,27562.260507358427,3846.3873671578276,33093.00410256015
332917,102803.88711154525,23913.546544635537,19281.981179643695,21296.962686837236,183203.800733305,175797.3186586434,60044.7949903409,111684.09394079371,-30512.737413650542,74281.80817625242,45370.82713915846,-36863.23591047368,15509.686626043123,25694.200325334357,11142.83179979821,23964.972880810106
332918,96044.51009734659,16478.955569232618,13934.186212768833,18078.272808841797,176497.9740419233,168005.1951992471,53096.84285067552,103848.3978115818,-34862.947795844986,67902.26726073782,39221.35858314809,-42673.72125996424,11862.822811578775,23825.680980124653,7869.692884375827,19621.82226397804
332919,104318.24154033448,25372.311634058093,23232.989005085386,26766.498905264863,185892.9125791905,177265.0686964635,62754.027169774425,113188.6798184313,-26753.71031290973,77401.89224839312,48469.702869871755,-33220.95707069103,4398.397789659859,25170.340515174623,686.4886044317898,27427.6200776249
332920,113287.53562772014,35212.73354620868,30988.096711251885,32213.67160619331,187213.37774796056,187429.75324625228,72217.74854096957,123488.02667629383,-20506.934132518585,86206.60125352594,56989.47909878632,-25040.762171084276,6492.438616683393,27479.50946053331,2437.78938797154,33523.532087308464
332921,104974.94436903918,26282.358678879777,21415.218524703472,23065.327879508237,185329.12879797193,178264.48734642123,62450.485843442395,114153.903599515,-28705.41403723188,76584.03693529664,47608.26072986525,-34643.353379367094,14927.935354983381,26175.127479487594,10550.473399717757,25711.831916380994
332922,96078.33622521114,16550.337576694677,13673.819109659431,17610.361254411946,176413.09496566548,168082.41937473556,53017.11314573101,103914.9752275728,-35130.715571129454,67761.6571944696,39079.49053380134,-42880.60261654791,13064.235338699349,23925.81237214848,9003.911492843261,19378.1435361022
332923,102212.7616947993,23097.33095134757,21108.88751739729,24967.21368667562,183841.5631233836,174885.0995121198,60402.23198616117,110790.13317146164,-28548.8455398004,75135.72228899517,46273.1183362456,-35412.27152475105,5316.392644278176,24751.910400062818,1585.0573949505774,25686.569879963354
332924,112859.1517205791,34731.13285694158,30881.486557947872,32401.760840711053,187358.73572635493,187003.6223197959,71879.08491530397,122973.39055250211,-20533.720658507904,85949.3537006046,56752.547164249925,-25199.703533503678,5263.0154454184785,27273.44360276035,1290.546024827788,33475.61461560971
332925,107191.8817327344,28691.269918779224,23682.25420065916,25002.233705785926,187242.8813053904,180765.77837845293,64938.50873423221,116667.15598619758,-26785.299049085446,78976.88148530433,49938.28799539055,-32314.081240403808,14031.270954554646,26640.718573077338,9648.90035217812,27563.49318502019
332926,96600.22928136999,17144.423579861512,13898.227560817682,17532.201677159625,176567.0079148895,168710.25070517676,53479.04794040613,104538.3844224743,-34967.39616460727,68145.40855465029,39448.8266239284,-42575.84508186807,14168.931217910653,24130.183209300503,10022.92846227709,19562.305557726446
332927,100253.22581307388,20982.532632086903,19052.013414909787,23160.76848392657,181660.81254677416,172679.51604366134,58181.59669623291,108567.18593875377,-30291.333269495903,72987.2002065026,44190.233051381685,-37504.20038400101,6486.776402165997,24394.076049711017,2719.584840792126,24004.854791228445
332928,111846.98617004092,33610.29265582861,30161.873691758305,32055.66842195434,187644.56441224657,185827.48510553717,70881.60452985241,121801.38187235361,-21062.882524128945,85060.88753871921,55901.471117457026,-25970.924121683056,4307.055019609095,26955.088449393756,418.7383584594278,32952.10510878571
332929,109268.76529401523,30936.99132879951,25888.882617912976,26971.870133531986,187378.78830117834,183091.66528896106,67303.14106486214,119015.78168043608,-24909.07948996757,81272.40593920939,52176.80284953653,-30055.877500445855,12755.181440656475,27040.10874862452,8401.91298248912,29367.40419066586
332930,97574.67080605414,18223.14377231419,14597.631852664006,17872.32775037288,177304.74815297616,169845.710060796,54453.86422164824,105676.9924798716,-34401.10208050837,69028.56983177486,40302.63780970553,-41780.23980405283,14982.611796170058,24419.841149740132,10772.5549685894,20140.790385143562
332931,98575.47975751053,19179.06694196071,17217.29181031007,21489.507639666484,179475.91635887796,170803.62044661635,56246.449892920864,106668.76571974048,-31884.016658806944,71095.91725742951,42353.48215004166,-39364.98190748635,7791.377234889116,24109.82552363744,3988.5452618689624,22469.243754635358
332932,110326.40179812157,31944.370506844145,28893.24407633997,31209.087395352242,187678.29146532348,184090.28131141997,69303.13570769105,120056.14999187818,-22068.48362567072,83605.50634108964,54496.371027516456,-27300.142223982584,3753.92415377375,26547.882537396745,-56.64028510881768,31967.584430407423
332933,110981.89561964443,32788.81267840088,27814.568385114762,28769.926285728096,187652.4148833224,185003.63209291262,69302.56375441395,120946.68302280459,-23267.16959329479,83235.1452159517,54088.94680567718,-28102.096332785648,11247.800558366991,27334.364799460367,6950.594459647423,30927.517280084052
332934,98928.15578581409,19712.748722914606,15721.327753652347,18599.25334849632,178821.3807300239,171402.57402462699,55875.11679893606,107242.9828578665,-33463.65101289637,70350.20055398351,41576.61516499279,-40551.43230652697,15509.843232229057,24783.520550059045,11234.029153568,21065.764475371478
332935,97226.53206932318,17735.555298352887,15668.339069766715,20005.689576660807,177707.42532584997,169305.02015265697,54662.33848584978,105146.05597713831,-33239.35744491019,69533.37166087257,40831.73190472219,-40920.280821414024,9179.688128977441,23910.66629348243,5316.265271714012,21155.429329857576
332936,108413.63570946742,29850.788274257644,27185.33081692171,29937.298192857008,187421.47159474972,181917.04360534728,67263.54113836147,117858.56249364559,-23442.94696334163,81703.9631681128,52653.78660221195,-29074.463642035113,3606.017613254003,26087.8818882704,-154.98735546857256,30622.029951341465
332937,112230.61607776493,34122.83425232548,29344.339791928352,30292.89045890813,187674.1322483464,186383.18254412437,70806.42653762817,122331.12328889126,-21942.526877263528,84743.75669176257,55560.87870439075,-26569.58558065848,9634.670521212058,27509.275961524996,5399.583020038993,32173.140310165516
332938,100632.57854937614,21571.056981181828,17264.21920511914,19732.19440938691,180898.5360547275,173338.57381558235,57706.04773857313,109187.50727673688,-32161.136069234442,72088.8227353871,43257.84122608451,-38905.216439987445,15716.331657796454,25217.39953077266,11384.307793369127,22338.5682393831
332939,96301.47905191296,16750.610927830185,14512.576186485352,18824.6240420709,176718.92143143673,168273.79886627177,53532.129718472184,104096.29370559774,-34262.297207249605,68411.27222204633,39734.09495613376,-42061.03807642689,10569.605316682646,23815.27875639555,6643.72217672383,20169.108206666162
332940,106300.10758455996,27540.934127576886,25211.105991775858,28393.308717202388,187239.5483800541,179510.48876317975,64970.199696995136,115422.71956398764,-25051.43686764491,79549.2864555744,50565.010446413566,-31110.754374310105,3835.7560716613566,25618.54254084702,101.78775052137176,29058.661933034786
332941,112978.93989498596,34909.90381188654,30405.408332206833,31453.656325698965,187405.1258050779,187192.23723795742,71767.0325958607,123131.97558222825,-20993.567599899478,85744.41946132842,56542.39218347766,-25516.836829784683,7999.6428147713195,27559.858371282447,3843.997570401669,33062.99702218341
332942,102687.27416740108,23804.243580637267,19206.351050826837,21252.258111643583,183139.63603116205,175661.63713174302,59942.44072107336,111513.12644282087,-30508.92281916156,74229.87316764238,45333.89122520105,-36857.587545807924,15530.594756135171,25699.629547001943,11155.387907816126,23949.759720696056
332943,95915.05319199554,16353.917943550212,13843.690012010979,18018.03910588372,176423.65150653996,167853.8990108124,52977.196000719145,103660.81607741979,-34872.81034006677,67833.4843366773,39168.58498415627,-42686.24733529431,11900.182139149825,23826.757111995565,7898.175251579782,19593.10750840564
332944,104168.71632445506,25223.39587111995,23128.157767895213,26691.402469332577,185805.04242315033,177088.60615386703,62611.643726146634,112973.3956880132,-26780.90470081119,77312.55229291943,48395.6792938786,-33252.1202987559,4432.38280864125,25164.894639717728,700.9086952625476,27382.47037184741
332945,113145.6995643914,35069.81675819057,30893.112387582372,32149.008474529743,187212.43998021202,187348.96923938527,72083.02877819032,123277.49813413568,-20527.202379605853,86127.24108830134,56924.05993978542,-25058.91829930124,6511.698050274915,27475.904104381356,2445.0945424460815,33485.971983501775
332946,104863.62763052792,26170.698209993512,21346.627166116206,23012.87965329663,185280.92772951402,178125.83140080157,62345.71285652016,113975.41166519998,-28702.849112592445,76533.56861081457,47571.83381798111,-34630.473719824746,14976.175268510768,26181.86319586368,10584.55133057282,25695.187375142057
332947,95954.04811508828,16422.938005227195,13588.327231796946,17540.247914370557,176347.2486195186,167927.37735327779,52895.61079319686,103718.96940548137,-35139.23621735805,67697.70549641547,39030.36294126269,-42878.91290629949,13118.907613105926,23927.47893065137,9044.812809195357,19350.35719979866
332948,102080.0130920103,22958.944031687766,21018.539349198163,24895.23047164079,183772.48471437328,174719.4861626681,60272.77699656902,110580.81371690345,-28566.747813866168,75066.04063477789,46216.82128960519,-35412.85607214004,5311.398124983927,24746.73122616432,1572.4051020611137,25651.601718223934
332949,112728.78196405264,34592.22160446434,30796.48144730323,32334.497391661516,187361.5756269324,186838.9959693382,71750.90588849678,122762.35103639108,-20557.428920742394,85878.83683602698,56693.28430547286,-25198.995020677023,5224.721479135821,27263.129249596328,1252.7405559392694,33433.61960271604
332950,107073.52392320937,28563.882005470892,23606.95555219145,24943.176244754584,187241.98317290426,180613.9395196919,64820.55503238861,116466.65419620587,-26803.107566333045,78915.77707548958,49887.90990139037,-32303.789344183762,14017.271714997101,26632.699802331023,9628.108111759411,27524.732309627536
332951,96490.78520751017,17027.561209287516,13830.58179899906,17473.03118487414,176533.60535924364,168569.27854235622,53368.575471834745,104344.58845527186,-34978.568125580125,68092.95749788082,39406.96044362681,-42559.771331538854,14151.013103289011,24123.533276381386,9998.651749700352,19529.06506212114
332952,100167.98761006513,20892.391100457626,19006.46296978327,23120.72131421297,181652.33388110512,172564.21558144432,58094.44580648699,108396.24720245905,-30289.16691914681,72954.98809281219,44167.36260115024,-37469.75437367478,6459.571867198805,24390.695888872655,2692.9757165930123,23982.56425696214
332953,111766.29397408901,33526.59031394448,30119.490019544115,32018.65864890176,187646.88335071807,185717.27594697115,70798.27735635266,121632.96549850251,-21060.06288935184,85031.750050137,55881.55948382015,-25931.641458838334,4281.669604908455,26950.278744929376,392.2310762011591,32926.79915531502
332954,109201.19846915534,30869.351735279713,25857.939774096987,26942.944184653454,187381.2723341646,182998.1119246719,67232.74098429177,118859.98676300698,-24894.588837994746,81256.6867678508,52169.2657392448,-30006.002037007336,12723.515937735927,27038.003344702425,8368.518606276162,29350.861231613417
332955,97526.89861871037,18178.221653161952,14580.646111827538,17851.418622289777,177347.58171839488,169775.8671577499,54399.85957074659,105539.72256844665,-34375.16055242998,69024.63018820583,40308.24820818455,-41723.19998747676,14954.321847020503,24419.328821218332,10735.247464343818,20136.71120922712
332956,98541.39031441347,19147.48762036668,17208.388205853913,21473.12073141944,179527.70119856368,170747.3527583679,56200.32545573296,106540.79082285798,-31853.80760468802,71094.85928357876,42364.41986299855,-39307.89589615322,7772.020547716716,24111.174508884324,3957.0721263129326,22469.41604416199
332957,110321.7549879266,31944.713567432947,28908.5712907192,31213.203325940547,187677.18208133365,184064.20843507134,69283.27867832013,119956.01303380661,-22016.978014107568,83628.14573941816,54529.096412149214,-27220.199305097038,3732.8118142074636,26554.69167926097,-84.68919202960043,31985.89391127827
332958,111032.93592779229,32852.611020814526,27877.811452036178,28815.702267775334,187654.16105844156,185040.9337096944,69340.12522576677,120907.92584111297,-23174.342439677082,83311.09480633581,54173.38237641328,-27971.81745702481,11218.527964480045,27351.185139390076,6912.675334874521,30984.61255720698
332959,98993.55847053617,19795.622006716098,15789.23833223259,18642.558457741547,178972.95691270166,171458.59674186795,55922.53500475656,107219.02144144097,-33368.60219471219,70433.58226789001,41668.669464684564,-40418.892832631755,15499.223230538053,24802.136977575174,11215.882469045586,21128.1467953201
332960,97266.55699535509,17796.463250868306,15702.107840902408,20026.345841145758,177833.6535809717,169336.43052474607,54678.476624734205,105092.94764396458,-33175.77523645247,69583.71338982061,40891.07083831863,-40824.22089242837,9185.851858676844,23921.847571205824,5313.504823874986,21189.408380026136
332961,108445.49495552632,29908.557104570173,27208.00544482799,29957.916843939864,187419.3334991866,181944.93182654533,67273.15850908664,117798.64323920211,-23391.034683729056,81743.23251698607,52702.49417851815,-28988.817205462223,3601.5051072260294,26092.676344005857,-172.06509597593683,30643.709578545062
332962,112303.91102446627,34230.320901546,29406.882185324688,30341.94501443822,187672.46023195627,186461.98233843653,70863.0468805088,122321.22199928311,-21857.22246454823,84825.51748548294,55651.636819738895,-26444.214621052353,9608.240846697827,27520.9004575671,5365.144225712766,32224.88693234454
332963,100733.68424412073,21711.04603959345,17348.6567052815,19791.720667038495,181078.94305483112,173452.769906934,57790.40630302321,109212.62782901805,-32055.80600838434,72190.8882272583,43371.14806655603,-38772.11829993868,15701.080503346053,25236.32872546311,11360.978866158519,22411.57501750278
332964,96368.29845207688,16855.68589293607,14562.49127760039,18858.059028831616,176869.7652486612,168356.60591896996,53577.76419788052,104085.98393714461,-34190.50839993995,68469.96340288146,39809.02288306744,-41981.35096899416,10572.523470401584,23826.961584837605,6639.208305105723,20209.6350444149
332965,106339.39744778356,27618.65919013734,25240.472364841193,28412.342302164725,187240.54665956937,179569.15082301944,64989.39597982732,115385.50982494195,-25002.79900530414,79577.35782821375,50610.55623374105,-31065.685813650824,3838.3830660608846,25623.484803493368,99.1961641897573,29073.75443727356
332966,113028.15807252371,35001.85629089501,30448.74957651618,31488.76682140778,187402.71076579046,187267.37526618913,71803.28403194043,123112.87170048995,-20934.708194822768,85785.24297723788,56601.74039516637,-25461.91133558302,7985.109807054456,27567.307115599844,3829.5347595374205,33085.47145029105
332967,102753.24509101422,23915.765834632464,19262.258640615837,21297.93995489138,183290.76274256717,175757.3247878406,59999.023349716736,111517.54668278637,-30441.582766207284,74283.22331265925,45407.737345516725,-36794.10207309139,15519.925442664604,25711.732992837668,11146.67923069567,23986.94482379341
332968,95958.54629723777,16443.16139036762,13874.279759325489,18037.060189109325,176547.58771728858,167926.41384103932,53011.35109263526,103643.50823470959,-34825.32196694016,67862.23948427162,39220.599820383024,-42650.052814119175,11909.089912849488,23837.244370519613,7907.110465567847,19616.644841562076
332969,104181.38302549078,25282.203582582275,23132.39818283874,26691.80158114725,185911.26192779758,177129.70377030852,62615.77378391134,112923.9213334241,-26752.214279799635,77311.72601833558,48421.27192449306,-33242.726309713864,4436.908885942881,25169.843049506744,704.3437888365735,27385.88242096951
332970,113179.40369779264,35155.06785856629,30922.464005509966,32171.72198327881,187213.8114265643,187417.43944351323,72113.91796485726,123255.63298639868,-20476.873026703142,86149.63046218148,56972.19318675448,-25025.243899034824,6492.624172559463,27480.743043801835,2422.9084694036596,33507.56842921156
332971,104929.53533869107,26293.938301785576,21400.98791857275,23054.055707910156,185441.4770026956,178232.02406239798,62411.02268445639,113993.66598564404,-28628.380648359504,76588.0976625171,47651.62627031412,-34571.30246298048,14960.346449100929,26193.8420849334,10560.136625020965,25747.198265876603
332972,96002.90874921429,16532.39644981079,13618.057418402219,17558.543143419978,176470.40155638746,168014.90149442366,52941.59149809505,103723.3404264876,-35086.28230329722,67731.41501881526,39090.848078470626,-42847.35794564878,13119.281751117018,23937.867036577387,9032.415096227269,19388.692403334462
332973,102083.92807162988,23024.576251161358,21005.699386820866,24885.448129157732,183848.95281959593,174758.65259188064,60271.18085195236,110539.01708433496,-28546.386576157063,75054.54059863652,46234.49555551638,-35425.72093050209,5328.27044331818,24748.644630997384,1580.1830189031675,25657.259287792167
332974,112751.89968906718,34681.888308454276,30810.103612149847,32355.50611051137,187366.3886609481,186902.56162305127,71772.87230822677,122744.96479005183,-20506.470596231295,85895.14658455047,56739.03542132114,-25182.56643606471,5224.762663164224,27269.79937200815,1248.0515438329767,33464.03545627565
332975,107138.39104370835,28700.6910799209,23658.75656462164,24991.08891286687,187243.09915500943,180726.91076142385,64884.70315492173,116500.19599345472,-26718.013329308258,78975.31617705515,49976.245156517514,-32248.00832396529,14014.426004043424,26650.338148485047,9622.951859083632,27591.10737888918
332976,96538.66520585402,17147.596887492622,13857.919801192369,17498.90784997925,176656.41638188052,168662.81098613175,53411.14616008295,104364.4311257679,-34917.21644079934,68128.46448528796,39472.34972637239,-42529.51620424917,14173.71793865096,24139.011467045435,10018.025982687032,19577.91702012788
332977,100185.6451902256,20982.59949386753,19003.84837410015,23124.25702727376,181727.62895761707,172622.41297916672,58103.838945167074,108387.75303884054,-30253.190937357344,72958.4592366862,44202.98091864123,-37469.739315792096,6484.334402776303,24399.695582922162,2715.4731267785564,24007.09244177736
332978,111789.94797934298,33626.73787228354,30125.252324596244,32038.722710328988,187649.2109116902,185783.5596048405,70816.02658835756,121637.94758220564,-21010.70713157177,85046.69681760573,55926.50301703936,-25919.682715018327,4279.443029039398,26958.647177772586,389.78922529149884,32959.39091615274
332979,109245.02393582335,30993.694401670793,25882.175232224698,26979.002121770325,187386.2930299291,183090.76807290496,67273.48333412212,118895.62373607178,-24831.77770080094,81288.15590958446,52229.40077148613,-29977.95130030608,12721.468092476713,27050.093908822593,8362.614876454714,29395.815942472775
332980,97545.74231903191,18279.131837711593,14575.338527383758,17856.251206027904,177429.49863672606,169844.8031280986,54414.31696730054,105558.36800477903,-34334.26537580844,69033.06440980236,40345.20097124907,-41718.64492452158,14974.339694408522,24430.104960655583,10755.898107836396,20164.236553506234
332981,98530.83251036439,19220.6171965906,17174.44932006229,21452.007976271947,179567.83242306893,170784.7989057386,56185.23002732715,106536.95283097087,-31834.667515180052,71078.12679055674,42376.94967441584,-39325.846400486465,7801.844109986247,24116.65208541759,3991.1704964778455,22477.032465146047
332982,110305.49906593836,32013.224573260544,28877.5104015266,31201.614432521183,187673.83787564543,184093.33652109478,69266.18800964451,119955.66369142459,-21998.827940417395,83610.11291340797,54540.40418464942,-27235.638978562663,3731.62918065533,26554.20575018133,-87.01762947006677,31991.75084297216
332983,111041.8906937573,32949.6182700278,27874.452416865577,28833.54373104587,187656.77882261318,185098.5492194235,69352.46595944275,120946.0190307264,-23133.967591608714,83320.05328348174,54211.57172817904,-27959.529008861635,11204.928227382316,27356.697087590306,6897.223724912277,31012.608947985427
332984,98995.3220047954,19888.365436546803,15777.373172833404,18653.05042839262,179015.73891530186,171515.4412641029,55929.94165877447,107262.38011829338,-33334.020807350375,70435.57374002627,41702.05811746915,-40413.19306188729,15488.4222674966,24808.678174627334,11204.474728672194,21153.626119765366
332985,97263.14592673948,17884.73788706497,15686.224616563175,20034.148829130212,177871.0665703811,169392.4392603435,54682.53070922511,105142.07650455066,-33144.68847385874,69577.60400692138,40918.97847398235,-40824.85473080145,9165.984440156015,23923.58293933609,5298.118708986113,21211.05250786674
332986,108458.37694015291,30014.931697874046,27206.25514593351,29970.89108209269,187414.63800594298,182016.7785911975,67296.1971110368,117874.9212183687,-23344.669436393786,81751.75404464382,52745.6386575303,-28973.870969707998,3594.820517556429,26101.816151057163,-169.3183945154741,30677.6900257252
332987,112338.02624815478,34362.64275395339,29422.665155076917,30370.512855695593,187669.14357416553,186554.38653979555,70910.81588705195,122429.80537771886,-21794.935259570426,84855.60155634614,55714.1238030519,-26407.093274296738,9599.346799014826,27533.876693490303,5369.396223875172,32276.47084039208
332988,100785.6287815978,21866.08748266681,17377.21741925976,19836.105687871863,181133.25258459966,173565.73058200598,57858.1488433152,109348.54294298922,-31986.693617394532,72237.82015197698,43446.84785076631,-38712.10629762575,15684.466560101691,25248.511047577304,11353.16083238745,22473.15665668376
332989,96425.33727910896,17020.065131706797,14591.559347821254,18894.719666201076,176934.27118165483,168479.4481485145,53652.31742475109,104235.39687977739,-34123.71246226909,68521.16732367064,39887.63749908413,-41908.57449349329,10564.897621157408,23837.639456191242,6629.805725834237,20272.900126529592
332990,106381.63210266976,27768.99141383005,25247.51214948688,28425.149793466822,187240.94555788708,179677.11306931818,65046.26807673651,115523.51720050396,-24951.584270013773,79612.83839816571,50671.510784933154,-31002.265866137714,3845.1402643174997,25628.338385983916,104.48143744309776,29122.481466786998
332991,113075.5617629624,35157.24954651419,30457.295900336023,31500.140786997523,187397.68774376862,187376.65883233305,71863.36297436069,123257.50301482942,-20881.209369829503,85821.51542420116,56660.675518225165,-25394.082520787433,7990.391769673499,27569.96889996995,3837.1236502694255,33133.86746190001
332992,102828.43050437502,24104.139638161447,19296.933066698166,21331.547445482964,183343.18747770143,175893.2598370744,60089.42266361408,111696.29817069913,-30365.058370988278,74346.84399979122,45492.57655145692,-36698.03275439932,15519.515442689404,25719.107159299158,11145.489538752809,24053.541927206825
332993,96044.52157844315,16646.35525675168,13919.344592772035,18083.80336095658,176606.4867430192,168075.16318464855,53113.250134167334,103838.35746528051,-34741.31235406875,67936.03532022896,39314.18332349823,-42545.18846196882,11903.341776502988,23845.586214417584,7893.186765392247,19687.753427789667
332994,104257.12238058793,25474.599863951724,23165.912780909497,26728.890054895794,185968.13057672628,177272.11391565893,62706.36369277859,113109.13922318388,-26681.305680805464,77371.53051116545,48499.78475901012,-33152.509718894304,4434.990897183583,25173.418091242936,704.9523976231881,27444.392593400833
332995,113250.32439006702,35342.35055806092,30950.698315781818,32207.296949726304,187213.99161698093,187410.60884184006,72199.8464945999,123438.24248049554,-20411.096019565404,86205.05568427285,57045.613553878036,-24939.898794870867,6490.464961099457,27482.755815218887,2426.2471272956313,33559.82547770736
332996,105022.04833666998,26506.66593782208,21448.97020038809,23108.36134132951,185514.53859130695,178396.6891188157,62520.288619600746,114204.67097367338,-28548.42964430012,76664.78876611427,47744.257220800544,-34468.5373499804,14968.279216061215,26202.360866283525,10570.859928370257,25809.842834440744
332997,96088.15027250892,16737.73482670247,13656.225016162534,17603.87701448155,176517.2961609814,168169.15526782497,53041.04652235269,103927.73699815736,-35008.366340916764,67802.65987564239,39177.76758137399,-42751.22811767763,13158.701692847837,23949.631499410734,9070.758429555866,19445.392693933776
332998,102149.59372527954,23206.44844823259,21027.221019443998,24913.086847615887,183872.1099193055,174889.24454422176,60349.00059512924,110718.54690076667,-28480.86564040598,75106.49032285546,46302.20154503632,-35348.44745125101,5354.7521821389355,24756.238095753517,1610.309733337959,25697.795906052514
332999,112818.17712093718,34863.472110170354,30836.431846246865,32389.937214337428,187372.39881481195,187037.59566246346,71854.3237793507,122921.55257401521,-20439.34775847203,85948.51080829589,56807.07355061538,-25103.32267605852,5208.357377368475,27274.18688541471,1237.7418716238462,33505.15862332092
333000,107221.21162244707,28903.637776472962,23699.72684738921,25039.38227301401,187242.82985566277,180886.0298083171,64986.340222140214,116692.95717428016,-26641.659094680428,79045.60871940151,50060.93814289404,-32154.71415783617,13995.180275914938,26660.069954322134,9607.391449378361,27640.53948226178
333001,96581.52092894324,17310.741166302454,13856.003809351732,17508.204723386087,176678.67492157314,168777.36236651882,53468.04349629097,104509.31255257715,-34881.022712840524,68154.38041861358,39514.886488260265,-42483.87477040617,14181.6664541711,24140.880443452355,10030.528484696668,19585.863618273255
333002,100196.27697610488,21111.105437577073,18979.122078383385,23113.722081278534,181709.41336892353,172696.1266586589,58128.45605218348,108487.814447746,-30239.362801601266,72953.97516700714,44215.917674026605,-37453.96419664884,6490.710829707123,24395.137963337387,2724.4226059204534,23988.938229756215
333003,111839.53910553055,33795.47990657175,30149.508192594094,32070.933830964364,187653.61944031122,185898.19817012287,70887.52972183759,121768.45627777949,-20955.394102036957,85087.38108897948,55983.39104321897,-25858.113120941576,4279.321039372392,26961.245393758065,381.0219665149492,32982.38781229988
333004,109291.56812619872,31159.2424291726,25902.362871481535,27006.08527184969,187392.58392084623,183205.09384519106,67341.84089855987,119009.31624307617,-24772.322879760148,81332.9087990183,52290.447259052904,-29912.0933534275,12748.20798670852,27057.55226129468,8377.434978556179,29427.042081572166
333005,97550.88818779678,18399.923451519702,14554.87724827704,17849.92964163088,177458.3289409595,169915.5691563053,54437.75646480598,105609.47498926522,-34306.89615053771,69037.47216020584,40367.50912246923,-41693.1500419633,15004.580158054177,24432.199698458568,10780.85116456947,20164.262976030725
333006,98529.96336328115,19333.74488611259,17154.571202105286,21451.27426588738,179596.20389486608,170846.7942946163,56205.337649948146,106563.07266526362,-31810.383189885957,71077.4461438237,42394.1629842248,-39307.092084310934,7806.734087994517,24116.59468512659,3989.445967643127,22472.41910351777
333007,110328.18886314872,32150.782471505983,28881.40304368718,31223.68973484404,187670.3656316907,184177.43464003238,69314.3907750853,119990.41903491477,-21953.96624753552,83635.437500712,54583.67876079245,-27192.569002382024,3738.588146164007,26561.327274619023,-87.38568570545739,32007.951799219907
333008,111033.51961357181,33050.99254065599,27851.654642669433,28828.25010606998,187661.7119378803,185143.89253514426,69365.70157012872,120925.95038551651,-23110.665810493025,83317.07843331104,54227.14385765104,-27944.534727384565,11238.396752484006,27360.580887920405,6924.182907416412,31012.20204645935
333009,98937.57734891347,19935.768386451244,15722.882683846632,18624.943749345643,179025.24401975132,171506.7791934574,55893.83126820858,107167.07302634334,-33343.38021294812,70393.06210285422,41679.17976702602,-40439.09557025633,15524.087748575403,24807.84526202741,11240.541401186432,21120.12971559802
333010,97180.25311846414,17904.606826255324,15617.13301552728,19990.039727960946,177881.89659688887,169356.53117213614,54621.887628004326,104998.6958086259,-33164.474989384726,69518.51627025168,40880.058687507095,-40866.68590973329,9197.594537724117,23922.239863792325,5328.6684888562,21166.08698714699
333011,108388.7131349822,30046.795469819124,27151.579088690447,29934.827555999214,187407.2800760459,181991.76245841334,67246.40740374765,117728.65771638005,-23346.513299720278,81712.63808864713,52724.161007750794,-28994.18591272834,3612.9094142962504,26102.203722486745,-156.27392833298717,30649.72944551063
333012,112281.89576166538,34405.02395824928,29378.875764510663,30341.222941792163,187665.62142832726,186537.27168136463,70870.9345430462,122282.3972354258,-21782.863262443112,84829.78095690443,55705.56575220673,-26411.674713364348,9617.133348649711,27537.700119194862,5378.721040676555,32260.929812593335
333013,100753.36479553874,21933.382419908747,17361.64760704349,19824.96555992747,181197.7410384979,173571.6594556385,57843.4764555326,109212.51229820971,-31945.69701495375,72242.62276385931,43469.99478445429,-38685.58825049386,15684.121774687621,25258.986536023018,11351.827508722774,22485.470144180166
333014,96394.34669106465,17088.837778862395,14576.676939534405,18890.99544684671,177023.26349669322,168488.25731149188,53636.54014711155,104085.75797646216,-34075.33347798727,68534.56807943174,39918.67274163175,-41875.13752577799,10548.335936987169,23847.4169901674,6619.453055693651,20291.662258081564
333015,106349.98414108744,27838.180781683754,25229.926884986042,28422.076041183125,187239.70179866685,179688.02406425893,65025.376106804695,115361.61061786693,-24908.33091213167,79624.19547535482,50700.62807677989,-30971.904078357562,3830.6748717201085,25635.480985492995,96.03548172473114,29134.277223820263
333016,113054.46381426355,35237.88283993952,30445.756332994053,31492.530575560937,187389.56485921162,187396.16660880938,71847.39961938353,123098.44166701444,-20834.66642708597,85841.10954939565,56699.32346264563,-25356.856670654495,8001.5677135626065,27580.791691385246,3845.17610744206,33151.12471923961
333017,102815.81180917262,24193.023557047847,19295.32885551652,21325.843586926298,183449.2031235868,175917.02959125512,60079.11281846343,111537.51069139046,-30314.11482578637,74375.25654690305,45540.84253378782,-36653.81741598532,15517.706709427264,25729.389171502437,11150.184276333315,24080.402747548957
333018,96040.82821555878,16746.330651890727,13930.463834617482,18090.690549203508,176731.38430474582,168108.86561757998,53112.413114848714,103678.19522417625,-34682.87697687153,67974.45422475628,39373.04162695256,-42490.96022453983,11874.728967412448,23853.918868443994,7869.935285217558,19724.20431128465
333019,104268.93844215745,25590.705760220233,23189.618137432004,26747.49185227719,186134.63735842574,177325.2501904499,62717.82665067252,112952.50086925508,-26610.87568532351,77425.6363700031,48573.94850516849,-33081.636385850376,4392.104428027022,25183.378010746485,669.7374617642549,27493.013811354733
333020,113246.72026563158,35441.01916348632,30950.21471706601,32198.378020325436,187212.11013564275,187395.25713685417,72187.30649979942,123251.22817827464,-20361.883701169365,86235.97640426975,57097.0893141443,-24890.7255783176,6485.384640591751,27494.392668051878,2426.774367386647,33589.85340381252
333021,104981.78239616635,26565.33080693595,21411.35315781609,23065.81751490852,185636.52102974209,178393.1157050239,62465.19418627879,113965.88454960503,-28530.18252018579,76655.84233266918,47758.706334258124,-34457.386479727356,14973.54746276096,26205.281649877583,10583.09284259018,25814.870605386797
333022,96088.44145392586,16840.080719622663,13664.414046979258,17604.378183356595,176675.71581022238,168207.1672286297,53031.49810370711,103724.03357522559,-34954.26159530779,67837.03716544004,39235.78047785025,-42697.1259778572,13119.145924099055,23954.9021228234,9038.033605164255,19487.9486798839
333023,102227.52944383466,23394.194116373874,21109.601342846665,24980.17736254658,184123.6901156378,175015.20030478635,60421.68493246048,110593.14354010297,-28367.357355714434,75218.5293658377,46435.596855537355,-35218.1912922497,5285.334103903987,24773.652484730475,1546.024667106211,25799.52127378191
333024,112860.58335570397,35014.24952787914,30872.109700197863,32413.1874129593,187381.24315506022,187128.63510693167,71880.89245941685,122750.98200182045,-20367.40375092473,86017.02741048104,56897.59223177358,-25015.732604706303,5203.896122854795,27288.398677407982,1230.7315510116473,33568.49865438856
333025,107158.1599999197,28938.493431540188,23634.9602143799,24978.430483398843,187239.43836710794,180860.99395529178,64896.25283656091,116398.95910769416,-26654.649420550348,79003.3513272406,50043.33863098289,-32171.665223563574,14022.08725699257,26649.960444256485,9635.146945706998,27625.99233668443
333026,96550.7572929187,17379.49207041956,13835.062379524807,17487.510564440498,176840.43826229966,168786.73609040165,53417.574814995955,104246.62028141445,-34855.3123534397,68152.5795012659,39537.265420491945,-42456.8525099736,14173.590192403242,24137.22596618077,10021.582148832016,19612.405439567032
333027,100261.05141522357,21282.934362788325,19051.61898106912,23169.076210335235,181959.5009709524,172810.0197543964,58182.35191489774,108330.3734163951,-30132.92987427381,73053.73736172308,44337.54716046548,-37327.61672979288,6450.993750548009,24409.646223618372,2681.2463885682882,24096.09928952114
333028,111907.87189788766,33970.189531149284,30217.83722016781,32114.44067659918,187664.13600226154,186016.70059294574,70940.4439059624,121617.41464267291,-20857.6010131854,85184.83525179351,56103.12111789727,-25734.122222769412,4244.169430606829,26979.107591850217,352.1218478874532,33082.354001299864
333029,109297.12785800433,31265.01248255543,25908.61412909128,26996.97336168433,187401.53513717902,183257.38706253923,67323.82703466852,118793.22716512726,-24728.804782773244,81361.64457397434,52343.41697215906,-29853.880076344645,12716.72910371684,27060.175157370264,8353.204341480847,29473.22657340981
333030,97533.68076059397,18480.34382389846,14545.212352038929,17828.779310977974,177628.36625487753,169945.1285709636,54395.889091923455,105377.24866710723,-34282.167285225834,69038.89394682954,40394.931776628146,-41660.80973748918,14982.450557934968,24426.704693380205,10760.300887597732,20191.39712534657
333031,98543.20762049363,19448.662548415054,17175.561762532805,21455.42863423109,179782.25608588132,170909.96913369448,56196.96178095103,106379.62534237385,-31758.33563630838,71113.57056228994,42456.85023980092,-39240.87462496721,7784.937042709469,24116.53734714387,3968.1993873906877,22526.267791515085
333032,110387.65413485262,32317.684467526622,28942.598398742495,31259.82274215147,187669.42761860054,184291.49646995903,69355.04282626172,119875.42327129106,-21867.075293482405,83719.08823139391,54693.19563186534,-27080.133406485955,3716.071361813289,26571.16775133501,-111.49062796514805,32094.745905505493
333033,111094.92929136037,33221.57986358435,27915.171343126585,28864.18837727134,187674.13534540898,185262.9336914578,69411.6211962386,120832.31101237715,-23023.77547940784,83402.8456505558,54339.539131373705,-27828.326253291336,11194.010374501922,27368.924069246423,6879.611654204573,31098.362370302457
333034,99002.12003332967,20108.952546135617,15781.06795091494,18657.00785026564,179221.88768600987,171629.88563203154,55941.53446157906,107092.24743396619,-33254.310838463905,70474.1463387273,41789.33198786991,-40324.30237804064,15467.0079589189,24807.8491906275,11182.823462411983,21209.275899770844
333035,97238.29208161485,18069.152550324878,15660.021680721095,20005.44208943984,178069.08937920775,169473.0914216161,54658.46079471792,104932.06037833124,-33086.52201873588,69587.65949048044,40979.22395433983,-40764.11881705522,9162.089047057652,23920.191803356065,5289.664874843532,21245.854714224788
333036,108457.93437518225,30222.56689541986,27203.377566784133,29955.379890146007,187394.2494059014,182120.42573666238,67295.72974733327,117692.59888133834,-23275.398522423027,81782.94074323369,52826.576770529,-28892.00054397808,3585.0893968761116,26100.47126184589,-187.98459369490092,30725.31888986301
333037,112398.49024823519,34633.26747640408,29479.161708620166,30401.196282854824,187665.8363664171,186718.42405113293,70976.09289336464,122319.40409156335,-21681.93659370555,84946.95424733945,55853.32271094255,-26267.376567974334,9576.051136477547,27543.879363309872,5332.765446051012,32366.767841038796
333038,100853.93081962009,22143.467438122316,17442.70132946988,19869.699166061662,181364.6778080155,173735.05187133834,57932.06826425725,109248.93017914111,-31859.350926806503,72342.9801875405,43602.336955694234,-38559.67571517956,15661.569753230851,25264.47065168027,11322.66111715004,22576.88770113355
333039,96430.17618174669,17226.569054457563,14596.22363251187,18885.371209118868,177131.59469469916,168579.46413328423,53654.318061045,104059.97249358501,-34041.30646243443,68563.00071763626,39984.66166761126,-41816.639100958615,10540.777287638342,23839.325261429425,6605.861874867632,20332.66356515078
333040,106348.06121164006,27933.562531628373,25217.220153975515,28396.380692641396,187230.66239785912,179738.67152769148,65004.86668697962,115302.97938052841,-24901.191188369514,79615.04999701252,50730.74753551205,-30945.220847985453,3824.5835642965876,25622.704719058765,87.78667827756843,29150.422523115
333041,113067.83887254215,35349.88066789656,30452.3888118674,31491.676577014965,187375.32899112557,187381.01354664646,71850.0311442058,123068.47531781624,-20814.43209007786,85850.98170102586,56745.39058175254,-25307.391018174963,7977.745983423425,27572.515559099997,3823.8669438451443,33178.6269731521
333042,102866.33859140228,24345.54294797046,19335.979472263345,21354.23857622871,183561.90926244756,176029.91947674376,60126.58674494517,111559.8440038948,-30259.542885500363,74426.23671586554,45625.26281803893,-36564.94890457254,15503.282664416969,25734.102638776872,11130.19292121108,24136.327338326926
333043,96087.36988683979,16890.794144009426,13968.185515595145,18117.541073932654,176827.26125928457,168213.12267875375,53156.64601103466,103701.8522949715,-34625.92553959813,68022.17738988188,39454.27872226048,-42405.20374130754,11851.578900210361,23857.19951865684,7849.904443243792,19778.378290666013
333044,104274.26676071173,25688.96430380356,23192.465023261913,26747.28823301973,186205.8588809706,177383.87980593997,62720.15805629839,112936.76456641611,-26581.877416896696,77436.54046089343,48618.22191577413,-33031.17942886645,4373.559868783566,25179.82640660184,649.2077512306299,27516.666829935188
333045,113194.94641369284,35473.88611942326,30901.62706599989,32155.061151097907,187201.33890860167,187365.44143959013,72128.32603360758,123175.38434907263,-20377.916301319314,86192.81597278261,57085.65406448138,-24890.396378394405,6478.361290505722,27476.281092276924,2413.872688561333,33569.68209802763
333046,104947.39196875147,26613.773338555482,21383.13028412621,23038.58685963443,185681.02687878572,178404.23620477432,62426.37298019565,113908.12866830998,-28532.59599986095,76630.16840491301,47762.901142108254,-34438.15285300164,14966.937196889681,26193.039452834997,10570.856606007932,25805.5364184387
333047,96095.40857447611,16931.1031050584,13678.093448789274,17608.892191673374,176743.9892578168,168260.0077652872,53038.98637728799,103707.78883469355,-34919.28262461452,67854.83602693208,39283.602590908806,-42633.641072084414,13108.10276550382,23952.66427995575,9026.229570911126,19515.264650398858
333048,102231.11443003704,23477.31119842792,21125.085557190374,24982.764367261272,184188.36013117555,175060.38249368212,60426.306034162866,110563.22367631752,-28329.80215389723,75237.42424428806,46485.83725248665,-35151.70172080209,5272.266989523266,24772.50226072969,1535.7263343657496,25829.599692415788
333049,112841.38622586618,35068.651788171395,30872.811990405316,32406.91997961216,187390.90545001999,187148.628789581,71863.75218410493,122679.07367102792,-20344.104748784484,86014.90804448164,56927.09929513716,-24965.844108627352,5176.778916246238,27280.62080037949,1205.9575399609,33585.31616772145
333050,107138.67346840267,28989.132892413916,23634.059280844755,24964.83810752357,187226.3802154301,180881.84542169882,64878.17604944681,116248.6409557583,-26634.36547755507,78999.69484641771,50070.42156002934,-32123.741218832514,14011.595003907963,26646.148666071596,9626.40555499963,27636.352028189605
333051,96511.11354671192,17403.206857874007,13813.466991634872,17447.61390110005,177022.41585530294,168782.57662547554,53374.61403151562,103920.3461851173,-34855.340177745835,68125.24273371728,39541.87475020373,-42435.4319244029,14196.210573004118,24130.91010345945,10050.993157003986,19599.58282198495
333052,100226.32160044392,21307.101647303294,19043.096806375772,23139.975328534998,182178.1459958359,172806.58319829323,58147.48350960344,107868.80032566961,-30127.671598733017,73035.40721406873,44350.82070512181,-37297.57768234257,6454.429854748059,24402.67430626337,2693.7207911129744,24088.422249456773
333053,111873.61335369266,33987.271556099586,30225.24537527499,32096.31126368366,187684.88934533342,186006.5504568229,70912.34611766809,121041.3386507878,-20847.503331747943,85171.03026245226,56120.21668985556,-25695.350528203875,4217.652327982693,26971.540991058246,329.96973568303144,33080.70526963072
333054,109269.41448351147,31278.935485781407,25934.934179149364,26989.665827750076,187411.13174287835,183246.51215237522,67305.3650022846,118122.45212670235,-24713.110475341524,81354.8749596046,52367.87131065012,-29806.054596101403,12681.642287806606,27053.327002040027,8320.13268290092,29477.409991458393
333055,97464.13409470147,18442.56487122279,14525.076261456508,17776.538777546197,177919.02100048884,169882.15269823812,54327.15089211415,104560.7982994914,-34301.54997150852,68986.40437880447,40375.8251559818,-41658.74233320694,15005.180088757226,24415.27314500996,10781.167815473878,20163.934968693175
333056,98458.31122584519,19390.06556088381,17137.13712771562,21381.202276086886,180059.2155421449,170824.5036995165,56109.62601860287,105457.3463935933,-31789.362609859996,71044.76198940063,42423.236877864096,-39254.44899890261,7819.360675943965,24104.456559590857,4005.76765693451,22489.411515628726
333057,110342.94645651641,32298.728726658195,28947.84968054618,31216.044302455462,187674.21021923327,184243.09824928356,69313.9530203576,118926.35146002471,-21858.52129711075,83697.60272636567,54704.23202265972,-27044.039866049265,3722.492095035776,26568.941967749004,-97.7279524231082,32098.1616258609
333058,111105.39987665392,33261.42894090884,27973.355459600265,28874.010187315158,187696.54774668836,185269.30258056664,69431.87812742125,119881.78426146839,-22966.7374821255,83441.34750743286,54406.464996090814,-27731.31136265231,11162.140699614944,27374.94505130664,6857.118449336478,31147.3133062614
333059,98973.41481084027,20115.344799299543,15789.91153488326,18622.63790023214,179557.4740483933,171591.1804612659,55918.566532225945,106031.8242821092,-33226.48071502309,70477.3826331177,41820.301370651054,-40265.24608119322,15475.661097181266,24813.098164878396,11195.416694557072,21230.303310597417
333060,97130.27301884787,18009.085837438157,15577.159566383054,19902.263316556906,178352.15528886442,169345.2369163747,54549.702483131856,103716.69004286904,-33125.15240163481,69508.40996870538,40929.478799864984,-40787.29598239357,9201.290515197521,23908.187065643175,5328.125978417971,21202.911432949655
333061,108326.1180007284,30156.852171718223,27083.033168318507,29843.299291540832,187374.94570884874,181963.53713736794,67163.17253658207,116397.3415407643,-23326.977394986992,81687.77824623088,52759.279207515356,-28927.01079683476,3626.8387933036665,26085.84446334956,-150.8651562588261,30672.727910914207
333062,112343.96307366318,34671.866886124655,29427.777045116156,30365.120003793716,187671.2638354951,186646.61365986464,70933.23790746552,121071.9112214385,-21661.271871921235,84940.9816158909,55872.92940639243,-26209.535747509504,9564.285420763657,27545.158296798443,5317.402185634801,32385.38177776525
333063,100861.89524780327,22271.69012303362,17444.34159883909,19880.422262439643,181725.88850606023,173732.8564533687,57959.68054418836,108028.25512894319,-31787.560902266694,72401.97842880231,43685.151539953265,-38438.77200623146,15630.226987095231,25277.99701515706,11291.514960147835,22644.523284631126
333064,96386.01734037089,17317.860712690803,14536.343500831787,18843.706175727933,177461.99851730128,168519.70251408208,53625.25731948953,102733.69989767781,-34017.72467260034,68564.70126919592,40010.84735244945,-41754.562780912616,10540.163549853216,23841.06809519066,6601.29164408142,20352.858147585885
333065,106215.50167488809,27944.268593174424,25060.92749148535,28277.777504574464,187213.00479636263,179579.93062914128,64879.79747695761,113840.79636632888,-24952.657590653682,79520.73846807751,50663.301333740346,-30975.262263820056,3850.3183130890816,25605.643225705437,107.21364226458118,29099.002593644534
333066,112958.72864788533,35401.53389006307,30314.49964682197,31390.63104931044,187354.22603074147,187334.5573633068,71755.31450614845,121611.86727027447,-20840.939619207325,85787.99794824424,56707.27829616236,-25305.75937658985,7991.067499139463,27563.00871739348,3835.6569381762256,33152.44431070971
333067,102855.23585182798,24519.978863218283,19288.238116573295,21331.108687303302,183876.58086106915,176006.81561543257,60143.29890332937,110190.71128123274,-30204.15365338724,74470.07000820646,45690.9320759942,-36461.18466715362,15489.559665747014,25746.1728692639,11113.513770041467,24191.20078850317
333068,96095.40729528578,17101.003799021943,13933.452878139886,18105.061210384116,177140.4900713216,168212.47313604126,53197.17047615794,102324.71909109312,-34559.199221055926,68085.60619673543,39540.43899928433,-42284.022916596805,11854.11452067893,23875.762452712297,7841.221243609018,19847.21205750301
333069,104184.47164073064,25804.092981459493,23061.996729607297,26654.897609353015,186435.06929296145,177273.6299767699,62657.94434103532,111426.58529068653,-26596.342629567233,77396.35698609678,48604.64010116188,-33008.43667601383,4391.585200539803,25173.956965649646,660.3589066946126,27511.29263542985
333070,113071.72517380689,35563.22731748705,30739.15661350076,32045.753492531796,187181.8313037781,187310.1879086409,72034.7300550775,121619.60085739006,-20415.73603840758,86116.807103467,57038.50507810715,-24896.73672562074,6479.809406934949,27461.50378595462,2422.4838553834275,33542.19957609786
333071,104889.68923645577,26785.48708557403,21276.160490404938,22971.531092845275,185929.79213829618,178331.33942417084,62406.03031108936,112423.92570169401,-28521.285705166076,76619.51684426336,47779.11689821824,-34382.160596354166,14966.976820875785,26191.628521921724,10574.529930686902,25823.96441458867
333072,96095.10662691129,17174.784590503084,13622.000844922104,17573.645161001717,176993.48638765246,168250.73924241954,53081.950159100175,102281.36689366677,-34868.41276706198,67899.46533296208,39353.19443019943,-42530.113835992204,13118.285537261643,23965.667153504248,9033.610672609384,19569.51506320944
333073,102195.55520593378,23691.311516519025,21038.093455959082,24932.35822629033,184371.92833545466,175012.91383559688,60439.765566347305,109097.53548990728,-28303.080576356,75251.02480765642,46524.46346808559,-35078.159692698515,5276.568265446134,24778.834012273262,1537.9166050776726,25860.601252851593
333074,112746.14961049714,35221.83909700498,30738.394276032894,32327.00386977309,187404.40761494043,187035.1857756217,71821.05819571804,121161.88873833852,-20357.11996010717,85971.76936384184,56909.03739506025,-24941.935398286052,5148.046986031435,27267.415829584912,1178.7369492306295,33577.2196649724
333075,107034.54835408113,29136.342489341783,23491.502006204988,24878.052606721583,187203.40423286887,180762.06041652494,64830.60975803477,114803.02473164717,-26652.55004241781,78950.17712186539,50045.52668598475,-32105.636747544355,13994.073184046942,26632.044552473577,9606.688137140976,27623.4382163766
333076,96443.77254763425,17588.371134353823,13697.729355214124,17369.84241643583,177066.67050658973,168706.19533555087,53365.11625009368,102662.75005953145,-34853.5622883588,68106.72445442654,39546.600560232604,-42392.46638980156,14208.63736351525,24127.384640590528,10052.655536196338,19609.52808515282
333077,100208.41993432929,21537.733605591195,18973.826034502974,23093.506661585016,182162.71437694714,172785.10261760058,58189.45058446775,106799.02291777146,-30088.543274250856,73063.4648151788,44399.999840011275,-37211.038433770394,6473.050399403481,24411.310933946374,2701.2096585589634,24135.298456409546
333078,111880.85274581442,34239.5384506032,30188.933807592195,32085.948893671295,187719.3271496374,186016.69272613464,70986.34695206495,120117.65927028994,-20778.051280499072,85232.94563492064,56199.741268305705,-25574.11445377969,4190.31159452677,26979.57324847524,300.5966610495665,33154.98473186404
333079,109240.4782080059,31490.967940963,25866.379587932133,26955.998473067633,187425.95491039997,183223.37052388344,67342.25851694524,117262.30527268523,-24669.010967169022,81385.24106344454,52412.6650866664,-29715.66204652948,12646.557924713097,27055.74470526793,8287.075714529443,29526.007786691087
333080,97380.23986072798,18592.904377183055,14398.493642856847,17687.10145856737,177820.22028571687,169803.07322786507,54301.34934857411,103726.94230737627,-34311.234630099556,68956.67804545339,40360.74253331998,-41630.56114912486,14996.456184176259,24407.7442876094,10776.048341641517,20157.35842613005
333081,98354.07658794415,19513.211067695032,16987.7742472345,21267.937125355948,179911.41362549836,170724.30049815122,56058.30936161082,104674.14914971397,-31826.586387990345,70988.90179203653,42381.65684419197,-39254.58033713072,7854.147223963909,24092.940543632183,4034.9024993071353,22455.700092884497
333082,110284.92602432452,32464.108084865344,28853.649677519756,31154.76789908023,187682.35207340185,184194.31835308758,69314.81420447974,118261.11338065287,-21855.225686679827,83692.0315717448,54709.86447482372,-26993.654886706212,3718.6366937973,26562.61371698822,-105.72897193885183,32104.440205479143
333083,111112.3519727315,33489.32276151582,27959.02188784189,28882.1569280987,187736.39324360632,185294.96518677613,69506.71125717193,119350.06401414571,-22903.07268585748,83507.71903403685,54481.15136890829,-27609.48301152454,11113.979102378287,27383.110047840324,6804.596275456596,31212.705335420796
333084,98947.80618544552,20293.791777982875,15751.352494371227,18611.783254190454,179480.611769663,171582.59711842192,55951.325397672335,105514.96660879877,-33193.45636409674,70505.25622360448,41856.97772666052,-40181.8166298657,15435.526339745918,24813.991754880357,11150.71143327722,21266.79189715124
333085,97006.31954335321,18057.40764600786,15444.920312558548,19802.960278733746,178212.29481317775,169226.35527749525,54463.144198328904,103133.59480454949,-33182.80863484333,69424.86923948591,40858.795665372876,-40812.19563286577,9218.078345113345,23890.372136694845,5346.262545870836,21152.12962097654
333086,108205.26613549267,30180.370543452485,26965.82202657334,29731.91803397462,187337.4659306705,181843.26111132407,67070.90079504604,115857.06275014649,-23386.001740180534,81600.61204895884,52684.14429566637,-28953.779281885967,3655.687876034219,26068.31461435794,-113.78350257548561,30620.255389471746
333087,112315.60532215283,34765.20676851492,29414.281196944747,30324.768301890384,187681.6637244096,186619.58519721832,70933.30838405844,120668.05106809149,-21643.60227665943,84948.00731020537,55886.281540294905,-26144.62687538422,9560.245378977355,27545.199582810645,5326.038517068757,32407.83875786738
333088,100894.01764959336,22405.648731161527,17500.77946959301,19902.188292041476,181681.8323013219,173767.5626504058,58021.91873705854,107723.2620227519,-31712.959285763372,72476.4946554128,43764.323050066014,-38307.382416176566,15577.492952938333,25286.04919676768,11243.024926213371,22720.686314675488
333089,96365.4144109607,17373.598887889362,14544.042911300041,18824.121977209867,177412.5589279218,168492.57310100552,53622.065257312126,102397.73482953744,-33987.21154214896,68582.13414106102,40035.43914619772,-41678.2394637915,10507.505549014426,23839.404999968694,6570.4647835125,20383.734392337166
333090,106094.58530364734,27873.499892938176,24968.376002827128,28167.007112138304,187175.40393557743,179439.204946397,64754.783349592755,113417.94867020464,-25013.830034754785,79426.59451079534,50578.97464361748,-31007.721584430823,3879.457892409897,25583.68677755597,136.93230582745906,29042.271114414158
333091,112827.85710055722,35306.95563434406,30209.463395235165,31268.86332065633,187311.95945378742,187178.44106223845,71607.12120409013,121203.16137658105,-20917.39799500023,85676.86186327631,56606.25504545911,-25352.60400085911,8040.048570590539,27540.04667539629,3882.5867986318326,33082.742752840386
333092,102822.2853512686,24524.90266634814,19283.050951475896,21297.775783092184,183816.27863795508,175953.78110739717,60095.155527473675,109915.54408548145,-30196.191718010166,74462.09125771711,45691.44239739298,-36402.45229512885,15489.775741873704,25746.374821876092,11113.950079281432,24202.385679300955
333093,96132.47881074884,17178.25094676907,14001.57495656789,18140.631625493425,177155.72736033582,168232.76271187252,53219.08742930699,102150.79314965941,-34481.18864437264,68156.67847558326,39618.32683427121,-42146.463912759806,11801.07022777651,23886.42823388327,7790.5257144045045,19922.006515530527
333094,104167.2379881613,25820.369090076685,23075.362287494925,26646.910595131005,186454.97800421892,177233.27337512368,62608.439383197205,111212.1323462357,-26560.33781603266,77410.27209250038,48629.625612296426,-32923.731816086256,4359.328559238773,25175.582639044915,629.9412774673843,27546.20759647741
333095,112939.69576238008,35455.76195974846,30632.188851394523,31935.071200686398,187138.4949560765,187216.5640615123,71845.83495753618,121295.98801423467,-20483.514769551974,86006.1369813445,56943.111281082456,-24934.002584123627,6518.8815976181795,27441.7961730017,2453.047877338254,33479.82207664985
333096,104728.73538636378,26649.682684842133,21139.051048499474,22837.3620256535,185853.16101105546,178135.44896623265,62176.174324675114,112087.37975755666,-28615.278588143414,76480.8901869311,47655.99998529641,-34448.13517487039,15024.062240728797,26167.29680603688,10627.932199670184,25735.75168190436
333097,96056.17116846592,17174.718757069677,13612.676209513573,17552.94332019518,177007.7255762748,168191.51588798204,52984.31336829538,102102.95982531017,-34850.17384859164,67901.37927442139,39366.543166376236,-42458.50977163532,13102.050511098214,23967.24989605567,9017.33104817912,19586.354752007268
333098,102268.46405370139,23815.755970751463,21144.762369821747,25009.551865694437,184501.43161827128,175077.7116794547,60460.04352747984,109064.39744887424,-28186.428272178375,75373.71181364589,46657.30361069342,-34888.15724172542,5204.036446448823,24801.61868056851,1462.7037186333007,25972.760505555052
333099,112718.56313581471,35239.76008784331,30744.825680389877,32313.733252389502,187425.22363497815,186990.24755827908,71722.2874526298,121034.6523410041,-20329.668528065653,85984.27149022016,56936.51666412935,-24861.11129091194,5144.129772615866,27274.29052223311,1171.75985124392,33608.83126126435
333100,106830.54665960313,28959.056101905393,23329.72043217555,24720.04703427703,187153.929908988,180518.79913307633,64530.62867020557,114491.58273755341,-26774.305747373997,78770.54500725825,49887.27659840966,-32211.377717529835,14043.879596064598,26599.23461386314,9653.725330557943,27512.939444414784
333101,96302.9651276464,17479.350324876836,13605.722527221147,17270.407965387578,177046.9538858513,168530.73103152617,53134.561341160595,102439.3357101591,-34919.51222832703,67995.18761823903,39456.46146444703,-42432.359929985,14222.01960227311,24106.139840514108,10066.918570419211,19549.729162608317
333102,100252.03184033082,21632.58889996643,19065.218849611563,23141.68569126191,182267.94402243025,172812.7978733241,58166.47620466787,106805.15357697343,-30006.855250366956,73142.82482892626,44496.69052770514,-37069.076723594946,6442.146252446249,24426.998924541273,2670.6686909456666,24219.018289698357
333103,111987.94125847935,34406.70552172451,30342.11630883647,32184.924705424222,187786.70858648082,186114.36048869617,71036.91753618071,120215.87798357103,-20648.271748372936,85375.05428201237,56358.97657679917,-25371.63190138801,4151.771771789374,27008.851271647916,260.57320977750805,33289.055080566686
333104,109227.50136020788,31534.558815272507,25901.796574001295,26956.862397571043,187448.62178173795,183188.1259781269,67265.93579030671,117241.16199071304,-24639.66150611641,81397.3151105512,52448.195532884056,-29637.459295855733,12627.76039506178,27055.158928034463,8264.301756257904,29564.615518809405
333105,97265.46649655589,18537.855958719643,14332.013825896598,17594.572895148405,177794.24965480587,169655.71206051594,54116.61445850976,103605.74565398865,-34375.957137936086,68853.2219227906,40283.81153909952,-41666.50237494541,14993.999467935564,24381.70469470494,10768.05386549094,20106.062953383658
333106,98301.42636534078,19534.996013682605,16973.634557948437,21206.69107716377,179904.6671429304,170645.43968165884,55941.452893092064,104640.99527784667,-31862.248888686656,70931.67607352455,42346.85813480887,-39251.36946365936,7854.648395681785,24076.80813662199,4037.869888417301,22434.490099783372
333107,110393.67935318364,32668.130981092894,28993.810662182215,31217.9099161934,187704.44339569425,184293.32540173843,69380.10005097126,118428.9470007271,-21765.749331988518,83799.16081176203,54835.098242312655,-26833.626220492446,3711.5130657277696,26581.921903469727,-121.44645536502595,32207.453792805973
333108,111277.1716565672,33758.001030427025,28158.704072745924,28996.39646127211,187812.2352750089,185455.2689856102,69642.24049595915,119596.96737680762,-22763.79462791685,83672.81206700626,54664.00233185733,-27392.075109015954,11072.834245868591,27409.92503000504,6750.549289676655,31363.40645926751
333109,99008.96498568519,20454.926616950528,15856.553150393385,18642.9198836723,179506.2200571284,171630.64552251674,55982.22507147373,105659.44340739628,-33138.81252622663,70556.2553511665,41929.14147776747,-40074.294916702456,15400.391017739381,24814.400648760005,11111.592781279422,21328.352252156343
333110,96943.862150996,18087.192716749305,15426.171541305033,19713.504729806264,178147.082718386,169141.14923480037,54360.89235634049,103151.91027480418,-33239.17899834219,69336.30058546769,40793.4434464449,-40842.66787744438,9249.852956685412,23867.623525042996,5379.760574592776,21103.48784657804
333111,108163.15992925187,30233.594947213864,26961.567260079923,29652.349036189902,187271.6947939049,181783.61472070555,66995.01371990584,115910.88684512723,-23436.977636112308,81524.84163837509,52631.57067384596,-28974.41649549667,3701.5833103594664,26049.60588513115,-67.43597070796477,30577.66565662362
333112,112446.68542835121,35008.07089190428,29589.054300133415,30397.553262740927,187707.40981081175,186753.8822920476,71060.2233798616,120932.00169837978,-21553.20928764136,85055.78992199039,56013.55331784734,-25988.17727982052,9545.717216597384,27562.635071364777,5305.453951797059,32500.707642069225
333113,101095.53160619509,22723.83832831958,17758.44528898521,20039.399972727497,181742.77147842868,173980.38595780477,58236.469318294156,108079.48284502146,-31566.366046538104,72658.75790637055,43962.32708100726,-38080.07800341207,15520.321434697558,25317.690587425852,11185.093917098315,22864.879116466946
333114,96421.22756716199,17531.361542926727,14667.549433476886,18847.988677650388,177374.26458807773,168546.12164203048,53680.22564221886,102597.84514421814,-33965.569126835435,68605.35530456284,40076.471934372494,-41605.027845863675,10468.848590399075,23835.848629390348,6536.710217076783,20404.853503141785
333115,105998.330892331,27858.86934789016,24946.50538440692,28062.292353513876,187103.1119996333,179325.5405194481,64647.78704019213,113452.47444950297,-25119.76337473226,79283.86491795725,50458.05654450733,-31096.100639499113,3896.8731421074344,25550.09615767178,160.35448123333103,28940.02707220782
333116,112818.17758164433,35374.480082498994,30276.26338602385,31229.395790861858,187239.0301363396,187156.07639296207,71600.15581079377,121342.98467348686,-20963.312747861422,85614.79677921336,56563.042501274904,-25367.734997394815,8047.50196277708,27523.43784959244,3891.5145609385554,33039.197787519544
333117,103015.02643521345,24797.70395270769,19553.38387337918,21412.56284168017,183846.18034038867,176158.35844839638,60316.60324070399,110295.15048003844,-30087.596069212334,74605.44644960006,45844.741501983095,-36227.90003992016,15461.97649047643,25771.21240238574,11083.609099958432,24304.399908995336
333118,96368.58078049464,17484.70899734303,14323.880264796802,18291.98436886466,177188.25398271764,168482.0112584879,53496.578693458585,102587.66605940012,-34338.04182056124,68344.48888611108,39812.93521931936,-41931.31736499811,11736.071558517091,23919.33515560061,7730.039214976546,20055.42802022414
333119,104245.58894687366,25942.603026683282,23249.361071156887,26684.5059725316,186375.65565569547,177307.79477999208,62720.301168033344,111475.53157546153,-26546.812098620085,77426.1208869018,48654.59795728616,-32872.40550630146,4305.9880136845995,25166.834132199107,585.378477205059,27552.383639696294
333120,112889.3860512847,35425.166351657674,30680.555654041178,31860.56729958552,187057.19802636135,187058.88921962382,71821.28239140945,121418.95175420279,-20580.828164353614,85879.02311467673,56827.23623169042,-25021.31100974995,6503.9657370743935,27404.192318731984,2449.3852709232333,33377.49367011864
333121,104781.29650964816,26719.11056467369,21276.423821856984,22811.15773797885,185758.39060616854,178181.9593937251,62265.55735486236,112332.05326596179,-28644.237272199975,76447.70153343433,47629.80699416676,-34450.48088087096,15052.492791633134,26160.608185015422,10658.505200994177,25700.17190393078
333122,96279.42557373462,17421.76315816272,13910.533109484906,17648.306546591517,176979.86505570833,168417.21697989985,53263.11987112489,102543.47584048609,-34750.91233163283,68033.45776171383,39499.669663754066,-42306.541569263696,13107.32219710912,23995.4325371807,9020.878535848493,19675.631388235975
333123,102529.98478992727,24096.540517629037,21489.78570231455,25157.722854485986,184471.7860518425,175337.3908246526,60787.305963255065,109546.18614619585,-28048.459098727137,75543.91604107658,46825.22346138681,-34698.9585514234,5137.821519819407,24830.74998348067,1400.3796217864287,26097.34792838342
333124,112882.0688412685,35409.28514958039,30999.911456338843,32405.417783579156,187455.36530300495,187140.9308342843,71946.01266571876,121401.66648509838,-20263.749577972783,86053.06742034754,57003.95968004825,-24767.33884656286,5036.697095806894,27274.96055119921,1073.2588688686205,33659.847423263534
333125,106904.81109707177,29039.926122645495,23473.37994858995,24704.176717705526,187063.095160851,180578.09452853806,64650.978225061204,114757.63385433787,-26803.179456250167,78734.89996149219,49851.040660659906,-32222.426218552762,14034.516219836656,26588.86405075979,9647.455619558446,27472.699828431352
333126,96339.05314971026,17532.48043681876,13680.12422280696,17174.2877232461,176889.27105979776,168546.28475376152,53203.02982690628,102666.9224483236,-35008.39107815197,67900.62101037048,39359.065577662,-42507.77234887063,14319.73410880076,24092.077823364678,10157.23998682878,19453.26934444766
333127,100418.82576246532,21838.74491770071,19265.3467440975,23166.896260877722,182145.3912253934,172963.32761113852,58377.6506903881,107183.65204241176,-29982.1435094009,73186.64161411715,44532.61705609066,-37008.963972542064,6459.257515775873,24435.580227423052,2682.1558526606714,24231.734605247675
333128,112272.74822719552,34750.4477455301,30674.12718409374,32348.793547882626,187903.18896675156,186388.7246689943,71382.56112857803,120725.37068061014,-20503.32687223622,85553.63583122654,56524.76529863491,-25174.877234352043,4023.53532135127,27031.040743149384,137.00050720703598,33415.11415431622
333129,109450.89016027634,31820.11150108312,26172.56163640169,27080.255996190972,187481.29167901073,183399.17836359178,67538.29942666025,117681.05525022265,-24545.048652052545,81510.34723105674,52548.12037063908,-29501.658540208864,12504.643205024584,27064.173223789054,8152.69658295454,29641.096974944347
333130,97249.79106275227,18570.850991155196,14338.760044547442,17482.04990617669,177651.2798357568,169606.11363654956,54108.3296612827,103773.79080159041,-34496.440179518395,68700.65038140777,40123.97152521048,-41789.183895678085,15055.761737909515,24348.854419185227,10835.530159866741,19976.463738760525
333131,98230.01864216414,19514.025245730616,16912.135696711663,21033.086043502728,179679.95881727597,170527.86966541637,55862.32391626333,104740.68635284994,-32031.372182639705,70715.90969121197,42127.685520763975,-39434.248417300354,7978.755922625431,24037.878757474704,4160.239437506685,22255.40519438552
333132,110548.6656796119,32898.67670594083,29172.34303139692,31266.865815554786,187747.81589885382,184419.35361147684,69556.2578441655,118782.7359294957,-21727.35944645026,83834.46859164033,54860.31449366157,-26770.393394073413,3666.0859085702277,26585.785687205018,-156.0814121480313,32225.986789012622
333133,111644.47238340549,34227.15103156668,28562.027172395832,29250.65023900947,187941.31550057372,185815.05476912018,70056.82205574412,120189.2385280681,-22538.64168552178,83942.98585384994,54916.329924097656,-27098.83563677838,10889.943066792473,27455.489158141576,6588.092226676038,31563.485042062664
333134,99202.65431893845,20746.400879154677,16076.388253885054,18732.92482624929,179543.58077224987,171798.6985805161,56193.887678339735,106051.31416593338,-33068.793818399674,70633.68033130537,41993.47296002592,-39966.689013016905,15306.162475476229,24825.404510408553,11034.380368430262,21383.347531922478
333135,96871.65234627281,18102.06896225514,15368.336101204754,19569.029458996632,178002.71335115313,169014.41371626305,54266.36024790357,103237.33191545826,-33408.80119500114,69115.23935769935,40569.495299239396,-41025.98478224056,9269.309673631382,23818.14478993752,5406.282374664814,20927.66529099465
333136,108130.19986605251,30304.326495532867,26931.142003943816,29532.538268500568,187163.26536203863,181698.5623300614,66936.86741224158,116041.53724249179,-23585.172758788118,81336.7499748555,52438.993911634534,-29130.927191191968,3752.4129197464135,26012.882799069714,-15.60062763159982,30424.192052847742
333137,112663.58211880515,35364.334769127585,29807.074882691086,30496.373010355735,187755.52691139514,186942.18764807863,71280.10615852437,121351.09974774765,-21488.059079342656,85137.00515877939,56081.373485412885,-25885.878138563425,9504.774448780734,27582.468247184028,5271.449663029829,32555.18034078995
333138,101434.48209262341,23229.390818269007,18110.316395184138,20262.17057780506,181839.4423206143,174300.92805382513,58596.967048224215,108638.40808945015,-31380.84067550638,72879.8999691997,44165.57926063679,-37839.70866786248,15378.281459685426,25358.924187081975,11053.398886776607,23036.39207310583
333139,96587.8103479924,17872.0099342893,14851.088499252977,18927.003148284268,177396.63260492898,168681.7118198494,53855.114823498385,102962.96448631768,-33911.638250942626,68650.93930649791,40109.7868955305,-41531.565503189886,10366.262402105991,23840.67502564194,6440.5286618980645,20450.94023883038
333140,105908.2741152346,27975.726667235293,24858.033607068322,27881.388618053217,186978.937807551,179188.94704382218,64536.799468427394,113530.71139753975,-25293.852135764042,79049.62782740584,50219.64857442697,-31294.039617047558,3938.454886085544,25504.636339585366,199.1078637515081,28767.41843783138
333141,112718.37559319347,35595.47125362025,30163.18720953862,30956.217252900613,187118.55593131192,186962.83003162127,71477.52241816378,121413.1389094541,-21154.534843424593,85366.04085692663,56309.83039805874,-25579.978319936956,8152.210309031829,27482.673870769257,3995.1324069995317,32851.087574005665
333142,103206.76314437916,25451.185107253878,19735.113693407584,21345.020543279992,183813.1620967526,176340.00598325738,60520.059434137365,110692.06867324494,-30019.600034599684,74673.62360642823,45897.14094542476,-36129.75006314459,15426.953526792498,25787.174985877133,11055.586330024471,24366.892311995583
333143,96772.65802230666,18466.715529715675,14726.944434477631,18389.84858162186,177325.3504593126,168897.68507622601,53935.913762333425,103216.42322429633,-34079.0979577327,68642.06849512918,40085.18737344135,-41607.391286749895,11566.709141991327,23971.828909518597,7565.537190488609,20302.762446326873
333144,104467.3093056082,26816.075210317704,23467.753378403133,26619.243425028915,186426.71534350928,177533.7363964299,62958.02118745736,111893.72787451188,-26443.81459440576,77529.74742407785,48736.16862204991,-32738.810000883772,4194.041146174093,25180.37798120268,474.3616556108118,27648.408885307017
333145,112770.33582450327,36011.96542373553,30541.12198714511,31487.306560305955,186919.54527213812,186793.5150098278,71677.45762053522,121451.09092717076,-20780.59368876931,85611.52808706186,56548.47272940489,-25251.829819884668,6580.434361467801,27353.745145417535,2520.763307188199,33181.457075840364
333146,104655.92568792732,27372.473733268944,21121.77328195124,22420.427035481698,185508.15730172617,178044.67776719548,62112.49489299002,112355.46973594005,-28857.91519049404,76169.31129861387,47339.66336869031,-34693.8605179569,15141.777152586303,26106.637350232144,10744.585624094523,25492.258799123094
333147,96543.24700034448,18558.563521791646,14142.494921146596,17583.839500342587,176986.20579947453,168711.7781642923,53543.091817064414,103004.64633580335,-34637.94988282907,68170.71397525526,39611.50815545539,-42148.20867965039,13044.97350569124,24022.597555501314,8964.11047776323,19788.02355821262
333148,102979.44394644017,25487.24157531629,21910.642455050143,25260.154498363776,184618.2069773138,175843.8079761318,61279.321968047836,110217.59923073369,-27776.338319742605,75883.2984989936,47133.8565900601,-34343.0170980505,4988.104973499514,24892.317676189712,1262.037224519387,26366.586690379365
333149,113050.8820943755,36544.912627011,31141.596639862182,32287.409482734194,187505.83628326724,187350.41870051785,72133.57406771873,121754.73128902717,-20221.144010383843,86098.57868229094,57029.18223332215,-24691.11230039784,4975.946486675073,27277.22710496408,1026.2046753053705,33705.41465238258
333150,106717.20136435253,29835.20436905132,23248.00400108476,24284.42617252794,186910.6877348402,180405.60058798542,64441.575588212465,114703.55332294415,-27059.728566639813,78398.70372679825,49504.92201250834,-32514.36135856018,14110.46057502818,26518.695957507825,9737.181865366034,27226.076013062713
333151,96241.68965335736,18466.687965550962,13524.208521454948,16811.998131756867,176668.8703454069,168479.73209312704,53087.898074125966,102707.57071529137,-35200.96498985202,67652.1163542984,39096.81839509556,-42715.448538775396,14423.398902696903,24048.167249702976,10264.63464729293,19268.707982016622
333152,100688.91482705835,23205.02717180309,19466.374961557238,23110.60343038914,182144.46777671282,173306.35212703023,58671.647250500304,107631.74551776824,-29868.540988377856,73330.60894245363,44650.354687712716,-36836.67961253226,6453.736448866341,24474.325887083043,2680.54847380862,24344.15510544352
333153,112703.30606304525,36319.95039821751,31049.538763939585,32465.881721599224,188099.5571128662,186917.18870419235,71865.75087712923,121347.45688166792,-20235.835879773542,85881.47177327752,56822.800035117994,-24820.007317588846,3894.073122251639,27101.195089610097,20.395467472488235,33674.29643350714
333154,109601.01096838748,33113.083515491744,26275.759715318876,26988.10127487465,187538.37248854432,183629.99984620302,67715.7765371814,117974.23962558791,-24497.6641953445,81546.13432949671,52564.55840001294,-29426.2388980699,12438.785866817832,27074.88879798392,8097.80132715447,29685.33603485612
333155,97060.3611231152,19518.742018530636,14088.935603332664,17089.665887061656,177412.2738516226,169472.7949242154,53903.349794430855,103671.42707030394,-34743.13164510976,68368.17929698661,39782.94622182355,-42072.61337592939,15145.465602039621,24293.51300282796,10937.692899848797,19734.430054706416
333156,98095.43619001351,20539.45721273325,16690.165366815032,20660.086489580026,179444.83119080256,170462.29960751274,55712.175114603044,104694.00005359016,-32249.891895337398,70433.84035763025,41832.84613312782,-39673.33813262108,8125.854009950399,23999.602488277957,4312.606402285901,22039.51728644789
333157,110801.89173832546,34361.55612573655,29331.792024279788,31235.019341945932,187818.4212313269,184787.37801389722,69841.09978097942,119170.149826207,-21619.931952125713,83967.56462154514,54968.240332559406,-26605.586211467806,3678.0865367120628,26626.43471046,-143.42690184443552,32324.455835800683
333158,112103.75024765439,35929.39376903104,28942.79482268291,29433.086369690573,188159.7730293343,186416.67866464803,70584.14268497753,120802.81484777768,-22231.130097972637,84312.84721178043,55254.673397782215,-26699.807424424398,10740.181615217287,27532.10892934128,6444.255621071318,31850.578426107466
333159,99387.38301225295,22166.41205960777,16184.04809033223,18699.032620809692,179551.32211571702,172106.74272241927,56426.85389875824,106344.51910749386,-32978.32797190706,70720.55952742092,42056.6589115031,-39839.858051693765,15212.473670640367,24842.579117974652,10946.15546676594,21459.369974470064
333160,96612.82015057404,19058.71942622447,15007.856765345265,19141.681053932432,177698.1421137259,168845.14380783093,54010.09424150013,103022.72178363231,-33699.84214040228,68729.84741451943,40172.13925557562,-41359.50066833316,9403.868464616302,23753.763054890376,5546.953536711321,20635.201024971182
333161,107884.42069238164,31293.276026907777,26564.257998257875,29106.979320294966,186977.2939540157,181552.42960348862,66702.74293525092,115840.16883375037,-23872.211983904228,80966.03155597227,52054.86156361734,-29451.904260330906,3925.845482403571,25952.590118241063,156.43447646869814,30134.917206770544
333162,112953.11434755404,36952.980858368755,29970.345264004216,30531.487543439278,187833.3228063527,187392.17294087535,71651.10438020909,121754.40756430228,-21319.374724149046,85341.22039318908,56255.664969987505,-25649.015243936366,9470.876752655618,27629.617055387636,5231.704237593369,32704.37075588877
333163,101989.10710891114,25121.21646499535,18534.12701596915,20523.79967390425,182039.74540248106,175047.7544576507,59269.705676081714,109341.59852566435,-30980.779811490233,73369.90147271374,44616.75065760955,-37324.71385277989,15219.054210545019,25458.567786923166,10891.30218108862,23409.881217696206
333164,96753.74027253836,19348.195152965163,14886.099639428076,18878.572436732662,177343.49691838946,169003.71451966534,54100.193498104934,103225.19243656017,-33833.02934662784,68729.37253865611,40160.730338016576,-41413.25058646957,10307.421347615218,23856.960522668847,6389.587374037186,20512.955005005937
333165,105589.05726845522,28897.95777197321,24400.174431448944,27461.225774262213,186770.71473638286,178980.5498185824,64243.84647026256,113247.67982009592,-25624.59816167572,78610.95669782534,49766.9239568695,-31678.035719985328,4056.297796891416,25417.025939625353,334.26526066845776,28431.11553933949
333166,112539.61018022678,36583.54486880649,29828.217135046107,30699.800210301466,186911.26217775233,186629.3375732901,71337.38889252802,121300.526427751,-21380.447645650198,85070.35614767444,55995.00148648022,-25830.285390006244,8289.33241197711,27428.610273767263,4142.038049567739,32612.30007580212
333167,103556.74592193923,26919.73880301237,19914.221702056726,21549.09954094404,183822.43791066576,176870.94395523315,60967.94287756423,111193.3291638891,-29814.289467691724,74936.79587566573,46124.61506352041,-35842.99495710039,15425.8135038568,25851.24673519986,11057.913431691555,24545.55770419357
333168,97280.32042934748,20020.985996681156,15077.768385207482,18778.10301525942,177424.71448704973,169599.77851356455,54572.76658327663,103909.29562309112,-33723.047623207225,69089.46789573216,40492.1356455383,-41139.10408176986,11433.479901894263,24065.799686456823,7444.330312655254,20625.57598896008
333169,104526.1806626774,27804.170234428533,23397.56962907111,26695.313020999307,186245.65361670445,177738.88998670736,63109.05602999597,112084.89618765978,-26435.783234554634,77516.75952635163,48696.97253401849,-32708.355424306952,4109.711402509602,25175.979599284074,412.3073497925059,27631.716785964534
333170,112407.89493242218,36472.42608730323,30053.882036762567,31230.71193302696,186688.18375962513,186342.6623761846,71359.44401693722,121169.7545882677,-21124.58088060397,85150.50090603967,56073.38325847318,-25653.12663894882,6644.575218287429,27260.285614934357,2601.4608222563133,32821.48405025875
333171,104461.79658423143,27954.251934277665,20769.470541266084,22250.223279581503,185204.55142248806,177971.15048482112,61965.23142581841,112273.10868804804,-29085.81794268314,75869.48283309933,47021.11483714459,-34945.58243421268,15339.152712987754,26065.282466752753,10939.418271264758,25245.184644261288
333172,96828.60122014454,19600.47458921784,14262.284407002373,17794.07932058675,176923.18551827475,169158.25972690794,53924.18163653853,103476.11693857456,-34465.146918663566,68378.0425785315,39785.40484550112,-41907.57140677415,13116.10426271317,24085.151462281447,9029.082027436469,19925.90606521727
333173,103457.89738110664,26678.76413203894,22264.29450451207,25699.123704578476,184672.71043404285,176494.4011788721,61889.11559651116,110914.03157806267,-27403.277341576613,76319.05528181078,47527.901725541815,-33870.05181621311,4821.430466950193,24983.273203284854,1094.4529410061152,26693.652182690705
333174,113178.00088588038,37299.84092765063,31179.83081363234,32484.385459189558,187594.86517525883,187610.73191061217,72363.1563875585,122056.44471498052,-20112.12185546714,86177.21111749895,57076.56236020842,-24553.160827776384,4810.600469100094,27284.35642881295,862.4601418948089,33777.87767285455
333175,106400.26885978656,30058.40297320523,22825.62547623552,24058.64524204385,186654.55009252252,180172.4182535756,64162.174634809075,114505.78454265828,-27355.2223348443,77981.16073338268,49070.146858442764,-32859.99509418773,14226.867000316184,26443.138786181815,9850.010119163235,26912.13349641965
333176,95930.74195242865,18654.279649257765,13078.492909192906,16522.9005030802,176258.4845513134,168249.02597881225,52801.696273077134,102530.43875089227,-35527.74164225936,67224.85428259138,38648.82442882423,-43082.00549546232,14698.425133048291,23990.047973108165,10536.396397177914,18928.015444702487
333177,100929.08728430695,23948.50361141655,19588.207447593068,23301.221116646986,182030.0591070212,173675.8657363871,59003.303586654474,108091.07935918403,-29724.510574619326,73498.21393119017,44776.92226619047,-36628.75025018741,6491.127002346485,24525.683803406573,2714.2497310688864,24458.712211323877
333178,113258.21924260622,37362.21649438713,31529.150313726994,32993.16916121545,188431.1716173733,187629.05254683318,72562.99186180926,122170.07864116589,-19784.863574129482,86413.53642386354,57301.605343814444,-24248.251503669402,3664.244921321314,27204.277000538044,-209.5890986267051,34085.33780153715
333179,109761.7113716102,33688.5650282244,26380.73397776005,27211.686697376295,187637.4887619351,183901.4134002408,67979.87303784736,118353.13955774924,-24359.853164526507,81669.99066984162,52642.91617635312,-29241.382575913904,12274.557527064455,27088.675471764698,7941.442309952509,29793.674884267948
333180,96622.71183489793,19412.09473621939,13571.081666001392,16754.615212762652,176970.7040110487,169076.3828673709,53488.970348003604,103377.77339101434,-35133.56166126342,67835.12117005434,39217.17348266411,-42526.1638165264,15312.366278054345,24189.7183290912,11101.569500595302,19337.53961833437
333181,97725.75609577946,20479.799449787115,16216.555375294622,20331.464679627792,178978.13740515604,170136.5545176704,55359.07636838788,104489.63529596533,-32614.226336417298,69954.65515453326,41313.18699582256,-40081.66014547859,8387.597518904011,23919.294758604112,4567.599079595981,21672.930855963485
333182,111109.8114084275,35009.46169621711,29546.335024847507,31482.394501693798,187934.619887742,185205.9380323991,70242.28901908384,119746.41757631538,-21408.9882715728,84216.07111327688,55150.238600089404,-26309.9876740109,3677.579264615876,26685.151074523525,-145.6767669500591,32514.19864721123
333183,112766.37758747584,36932.5696232548,29544.82736158926,30020.506149759458,188527.2935907551,187222.0592675856,71386.8727960669,121786.75986754391,-21689.98698607844,84955.00731743581,55815.59939301947,-26013.571396456206,10500.075928273971,27654.03774179367,6207.460931743109,32357.985954827243
333184,99554.08288777602,22601.311530579624,16311.345118474044,18884.136185722535,179495.59398814442,172358.00872043954,56673.87542202751,106767.2510983099,-32832.53515491309,70841.57441786016,42103.33361547885,-39651.37890905414,15072.559912147237,24852.772986321273,10816.370681856457,21583.005807957972
333185,96144.40738638458,18774.781562734635,14487.111950959072,18747.553677937038,177256.4174601353,168384.54837035993,53529.78942925029,102727.61187725687,-34106.55800664917,68154.75955867188,39534.64024065358,-41846.6306024027,9561.304482683077,23631.720363129236,5708.200270379569,20226.15355076101
333186,107561.79859100445,31139.480761136696,26158.36219709741,28772.66837611113,186663.50857377844,181245.19526681706,66355.02039693357,115715.13089935998,-24195.295203646885,80514.04387601637,51533.829639563024,-29824.275110374303,4181.852538431013,25870.83723094453,414.98945580941677,29810.797458178375
333187,113361.53446820017,37565.08633744632,30300.72404522733,30807.013592161267,187961.5433005783,187892.1695422351,72108.40876512439,122465.35818001535,-21040.509055691306,85664.68517762994,56484.92913267826,-25271.449606550806,9495.843217041129,27704.21842708208,5257.862644128349,32963.76227058618
333188,102738.73967365938,26071.334308582118,19250.019615448728,21143.98384418671,182333.28565094867,175922.404224143,60116.63762026209,110435.65139965911,-30377.115757067095,74083.3284998395,45218.84348690134,-36561.448886700804,14957.526376236743,25591.197663987085,10635.490215011792,23979.888606876208
333189,96952.84668246748,19670.199301796598,15076.808275547477,19074.057068665337,177369.6928026157,169261.9351140156,54335.254886572424,103682.48536353113,-33670.89278034722,68865.05579119438,40194.601446432425,-41201.93239495935,10147.051719814366,23866.904101935113,6240.523544186199,20653.87813980591
333190,105031.06110785244,28378.39781546926,23820.6521903496,26990.238706302767,186423.35633773552,178396.52329118265,63624.32982472997,112835.20063960599,-26122.44442222413,77926.4778165376,49001.992776990795,-32262.097048447817,4263.310981819473,25279.726020094473,543.1728568819617,27938.926281619857
333191,112077.75802027903,36149.97192993348,29318.083813653117,30257.941398792434,186562.85000539257,186057.16513628134,70807.67984706102,120984.84039182811,-21830.9635494422,84471.40054635824,55313.53292332418,-26338.671791199286,8606.991855027938,27325.671531123553,4448.361016732006,32176.217714929393
333192,103943.84512640038,27384.834242440025,20259.66359983605,21823.266351734448,183910.5952155516,177324.8441953438,61376.79782351009,111825.48815946642,-29549.38744625062,75242.99436555168,46319.5427688459,-35476.28321572712,15442.713601261423,25923.407537193365,11062.038276645791,24807.263037911896
333193,98079.95617035191,20912.077604040504,15880.21656397099,19459.955450428803,177836.36086320798,170506.6092217912,55453.48673059893,104992.3823109381,-33074.39141362154,69857.43230362178,41130.806783802924,-40318.106673459624,11138.131181852556,24207.28210284689,7145.753429289588,21259.012518487423
333194,104710.52566510113,28009.718369142563,23614.347650003467,26901.521504094024,186356.71183819798,177957.21636212405,63314.89573224142,112450.25690275004,-26278.826573311293,77645.75015485304,48714.38534565451,-32497.326294631886,3944.1727949952055,25180.008832460255,249.95273385562353,27791.459485383948
333195,111758.82032434002,35762.490723076655,29419.998779235415,30698.467386040815,186302.93434664782,185574.107024434,70630.79708302577,120575.01478411758,-21690.692215798004,84383.11221430509,55220.18927220351,-26312.305796774206,6876.364303627577,27102.020467119037,2839.4065697969554,32290.164260137382
333196,103915.04043479203,27349.06820392903,20208.292794916968,21739.603524167986,184798.70456116903,177374.6192578394,61340.61191556117,111789.19623119553,-29608.129487065667,75193.63395243188,46251.13189482992,-35528.761945396225,15678.403931194745,25943.646523770098,11281.025847399218,24759.973923296715
333197,97144.82399122967,19927.779502350342,14571.367687527698,18022.06195568332,177008.13444258715,169525.4554062505,54270.86537917105,103969.06092693759,-34256.5449959362,68638.76548802212,39916.522442436115,-41592.15510773346,13150.179073957768,24147.28846121479,9055.839036576872,20143.899275893426
333198,104181.24783386632,27439.80186294602,23034.327724506336,26366.137642766185,185064.45038185007,177316.285196067,62717.45740322613,111857.33433845392,-26791.04385607077,77058.69271993864,48121.7726067584,-33081.15210715082,4519.037608086788,25119.64671742838,791.5256404413424,27297.420181379865
333199,113211.50123397363,37304.05441621421,31296.643029204097,32644.406652349815,187747.53129472552,187666.47220650897,72442.56166378158,122200.1983009388,-20036.674177777782,86213.2701696163,56986.66759530149,-24435.811873798455,4607.460548726473,27269.6925903815,674.212820873469,33863.213744433204
