Tm,Oz,Po7,Po4,Po3,P4,P3,Po8,Pz,Fz,F2,F3,F4,AF3,Cz,AF4,F1
274951,101956.046923766,6608.517437430382,29773.612277377502,39277.13115979601,187944.65238231776,180806.42700446563,68021.79290228031,148990.7987636921,-32245.740136554967,65887.53927133957,18256.514376592837,-34127.73832305493,-1353.5067750550577,21050.337009212046,-4801.9048389673935,23342.644869825042
274952,103457.18852243562,8717.213218760211,29658.966024155117,38725.952736909036,188372.33974718873,182762.52814115325,68794.54455390738,150648.7958077686,-32889.74445262427,66203.63491609454,18764.704369851,-34432.55391652703,10400.613763483521,23386.382591188798,5983.346578010374,23024.063862169984
274953,85588.31764621193,-10016.040726064632,12193.811844476822,21529.265525033545,174797.41810685594,163680.60066627216,50026.90035579109,131590.0717141981,-47553.52581531506,48080.984374394655,1047.3955024260727,-51701.41522448518,17927.91884843145,20447.99212253051,13617.120034284995,7686.33573962982
274954,82007.39762883715,-14271.186845530008,10164.963614703835,19943.44310225305,172211.4752682505,159517.8294577597,47003.0231730113,127710.9873246231,-48706.78429463532,45573.60392516518,-1576.9720325423361,-53522.54958414738,8621.312211281336,18122.10599929576,5104.445653429633,6139.073276806634
274955,98165.18305472474,2608.9654785158914,26152.208104213023,35737.430945350774,186874.0512400504,176745.35253650433,64085.76915617558,144963.82507839752,-35224.14848623201,62107.41036243313,14558.469888553613,-37684.43626118281,-290.39977395153073,20348.41950302897,-3680.9338812771794,20211.088192611154
274956,104880.08704772362,10177.253338550767,31185.93162869165,40266.81849743925,187908.93953267334,184261.28442812036,70360.02485677548,152180.69886837367,-31591.545990115177,67736.88512752396,20258.312189503304,-32915.234938936395,8741.96401870941,23442.141424738344,4401.05847139857,24360.813387799917
274957,88982.46837838952,-6403.341580183835,15365.280380591716,24611.4870217868,178047.59954477093,167346.202259937,53524.23865936364,135237.8913678792,-44920.657151355605,51416.64307440675,4332.0457045752655,-48570.00698037226,17643.39946408753,21192.427053932697,13233.45368850071,10478.613219154751
274958,81675.81724024842,-14575.689920363508,9741.946366533,19496.931706818836,171730.86778862597,159189.0858317488,46602.87451159574,127373.17904224727,-49133.45262888889,45142.63172024344,-1974.8529534309669,-53968.06201248492,9536.712625887618,18192.637944095593,5964.619091121398,5722.889992755874
274959,94899.85572281903,-879.7744375100355,23144.61351559228,32827.04403694716,185649.26626515674,173215.36363068424,60747.88049724596,141483.2135052769,-37656.04963996155,58934.51945721347,11439.575698175084,-40627.19678986151,-184.0626956137528,19608.502124094324,-3466.7816745413484,17624.521476403632
274960,104916.30028198996,10154.948230692975,31410.335135817913,40538.32676659104,186894.0614784574,184257.35154194126,70488.83769794165,152218.4454183411,-31363.11726103957,67899.45280913697,20400.667064863963,-32682.056541945796,7217.728942346888,23186.142309022158,2998.7467785346817,24560.982135009814
274961,91605.76459723525,-3575.1565398149883,17694.086219050372,26840.099431748524,180590.27198335266,170200.69728213776,56159.23036998813,138053.22764906386,-43034.30767986129,53892.42324283211,6785.580691065561,-46288.27318217324,18362.891383174152,21928.432553576436,13801.54343892875,12503.498112739593
274962,81927.9216506267,-14222.558617183098,9747.336916837638,19436.146858001233,171743.54800684273,159516.62483762577,46745.70426010187,127659.13746473462,-49244.95160117015,45198.57676966387,-1885.3104331645714,-54001.62687637228,11188.56286633194,18519.45180163646,7483.42582594705,5663.547762778013
274963,92587.64356867116,-3364.594989903241,21070.693576858113,30838.478981754924,183353.74057109948,170705.7758919018,58414.759693223925,139016.70038220938,-39316.94939531046,56728.53252944775,9263.630649101782,-42649.67490551534,-527.6248094606892,19026.330464866624,-3710.1460844202466,15841.443259588304
274964,104805.6641579149,9927.99212036284,31658.7172539315,40881.04887863672,186694.40044909908,184063.86515462416,70555.47558109544,152095.5721855418,-31044.52527808626,68046.26898818996,20504.772930042753,-32400.89841910909,4490.963314392545,22697.563066392846,482.8888002021147,24811.703023273487
274965,93805.84486667835,-1212.3502206578164,19701.71643626843,28777.02606778533,182824.29773470122,172584.26020141505,58399.28828909784,140408.6906146834,-41390.48273321173,56012.65675618895,8876.997518997101,-44319.525240487244,18613.938880761634,22488.9316748607,13944.42001798116,14248.811162870043
274966,81779.94183968514,-14236.797368465444,9216.01882383787,18803.889098068343,171328.24417457194,159448.97087351372,46396.25796939734,127517.40110249155,-49837.35594213706,44746.52730539361,-2280.3298953551734,-54579.51095412064,14135.588761245928,18959.37430794179,10223.24285834063,5125.112157228951
274967,90295.97458766475,-5770.046133505119,18852.221896550163,28659.26922145121,180969.05422483626,168251.54467257456,56016.03615160603,136566.18938969963,-41158.74942035624,54419.31731367771,7003.883570010661,-44838.566927091786,394.999416921268,18653.336764912496,-2779.852514009048,13898.66509427186
274968,104832.55010362444,9817.730480184273,32107.963746301422,41438.77891048722,187483.61613498017,184000.82415959667,70798.83733900316,152109.13437199453,-30509.16285827652,68396.2606644831,20793.22960405262,-31898.318287961465,1144.2359689719578,22137.049505730545,-2604.687857573559,25271.347303516726
274969,96683.37991287911,1787.3532926624157,22581.841124626037,31627.921455676627,185856.93903746098,175646.40468941693,61455.91504614889,143475.1388219865,-38957.85235887529,58975.282320861574,11767.277747198848,-41466.161601518164,16906.705563379044,22886.764051641945,12254.281922000173,16776.16304429762
274970,81759.33060798442,-14127.01169796792,8821.701453111926,18306.54312930163,171071.5265134549,159518.47904909457,46189.59529124604,127513.93196952686,-50307.44769939414,44435.82758943929,-2538.5411548660672,-55013.041574478964,16957.938572579416,19416.06000073919,12841.529629791296,4720.010472040383
274971,87247.11056808129,-8907.79962899938,15715.16004364705,25522.535137917235,177727.6178291334,165032.18063445325,52733.66779317702,133318.87840864452,-43864.50926840014,51197.45960561595,3878.6214870649846,-47963.83091963969,3067.077713074768,18407.198955927794,-208.81356293888416,11104.003382709649
274972,103939.78273744223,8770.194653272585,31567.45415398215,40995.441377641364,188140.94663992577,182976.6763673917,70033.69109955835,151150.69289858983,-30834.86100205486,67739.9853306996,20110.759792894478,-32384.285635078864,-1010.5895695635506,21569.52068110229,-4552.937989341151,24856.03462371328
274973,100223.62986649877,5430.1432777959135,26262.9297119984,35311.62056641551,187501.14904161674,179380.4311241786,65285.4040542146,147244.87022988452,-35813.49675524232,62718.31233725468,15403.229379987759,-37807.35518941204,13726.189569877843,23189.22815983441,9182.247999397787,20018.16623311139
274974,83064.32969640591,-12676.455799627078,9850.4587673444,19252.897082188847,172243.96718944205,160970.54644662325,47439.162550231835,128918.24044759809,-49514.02969398837,45573.29463192068,-1398.2976772497623,-54013.692185985106,18209.63506328835,19918.59232595053,13961.83013606319,5606.219883315957
274975,84200.15274926285,-12021.952853487834,12511.43857737509,22308.614249236645,174442.32654174196,161827.87970298788,49415.219340767435,130067.31568967068,-46653.25959042026,47928.68773791782,712.5768741982315,-51165.71907451909,6182.983478553405,18229.654890711456,2775.7053266359912,8237.05433727277
274976,101510.87709556533,6165.937990246855,29370.659038410966,38885.28169425126,187828.88584986838,180349.7014139983,67576.2179604107,148551.74776705226,-32586.183288257434,65426.813552979016,17822.095443919665,-34519.119984828896,-1287.5071910464214,20961.08651101285,-4720.896546155134,22981.501737488397
274977,103181.7732627868,8473.528964266046,29380.651977377907,38442.42544405049,188107.6173426265,182503.1445878737,68509.3398182922,150391.86640476843,-33146.84498641887,65890.26602487813,18475.692279716735,-34707.33894397348,10771.48116320629,23392.766226061147,6339.158941723452,22760.74191984507
274978,85693.05416730585,-9862.300904807635,12280.718811236431,21604.080354191858,174871.92445830203,163826.1050674867,50139.03715380959,131732.42768254032,-47503.75433634016,48151.70720799884,1132.1668994687898,-51614.27054369585,18192.539965061653,20530.220976037734,13859.802030979752,7743.670965216621
274979,82232.94610057419,-14012.987616563014,10429.451988769946,20209.01574143045,172315.9748193536,159775.71825533523,47271.35652082319,127972.1158566845,-48489.49920558874,45812.82194015791,-1336.6214837134614,-53252.951418540586,8352.782171301204,18141.248445387842,4847.517588954854,6356.7048728859145
274980,98183.24752418458,2638.293575913718,26252.96070932426,35850.54820184636,187055.2122132429,176775.58492332752,64155.76833202718,144998.89232406107,-35123.99776239005,62170.77318551135,14618.302881716132,-37567.81596972034,-763.6500037158382,20282.06554891296,-4119.1398904418165,20297.053659355253
274981,104701.08822681368,10018.616541075913,31052.414276981242,40136.64570971692,187802.39501361593,184094.48185259046,70202.4848020291,152005.72057031374,-31706.67817431701,67568.78589897153,20095.54167865864,-33036.546714872806,8692.037173566303,23400.861590913584,4359.870667884403,24233.758229515974
274982,88756.27110349771,-6590.011654083521,15116.566666177987,24351.853054548643,177945.3403365016,167142.64279347417,53281.8559476137,135010.12040462304,-45152.58776413508,51152.59267071725,4081.913678309722,-48809.8076108627,18134.309720155936,21234.06811923292,13695.21352798428,10242.856760151419
274983,81610.31808893161,-14598.43140920053,9662.772695272315,19410.111716570147,171627.64629312907,159154.04730917513,46536.54146952285,127313.7304528279,-49216.032160174014,45059.08066313724,-2053.020847744682,-54034.60217670029,9835.355541670626,18240.218319831736,6245.139889747423,5638.60285776588
274984,95041.01493159185,-706.3827898585863,23340.903235107464,33030.50122913952,185686.09604764992,173388.00703067926,60937.611432315076,141644.2690653798,-37478.270322589815,59120.6834962129,11616.123466246336,-40409.02246915794,-513.067013877411,19601.58385519495,-3772.9730019514573,17797.295483944305
274985,105089.68478886137,10359.61971540416,31667.482614730077,40807.98958786063,187054.1703853246,184465.3582705519,70731.7439478309,152420.32644569036,-31128.857860074262,68139.04139731204,20628.288967541965,-32403.641239910605,6688.061617686182,23152.55756448685,2502.3702910908173,24789.64260965184
274986,91515.1730700983,-3626.424945569346,17629.48898327304,26777.348148372723,180625.7178274737,170141.06698199763,56093.71608093365,137976.43592432427,-43086.73196025519,53819.94698133526,6715.190854630991,-46333.91180704304,18441.03705232348,21937.451831039216,13878.936997286874,12446.39963691451
274987,81562.12287026388,-14549.947174496589,9361.945458389104,19045.058980283517,171476.1225790065,159170.570212388,46364.21189485212,127287.600019906,-49581.19603165489,44808.25016930252,-2259.5788145574666,-54368.789032561275,11757.607194452377,18543.930737792714,8029.819254265211,5317.172886451936
274988,92395.98979403134,-3522.1829023044033,20889.143224794327,30659.492788889012,183133.28206695948,170537.5244030687,58233.73544792777,138830.017269996,-39463.11507453097,56544.582092192046,9087.721764140813,-42803.82775851541,-293.47286806511124,19035.204514238045,-3481.8539467937767,15687.672122088414
274989,105074.08128623833,10237.177712284918,31993.258149639016,41227.881943726505,186876.27469456475,184381.6533067011,70895.96012315754,152405.45249948552,-30737.852268472016,68384.18697482556,20831.549173156935,-32032.643642250536,4003.018459886315,22695.004669689926,26.454736831227365,25125.202813137235
274990,94152.86734311556,-816.6922417211185,20105.41993433235,29190.021590698394,183166.53284556657,172992.35375131457,58819.16687593854,140805.63767454537,-41034.89610305506,56421.404399796695,9277.392932357774,-43887.71182773684,18179.26485090728,22518.731329260256,13531.61074493992,14618.950290625293
274991,81578.09026328547,-14400.312812160617,9027.777572675439,18619.24291930817,171225.12591431465,159281.51005775054,46209.95801991489,127329.61308779044,-50002.051025521025,44553.94824680721,-2458.2840070131524,-54742.92251670282,14379.944827400479,18972.530135915822,10458.507421265158,4962.499210255678
274992,89769.43554682157,-6268.7672445269,18332.447068646274,28145.404842889086,180540.61191651569,167741.58035223425,55482.059124312094,136034.8689748817,-41605.05053613397,53887.791671934036,6499.106720599289,-45329.39633546169,915.7385295466182,18640.404757207136,-2279.4137146969188,13443.442317314935
274993,104707.13564785081,9729.51916072996,32023.726007406527,41365.23424718289,187455.02410388028,183914.31471810472,70711.10282090548,152011.41799302562,-30569.725131328705,68308.3863458075,20717.279958071067,-31949.60682697227,1168.059070914105,22134.01216973012,-2574.4908732335734,25210.791660378734
274994,97108.61572613995,2268.5249202545792,23063.392050366743,32119.95748832546,186221.20164673816,176142.0098002575,61960.60396664993,143964.5693141618,-38531.419645790666,59470.81593259876,12257.473036514024,-40953.89521261426,16490.89389093637,22940.60873487401,11853.122087104552,17220.787356488912
274995,81974.92756013546,-13864.002320441796,9080.52400905291,18575.851846740392,171272.79635595868,159791.3084107418,46462.24804700949,127775.93828289473,-50073.17315023295,44706.334792810216,-2267.6688175411414,-54725.18320608798,16727.91462443501,19447.06021096767,12621.901056846837,4966.957477743108
274996,86928.504470682,-9195.53256888808,15422.017035769128,25241.273046480415,177502.66458323633,164741.0993239965,52427.48664411946,133008.52663397507,-44103.37503785997,50905.11683093692,3602.190026424606,-48226.210645640596,3271.7882205586957,18385.930185777936,-7.2976559151458105,10860.38985271708
274997,103562.78869607602,8430.150612883846,31210.48535709016,40648.40721943599,187971.49638597085,182631.23413125257,69666.95613903827,150783.37238443777,-31126.163281428937,67388.82167297002,19777.304072569896,-32707.57439939864,-720.5307633452187,21547.225373918434,-4273.168149968839,24559.40210936213
274998,100354.53718820566,5624.236629202676,26414.467083229196,35465.78509754874,187476.78222204803,179579.95848876255,65460.95755347576,147422.61696614552,-35681.70321409395,62889.14333218968,15580.324040970825,-37632.17602332078,13744.450516777917,23241.39268616068,9191.240130776376,20162.531152102332
274999,83369.02593986137,-12307.644032052758,10188.508554562299,19592.883838312053,172476.0306815189,161351.58802457823,47805.26879684929,129280.9959960725,-49221.78261384278,45930.063843080265,-1039.7149803660727,-53655.146408962595,18030.005765442027,19977.378959742688,13789.079971682122,5912.91097581216
275000,84175.34272351165,-12007.00558639697,12539.519538007175,22346.95432049887,174404.3326850643,161850.47367869754,49439.62059045606,130077.72365756825,-46616.02290441376,47956.52518073397,750.4986267375723,-51111.94911836689,6032.838978878653,18213.918281539583,2640.083168180859,8269.60512399478
275001,101176.88666442412,5856.646734101431,29087.099232594963,38615.36853166802,187753.9514331627,180042.07384682127,67271.43304629697,148235.9608177345,-32808.70183149623,65131.748699625336,17545.97191630747,-34773.26697786256,-1250.865832955852,20904.798036162938,-4674.532746642155,22744.026439712638
275002,103083.22168476356,8418.805696050844,29297.088653018225,38361.042744965256,187954.6304517379,182451.79487340734,68435.7070070735,150329.39927792412,-33216.533803421786,65805.11267434747,18411.611813449148,-34770.57131530822,10919.396448070693,23409.809177525844,6475.9853380798995,22693.05631853729
275003,85857.42486463908,-9637.87087260944,12434.251420982962,21750.95560125811,175020.04869170493,164058.3170055272,50329.49602656681,131952.67454283882,-47380.39781936566,48313.201991421505,1312.7250584284977,-51447.79776566016,18362.292410137692,20608.550831438082,14007.412043251687,7888.458774630617
275004,82335.13326626559,-13866.045679681469,10553.602091736779,20336.25429732767,172335.7614554774,159933.9702190244,47410.606600957755,128126.57045241403,-48385.788733222595,45927.86050843076,-1203.5045205547233,-53117.48279529618,8301.66620468872,18167.69650675618,4794.908580230507,6480.731376905299
275005,98069.18714793329,2543.4351275120916,26202.308836648568,35818.271773691245,187154.74775523157,176693.80195028265,64087.51592256384,144924.54537383662,-35150.580726135704,62091.367154123924,14557.486434132037,-37602.476950526194,-1012.7811571642118,20223.749781164428,-4343.489202496838,20280.430452996676
275006,104673.3090851104,10020.823907918078,31067.53845592401,40163.7815252768,187731.86946811958,184109.93266184884,70216.36317268024,152027.36656772485,-31690.85865870159,67560.61189386663,20106.07868291864,-33011.85211134865,8530.553835569026,23375.287350059705,4216.0525861250535,24270.55876819329
275007,88776.66101395518,-6518.651717003008,15116.832557808952,24346.048563246914,178039.44387166033,167223.88566505112,53315.97849133604,135086.856611804,-45171.17154565399,51141.52620564146,4098.284937492673,-48808.91202486456,18436.52501424633,21299.005721519796,13974.906017291505,10266.670012693134
275008,81530.10401882752,-14636.831931307514,9564.691611140768,19307.183739477514,171517.1515200673,159124.61202533141,46463.62854497053,127280.4598833288,-49323.99505383719,44937.211055565436,-2142.7728226837094,-54134.856608905575,10141.574298595759,18279.48515810851,6535.003021803178,5573.610869031451
275009,94978.02783658638,-751.5309785573356,23318.357892048836,33018.69041097766,185550.9688952141,173360.2114013891,60910.20382378323,141623.9583324573,-37496.61100217232,59058.25905052704,11574.765709920994,-40429.070018429615,-687.9448785072843,19562.059009744058,-3927.199603041865,17809.104000919157
275010,105272.39071023952,10562.787564165608,31904.674326533284,41058.86867552352,187140.78679681552,184692.5644141941,70969.70428401275,152656.19679076946,-30919.285398533757,68342.61124390404,20840.248353254792,-32164.09229173251,6210.3376539090405,23116.027047801632,2057.569881152817,25032.034786803433
275011,91673.22249863952,-3431.503474714127,17780.36823209004,26926.731573023273,180834.5541299539,170353.12020949967,56272.61613268619,138184.12623624306,-42975.72071610567,53947.01397895253,6857.463400400147,-46191.37776339349,18451.342952287137,21975.906659347154,13880.636280781286,12604.74656190753
275012,81381.97805228776,-14697.103689483589,9142.51869532018,18816.31904770649,171333.0586930064,159030.23035363748,46164.723794440215,127133.60274381936,-49804.58604510515,44557.647920850206,-2482.632299306073,-54602.79074881099,12202.7201773889,18571.98472375995,8444.564615499203,5139.682011204425
275013,92160.8513107569,-3739.3185394599022,20652.35414972822,30422.162081884777,182866.62691104933,170330.94800639682,57993.21361053642,138615.30869251478,-39689.72376115452,56261.26790765414,8827.993542528413,-43056.23288080661,-96.53233740351311,19007.5127417161,-3296.5812786002016,15496.300107743504
275014,105201.27827325901,10380.876161143337,32163.188992711555,41404.879669559305,186986.27779840725,184548.87363747935,71060.860658889,152574.56901647203,-30605.81366381178,68502.92667831131,20957.783605968616,-31883.934697541772,3637.1848503632555,22656.444982659283,-318.61116580045064,25293.823196406935
275015,94457.16429013274,-484.2816791620992,20434.130502281005,29518.725153497475,183447.9250698528,173349.5915272833,59162.603637241715,141163.50535298671,-40777.59179639994,56705.48990049205,9565.242309971058,-43587.59009034611,17858.77889265769,22531.16128166094,13223.625100788868,14925.123029390958
275016,81510.59020825289,-14444.922831584307,8947.830527516331,18533.324600261683,171185.29325731267,159249.53032403666,46140.2196541364,127291.0774248959,-50103.21021448495,44425.98810231609,-2569.325476612263,-54849.863470516866,14532.977931068468,18977.918612406953,10605.24254542327,4908.356159817166
275017,89442.30860879587,-6583.398978979119,17990.522876267718,27800.60752352543,180250.16943335423,167431.84227983153,55133.536634406286,135717.50049075595,-41928.83208708772,53486.284903862914,6119.377650024952,-45699.80542660528,1229.1619803581045,18609.95550301454,-1975.2829012589195,13158.722890768197
275018,104673.14234518184,9711.814596318742,31995.94450375333,41340.2469060179,187447.34061305784,183910.6752086167,70684.11307982533,152002.38341339328,-30621.579200334072,68222.30771962545,20638.27910726983,-32011.31438174789,1108.5372687172844,22103.202482417462,-2626.9334410607703,25205.09739864168
275019,97510.0797262227,2703.9387079933467,23467.776179965913,32523.557391468064,186552.18114724028,176602.19109525945,62393.57510525882,144418.48177842738,-38224.558598469484,59827.45360811136,12609.099386565937,-40592.58142728368,16175.006520032111,22966.61993921727,11547.76202402421,17591.4090801638
275020,82160.91837316265,-13648.59381444862,9254.123501340011,18747.21299853686,171402.943935065,160024.89074976314,46659.34996498504,128001.27069747692,-49963.09196742208,44830.15475150956,-2140.072589554,-54591.635673114826,16654.558052605487,19464.351531553395,12548.771949055263,5136.98151979161
275021,86648.0623995123,-9467.926294806795,15133.714485742383,24956.46138923977,177235.96463270515,164475.940620328,52131.0080010372,132734.98950553418,-44384.25329314961,50549.52629891161,3262.824809354378,-48551.14323126933,3477.7934708007488,18342.102389593783,188.50931969618603,10622.675072297534
275022,103285.36877262522,8154.41951686395,30934.628037701626,40380.9937127788,187875.34337595693,182364.90178015642,69377.13536903681,150510.38754116558,-31388.194756065208,67045.0062449445,19445.417735584902,-33019.20704688306,-605.3510262521118,21485.74697399447,-4161.921946507051,24339.478909699537
275023,100566.97886958666,5863.002039624181,26616.49938386851,35670.54055579583,187470.7852620892,179837.0835449823,65684.65669290205,147671.35333340976,-35545.84193424992,63040.419721135266,15730.23237889603,-37473.74935996854,13648.803141570335,23259.248763340343,9090.366482294434,20361.58949104113
275024,83666.67026043293,-11975.87040711236,10463.484282058107,19869.05747428417,172693.31942872584,161702.50637869624,48114.08432143599,129621.72724680907,-49020.79075663845,46164.67767444659,-810.0145304535356,-53418.78355278727,17941.539161392488,20016.017464697077,13693.948857723379,6184.1256758040245
275025,84166.02487451506,-11996.465251666079,12526.320955524609,22340.56571900348,174343.17243378208,161872.98303271574,49431.19516913458,130089.86239521827,-46660.20785128912,47886.82740785961,680.2841845928058,-51163.776628607025,5990.156477867307,18189.15640793724,2599.381030156468,8285.579886838175
275026,100972.55768370227,5662.221274775536,28889.81527581879,38428.22913640415,187703.72070317087,179855.4598034476,67060.31798827359,148037.6788124441,-33003.563173411145,64869.46541471426,17285.443326090754,-35008.2411541693,-1246.605661141502,20839.895575679722,-4662.342669239964,22602.451406268494
275027,103085.74636393458,8449.782793539562,29286.681316518094,38355.62114452085,187867.79634897917,182491.42964441093,68435.59390138972,150351.9749677559,-33265.32279024749,65742.68470210042,18344.639490107147,-34824.632089415754,10959.544829610604,23400.26166306198,6521.471508541823,22707.518457528546
275028,85984.46543843483,-9471.193096969246,12530.393101437729,21849.354953069786,175128.2235605177,164236.00849138817,50454.96592015994,132108.79661044467,-47339.38230256025,48372.73022272838,1364.1979639581534,-51392.65203829807,18477.112755856382,20642.801447760925,14116.896753317202,7991.810404192381
275029,82372.96188558338,-13802.374024417162,10583.309770606302,20376.637235494112,172309.3594916886,160009.08466646296,47451.10644485625,128181.81699640756,-48391.228740285165,45915.78827049048,-1225.9410854515497,-53122.25118335362,8279.564003694482,18157.881067479284,4778.137024068186,6519.965070089777
275030,97998.57670657441,2482.7485544799606,26151.20411765927,35785.81472076535,187206.46057184765,176645.68664149562,64025.37402982075,144858.2405236859,-35209.58961860272,61989.788135866154,14441.374175504014,-37684.8180354008,-1188.7029815499357,20157.931674828098,-4502.734221467391,20252.612518372036
275031,104704.43159584302,10072.57009160089,31102.939808439147,40212.67901606115,187684.12949845754,184172.790812889,70254.03922278063,152066.87864998227,-31683.079528289032,67553.21612666557,20082.345310312106,-33013.24394627389,8394.142156379776,23338.66129174736,4089.96372819557,24314.556152631027
275032,88854.41157400265,-6400.683258435442,15156.549201351394,24388.536728016203,178154.4050386953,167347.28301256296,53383.13318244905,135175.47411051556,-45169.499360603644,51155.5014878263,4098.403074486185,-48807.714168414466,18598.7818365052,21325.815212298894,14124.065975073783,10305.050254787962
275033,81522.68266947215,-14603.451436212446,9521.904456186865,19267.529805534894,171496.04021481064,159160.5614996485,46442.789064797355,127274.80545195358,-49394.19614804066,44867.3909882906,-2226.1549055311793,-54216.1963612034,10333.268033780609,18291.770088130892,6709.92723129658,5529.170092614761
275034,94938.32663817008,-761.9035653947776,23281.9895883075,32998.25593134759,185468.67197086415,173355.512087215,60876.23350296005,141577.75523088535,-37543.53426625863,58990.83853936661,11487.635705371187,-40496.44580268074,-767.1949572633764,19522.719952905296,-4008.6275273093006,17784.07988672983
275035,105356.27878665311,10680.528108061091,32009.93176955782,41184.55252657817,187184.84954158362,184817.78620655526,71079.07707186707,152739.5403977476,-30846.563015695654,68416.7781526962,20888.643469276278,-32092.750832594,5927.1470890304,23072.221916497117,1788.1659307709124,25134.456402580385
275036,91752.94326167332,-3301.698185017908,17851.267171969736,27007.73384468472,180960.31275888564,170484.5445844517,56363.74225557268,138261.68589079578,-42941.196642996845,53997.20342680597,6885.831502540471,-46157.94438079144,18444.775463459922,21981.31306280844,13868.923450706947,12671.07599047903
275037,81250.73148986093,-14776.145286362465,8984.460294272261,18666.896625156536,171249.65360849854,158943.32743038074,46026.00882978507,126982.95144272957,-49966.30003471847,44382.688707147645,-2672.7045603531546,-54792.727031829476,12455.86668883905,18574.511681889562,8682.891373036377,5003.121592642032
275038,91993.94945636044,-3860.8845138139627,20482.892522588943,30270.166018274293,182717.5781087352,170201.27834044653,57830.1958155235,138420.80873503082,-39850.03839744645,56071.442226251835,8617.30663496073,-43254.430923441876,6.393666720658246,18977.9164155436,-3193.731676693379,15357.67252165523
275039,105306.13624811648,10535.59621404371,32291.117464163755,41556.45043687691,187053.0636975519,184702.53318447788,71199.643171715,152663.36362379405,-30507.914112316143,68613.24234263235,21034.1339233462,-31787.268603836932,3375.736479698099,22627.150386305628,-566.0871684162335,25424.301065699732
275040,94712.75993047238,-162.92630017883403,20695.434829985945,29796.722890600642,183703.54951433718,173669.77354820794,59453.741049319,141411.15947206516,-40573.75935499133,56962.53224889797,9784.396636539528,-43361.29207790884,17654.344620692813,22547.56657743996,13019.043389839215,15170.01698177707
275041,81470.4221873133,-14420.364316703115,8891.788399506153,18488.655692284392,171177.73595629004,159263.45270196075,46107.46820719412,127222.67698994633,-50176.99543226787,44366.08892452573,-2659.0774383791854,-54939.67139004578,14677.768750250643,18980.939448088226,10733.936545495191,4865.212811189664
275042,89154.51600386028,-6819.02653342529,17696.458514228212,27521.329180286943,180013.01423312613,167180.25483666093,54842.57465713164,135380.018687775,-42200.129321672764,53182.47258095355,5789.107064435411,-46025.281887954494,1471.7930087592745,18573.008777706014,-1749.3205614121143,12906.23762461402
275043,104571.34417078644,9660.809139587305,31913.84794984561,41276.9949221077,187451.1679511094,183851.2181748288,70603.00901894688,151860.54742737144,-30707.06742493871,68128.60053171092,20509.219407988698,-32128.95964725708,1048.3277864851807,22057.829460770896,-2682.754002482221,25144.6357200446
275044,97745.94910619518,3007.758562316876,23722.291562040904,32792.859146393355,186786.95299434563,176903.96616692003,62671.57000186038,144635.4072302848,-38025.14947255798,60082.06359558833,12820.59510334818,-40377.510025357486,15954.6961715935,22976.882025429488,11331.289977650242,17827.220016559946
275045,82259.14177542747,-13482.836124348985,9358.498653272109,18859.99469055627,171493.39519320877,160185.65038917767,46786.65442418635,128068.54491711258,-49890.45766458688,44938.39190459513,-2072.1478589738454,-54522.06187356141,16603.320840017397,19468.51165271192,12495.437860655635,5237.221995498275
275046,86432.03447229916,-9629.448896841204,14928.256777858169,24760.218992890357,177052.30435603642,164303.63396219257,51926.49421969667,132461.2782922681,-44575.84076655435,50336.418695910186,3014.5395922494845,-48792.23333534565,3584.8386542125404,18298.34379532595,295.5345915003525,10444.448404942887
275047,103070.57551071103,7990.824179416413,30743.298235471157,40201.91087184177,187821.36637558346,182192.64072239655,69179.3011832312,150235.7896710607,-31568.55017910483,66839.00200580496,19201.08585919268,-33253.361188848176,-581.3102362624786,21429.54585467282,-4128.10519457557,24175.96094840017
275048,100691.88162801109,6057.126621010688,26758.83942455188,35818.61488493999,187475.49140600418,180027.46067607027,65842.85032984763,147758.98854858117,-35454.12951290945,63179.60468582016,15822.069582379598,-37383.213923869494,13532.751089326139,23260.865460016805,8980.973141355904,20485.758677587793
275049,83805.0800636512,-11765.149695691456,10613.520045046655,20017.275989251197,172810.50943621964,161911.3499477412,48284.087865802736,129723.02864826882,-48926.79460700568,46317.11176815153,-706.0836437693297,-53321.882720687645,17900.84203827273,20034.24409929599,13645.502709809874,6311.055996651107
275050,84008.6006095502,-12103.575203383802,12398.50233266229,22215.8706362265,174167.2791017819,161762.15536823974,49294.46638217535,129870.33241744648,-46798.0996462366,47748.47085339326,497.4948686389016,-51343.41704617117,6016.196792828228,18149.021019704527,2621.2927485529153,8165.5178510368805
275051,100692.7398166894,5414.236400467373,28656.57968765667,38206.9060551475,187667.17857097363,179605.8796748884,66801.0899454327,147680.95227619336,-33221.82855872251,64615.739530648294,16984.922848953316,-35294.41962404217,-1298.1530855630033,20753.783411214412,-4707.0707670655465,22396.922077285373
275052,103106.81468917339,8515.267194942739,29334.940683212335,38409.58870405191,187818.89032233006,182560.91295883627,68483.1524726011,150310.684495056,-33253.532967620355,65784.02831302179,18332.617350811342,-34836.944586209356,10851.66907673695,23371.888326659082,6407.921670044917,22750.089177401536
275053,86131.93241131741,-9264.878566247347,12674.923405219115,21984.40262690278,175275.3020278453,164446.7285134377,50621.41875274113,132201.5453226962,-47252.965998494474,48523.21258482888,1460.6751942679946,-51311.39593533808,18511.787054242333,20665.97486037081,14131.978900634569,8118.9973738746885
275054,82366.14201163794,-13759.122385800432,10584.442983534525,20367.728882387106,172258.30777964147,160055.80935912865,47460.65951515691,128108.63586451384,-48427.91782740169,45915.488256238255,-1279.8961661421217,-53184.70890073564,8292.02885816252,18139.764032461455,4782.1052487533325,6518.4741915747145
275055,97872.4529842258,2389.394994925708,26057.068656082534,35691.12550465537,187230.03164843965,176556.87090101044,63919.08812894507,144652.76918119943,-35316.80489733605,61886.897119321504,14282.664643744518,-37839.84681627764,-1303.781944799647,20095.182217287045,-4610.748493078552,20175.043044503298
275056,104699.92555181721,10102.51415939599,31122.389489985228,40232.741519174415,187648.35747500398,184210.06579134706,70269.96569944566,151985.46417420363,-31703.09058003339,67566.08573748138,20034.767714047855,-33063.51738461334,8261.01825633039,23301.575221084306,3959.905784443791,24330.94477776055
275057,88880.16770597844,-6332.491218408605,15176.640745658216,24399.30619010232,178187.47921663395,167424.08278134433,53415.98462671525,135127.93694201967,-45196.575198299266,51180.5761772402,4064.653714983988,-48858.466774877015,18688.39726781222,21333.764133482393,14199.062448972596,10321.766809623641
275058,81434.9838766744,-14656.356118915566,9431.884586840004,19167.039368696634,171387.8350452091,159117.21950251033,46356.74111926297,127107.71134397472,-49513.835029360125,44781.27760843216,-2370.201570710189,-54374.75702154051,10468.19126737773,18279.927705834565,6828.942404805441,5450.359237086187
275059,94822.90432974129,-860.9200626830786,23192.131529010545,32906.22620640865,185307.9419919324,173271.6515423707,60772.718475686896,141377.9423050161,-37652.38216811964,58896.044138197045,11329.420018593117,-40654.170082762765,-836.6521612801147,19470.827754926042,-4074.983866381458,17711.553444032616
275060,105408.33479357998,10743.731271571634,32091.315153046697,41268.208118947645,187203.4102135353,184902.8847757205,71151.57520963048,152713.20772735862,-30808.721448739994,68496.69760764188,20895.839736434184,-32082.28940613638,5683.891178268857,23027.274348449522,1553.891360322917,25215.385845081208
275061,91850.87438351478,-3184.14289726239,17947.06567991517,27097.201072364085,181039.56975247953,170624.91501818682,56471.02025231093,138286.68948516843,-42895.67338887736,54106.45344458689,6921.838014909881,-46131.31645073643,18403.471237765276,21982.15281234344,13822.232612175922,12765.6919369752
275062,81170.8120167644,-14837.955995579736,8889.835302142508,18559.10044683132,171163.93895145977,158902.20529696794,45940.07385746645,126821.34475408317,-50088.30703260157,44300.945827760996,-2823.264738205809,-54957.432986579384,12634.481918659772,18571.07723125522,8853.552364826417,4921.004732383913
275063,91809.73106352575,-4043.5107840653254,20304.567447236666,30083.779953951118,182519.43543760985,170042.34961637305,57641.77428379954,138145.209394435,-40032.366582055685,55902.3698422493,8377.589561694496,-43498.12909226216,107.13549167473417,18939.500027086106,-3095.1579246612746,15205.67910801842
275064,105302.38064116242,10523.606200999357,32311.516110267657,41576.339084976586,187095.75153712515,184723.08740910626,71210.23789619337,152575.17048333178,-30515.404547107442,68642.22333734127,20982.46069136734,-31833.871083123726,3184.25304196884,22578.57218558964,-747.4165716233643,25450.787080760147
275065,94862.31600810676,-14.997186680097684,20854.88810151811,29950.352641988342,183816.03309332638,173854.40767672064,59620.75549982111,141486.0226286855,-40464.54656524985,57139.65227583759,9878.563856558723,-43270.32489683013,17493.613090270355,22541.74563873091,12861.525527080903,15319.595282518281
275066,81442.90960703352,-14450.352564108854,8857.653155269634,18440.23311469992,171132.11719798663,159266.86495515518,46080.35158838597,127109.35140694733,-50232.692591886385,44353.73667599434,-2748.608048977019,-55038.17120133643,14762.469121959448,18974.80503536069,10813.673459038093,4843.767988889694
275067,88952.67516759515,-7035.941507780319,17493.536247348235,27305.827232038326,179816.89350517842,166995.64471023701,54632.021144839455,135076.15340535052,-42397.62086488589,52994.860233813524,5526.219837339521,-46290.1900422974,1618.3685798555366,18536.622233808237,-1605.748141424441,12737.005428676104
275068,104525.70217568892,9595.592988934575,31878.17568343949,41234.89961256295,187462.94914295262,183823.45315271354,70562.37514993071,151716.128127124,-30758.564808951676,68109.06098574036,20406.294691722927,-32228.299573881763,966.0902303508067,22018.55177336874,-2754.3883199597035,25125.34031452858
275069,97952.09843072845,3206.662665492846,23930.154240453496,32989.0833966763,186971.207421944,177144.7858529489,62893.854276004975,144758.74694888951,-37876.15395534503,60315.812858122954,12964.861164017511,-40238.181708099466,15783.190205234681,22981.07526603497,11169.731518565273,18017.86479635176
275070,82341.8094462736,-13403.3051682258,9435.388492325086,18920.43996719567,171540.92695006344,160304.67515045195,46879.07252389092,128066.96205539945,-49859.142119121345,45041.38066827047,-2053.541616216407,-54513.92118312065,16599.387726058176,19473.306607837687,12490.949485131747,5309.073853753133
275071,86245.03438811358,-9833.948670759162,14746.146291211991,24565.67274316464,176862.98304602655,164133.35567366978,51738.60885277083,132173.56074888865,-44766.488610050415,50167.15807162752,2768.0164115501907,-49043.913468081046,3706.935399171481,18263.66189593629,412.694857767323,10284.289407984614
275072,102884.55341180743,7775.6525668748955,30574.57873202,40027.02084722808,187791.91196426988,182011.5558328135,68996.9115653145,149944.5423170058,-31740.6419650793,66678.7570942463,18961.67058980542,-33491.723213750316,-564.8882835076299,21376.372572132248,-4111.714000694807,24030.912553313152
275073,100798.09077822394,6144.341869069077,26874.46041237224,35924.06459435448,187487.91755577005,180153.32865351412,65967.14145364166,147777.21356733318,-35386.31846393924,63313.47705361513,15871.326107019073,-37340.51161207526,13426.514666216135,23256.86272374027,8876.180906722715,20592.599100085914
275074,83958.22966290859,-11623.63812015928,10762.95665381909,20147.709950419172,172951.46585955838,162089.55437967373,48454.13113635725,129793.20971414515,-48833.01716120958,46486.012369559416,-619.4926748856338,-53247.71269834774,17874.570993709112,20052.367430972157,13619.724982311414,6448.211510943288
275075,83971.99439849461,-12158.806119990775,12366.056999430146,22165.85641642146,174111.50962557225,161735.65785627742,49267.6890536718,129738.49793557625,-46857.16781096844,47726.85237780379,399.2607307023054,-51447.88456728743,6039.664719025137,18131.39989293239,2645.802191173292,8140.085507054206
275076,100565.14958802615,5260.846617365758,28547.328773403664,38086.6141621139,187636.9574468631,179471.9350206838,66683.95514001045,147452.49948881596,-33340.27822312879,64509.08012097438,16804.057291092682,-35474.931365197386,-1311.7123396867546,20709.836464637643,-4717.843492413147,22305.093655778135
275077,103164.04361221903,8558.84852500749,29408.254046049176,38464.658564317855,187791.80928903422,182613.64718656606,68560.30144381413,150282.84999806818,-33229.90373233224,65859.94631795745,18331.626094031202,-34846.40103019156,10780.690672597686,23364.06293429144,6342.423860054946,22806.28428153778
275078,86251.03697097098,-9148.66505289108,12799.523106474422,22074.36724931055,175426.08044693383,164557.50725288398,50759.45054051743,132243.62016472468,-47196.29581210005,48651.804640454444,1513.433687399407,-51278.651546592475,18556.552643973497,20694.86327069615,14171.709998680402,8213.193782753853
275079,82312.10155255435,-13825.5722196166,10554.654519908765,20300.180834069633,172212.89293176387,159966.97971355543,47423.53043060057,127965.8210341616,-48505.50784653981,45876.399883722755,-1389.4651945699156,-53310.52115166751,8371.897359136823,18138.475792783185,4862.601069846502,6467.726859578037
275080,97703.35640606564,2190.8646773074934,25943.9785750794,35549.176944851846,187236.78975663602,176326.7669298462,63775.012464049374,144385.2068859557,-35453.639941360954,61750.1580295781,14074.436648387826,-38047.76829462953,-1360.386521693274,20043.16739607595,-4650.877920111001,20051.357333874963
275081,104741.92953672424,10124.37906140836,31220.862883678812,40300.63937631768,187617.60649041762,184196.9609013616,70351.67066806873,151946.20215154788,-31666.085515724735,67643.60006180065,20036.55676299734,-33065.49601200279,8071.5565690722015,23273.75240484537,3785.3264209031295,24385.750404854654
275082,89038.82574006153,-6176.9705723464085,15358.740905943258,24533.09944484949,178409.53725801036,167536.38207027863,53605.80647302797,135217.07531254625,-45101.30318034992,51351.78508440574,4161.938832161493,-48784.700402271774,18705.735070344133,21367.03727441073,14208.37052442833,10444.481439404579
275083,81403.77359849993,-14696.1798386424,9424.254197981818,19103.654294876666,171405.80849990336,159021.34082231284,46345.38093283835,126995.10621359316,-49585.740492863566,44755.940423209824,-2463.132911402925,-54493.494635431765,10618.953296001737,18292.11009676211,6974.189544786732,5396.993496361755
275084,94646.43423103844,-1063.9131355554214,23075.177842468573,32743.776150824404,185174.3906207907,173007.36710008341,60626.7453636167,141109.235447108,-37805.411883966925,58746.72039216834,11113.579315470542,-40879.20495775591,-833.2935332751142,19424.63382753556,-4061.591540777631,17561.295478445136
275085,105427.35581761022,10738.79284641613,32189.1649967297,41325.98026690698,187206.6224810584,184839.36661329563,71222.71428605757,152653.5776198467,-30780.96600178897,68558.66045297473,20888.45209185972,-32097.241889388522,5454.006981159297,22989.344282607923,1344.4547102351653,25247.53068312448
275086,92010.30956130681,-3032.070491970275,18157.189219826963,27254.501128645523,181260.33862500475,170714.2711136566,56674.87883892971,138378.4109565036,-42785.17587471711,54288.8720757698,7039.444725267018,-46040.96413197501,18354.807366200122,22011.05253368777,13774.652944470225,12892.41360138937
275087,81112.01553192413,-14909.772851207794,8869.049067603091,18476.226640465895,171174.63112016214,158757.33242564462,45900.86016978793,126678.85531770496,-50182.86079067001,44246.13386170189,-2932.938790552645,-55100.70999285118,12814.461644287256,18583.58963666051,9019.633227792534,4838.96370205018
275088,91592.19315949344,-4291.498626239318,20150.956398510374,29874.740409762315,182375.95485097577,169717.75067035528,57441.27699026053,137827.17952679872,-40230.44955220279,55701.00927511293,8123.131660016641,-43771.34842326607,197.1359425495902,18899.248357813944,-3011.598601084553,15008.200071974892
275089,105308.88776953373,10502.226649384073,32403.44622617663,41621.165381864,187126.3985653122,184629.53509152323,71254.44444016006,152493.30603822743,-30498.82567232216,68687.29276085644,20964.48368166387,-31860.038334808516,2952.3428856407236,22534.529468271634,-956.8141512798339,25469.28749445102
275090,95115.39028802358,230.5173750259696,21167.446445846734,30205.167049267176,184130.47711842787,174025.70476008803,59910.96887662633,141665.23966794513,-40270.74443208294,57420.1004235241,10092.347930986398,-43080.4621940149,17316.434267140387,22566.826199689218,12698.550869323622,15528.887609711863
275091,81474.30744193899,-14426.96259531565,8929.536385570169,18442.06566325181,171220.72475819007,159203.6929221385,46124.35151357302,127047.43785037802,-50255.06822407389,44390.156687948125,-2768.720645701342,-55094.11746924287,14880.289560104948,18995.978421618805,10925.003177370827,4835.022206560788
275092,88723.68829180885,-7289.515632966751,17326.30347351849,27073.22641513166,179680.98649096699,166647.53109554102,54409.37045100442,134728.86235787405,-42620.55034023217,52776.30095477817,5258.099599746417,-46586.77471516683,1783.161186821881,18504.65765015573,-1448.6032040533337,12513.699575230792
275093,104402.0989887505,9443.35615103557,31846.905736006203,41148.23501197534,187481.66358039563,183580.1137675477,70466.38578159412,151477.19729782717,-30857.834529442716,68021.05374917542,20263.839145722617,-32388.17682400428,880.8907224326852,21969.277636681436,-2835.3104743660833,25023.037347113634
275094,98128.44656144452,3370.510457727132,24191.024095437006,33187.075113076964,187167.67647470988,177216.98574241876,63110.61985363887,144833.46099126164,-37736.01943598535,60528.54061100292,13115.543115395554,-40113.520919500384,15612.225518633844,22993.105586264523,11001.01459678678,18168.184962998952
275095,82424.93114672229,-13332.876496741314,9585.991012420995,18991.619356312338,171699.53399638366,160271.74452037763,46984.167146657266,128029.88928750754,-49814.92772560984,45145.318996979375,-2007.9250507310728,-54503.0353682962,16638.00334611726,19500.02849273855,12526.0635859992,5363.12631701579
275096,86064.91191237063,-10044.075508605281,14643.43623378636,24384.12792140016,176776.5440696564,163809.66511980107,51566.83449852196,131839.80874013552,-44933.453376122445,50008.32437362806,2556.781246689229,-49282.957288688835,3832.453503774631,18245.869572817544,539.6442173641542,10117.206882536104
275097,102716.98976421551,7568.332780785746,30502.830788156098,39888.006105314606,187776.60347749136,181694.14968794084,68848.09824524359,149611.51268163335,-31872.193799543704,66549.61201799568,18776.07548626441,-33693.5743213879,-608.2544631463284,21332.186987635825,-4141.549278932376,23897.319321111565
275098,100943.24547380427,6267.144300117093,27105.696769579416,36085.01909114169,187506.1199513939,180169.14532726654,66146.41762027619,147767.6391277406,-35271.834508241285,63499.185368271326,15992.329288230703,-37247.422160289425,13278.352665003833,23268.697454205823,8738.712406298344,20717.505628422856
275099,84083.79550519222,-11512.510791811275,10956.998176087112,20257.49344357307,173194.9043095811,162086.89572770704,48604.894637190766,129748.76081917922,-48753.76960051562,46644.47171186799,-524.9290986862044,-53193.86423369362,17903.501302559947,20091.53068446973,13644.9140221007,6539.33673161371
275100,83814.07178618868,-12348.556566852481,12291.525973039916,22007.56848665951,174064.4097981224,161425.19324003815,49124.97471299683,129371.25902257043,-47002.94756551985,47608.40248845471,222.54002139520128,-51659.369271691816,6164.707259899061,18122.022382750747,2765.4289766888714,7995.466749960287
275101,100309.84258263762,4955.907363462716,28402.789219427515,37872.438384549154,187609.6568638243,179055.03022829484,66452.0987437329,146963.93442333944,-33532.68712738515,64314.428365704836,16548.73549561899,-35750.59402459627,-1341.5470807080408,20650.709589747643,-4735.463374413042,22109.232230057863
275102,103228.44381037031,8589.327993994259,29571.422515185473,38561.68743736751,187776.98041507535,182547.79930101137,68663.48828744855,150120.3031914787,-33163.19118476179,65988.49526750017,18391.563805003447,-34815.38312246428,10626.650137020211,23358.16083394554,6192.936652402021,22883.242990021477
275103,86388.44443917018,-9028.474442361776,13000.017513584642,22200.417996687407,175738.09378158682,164587.4864853194,50924.48556921307,132141.60169435907,-47095.31854529433,48839.32114033998,1634.4135970066864,-51204.176585971036,18605.47435796622,20741.95359979041,14211.615631762044,8331.174577602624
275104,82208.46625869174,-13957.759319037164,10517.133992106294,20191.10729746806,172260.35940790945,159747.38458703936,47333.79868476412,127581.41159772468,-48600.23461551784,45825.634612291215,-1501.57207487799,-53465.27506883757,8510.070711323571,18142.1707252603,4990.756288478813,6382.555659147579
275105,97458.77991679209,1900.2062764857574,25796.03731644299,35345.75465062054,187234.2084409491,175956.4655072496,63552.1961997272,143831.46438472188,-35626.00003623872,61584.497431270815,13845.206357826797,-38303.30928283735,-1373.4566374193648,19988.95396570938,-4659.711626905683,19884.96526840819
275106,104738.93537817529,10084.783926017795,31320.076952113406,40347.91003804639,187589.42659748922,184084.3721868255,70387.77963499169,151635.08780293603,-31634.558135822448,67731.00322762856,20050.94754803827,-33079.82427203574,7895.923324587764,23250.473403970056,3621.3563956817106,24434.592488419697
275107,89122.5945966019,-6115.525406023639,15516.575608711368,24623.836367332537,178691.0045955614,167515.60863824986,53719.89436413163,134979.1368539518,-45026.53481749647,51511.020883387566,4250.466780272514,-48743.79045088236,18756.64755952678,21408.441921235455,14252.937236019976,10538.658746050525
275108,81254.45531801507,-14880.03218347809,9352.370721671316,18960.949168143754,171459.29613053554,158741.94064277818,46212.97066789946,126481.71782185473,-49709.064975195884,44676.77156936854,-2605.8594278273936,-54683.55119159375,10805.349315925989,18302.173342036323,7150.613854013165,5278.07971278129
275109,94360.67896404238,-1405.5283777994005,22900.981185400167,32510.466319276024,185094.1434339541,172571.45226614777,60364.03941361464,140426.793470238,-38001.28688403276,58553.25747892916,10852.8305316793,-41170.4508970441,-807.6650959472933,19375.654087110983,-4030.5569583118177,17358.522621320837
275110,105378.316000566,10637.656636599128,32265.906797981042,41347.26911649649,187201.93271199017,184653.99879126356,71218.54860808479,152208.44227984225,-30762.896748435476,68620.31541248345,20870.10856650814,-32142.428096236195,5223.930089889782,22950.777066064446,1135.1130536290875,25269.42858207486
275111,92144.52936036966,-2933.446261853337,18383.93103066994,27405.551500172165,181601.1215436519,170724.98479543655,56849.1564907788,138106.5961423805,-42649.93867051133,54516.99695869749,7185.859555051903,-45943.40429227181,18295.34261536241,22044.232103876922,13712.995814296622,13041.282491921529
275112,81020.40724331503,-15043.252943853377,8857.376187400117,18370.748544352155,171300.77101146302,158520.97487180922,45831.82206102628,126135.37000528687,-50257.36416852199,44234.5150196391,-3017.9492165046504,-55245.091430306114,12990.003021500079,18599.719473553574,9180.947885749,4769.432186610185
275113,91312.44850571392,-4632.444842077342,19978.712961447796,29611.728091829442,182338.7912178151,169271.88638182328,57191.4146463927,137056.23975013528,-40437.1448629842,55514.363938844595,7866.229316280114,-44078.27992347184,290.94520350075254,18858.972416220822,-2913.377433392643,14800.238685003402
275114,105209.62359620776,10339.0332736333,32434.989824209748,41567.95917899402,187151.3255357648,184374.38892957894,71213.56560874399,151899.67966939046,-30531.1050385592,68702.48951027976,20901.695734654942,-31969.501084827287,2780.5258403922285,22493.223221770997,-1110.512964417289,25446.319293630804
275115,95242.6509187539,307.3350359497366,21401.01560838097,30339.3803246693,184472.44353101897,174014.11374429648,60102.14376221126,141296.95019917766,-40137.17632112531,57652.76070073197,10245.15513124458,-42992.434096687044,17217.472107275287,22595.88563502945,12596.583474676187,15683.228805314311
275116,81394.7945026166,-14564.412816534954,8937.27412286852,18335.196375524392,171343.3478775046,158968.99136187747,46087.90227113266,126436.70318628872,-50315.7282860846,44397.884483281014,-2832.489140287627,-55229.60661962682,15020.940310102695,19015.92149928985,11052.359436175564,4786.9047307515675
275117,88382.8230076666,-7712.05908446336,17092.43430365193,26730.636808275263,179573.72392347179,166128.04046869522,54105.94045004381,133819.9448454411,-42877.5931104522,52531.80377916024,4946.456319185105,-46958.25446769868,1919.736360758558,18464.161696240466,-1317.2841613011642,12258.87869624799
275118,104211.74487908519,9162.69442253224,31783.674240127984,40991.91047677463,187503.80633227696,183221.20650938974,70336.07738268703,150721.2758795583,-30960.032074984134,67946.96608864333,20113.541242027135,-32588.492158853853,720.0983899843488,21910.701790878615,-2981.4633512009577,24936.026463347247
275119,98297.81264083297,3467.9185831804625,24461.39543259675,33358.65605267617,187190.53026182752,177250.7601013474,63351.73374495127,144458.185842631,-37565.371935816875,60805.36739244165,13312.129098511221,-39985.0125822853,15421.268710484113,23015.575213529213,10810.760836416952,18376.63256286197
275120,82444.52103891142,-13386.413435380298,9676.859363944795,18973.110547913926,171901.56318285735,160151.1255640366,47055.32797443026,127485.60909258088,-49802.24750701171,45252.511843508495,-1971.2178397503717,-54548.772343543795,16720.578819160557,19534.906338618046,12598.812175312354,5409.968305050676
275121,85759.58251758965,-10445.2548230734,14425.911499517231,24063.774067584112,176657.42316403738,163339.7460200237,51302.72304919337,130938.68395449976,-45179.07929627635,49793.7683563413,2278.307904215403,-49634.602169969294,3976.4346493799467,18213.938330130877,676.9808978042554,9889.805740857682
275122,102430.98045241728,7173.904252705917,30333.435016968528,39633.09596020764,187767.85219529533,181246.32663867174,68621.67515291116,148733.822913656,-32062.815512074234,66374.39622181293,18531.263376830197,-33997.20362972979,-684.9398685286247,21266.28087198984,-4211.440154897146,23728.966595589238
275123,101003.62341247241,6232.263671803062,27267.81262388429,36159.39545088586,187527.39874636452,180095.8816547825,66279.81432357855,147263.0172768005,-35185.44111186676,63669.07203109929,16084.786219733938,-37223.47152027552,13096.053883528624,23268.000602872955,8564.246768341316,20847.193174923854
275124,84128.30659256292,-11561.403819057434,11071.539549708476,20270.914890402622,173438.70243263326,161996.31170335773,48703.64965655059,129223.51995618967,-48708.304885457736,46780.14798775694,-462.94962748291164,-53212.98666603373,17931.43088542819,20121.49592676441,13667.6028661839,6629.575949009868
275125,83606.27014615483,-12667.557869822855,12160.661286370965,21775.26824517895,174024.97849787073,161058.75595973214,48956.48351093069,128570.55067731615,-47166.86152083965,47485.4055249683,32.75022642682461,-51922.8280884689,6255.082841220703,18100.123035302124,2850.8307016250787,7866.33251785476
275126,100055.47833183088,4576.442032560347,28247.15475825994,37627.50816005787,187583.3092794855,178637.73117728546,66245.7836177017,146118.08102541402,-33706.7264986495,64157.59938371045,16321.388253786963,-36036.38898261952,-1408.4632079229043,20591.06061792321,-4793.386668926363,21972.822911618638
275127,103265.82468024934,8514.175893837408,29698.06760041158,38598.68966730578,187768.15149332106,182447.0261635423,68763.00744647061,149597.20572685363,-33108.86425932942,66118.4755375684,18444.970483281453,-34828.569737297716,10446.148970199123,23349.478232789443,6022.173963338723,22994.57003721981
275128,86466.87927264324,-9054.564776929019,13138.303878335035,22236.405354993898,176006.91344153835,164533.09554930666,51052.79096414089,131669.58525181207,-47041.51074481523,48989.13862151286,1711.0008311027386,-51208.83163740351,18632.34047869939,20780.347218652547,14228.55328013095,8446.028166700156
275129,82031.4808439693,-14253.003948833246,10409.537161784685,19979.450963867195,172251.47650512058,159416.91554738372,47196.10900694505,126842.22910165685,-48760.76564095303,45714.91599303001,-1679.0857845829792,-53719.3858368352,8635.231121383922,18139.137222001693,5111.592853549412,6266.671991699379
275130,97161.05706659591,1467.0773495853523,25600.977240412012,35058.266395531,187226.6104929768,175497.96039098597,63305.50668545084,142974.776977654,-35846.29992511438,61370.94633551858,13564.723529425122,-38643.19373201378,-1410.5469901584697,19928.3974897638,-4686.161748094006,19702.01268189938
275131,104716.03270527902,9937.260389900986,31400.447324497763,40340.84520978,187562.45437095224,183930.71866658016,70435.5345675623,151089.7487927985,-31622.255487751274,67796.95976993344,20046.55398866988,-33145.79243340492,7680.217431519835,23225.974369570577,3422.133803716438,24503.425276581223
275132,89225.29164172536,-6120.124577784439,15684.431481368363,24695.03778176562,178955.78250709368,167514.0226809628,53883.60107681394,134583.09786534484,-44943.49256659587,51682.65077848149,4353.834487749479,-48718.369998024944,18732.07638992784,21449.584251008284,14225.286442952183,10690.83012709078
275133,81140.25358623957,-15105.479731235246,9295.528641451447,18805.059006046387,171500.98796980124,158520.72431186092,46142.07910049628,125864.87690396947,-49818.995234232214,44621.8337198393,-2721.717617303216,-54877.9037777373,10938.092714753744,18316.057779820152,7273.139022362926,5232.112477563871
275134,94083.32412958288,-1805.9435061624931,22710.40810728155,32233.497870725118,184958.249322075,172182.8823343583,60138.30408065147,139654.68119292601,-38210.38922869554,58355.47820778483,10596.429408892429,-41489.46648863172,-798.1684746879505,19330.671867927456,-4018.5686250803883,17209.173164349
275135,105323.67827548867,10471.596025041385,32311.68153724554,41315.237471297514,187192.90781843162,184513.37293812985,71239.95435985159,151701.15503642074,-30771.868176593733,68657.23657276857,20844.140581606312,-32228.40220016709,5006.633498414365,22919.029667208713,927.7284385349046,25332.868526213628
275136,92244.76845384299,-2924.506464406155,18551.620016596462,27490.60115981744,181805.23131982668,170764.8388140063,57019.45135416508,137791.22447496274,-42558.69898513832,54693.874851442895,7300.835875527922,-45902.621947976484,18228.079322674195,22079.540523209456,13645.533840176933,13214.01965829867
275137,80904.63227141589,-15254.120192376755,8792.544585039375,18228.98192856792,171285.83594968644,158338.63828782496,45762.70578880448,125611.37668378859,-50363.63983706567,44179.20022117349,-3127.6104656416746,-55427.77795827863,13124.92407735561,18619.448287575542,9315.147502350444,4732.519393058077
275138,90998.9417154906,-5055.622649082321,19739.094776656908,29314.08538519069,182143.36858028144,168881.1026551333,56925.12681572761,136347.53239340853,-40674.314210882556,55277.89985988906,7576.511258570286,-44423.21463048349,361.79080665035065,18822.99393142756,-2836.568559801197,14619.911328711598
275139,105077.58342562025,10103.731581236398,32396.60108246569,41483.324184245546,187172.1838936357,184182.2964562458,71151.91209592498,151417.04659330772,-30584.929631209267,68671.01942893658,20811.77118345405,-32106.645354764685,2572.4476229528505,22451.587215499698,-1306.369512549554,25458.527064601636
275140,95378.88428495487,364.64201556462,21602.68965061055,30491.688071356177,184683.98460075253,174118.3216277331,60308.31447045065,141127.80084823305,-39994.755021407655,57875.479404478516,10408.765933938423,-42890.31786573289,17054.494067016247,22624.524515283192,12431.668603742131,15904.765333456075
275141,81368.34206236337,-14667.710712825039,8949.408538628557,18301.590071588154,171356.09345963993,158906.0769644378,46104.387618807596,126113.82720088688,-50338.92444558308,44434.1151663309,-2846.2292581778634,-55312.30235296558,15112.211047517401,19050.217172795627,11144.26136059961,4834.333066237459
275142,88101.85348002469,-8081.3632340865415,16867.526523385975,26470.99957072104,179354.92705955665,165794.12818294295,53859.899789551426,133245.12339416018,-43096.73886249841,52318.737373828066,4689.891688271791,-47272.26918391629,2042.6429116927673,18445.42697776192,-1183.4704862212332,12096.383317936772
275143,104005.54268527034,8870.26156096608,31664.186699356702,40842.357056345456,187526.40179447568,182967.6434151025,70186.20816172354,150249.70733171093,-31080.27409459715,67834.05805685488,19952.558374844266,-32795.077244129665,605.7041403088567,21868.68527514534,-3074.147981116476,24873.810856147706
275144,98387.40241412698,3493.3894328553833,24625.144898672548,33487.34055276004,187210.1134184372,177316.14189504762,63508.06315710167,144320.11322352517,-37452.57777669563,60983.370220368306,13435.190747276056,-39914.64365244548,15254.369816773378,23035.74807716209,10659.74761106987,18562.20741904812
275145,82448.39476676789,-13441.55635544268,9729.684296831212,18989.4131934844,171943.92437140923,160126.95863694092,47103.79720191156,127266.74527161953,-49786.28090761001,45320.86227484593,-1956.9743711364397,-54586.42169740777,16781.419215455226,19569.603631394042,12657.64149776542,5497.203790083036
275146,85502.33556259109,-10773.213974820534,14227.677460327153,23837.715291782624,176433.48556157207,163034.15515206743,51077.23131476221,130450.39032048202,-45369.591230103266,49601.329518098806,2032.9377469658143,-49915.79102184596,4114.1795081529535,18200.413259700486,812.8026447806078,9759.297809846854
275147,102201.48552697347,6872.81105735779,30189.644444069512,39465.1532540279,187761.87308887066,180968.61698476924,68438.70443828989,148289.4726344396,-32197.52751926341,66229.60566814974,18326.881622902947,-34222.68957343555,-775.2451647584604,21216.55461198672,-4284.061671026125,23656.646045921632
275148,101142.33945060133,6327.409215884302,27478.076777388233,36338.22327827131,187549.10969783715,180217.49440029694,66480.07953913802,147227.79416610763,-35031.119140537776,63888.890659625395,16237.871509303144,-37100.89260376456,12901.709676474746,23287.49325224611,8372.57034371728,21082.076796060093
275149,84239.05271503667,-11480.47607698447,11219.772448492611,20385.51656797534,173598.70590781857,162097.25898985524,48857.71543177546,129172.2696192089,-48616.201710944784,46942.776673350614,-361.64649170589905,-53151.72596747188,17995.309740978933,20178.565317557543,13717.308285803996,6801.061003025455
275150,83392.36003145349,-12923.433556035085,11995.895865313605,21589.305939390593,173826.74729738096,160814.45770391615,48772.89892872822,128184.59289961863,-47338.892055299206,47322.364751482026,-184.48961902085807,-52169.889511332636,6426.742314344774,18104.60407453765,3021.8358952840836,7753.059776306209
275151,99732.39856413499,4201.236327940657,28010.762937675736,37380.41574460958,187557.51719890285,178275.06298540908,65968.55832191938,145631.4412041292,-33921.15192229807,63914.22049093526,16022.014444719414,-36347.64333107877,-1426.9948454396986,20538.67398249326,-4789.335458205402,21806.128010019518
275152,103270.58957491424,8486.83034992381,29790.2440205693,38677.66318538645,187761.49402667565,182438.50471038467,68835.54477800823,149474.07309301512,-33048.824164494785,66212.58627874053,18475.346913603742,-34813.188402400476,10238.046257136675,23342.27082235184,5841.760366143524,23115.407483561117
275153,86543.48976195711,-8997.431429477132,13266.131997844695,22346.73487973604,176149.48567404505,164607.6016590306,51182.68440954485,131632.37979497094,-46954.17377636711,49131.58834825492,1793.9486135613706,-51153.51289536044,18649.63040892299,20827.927006369187,14250.12840991715,8597.744116580674
275154,81851.0503880065,-14465.670155274409,10278.32487589643,19839.65376046525,172107.3351331781,159214.59282022555,47049.27228605821,126536.841844894,-48892.597763345584,45589.86197136457,-1854.670404777554,-53916.564485537834,8778.538878424917,18144.209547477738,5248.0057275353365,6185.78273273468
275155,96841.3394122951,1100.2871337619704,25361.27119873507,34821.7934903816,187216.87179516777,175142.26285011775,63025.51768207622,142531.33491514393,-36055.23925682949,61125.65430446284,13268.704303826233,-38942.749103816255,-1404.9354514911217,19879.688513922636,-4670.844644283243,19533.352475194395
275156,104664.6450231432,9850.975366483994,31436.295226258462,40384.493489845496,187535.54641504976,183861.49691005988,70445.30658295023,150945.12034463303,-31599.326026030823,67834.67436360536,20026.020391924627,-33172.311739995755,7478.854510230784,23205.591230942235,3239.9827821755507,24574.28817610501
275157,89286.11735846198,-6080.176868528253,15796.22021900749,24817.509292611816,179050.30901132827,167568.0285943341,53995.13608432266,134569.20247859613,-44861.97656521201,51812.29777530457,4427.120922919388,-48666.87924235481,18741.27026011043,21490.284696401162,14231.453585048048,10824.690302131303
275158,80934.7026192403,-15346.068440306319,9136.024791789574,18669.1763654218,171333.18991042717,158286.68217095267,45969.25178766365,125575.84138215067,-49966.42758928037,44473.47611609405,-2917.2772600901476,-55088.85875366524,11117.929595781778,18322.513215167575,7447.985326715919,5121.914237013544
275159,93674.7602079098,-2272.6839632015226,22381.952482910332,31940.703094456367,184589.46923804536,171722.21727350616,59769.361258256664,139156.86025715974,-38485.27331853728,58023.9130505326,10218.385535167617,-41860.55565545955,-714.8531884250991,19276.18503979137,-3920.8687156095384,16956.885985110013
275160,105155.19767915792,10246.346815298031,32241.087710735566,41276.408612411964,187182.05941569014,184301.35587518406,71133.31363273872,151465.4688158271,-30818.86384840816,68589.50576251432,20720.40845359873,-32338.472025916006,4791.1971593687595,22869.46253722725,747.671741883998,25315.11562895749
275161,92327.18058011954,-2883.8458342778613,18693.76345180676,27654.235519613263,181890.08901560283,170820.36932288407,57155.540048273266,137825.9485763039,-42430.56088108529,54852.49302691335,7402.705610347942,-45802.633140476944,18134.29232707604,22105.038016471528,13556.422307333693,13384.950516095843
275162,80804.2558630713,-15400.827536836869,8729.214346698807,18189.48805106668,171189.26786932547,158199.0925578251,45690.86038447415,125456.10389136695,-50411.82189862599,44131.26446154157,-3222.4162310097495,-55527.76053328611,13274.19918301156,18638.207279473325,9450.159307314978,4722.7927456950365
275163,90685.66948438567,-5432.644851891322,19483.632625605296,29089.89196466475,181856.95273552177,168506.78371635487,56635.96913504287,135970.22105901287,-40875.03318583351,55026.24581151856,7282.849551277034,-44707.75903306293,474.19876154924305,18786.374047475445,-2723.3457787547545,14445.95032319539
275164,104952.57030575981,9918.077591472587,32348.336579945666,41464.02037374981,187191.1803566171,184004.4593152228,71071.17150318384,151245.22050885393,-30607.92229064421,68622.7060571758,20715.02330360775,-32186.01623188902,2404.948591114104,22406.993804641832,-1450.7776170331076,25466.010278625545
275165,95523.47424240664,470.4114135684415,21794.386809125648,30704.972957349775,184827.0655766507,174234.25959258768,60499.309811421204,141248.89529013215,-39826.737236459696,58080.43747045401,10563.871146184405,-42735.272114776664,16945.557122161263,22652.604871158197,12326.287341170937,16116.858221612372
275166,81322.63291500419,-14751.85903442814,8928.905095898199,18306.613388422338,171279.546151835,158823.2282507249,46083.41494614385,126038.59302070388,-50355.82374554963,44427.2089496845,-2894.967972992165,-55367.186971348725,15247.624451596166,19072.800784205618,11263.398546413204,4855.5868126467185
275167,87804.39799769947,-8432.602750198545,16613.490470890563,26254.92270918064,179050.12871045788,165436.7415265657,53582.11238868899,132906.9085359255,-43303.59900623147,52063.940630275596,4396.908422982087,-47556.24706409945,2167.0719575549374,18411.76877424016,-1064.3974778096767,11912.347461669386
275168,103845.34447774336,8656.122857281733,31567.094779665968,40783.766701375054,187548.00284557196,182751.0750853633,70063.71991885328,150065.67344822214,-31141.919397315603,67733.96922125435,19810.202051649074,-32916.96695100025,457.7421462530076,21818.97348562964,-3201.0709334972726,24835.40949825327
275169,98597.86785178678,3676.23708350502,24869.83845825176,33758.049040376165,187227.86147086305,177500.0833199674,63762.182251462305,144541.48423577525,-37231.663783456795,61243.99488394563,13651.803595649435,-39696.005433599115,15064.869868092097,23059.650544412245,10481.209097901046,18819.06377771975
275170,82571.56578189103,-13335.776844042804,9851.40187456635,19135.706179530447,172009.1562162749,160226.55098216154,47246.477149981234,127407.9872867358,-49678.51766119721,45464.93807934001,-1845.2723528733422,-54489.60754044056,16858.478078465254,19612.54054004082,12726.905074402548,5638.860234547901
275171,85344.7649760767,-10956.959744951317,14079.493797646832,23719.68141068915,176199.65318724758,162836.26600985962,50926.28323693603,130305.50311375473,-45489.01511609847,49462.33396401317,1874.729833936468,-50085.685643217206,4256.749884293107,18189.834618550172,952.8518877833203,9655.604606721767
275172,102065.46524796574,6709.649968447843,30086.96829913544,39393.34411851139,187756.4279589441,180793.1330132404,68324.90428544043,148182.0127625242,-32266.887334152947,66129.89870042425,18209.463722361463,-34339.98260338671,-857.3078647561097,21170.41645113326,-4349.587161909249,23594.94834884313
275173,101358.65040014131,6543.498814430106,27709.347870452493,36593.161758162605,187568.81866390776,180424.15246619843,66731.01962440564,147509.38760048198,-34826.56139817673,64135.481600196406,16465.486504848268,-36888.33242704941,12696.729060885273,23301.20705314581,8182.884816056632,21305.979899658916
275174,84445.71773475074,-11260.109626480144,11402.847665589514,20591.063046555322,173741.8380874056,162303.97261664493,49077.971404112395,129456.83498456127,-48457.05605043113,47149.838114742495,-164.4038886893269,-52987.24664444489,18030.481653267834,20226.49614459351,13750.483360093582,6980.9398045600565
275175,83335.86280100395,-12972.891305157336,11917.42413446427,21541.672797183157,173667.67282088206,160743.34400799926,48713.53980249297,128200.07175175002,-47401.89776359579,47255.2778960083,-251.32126399325966,-52263.0339331499,6558.127717649702,18101.96501756402,3145.4972529556035,7698.972980434577
275176,99633.64798902077,4106.374293569774,27913.095773511286,37316.623322267296,187534.22734793206,178157.1558779945,65875.28847931756,145610.63218333828,-33986.28985610636,63819.09876493342,15927.444135297885,-36451.909038006605,-1484.963555015374,20493.50221818348,-4836.658120137034,21742.23348038563
275177,103500.83710122727,8745.016436183165,30011.32716313721,38923.457237865645,187754.3786787026,182676.14184717304,69083.7138206964,149812.16930037193,-32853.668503681416,66444.24071970742,18701.9987518971,-34603.875548774966,10020.564661132372,23344.458260869662,5641.763807050033,23322.367660201868
275178,86824.66904226251,-8668.321912806628,13501.69438451061,22602.898831421287,176354.03266332648,164910.9102349733,51467.17570919475,132034.30986523858,-46757.63341784578,49387.28207603307,2048.277214801149,-50933.84918612349,18667.821329993203,20879.998330290968,14266.356794553985,8811.887515043847
275179,81877.48737076978,-14395.013264818148,10260.103404829908,19850.957110891162,172043.70318042842,159250.40062198,47065.48201488322,126673.20579995142,-48910.082081419365,45585.03821897256,-1852.7743377561196,-53944.57335213377,8912.784693588248,18155.65871247928,5376.417401170953,6173.548324118853
275180,96787.31489081192,1085.734574525059,25281.3990745528,34776.42221355438,187210.00673822523,175088.79848873708,62964.31978047744,142581.03587372348,-36104.992034747585,61053.56829181178,13203.516719467556,-39020.61950729038,-1414.4474822330797,19848.101789944078,-4676.595241766115,19476.85881203743
275181,104858.88801555005,10103.92371288214,31604.139771075388,40575.29189274347,187511.43725134042,184077.1235129239,70646.98214422925,151258.63209645153,-31445.712699526935,68012.88220378739,20205.387358869117,-33006.62107407737,7293.619711651774,23201.04095029088,3062.2778058489966,24729.507534532375
275182,89606.10655687007,-5679.697804824397,16060.070230191614,25091.18394746519,179275.79985458302,167930.14382109413,54314.90400121775,135017.82223127567,-44643.20379046229,52090.386476701446,4709.278781094139,-48415.42846209096,18718.104563313667,21541.11328228444,14198.267820415414,11056.281760570173
275183,81051.69705595821,-15147.849813354409,9190.025126631796,18733.594906222224,171370.61842722882,158438.309981136,46068.67034895373,125805.24373921887,-49932.11381151571,44533.42311199261,-2845.0933981882827,-55050.74805454665,11243.073941644418,18347.72201077811,7559.326994439149,5163.344046522769
275184,93657.95430540436,-2214.430079287944,22323.46605126118,31897.71675155564,184496.7540266172,171729.44168028305,59733.63868963272,139238.35608105286,-38533.508903146576,57961.38546791951,10170.243897256254,-41927.7327720172,-698.5154759030781,19252.836236947613,-3906.824098842168,16905.79088022773
275185,105329.6916520707,10508.348592073027,32382.608623073615,41432.92282107281,187174.97464152426,184515.65362681332,71304.6293788993,151747.90773078543,-30699.526214265865,68726.69749859019,20866.580841490868,-32205.64480397295,4635.82240862586,22860.949561564183,590.9076806168741,25437.35830585129
275186,92634.75494462912,-2467.010713228243,18947.62056932075,27920.059023863294,182108.173568952,171189.44843867,57461.37757475588,138251.4647643068,-42232.39393109688,55110.80870802169,7670.365436442542,-45563.1114432185,18101.440296000805,22155.180820671078,13515.839713929348,13596.840745993573
275187,80879.62612230779,-15219.350634680663,8749.047686636202,18226.803165883226,171184.1303206259,158327.57409747248,45753.24978670321,125633.65181869935,-50418.7966560789,44150.0480854355,-3187.4718927232125,-55521.452749801014,13427.895193808548,18669.781821866593,9598.482611469506,4722.14499520805
275188,90539.75034655258,-5489.147871118801,19312.613046381684,28946.224746362615,181670.5456204455,168395.41631587734,56479.61963608699,135906.18643882894,-41032.73035605821,54839.439172103484,7112.686211037297,-44887.13595764238,579.4763925210552,18762.545534959558,-2615.9784422980365,14280.188840076988
275189,104929.64143739938,9981.774928013538,32325.49752354221,41470.45016249648,187211.1309080563,184018.71387120665,71058.48095611847,151305.2558125127,-30630.21910948456,68583.34698459138,20683.240096186848,-32212.179864037986,2267.331638316463,22374.225379541145,-1575.4788687490209,25437.645255594834
275190,95742.33325744816,791.0115546614763,21996.378985754418,30928.37234889606,185002.4430102108,174508.9232541076,60734.136810813696,141560.6550525367,-39666.37770195336,58275.202061265234,10759.8863003092,-42541.07749476014,16822.73683089796,22679.21891366587,12207.891688629072,16285.74831195896
275191,81423.49155537419,-14549.525533752847,8996.699070661958,18392.72929513929,171315.29381758388,158977.48285324132,46186.277236182446,126219.15343156477,-50314.097990168586,44489.31725201593,-2827.1467508680166,-55306.21810492184,15334.868364084252,19103.0377310333,11346.774298284721,4906.466148391709
275192,87699.99283172842,-8451.080147111632,16492.89900330915,26156.028015556447,178905.59388820268,165368.68247948136,53475.60808454128,132860.1556973494,-43416.55339018396,51930.591216572924,4272.336648997232,-47676.99174027388,2289.3991034794235,18399.41195437673,-943.6911543713779,11798.704102782947
275193,103770.47973615961,8658.807527831857,31498.972393669595,40741.987668482,187566.58948690232,182709.71566317958,70000.3299366399,150041.57590771996,-31202.802022913846,67652.02928448064,19730.182995350537,-32980.34898913437,398.2604160670303,21783.119681441873,-3260.5445071452486,24770.390397287643
275194,98712.79514758922,3877.3060326986606,24986.269294558493,33897.975391594264,187247.25672667625,177662.9896792471,63898.43434851097,144710.26789704262,-37143.30158565617,61353.22450079073,13756.948531173512,-39580.69473855022,14963.55919406452,23064.958508436237,10374.014455370536,18911.580083181147
275195,82591.72926880553,-13233.704444721541,9861.244350970295,19170.023527903097,172011.98032424168,160292.42760513898,47277.7796942536,127465.93889216441,-49677.568331320785,45473.254744565274,-1837.6852607396154,-54478.652996237885,16923.607482959902,19626.861266039592,12782.997709859643,5640.838888695324
275196,85158.49700763091,-11079.757992313142,13896.16180080518,23569.872073276085,175989.1184607014,162677.19468531857,50745.33586085321,130131.30952747536,-45643.16560851631,49275.13944460982,1689.5607304201817,-50256.82285556758,4367.722966603086,18167.57368732732,1060.9972713454772,9494.794553715205
275197,101866.70723916285,6558.538662895725,29914.766035808017,39258.05156416332,187747.63218865253,180611.23555654864,68140.41154608688,147982.3050528939,-32400.17481339174,65950.95640198627,18027.966310919393,-34493.284989553606,-897.939327409161,21123.521805257034,-4376.9849852532425,23451.603832242392
275198,101359.97391045114,6594.587460810965,27737.834328722045,36650.673282882155,187586.01533880434,180452.7677686687,66757.39022006516,147513.3882346025,-34795.44878620423,64162.16305535936,16483.439892455855,-36845.75499195748,12587.018667345732,23291.120303298823,8079.075349124465,21334.104324019158
275199,84426.52489969728,-11231.980715284764,11400.61733669955,20611.69209172928,173759.86979138516,162311.8532026842,49078.286717882285,129433.62008234976,-48455.56561135865,47152.97081222235,-169.128292862512,-52976.46896746727,18060.963225153544,20237.125786731754,13775.12584822126,6981.924255315452
275200,83161.58695927434,-13116.854567608849,11769.91187022051,21418.538083915617,173504.92282391747,160581.52397402347,48554.06044084638,128005.05600889755,-47526.1842504428,47106.78385112576,-406.87184101512827,-52401.03042369939,6640.95820119553,18086.864182256388,3228.685396052907,7565.914209305681
275201,99412.60110320576,3898.1043357291946,27736.23364991466,37165.67349191966,187511.3597892836,177937.82016691985,65673.95751940241,145361.24784077192,-34126.587392994545,63638.28154393207,15737.33313359513,-36616.20686702852,-1472.8715248145986,20459.795780899953,-4826.086093186568,21587.436479948257
275202,103390.86752110257,8641.105584212557,29949.60004448497,38884.451401671526,187744.47657199804,182570.71052081586,69000.4545162584,149682.0662371479,-32894.111265719024,66383.76557631462,18628.702450531135,-34655.46616597097,9972.211098468708,23329.482271394125,5582.622842171251,23272.257123429517
275203,86748.43850047793,-8742.505278577133,13463.883820477797,22585.32618632205,176311.08129319228,164846.37326276768,51415.04302765336,131948.00500362238,-46773.54520122141,49360.892346819055,2008.6048539172593,-50960.154743173065,18675.219873624894,20882.85255411305,14268.438024332596,8788.930706906758
275204,81710.78773928672,-14569.667601220426,10132.41670100513,19744.825483845463,171897.52512378624,159099.91834443723,46917.58314945611,126502.417664777,-49003.543170821584,45464.951775165224,-1984.1618041808435,-54063.20951498932,8970.229003198814,18144.95350226461,5438.877341246729,6074.824719318999
275205,96552.61657011561,827.4016509739581,25101.670771366676,34616.84413061217,187206.07087964064,174866.5872330679,62751.92626495963,142348.48376944254,-36240.53688872862,60876.41052730123,13014.498091786063,-39190.09881613783,-1411.0991671549991,19813.472461407284,-4666.8286638285645,19348.60362978821
275206,104783.08442526424,10000.541587096704,31581.418754143684,40564.47849179602,187488.5161936814,184020.6301051021,70598.50231961683,151204.15219451475,-31445.167008815944,68001.20335969079,20176.35365151317,-33017.57513913707,7174.155222836044,23178.06979673657,2953.834044625758,24755.69125692724
275207,89626.90539436108,-5681.359082720695,16110.045156694145,25148.482265510844,179252.48738861305,167988.697395598,54357.195034224525,135082.57440871908,-44580.58649412241,52165.24821963674,4766.997896213902,-48352.823074999906,18681.31268748006,21555.08603112845,14166.973491201697,11161.659503648234
275208,80965.7672189051,-15260.36934336569,9125.96739466942,18679.816220901626,171245.8290416029,158398.06726661616,45995.400253437736,125778.28340629075,-49971.23857448279,44495.552616808134,-2896.944012404695,-55102.88938649163,11303.20157650992,18354.3107110591,7620.466321156748,5176.732941154363
275209,93495.46025957678,-2420.0310821329476,22188.900351987224,31776.422845033947,184283.95678173637,171603.80964252434,59579.79483403781,139140.95372079813,-38631.70554825108,57846.57473616716,10041.907861430353,-42051.87312301081,-688.6204347697659,19230.895608888688,-3892.984293658555,16866.18003998704
275210,105312.4194034945,10439.607787692996,32385.679418402466,41444.16800385218,187171.64989262982,184531.9698681439,71296.33753889681,151807.47463696936,-30685.058201279742,68749.69725845952,20870.783781661085,-32199.643081818667,4504.350202589934,22844.8148848797,471.61119825374067,25521.218893375604
275211,92743.53908239439,-2405.1893205727683,19051.084440695195,28025.710607317124,182092.5463895072,171343.28390194196,57570.72576354064,138456.15681933486,-42137.85611231401,55243.189049283406,7780.919938343375,-45464.52697019985,18023.137995720754,22172.049970313266,13441.132269266127,13770.495688384395
275212,80915.14553844837,-15230.864858742832,8765.519271313608,18245.63851195978,171090.51659156283,158415.54423255537,45775.775711412134,125777.73171141966,-50406.10432505053,44192.08438893365,-3164.4843744709665,-55519.64993927359,13451.094122004051,18680.85690638909,9622.11662367376,4815.005771883281
275213,90487.65150052699,-5596.118271281168,19244.087210893482,28880.882387487232,181503.6820297939,168389.6664669683,56408.47422389696,135969.66688780213,-41092.013069309185,54789.82999042795,7046.18803461281,-44973.98791526263,596.7567709150504,18750.1067194101,-2597.3800029215063,14299.333432147469
275214,104976.0242751959,9968.807433940643,32352.253328794493,41498.42063892963,187230.82555253917,184107.66860271106,71087.57565751503,151479.5555715579,-30612.145724396672,68627.6913277414,20705.832042171674,-32211.730261239412,2162.9964936624956,22357.99038261339,-1673.0958506720324,25538.628566207874
275215,95924.95208748314,922.4011659922239,22139.038385675747,31070.08475657644,185024.80939010635,174746.0236951452,60897.45122940137,141891.36260889372,-39557.36431666625,58442.82124062444,10902.53643762805,-42433.532103052865,16750.62732037031,22698.365535281366,12138.365556533838,16485.76111473703
275216,81512.80173201261,-14507.084311406841,9033.046964931415,18435.269474458313,171212.44684658537,159128.7616828524,46247.514753853815,126469.81436184015,-50298.28426230644,44551.547706722034,-2786.347065923204,-55307.836911647464,15398.50612295415,19121.284237509193,11402.25038241273,5012.889269433239
275217,87646.31457147017,-8559.682246369484,16394.165552548224,26069.911766849553,178667.7427701247,165369.85967246664,53388.42833137148,132973.3446554488,-43512.61748017349,51850.869700461815,4173.9925167777055,-47814.219072494016,2360.3793084798713,18388.54682083767,-877.0499882598624,11788.822607201586
275218,103771.93162017566,8597.774735022951,31463.098227933282,40716.36516357005,187579.54857319317,182757.9729044665,69972.70248594986,150218.4191183401,-31246.320995476854,67627.42600208566,19682.858146508726,-33062.23798953371,313.6959134205488,21759.09426558947,-3330.678809596405,24813.638491163445
275219,98896.73451835016,4007.411714363055,25117.33665418548,34034.545792890676,187266.81844895383,177904.9676734438,64057.075105327494,145090.39957517938,-37050.467210316216,61505.1112674918,13881.827266205646,-39500.75481957877,14847.82990687849,23078.1286599901,10265.001677608097,19101.730717961607
275220,82743.75677200002,-13127.86261127181,9943.449678083663,19259.465768006266,171972.93806473678,160512.96721527172,47397.34893742408,127829.04321737334,-49632.423712018455,45578.53700212967,-1757.5218969206633,-54451.52340852974,16944.537938178066,19653.690961523112,12805.375534045283,5786.11903408686
275221,85137.890460347,-11153.32675321997,13814.129974891806,23501.44266344775,175757.16299441166,162717.98652472693,50688.76203922915,130323.45475134609,-45755.95059083561,49200.92241412426,1594.1782188504217,-50389.48608505872,4474.204228986633,18170.672440911345,1162.5381942624713,9484.32256088052
275222,101799.2054372309,6427.013058163531,29805.741221129454,39166.60909012072,187734.597322664,180592.53491700947,68045.01721448009,148127.7452309663,-32551.784675534636,65841.26424636488,17893.943472752144,-34629.62999999249,-901.8716101965762,21098.242769343167,-4380.77686813364,23418.9637934393
275223,101480.06736761468,6656.0751370524995,27814.140286866626,36742.42304185822,187597.29818386742,180630.1854866836,66859.66661316575,147859.98288801758,-34804.12822826831,64243.6397352031,16532.21313133597,-36782.84520305154,12473.496835259879,23291.90154356804,7977.888201576161,21467.764534191883
275224,84558.16916866889,-11151.994205333029,11471.064086725004,20700.028703326287,173738.65060507297,162510.9487870764,49185.91664862199,129799.42032821265,-48476.057002016314,47232.69127955234,-121.60223884536026,-52905.186694419885,18082.762904199288,20261.81811091263,13798.269063620884,7116.971878721795
275225,83107.59076102084,-13229.1108625259,11658.448585826392,21332.341089679645,173273.95905560564,160585.44866209128,48467.3855804941,128176.1605446434,-47698.169978765276,46999.982109342214,-540.9323472853093,-52494.64548324351,6753.325418928607,18085.764522440313,3340.3639386894456,7547.804508363076
275226,99300.28902584995,3714.374441581792,27585.813903455077,37043.79348668677,187491.49249123,177867.75999997073,65531.8218266251,145462.76882743847,-34322.16603707176,63487.78755033114,15554.871226196377,-36740.007156080464,-1502.9975762509198,20416.90599585935,-4843.728593482887,21545.04493798757
275227,103567.02626421448,8758.32057126818,30081.072265124552,39036.4186080197,187729.63374497555,182800.90532672213,69159.82855480148,150081.46737693233,-32858.80081382401,66525.69009786633,18728.94234828646,-34497.400589127006,9772.479842849536,23320.259537262784,5398.766917807966,23479.35391708778
275228,86994.23678129657,-8538.960490379546,13634.83214198831,22770.671439383506,176422.378406048,165157.23409310647,51633.201773493536,132419.8683984956,-46717.116298508525,49551.27457718775,2157.2137425428978,-50763.25857379069,18675.73722090895,20923.08272052872,14257.700692633205,9030.841700032532
275229,81693.85545130042,-14636.5066410114,10043.285163443155,19675.20719102476,171755.51694840274,159125.6700398568,46857.98245059006,126687.41400218793,-49173.19051587847,45383.641353322004,-2098.917324629072,-54119.88864143321,9129.057042497257,18151.221412332303,5584.336464842138,6078.936204949939
275230,96389.93922602283,598.2864827845492,24896.69930273805,34437.44085824743,187067.80532119452,174720.5634335784,62550.692361137255,142362.5226937342,-36497.45257200644,60656.39799989286,12767.74692867522,-39351.856383931954,-1378.8400608584118,19766.161780324164,-4622.174081238912,19243.75661928647
275231,104875.93246738837,10033.721464878365,31639.459099086784,40644.21733551122,187467.88747312257,184133.74587095494,70668.68547555228,151471.98940750532,-31482.794384786474,68036.1784125255,20182.041605849445,-32918.5856339489,6980.269798296821,23150.382973144217,2775.1949378993013,24868.921539260005
275232,89857.12158962167,-5494.436338015399,16278.322362339903,25330.068339251957,179375.42740209267,168248.01383862697,54558.063546882986,135484.99103647546,-44533.94988249568,52313.83627701375,4889.860574859428,-48142.03243375819,18649.723383110497,21585.82486272027,14131.518921818053,11361.678813322651
275233,80963.39839125563,-15311.636979083252,9060.347852054583,18629.57577726688,171163.0119051653,158407.11656186523,45950.219896748415,125922.38752148116,-50128.3182142772,44396.43165901345,-3011.29157884799,-55119.4574331874,11453.08447365069,18359.48465361665,7763.801205154797,5156.36531884956
275234,93314.11028313942,-2664.165434250569,21973.429804263913,31584.27407477849,184047.04254290572,171413.19257229991,59359.24136205454,139080.6755420037,-38899.18121136284,57584.16786918043,9767.24800647213,-42208.69176144792,-609.3886293547006,19185.745079176013,-3810.1113482132587,16716.30283701735
275235,105337.44339033727,10409.660684035714,32396.22249372691,41476.16696909286,187173.9188002279,184555.64038385206,71302.02059116334,151953.19711614243,-30753.397604676615,68714.58834181612,20816.720235169647,-32128.627891360757,4336.267810979828,22806.8086747146,317.6474724235552,25570.673676740716
275236,92981.9702543991,-2198.469719338652,19251.546375115362,28238.148378729238,182261.89772912255,171600.25711659124,57793.197797953784,138819.8018278844,-42053.387094478414,55408.84525526677,7926.21949254407,-45204.43707381011,17968.95872190596,22206.364920978725,13385.160556669725,13980.970366390091
275237,80922.14290272693,-15256.345320467632,8725.637488796845,18221.726355222534,171034.1197498748,158429.7905856617,45754.059452465866,125888.31176002866,-50530.10375359084,44114.448788432004,-3253.585825630829,-55491.498579463754,13632.3247519569,18702.997894517124,9791.17995030775,4808.724813379321
275238,90233.63952412573,-5901.180470703141,18974.469400919435,28638.329418099634,181229.72273811395,168118.26518313293,56127.62483752583,135792.42799128458,-41402.84298964734,54467.920242758504,6717.402822402394,-45166.78448043448,741.0345477149173,18710.265218580415,-2455.177290185541,14090.752764323637
275239,104859.7069481056,9799.979620483715,32248.01933370275,41423.005110850165,187251.91264935338,183974.54611532987,70963.48537627241,151436.85303171846,-30769.915347670347,68469.93801137757,20534.756348307343,-32233.513923893865,2023.3346269698513,22304.680088702764,-1794.2605327630774,25482.16846817872
275240,96103.02018541403,1068.3203353377949,22307.353258988784,31255.389873588647,185196.33957095759,174928.75809297623,61071.402581006114,142150.27670827054,-39485.633065741036,58574.76002079249,11016.944975655491,-42180.1787247404,16618.599568346977,22719.352235121776,12012.560743602107,16671.953234182227
275241,81546.5970852023,-14505.977899987654,9037.464812988912,18450.990949306863,171202.30402436107,159161.10815233045,46258.02899359107,126565.96267723414,-50369.27880768293,44523.217469231,-2826.547763196048,-55211.31966976918,15517.76089961828,19150.512318163914,11514.18963545979,5051.340751981524
275242,87405.00289597266,-8852.81885160823,16144.771742740017,25840.059017713866,178399.35874204861,165103.18288651106,53117.50318646426,132766.26475603977,-43791.66936927808,51557.83478368834,3873.0660481427303,-47962.12272627691,2524.709222408322,18364.11217103734,-717.3083356012517,11601.889657711225
275243,103589.17365349206,8356.258812321066,31304.706969254028,40581.16840859262,187588.6582954079,182547.63932681247,69780.64508882273,150067.8501722773,-31434.463146917056,67425.05177955674,19465.614719125937,-33108.85691162402,233.41848843157254,21708.78913308712,-3405.026653338917,24716.95553899518
275244,99040.23280103148,4109.794527010896,25269.39050036475,34200.871237745756,187286.75730710183,178042.98738545738,64200.77942232461,145279.47834041517,-36979.543260164195,61626.82032734784,13982.22760892271,-39235.924340393394,14717.651266030518,23098.49939254931,10138.562409689393,19279.034038046724
275245,82806.17113610319,-13102.737085282453,9989.179123951671,19313.843571100006,172027.67969401108,160569.27479864372,47443.019106619635,127923.70517608937,-49651.3557991768,45602.765409478896,-1749.7400741928254,-54285.063902202586,17061.859008388063,19694.44040634515,12906.23797152804,5873.328813508424
275246,84978.47594103041,-11364.086841251803,13649.19432309818,23350.05427644693,175567.24417774082,162534.27802955132,50502.98102239606,130171.18962818552,-45936.636303902735,49010.41345529761,1390.347601219738,-50434.27573355216,4603.288447649345,18161.224806819257,1287.892531216873,9387.199935699893
275247,101655.47347180679,6223.485257642949,29676.38248812722,39054.05393253836,187719.02765986737,180419.05292111955,67882.77221353214,147983.89971499646,-32671.254554659008,65684.96214708133,17720.072795763605,-34652.16298615346,-952.1070561280333,21062.357357030283,-4416.576797744616,23358.57292997045
275248,101611.18420268653,6740.755481219215,27946.682558835306,36884.13621761267,187603.9099028918,180748.5782445601,66980.45953099141,148002.60241294783,-34694.534525701274,64357.90542430942,16625.617624890987,-36560.383731556794,12342.452557651422,23306.35682642097,7850.004889916983,21635.171882720173
275249,84689.37141876735,-11059.552579716863,11575.638112376702,20808.773054573787,173891.32115392748,162635.79417611888,49294.51746804152,129937.66863825447,-48381.63430555563,47335.12375867687,-37.34040675524852,-52716.052949889476,18140.434015284205,20308.62794920126,13843.196545768944,7265.101011903838
275250,83028.85213878934,-13357.90262840578,11558.341265297395,21240.685129428188,173193.4571585675,160487.77374241228,48356.514472521325,128081.01371323437,-47775.968729497115,46892.6906471591,-659.8218953274248,-52514.36858659019,6903.577444466931,18099.82467928005,3477.8668188065203,7508.701919328301
275251,99049.67257542165,3396.311479776413,27348.41260462337,36825.55016906498,187475.40168526315,177587.0458534616,65263.89415533591,145181.28170684353,-34509.78085853298,63239.8965139606,15297.658759588036,-36887.21905802227,-1344.7291066885598,20408.42346986007,-4689.977931630683,21381.89481970982
275252,103358.27863415508,8467.527093188171,29921.669829900795,38907.10066883328,187712.01971263485,182562.04804071403,68963.64679769022,149843.4954986843,-32980.08516588561,66353.40895446893,18544.60345791309,-34562.96469845933,9720.042886559431,23289.821539308236,5360.498674838268,23373.669020180354
275253,87329.78984068483,-8271.235771332218,13954.300522518184,23101.45134547323,176793.1802047064,165474.78968202937,51953.72879260661,132724.04698463788,-46381.48562290278,49872.58899378324,2457.758096683553,-50345.30750997328,18292.15597783313,20924.629797272533,13893.720247624522,9389.933467319726
275254,82293.54882401673,-14066.851025980814,10531.5201702295,20146.16833166783,172335.64358543005,159727.11486046622,47391.64011790231,127249.75047893412,-48695.02476585762,45896.64024439619,-1604.4451713901942,-53533.83399228954,9045.416678533957,18256.31352225088,5491.479011961947,6596.997701390153
275255,96418.10168303968,597.7749380380899,24839.744887347064,34377.51022454458,187069.48648579023,174749.5779334869,62524.84759547329,142342.4993676857,-36543.76161411575,60631.38432366876,12732.35466398186,-39315.33666299799,-974.9797367623305,19855.749234468138,-4235.15959467391,19224.628330003743
275256,104538.07580431824,9634.712532682803,31314.68033980673,40350.22439528765,187450.4836809573,183781.7856647842,70335.12924408467,151075.47193266015,-31783.602088456868,67726.79344532557,19856.799698165392,-33159.63180875915,7085.8731652441065,23116.956725499927,2900.5545238581185,24567.185583382918
275257,90095.71987784111,-5319.091179990427,16498.658779747784,25570.27155274933,179641.1178421353,168466.0937327515,54790.213706364375,135652.5709749022,-44302.435528553906,52558.716316313934,5097.4818293841745,-47843.96983051752,18248.822207304114,21563.931043684766,13753.145525141495,11585.918767548126
275258,81613.28775603855,-14692.854459919008,9586.90562940212,19139.990156836717,171805.49292785238,159036.25937244392,46533.25816097752,126486.75691909362,-49610.77326292434,44971.226104902256,-2475.1104750472878,-54517.29039145405,11322.97050140191,18462.600518726285,7620.960274992843,5677.18517662826
275259,93398.581925459,-2609.628856221212,21951.901728782083,31549.45981401274,184155.15176217674,171467.01056248567,59379.788010968274,139064.588736327,-38903.74399636347,57613.778869206726,9780.890023722579,-42144.98757535423,-130.01954485788042,19295.744855629302,-3366.1480018502307,16703.960339282814
275260,104873.64252739082,9873.711531388733,31948.21160227691,41051.59009108237,187183.25492892542,184037.73971497433,70843.01079240249,151371.25457306567,-31156.793172246864,68289.4999885358,20385.849445224914,-32487.85224341258,4603.000220695565,22772.182731628694,590.4649468323717,25129.492333236023
275261,93059.05103665634,-2209.284908073575,19339.25013589162,28339.564987211495,182436.39999444433,171609.3819996476,57876.75681848887,138749.59007050304,-41931.80475691879,55516.64136887061,8011.550566758935,-45029.3802068138,17568.867649089887,22151.698916009496,13002.526196352646,14061.734332446373
275262,81584.3598060295,-14652.402136534558,9282.364904289554,18740.095199198524,171746.9161655394,159028.0573668306,46357.68070148013,126364.1789782563,-49965.261647670864,44720.69222321949,-2679.97822569235,-54844.277790311295,13348.7109675036,18782.996117653805,9489.710041090657,5354.875138669278
275263,90469.99211030509,-5715.223019607273,19093.52412387721,28707.825905325462,181557.2009747572,168291.21020355448,56295.36556518751,135804.74919140004,-41261.095385462686,54650.57025595444,6881.9284895732435,-44948.38039247377,1153.6558215776436,18838.987653004177,-2089.586902449283,14213.06895748815
275264,104382.4704934624,9223.494410048224,31779.778354854992,40942.049981077056,187281.21233624077,183411.45322592015,70490.46999797077,150700.18875185863,-31173.806490667626,68043.75419953452,20096.562317244123,-32595.70160549358,2418.261615649927,22293.59370435444,-1406.9472759136888,25022.780536171973
275265,96042.4750464688,879.785906014262,22284.1673053711,31213.990939991876,185380.54357369104,174766.32669348904,61042.80183793815,141790.28045662344,-39443.426500722024,58593.5622497807,10996.116480356899,-42094.825079191585,16255.85232330812,22651.14837518455,11684.71919938913,16638.562885987492
275266,82225.8325483083,-13927.279373985786,9634.553861166698,18971.24618276476,172047.4275298095,159744.0214831435,46907.01140455915,126895.18941693717,-49728.28699976944,45199.47173591172,-2215.3543670090025,-54504.12840854782,15117.093107376715,19219.154849126033,11118.910408303389,5630.1370854040115
275267,87808.857414255,-8531.534571302553,16427.163814839296,26023.558840127916,178969.51531827066,165415.70697584667,53468.529432271964,132773.13543264417,-43464.308925093836,51939.47873281831,4194.905215074502,-47566.799443749216,2851.352481379385,18515.18663751644,-431.3203488482833,11868.097513009643
275268,103139.99129300982,7778.814298495103,30855.45717949533,40078.1288074622,187603.3052667934,181983.55153126793,69347.85458880023,149175.59463334648,-31777.378800381644,67068.89451060575,19054.583092808803,-33428.21809256416,749.3818096045281,21730.530863867458,-2903.3142566426727,24267.93189948152
275269,98829.01325302813,3732.1871958187303,25121.066578600454,34013.68233321706,187315.67164386442,177694.7299162508,64051.01661586247,144571.43337987422,-37009.54118229142,61572.120908209836,13840.530550040105,-39257.85228767481,14424.390573448203,23017.579925374455,9878.84098791072,19111.01462374116
275270,83467.54732665271,-12581.666423684143,10595.99331246452,19825.752149006905,173032.06639107902,161096.07669484106,48103.38011902201,128008.10015908604,-48960.82553294246,46341.59308120351,-1132.6020259043278,-53564.435639147705,16546.57784347539,19744.53921760384,12404.565130305438,6445.836300115386
275271,85521.84325216497,-10933.132865343256,14067.289402530196,23639.998065163116,176420.2009410289,162946.08028515504,50999.06232947454,130041.25606787691,-45447.51907979027,49590.325916425434,1849.5312580439622,-49914.2451488582,4846.714470846778,18329.711805299812,1490.5739055619106,9769.79584843146
275272,101244.61451512363,5662.15763218113,29260.372367174532,38549.17271511518,187701.46886685528,179853.45000110706,67485.26058767174,146805.28529722377,-32958.569362245544,65426.21523795323,17349.535723993533,-34965.15960210908,-336.06377072965694,21116.557370508068,-3835.4947878989096,22922.95827683442
275273,101236.62460366945,6170.629955251795,27671.625286287697,36543.61373368718,187618.38838233252,180195.49521040588,66678.64214850613,146756.854111486,-34828.45634886966,64228.49438017931,16358.255620131904,-36751.024637560506,12176.842221472923,23226.845096193247,7706.46360047658,21309.82221296768
275274,85228.3318994134,-10697.979941147138,12119.802937736444,21231.874690355682,175040.427669269,162997.06629385438,49846.913516020795,129468.10134398991,-47726.13405036903,48047.69374737461,505.6775479064913,-52115.34696009597,17604.11603475954,20344.983767667087,13320.56663189716,7737.758381023649
275275,83640.54414760231,-12878.439989688248,12087.95294429551,21593.811590513997,174395.1557110455,160930.97616286928,48916.757657751106,127540.72909658312,-47149.69720462625,47621.81697088514,-104.610930226341,-51951.8837848657,7032.545304906064,18275.78018882212,3567.4171990804616,7965.811824658967
275276,98787.49222901394,3009.6366050142333,27103.43000850904,36401.808927337894,187452.28442228516,177144.24400187784,64989.915879841516,143645.56083782203,-34601.04658962717,63189.06717082731,15076.229180378852,-37119.816631690584,-813.5231010286703,20483.531937691034,-4189.216389873285,21077.34216431665
275277,103097.13137877965,8085.446444052842,29779.244234915303,38582.88200959994,187692.3409772514,182112.20221198123,68751.19027066573,148211.18280438334,-32954.6717073059,66400.20895855874,18391.082599303187,-34718.170945202495,9606.68225011683,23255.242614761442,5269.0985101452125,23134.329377056158
275278,87553.37580976447,-8139.933686295866,14257.375552744274,23173.70607950072,177843.5313888654,165503.14752064436,52199.36723969305,131435.50458726427,-45909.84126636654,50392.713491769515,2748.0259477679037,-50080.18994785918,18105.495115019203,20989.3171692762,13711.82673217922,9588.110639322254
275279,82375.23385693421,-14065.656354568415,10667.978025201692,20016.849747436692,173312.1645435221,159586.0148645962,47456.85329546942,125618.12756277209,-48361.44136336059,46266.13801389089,-1472.4551241289914,-53457.352771877544,9253.28327506984,18358.214419363358,5665.080997112978,6651.454241263888
275280,96012.97208321388,91.5393138011184,24561.143665891563,33836.017992047164,187227.305027103,174088.45391600998,62125.050256812356,140004.28047066077,-36568.64722963977,60592.42355070889,12449.017603987504,-39637.50523525558,-625.0951838181461,19882.29569958896,-3925.930673487322,18893.321302269822
275281,104228.88614734416,9219.346679838862,31203.892321818537,39973.587194068794,187425.83377343032,183209.58969032805,70081.53378895158,148581.655122724,-31646.990197763087,67870.87436945051,19730.08246822693,-33295.52109567703,7033.971317350146,23102.738892269816,2842.1552715898456,24376.336031364313
275282,90225.02656785806,-5272.693488533876,16797.16127872649,25554.233752383298,181176.1675331341,168334.61966886523,54960.092397669425,133106.1260483616,-43787.997978248066,53137.18288701223,5380.847565973617,-47591.573004392085,18073.94826387788,21631.001157142768,13574.233364499854,11781.99182370821
275283,81682.56435139797,-14692.555740816711,9806.033849157211,18990.27080079204,173692.72014990426,158831.96383178217,46605.858603265726,123107.62844022048,-49185.23644317759,45471.99913546285,-2277.7079140982537,-54388.56725371565,11431.66784851226,18565.58467322682,7705.508974572531,5796.10789379475
275284,93054.25732460208,-3037.5005796428713,21826.491424315584,31032.396608210744,186006.87015978823,170825.43037030793,59053.95618618817,134574.73327395157,-38801.241400025945,57759.58334717253,9607.4828087898,-42375.85136028347,142.99165872015286,19341.503885748312,-3121.3129962682283,16480.133754908013
275285,104513.13868696119,9410.653849381115,31891.063398313152,40590.18081396101,187193.75120023172,183372.14929572452,70553.37241449062,146360.27196782888,-30987.4806492832,68515.4198060761,20253.586492499628,-32637.946812611815,4580.354952025208,22773.245380659006,560.0080200576947,24940.55445733254
275286,93094.24591007916,-2274.1205759497147,19674.27934172187,28226.38050444693,184950.66378005664,171344.0343569471,57989.11456580784,133681.52551974007,-41394.212337202174,56165.1227498622,8266.057793413698,-44806.25171077136,17391.272471572185,22222.27399882671,12834.55204272486,14227.632986619046
275287,81638.64038279526,-14702.699436143634,9610.74659669906,18570.97983187829,174316.51591455183,158765.5176498972,46455.6506092791,120838.07622247803,-49433.49846228103,45372.10299767005,-2432.642124461641,-54669.8789534064,13430.584789653052,18901.859679609282,9571.173929836632,5512.258549990862
275288,90159.00234855778,-6163.679206847005,19097.658427403774,28197.394418267413,183891.73191217118,167632.40809495503,56028.36422380854,129515.71990867796,-41019.057135734285,54982.13335581693,6795.189660486986,-45103.37076444969,1416.9213280447307,18916.43757470837,-1834.4064726589506,14056.286241517411
275289,103988.24706570743,8646.18616338653,31769.029890483685,40427.41466010931,187323.04280884188,182657.46898658754,70181.6750206488,144078.97859796288,-30901.43672067718,68412.86655300867,19990.508938536295,-32725.09645061825,2439.691180082845,22320.13528568059,-1395.553003029262,24840.78615779177
275290,96028.52079828849,641.005539680289,22644.49776657996,31073.16667455295,187229.9078572596,174399.97842621472,61120.29036639475,135334.7659459424,-38790.051467049576,59404.710395931805,11274.000855419996,-41839.65172496919,16101.058587836313,22739.227042785373,11504.277544443765,16804.186228263705
275291,82289.59124228742,-14143.817156308638,10028.467097241006,18855.05600824271,174671.737931562,159442.79196763682,47021.049370078734,120231.38643990069,-49014.872888684185,46090.16209844181,-1883.976474330531,-54228.97103053439,15186.239288443772,19363.9236749113,11151.076907551,5846.738812380269
275292,87573.8958537981,-9119.664485787795,16538.00650774416,25624.729609406666,181310.8503870503,164787.00039903773,53267.25385345443,125552.60871499179,-42943.018570705244,52623.12152980204,4257.532596807459,-47554.79596793896,3100.438948912882,18630.37634345203,-223.17278661260116,11832.513008155021
275293,102795.25474788979,7010.131998869789,30914.33929022934,39633.114155888674,187633.0619947326,181235.84623137343,69065.6853410576,141720.9080228073,-31176.976394887864,67848.3335899511,19072.561094306955,-33397.73766547762,781.3596991576535,21795.530660256343,-2894.58552181414,24187.334551703447
275294,98827.27341187299,3263.9385343526,25518.99103170762,33891.29395169231,187349.34404688887,177304.13457734993,64122.37911367631,137386.92651839642,-36007.47080186795,62831.65076125227,14219.146037606894,-38834.07170260244,14258.65910210632,23139.19971190812,9693.07636109746,19348.90212483593
275295,83563.2354654262,-12995.61984577102,11041.953849624972,19723.232389136894,175557.9094085577,160796.87960774923,48235.00454342703,120773.42352077099,-47859.12993263283,47733.63410857548,-672.7313424284655,-53075.57269119387,16585.432320199878,19923.927008888073,12413.76386847876,6755.823980840278
275296,85360.70877177415,-11658.513823232897,14258.093414522726,23271.289117578526,178636.3255950379,162369.30146703485,50857.60708421017,122411.35431917963,-44539.43273983231,50785.560833540425,2080.7278902043327,-49647.07813744074,5062.798022533364,18487.417801345604,1668.1304482881787,9865.991267256295
275297,100892.45874514699,4686.3409067065195,29305.546913464175,38041.57225249664,187695.90591394418,179074.86921413944,67179.55327586367,138961.9413136226,-32119.423432704563,66558.25018488895,17461.653037995722,-34754.13454188575,-234.97836037191357,21227.082053945524,-3767.407175043401,22910.638262939552
275298,101121.44506485442,5394.487549689324,27957.388216996253,36276.868687789254,187644.19550686693,179662.71750931325,66633.36360723595,139202.01708197157,-33721.562872362774,65689.70823000072,16745.88447213381,-36220.22232447367,12043.336373754653,23361.516395438295,7551.889078289515,21540.496661705405
275299,85295.81533151426,-11320.24835263924,12537.074761223426,21078.71488511499,177308.6072566677,162643.72289365265,49963.61198221156,122083.05268458303,-46485.951582624795,49684.36121277677,1060.8371254680712,-51431.48146758082,17566.200927906815,20533.03476602323,13259.196911996498,8116.299265532144
275300,83543.12431715458,-13713.885322713902,12319.783412809653,21255.727445837572,176416.22452025098,160391.34849138756,48853.08467442449,119943.40908068254,-46085.21865175081,49089.231909009,292.82021889916507,-51430.10637489971,7189.355704379726,18460.998372010155,3693.310607467959,8185.726075103372
275301,98464.24638562981,1870.4348283327313,27134.3417105648,35906.68183833876,187434.75126952457,176360.98334732937,64722.234193840806,135863.69270438072,-33693.49890125346,64501.651671825886,15304.327574706216,-36711.44748648098,-679.8538029835878,20625.28692350333,-4086.8283785768826,21135.922626717176
275302,102916.19686423837,7026.821080034691,29961.15529091812,38277.547001758314,187691.58382062806,181477.53163391663,68656.44296294311,140704.96388488926,-31886.438809340845,67924.07887048014,18803.86918820988,-34074.52853096655,9525.693441164154,23402.906821839475,5163.68729001311,23354.88126611233
275303,87550.96372841176,-9063.18812929864,14575.693225944,23015.921617545573,179811.88566356467,165052.01666641393,52275.838237412725,124202.47854643376,-44715.66790341766,52076.95901245852,3334.0956741097552,-49276.32113021769,18075.854720112784,21185.713891874548,13649.327486355478,9965.155239170279
275304,82235.09009955771,-15171.97730745407,10825.470374338047,19706.252405204777,175074.43566912756,158986.9498582004,47381.40950821539,118319.98626865578,-47331.18271353668,47779.10983454753,-1020.4297872645111,-52805.2782020437,9388.309458032052,18551.70795976668,5770.147762515548,6897.075076745974
275305,95656.52202226328,-1287.9075421946513,24518.978001041432,33352.43317692384,187224.47730812558,173260.07270537136,61842.85782599093,132649.8730349969,-35693.382296875156,61925.58130713808,12738.36250155444,-39136.82501721862,-505.677951624928,20031.921983461074,-3826.1554922510713,18983.26014915012
275306,104007.64535016374,7926.4236246744285,31299.10506683115,39657.91324592293,187416.02836129453,182520.5749232649,69949.73985603887,141666.7934943392,-30615.34756492551,69381.50379258368,20192.239223939698,-32609.26286384081,6932.524295806261,23248.633154014133,2731.793734351935,24612.8891665065
275307,90230.9787467178,-6365.320526048587,17072.038571177018,25433.13613613147,182542.29908413527,167887.50716342928,55045.10016404604,126905.24033519565,-42576.94708815013,54850.79304304727,6062.675764056349,-46706.27486461795,17984.492269565522,21830.03476482993,13464.90075634251,12216.260102306083
275308,81609.11463175411,-15895.400226685404,9955.460901808969,18764.858229564317,174560.43331220216,158306.43854069256,46588.779722414576,117492.02375901068,-48096.863241365514,47049.41151329756,-1692.9271211305665,-53620.82331097608,11527.244747227422,18769.85652549099,7772.022664464017,6137.361260313756
275309,92743.82455794892,-4522.2967890972795,21730.211153862932,30604.709927999276,186332.8082047726,170054.026333177,58795.745369334036,129355.6006817807,-37911.38423144721,59106.71497903888,9988.183818207453,-41804.88909284406,295.728105791495,19507.36130254279,-2993.07546968967,16629.623022952394
275310,104243.02804348411,7930.033064068362,31832.121208476892,40245.139588028054,187193.87526677633,182646.72407374746,70346.78850248412,141743.6834050141,-30038.37988727913,69932.14951470614,20703.892609436483,-31976.71324182799,4523.78311354383,22918.317065044466,499.9171514032305,25146.659297453247
275311,93075.42057036693,-3530.8935230053903,19820.132018925688,28112.461008120943,185183.6207355977,170890.42481125903,58024.650841884344,129807.70938635152,-40255.782301717365,57805.61176119793,8952.846840552842,-43916.16872854455,17294.563278130106,22421.442590518283,12719.171554338049,14648.868386969585
275312,81589.49071756503,-16033.552294472809,9678.895116409329,18399.43741316831,174397.3247746171,158286.16656371197,46435.180047008675,117338.33098549886,-48382.28384910732,46917.104525540635,-1803.142468309428,-53853.99862338412,13508.374575104623,19122.65330544595,9607.33201727553,5887.783176855094
275313,89893.58341635477,-7763.923247256654,18945.250970193752,27834.376635413024,183700.8180726752,166929.33798566725,55782.306979573856,126142.96910550019,-40171.02934129783,56290.0038041232,7221.194049288377,-44486.24689144638,1565.8962687065027,19107.028280679522,-1727.886989711303,14253.455388438962
275314,103720.31264911895,6997.519328854859,31626.90165227089,40097.37999290416,187332.79820472538,181956.08488999907,69944.5325136754,141019.59869717422,-30062.763941578378,69711.76087703402,20437.20563655966,-32070.96196513474,2415.5789467028235,22495.27721298769,-1429.4402070605365,25057.473852726118
275315,95996.86862674585,-773.5564429693788,22717.52350451293,30949.735362564512,187229.78656358618,173952.65141244262,61118.8838036354,132800.62338487478,-37811.452014605806,60876.724472266695,11933.978944922113,-40986.59304242235,15993.470063314977,22955.033558314968,11398.918495770591,17209.578669888473
275316,82241.31762474026,-15551.74265125998,10051.82799703585,18665.72492101208,174595.46296792958,158981.16804687498,46984.241646278766,117919.04460136485,-48137.62181305099,47446.02092361888,-1276.7424854683495,-53457.47555832889,15234.83327906072,19588.536933914627,11196.674653306454,6208.208855314576
275317,87277.14900270686,-10768.274275061936,16315.712334591066,25195.591451417597,180987.8606439891,164063.24537251054,52973.527790533495,123188.99367615345,-42360.61983951645,53630.24992751149,4617.40534093249,-47046.36015225887,3268.268320354337,18814.67215769802,-68.02445763288927,11972.230430876834
275318,102400.09422783698,5252.647903060892,30617.839736480528,39152.54379217398,187638.79183497763,180403.92145294955,68686.20057455805,139439.3372099744,-30770.056212198877,68642.07336695582,19355.242841607746,-32977.51329472162,805.3410241564311,21936.033911959013,-2868.2010693349266,24258.609875425973
275319,98683.7454277067,1766.4825085500056,25464.745978029176,33664.61571040071,187359.26724910777,176736.63918853836,64002.0272953832,135537.1776700074,-35496.34258242719,63741.41961172996,14732.247843893443,-38216.59046993869,14133.436046015566,23304.28023080706,9575.730684211432,19621.764277039973
275320,83478.9966027465,-14409.012248460025,11015.879724746383,19526.38649390574,175485.78565244382,160294.39956932736,48158.45814099921,119136.23549951661,-47395.833902360915,48565.276129514335,-141.85385226757057,-52480.44813583187,16618.95966573616,20112.43674264179,12436.208705802708,7047.348124221655
275321,85060.05299239705,-13279.526596899761,14015.710133818431,22869.990081962595,178336.82970246783,161635.75990282558,50552.87289234212,120676.41801428022,-44321.74073903455,51300.76641109753,2376.3369001868955,-49306.0047818437,5233.978875465568,18639.381065995272,1820.716242213027,9949.269515290884
275322,100484.36848448313,2943.3643954521767,28983.648597472336,37583.025022980175,187688.51385778261,178220.09195316755,66776.5931798298,137229.05962245533,-32007.806208865957,66914.22607312194,17655.81741637401,-34517.092497513695,-226.71360462826846,21324.639313801068,-3753.7387201039587,22913.73910993826
275323,101024.24251623827,3964.7456443679957,27942.386902345574,36131.657249128955,187649.84559711412,179134.76139122492,66553.60793842914,137904.21922361426,-33394.36595397886,66291.188666238,17222.887652578167,-35719.3083140151,11860.656725121336,23491.62173835517,7391.237879651619,21794.599676466387
275324,85292.22683197001,-12636.970481282047,12573.721842358942,20980.412349983068,177344.44012903605,162218.9965424492,49956.56314942152,120981.12087968858,-46138.52230386011,50296.11938927829,1582.7527412251998,-50910.68341683812,17596.70004562278,20706.213887420592,13291.408549161835,8414.443274589252
275325,83290.78088444073,-15273.445579267694,12103.424114328678,20909.354049923266,176180.5572635365,159703.1537657507,48578.81077486981,118666.07785434694,-45978.86106583726,49395.35776955804,542.5411985641406,-51186.43204206819,7386.310501149506,18590.862401824663,3887.0239538948285,8248.052859735
275326,98065.00612823712,146.82451605504616,26802.57541093595,35459.160907801386,187423.12969941014,175509.31227889715,64308.38769683246,134495.95941517368,-33695.778603092476,64647.164382294606,15416.65210637222,-36593.852382986035,-614.1164553090726,20700.06193099037,-4008.1146167855127,21091.68198132424
275327,102815.54466395799,5598.09659126397,29933.4950603052,38136.192222051,187682.78862864902,180937.6906037922,68554.52190934507,139687.99645385734,-31659.807978198656,68334.85297463113,19191.983378624653,-33686.46100333145,9340.824485820893,23502.58847686257,4992.562325150813,23553.48285699707
275328,87628.34244293356,-10296.277642827157,14687.602401727767,22995.87195529043,179900.35969177532,164703.806995608,52331.83706917781,123394.40416497586,-44383.267615902936,52602.96644386326,3850.68832787463,-48782.38604509027,18049.276573620024,21341.46888004095,13612.708292039124,10273.875235750773
275329,82114.45999741367,-16592.88161159137,10728.12351617616,19465.038421937534,174933.1541066824,158428.29070449303,47214.1814528618,117314.11789609467,-47197.27394208321,48054.296981670326,-732.7132332941602,-52553.07493386633,9566.67890768764,18680.526867457967,5925.32236430419,6997.913884889611
275330,95321.72314008485,-2931.738404099846,24240.371153797987,32936.0477284002,187225.3756278883,172474.0120857275,61467.425426502916,131436.4029742942,-35724.97220335821,61985.02897970498,12821.183751697616,-39076.90686488418,-376.1922308389273,20105.634129667218,-3707.778256814947,18913.43694683198
275331,103865.44274198018,6472.525588710037,31237.025541616393,39460.637422617874,187402.159682883,181942.45687651797,69792.30122589144,140681.65541176952,-30487.649597328353,69632.33753996814,20463.89080303247,-32350.137686267575,6803.830471782717,23326.603246147853,2607.6145820614756,24711.704069488518
275332,90301.66003313189,-7590.457861141042,17192.626652504518,25405.774823195585,182547.6033110755,167539.343812551,55093.3447095343,126159.1587798701,-42302.91860370863,55277.88566430172,6519.185324175292,-46279.78998452888,17940.056257661057,21963.58354969073,13414.23432128884,12465.831252674654
275333,81509.15598527848,-17277.783172589687,9886.910381593776,18541.13173391714,174388.06541654162,157778.55972787458,46444.91777409717,116570.79860967105,-47985.14528853621,47272.896486126716,-1409.6122311829236,-53391.323497106445,11683.655494596289,18886.37787680782,7915.644789826742,6216.896416011315
275334,92424.20338850681,-6125.369838981549,21465.97647257564,30193.199090804534,185953.09865518298,169293.83279642725,58435.696141104956,128211.61908197482,-37965.141565072925,59112.79770709841,10086.727345478408,-41774.157342103965,432.998161392125,19570.902319712208,-2859.071519917323,16538.855776747907
275335,104102.33496112596,6511.216290373568,31767.15132497062,40040.622098660955,187193.83372593665,182078.62507847144,70190.86840665384,140807.1250269431,-29932.788460608874,70124.99385181205,21015.928242210928,-31755.634082829158,4395.481307460812,22979.35774324348,375.6950216598259,25225.55496072533
275336,93231.34845829973,-4607.472845093471,20016.790730624805,28159.368168326244,185236.68502264988,170644.60025558402,58162.57723751197,129199.1455874349,-39937.90344715091,58258.60987109432,9559.312084981944,-43448.4198738384,17184.111140204466,22541.747832038487,12607.973111898456,14949.45991080105
275337,81622.27317708611,-17173.16883918762,9721.730590907644,18285.827961462062,174303.87784481782,157917.8799978761,46422.87484476454,116606.52073582947,-48199.35257159021,47204.94687360726,-1319.7010297108925,-53549.626598892515,13622.523568226945,19229.164579415883,9718.682393904035,6045.8962917948575
275338,89644.40680587388,-9143.356398523558,18723.559421811566,27469.638674345704,183344.90271192766,166267.3900416465,55481.646052281256,125121.39057766293,-40215.0380193211,56290.50194433372,7449.965874527061,-44450.49238406579,1741.9776792025727,19150.07302532062,-1546.7833891567197,14173.4724562096
275339,103513.2807865165,5706.129503256577,31478.416843428873,39821.3912190703,187347.31466758088,181344.62613382807,69709.86104201796,140060.80566002082,-30050.83144466921,69767.64294238997,20737.92511802433,-31968.22512728033,2359.045084693196,22501.51108966471,-1476.32119537413,25037.543016356514
275340,96105.70455726999,-1681.3661280842998,22865.544791014654,30966.944596626763,187229.58971395573,173687.5439389482,61210.08941602825,132194.82855606833,-37551.851711835014,61232.02897658678,12551.518818372871,-40591.725453189596,15870.289000609138,23014.963519174577,11269.906899937014,17446.049158319474
275341,82312.2882244641,-16441.966097058863,10129.503405842805,18603.83902350773,174521.59433383506,158688.89816455258,47014.52110940639,117282.0869780689,-47934.240272659285,47728.46183556072,-705.3520469023995,-53131.45298326688,15331.083524274793,19666.53022613279,11272.79804883365,6382.096672945761
275342,87110.85046508815,-11858.863694101228,16165.480816670035,24912.984888530376,180681.15549292052,163528.95067205705,52758.16668768668,122310.89151767678,-42350.13726509089,53667.31208940827,4959.551544652116,-46949.15788134271,3446.216005816891,18848.36222543435,99.55183620566117,11942.775345228225
275343,102216.67281236609,4182.8254260755475,30479.93586034955,38896.36865327256,187647.05789073982,179861.86349763747,68474.36978335083,138565.26533989576,-30746.920521563705,68679.70020683795,19693.264330296624,-32870.72398727132,808.6526004849568,21935.153113171407,-2858.4818475192214,24240.758178298354
275344,98792.36665940931,1044.603798651193,25610.04008553246,33690.43457494247,187373.66092840236,176518.52473903733,64097.98759288914,134994.10541503615,-35235.816970567445,64069.76257541799,15354.332428849895,-37830.49908866138,14038.721458034825,23353.203635349324,9471.814328970762,19846.01734707305
275345,83588.43709913993,-15082.195184954844,11128.258571767146,19510.85082473662,175461.93026668124,160092.52608978824,48236.49052218127,118605.21465513574,-47152.934757846924,48871.876327227495,467.9277910834628,-52118.90105677658,16748.360133401504,20194.29093490845,12531.186536422683,7248.418940785742
275346,84905.76335661337,-14185.613515567922,13872.446461682272,22603.575485168087,178022.3411994748,161167.1386132446,50357.936325267015,119877.4288745557,-44294.274922133125,51338.87590749675,2724.8445272360386,-49199.64628714543,5492.292009001501,18678.675814767324,2052.6070437325825,9920.11652853909
275347,100235.63838528373,1972.0093568591765,28783.65064164358,37277.1858430424,187677.9747403913,177665.50174321275,66511.437193819,136352.73644599091,-32021.44732047794,66884.97708607449,17925.852227399188,-34468.471304159844,-138.91813764663885,21311.45734465026,-3670.2268269813517,22837.31984383278
275348,101069.41000629702,3337.460867063613,28033.966961459428,36124.410865132726,187657.2083518515,178907.4851192239,66606.36543063146,137361.33115534775,-33161.58711951329,66560.24623067385,17779.819069551202,-35382.33024424319,11781.621245787264,23513.512341568407,7288.578307914811,21972.132576521755
275349,85424.41803232598,-13130.640092762134,12713.00117966659,21012.407552990822,177371.50700236985,162100.05460027454,50081.50930268016,120543.05257999522,-45856.52564887908,50624.20911201624,2207.617276874973,-50520.07467215214,17696.726098116636,20772.813791025234,13345.837609826427,8642.475976392478
275350,83215.32514804801,-15944.87020570296,12028.96261060058,20728.5671562288,175966.22604543745,159376.95649033127,48482.049245274495,118018.37124916562,-45879.985978158016,49496.15119455267,955.5243729968247,-51012.10278401484,7666.438257410132,18631.71612705741,4112.9279412399965,8284.802267170664
275351,97836.26496212135,-651.3123815802091,26609.481416018534,35172.55404428734,187408.20801725128,175035.87758891805,64075.0870538669,133707.3931036006,-33692.34225366975,64615.058322553414,15701.817597620065,-36538.09215775361,-411.0103032781277,20690.952987970948,-3859.8550490426956,21027.9592132748
275352,102813.76935673883,5069.641815457551,29980.421026047712,38097.037105720745,187670.49374367995,180720.3926821478,68574.22810703053,139163.50845354836,-31460.395946105582,68541.66384152774,19718.109593782036,-33397.53449439482,9339.334940475012,23509.508988334986,4941.2884696480705,23695.299498158747
275353,87739.74115913315,-10673.205001568127,14812.320846704315,23031.965538325014,179916.24305348535,164618.22064682102,52452.500686704836,123001.45689694479,-44110.86773452588,52903.44536611429,4490.462782428834,-48404.037049159626,18169.157807805062,21395.754274555708,13675.120557354658,10495.400403766194
275354,82007.72981728544,-17166.69316885338,10625.351961122009,19280.91142535985,174741.1125176675,158120.97224794375,47099.726626534604,116698.66084988356,-47117.3236808443,48124.01401996069,-299.4310519941508,-52393.267471646184,9855.669308415763,18714.922295515105,6184.408909482968,7023.885902239247
275355,95024.54016669562,-3678.9449155359844,23980.867599641,32613.09050041706,187228.37500007707,171977.20976686012,61176.0858779827,130638.94647387367,-35770.19826355386,61886.81156422418,13096.15403436675,-39069.451629512085,-133.4653573017535,20092.600764057155,-3474.5335405094174,18810.488882583166
275356,103782.38432817685,5974.462742293698,31211.416837845445,39385.75551555383,187385.8952074063,181687.34073460932,69749.37339612946,140137.56706975953,-30332.34724912157,69771.83296241962,20977.397582754707,-32111.38546219088,6799.350808061898,23317.252111826616,2581.7542953245043,24816.343557282802
275357,90450.25946368533,-7821.972259935121,17357.816230855216,25518.747048510246,182619.05315767566,167538.1229622921,55277.59707064197,125873.81159353058,-41978.37974201698,55627.1603991959,7262.215439568042,-45842.33378211029,18027.05069429532,22019.93578721999,13448.670246589316,12751.577174265154
275358,81481.47576666676,-17672.544537335776,9849.234203246522,18450.246999383817,174290.25131687702,157592.0370446075,46429.32014680431,116106.20141252782,-47830.93788179381,47420.472815918045,-844.972633191919,-53147.98641892444,11978.331193617927,18934.58835697013,8143.320223925748,6327.207808610557
275359,92150.57049392941,-6762.447676759401,21206.253189766892,29894.23241693955,185625.79614938196,168849.59923801414,58178.26026848488,127503.79142419953,-37998.638334667354,59023.62538832204,10414.151927727089,-41754.24263977566,734.7053896922141,19566.744300785875,-2618.7121398156073,16454.27759431385
275360,103948.84067323632,6014.725205906444,31658.141320658837,39905.64526760319,187196.6948513125,181773.4310461971,70085.9116671436,140252.93098247168,-29845.128657239275,70179.649059013,21464.115012602866,-31596.753323254306,4441.829568260534,22963.12158652438,382.1067214221655,25268.257441103236
275361,93331.33006610356,-4825.651980730578,20134.185319300348,28250.1089634435,185253.58603549367,170612.81063932332,58312.542780572556,128926.50681107507,-39661.013365855935,58553.1750523083,10239.906097397954,-43062.24896416973,17223.4916897466,22584.754028374984,12602.864082837124,15193.389987228415
275362,81600.97539383837,-17507.641272909397,9690.853549197573,18227.44212574542,174184.81317840004,157754.52414531214,46426.68393541815,116209.90009490098,-48046.69674444133,47350.987214045956,-771.3123232356593,-53306.16729975189,13850.144207770898,19271.005211135882,9896.498425062948,6161.674054558688
275363,89382.7757193271,-9719.765783394272,18474.578176569335,27200.705869959125,183019.1658404158,165849.7777114704,55246.012834471614,124486.20858966552,-40247.35010609111,56202.43530423134,7773.776621845844,-44430.242913061775,1998.1509679046653,19142.300163949636,-1337.0869504763473,14095.007250168772
275364,103323.35736099568,5215.342232708383,31334.96627785096,39666.18025030843,187365.08382881002,181011.26280318946,69573.83171640587,139528.06689818844,-30000.919258504346,69777.54552012155,21151.66605274435,-31856.457073849444,2358.780213403419,22470.889874055814,-1489.6432901600979,25046.591062716572
275365,96218.33768068562,-1844.300779888315,23002.85014661367,31088.57931091603,187232.89041232684,173682.46047036973,61381.063689472125,131996.90524010712,-37276.15887520374,61532.259510567455,13262.457307974679,-40213.06628714916,15816.02133484242,23047.184993908253,11202.606475379227,17693.77593564352
275366,82361.61650335512,-16661.107062680414,10167.978698090417,18626.58297074103,174456.6217256161,158617.0202803205,47096.13773111775,117023.66874513135,-47743.16331783571,47932.37415682534,-56.23259446523184,-52855.08205557284,15502.71300283354,19719.491617567626,11410.79531240356,6542.679427899063
275367,86871.09124360202,-12371.696005912981,15931.58099393619,24675.01812813422,180331.89904168824,163151.69746203133,52544.024091810745,121761.67730923695,-42392.336301923904,53583.33760440979,5350.01386258957,-46951.90859171927,3688.502483747846,18851.459703574958,320.90797371936435,11860.831095301246
275368,101934.88463164866,3632.7771015120575,30247.684348820847,38673.57971588935,187653.42173828572,179448.03009937558,68246.6018667809,137997.73478281786,-30788.72122462647,68584.58226288849,20081.315372957248,-32882.50276103069,809.4401315159098,21891.05568925122,-2853.2216497784193,24160.37286606559
275369,98810.59606657841,816.5929102340472,25667.413429144108,33758.170182917274,187391.24433036213,176430.16536089533,64184.31094592301,134760.75650010683,-35040.54398672749,64274.314612861184,16057.541989583524,-37561.60143276915,13897.948542053198,23357.729383061756,9341.199173900397,20017.107224729163
275370,83634.47238353582,-15274.95106317738,11170.793095933159,19559.729206949934,175423.3073966009,160032.10720148415,48326.187750739744,118403.93692548864,-46966.43322796117,49073.21827394486,1210.9577669275163,-51861.03847643596,16787.442052565122,20235.47778691333,12572.320050737046,7410.542353141629
275371,84769.44094193343,-14565.386606389871,13731.391387347912,22473.464347830894,177759.1379443998,160910.52399398998,50250.59839368976,119489.02212438999,-44267.923316998196,51347.21079290309,3313.6849841447965,-49129.50505045733,5607.560980186392,18691.333475532494,2165.0683906747927,9915.809354218763
275372,100032.76484916767,1529.422247528632,28605.298948215786,37117.93251782939,187662.74327417667,177342.33858982782,66351.02042182125,135913.23877444287,-32029.535253533537,66844.6142804056,18477.674786835763,-34445.49159640339,-159.1652513939864,21289.641969570177,-3679.7899036851304,22799.518828444452
275373,101059.86767031375,3106.221776736731,28052.59374383607,36160.75075467104,187661.9275616666,178794.23563660152,66650.02461305259,137143.9778857025,-33017.82278003587,66718.13939285887,18534.40262877736,-35174.50413759334,11605.496798601347,23517.70956397874,7139.355144938318,22094.4577289293
275374,85455.73854847741,-13314.805897718987,12741.381610500928,21055.797830018702,177334.88124606066,162028.2122247686,50145.3449027825,120372.82312867646,-45706.1750651343,50800.768201689556,3012.1448266496946,-50299.74266870119,17655.876746339178,20814.30285518428,13322.29028118082,8766.874296366106
275375,83075.05105063823,-16306.537313980574,11882.61135253266,20601.503048791776,175718.74318408154,159118.83913005705,48357.549935159535,117669.13247902539,-45891.337360991645,49482.601740588965,1600.6667033880271,-50976.37074416003,7727.9225380678145,18654.148711728034,4184.0858703183,8235.688974859571
275376,97583.42622202817,-1132.1571252346264,26379.630652452513,34971.22513579034,187393.4187901424,174656.96741738022,63847.648177884425,133249.8023280984,-33779.98234477252,64503.41951526397,16243.509940542443,-36597.72671423316,-466.22372085002013,20670.911828634595,-3880.195577438702,20900.642495982815
275377,102763.5633226035,4801.340247712735,29961.847070980148,38109.53785356498,187653.31894674138,180556.1107628936,68572.57262967274,138933.4316552072,-31378.70073759045,68639.4818550285,20446.14462801607,-33259.29338479579,9066.708595704345,23497.773973049298,4726.677209311656,23742.578261777184
275378,87807.79712598427,-10813.819077866285,14876.03412967084,23126.51196246277,179895.760578815,164578.3734942843,52562.235913931276,122910.4233182629,-43961.550723506334,53092.877507029916,5310.154255961204,-48183.42013939989,18002.43423606713,21427.97511389874,13558.111740127279,10606.590311833814
275379,81918.7768638544,-17467.493424349494,10514.996174181682,19206.18296038938,174561.65917837794,157912.31357797957,47037.77375268503,116465.23021914874,-47120.87006541918,48136.02419009233,346.74237416507424,-52346.1987888903,9845.272988569688,18730.789261589576,6186.812636312783,6972.619145068872
275380,94792.14404679151,-4127.785597551072,23748.13926035868,32424.817674104765,187236.8166202632,171617.27661879017,60979.57006803214,130282.9799617608,-35883.10798430111,61762.78737761381,13585.07581125707,-39155.36759150447,-169.77867035809942,20070.676920535738,-3510.546676296493,18645.653364728256
275381,103676.72706582307,5660.688411360965,31126.645988257886,39348.76891753993,187370.63319556322,181466.16592245427,69702.30710392013,139944.82588794525,-30333.831825689133,69789.90657137759,21567.742268838363,-32066.32400016359,6554.107988630558,23292.88535664577,2372.8502334628274,24767.89251425153
275382,90478.13511937059,-7990.384212551589,17388.787455882448,25594.871790652032,182519.08720163093,167463.57780054281,55358.59274357879,125851.82600520128,-41883.44425641732,55766.73634814116,7951.185909158843,-45686.0179417755,17806.191894896183,22033.276993537176,13262.979415473535,12793.281712271113
275383,81372.21317604143,-17979.02978649689,9731.93231376298,18382.14357340416,174079.95213261555,157375.64448358602,46352.37393730064,115969.6417094616,-47859.960901341416,47405.08126218798,-316.2573514095748,-53140.30507277083,11900.466944642154,18939.382576569726,8107.514045965001,6232.387850124399
275384,91900.60354480598,-7211.312837746847,20967.1226878237,29707.637886666977,185295.1374299056,168488.2132227673,57958.73924104335,127246.82420280806,-38129.7205966028,58872.286291468554,10788.027779030665,-41876.00507105513,643.3982782201733,19534.454394128246,-2653.577449923226,16251.011975919933
275385,103848.0430240172,5730.657545846096,31583.35482758584,39880.831976827874,187206.24889277387,181578.92716142227,70032.81965909101,140180.87283864518,-29842.20948764766,70193.76902439221,21965.841266305513,-31560.68882794824,4166.44889195913,22928.252618114322,174.5930231901275,25207.804064676973
275386,93458.98839552444,-4853.728320832676,20263.966009234333,28421.16121121092,185243.4339390902,170674.58974651957,58488.53327713705,129126.50732577861,-39493.92873922786,58784.43074412622,10935.274595076007,-42821.44533944235,16977.527432603074,22607.213971956226,12407.17871438,15303.320145548274
275387,81615.29198484427,-17637.336079503257,9687.454030785,18263.181905229423,174047.20267807803,157706.83532509452,46470.89319244248,116327.82848613168,-47992.40235672325,47450.67327430704,-212.66981062134323,-53189.00836654531,13795.340416303825,19297.83544314415,9869.06155962428,6148.931943202337
275388,89180.91790532632,-10065.600194134195,18269.974850688384,27041.98009461777,182707.0337706625,165578.82537250014,55067.78103106522,124411.162765151,-40361.282686884995,56088.67870986842,8104.094299032069,-44509.33921174486,1985.534429087126,19125.15468232904,-1326.9068485326407,13906.012086660587
275389,103161.17692531273,4917.703502010574,31192.287368961144,39572.71153831143,187385.27745439485,180789.1939906452,69450.8973095401,139522.80631631048,-30063.426782646948,69716.69848875218,21499.111026570114,-31879.211009360173,2187.2737529388774,22430.73302044471,-1632.7956344228683,24912.365547871475
275390,96289.98352087065,-1882.8997173566477,23077.23718641618,31210.311079942658,187244.6400716301,173719.2102938905,61500.2250134021,132267.22553129017,-37161.4863570623,61698.348874331175,13800.562481886089,-40017.74631283856,15613.277516210348,23055.61802754298,11022.915683852174,17742.995207850756
275391,82384.87961162179,-16734.8861755931,10169.695574145215,18674.170343446473,174313.115209407,158611.71762950672,47152.791206810965,117275.36845598949,-47684.70084168622,48033.982842997764,392.4885761703942,-52719.460538284315,15453.748650786345,19740.403479967947,11381.9242867069,6526.579863980658
275392,86705.26992576869,-12635.826569013478,15755.759019083816,24547.757528436206,179995.61211156842,162947.44533093984,52404.23421230854,121842.81585714144,-42481.42945292132,53493.77984406105,5578.132975794036,-46992.271918493134,3692.3336106618035,18836.391722931116,334.2249507625734,11685.26941987545
275393,101771.67031336609,3375.036084132987,30099.865200375127,38577.80524771436,187651.97505532025,179247.13139926366,68121.8272804499,138106.93068526534,-30854.49971602282,68509.53273066535,20275.632214069046,-32904.486395081694,640.2549952125282,21841.294708629575,-3005.88771262196,24008.135688337046
275394,98917.46990180196,856.0208147286646,25775.9178974719,33927.517032850905,187411.6116441426,176525.1156445928,64342.47765619855,135185.71990145155,-34903.341530855614,64461.4008870907,16466.180401858273,-37336.329656528185,13661.04492158422,23354.75221803686,9116.325789229599,20077.323873993875
275395,83733.92049765741,-15224.353160655559,11237.68535993099,19703.2751135759,175374.689613444,160129.81286574458,48462.44962474649,118857.5163886848,-46873.30098095372,49222.24512691598,1551.111785200484,-51676.06141123286,16771.68909790742,20267.174606080247,12556.386492774502,7426.500596036825
275396,84629.95566821838,-14754.234963042843,13565.85551306512,22399.629122084094,177417.15416986673,160755.6162560538,50137.67218390255,119720.5377841874,-44374.87565580889,51246.55867470896,3376.551797403333,-49182.02387219918,5690.847515383925,18686.720214584875,2255.1277622618954,9719.117332690676
275397,99810.04841854295,1254.6024478945194,28390.724158202145,37000.85680127101,187638.92400964885,177096.75694119508,66168.33230880508,136079.6776407513,-32168.356592399017,66679.3202139629,18436.18083566845,-34555.1639669289,-256.80373141714307,21230.004872248486,-3758.2804245557054,22563.250219617745
275398,101124.48347158893,3144.211925673368,28127.97439313105,36329.7219218085,187657.57142217783,178864.2372017212,66776.93396902981,137643.89182539593,-32925.787567895175,66841.04344572105,18739.008286493176,-35009.38413127843,11335.783049430958,23488.633129539194,6885.483804413294,22101.010187575335
275399,85558.82505073049,-13213.910711437424,12819.647461977718,21229.005157554384,177314.80304807477,162157.27488276822,50299.08222311016,120953.88068998378,-45624.21402994255,50927.234308046645,3193.175626308371,-50129.65110511111,17604.06103143812,20824.543763655063,13269.62390519216,8773.605379365916
275400,82940.91287918133,-16437.708070592354,11720.111512098487,20544.938001430015,175414.92154127802,159007.41370550863,48259.92198254742,118032.73185286063,-46013.78442256,49360.57468950239,1511.3438426418127,-51036.89585757465,7798.717907349376,18627.680398578254,4257.4731910554,8034.939036029644
275401,97357.8606396023,-1354.8149174913751,26153.48246495035,34856.869005076725,187382.32042921206,174451.3940311263,63667.76765255809,133534.97756320282,-33945.61140436119,64300.8137699267,16045.33362845013,-36731.55544225093,-554.5016384114731,20591.657183212403,-3946.072754773026,20649.556194081393
275402,102791.35180190252,4853.143993237942,29996.236376503773,38250.141062323346,187626.1828866343,180629.9591941091,68662.03245880944,139507.0101507173,-31335.525080785996,68696.71721605796,20474.374609376326,-33149.636530722404,8788.061991549766,23440.64058640229,4469.121106658431,23714.4637255597
275403,87885.28047493569,-10691.216280997627,14932.90545529257,23289.08581828423,179817.04175953532,164723.3339842622,52686.212519876215,123565.74501606003,-43914.20571518004,53176.521829267695,5342.862688803387,-48049.864120360864,17930.320232632843,21416.47339696924,13483.013468201309,10600.168170055464
275404,81751.15949349309,-17591.39724186102,10325.564569749778,19129.68319151305,174257.1473887181,157805.2660288855,46892.6973886259,116870.98170090522,-47286.1028610334,47956.16014184039,104.32978674686404,-52455.2178566692,9948.6801117885,18695.934469954307,6287.795700420227,6746.078843145102
275405,94506.7502146548,-4376.711615735314,23467.19983528411,32258.17016996084,187258.35001980682,171381.31263866994,60713.85317317231,130549.11346346803,-36110.69509701882,61471.893261411526,13215.003597389783,-39370.859571708075,-192.1953229992152,19988.19256998977,-3518.1688516814766,18341.373659183002
275406,103692.39960325492,5727.5595488452045,31151.414081976276,39476.81102130603,187359.47588687832,181549.15819337626,69750.15809742664,140509.2754833323,-30304.585002197833,69800.0175751553,21474.537432257457,-32026.265960173674,6267.705728270256,23227.77855500334,2109.465678045525,24725.999622041927
275407,90664.86272827006,-7729.186152904651,17548.988163136437,25852.623025564713,182489.3924325097,167740.48625681145,55567.941347280954,126597.11207264078,-41758.54181593754,55918.47330367558,7981.6065075647575,-45538.01018656498,17644.866436689837,22020.67776580637,13112.724988326318,12867.952109913009
275408,81315.0800358773,-17959.153811992233,9636.868004852331,18389.49567112011,173839.21669848738,157402.0457394573,46295.977145352714,116461.20940465962,-47963.2446397295,47288.149661479685,-564.6978803177665,-53252.33142531043,11951.168443637358,18902.857122052963,8156.21941772368,6078.533601259541
275409,91617.7049995168,-7430.1348164950905,20668.5608164179,29513.005992196515,184859.32968390768,168266.10030893883,57668.4475574445,127472.02792599844,-38400.78839875874,58527.522588080734,10298.13517091943,-42219.8734775064,669.040831941708,19444.080859311976,-2619.889937526484,15913.489585746462
275410,103745.49792219128,5689.824322718096,31483.713051665618,39871.97539203493,187230.1910859975,181536.57318652823,69935.65900816617,140516.2331959227,-29959.526248083464,70026.54476792633,21634.527697502763,-31767.038893637327,3956.4586102279745,22837.19952848429,-17.04341887392502,25025.315251440144
275411,93583.57817410651,-4655.896097255517,20373.360336498255,28605.990962285396,185129.18405900727,170876.05073389533,58618.38292729154,129617.40781397898,-39468.237534455664,58817.76276595768,10783.826075230303,-42848.434572087615,16816.461006003366,22568.626195956334,12241.651777068453,15287.428478261343
275412,81529.28502437782,-17658.148783285644,9581.927751480656,18231.503585110826,173700.81525735202,157688.8167080798,46371.85395870443,116524.73139905794,-48165.70394459485,47249.467735413724,-616.4845721742818,-53423.1109404422,13829.39612199349,19238.2800678465,9893.691533974315,5936.644461015405
275413,88831.5101447028,-10373.53759929719,17928.4607074218,26771.13833562292,182144.11954105948,165270.06791402283,54697.48138892689,124263.19751467525,-40720.686519049064,55626.21118730868,7418.146421222253,-44996.39037506541,2016.3099434664575,19009.193250753906,-1285.4849955460807,13482.89052869467
275414,102923.33428211312,4713.377685266329,30985.44502922748,39424.938355572725,187409.34501868353,180588.36213789857,69207.70338744935,139435.30446023884,-30306.066832134788,69366.60269389412,20912.10626413407,-32285.451027430026,1984.1155901786742,22299.042029979493,-1814.9050943423233,24604.046094469442
275415,96351.94058018368,-1770.2560537371783,23149.90084794096,31327.613468376516,187272.7474208143,173846.3504417541,61567.905481501744,132455.3569849956,-37278.47028713471,61543.88967278804,13473.323845757744,-40193.787343055905,15410.697252740498,22983.403795520993,10834.908938881395,17668.638343563158
275416,82312.00089390016,-16759.400296637716,10091.74321606988,18640.84301154106,173954.16825856798,158608.49763163918,47073.84798699696,117291.5785783348,-48078.712126922925,47583.7855312992,-121.25438448769694,-53073.14448778401,15495.542721666088,19671.303058392718,11427.045576638608,6309.688034245617
275417,86326.15832384015,-12991.73816469302,15398.05478853546,24239.04888364917,179318.35820228612,162615.53081130472,52014.92224310113,121511.89466738031,-43215.71871603158,52604.66133819966,4724.8303453950675,-47673.10576643889,3765.0955044982597,18702.352036284097,429.63776715315856,11212.474538347711
275418,101363.69469486622,2970.730638133795,29746.272891134,38268.811818400456,187635.04456319916,178873.9591123562,67719.17683922368,137733.79327186744,-31687.667184128964,67456.28719520566,19370.229532746856,-33678.07342327418,502.6930436929947,21658.62268046709,-3097.441752721575,23526.592876542025
275419,98778.46119651495,730.043470679607,25677.014154178458,33852.38868155701,187436.95181009424,176441.6742409381,64222.29085408537,135353.72350645962,-35626.128138362634,63543.85640049616,15778.809877276872,-37936.13105314968,13423.331580362446,23202.57475630877,8917.880109328253,19804.152198442713
275420,83597.54757486869,-15337.382057735611,11089.599968839137,19571.97968552776,174155.75439809938,160070.61494040245,48334.13663584826,119954.41399275305,-47676.34450523983,48203.3698637234,791.1562014662366,-52327.202988694655,16712.070802701804,20132.252803825053,12518.990179807568,7121.409536370022
275421,84310.85906020508,-15053.023803143393,13199.848911590541,22072.068892425035,175334.37840399105,160522.08821691497,49809.50771105548,121614.74847344168,-45358.65135904956,49968.32291479817,2387.885760391174,-50038.6607221203,5704.494855981489,18518.06427706388,2287.4185506438,9251.138401159296
275422,99487.91735081059,951.5202936340654,27998.070342408337,36680.09550948194,187598.56133365724,176866.21916045225,65832.60709412818,138776.78687111722,-33191.86086692922,65300.398563288945,17419.010699973358,-35476.434637882456,-442.52439321115526,21018.65516099162,-3894.3710397695227,22101.802747320304
275423,101096.38075747462,3162.0430165829566,27974.02172245805,36277.40405298212,187640.12587174957,178960.96753166083,66733.00131966756,141333.88965604536,-33795.27744292404,65650.78126622029,17982.420834341094,-35736.849019508096,11001.26047707098,23304.633837828547,6600.544282634647,21863.032082919304
275424,85558.87291936729,-13137.203345077118,12618.377774321576,21164.02225016278,174750.02833629173,162319.04100772066,50256.74850305263,125339.27103072136,-46550.24518441814,49681.14762607712,2413.24910250604,-50901.31646885987,17515.363202854332,20674.22278777522,13197.125750772802,8505.657212102858
275425,82766.42582099,-16520.11784296733,11306.612964934378,20311.96327480552,172439.6921303104,159008.2982352781,48017.25224448611,122846.02984596537,-47107.470166127576,47887.99022028888,530.4633037530134,-52013.34435690011,7850.572813974704,18460.679184075027,4327.0817077098945,7589.706234726756
275426,97156.05829635807,-1451.5068910184077,25705.480917967187,34635.12858322992,187370.1702987816,174430.06203657197,63391.463950662794,138795.42319902516,-35072.4429008179,62743.873444059784,15033.572873310874,-37781.918834219745,-635.3637863473178,20391.923501995414,-3996.8522233271915,20183.723411030653
275427,102872.24322279374,5073.992994360372,29813.76535411297,38327.79086167352,187589.7162358243,180919.91924255923,68674.7062524267,145434.87065281428,-32278.593777369726,67356.57195245806,19741.156192239712,-33993.62584107739,8472.710667471987,23253.76437395162,4198.265783400814,23472.838751061216
275428,88057.26867013364,-10340.550070875268,14792.097027064472,23437.184864401257,177034.12517908897,165146.44165998336,52772.22322630713,129968.12575276448,-44840.97805476203,51864.97075183581,4669.286792570445,-48869.04687638936,17778.40158797421,21263.050002113152,13357.83334157023,10379.888330083306
275429,81737.55367045249,-17401.272869823984,9964.680767667232,19095.999994092173,171262.3089417306,158077.2062511618,46765.37574852609,123460.50119253335,-48383.76611055565,46423.91052254995,-768.9827202083999,-53482.006267385455,9947.674572505448,18515.175626713353,6308.742181957436,6331.270513400744
275430,94494.59978142685,-4159.598935564922,23094.12653246915,32247.13427634646,184514.76572523933,171685.86464884068,60577.06103565395,137436.48753007554,-37221.99988907812,59893.665226566605,12346.405812964551,-40433.33247407778,-287.29804503647705,19783.222909205564,-3578.3593720425606,17921.516579808318
275431,103977.36459391615,6288.567201762471,31062.939770411656,39775.22531417405,187351.73054744065,182201.97767361603,69922.54297343886,147920.23621554126,-31227.417443681476,68464.49781142312,20915.645413655715,-32838.10117587277,5980.085065075866,23051.695158514365,1866.2915227556182,24540.020824285897
275432,91077.96753931386,-6989.657853899687,17553.056090806127,26267.708958989493,179869.47775701387,168581.20541760587,55863.225426939396,134373.00894033705,-42637.814532312084,54664.76327151715,7540.694766482038,-46260.76874968959,17490.129336403254,21894.372848438303,12988.362892298965,12738.035486237528
275433,81446.78407738992,-17476.558543290703,9343.10706155639,18540.614667247057,170989.81007541885,157992.9116645428,46286.755657753645,124203.91513021031,-49080.88477823172,45740.33612928658,-1285.2895400494424,-54247.98523118411,11989.214368292438,18743.107525874013,8220.667435398289,5677.7074024907115
275434,91564.57141459528,-7113.461957919957,20203.720470972155,29527.751806234945,181830.73465875466,168692.8669657961,57469.93509122765,135236.0776355795,-39657.073687917844,56778.579715229906,9410.582757935788,-43387.17501035435,688.1754767193764,19235.79539348359,-2574.4545678965337,15362.847448990546
275435,103937.3085895582,6295.87959004838,31272.132608076812,40166.23489971788,187235.95648330997,182251.15682186378,70004.25469374681,148708.03667796327,-31030.675126756,68492.4364810262,21016.235104105166,-32708.912738639236,3746.3391730074372,22642.719962076466,-189.9662678114051,24695.326806645702
275436,94081.81509313575,-3685.279935057817,20435.689856140278,29194.172591961764,182699.49152398953,171957.05190141284,59002.607544527295,138331.36964700048,-40326.257045772,57559.05597166534,10480.935289137487,-43534.049925890424,16643.44615604282,22453.14484723616,12091.896384728647,15191.467833118531
275437,81861.27002262141,-16822.848751463534,9448.385231539713,18653.917461568173,171134.01385778454,158633.66857866177,46570.15986153233,125310.16072220245,-49166.653158141984,45814.693979876574,-1068.3965980353762,-54293.352905008665,13861.307955919083,19119.793621788274,9938.753871148894,5670.669862577137
275438,88897.11738453577,-9789.172045208892,17538.968707834974,26974.90893631007,179342.45438760673,165956.28602524166,54619.5221195146,132960.3082514184,-41931.13361621443,53915.70796117715,6740.13445669051,-46120.058587048545,2049.3819544933876,18827.688838013997,-1233.0217153511057,12994.340296548382
275439,103092.14437701824,5432.8139666395355,30715.032428581537,39769.849748593435,187385.72998637322,181398.34587832814,69247.58542828253,148329.6874965154,-31445.90743767796,67738.22706797226,20377.392364890253,-33314.9605537467,1819.0503054695841,22099.594529650356,-1937.2669353456351,24210.61237501366
275440,96867.60467154681,-650.9887811557969,23200.56474862715,32001.31301381976,185638.65936007613,175048.10512625048,61963.525634252044,141794.95525324,-38097.12756431124,60315.63469781351,13307.840533975308,-40909.844698297034,15226.725152337065,22859.13702737788,10670.277436930981,17542.129621263713
275441,82815.08242131761,-15616.608042193468,10093.745184624586,19279.431373546977,171680.39764359308,159825.87955401902,47440.41664828861,126761.25800660595,-48793.06980072359,46469.39067214352,-267.02335211059597,-53791.369876735866,15490.871742162743,19576.440293502194,11422.992821943053,6144.073725176817
275442,86615.97845574265,-12046.70676054591,15189.078974346485,24687.431410532667,176832.04644736595,163621.17477266392,52152.26248326544,130870.42196157653,-43977.68570716535,51412.78267376617,4426.947885624759,-48549.82014317384,3785.863559906351,18566.30381267717,454.918260452851,10871.982366439108
275443,101660.45958655546,3941.5564979424144,29561.08692263627,38753.45626186553,187604.6322762504,179889.82432443846,67864.13262581262,147106.82858401124,-32327.724670248397,66404.73675026756,19143.927955740044,-34486.53431120721,327.9792791734287,21496.005766594782,-3251.0525931595434,23222.393647221434
275444,99396.98179541514,2066.956571995859,25799.434628779432,34641.232275792005,187399.84101639813,177814.66726448684,64692.96496441259,144794.65757530532,-35955.744314812604,62910.079132644176,15918.737077199914,-38408.96735790203,13206.481155845311,23115.924213584585,8716.690583805474,19763.2740646729
275445,84240.8602461665,-13944.906733640644,11223.125137024987,20360.887728011385,172982.83746443363,161493.27221782994,48810.42614205036,128564.76962702199,-47964.87453732573,47661.363593553,1004.5138730377137,-52765.96210211208,16776.915701023634,20103.63165040018,12575.48002398638,7073.4223413284
275446,84725.3891770682,-13889.080185270934,13150.501322071843,22665.278025668686,174504.54186657091,161701.29713058885,50050.552000925505,129065.46530428255,-45783.10357078398,49278.31405986337,2438.0376234036203,-50649.85047481565,5859.305292676823,18457.385506060462,2432.652847834349,9012.745672223771
275447,99793.62682942828,1993.4723726827433,27920.718952676754,37225.09702070776,187616.18392211304,177911.1129888216,65983.74671552877,145288.3989124124,-33613.67501085442,64605.15435742156,17428.142931112532,-36112.46474372601,-477.2672112146688,20908.234422140165,-3932.5819176621944,21817.28130394202
275448,101596.02503412125,4402.554624551173,28142.98699546725,37032.10263445611,187602.70271046818,180199.69062172034,67104.59307860638,147318.64478469873,-34003.825555386524,65232.33311871067,18233.67312801546,-36131.439943304955,10829.857782734201,23226.567425523677,6432.614825009339,21766.60472173622
275449,86071.93059463931,-11878.313582324177,12814.558064663823,21901.58889039044,175060.10084692406,163571.11296136054,50645.37669169539,130708.40103270354,-46729.24752183577,49329.16990918435,2717.038680805459,-51258.92834608232,17563.83553354108,20649.494398449515,13246.825946192464,8418.503664612974
275450,83093.31489772361,-15464.385260417286,11348.129541681657,20858.81475140586,172701.33400262674,160053.8021998712,48218.8785272744,127469.57464822645,-47405.95953793946,47405.60428317973,699.3029347929601,-52505.594248208785,8019.566678233443,18423.07880780245,4494.089935081599,7354.767325511646
275451,97444.30806661176,-458.3251870474584,25765.401565937165,35163.23754794456,187421.7263199792,175415.8739568942,63574.50978641429,142892.17369581497,-35335.00224796675,62296.51313538697,15222.271833902032,-38235.46649478404,-630.6657598102634,20328.51492552823,-3981.0989790866693,19965.825304380276
275452,103376.76527292238,6277.873903867685,30126.764840013442,39066.05144965781,187608.7595378679,182121.28113357042,69103.09938842908,149331.80064335803,-32321.605772494677,67190.03767378704,20191.235063020893,-34179.20517677272,8301.58609788662,23222.867429077072,4037.848940744979,23476.36874393961
275453,88551.28273664748,-9151.485090514367,15098.241720119411,24124.637707242968,177741.87035345967,166328.72283688845,53192.21223226715,133486.45605632194,-44882.543986205135,51725.47138564073,5144.4650382544,-49038.75127937451,17785.161862339522,21272.399214874076,13365.20191056113,10388.664297479962
275454,81961.20197627046,-16505.146183080527,10022.072425179542,19500.623228035736,171712.99620086738,158949.3929749895,46909.69615559917,126375.92390985266,-48626.11222742966,46056.41449685,-513.3561349704204,-53875.149705624266,10144.655859677363,18505.466211778465,6502.385571598958,6124.444369964036
275455,94576.1968216879,-3436.673741643847,23056.36674619134,32532.567953464706,184831.82544461728,172373.7868756877,60593.68622615377,139920.73028747912,-37525.48280983136,59446.85203501023,12537.348855326058,-40895.730992317214,-142.59007630483467,19741.48576901342,-3439.321375017835,17635.828950488234
275456,104311.33338713428,7251.344207487489,31312.731000390304,40318.897849816356,187406.05812449072,183126.541824224,70221.67114039438,150418.2076646486,-31273.036218104255,68333.58330941963,21435.78195961086,-32989.66392238975,5863.414044019084,23033.65236733758,1756.1969325566924,24517.46533194629
275457,91541.57562179895,-5905.300914250936,17931.62332790939,26905.840589467443,180576.00007495022,169619.28378656774,56297.31748621604,136783.10037504285,-42558.242925708604,54700.17595355729,8258.05635174313,-46255.34104666397,17438.15580893243,21926.235799778973,12938.210334030475,12853.242640566752
275458,81648.4514097024,-16682.520554804854,9462.522050625977,18898.36530394768,171431.5606371491,158725.64814701446,46444.70996662628,126141.08866083168,-49199.98084651216,45538.77130845588,-760.7584141079697,-54470.54972246438,12112.370645439458,18741.871221663125,8335.164851079306,5584.958389042606
275459,91580.5191880628,-6539.350953072987,20158.473629465807,29707.43159561989,182080.05516473218,169198.2245258129,57442.35145918649,136811.33101177096,-39886.039561155616,56436.87703866873,9821.732266789822,-43734.64463033737,792.3068225491611,19198.23205327885,-2467.0599222041037,15148.539036090242
275460,104212.22166007425,7118.2457845208055,31496.118181433125,40595.576556761225,187250.10324651055,183008.21578469026,70258.49901946462,150418.38993729165,-31018.79225734961,68456.98583877608,21734.005029066673,-32757.537875856895,3636.3542151109123,22636.80453393447,-282.20325887206866,24730.998050506445
275461,94615.67705826476,-2602.024013961137,20896.72232430348,29839.941840875857,183386.28528294765,172976.86246943555,59525.45927685972,140199.34934091056,-40109.805617151374,57806.34557271829,11486.817634036943,-43323.49591722621,16587.352371820245,22520.38007438749,12038.388463528481,15451.788243960695
275462,82151.17860726289,-16009.73081870303,9662.912664981539,19042.070082767303,171558.700872935,159378.25314418634,46838.24414813043,126816.13076005755,-49137.92207829491,45841.18941591808,-266.2578645901799,-54298.94507423318,13971.207829418352,19157.60270770343,10051.620584601624,5736.279124565578
275463,88851.74801773857,-9357.356985499498,17447.563179942652,27050.231733641824,179458.9761951992,166315.7786673422,54547.34607207971,134011.393419021,-42128.33353552388,53647.787781951796,7255.239503918114,-46395.55396811547,2154.963666321725,18793.983360622602,-1109.093290299481,12814.865724847563
275464,103154.37620370346,5944.801653766647,30750.309842470728,39960.421904910676,187336.7277288069,181847.40851928896,69299.03003869293,149409.7210192861,-31505.89052876934,67630.93967444115,21039.97062421093,-33425.2890669318,1719.496477231061,22066.36021466314,-2016.3503735866166,24169.605143505432
275465,97319.42466839639,252.5360425369546,23596.708714286535,32531.05993791355,186204.21385061194,175902.57026537694,62415.64042096364,143227.99768565624,-37849.21473779467,60618.7136751062,14375.755044339863,-40637.95113610216,15132.822273690324,22925.381505096142,10573.729867802183,17833.269076335455
275466,83239.72187044084,-14755.994190075633,10437.050461828974,19742.092168817337,172152.35762814828,160646.89147271292,47852.12498775811,128121.92364259735,-48576.36374001736,46757.304503983585,805.1558643179318,-53547.0117515581,15585.057874081538,19667.595582151258,11505.408793806113,6412.507517106119
275467,86759.91879395052,-11510.531100514632,15270.818471619657,24887.92552172507,177037.3570563693,164125.09350973368,52274.883919578206,131887.186361001,-43962.974112218944,51450.47823787655,5263.904028014011,-48537.61900553312,3876.5867569444863,18596.782772844497,546.9364929485362,10924.96477839578
275468,101690.87709821467,4322.9469447287765,29560.09910983567,38870.75555186656,187559.90289335395,180251.94218218216,67881.89142959323,147956.50497234153,-32357.403736498905,66373.35340936559,19902.81355104855,-34526.18016476021,269.3199517925792,21481.817892155046,-3291.053327966233,23220.172295171426
275469,99616.37204671219,2624.7052070423692,25981.44486213871,34929.863028501066,187345.00916804027,178367.5026039547,64910.71800856459,145811.18851297678,-35824.6167498889,63089.51218178944,16879.604622266965,-38249.34653701505,13159.6813069832,23150.15591333721,8672.754364537319,19932.93080468339
275470,84525.93962676506,-13328.905071682906,11447.77897865733,20680.700874999297,173312.95444831153,162112.31015972316,49091.58481304042,129637.95365111974,-47790.58517317021,47914.06826582301,2046.4962025936404,-52549.04827196461,16896.363766175506,20181.469952489893,12682.931456499775,7298.253733436743
275471,84927.0789166156,-13382.887307451134,13295.596493507232,22902.873746240184,174714.59599402227,162219.20240725338,50245.94206277861,130035.21514380368,-45662.653113059016,49467.220815038585,3421.207092692597,-50492.681383402436,5983.287561579311,18523.356559812997,2551.262396966871,9184.243200426692
275472,99907.4702385176,2374.8404201113644,28004.105236866362,37400.84389067649,187645.2403038149,178316.47564191767,66098.99586746644,146138.84150746948,-33522.20775376191,64742.68811467409,18344.377654863714,-35988.64809943018,-508.3142553473341,20938.31149452061,-3950.87343688911,21957.778063721278
275473,101784.66930954668,4841.7402041878695,28308.191288862472,37281.92896846916,187553.01700269282,180670.13059394734,67303.31059581108,148223.52548010545,-33833.186769460546,65468.447369601156,19224.249714041824,-35908.77437710211,10723.489702161141,23268.16041161472,6343.8418053121795,21987.98017984106
275474,86257.70474088314,-11450.194294045414,12952.76345493128,22113.485343357665,175317.89379036933,164032.24118402635,50828.56188896879,131600.70615388232,-46574.474466735366,49559.73892675702,3693.5595844228187,-51054.90155661471,17639.795287574027,20721.138249199015,13325.65190635002,8620.198004611202
275475,83218.77865670202,-15110.014313812888,11415.390051570965,20994.87656457913,172838.23429289955,160444.0431787689,48334.49443500375,128295.69181378731,-47312.60940914905,47576.23457827033,1608.766007958613,-52366.333837035694,8205.038434753782,18498.184159285178,4671.339417051924,7493.733586870192
275476,97562.16282195188,-135.48002663076295,25839.49915728184,35308.502562568465,187494.55207123645,175782.63565857726,63691.29333389367,143699.88644991882,-35222.01819456316,62482.82671563875,16124.20916661513,-38069.45604516422,-564.4551285067585,20387.265570714662,-3914.8130444561502,20125.86035548046
275477,103596.47870004982,6683.28074183725,30317.34563002534,39327.67774622506,187640.69438362675,182580.06347001903,69335.13712178696,150229.34738744894,-32099.62126335153,67502.24734364302,21182.31150681419,-33882.94424624649,8186.556094875345,23280.210624754294,3935.75815350037,23743.682233442007
275478,88708.71781061268,-8824.093395336316,15214.494993316846,24307.569157682105,177979.97985519446,166711.3018907853,53349.93686319982,134303.93900989156,-44710.72300827132,51974.053109593486,6043.168902998268,-48810.157959932185,17796.35048646728,21336.677899353796,13375.19949773412,10591.68515483188
275479,81952.01641251644,-16361.836784388019,9960.789425884237,19501.796263757915,171778.3060858241,159145.38268967817,46883.766867541926,127008.01942973107,-48607.68631889326,46125.233796279186,173.21274582074352,-53824.82113227558,10305.108951403718,18552.953143273695,6656.091384045372,6165.4113412439065
275480,94606.81457748488,-3262.3111260466326,23042.645949484337,32575.127284876933,184898.64765727895,172605.30364890295,60617.44407198175,140591.88189955585,-37465.07595943305,59569.72764592553,13206.152957024648,-40789.13896780959,-41.29060151431321,19794.485739905933,-3332.91203265007,17725.538445950726
275481,104587.06443656831,7673.050565895775,31553.52564647469,40608.90930671326,187486.19393055193,183615.76180264767,70518.26618127222,151346.52752781042,-30998.880230067665,68722.83304809227,22272.09546618483,-32620.280651904563,5791.961470021958,23119.67473286981,1696.2120295111977,24827.115225130292
275482,91823.97935388448,-5485.442983747848,18173.575939281345,27189.055957426608,180927.88163553446,170110.70243595864,56601.45813533223,137708.04850266286,-42282.232952772196,55093.4421493511,8993.121228934866,-45886.7732188496,17441.170757175838,22026.794267306734,12933.711228482785,13150.114782521
275483,81601.20173900801,-16620.69910025455,9381.41748194519,18857.277817025937,171512.49138967693,158854.5612421846,46399.116359061096,126695.17041186545,-49198.78711655296,45590.8219722965,-477.79711423690526,-54429.47658951054,12247.381098123393,18786.149145639403,8464.849973907429,5584.524926462154
275484,91366.88533714943,-6664.640968906333,19929.99788309799,29518.609652070405,182020.29062841987,169138.5933075024,57227.189579643134,137163.51419266674,-40009.6950551787,56327.193990516105,9833.131159048307,-43839.75528467234,935.2328516446996,19208.2982274358,-2320.2500141860987,15013.217685367188
275485,104252.54172096492,7252.462893935603,31530.581201172856,40662.96475526927,187266.5121661871,183215.2037593943,70321.02634672972,151021.5192787191,-30925.773107000867,68615.10325666709,21909.477205980802,-32598.02304780265,3630.731125599038,22682.310477604544,-281.9793794081699,24816.67823429154
275486,94938.6664336933,-2172.8244009508794,21199.005672497395,30159.872617245022,183806.7082631748,173482.8142561986,59880.71040556354,141079.91684546863,-39799.94770566909,58238.99041001225,11828.477263112343,-42903.34658070523,16576.221702350093,22633.146902306362,12020.169112810756,15749.995198775883
275487,82280.7451235512,-15786.765880051853,9769.919775480113,19162.371040393355,171820.8098665937,159666.7430752401,46981.393140253116,127454.34862276941,-48997.73467252482,46059.973147779485,-245.95627879151414,-54081.6824744474,14068.315236734203,19240.870475659405,10133.549730445768,5846.459989323969
275488,88646.36806257148,-9490.804689019265,17243.121132878336,26867.260784124075,179468.42288892792,166232.81013264292,54342.50382253354,134253.82837157694,-42245.13288606146,53532.130300759316,6839.300582898185,-46484.70941135634,2270.4571089064857,18805.31510807652,-995.9806321929655,12647.62983379705
275489,102996.18280626499,5864.310859242465,30607.59221901965,39839.85149593699,187253.63566821755,181809.9331965674,69153.56128034968,149671.79120368283,-31571.0180030088,67571.9090339413,20553.692700091462,-33446.25660291694,1724.7341371039038,22069.62725950042,-1998.9781022557197,24048.896209875937
275490,97533.10977024172,579.086299020895,23803.956863416293,32742.736838877103,186605.07034418918,176266.01407278542,62654.51393150533,143860.36613332154,-37639.803979438526,60917.08549365001,14044.227419718954,-40321.535665958974,15158.484171547147,23020.976137641563,10603.142830870864,17992.066260156298
275491,83452.09315883467,-14417.624083882823,10625.224976274832,19920.73889320819,172495.2010522724,161004.52123964654,48074.64178858618,128713.41606911323,-48406.17991314552,47019.3649038923,206.405172395823,-53271.86064835376,15770.753162153575,19787.734675526135,11682.670842123556,6522.539444385147
275492,86615.51787226392,-11543.908140294432,15138.21468941652,24750.278987227764,177087.01720614397,164089.25223195757,52131.08311632391,132052.61310487986,-44067.717407698554,51351.695680459365,4121.708570521387,-48593.7477984609,4064.821043488581,18630.935900850724,727.5100118520487,10734.998657482965
275493,101387.35791881676,4123.343829040055,29317.877545348383,38630.7178354315,187485.50182444238,180034.94444664137,67592.89116325768,147913.1828567346,-32549.183413164465,66132.19676272373,18499.861211615866,-34692.68634949582,234.74580948247433,21434.681474170444,-3312.634219015523,22922.35987233783
275494,99637.34966896227,2784.606006877248,26052.93202702878,34989.082580440954,187251.22620703798,178497.79471691913,64957.93143782749,146080.7029535819,-35777.9306517074,63155.60558281518,15674.42308875812,-38121.74623663492,13062.275993004292,23168.61385607827,8581.694996655906,19878.470150751986
275495,84695.92014706174,-12991.583497453801,11619.661321354999,20820.956465819247,173694.82672474525,162404.13402081036,49265.42148245757,130027.49325869646,-47693.3989416408,48072.782521131216,810.5831759595616,-52350.0006022046,17072.713471327865,20281.621436781163,12845.84035669573,7300.935923345752
275496,84938.93816386166,-13204.087315704184,13315.57854441597,22891.31467683761,174888.17906134087,162333.53494000845,50249.41645784253,130213.43922017097,-45713.6654801558,49444.12615923991,1908.283633878892,-50464.74907732048,6217.61753980202,18594.171904184506,2773.2790470297423,9025.097772696887
275497,99740.26735972762,2372.091353679787,27899.138270149357,37277.65826432168,187694.95387048472,178229.49118846536,65938.73626208896,146094.66700661374,-33665.28857848801,64565.38482145788,16632.14487806682,-36083.89424538293,-528.9974556478634,20915.94336277598,-3957.380657278359,21678.842735342965
275498,101722.96863829694,4975.933197484888,28327.910331868603,37283.16818773265,187468.23868874242,180696.04832709866,67263.8534178898,148266.60689068484,-33880.879774505345,65402.87195831047,17590.767177953294,-35887.02092436206,10541.964907023375,23235.978450386567,6181.579679897097,21801.41569549792
275499,86220.28167328233,-11254.267892400725,12959.538010222179,22086.091931713985,175601.0018105804,164090.42620653883,50791.85297616351,131637.4619541938,-46659.73756233444,49470.87215811895,1979.8095092716712,-51068.6693593158,17745.263046521202,20735.61655664717,13424.263828237697,8411.484523844227
275500,83134.54423627123,-14930.33466022128,11357.48955270441,20894.43279344046,172972.70280446357,160450.3502966307,48233.712477631285,128247.4133145351,-47477.64760343796,47402.94160205479,-239.1762258898637,-52466.27569636385,8460.942704122781,18518.009656200687,4911.266221477617,7211.514793716202
275501,97536.0399752103,140.9046833904224,25863.73265359314,35296.32944772486,187619.1015249815,175845.57557385205,63663.3374465206,143688.29427689023,-35313.49083683632,62374.26192391105,14330.829357301896,-38093.495631031736,-523.8655997089697,20365.784329037393,-3879.2335172651674,19910.183281525467
275502,103768.33714446814,7225.763416324066,30561.56345211758,39538.5260547557,187694.3894448296,182855.21272903748,69527.40094942486,150412.18193870582,-32010.53292896563,67603.39284864103,19606.491393815013,-33693.50916663662,7945.376183196302,23237.49022956058,3702.501879748903,23713.197236319804
275503,88767.09199035779,-8336.332830483652,15324.011579593984,24377.719999617475,178386.31380792457,166871.06660529907,53407.65267643586,134343.8223577675,-44756.843194230576,51923.95960476809,4302.57902422372,-48772.20084926832,17765.12004604337,21290.089103229544,13349.406307582587,10441.2534500681
275504,81713.55226485335,-16143.294170757186,9756.83715246461,19257.62145847372,171871.83167320534,158990.35201083223,46613.93208162747,126703.07376285782,-48938.05076360139,45737.49458419384,-1916.747471448994,-54115.459347151045,10538.880331412647,18475.83293870223,6884.9412317347,5729.743169374633
275505,94408.06239141405,-2968.6373231222806,22886.4936943765,32382.237444093884,184946.19339783431,172481.12397743645,60391.137602103365,140307.33435064476,-37758.25956336444,59212.16869476604,11164.309097926243,-41043.700194481244,117.78712103527857,19706.395395900596,-3178.1465205589293,17321.480275574588
275506,104820.62918350627,8466.33291021901,31843.69547393719,40860.16444825149,187624.01950793457,183938.15331427375,70754.7316202662,151511.74965258891,-30927.53709153788,68804.30503544357,20704.948901053354,-32446.67853324907,5623.902492899701,23064.390122945108,1528.4851458223075,24802.885416643498
275507,92146.72723722763,-4553.399767359172,18542.65982303636,27511.80472172312,181499.51082633215,170518.04247743438,56922.501969778226,137954.31789595354,-42161.31181028811,55239.8437842913,7521.610384305203,-45652.271606009635,17325.4753148741,21996.460544399502,12816.31089114162,13197.412139309263
275508,81443.04878080565,-16171.21950581055,9273.90347704502,18703.475939434,171672.837800289,158734.39665845892,46205.29043252098,126405.74130997041,-49486.307617306855,45225.91943751268,-2420.483538890864,-54680.69414561473,12360.11356069916,18683.835857036567,8586.408042198795,5214.889933707973
275509,90976.7599956727,-6441.179704119236,19604.680574165126,29152.320020621857,181943.15099853717,168757.74471157353,56791.85143057617,136611.21968442062,-40475.28602860154,55723.21742905789,7714.41587389409,-44313.74368325928,1058.793524984074,19049.908748303314,-2184.437725310901,14450.56369342058
275510,104324.65720441299,7997.925265256157,31660.33377778866,40746.72003852116,187296.93279572157,183327.19817277655,70375.11274553882,150962.17413448612,-31012.81674408693,68481.64721110646,20330.14399516797,-32625.58074053762,3532.7813950330938,22583.050806512365,-378.37120989541813,24650.448150271484
275511,95463.55641689301,-909.0638397620296,21749.40847923662,30650.804136837454,184460.3452880527,174084.10180361412,60400.28629009443,141506.3833637738,-39554.52600770655,58542.979873035394,10742.633712780234,-42527.19911383887,16490.160649061814,22635.140968611122,11916.876569441854,15952.279488850372
275512,82456.67721389883,-14878.794329257953,9974.975236661625,19310.1895025895,172164.20607035543,159889.10413724827,47128.72475308516,127501.47861522902,-49050.12710567513,45995.07416920592,-1645.421842529601,-54058.940889128506,14142.106300411388,19190.48507764039,10200.651301817676,5748.912568457699
275513,88271.90404986558,-9165.847496492468,16941.791328254203,26523.895125247567,179368.5568167202,165853.4106674905,53923.98606264207,133706.8667228936,-42711.38692020859,52922.67894429767,4967.707614587745,-46969.628597929215,2336.658548708396,18623.991969080376,-922.7113028192693,12107.508795568107
275514,102718.18567267418,6306.095995225518,30418.149230961713,39613.491728729925,187111.81051948166,181530.97576318562,68845.51976650502,149233.6572066842,-31935.471939533087,67070.01958260902,18898.64722539902,-33827.10765542906,1611.5914803392436,21869.947937534314,-2096.177564874838,23609.399028925498
275515,97871.20416035157,1703.4276484869247,24180.261142899446,33068.44086512338,187090.92539444705,176656.14112138568,62976.60477388532,144090.68976615742,-37548.281045949014,61012.58402294722,13147.908518246124,-40151.97186699747,15062.452286636131,22964.46610365707,10500.137285108118,18047.86674626381
275516,83909.4264095076,-13152.645882326531,11084.392047887066,20323.790853442413,172984.2613676813,161528.4190530596,48508.84987555713,129082.87970888286,-48254.12623841211,47210.577477669685,-421.39896717296006,-53022.35823524563,15843.716698615406,19789.37719164367,11729.17611116724,6660.9788858865
275517,86655.96827399546,-10726.754584556831,15209.635110340942,24785.94181781137,177214.45813778724,164163.1474610124,52139.78268963168,131982.13467288838,-44224.010845566445,51136.28862958089,3239.900693922369,-48720.518396189495,4094.492158067775,18532.63619099598,752.9096916259409,10552.258496937056
275518,101123.7508805703,4623.35491632463,29122.44519405141,38426.28476668553,187354.88352784773,179791.82919750284,67303.63224071008,147528.02890559635,-32892.04976523359,65648.29310192699,17470.83534635787,-35064.53314982628,64.82127087919116,21228.91525766145,-3452.1639455521567,22541.571131431738
275519,99645.72075809182,3599.339438384816,26098.91166436002,35029.46021368992,187091.48273839738,178571.82030726684,64949.62103421373,146004.2796843229,-35916.02191778052,62946.85893492357,15017.749240255916,-38247.025390812094,12905.796236508111,23025.278803696172,8446.136665549733,19719.83547053044
275520,84974.53704554896,-11872.087804393734,11871.212024719429,21060.52015101673,173994.2337884081,162796.98118145662,49519.96560429873,130260.34613093754,-47669.906541120596,48107.38921026033,477.9090080942094,-52269.50287974578,17199.337230569603,20249.174076484225,12958.475438132122,7326.219322681717
275521,85175.46607376623,-12133.410506761487,13522.76020646389,23095.816602203206,175047.15954708052,162694.11271841906,50464.52058492112,130418.92039535468,-45720.18009426577,49444.93680337552,1609.7741530074863,-50421.98220784681,6352.173334911997,18560.186255679342,2889.159566581351,9023.37959617619
275522,99740.0771348922,3177.738043798362,27922.35391335207,37321.15209288531,187777.37268276964,178337.0683348155,65932.92981234309,146061.38029300183,-33786.64960977808,64377.004591592246,16198.917946338044,-36207.91108594846,-687.3341967039268,20779.378629653358,-4103.226643865142,21550.310572932813
275523,101696.39257406502,5748.847547897248,28340.07738692281,37326.98863558086,187320.71735577943,180781.09082691837,67239.80469437648,148216.84207486297,-33994.286101517166,65211.35707844648,17199.23104832183,-36014.22369132413,10237.273708264498,23067.391857089395,5893.532265168641,21675.739266477758
275524,86225.87192313295,-10447.272372023226,12948.784789501791,22103.797029630652,175702.0678763659,164228.48900144442,50780.632467035204,131640.86138441303,-46794.17423189716,49286.14993348097,1637.93815869113,-51213.56901026273,17789.318130893014,20638.40523454829,13451.690446632989,8267.556038691499
275525,83225.79528259241,-14054.318240077446,11394.113464557786,20959.01906891733,172994.82857966918,160695.75972374983,48302.4438581311,128364.62193573723,-47579.35840841988,47291.530541521664,-476.72418070938215,-52561.34362634249,8691.997971402681,18488.182976513486,5118.882966642632,7106.272092266414
275526,97733.65244337986,1068.5090032996643,26028.89837650752,35498.31822753829,187832.7845237848,176207.47471373028,63864.105343932075,143938.95299398445,-35289.40708141716,62408.062717614746,14251.616271663577,-38050.43464816945,-518.3699204323483,20347.831565063196,-3874.748724490446,19934.420005629057
275527,104012.57377291328,8118.810974267841,30812.30252878181,39837.68137840964,187785.44670769406,183264.1965838172,69801.79786611808,150726.23998027275,-31899.06584164497,67729.14243724858,19628.249634471966,-33557.00297328635,7634.787610650956,23200.150970627557,3415.4718643761,23818.000361198123
275528,88717.10014572353,-7827.637406243151,15276.013946610668,24384.382742405698,178372.4084505611,166968.31325304933,53369.66618770383,134359.3206105517,-44880.417905437374,51759.591216762565,4054.626266408007,-48921.064640138204,17656.15981963441,21231.749536895994,13247.058340502907,10284.379708597526
275529,81390.16873775248,-15980.966487431673,9416.529185463547,18973.509281295643,171543.86058397117,158799.53394614428,46278.161012131204,126447.23281651664,-49303.6825209722,45291.81526761516,-2426.5107806516444,-54547.06701624497,10708.851308433017,18405.880129956986,7048.312599020555,5317.0689079698595
275530,94319.20401527078,-2623.1096592642143,22766.573384040043,32321.438176959065,184695.22013332177,172551.00181500323,60303.57201716621,140321.70056727275,-37925.44125713533,59020.6962656848,10910.496003969489,-41242.2981571476,237.5683156725379,19696.305036530124,-3066.2536436747455,17122.474562083196
275531,105256.68145522948,9291.893602696278,32240.262886414024,41323.495871756386,187862.38156814335,184580.52344824042,71229.28311129141,152101.79941522202,-30642.12150682715,69179.18354958149,21007.44520487928,-32111.315879808764,5409.627215521194,23132.766498955163,1312.0441251862724,25078.635640086864
275532,92524.25275716619,-3849.1364533209544,18865.4646898297,27922.38376919607,181707.66211227182,171108.94798892876,57337.62856740361,138499.18151084415,-41913.20750380625,55575.0748362795,7789.19344809478,-45361.98418328088,17133.91034238757,22060.731950410838,12619.85082616297,13422.440340571082
275533,81126.10281924598,-16245.76053782192,8909.945398453356,18452.522112681814,171323.43787343818,158589.36593923817,45892.786513763036,126228.50286231985,-49789.52620997143,44877.22547812233,-2818.7877332732155,-55045.878767088594,12399.435870927371,18624.43934330177,8630.289347631046,4848.738522749769
275534,90395.69178650835,-6843.613485971782,18965.213690043325,28656.017283992674,181325.6649466537,168332.816217912,56205.038215353816,136167.73116191843,-40975.62588346921,55127.311775680755,7075.677388366748,-44918.00729275744,1197.9403216692965,18954.926590034127,-2039.885247105895,13876.489201811464
275535,104354.74673148955,8185.285135242764,31580.27604533038,40835.51061989421,187348.90988119828,183562.203362329,70431.50828756762,151187.37279445684,-31011.202042772067,68522.07496595368,20313.628661603914,-32634.054141360804,3465.830227903236,22607.188208522086,-442.9948267348461,24608.136217393996
275536,96077.89294383409,-149.2205061696941,22209.268724411933,31278.884385235368,184786.34959353076,174952.96287973784,61062.87589271505,142374.18014415598,-39092.73946251904,59181.57424500207,11314.472638017396,-41982.971176214385,16358.977758177381,22793.560954581008,11768.090271597623,16393.353997562554
275537,82644.09688006603,-14604.87445094043,10033.351467136592,19535.608356634017,172151.6050361158,160302.07075440415,47346.41692423129,127931.00708219195,-48917.97006347669,46222.15852872192,-1476.4252858569532,-53908.77836239975,14099.702566958355,19260.676515541054,10153.039801279525,5835.929308647553
275538,87729.33495298747,-9705.82592897048,16314.817692880959,26085.173778674474,178795.88411874056,165474.1120323064,53385.908832786605,133363.49636088865,-43120.180998340526,52447.39597801895,4446.686481945065,-47476.57686476572,2326.4176449057695,18535.307188067727,-906.722346752462,11615.86804390183
275539,102224.9853598024,5769.523205768628,29822.644114107345,39229.332898798675,186860.7361907008,181199.05525628058,68360.92040595412,148949.5500273533,-32281.784590566338,66667.29264053478,18447.17058076209,-34263.26835125137,1524.7316277967834,21793.1208140156,-2152.2204430165216,23184.300740728984
275540,98153.29952647626,1953.5317974621003,24291.907179981325,33379.86199139192,187181.49342908966,177166.31455433537,63290.65161957297,144651.8961994847,-37317.66597333722,61378.71429133773,13453.13990974667,-39879.93765314888,15033.981517726568,23087.391348888385,10456.250096370608,18243.28291762149
275541,84409.65931358433,-12694.720329157684,11396.941228813359,20813.757493704165,173170.6221307923,162280.09569942247,49043.142474085354,129896.58022591715,-47871.74313984356,47790.54443050383,98.43690762769711,-52562.54852109599,15943.84794794245,19982.440625192015,11798.831439222193,7020.31069328298
275542,86599.1612529411,-10897.745831117329,15027.48842646105,24793.81643223917,176967.77808275248,164296.00431137264,52106.483921465464,132207.3083579857,-44234.72427693173,51191.92489382121,3246.642989633446,-48741.17549151012,4089.0070938158033,18579.17201738192,740.332761585508,10484.83593717322
275543,100540.10463882833,3836.761714626188,28460.936645346337,37985.18078687215,187122.31188729772,179320.2267619674,66733.65701876071,147185.15733083434,-33258.63217167936,65213.26664431512,16993.03761122454,-35526.9310894052,-118.1260652794727,21127.2429861521,-3620.885177665699,22090.864309756984
275544,99328.72285491336,3055.4703873703697,25667.913810878912,34811.55074639908,186810.1182075492,178365.26354528137,64646.19467175525,145947.41289922755,-36093.48845364488,62772.20833852534,14797.795727761786,-38471.40321707542,12795.373500289574,23005.08268744364,8333.710318268502,19482.937795424383
275545,85173.01117705411,-11878.533785421001,11898.492383753623,21253.59152908987,174018.561450942,163140.64540219575,49731.20079255613,130769.10477964787,-47497.96255322957,48418.04330468866,745.1364816127241,-52060.546125434936,17371.05178046909,20395.501979574256,13101.207555407747,7474.963194455016
275546,85548.94650710147,-11974.629436515874,13728.86109695183,23447.278286740766,175128.31650531894,163207.75395961406,50855.80350890444,131121.29300871963,-45408.19734547822,49934.72362896977,2058.5328106395136,-50042.398830864986,6464.207424792078,18732.87918884175,2977.553130273646,9319.07601382713
275547,99756.55913745081,2905.9756176773385,27815.879829234684,37387.897379129296,187919.87909053432,178428.68538134568,65966.99532182672,146372.17089689086,-33695.62830884951,64541.71660285365,16325.757733655943,-36107.44179628749,-867.0630993167654,20818.919546225367,-4274.046791938685,21603.79618943789
275548,101330.28754134408,5022.877729533431,27872.460504858478,37054.15878408856,187059.8458339492,180432.53335822193,66877.89800089698,148108.25436258127,-34182.9542835735,65005.21010010234,16963.749689851895,-36247.92909593433,9972.000671064707,23006.639406912152,5666.499559414233,21438.055501176026
275549,85823.04011122027,-11221.636290434715,12417.614414446116,21739.20121020559,175373.37776342314,163837.8366939532,50358.001410734694,131497.6265820744,-47058.145043922064,49012.23127060084,1345.9445594630301,-51524.033817295756,17873.34200825988,20625.569427707906,13553.550283232062,7965.834036384278
275550,83237.85850043927,-14387.081535308365,11243.808338848215,20935.954492101213,172865.72744971508,160748.1754295587,48293.88235352111,128671.56449486391,-47559.14748110025,47405.436756588824,-379.0490646598032,-52515.57001239613,8940.854195120086,18593.59722916673,5348.9653616306405,7115.5578949158935
275551,98108.64020295683,1106.5634813348333,26234.65218333677,35837.34284649051,188158.95613300888,176629.1769194522,64238.74001979495,144629.10632234474,-34955.514570085375,62895.895450897,14718.317436042342,-37633.434186414845,-512.5297077634912,20491.121162398817,-3894.713549235281,20275.470424679952
275552,104250.17932195129,7994.317680422167,30908.98034925558,40097.79507433945,187943.28117921,183509.12566131272,70047.86773885494,151256.3226751937,-31619.840517367335,68106.77376193798,19986.832075834976,-33215.11665165081,7313.212893536636,23250.437858804424,3103.8753513494385,24102.466399691733
275553,88377.69740124812,-8552.794991087752,14825.745434845825,24095.142986496954,178167.86353382704,166582.00061132043,53010.13491214732,134265.07897895074,-45053.49841666538,51554.7661658813,3848.6219559507663,-49122.21742190639,17502.254780237152,21171.7960997794,13117.328878378532,10101.905700101546
275554,80825.91538146095,-16914.339543497408,8728.047822068065,18422.792863103805,171115.41672624793,158173.65620718867,45665.73888743845,126109.68477750977,-49700.628011325956,44827.85400175215,-2875.6097990481876,-55002.25562949944,10888.078587127713,18342.06011892931,7239.71638300795,4909.9702772772425
275555,94285.03644806381,-2978.667183812096,22554.52295404108,32238.262787199186,184568.86315763608,172490.6425769261,60233.5651557965,140545.9418420909,-37932.66465439663,59064.44563592791,10967.271801008932,-41219.32671988632,464.3991762777808,19759.96305620302,-2855.3713906761973,17135.327420465932
275556,105848.15198952224,9592.268370882815,32632.259664844,41852.27558698067,188278.44202021294,185175.23616306533,71823.45005857339,152983.49684292055,-30135.935495373353,69859.4157801927,21688.783918980604,-31468.901615308452,5299.5834507999525,23289.984104639298,1201.183794374313,25639.70742025886
275557,92871.45036618965,-3809.7326384042035,19069.386226813534,28252.163573796257,182009.326243506,171425.6163632525,57692.036087038745,139105.06718909933,-41564.91346710043,56022.412724689486,8240.99031299292,-44921.09997014961,16891.77756246315,22139.075055743007,12399.755126565287,13816.230070731379
275558,80595.61564081846,-17122.458035848354,8303.70607069064,17959.17346239887,171003.05265684339,157954.87949506272,45334.54816765569,125880.05042597142,-50124.53879974428,44438.98177273726,-3232.2212101619966,-55431.9956029779,12349.700070423842,18519.49927640079,8598.465230251259,4520.59129958814
275559,89665.26190556158,-7916.660866867119,18161.713003394067,27945.079254428747,180812.24179922522,167478.60893933725,55423.982810877635,135587.41234146128,-41490.85515927813,54466.20429782784,6447.4111214536715,-45513.13875988413,1336.487711750785,18827.86720170726,-1904.4843593276896,13364.687992344441
275560,104519.93758047195,8069.405014795693,31622.4883830963,40934.10318388884,187440.34642236037,183666.7985013975,70569.86283323202,151547.00577334833,-30856.224632900077,68727.1124956692,20537.678683836995,-32408.816419116993,3531.1453563865143,22674.472859866855,-390.81888589939854,24818.155785708317
275561,96969.00131236241,512.7472902772229,22950.018651520648,32048.829818696984,185491.53110807264,175837.13141581163,61957.552852819776,143496.46871753188,-38379.05281160354,60095.92938332356,12233.815216155539,-41083.21874976935,16319.05739936595,23014.590594881556,11697.4380471908,17197.063886718366
275562,82956.1626347122,-14550.368975703443,10255.337976133089,19791.040145445288,172452.99112890105,160554.95633755787,47651.039648647056,128415.14310633377,-48630.88989972346,46566.72301331963,-1120.165981478114,-53532.90633159861,14013.615785536422,19334.932560146175,10053.771173689756,6178.692535448694
275563,87026.21491309402,-10725.975063727667,15604.566908753834,25420.725998742913,178380.47369356346,164610.8984248111,52643.4976771232,132735.77717589238,-43602.74311429367,51786.847092637116,3812.729781631824,-48030.57987177364,2280.0417216642345,18373.03177922995,-942.8520589608922,11137.770685682699
275564,101515.55914807631,4750.495041516136,29104.008603866125,38542.05350891255,186427.44603542885,180311.60362907225,67606.73398938838,148292.87777411853,-32789.91514391173,65982.10225167306,17787.0705011982,-34837.46224798575,1554.8010956670464,21638.27689354545,-2112.129147845685,22688.352627461827
275565,98480.05569119565,2051.3501413619615,24530.00049606418,33604.43338940964,187496.89765321967,177387.52544349083,63597.75413979067,145085.40670068355,-37067.41798202075,61688.65515591955,13768.395682349004,-39529.685481912544,15150.698085657052,23189.999876449114,10556.825054084642,18558.398239732334
275566,85279.25905075407,-12005.56785751089,12153.828703695712,21528.754313255267,173871.51282082067,163076.4463883473,49913.36205803222,130891.56188146578,-47206.68194019674,48629.93441051933,928.9035819867013,-51716.42080497217,16025.391445611238,20201.229238414548,11855.302700038264,7769.007076089108
275567,86826.36347763262,-10893.537555977418,15222.382297868598,24959.11330877825,177229.91694254635,164374.7081527314,52326.296132743104,132486.99576135908,-44023.5046945616,51412.64258390316,3461.4293498313245,-48454.03765718561,3975.013266896457,18610.715811890655,632.5871883304596,10740.116999678208
275568,99843.24094870634,2857.9682496876917,27814.773030539887,37329.393180938365,186723.13111550445,178384.30592590757,66008.28769926583,146452.77887752763,-33726.60483140668,64531.3485231977,16316.117305191217,-36063.21940124301,-317.50884233654756,20926.832511705696,-3772.6536325681627,21620.682184228837
275569,98772.38716955495,2244.9582236509905,25129.808116178403,34247.82708668294,186325.6617731334,177581.5660418911,64053.51600249586,145349.0352394097,-36494.934128814,62196.00074283061,14227.985080469825,-38913.31704223086,12818.135226700806,22875.449480954296,8384.467687263064,19089.020833268834
275570,85510.8375244074,-11709.464156745955,12159.178306486036,21449.455088355688,174382.2709754996,163331.81332839662,50042.980512677495,131115.50196757057,-47272.40006940956,48684.25217761058,1007.4016697480008,-51732.375235359126,17701.984863195525,20525.276892508366,13392.886665026437,7755.057204393156
275571,86330.77918031534,-11326.442180318689,14428.323782585072,24071.13350453762,175743.18530028453,163871.66972703856,51638.09660696171,131927.72811332162,-44836.93832610654,50641.223598524586,2753.458902475104,-49293.988045191676,6644.670943093609,18941.146007997188,3107.1039880893604,9965.440491142457
275572,99950.57782491679,2916.710640909439,28031.232195955414,37557.0474021969,188168.21437194094,178439.7140486602,66173.77229349839,146532.8303953996,-33496.44780862215,64713.10077642223,16487.795374498928,-35825.39661949573,-1121.7118281152618,20819.05127124217,-4516.825175285286,21841.93568201238
275573,100772.47116202422,4238.818565049343,27405.175698233532,36562.75683726647,186614.12985464127,179625.75800279374,66317.73751095944,147451.731974168,-34532.01970020251,64447.62543589476,16405.011168993235,-36633.80809669259,9634.817607582017,22817.9860816126,5376.563868051549,21084.302478721318
275574,85238.9334621511,-11999.538948481906,11864.719426678887,21139.224330091056,175174.36452570424,163017.26783926552,49738.32325373792,130804.12938305145,-47497.74448553293,48377.454081729935,716.691074721957,-52008.42168181966,18045.389631027443,20515.86922806468,13733.168957197071,7522.44579036672
275575,83445.3641405965,-14295.210136451185,11389.106239268183,21002.03369283987,173084.05166499494,160794.0928726346,48470.14734413741,128816.45191024002,-47457.53155492767,47513.15561954057,-271.360663080576,-52329.06071639985,9376.087185511515,18713.563153982126,5748.056190939942,7256.85022516334
275576,98928.29721303578,1849.0604713937043,26995.72880857964,36514.42084532291,188784.07848087364,177331.80992442928,65069.77978035445,145423.78961276542,-34341.02124148859,63638.8699277554,15446.417983892728,-36837.23661702334,-449.29710582093867,20693.16749370072,-3852.252392451611,20952.11601413145
275577,104692.3344794008,8327.442380667992,31384.116937538067,40515.20729719069,188219.32328574057,183802.9960593804,70521.84880446436,151643.44128863217,-31213.654308518464,68534.42714419086,20395.667633565317,-32685.673803120353,6895.495532484255,23282.131443483937,2707.844209285098,24536.26231644262
