Tm,Oz,Po7,Po4,Po3,P4,P3,Po8,Pz,Fz,F2,F3,F4,AF3,Cz,AF4,F1
5167.7236,83916.234,-6503.0166,10084.616,20300.459,178548.17,158784.27,49699.934,129305.27,-49000.145,48332.14,3764.0564,-51140.324,20883.549,19801.502,16807.975,7730.865
5167.746,81474.88,-9689.526,9535.232,20215.389,177317.31,155740.6,48027.44,126601.12,-48683.152,47197.945,2600.9385,-51523.12,7543.8037,16778.807,4663.2446,7318.006
5167.7686,99252.61,8894.14,26864.338,37339.508,187500.0,174676.56,66629.03,145533.89,-34087.773,65205.047,20024.326,-34243.855,-2786.3462,19259.023,-5528.7935,22875.021
5167.7905,104821.26,15380.348,30369.027,40327.266,187500.0,181056.58,71513.67,151555.58,-31939.592,69437.19,24202.559,-30928.602,10337.995,23111.951,6188.9077,25935.535
5167.813,86601.7,-3611.3044,12446.859,22575.934,181054.34,161701.94,52387.26,132183.06,-47088.645,50872.707,6234.0356,-48797.414,21489.371,20585.31,17240.861,9870.106
5167.8354,80029.29,-11110.114,7880.8003,18522.088,175684.1,154258.47,46396.21,125078.484,-50210.266,45539.625,1014.05396,-53209.895,10328.026,16928.16,7264.9204,5794.176
5167.858,96025.47,5448.439,23914.668,34478.863,187500.0,171189.88,63352.02,142093.47,-36463.79,62082.2,17000.043,-37157.008,-2551.0496,18504.207,-5177.3125,20264.271
5167.88,106101.52,16617.36,31919.05,41935.363,187500.0,182345.55,72999.555,152904.36,-30536.889,70939.016,25651.512,-29372.52,7055.8423,22817.488,3138.2744,27313.363
5167.9023,89765.57,-246.87502,15340.584,25390.979,184036.81,165109.4,55604.523,135563.47,-44700.785,53943.945,9215.245,-45922.31,21390.531,21367.107,17014.371,12488.211
5167.925,79324.58,-11747.943,6900.945,17480.316,174766.7,153573.23,45514.03,124345.195,-51180.11,44603.734,120.49826,-54226.81,13041.26,17241.957,9792.657,4879.3193
5167.9473,92663.875,1884.7216,20756.367,31385.85,187500.0,167575.52,59890.566,138510.7,-39054.402,58769.758,13788.21,-40290.88,-1587.9127,17848.496,-4149.959,17447.348
5167.9697,106450.586,16863.363,32595.504,42684.973,187500.0,182632.78,73522.72,153259.12,-29842.396,71532.516,26214.26,-28677.2,3970.3628,22322.71,306.3307,27913.193
5167.9917,93145.18,3315.9038,18525.127,28509.717,187238.73,168726.95,59079.8,139164.27,-42043.277,57289.777,12461.366,-42752.945,20503.838,22058.334,16042.897,15354.711
5168.014,79367.32,-11593.381,6624.3643,17124.879,174591.94,153693.42,45400.887,124409.234,-51559.508,44406.258,-55.18646,-54540.516,15529.881,17700.705,12081.409,4602.7163
5168.0366,89370.57,-1575.3958,17582.756,28258.46,185375.78,164054.97,56459.41,135000.98,-41703.953,55458.926,10586.413,-43453.87,21.480028,17334.002,-2537.8171,14603.9375
5168.059,105867.5,16128.795,32375.674,42552.023,187500.0,181925.69,73081.18,152619.6,-29884.775,71195.32,25875.79,-28867.502,1311.7345,21677.104,-2087.027,27726.758
5168.081,96536.54,6860.7114,21808.955,31749.178,187500.0,172335.14,62614.3,142770.95,-39280.98,60708.48,15773.983,-39483.266,18896.97,22621.174,14408.203,18303.465
5168.1035,80103.36,-10720.612,7010.133,17424.883,175126.97,154550.53,46012.586,125209.33,-51370.098,44909.64,444.03976,-54185.258,17726.902,18280.777,14073.53,4939.49
5168.126,86311.51,-4770.399,14561.089,25264.29,182362.61,160798.44,53237.61,131738.8,-44268.504,52330.22,7561.9756,-46472.945,2114.8325,16972.059,-491.24664,11884.78
5168.1484,104442.414,14506.35,31324.383,41599.395,187500.0,180320.61,71753.78,151078.22,-30616.46,70003.2,24706.412,-29877.87,-798.6502,20925.213,-3939.249,26809.375
5168.171,99756.8,10190.652,25009.436,34929.54,187500.0,175737.48,66004.45,146178.73,-36560.84,64015.082,18973.436,-36286.85,16584.86,23006.16,12139.657,21172.178
5168.193,81593.84,-9065.891,8126.96,18446.873,176432.98,156207.25,47404.477,126797.6,-50543.824,46184.875,1688.6743,-53086.2,19510.928,18971.559,15640.812,5955.712
5168.2153,83685.63,-7484.5493,11872.979,22577.387,179693.6,158018.89,50419.168,128923.82,-46600.016,49570.785,4900.419,-49169.3,4628.0186,16788.037,1903.2736,9453.783
5168.238,102230.06,12070.881,29470.33,39844.38,187500.0,177882.66,69582.61,148684.89,-32030.363,67989.87,22745.785,-31686.48,-2171.8296,20114.314,-5095.0356,25180.783
5168.2603,102551.46,13050.155,27886.17,37808.94,187500.0,178666.95,68992.99,149115.67,-34100.984,66942.734,21805.871,-33419.008,13729.313,23175.809,9396.138,23733.328
5168.282,83722.89,-6751.2554,9896.593,20116.326,178399.66,158538.56,49478.09,129054.01,-49154.816,48122.438,3572.5242,-51339.14,20799.932,19739.342,16742.686,7559.7183
5168.3047,81575.086,-9634.698,9631.077,20306.338,177471.83,155806.58,48110.14,126652.09,-48593.92,47283.64,2693.7654,-51437.38,7333.921,16765.105,4471.556,7404.709
5168.327,99456.414,9064.93,27030.39,37488.15,187500.0,174859.19,66803.734,145687.83,-33952.41,65372.727,20196.904,-34089.562,-2802.3948,19305.047,-5546.541,23022.879
5168.3496,104716.74,15225.406,30230.066,40170.42,187500.0,180910.39,71361.484,151373.36,-32060.09,69288.77,24069.23,-31078.582,10552.661,23125.34,6391.66,25810.924
5168.372,86409.14,-3872.2166,12257.272,22374.59,180931.89,161454.9,52158.156,131896.89,-47244.145,50660.05,6035.3286,-48997.574,21460.693,20533.275,17226.4,9693.349
5168.394,80115.766,-11084.142,7967.145,18591.959,175854.42,154308.5,46459.734,125078.914,-50132.17,45612.492,1088.4852,-53133.34,10120.9375,16911.195,7080.429,5864.5615
5168.4165,96267.83,5645.6265,24122.986,34659.35,187500.0,171413.55,63564.137,142253.9,-36302.164,62285.867,17200.338,-36965.273,-2614.305,18545.088,-5237.8633,20431.238
5168.439,106038.13,16494.201,31816.256,41804.36,187500.0,182244.7,72883.7,152734.45,-30636.13,70822.336,25543.037,-29488.457,7284.836,22837.963,3345.5198,27204.8
5168.4614,89533.29,-559.44183,15110.854,25141.758,183899.53,164821.12,55329.934,135205.81,-44897.93,53677.938,8962.246,-46164.715,21392.588,21301.615,17016.361,12264.47
5168.4834,79405.23,-11737.371,6985.0767,17542.945,174950.61,153615.9,45570.76,124311.11,-51112.34,44654.43,172.53313,-54159.664,12801.313,17209.078,9563.865,4937.7017
5168.506,92971.37,2142.8618,21026.912,31624.902,187500.0,167867.39,60168.016,138712.47,-38846.797,59021.754,14035.644,-40041.945,-1706.3098,17891.365,-4269.8984,17666.62
5168.5283,106490.93,16848.588,32586.027,42640.695,187500.0,182644.78,73513.93,153176.16,-29876.908,71501.16,26188.377,-28705.809,4192.8965,22365.357,508.61395,27879.533
5168.551,92905.164,2998.0396,18277.47,28238.502,187084.38,168433.28,58797.79,138781.39,-42274.01,56995.676,12178.93,-43020.496,20587.68,22002.633,16127.834,15103.433
5168.573,79359.0,-11676.328,6622.1514,17101.564,174690.08,153641.17,45370.266,124266.61,-51577.703,44357.465,-101.2087,-54563.67,15340.495,17654.66,11904.138,4570.8203
5168.595,89634.5,-1366.0046,17822.68,28467.607,185705.16,164298.58,56700.273,135146.16,-41529.566,55666.64,10789.009,-43237.977,-144.81697,17358.9,-2698.2134,14782.238
5168.6177,105987.52,16196.454,32448.742,42589.82,187500.0,182022.97,73157.266,152615.36,-29863.498,71234.14,25915.418,-28821.613,1458.742,21722.209,-1955.6212,27746.518
5168.64,96333.66,6582.1865,21590.445,31502.482,187500.0,172082.73,62362.465,142424.94,-39497.457,60433.49,15508.849,-39728.754,19022.99,22578.012,14530.422,18063.52
5168.6626,80090.06,-10807.605,7000.4546,17389.523,175193.3,154493.23,45968.51,125066.13,-51400.79,44843.168,379.89026,-54220.37,17563.688,18231.0,13911.883,4890.987
5168.6846,86592.74,-4540.9136,14817.621,25486.621,182694.58,161060.88,53492.73,131916.55,-44083.656,52543.61,7768.975,-46244.824,1944.5796,16992.266,-670.4183,12072.155
5168.707,104647.695,14671.619,31477.336,41710.793,187500.0,180512.22,71917.39,151188.34,-30535.055,70113.24,24815.98,-29758.377,-668.6301,20982.857,-3842.3992,26894.691
5168.7295,99569.6,9943.554,24798.434,34684.05,187500.0,175509.67,65769.25,145884.05,-36778.434,63739.8,18709.998,-36528.832,16801.068,22982.355,12336.107,20936.455
5168.752,81488.27,-9237.016,8033.2393,18325.102,176365.44,156060.06,47273.9,126601.875,-50652.117,46018.51,1528.9711,-53210.586,19393.357,18910.068,15537.101,5824.2837
5168.774,83920.055,-7296.146,12099.983,22769.678,179946.3,158238.42,50639.914,129104.75,-46436.086,49741.82,5067.163,-48971.086,4395.0015,16788.35,1683.5111,9612.48
5168.7964,102517.46,12330.921,29710.701,40041.117,187500.0,178169.2,69841.734,148939.52,-31870.168,68185.36,22939.664,-31476.889,-2136.201,20176.652,-5073.757,25347.438
5168.819,102420.08,12872.28,27720.5,37606.88,187500.0,178508.5,68817.84,148941.05,-34276.51,66718.37,21595.162,-33610.273,13977.686,23173.932,9634.385,23543.518
5168.8413,83573.94,-6959.4614,9754.213,19949.85,178239.39,158353.31,49304.977,128873.5,-49306.965,47905.734,3368.475,-51511.07,20714.033,19666.697,16673.352,7381.7983
5168.864,81770.15,-9481.477,9818.206,20468.924,177643.05,155989.05,48294.723,126854.18,-48467.3,47412.277,2826.4675,-51279.13,7108.503,16752.564,4258.745,7525.967
5168.8857,99740.44,9325.395,27268.057,37696.2,187500.0,175145.2,67064.375,146001.17,-33801.426,65565.02,20393.912,-33884.508,-2782.3005,19360.568,-5542.2046,23184.93
5168.908,104602.88,15071.179,30077.314,39995.656,187500.0,180773.67,71206.586,151277.28,-32231.014,69080.37,23876.94,-31259.607,10822.737,23128.268,6642.134,25634.545
5168.9307,86220.48,-4116.23,12069.897,22180.107,180696.52,161227.67,51944.85,131731.6,-47426.918,50404.37,5796.992,-49209.96,21424.215,20460.61,17206.238,9487.623
5168.953,80283.625,-10955.194,8123.853,18739.771,175964.88,154459.34,46618.05,125305.74,-50013.24,45719.49,1200.3558,-52998.266,9875.762,16888.441,6854.677,5975.672
5168.975,96615.69,5979.0474,24415.146,34933.184,187500.0,171766.25,63892.24,142686.9,-36084.793,62550.55,17465.943,-36696.246,-2663.68,18605.125,-5296.626,20667.408
5168.9976,106046.49,16482.377,31765.271,41736.477,187500.0,182242.88,72853.51,152818.23,-30711.076,70739.99,25472.629,-29560.922,7544.72,22873.166,3586.4045,27139.578
5169.02,89342.19,-787.5861,14903.876,24929.102,183634.7,164601.03,55110.33,135086.38,-45096.254,53420.09,8719.84,-46393.55,21438.633,21249.916,17079.08,12051.458
5169.0425,79469.98,-11700.96,7040.5537,17594.088,174940.86,153665.98,45626.19,124474.99,-51075.86,44670.387,194.48253,-54120.414,12620.9795,17185.764,9409.795,4964.211
5169.065,93256.445,2419.6213,21269.652,31855.93,187500.0,168159.08,60441.6,139121.8,-38661.703,59244.49,14258.29,-39815.902,-1794.4651,17938.908,-4354.388,17865.236
5169.087,106545.695,16891.951,32583.21,42626.367,187500.0,182696.19,73536.84,153345.31,-29903.932,71474.266,26170.361,-28726.55,4405.4844,22408.385,708.6621,27864.646
5169.1094,92717.56,2780.11,18068.035,28027.88,186826.4,168220.69,58580.973,138695.66,-42459.668,56747.93,11945.645,-43241.508,20670.492,21962.691,16221.689,14904.167
5169.132,79400.375,-11659.944,6654.003,17134.914,174659.14,153669.47,45401.09,124430.58,-51550.098,44356.39,-98.012405,-54541.88,15162.575,17625.18,11743.674,4587.6064
5169.1543,89942.17,-1061.8419,18087.012,28726.887,185916.64,164617.66,56998.96,135599.7,-41316.71,55918.812,11037.091,-42983.344,-280.64853,17400.297,-2831.9885,15011.679
5169.1763,106124.34,16332.106,32518.3,42651.223,187500.0,182166.88,73265.29,152887.56,-29828.36,71292.33,25976.908,-28765.512,1646.7424,21780.703,-1787.402,27804.81
5169.1987,96132.58,6360.39,21357.295,31273.13,187500.0,171865.1,62132.42,142337.39,-39706.11,60173.56,15260.051,-39969.75,19178.49,22548.955,14693.702,17850.238
5169.221,80044.69,-10873.253,6949.783,17348.016,175095.03,154435.88,45916.094,125142.45,-51446.766,44762.453,302.285,-54281.01,17412.902,18186.9,13786.713,4833.297
5169.2437,86854.95,-4278.1016,15047.598,25718.723,182894.86,161333.42,53752.906,132317.89,-43902.18,52758.836,7976.5776,-46030.76,1752.4215,17014.707,-844.38184,12265.073
5169.266,104827.875,14859.754,31596.605,41827.695,187500.0,180703.55,72077.23,151499.42,-30461.719,70224.11,24923.225,-29659.648,-559.4866,21040.838,-3733.6804,26987.787
5169.288,99415.94,9777.168,24607.752,34499.895,187500.0,175341.58,65588.195,145834.03,-36960.938,63522.695,18498.484,-36740.93,16959.006,22964.943,12510.651,20747.314
5169.3105,81444.914,-9297.231,7979.729,18283.863,176292.92,156001.86,47220.273,126660.57,-50713.227,45931.184,1441.3746,-53290.562,19256.05,18864.695,15434.573,5747.416
5169.333,84221.516,-6989.592,12366.706,23040.94,180213.1,158550.06,50938.04,129524.78,-46233.758,49991.465,5305.768,-48737.914,4180.2456,16809.584,1490.3696,9820.731
5169.3555,102787.945,12621.293,29912.916,40239.914,187500.0,178455.69,70091.25,149321.25,-31746.025,68372.82,23120.13,-31322.281,-1993.5521,20257.879,-4949.66,25487.584
5169.3774,102201.66,12647.02,27463.746,37355.2,187500.0,178271.1,68564.67,148794.92,-34527.68,66423.414,21307.74,-33912.65,14284.106,23164.656,9924.667,23274.113
5169.4,83392.195,-7162.9297,9580.115,19789.7,178055.17,158141.75,49111.03,128755.64,-49466.0,47683.0,3149.4055,-51724.04,20606.656,19592.379,16583.787,7184.9683
5169.4224,82039.266,-9210.596,10071.741,20728.316,177906.77,156258.73,48566.88,127211.586,-48260.68,47640.598,3041.603,-51063.23,6814.734,16752.543,3979.907,7720.025
5169.445,100129.695,9742.947,27590.19,38011.336,187500.0,175554.72,67438.23,146484.58,-33563.848,65876.02,20691.904,-33612.934,-2748.3484,19450.49,-5522.4683,23432.988
5169.4673,104482.875,14961.253,29902.545,39818.785,187500.0,180644.0,71049.72,151216.5,-32409.426,68877.15,23677.896,-31484.176,11157.455,23148.34,6962.7695,25440.756
5169.4893,85989.266,-4358.7466,11839.519,21957.35,180468.17,160967.23,51694.734,131545.69,-47640.645,50126.45,5522.848,-49488.13,21379.87,20382.064,17181.629,9236.792
5169.5117,80463.16,-10769.652,8299.605,18918.83,176152.62,154635.42,46798.61,125555.234,-49884.805,45860.684,1330.4653,-52875.11,9590.419,16869.33,6589.384,6090.001
5169.534,97002.305,6399.3716,24751.674,35260.28,187500.0,172173.81,64268.688,143157.03,-35847.17,62867.543,17770.041,-36425.145,-2708.875,18681.791,-5347.8115,20917.547
5169.5566,105967.21,16420.799,31636.703,41601.316,187500.0,182156.1,72737.01,152789.84,-30867.36,70575.98,25314.246,-29757.371,7882.4766,22905.488,3907.8225,26977.371
5169.5786,89040.34,-1100.0859,14608.407,24641.213,183331.97,164263.0,54785.89,134814.6,-45374.914,53070.016,8379.736,-46749.793,21443.906,21160.242,17102.906,11741.104
5169.601,79591.91,-11576.662,7168.6963,17726.098,175062.36,153774.78,45748.414,124651.484,-50991.28,44757.227,275.28412,-54055.57,12308.257,17140.86,9118.037,5037.2563
5169.6235,93669.73,2867.0583,21640.111,32213.312,187500.0,168589.75,60848.18,139611.77,-38401.195,59593.13,14593.856,-39525.016,-1916.3716,17999.102,-4483.7827,18146.064
5169.646,106570.484,16943.717,32555.115,42579.94,187500.0,182720.44,73528.44,153425.42,-29989.494,71415.73,26112.672,-28843.496,4725.405,22457.402,1000.5311,27788.068
5169.6685,92394.16,2452.9478,17748.584,27702.35,186487.33,167864.84,58232.484,138405.16,-42773.688,56371.08,11580.462,-43647.504,20784.979,21886.338,16345.183,14566.319
5169.6904,79392.305,-11666.94,6666.6763,17142.246,174633.36,153641.61,45393.31,124475.33,-51567.89,44319.71,-133.12698,-54611.234,14923.992,17565.006,11530.572,4554.5483
5169.713,90262.56,-714.0712,18388.691,29010.375,186187.53,164944.5,57318.727,135997.97,-41102.336,56192.824,11303.121,-42772.39,-443.81625,17434.674,-2989.747,15238.772
5169.7354,106224.08,16461.232,32577.287,42686.67,187500.0,182264.48,73341.24,153054.88,-29827.242,71323.26,26011.084,-28802.615,1866.7284,21832.85,-1586.8174,27817.373
5169.758,95885.08,6118.4326,21108.207,31008.443,187500.0,171586.84,61860.043,142137.84,-39949.61,59874.74,14976.52,-40311.574,19305.494,22490.236,14824.952,17588.521
5169.78,80005.86,-10905.081,6929.4653,17314.578,175006.72,154374.97,45872.98,125169.01,-51486.64,44695.71,242.82936,-54390.56,17232.033,18126.26,13625.69,4776.0093
5169.8022,87097.29,-4009.4336,15279.52,25929.879,183071.92,161577.88,53993.5,132651.03,-43733.582,52966.773,8185.097,-45887.863,1594.5958,17029.28,-997.4913,12437.428
5169.8247,104942.27,15004.57,31676.623,41882.79,187500.0,180817.44,72171.664,151698.84,-30433.488,70284.45,24990.727,-29675.385,-402.08554,21084.066,-3595.4124,27022.656
5169.847,99161.195,9529.667,24351.398,34227.094,187500.0,175058.61,65308.51,145642.11,-37205.53,63227.52,18219.176,-37090.98,17126.197,22915.344,12676.301,20483.52
5169.8696,81301.19,-9438.36,7862.8745,18155.832,176088.05,155830.3,47070.52,126591.02,-50825.164,45775.523,1294.3672,-53493.402,19115.727,18787.627,15307.213,5609.3047
5169.8916,84336.35,-6857.7163,12489.552,23146.775,180260.14,158656.55,51054.605,129736.23,-46142.832,50094.484,5406.4624,-48699.312,3999.9788,16792.508,1316.0485,9904.595
5169.914,102907.91,12765.395,30012.248,40317.254,187500.0,178572.97,70201.086,149539.33,-31684.916,68464.42,23209.605,-31310.57,-1971.8932,20281.951,-4933.567,25553.566
5169.9365,102068.195,12525.784,27319.398,37194.824,187500.0,178119.05,68414.445,148746.33,-34668.316,66264.63,21154.541,-34143.227,14396.603,23144.115,10043.623,23127.127
5169.959,83264.26,-7282.0195,9465.227,19666.273,177862.69,157994.89,48981.523,128719.13,-49577.89,47549.047,3019.9219,-51923.15,20523.887,19536.768,16521.27,7061.8774
5169.981,82093.07,-9138.6455,10133.343,20779.926,177898.4,156308.23,48628.08,127371.94,-48225.902,47689.996,3089.9724,-51089.383,6670.3867,16733.723,3851.0046,7754.5806
5170.0034,100225.02,9863.244,27673.047,38080.18,187500.0,175651.78,67533.914,146687.42,-33517.83,65954.61,20768.975,-33624.6,-2750.5164,19470.918,-5524.7705,23484.398
5170.026,104357.01,14848.578,29770.514,39674.863,187500.0,180504.39,70913.98,151181.12,-32539.781,68732.555,23538.623,-31712.79,11281.507,23135.062,7083.223,25303.293
5170.0483,85832.58,-4509.0625,11701.519,21810.879,180255.08,160792.11,51539.21,131478.73,-47774.4,49961.87,5363.838,-49726.4,21321.285,20321.604,17133.55,9090.634
5170.071,80513.0,-10703.491,8360.916,18967.088,176144.98,154680.08,46857.28,125708.48,-49845.105,45907.156,1375.7275,-52910.27,9417.395,16840.006,6431.2227,6129.094
5170.093,97157.72,6583.796,24890.86,35380.332,187500.0,172333.94,64426.69,143418.61,-35752.625,63001.387,17901.625,-36388.555,-2754.7632,18702.11,-5395.8677,21020.9
5170.115,105897.92,16372.563,31547.432,41495.324,187500.0,182078.0,72658.95,152810.14,-30960.766,70478.68,25222.469,-29950.713,8030.9146,22906.65,4047.074,26877.684
5170.1377,88837.77,-1295.4625,14415.288,24439.71,183085.58,164038.66,54580.793,134692.12,-45551.316,52852.625,8171.105,-47049.13,21455.598,21100.584,17125.459,11542.643
5170.16,79563.164,-11593.761,7156.6265,17707.322,174991.11,153732.77,45730.35,124713.53,-51009.633,44723.34,245.17628,-54171.53,12163.686,17100.27,8988.486,5002.8574
5170.182,93810.55,3031.9026,21772.41,32336.111,187500.0,168730.12,60997.38,139850.8,-38304.188,59712.49,14713.104,-39499.805,-2000.9506,18013.518,-4561.321,18237.818
5170.2046,106541.18,16933.502,32503.66,42523.01,187500.0,182679.94,73490.914,153478.95,-30045.283,71351.6,26053.148,-29000.852,4865.26,22469.965,1130.9761,27718.488
5170.227,92185.15,2247.1775,17542.498,27499.531,186249.55,167626.94,58016.21,138263.94,-42953.28,56139.938,11355.156,-43955.96,20815.488,21826.1,16380.654,14360.526
5170.2495,79389.83,-11660.995,6673.5605,17152.125,174597.55,153619.67,45397.38,124552.0,-51563.49,44305.363,-149.30966,-54703.95,14745.626,17519.12,11365.55,4541.1597
5170.272,90494.55,-453.53925,18601.793,29217.664,186367.78,165179.11,57556.434,136324.45,-40937.582,56395.285,11498.386,-42665.1,-573.52344,17457.674,-3116.6155,15402.097
5170.294,106264.71,16530.166,32581.29,42682.67,187500.0,182301.97,73369.12,153176.25,-29845.035,71316.4,26003.572,-28908.115,2049.8337,21870.244,-1420.1405,27787.71
5170.3164,95595.71,5830.9893,20818.08,30721.67,187500.0,171266.31,61556.527,141902.94,-40211.28,59551.445,14659.639,-40710.105,19433.19,22435.52,14959.465,17294.773
5170.339,79902.195,-11010.269,6847.9487,17240.146,174890.73,154244.19,45774.34,125127.08,-51566.19,44576.957,123.94042,-54579.7,17043.184,18060.904,13460.153,4671.8726
5170.3613,87338.414,-3748.075,15513.14,26160.102,183282.22,161818.16,54242.41,132973.8,-43556.11,53177.125,8386.084,-45768.17,1376.3757,17041.148,-1203.5745,12614.833
5170.3833,105111.14,15203.814,31803.672,41998.863,187500.0,180990.14,72327.44,151943.77,-30356.531,70391.1,25094.035,-29668.947,-271.26077,21144.44,-3480.0996,27100.686
5170.406,98923.82,9300.674,24101.307,33973.957,187500.0,174798.53,65052.047,145455.06,-37436.74,62936.992,17938.215,-37459.023,17336.416,22889.082,12880.7295,20228.799
5170.428,81155.234,-9581.769,7739.4263,18036.607,175935.7,155660.92,46928.965,126498.67,-50941.28,45602.97,1128.8527,-53732.297,18990.334,18723.723,15196.751,5470.053
5170.4507,84535.71,-6636.278,12689.9795,23346.197,180448.16,158856.95,51266.766,130011.11,-45990.215,50258.39,5569.5186,-48616.453,3790.163,16798.363,1117.9003,10057.525
5170.4727,103097.78,12988.733,30167.793,40465.98,187500.0,178769.95,70385.83,149803.25,-31586.234,68588.41,23337.547,-31279.635,-1869.7906,20341.72,-4846.015,25658.328
5170.495,101834.484,12300.926,27073.416,36947.727,187500.0,177861.03,68162.29,148557.55,-34900.19,65967.8,20873.178,-34510.848,14643.902,23118.834,10276.953,22876.744
5170.5176,83068.05,-7480.28,9295.957,19500.848,177660.53,157766.5,48785.86,128567.625,-49736.836,47317.996,2800.0925,-52210.03,20414.475,19453.484,16425.27,6881.7446
5170.54,82277.76,-8935.982,10324.294,20966.562,178070.34,156486.64,48824.66,127626.08,-48079.254,47838.414,3237.1138,-51010.504,6411.911,16717.854,3607.3481,7904.9404
5170.5625,100507.1,10182.539,27916.682,38307.605,187500.0,175942.45,67812.6,147046.42,-33347.06,66171.266,20984.445,-33492.727,-2732.4338,19529.57,-5520.1885,23677.986
5170.5845,104211.57,14722.156,29595.635,39488.605,187500.0,180341.22,70748.46,151087.1,-32720.07,68517.06,23334.82,-31993.014,11558.065,23136.27,7344.918,25124.076
5170.607,85582.76,-4757.2563,11469.284,21579.963,179991.95,160509.4,51286.637,131273.77,-47994.137,49671.746,5085.9834,-50058.387,21291.982,20242.725,17121.102,8853.37
5170.6294,80594.875,-10607.736,8457.967,19063.424,176215.55,154750.1,46955.562,125859.234,-49781.94,45957.492,1428.1201,-52907.63,9187.148,16810.992,6219.44,6192.3945
5170.652,97406.36,6865.4277,25117.08,35595.47,187500.0,172589.89,64681.945,143751.28,-35594.62,63196.652,18096.264,-36256.297,-2791.7107,18751.014,-5437.0176,21199.021
5170.674,105796.33,16289.817,31423.67,41360.79,187500.0,181964.12,72542.8,152771.47,-31096.465,70313.09,25068.287,-30161.244,8293.86,22923.682,4290.328,26749.473
5170.6963,88581.17,-1552.2393,14180.908,24204.057,182818.55,163751.77,54321.824,134488.25,-45766.137,52559.547,7893.027,-47360.598,21460.514,21030.668,17141.352,11316.644
5170.7188,79640.48,-11504.31,7255.7114,17803.188,175061.06,153800.77,45823.336,124867.72,-50934.887,44778.727,303.9167,-54140.574,11929.708,17070.676,8772.054,5083.212
5170.741,94118.8,3376.544,22060.256,32609.496,187500.0,169053.83,61314.594,140254.78,-38087.89,59977.47,14977.145,-39278.855,-2088.5247,18065.979,-4658.7075,18486.213
5170.7637,106509.375,16929.725,32441.836,42444.87,187500.0,182647.42,73443.66,153522.8,-30127.828,71262.086,25975.209,-29123.742,5153.262,22511.248,1390.0104,27656.395
5170.7856,91854.99,1916.081,17235.252,27186.293,185916.81,167268.1,57677.066,137987.95,-43231.562,55778.51,11011.431,-44320.74,20911.242,21757.95,16482.488,14070.558
5170.808,79365.46,-11682.653,6688.782,17160.574,174573.25,153581.67,45386.605,124600.32,-51561.074,44271.61,-179.68568,-54743.805,14509.479,17469.945,11149.431,4539.93
5170.8306,90794.0,-126.26501,18900.055,29497.354,186636.81,165493.8,57867.28,136718.94,-40710.04,56665.918,11762.874,-42421.242,-744.6931,17495.895,-3290.1545,15656.123
5170.853,106351.86,16646.953,32640.453,42718.367,187500.0,182397.45,73441.71,153345.77,-29827.377,71350.305,26042.129,-28896.738,2281.8228,21929.41,-1224.2275,27832.549
5170.875,95322.37,5562.3438,20555.693,30448.576,187500.0,170972.66,61269.152,141689.3,-40445.863,59246.344,14369.065,-41007.43,19596.96,22390.123,15110.183,17052.838
5170.8975,79866.19,-11038.409,6844.149,17229.217,174854.12,154198.03,45749.55,125163.805,-51571.62,44531.742,83.819046,-54613.293,16873.8,18016.268,13296.852,4659.378
5170.92,87623.83,-3430.568,15797.363,26428.322,183547.22,162122.44,54544.54,133355.28,-43325.93,53444.094,8647.644,-45508.152,1223.8922,17080.555,-1358.7402,12864.927
5170.9424,105238.41,15367.675,31902.533,42078.348,187500.0,181134.14,72450.03,152157.34,-30298.998,70476.98,25183.354,-29592.281,-57.712208,21212.59,-3295.474,27182.36
5170.965,98633.16,9016.136,23816.969,33683.207,187500.0,174490.27,64748.355,145219.53,-37688.26,62618.926,17636.445,-37755.406,17564.201,22853.586,13101.297,19967.82
5170.987,81029.195,-9709.241,7650.846,17948.318,175812.5,155516.56,46811.484,126433.23,-51016.695,45473.152,1006.96844,-53830.758,18835.682,18659.328,15060.405,5378.4336
5171.0093,84800.49,-6348.8345,12962.984,23609.277,180699.8,159133.72,51547.996,130362.39,-45765.734,50512.797,5818.696,-48349.664,3556.9895,16813.295,892.0805,10293.963
5171.0317,103353.42,13283.396,30391.244,40667.414,187500.0,179049.56,70637.13,150145.9,-31426.262,68803.02,23551.05,-31063.941,-1751.5721,20420.086,-4754.8647,25844.83
5171.054,101629.766,12111.159,26857.633,36718.465,187500.0,177650.12,67937.1,148408.14,-35097.96,65728.164,20646.844,-34724.46,14923.59,23112.844,10537.977,22674.438
5171.076,82906.2,-7639.268,9164.395,19365.754,177494.67,157590.73,48624.3,128460.02,-49853.668,47145.508,2638.9365,-52342.043,20330.008,19389.0,16346.814,6744.1475
5171.0986,82479.555,-8711.994,10540.368,21173.43,178269.66,156701.7,49040.98,127908.516,-47900.37,48032.74,3432.155,-50791.08,6202.1177,16722.19,3398.538,8085.364
5171.121,100770.48,10485.227,28155.688,38528.62,187500.0,176233.86,68075.414,147395.97,-33169.07,66398.49,21214.668,-33255.395,-2661.5117,19600.426,-5474.8145,23871.484
5171.1436,104050.234,14578.546,29420.285,39303.332,187500.0,180178.94,70566.99,150981.81,-32881.113,68315.58,23150.775,-32162.059,11850.94,23141.947,7617.5195,24952.572
5171.166,85390.914,-4947.4917,11302.429,21415.633,179798.12,160302.03,51090.48,131130.22,-48131.445,49467.227,4896.217,-50213.062,21234.873,20173.97,17078.945,8688.078
5171.188,80784.35,-10396.49,8659.2,19262.803,176404.98,154950.4,47157.02,126122.31,-49606.08,46139.457,1611.6279,-52691.758,8954.087,16802.5,5993.2407,6361.1724
5171.2104,97744.25,7249.677,25424.686,35889.484,187500.0,172961.05,65021.336,144176.06,-35353.332,63501.64,18401.098,-35939.55,-2788.8943,18823.098,-5452.2837,21453.787
5171.233,105704.82,16228.953,31304.088,41233.562,187500.0,181880.9,72431.016,152739.47,-31215.375,70179.49,24948.236,-30269.494,8623.191,22951.555,4593.865,26620.771
5171.2554,88291.72,-1835.7712,13916.129,23946.117,182534.36,163446.11,54025.4,134241.83,-45994.258,52260.906,7610.233,-47611.61,21502.916,20955.477,17188.604,11052.401
5171.2773,79719.805,-11406.342,7361.9497,17914.836,175148.7,153884.45,45918.598,125012.625,-50839.426,44864.96,393.05545,-54018.355,11669.936,17032.945,8524.643,5156.6147
5171.3,94493.055,3798.7017,22411.94,32953.89,187500.0,169463.03,61698.574,140715.22,-37804.895,60330.355,15327.218,-38916.445,-2197.9365,18126.014,-4776.702,18773.455
5171.3223,106524.08,16984.107,32415.953,42411.88,187500.0,182679.72,73439.945,153599.03,-30168.062,71231.46,25957.127,-29138.762,5466.0747,22560.89,1676.8055,27607.2
5171.3447,91552.44,1625.7318,16942.309,26900.795,185617.7,166953.34,57364.77,137723.39,-43479.195,55460.02,10714.242,-44596.0,21003.377,21685.238,16582.715,13784.835
5171.367,79406.79,-11618.259,6749.8916,17231.92,174622.48,153628.58,45447.043,124700.125,-51501.28,44316.87,-123.11341,-54662.22,14256.814,17419.72,10913.485,4576.677
5171.389,91167.02,299.62515,19244.764,29842.688,186979.88,165904.06,58260.0,137173.45,-40427.87,57021.445,12123.967,-42058.387,-891.857,17548.734,-3439.777,15945.377
5171.4116,106400.07,16742.998,32638.375,42714.88,187500.0,182468.73,73481.79,153454.08,-29848.008,71358.42,26069.107,-28882.812,2583.37,21989.559,-942.1708,27810.354
5171.434,94945.92,5200.0444,20184.834,30088.133,187500.0,170581.16,60885.375,141341.53,-40761.54,58856.684,14008.486,-41360.273,19763.793,22318.24,15291.769,16702.967
5171.4565,79782.14,-11106.717,6792.718,17190.973,174786.1,154107.2,45685.246,125122.68,-51602.38,44465.69,35.271057,-54643.445,16619.395,17942.262,13075.503,4603.789
5171.4785,87983.13,-3024.1465,16144.084,26774.508,183896.72,162509.55,54925.48,133783.89,-43036.43,53800.96,9010.794,-45144.96,958.3088,17109.725,-1610.7338,13167.122
5171.501,105426.14,15609.767,32036.107,42202.598,187500.0,181347.45,72627.82,152401.27,-30210.688,70626.734,25348.354,-29446.102,157.42334,21288.316,-3106.7585,27289.58
5171.5234,98302.84,8709.559,23476.441,33347.773,187500.0,174146.75,64400.875,144910.31,-37984.312,62271.918,17318.533,-38075.797,17813.963,22804.39,13340.482,19657.69
5171.546,80877.49,-9838.702,7530.5713,17841.32,175683.8,155355.64,46673.484,126311.08,-51108.85,45343.22,898.29425,-53927.99,18650.564,18577.63,14892.365,5270.05
5171.5684,85056.64,-6044.448,13220.878,23871.686,180973.73,159414.53,51830.367,130675.18,-45541.367,50786.832,6102.1157,-48066.668,3316.4849,16824.963,660.5164,10531.695
5171.5903,103541.84,13529.668,30540.24,40814.42,187500.0,179264.08,70826.914,150384.52,-31311.643,68980.39,23743.32,-30890.672,-1603.626,20488.438,-4631.3267,25983.3
5171.613,101353.63,11867.212,26570.816,36441.727,187500.0,177365.22,67649.164,148149.12,-35337.91,65451.586,20399.344,-34980.547,15179.316,23086.0,10783.645,22431.898
5171.6353,82719.85,-7799.351,9006.658,19226.771,177341.4,157392.73,48449.82,128290.37,-49966.88,46992.42,2508.7375,-52464.17,20195.986,19318.21,16234.966,6620.654
5171.6577,82692.02,-8449.384,10757.649,21401.93,178507.48,156931.7,49276.97,128161.445,-47697.285,48276.105,3683.6794,-50539.375,5937.6743,16726.234,3150.9702,8301.729
5171.6797,101029.69,10813.104,28375.406,38750.305,187500.0,176523.22,68339.48,147698.08,-32986.66,66657.46,21483.693,-33006.953,-2597.7869,19678.723,-5424.0312,24082.508
5171.702,103846.9,14422.262,29196.385,39085.715,187500.0,179976.3,70350.36,150789.9,-33070.055,68113.07,22972.967,-32355.826,12139.546,23147.11,7889.4727,24767.768
5171.7246,85122.53,-5182.9004,11068.808,21194.998,179567.53,160022.1,50831.066,130865.98,-48318.574,49234.234,4690.76,-50419.1,21198.307,20105.037,17048.168,8488.231
5171.747,80853.82,-10280.1045,8758.71,19371.32,176513.72,155029.75,47253.066,126216.73,-49501.695,46256.58,1743.8607,-52562.52,8731.262,16786.74,5779.58,6467.88
5171.7695,97963.61,7532.7397,25631.662,36097.2,187500.0,173206.05,65254.105,144427.11,-35174.61,63741.61,18652.197,-35708.055,-2810.6426,18879.111,-5488.4043,21652.717
5171.7915,105599.055,16172.939,31181.088,41114.406,187500.0,181779.77,72316.414,152640.8,-31309.652,70084.586,24875.168,-30362.521,8852.477,22972.074,4802.295,26531.969
5171.814,88076.16,-2016.1273,13719.792,23761.336,182343.31,163220.94,53811.87,134022.48,-46139.03,52075.61,7449.189,-47779.0,21492.299,20902.28,17185.475,10893.794
5171.8364,79772.71,-11307.301,7434.079,17994.453,175230.0,153945.38,45987.957,125078.83,-50754.176,44955.977,498.28745,-53919.383,11488.529,17017.41,8353.986,5239.562
5171.859,94687.02,4054.5393,22595.781,33136.82,187500.0,169681.55,61902.51,140933.8,-37640.676,60546.61,15554.49,-38710.88,-2241.3213,18170.986,-4825.8984,18952.895
5171.881,106469.54,16982.63,32347.266,42341.984,187500.0,182635.39,73378.98,153555.11,-30221.729,71190.23,25936.383,-29186.371,5658.657,22586.46,1848.3329,27558.74
5171.9033,91326.51,1435.5632,16735.756,26700.97,185418.55,166718.11,57137.652,137496.31,-43639.594,55265.293,10544.771,-44781.008,21065.023,21642.547,16643.31,13608.547
5171.926,79379.68,-11606.501,6751.434,17239.543,174618.88,153600.28,45432.246,124684.19,-51478.816,44331.066,-91.44099,-54641.902,14118.859,17390.35,10788.159,4586.0864
5171.948,91350.16,539.0123,19432.117,30026.06,187163.86,166105.89,58454.82,137383.56,-40258.11,57233.23,12346.344,-41858.875,-991.2775,17575.244,-3539.2424,16119.586
5171.9707,106450.7,16851.807,32674.428,42745.523,187500.0,182534.23,73528.62,153524.19,-29815.574,71417.586,26145.977,-28840.256,2736.3901,22027.87,-809.69196,27847.592
5171.9927,94762.52,5057.485,20010.355,29918.46,187500.0,170392.92,60697.016,141162.02,-40903.81,58690.05,13866.754,-41528.45,19882.414,22290.457,15398.564,16547.6
5172.015,79722.62,-11127.347,6760.665,17165.895,174743.4,154047.98,45636.92,125077.04,-51622.652,44435.582,24.050478,-54674.805,16528.355,17907.906,12985.56,4569.591
5172.0376,88104.91,-2850.0488,16279.021,26912.238,184026.45,162649.83,55065.38,133938.12,-42920.516,53949.69,9171.86,-45011.99,880.0329,17123.96,-1696.2963,13282.7705
5172.06,105453.92,15691.237,32063.107,42228.57,187500.0,181391.83,72662.06,152457.42,-30191.555,70668.47,25408.703,-29424.867,291.28796,21321.354,-2991.9375,27307.418
5172.082,98095.95,8535.461,23288.44,33161.34,187500.0,173933.81,64194.008,144714.64,-38139.59,62081.37,17153.89,-38269.97,17933.477,22775.445,13458.946,19480.775
5172.1045,80801.85,-9886.624,7488.528,17801.154,175622.47,155273.8,46608.664,126252.13,-51138.133,45292.773,866.1748,-53978.77,18539.12,18537.018,14789.436,5218.2607
5172.127,85243.55,-5811.655,13418.513,24062.28,181160.02,159616.81,52031.58,130898.61,-45375.81,50989.047,6311.6187,-47883.45,3161.6096,16838.91,505.41763,10694.483
5172.1494,103710.4,13755.354,30691.674,40950.7,187500.0,179456.38,70996.32,150592.66,-31199.93,69142.484,23915.094,-30760.383,-1511.9614,20545.1,-4560.896,26099.62
5172.1714,101177.09,11726.374,26395.467,36254.777,187500.0,177188.14,67463.13,147991.06,-35502.152,65265.953,20233.336,-35179.168,15387.121,23080.457,10978.708,22249.174
5172.194,82547.48,-7950.337,8871.363,19084.793,177176.89,157211.73,48284.484,128136.74,-50099.312,46830.125,2360.6797,-52629.26,20105.754,19263.809,16161.831,6459.319
5172.2163,82799.625,-8308.612,10893.437,21525.223,178625.1,157050.2,49404.44,128308.71,-47602.78,48396.29,3806.2341,-50434.613,5747.93,16721.072,2972.6926,8384.988
5172.239,101216.99,11046.21,28557.416,38911.844,187500.0,176731.45,68534.336,147930.03,-32864.707,66834.305,21663.111,-32858.99,-2543.6064,19729.752,-5393.141,24206.582
5172.261,103710.71,14314.661,29057.447,38932.027,187500.0,179837.06,70203.66,150676.52,-33206.176,67960.3,22833.783,-32523.555,12387.94,23153.145,8110.8223,24613.652
5172.283,84953.51,-5336.2783,10927.59,21049.13,179403.11,159839.53,50665.617,130717.14,-48441.664,49071.223,4537.4043,-50583.72,21164.578,20050.791,17019.623,8331.903
5172.3057,80999.35,-10104.42,8920.873,19526.084,176663.2,155184.3,47415.832,126404.66,-49365.64,46410.74,1895.8975,-52421.19,8550.48,16783.857,5605.0356,6587.2827
5172.328,98245.195,7864.1484,25891.232,36340.273,187500.0,173515.28,65542.53,144761.94,-34972.098,64008.89,18915.209,-35472.824,-2791.353,18944.29,-5486.1914,21853.703
5172.3506,105499.48,16108.143,31062.578,40981.926,187500.0,181685.95,72203.516,152570.03,-31424.385,69962.66,24762.0,-30503.182,9170.362,23000.684,5095.5273,26396.605
5172.3726,87814.555,-2263.1367,13486.686,23527.38,182093.06,162945.27,53550.4,133778.44,-46338.97,51819.01,7201.4863,-48031.26,21535.639,20839.27,17230.379,10654.295
5172.395,79831.05,-11222.007,7521.7646,18081.11,175301.52,154007.64,46066.59,125175.875,-50672.746,45033.0,571.3106,-53845.465,11297.891,16995.148,8166.724,5297.4756
5172.4175,94977.8,4396.0073,22875.111,33404.906,187500.0,169998.72,62207.793,141278.3,-37411.93,60832.555,15830.087,-38449.965,-2302.8782,18227.625,-4901.805,19178.49
5172.44,106471.11,17028.7,32323.17,42307.117,187500.0,182650.3,73372.11,153590.34,-30250.898,71169.164,25916.268,-29227.164,5929.6724,22632.729,2091.6091,27517.703
5172.4624,91079.45,1211.4423,16504.395,26471.082,185174.69,166462.84,56888.164,137265.67,-43837.605,55015.152,10299.773,-45028.062,21152.643,21592.367,16733.588,13381.833
5172.4844,79383.57,-11572.974,6783.4194,17274.992,174639.2,153610.47,45454.8,124721.13,-51446.496,44353.73,-75.95123,-54621.81,13948.36,17360.666,10623.673,4601.576
5172.507,91598.88,836.8046,19676.465,30265.314,187399.19,166383.31,58720.785,137682.22,-40063.336,57481.824,12579.786,-41633.523,-1083.8807,17620.396,-3643.692,16318.204
5172.5293,106469.875,16915.51,32673.422,42737.05,187500.0,182572.2,73542.25,153577.08,-29835.826,71417.766,26138.533,-28861.445,2967.4849,22077.22,-609.4874,27826.09
5172.552,94472.87,4786.157,19739.162,29650.53,187500.0,170094.73,60401.66,140883.6,-41136.42,58402.36,13578.528,-41810.93,20009.037,22242.512,15526.641,16294.601
5172.5737,79664.57,-11164.228,6737.285,17150.023,174704.95,153991.06,45595.504,125042.93,-51636.71,44399.26,-23.625795,-54705.94,16336.89,17858.889,12808.824,4544.5347
5172.596,88369.44,-2541.371,16543.041,27174.045,184287.33,162943.39,55348.598,134248.16,-42704.285,54219.61,9421.149,-44760.58,699.8331,17153.11,-1880.9888,13514.849
5172.6187,105587.54,15873.561,32164.607,42323.23,187500.0,181553.66,72790.61,152628.28,-30127.918,70779.086,25505.24,-29340.713,477.79092,21386.084,-2837.1519,27391.191
5172.641,97832.05,8295.18,23025.941,32902.977,187500.0,173668.78,63918.793,144462.42,-38375.266,61806.332,16875.545,-38547.26,18143.023,22744.957,13656.425,19243.49
5172.6636,80678.56,-9988.526,7397.981,17720.979,175515.47,155153.27,46499.92,126150.83,-51219.54,45185.863,749.5658,-54082.082,18391.955,18479.373,14656.755,5135.604
5172.6855,85480.38,-5531.655,13660.738,24308.596,181400.83,159884.06,52292.266,131182.56,-45180.297,51235.855,6539.07,-47654.055,2946.4966,16858.982,300.36276,10913.485
5172.708,103885.125,13981.575,30835.53,41093.06,187500.0,179663.8,71171.31,150809.64,-31105.516,69295.08,24053.83,-30636.041,-1363.0317,20618.613,-4431.4795,26224.945
5172.7305,100890.164,11462.892,26105.318,35975.336,187500.0,176899.4,67163.04,147715.19,-35758.504,64965.254,19930.873,-35483.44,15652.837,23054.775,11233.741,21993.984
5172.753,82370.92,-8109.2573,8731.016,18965.188,177022.27,157032.38,48121.184,127977.055,-50210.402,46674.266,2198.585,-52775.375,19986.217,19188.975,16054.319,6342.1514
5172.775,83041.72,-8024.0303,11145.966,21792.305,178881.06,157321.53,49673.805,128596.83,-47385.074,48655.12,4046.9397,-50186.934,5498.1494,16727.15,2733.708,8624.644
5172.7974,101493.35,11382.157,28800.85,39158.94,187500.0,177051.28,68818.586,148255.97,-32686.23,67090.93,21902.744,-32634.754,-2481.9827,19808.14,-5342.7603,24423.17
5172.82,103467.52,14102.9,28804.023,38687.945,187500.0,179602.12,69949.02,150448.77,-33448.223,67694.56,22566.256,-32799.71,12696.35,23147.938,8406.223,24381.977
5172.8423,84652.875,-5627.298,10672.735,20815.398,179129.12,159531.39,50376.496,130424.4,-48677.43,48781.074,4243.568,-50863.23,21076.086,19959.527,16955.006,8089.0293
5172.8647,81131.61,-9945.23,9088.197,19708.943,176827.36,155336.33,47579.332,126571.18,-49242.906,46558.26,2023.7269,-52280.887,8222.491,16758.623,5308.4053,6726.847
5172.8867,98567.59,8236.841,26197.094,36647.52,187500.0,173878.34,65880.54,145130.06,-34756.605,64310.438,19194.271,-35203.086,-2846.964,19016.262,-5545.6245,22113.61
5172.909,105363.484,16002.352,30909.871,40831.902,187500.0,181560.23,72054.34,152450.08,-31596.65,69787.69,24578.65,-30693.752,9462.321,23018.654,5366.9,26247.006
5172.9316,87516.02,-2555.855,13223.583,23278.293,181816.22,162634.94,53254.53,133482.6,-46595.723,51511.766,6888.1597,-48330.418,21497.865,20752.947,17211.871,10394.947
5172.954,79941.65,-11091.093,7664.9053,18233.84,175442.58,154132.47,46204.434,125315.15,-50581.777,45147.016,665.88086,-53737.64,10985.637,16960.525,7880.286,5404.4062
5172.976,95332.984,4797.7354,23213.695,33738.15,187500.0,170394.08,62580.37,141679.67,-37183.047,61158.758,16133.221,-38156.465,-2389.223,18296.156,-4996.42,19455.25
5172.9985,106390.305,16978.697,32218.162,42197.613,187500.0,182582.66,73277.92,153526.28,-30400.162,71038.79,25777.172,-29376.967,6260.746,22673.633,2398.9683,27399.172
5173.021,90710.76,843.24194,16167.934,26147.496,184841.56,166076.78,56516.97,136892.03,-44160.5,54628.29,9910.071,-45401.223,21205.838,21507.498,16802.566,13052.391
5173.0435,79419.445,-11524.493,6858.052,17364.266,174710.14,153651.06,45515.82,124777.234,-51405.973,44391.863,-54.247684,-54575.965,13631.323,17310.174,10334.799,4649.1187
5173.066,91997.125,1279.928,20059.775,30650.568,187500.0,166819.03,59139.344,138125.55,-39783.805,57853.223,12927.6455,-41282.69,-1274.653,17679.717,-3833.235,16643.645
5173.088,106544.4,17030.934,32707.33,42768.926,187500.0,182669.44,73604.1,153675.81,-29865.174,71433.9,26144.5,-28864.506,3256.2915,22145.46,-345.80386,27836.729
5173.1104,94122.15,4443.594,19401.852,29325.357,187500.0,169730.1,60040.008,140527.86,-41463.25,58019.43,13195.219,-42183.42,20155.709,22175.367,15679.168,15964.801
5173.133,79612.92,-11203.857,6724.88,17154.852,174688.73,153938.22,45563.945,125003.55,-51671.355,44348.164,-86.523605,-54747.0,16085.053,17799.277,12575.673,4507.0957
5173.1553,88714.1,-2155.3115,16885.045,27522.574,184636.3,163320.14,55717.266,134630.8,-42455.086,54543.49,9721.557,-44453.13,468.69376,17195.086,-2110.4517,13791.809
5173.1772,105725.34,16056.0625,32266.15,42425.96,187500.0,181718.53,72924.0,152790.16,-30098.75,70864.38,25575.783,-29278.104,676.118,21457.676,-2663.2104,27450.268
5173.1997,97512.33,7988.5356,22712.123,32601.56,187500.0,173340.75,63588.12,144133.78,-38678.758,61453.02,16518.99,-38894.99,18333.572,22692.14,13846.593,18932.018
5173.222,80578.49,-10077.062,7336.1113,17676.164,175447.66,155050.48,46415.656,126051.19,-51293.855,45083.63,635.16956,-54173.05,18185.447,18409.121,14469.021,5049.3486
5173.2446,85782.18,-5193.182,13967.472,24620.715,181719.38,160215.27,52616.164,131509.83,-44950.86,51524.84,6802.6196,-47377.027,2698.839,16880.842,55.05235,11160.584
5173.267,104111.14,14256.814,31028.805,41282.176,187500.0,179925.05,71397.38,151056.55,-30995.547,69474.9,24213.623,-30480.965,-1226.351,20692.219,-4321.7993,26360.33
5173.289,100639.266,11235.351,25853.146,35727.457,187500.0,176651.17,66900.6,147454.73,-36014.855,64678.125,19638.982,-35768.72,15909.167,23032.178,11476.481,21730.256
5173.3115,82178.83,-8289.011,8580.477,18828.24,176861.36,156837.02,47942.15,127777.84,-50365.23,46480.254,1994.9155,-52955.91,19871.463,19115.057,15950.271,6167.9194
5173.334,83230.26,-7803.352,11356.542,22008.646,179098.23,157534.0,49888.36,128803.4,-47231.9,48842.316,4211.5825,-50005.234,5248.3687,16724.982,2493.181,8781.62
5173.3564,101734.305,11672.126,29021.125,39374.254,187500.0,177328.27,69065.73,148518.61,-32539.982,67303.65,22095.125,-32443.29,-2436.698,19875.04,-5314.999,24587.88
5173.3784,103287.59,13952.384,28616.18,38501.508,187500.0,179431.06,69755.836,150263.88,-33636.582,67484.34,22350.36,-33010.22,12949.818,23145.88,8645.968,24187.271
5173.401,84458.734,-5804.592,10510.774,20662.133,178961.64,159336.17,50185.77,130221.25,-48830.406,48585.07,4041.2847,-51045.617,20992.715,19888.047,16884.463,7917.077
5173.4233,81297.91,-9745.25,9271.303,19894.908,177017.42,155524.75,47763.29,126750.98,-49102.293,46725.965,2173.9978,-52115.22,7982.5903,16747.938,5072.125,6870.189
5173.446,98849.695,8572.252,26453.535,36898.508,187500.0,174199.55,66167.375,145434.67,-34577.434,64563.484,19430.887,-34972.367,-2832.659,19082.535,-5555.124,22313.436
5173.4683,105237.805,15913.302,30763.424,40686.727,187500.0,181448.88,71913.95,152321.11,-31750.564,69630.625,24419.035,-30858.91,9746.792,23036.133,5628.192,26095.059
5173.49,87253.88,-2801.6572,12988.532,23055.668,181579.73,162369.67,52992.59,133206.86,-46808.51,51247.79,6624.2974,-48580.42,21488.12,20681.355,17214.375,10165.194
5173.5127,80029.82,-10974.193,7779.7485,18358.451,175556.33,154238.23,46311.543,125412.42,-50492.19,45245.297,750.5269,-53636.945,10724.681,16929.68,7637.055,5495.177
5173.535,95665.89,5184.8896,23527.715,34050.805,187500.0,170769.3,62922.484,142039.5,-36944.13,61473.45,16429.717,-37863.457,-2490.968,18354.248,-5102.1436,19718.889
5173.5576,106384.05,17017.97,32181.773,42158.5,187500.0,182602.28,73255.7,153527.5,-30458.412,70997.71,25730.703,-29434.031,6518.976,22715.432,2635.338,27352.254
5173.5796,90453.47,607.52045,15928.837,25913.586,184592.44,165820.47,56252.816,136625.25,-44379.86,54364.113,9645.65,-45660.055,21257.45,21447.305,16857.328,12824.738
5173.602,79461.15,-11454.264,6928.84,17437.4,174771.66,153708.22,45573.266,124827.7,-51361.67,44438.98,-18.060211,-54531.285,13407.762,17274.479,10124.85,4698.024
5173.6245,92309.445,1644.4402,20364.34,30944.719,187500.0,167173.58,59464.605,138467.67,-39554.344,58155.46,13212.206,-41005.863,-1400.6274,17729.316,-3963.6794,16900.557
5173.647,106592.81,17127.092,32728.453,42777.17,187500.0,182747.64,73640.805,153738.72,-29879.277,71451.56,26157.107,-28868.955,3505.0664,22201.229,-124.47687,27842.541
5173.6694,93865.1,4208.543,19157.436,29080.135,187500.0,169472.81,59773.44,140263.31,-41688.418,57745.934,12925.679,-42451.484,20264.898,22124.34,15787.507,15734.019
5173.6914,79643.336,-11144.759,6780.156,17210.084,174732.73,153980.55,45606.48,125043.62,-51632.4,44377.133,-63.16603,-54713.85,15856.618,17758.328,12368.07,4549.6978
5173.714,89091.29,-1720.235,17244.236,27870.346,184993.7,163740.81,56105.54,135042.56,-42170.95,54900.87,10064.835,-44116.824,286.41528,17248.104,-2283.6108,14109.562
5173.7363,105915.51,16310.403,32407.102,42550.168,187500.0,181948.6,73099.33,153004.92,-30010.729,71009.24,25716.242,-29159.506,909.3584,21541.584,-2457.3958,27571.057
5173.759,97268.05,7780.598,22458.654,32343.756,187500.0,173103.02,63325.62,143887.31,-38913.293,61178.383,16251.305,-39166.76,18542.45,22667.664,14049.569,18698.71
5173.781,80485.8,-10139.937,7268.251,17611.254,175366.48,154966.23,46332.016,125965.4,-51362.992,44986.086,536.17365,-54261.7,18023.354,18358.54,14319.578,4978.047
5173.803,86030.414,-4894.4067,14215.665,24863.656,181966.95,160497.7,52882.664,131789.5,-44758.832,51761.703,7027.59,-47150.918,2495.7065,16908.424,-140.7266,11373.909
5173.8257,104310.695,14516.05,31193.516,41433.344,187500.0,180162.95,71593.67,151285.17,-30885.799,69638.625,24369.729,-30338.047,-1108.5796,20767.453,-4218.6904,26499.805
5173.848,100465.22,11096.949,25666.396,35532.348,187500.0,176488.06,66711.33,147284.03,-36191.254,64471.996,19435.201,-35973.39,16099.648,23023.729,11661.755,21558.705
5173.8706,82095.234,-8345.113,8514.204,18758.01,176783.12,156761.92,47861.03,127699.08,-50432.6,46384.633,1897.4174,-53040.938,19748.975,19070.912,15839.005,6097.6904
5173.8926,83435.71,-7555.27,11560.457,22202.95,179302.48,157767.83,50103.918,129032.555,-47075.258,49030.074,4390.24,-49821.01,5079.7246,16744.586,2323.4194,8954.579
5173.915,101965.71,11956.529,29219.52,39555.773,187500.0,177594.4,69293.49,148775.14,-32401.29,67492.97,22277.45,-32269.146,-2384.5737,19941.424,-5281.0244,24754.781
5173.9375,103190.72,13891.073,28495.502,38368.246,187500.0,179347.6,69642.734,150170.1,-33754.22,67346.74,22213.434,-33146.676,13151.834,23161.906,8839.065,24080.184
5173.96,84348.49,-5889.5283,10409.565,20557.191,178850.53,159233.7,50077.34,130113.39,-48921.8,48458.965,3912.293,-51158.316,20931.426,19853.334,16836.049,7822.9316
5173.982,81466.62,-9537.289,9440.327,20056.02,177185.28,155721.75,47947.086,126943.01,-48964.293,46883.48,2318.7478,-51957.21,7790.5444,16758.957,4889.1094,7022.6055
5174.0044,99107.88,8884.819,26681.814,37110.918,187500.0,174498.47,66430.01,145723.83,-34407.066,64789.84,19643.832,-34758.1,-2833.2178,19150.596,-5569.161,22514.332
5174.027,105150.43,15865.357,30653.564,40564.934,187500.0,181381.84,71816.23,152243.64,-31865.518,69504.02,24290.156,-30982.156,9992.191,23066.846,5855.755,25992.666
5174.0493,87034.08,-3000.3865,12789.489,22857.186,181367.94,162153.27,52779.758,132988.31,-46986.586,51017.902,6393.4263,-48789.48,21493.08,20636.025,17225.953,9976.68
5174.0713,80091.76,-10883.266,7863.12,18443.768,175632.61,154320.61,46400.348,125494.63,-50420.105,45312.17,807.2556,-53557.777,10529.237,16922.014,7449.658,5565.7856
5174.0938,95897.234,5459.8833,23746.674,34263.055,187500.0,171037.22,63173.918,142301.19,-36772.938,61693.12,16635.576,-37649.19,-2521.8582,18421.057,-5143.159,19908.365
5174.116,106251.43,16910.973,32035.258,42009.12,187500.0,182482.12,73121.08,153400.3,-30592.633,70844.82,25576.633,-29578.244,6820.5454,22755.508,2913.237,27222.39
5174.1387,90092.47,242.78467,15604.402,25600.705,184262.89,165445.12,55901.223,136250.06,-44644.527,54014.29,9299.266,-45975.125,21317.307,21385.346,16929.592,12534.345
5174.161,79429.586,-11484.081,6941.6025,17462.479,174765.45,153676.86,45574.047,124799.836,-51323.293,44444.234,-22.374098,-54498.65,13172.644,17244.863,9906.965,4720.219
5174.183,92562.805,1920.4174,20617.652,31201.74,187500.0,167450.44,59746.73,138741.23,-39330.086,58421.83,13461.539,-40736.168,-1519.6057,17788.459,-4090.0115,17136.434
5174.2056,106549.83,17099.174,32667.543,42719.953,187500.0,182714.53,73602.83,153696.69,-29925.68,71404.35,26102.234,-28910.418,3776.3945,22259.902,115.424416,27802.06
5174.228,93472.01,3801.272,18795.092,28735.604,187454.56,169060.7,59391.965,139848.73,-41971.258,57379.746,12559.848,-42784.906,20406.63,22073.332,15926.735,15425.856
5174.2505,79478.36,-11326.903,6669.2017,17122.084,174592.94,153803.53,45479.297,124869.15,-51687.984,44270.312,-179.9092,-54788.977,15673.065,17708.82,12199.091,4469.4775
5174.2725,89242.586,-1568.6902,17419.676,28056.424,185151.8,163902.9,56298.258,135204.8,-41995.734,55099.44,10243.47,-43907.86,120.386505,17277.361,-2448.6562,14284.329
5174.295,105907.125,16299.205,32397.646,42544.426,187500.0,181943.62,73109.27,152996.89,-30004.246,71022.984,25715.594,-29138.047,1101.1141,21598.469,-2285.6,27581.137
5174.3174,96905.97,7387.386,22127.826,32029.088,187500.0,172713.4,62977.984,143500.17,-39160.66,60855.152,15923.986,-39457.0,18704.098,22627.297,14210.367,18428.656
5174.34,80311.01,-10348.434,7147.239,17512.055,175205.9,154767.16,46192.832,125774.01,-51419.7,44877.05,418.37997,-54336.2,17859.135,18306.26,14173.331,4898.4077
5174.3623,86179.59,-4759.067,14387.952,25050.07,182117.16,160648.7,53071.96,131943.86,-44575.24,51968.277,7216.417,-46933.145,2311.4834,16925.254,-326.0002,11559.786
5174.3843,104364.9,14561.781,31241.057,41488.75,187500.0,180220.25,71668.57,151340.38,-30824.98,69726.13,24444.785,-30248.998,-942.1932,20826.082,-4084.4907,26571.732
5174.4067,100092.01,10685.945,25317.24,35202.86,187500.0,176083.77,66350.234,146884.28,-36453.24,64142.332,19107.436,-36276.594,16348.424,22996.213,11901.321,21281.834
5174.429,81810.2,-8680.434,8290.016,18564.11,176509.88,156439.22,47610.805,127389.82,-50571.426,46172.516,1683.4888,-53216.71,19635.584,19002.56,15749.396,5933.74
5174.4517,83530.77,-7494.518,11694.165,22359.256,179400.44,157850.53,50243.035,129128.125,-46907.953,49198.113,4544.423,-49636.43,4841.88,16745.883,2104.372,9121.145
5174.4736,102094.97,12064.042,29348.871,39696.008,187500.0,177723.03,69449.016,148910.9,-32265.213,67664.81,22437.084,-32097.016,-2302.5205,20009.193,-5217.4785,24908.762
5174.496,102883.16,13536.127,28207.365,38096.652,187500.0,179007.05,69345.21,149842.5,-33972.24,67081.23,21950.219,-33393.953,13423.251,23151.625,9094.456,23858.432
5174.5186,84041.875,-6260.813,10163.809,20334.992,178551.42,158878.45,49796.18,129782.75,-49095.027,48217.094,3672.1013,-51369.94,20861.086,19778.523,16779.744,7630.908
5174.541,81517.58,-9536.596,9538.697,20170.64,177237.95,155747.1,48035.867,126994.46,-48844.508,47000.2,2426.4385,-51827.082,7566.379,16742.508,4677.9297,7140.2427
5174.5635,99266.734,9009.811,26849.922,37282.02,187500.0,174648.94,66614.766,145896.17,-34251.32,64989.105,19833.129,-34566.28,-2809.525,19207.168,-5551.302,22687.85
5174.5854,104930.89,15591.706,30449.516,40366.113,187500.0,181128.72,71603.51,152016.03,-32019.924,69321.055,24109.24,-31161.62,10256.747,23073.17,6107.6816,25840.965
5174.608,86747.26,-3360.4507,12554.171,22634.674,181081.5,161815.61,52508.875,132684.56,-47156.305,50785.332,6164.522,-49002.758,21456.535,20568.412,17209.568,9796.1
5174.6304,80128.664,-10906.624,7940.815,18528.346,175663.6,154325.98,46464.652,125535.12,-50323.324,45403.523,891.2758,-53459.316,10314.057,16902.299,7255.555,5670.9062
5174.653,96094.6,5617.441,23948.375,34461.16,187500.0,171225.5,63392.52,142519.44,-36592.625,61920.19,16851.986,-37434.727,-2569.0427,18464.062,-5207.219,20120.527
5174.675,106182.19,16795.078,31965.006,41933.44,187500.0,182391.45,73055.92,153338.84,-30648.715,70791.94,25522.363,-29640.248,7022.6724,22776.025,3094.1074,27191.322
5174.6973,89859.54,-52.90658,15401.046,25399.316,184018.31,165172.05,55675.09,136013.89,-44804.543,53812.004,9098.792,-46171.152,21355.44,21334.383,16974.697,12381.704
5174.7197,79433.32,-11534.931,6979.2427,17500.566,174759.58,153654.31,45598.188,124818.2,-51279.016,44481.984,9.030106,-54461.168,13004.76,17215.783,9751.262,4779.161
5174.742,92781.36,2106.853,20840.209,31414.014,187500.0,167666.22,59983.168,138994.84,-39147.94,58653.844,13682.486,-40524.92,-1609.0127,17825.943,-4177.1387,17353.582
5174.7646,106522.25,17034.465,32632.16,42670.89,187500.0,182673.1,73570.39,153692.08,-29966.875,71373.62,26070.717,-28960.037,3991.9993,22296.225,324.525,27791.13
5174.7866,93192.67,3462.129,18544.818,28477.598,187173.06,168742.19,59107.316,139572.73,-42182.01,57115.504,12300.389,-43048.188,20478.938,22019.354,16005.727,15224.4
5174.809,79488.22,-11367.718,6717.437,17159.277,174595.83,153788.02,45502.97,124900.08,-51645.184,44302.566,-151.52249,-54761.64,15462.223,17670.24,11989.163,4530.677
5174.8315,89536.76,-1297.5859,17714.006,28331.037,185417.42,164201.61,56606.977,135545.3,-41759.97,55399.156,10532.612,-43638.164,-13.746323,17320.947,-2586.298,14566.163
5174.854,105973.58,16344.892,32443.31,42568.723,187500.0,182010.67,73169.58,153099.81,-29991.44,71072.81,25767.002,-29120.1,1344.5022,21659.043,-2069.9055,27638.826
5174.876,96571.68,7002.9805,21815.014,31707.38,187500.0,172345.55,62633.41,143175.5,-39440.125,60520.1,15601.608,-39797.305,18880.7,22579.732,14386.388,18163.879
5174.8984,80192.12,-10518.799,7075.4,17436.104,175085.08,154618.73,46086.527,125675.664,-51485.59,44779.4,323.1839,-54438.39,17645.385,18244.703,13985.264,4845.434
5174.921,86448.234,-4514.2705,14670.077,25316.883,182364.14,160919.12,53361.28,132262.23,-44351.363,52243.918,7483.275,-46687.297,2077.2593,16954.781,-541.9851,11823.47
5174.9434,104545.8,14730.873,31398.412,41622.24,187500.0,180407.52,71847.79,151569.94,-30721.447,69881.66,24601.248,-30133.775,-772.4316,20905.99,-3930.0178,26722.361
5174.966,99812.7,10366.2705,25041.555,34911.39,187500.0,175773.66,66052.664,146622.64,-36698.484,63845.03,18824.932,-36588.043,16610.676,22973.146,12160.892,21050.674
5174.988,81680.055,-8856.433,8195.49,18459.145,176366.22,156276.66,47484.516,127283.875,-50651.312,46051.188,1569.4949,-53347.38,19475.568,18939.73,15614.349,5859.4204
5175.0103,83818.53,-7222.251,11988.448,22632.908,179665.94,158142.27,50548.63,129473.1,-46669.395,49485.938,4825.496,-49385.6,4592.1885,16766.916,1868.6283,9391.623
5175.0327,102345.83,12320.036,29567.918,39885.438,187500.0,177991.17,69699.11,149224.75,-32113.914,67887.86,22659.037,-31930.115,-2147.7122,20100.121,-5078.853,25103.535
5175.055,102610.07,13239.899,27930.719,37800.938,187500.0,178714.83,69055.24,149599.4,-34226.914,66787.414,21671.717,-33718.79,13748.849,23147.668,9418.579,23611.535
5175.077,83801.34,-6540.5005,9964.2295,20130.004,178298.06,158607.33,49561.777,129570.47,-49267.07,47988.773,3455.781,-51613.555,20760.816,19703.87,16710.924,7448.719
5175.0996,81702.23,-9368.221,9743.439,20363.469,177406.25,155930.25,48242.62,127238.45,-48669.25,47199.867,2623.9163,-51665.86,7303.41,16747.111,4440.4873,7330.0317
5175.122,99554.18,9304.272,27112.51,37520.78,187500.0,174954.48,66909.37,146256.2,-34051.07,65260.453,20102.803,-34357.625,-2791.04,19289.266,-5539.031,22924.912
5175.1445,104795.125,15447.27,30295.512,40192.598,187500.0,180987.84,71453.52,151929.2,-32170.955,69159.85,23961.92,-31371.725,10536.479,23097.914,6386.8545,25704.908
5175.167,86506.914,-3624.8047,12340.6,22414.107,180813.92,161554.75,52271.12,132487.69,-47344.707,50548.426,5943.329,-49275.918,21437.47,20511.146,17217.771,9597.571
5175.189,80206.96,-10838.786,8045.153,18622.826,175711.33,154403.02,46564.34,125682.83,-50240.285,45494.05,986.40485,-53422.77,10113.003,16892.309,7082.709,5755.8203
5175.2114,96328.555,5859.689,24173.502,34666.84,187500.0,171474.34,63638.613,142837.55,-36423.555,62144.516,17079.93,-37287.92,-2599.9775,18527.988,-5220.049,20309.98
5175.234,106092.76,16702.922,31864.715,41815.47,187500.0,182298.6,72958.805,153316.4,-30753.969,70679.82,25427.613,-29824.627,7272.8555,22811.297,3339.6636,27091.053
5175.2563,89619.91,-313.41617,15188.973,25179.889,183743.11,164909.97,55438.207,135832.62,-44997.82,53566.492,8875.968,-46474.71,21366.816,21282.236,16998.592,12170.995
5175.2783,79480.375,-11497.179,7051.908,17565.99,174761.66,153696.06,45666.203,124946.55,-51223.473,44535.094,75.90653,-54481.617,12805.181,17197.566,9575.913,4828.558
5175.301,93018.15,2356.4104,21067.861,31626.11,187500.0,167918.97,60237.91,139331.33,-38971.812,58880.445,13919.191,-40402.324,-1695.4469,17875.094,-4249.983,17542.766
5175.323,106543.664,17066.361,32630.82,42652.76,187500.0,182698.83,73591.74,153799.11,-29992.758,71363.29,26080.508,-29082.883,4169.226,22336.748,494.01825,27770.299
5175.3457,92984.914,3247.6863,18345.889,28273.816,186918.23,168517.95,58903.02,139437.64,-42368.67,56886.82,12099.134,-43379.17,20568.145,21983.121,16115.854,15017.423
5175.368,79421.875,-11438.818,6675.483,17119.67,174480.0,153711.28,45457.19,124919.86,-51689.773,44234.977,-198.95288,-54940.05,15339.937,17638.701,11907.624,4465.03
5175.39,89677.57,-1147.5164,17857.994,28472.523,185497.53,164347.78,56769.25,135786.48,-41653.82,55525.938,10673.606,-43646.344,-137.6197,17338.158,-2693.05,14665.093
5175.4126,106034.42,16417.31,32483.59,42602.113,187500.0,182073.36,73232.73,153252.61,-29973.893,71099.48,25812.98,-29248.084,1442.0005,21693.555,-1974.4861,27648.684
5175.435,96407.66,6836.9517,21649.164,31539.385,187500.0,172166.06,62468.68,143089.95,-39588.742,60328.66,15437.948,-40143.355,18997.219,22557.47,14508.204,17988.64
5175.4575,80122.96,-10588.335,7023.902,17386.236,174966.88,154538.73,46033.44,125695.836,-51532.754,44700.496,269.31616,-54680.594,17577.479,18212.068,13926.992,4768.7896
5175.4795,86579.29,-4370.526,14803.137,25447.53,182446.53,161054.75,53511.82,132497.33,-44250.8,52355.92,7616.3125,-46766.242,1958.5493,16961.934,-652.02277,11906.529
5175.502,104613.97,14814.245,31447.184,41665.04,187500.0,180478.95,71919.07,151733.44,-30706.18,69906.734,24652.389,-30326.781,-696.12274,20938.758,-3848.9482,26719.768
5175.5244,99588.266,10139.512,24821.188,34693.348,187500.0,175531.89,65827.695,146472.58,-36908.14,63580.633,18596.162,-37069.97,16732.873,22942.523,12292.342,20802.232
5175.547,81500.7,-9042.667,8050.674,18324.363,176161.67,156079.38,47323.785,127183.17,-50793.38,45850.67,1403.3097,-53764.707,19372.393,18877.86,15520.918,5673.6777
5175.5693,83901.55,-7133.0454,12092.228,22742.12,179721.8,158224.5,50658.062,129650.336,-46599.277,49544.746,4911.5503,-49565.285,4389.1226,16750.754,1662.3217,9432.303
5175.5913,102510.47,12501.376,29717.25,40029.92,187500.0,178163.62,69874.37,149482.62,-32018.672,67994.586,22794.78,-32090.332,-2167.65,20133.0,-5120.718,25178.75
5175.614,102472.2,13104.068,27783.018,37650.49,187500.0,178565.95,68912.28,149531.98,-34380.625,66581.42,21506.225,-34188.355,13919.259,23136.537,9571.532,23423.422
5175.636,83629.88,-6716.2075,9818.831,19989.01,178111.1,158421.86,49403.168,129468.98,-49417.586,47770.797,3278.9563,-52083.41,20684.686,19640.479,16644.271,7256.002
5175.6587,81802.72,-9257.959,9861.345,20485.465,177495.94,156037.5,48369.156,127426.22,-48598.15,47255.367,2711.982,-51872.746,7085.9053,16724.223,4239.12,7373.908
5175.6807,99778.26,9552.957,27316.111,37722.17,187500.0,175198.17,67144.75,146568.4,-33922.01,65409.99,20285.305,-34494.195,-2823.07,19325.834,-5575.822,23037.898
5175.703,104668.77,15328.47,30150.45,40046.258,187500.0,180856.92,71315.59,151860.19,-32334.793,68942.93,23791.668,-31865.697,10764.3545,23092.035,6594.8374,25507.61
5175.7256,86278.586,-3861.1748,12137.154,22217.256,180585.61,161308.44,52045.66,132305.38,-47555.707,50252.043,5694.286,-49823.87,21390.799,20425.07,17171.258,9343.857
5175.748,80316.87,-10721.306,8172.848,18754.926,175830.73,154516.73,46693.8,125856.625,-50168.336,45541.95,1070.805,-53631.156,9858.438,16852.723,6830.1343,5805.5527
5175.77,96644.99,6208.3984,24462.375,34949.543,187500.0,171817.42,63964.746,143226.39,-36233.367,62369.44,17336.617,-37344.137,-2689.295,18569.025,-5324.3423,20497.668
5175.7925,106074.01,16706.945,31807.158,41751.81,187500.0,182288.55,72923.914,153342.16,-30857.076,70550.9,25342.633,-30229.037,7513.4277,22831.906,3557.2131,26973.438
5175.815,89365.05,-566.3486,14940.22,24938.982,183494.23,164642.66,55177.99,135602.88,-45250.504,53226.457,8586.154,-47059.164,21398.332,21205.078,17041.037,11884.893
5175.8374,79503.555,-11465.306,7089.7275,17615.143,174807.08,153721.77,45706.547,125007.8,-51225.93,44489.652,70.497406,-54764.66,12570.196,17145.598,9360.576,4804.9326
5175.86,93305.1,2672.4866,21332.305,31891.648,187500.0,168232.03,60536.977,139667.77,-38801.74,59071.46,14146.062,-40460.64,-1832.1503,17903.057,-4396.119,17714.72
5175.882,106592.55,17141.084,32638.576,42657.906,187500.0,182765.53,73627.86,153878.89,-30043.473,71292.664,26055.943,-29395.475,4383.5796,22369.94,679.1801,27715.537
5175.9043,92743.16,3006.9355,18102.299,28036.732,186692.06,168269.1,58649.863,139203.44,-42619.324,56546.965,11812.473,-43925.406,20651.45,21918.523,16195.247,14744.664
5175.927,79433.836,-11421.228,6701.746,17151.455,174518.27,153729.52,45481.02,124953.03,-51704.414,44169.777,-219.87411,-55200.094,15127.505,17583.068,11704.604,4437.8945
5175.949,89974.65,-820.4432,18134.463,28742.512,185790.58,164678.47,57079.562,136124.17,-41467.652,55733.27,10917.33,-43646.836,-297.4794,17361.516,-2857.6707,14861.452
5175.971,106112.65,16525.293,32520.895,42627.438,187500.0,182178.3,73301.01,153357.25,-30004.066,71063.76,25822.547,-29484.613,1661.8746,21737.543,-1781.4117,27622.086
5175.9937,96072.0,6496.892,21320.19,31210.39,187500.0,171822.31,62122.05,142749.78,-39916.24,59900.668,15064.719,-40729.26,19172.299,22491.8,14684.092,17632.465
5176.016,79981.99,-10741.377,6921.665,17290.93,174869.12,154392.5,45908.406,125558.65,-51652.83,44497.43,110.1494,-55018.797,17390.953,18133.613,13758.17,4620.8438
5176.0386,86784.516,-4157.223,15019.412,25661.725,182678.0,161283.33,53740.57,132729.11,-44099.926,52498.594,7788.0635,-46762.6,1740.8209,16966.27,-869.4382,12058.9
5176.061,104756.57,14972.116,31566.273,41772.13,187500.0,180647.88,72062.73,151898.02,-30649.652,69963.04,24739.158,-30404.387,-563.10754,20989.072,-3751.4946,26791.36
5176.083,99340.07,9880.321,24574.94,34441.043,187500.0,175279.9,65568.95,146219.4,-37147.773,63259.19,18315.268,-37487.05,16945.236,22907.723,12479.337,20556.633
5176.1055,81359.84,-9203.6,7943.6533,18216.404,176059.39,155931.95,47192.848,127039.79,-50907.64,45665.195,1251.206,-54022.848,19248.61,18809.979,15403.348,5550.743
5176.128,84103.45,-6931.79,12304.39,22947.264,179956.2,158444.83,50879.836,129872.305,-46448.113,49699.664,5087.056,-49487.367,4184.8945,16754.086,1474.0082,9601.527
5176.1504,102692.43,12693.98,29871.812,40171.406,187500.0,178369.25,70056.266,149682.67,-31929.064,68106.34,22929.135,-32056.223,-2050.9736,20193.707,-5014.9717,25299.516
5176.1724,102202.21,12818.637,27507.041,37369.883,187500.0,178285.81,68626.76,149249.23,-34637.87,66251.51,21211.092,-34562.523,14190.8545,23116.152,9827.079,23169.842
5176.195,83389.29,-6987.0215,9614.156,19789.03,177906.75,158161.14,49167.715,129213.41,-49597.83,47505.19,3042.3184,-52371.613,20587.365,19561.107,16563.066,7065.3643
5176.2173,81943.02,-9129.549,10022.3,20643.291,177672.16,156184.19,48530.332,127576.19,-48465.715,47375.887,2847.4111,-51785.17,6836.572,16710.545,3998.0566,7520.245
5176.2397,100018.38,9799.296,27530.309,37923.293,187500.0,175458.83,67389.75,146823.84,-33763.9,65601.48,20490.383,-34348.24,-2791.733,19386.295,-5570.2563,23233.879
5176.262,104476.1,15122.812,29938.8,39829.312,187500.0,180655.77,71108.305,151654.6,-32523.598,68704.08,23579.348,-32126.252,11064.74,23098.428,6861.4717,25334.988
5176.284,85979.19,-4193.0977,11867.793,21955.36,180323.2,160983.12,51750.637,131984.14,-47770.04,49948.016,5415.7607,-50125.754,21377.389,20352.762,17164.016,9116.518
5176.3066,80354.77,-10704.542,8237.981,18826.295,175908.42,154549.2,46755.85,125893.55,-50090.305,45591.547,1131.736,-53587.703,9626.919,16826.146,6613.725,5883.3145
5176.329,96880.04,6441.348,24680.863,35163.633,187500.0,172065.36,64212.023,143470.9,-36044.45,62588.418,17563.441,-37146.457,-2745.0403,18618.424,-5391.5986,20711.977
5176.3516,105963.07,16581.016,31671.684,41613.676,187500.0,182168.25,72799.46,153215.67,-30963.605,70409.55,25221.664,-30374.213,7770.115,22853.564,3790.6104,26877.57
5176.3735,89062.79,-904.441,14659.348,24665.598,183233.44,164310.56,54872.37,135269.34,-45466.223,52924.418,8304.724,-47340.305,21413.822,21133.799,17062.674,11649.797
5176.396,79518.21,-11475.297,7132.0615,17661.143,174867.52,153726.34,45739.516,125009.266,-51161.914,44524.52,111.4458,-54716.65,12346.277,17107.197,9140.612,4860.074
5176.4185,93565.99,2931.789,21579.045,32131.773,187500.0,168504.58,60808.684,139928.84,-38580.277,59334.92,14407.331,-40205.785,-1923.5242,17948.252,-4498.1997,17953.191
5176.441,106536.69,17075.234,32554.041,42566.867,187500.0,182703.81,73556.29,153799.33,-30102.816,71225.18,25998.098,-29461.21,4658.4614,22408.541,931.15137,27661.805
5176.4634,92383.36,2610.751,17762.62,27703.87,186384.1,167875.61,58281.348,138795.78,-42881.51,56198.613,11479.275,-44242.465,20753.373,21850.15,16307.698,14448.816
5176.4854,79351.56,-11535.758,6655.12,17116.318,174496.61,153626.64,45413.582,124834.414,-51706.47,44122.883,-266.00812,-55219.18,14918.65,17530.07,11514.792,4403.2715
5176.508,90214.22,-589.9967,18371.213,28981.049,186064.27,164922.78,57331.914,136341.92,-41240.29,55991.812,11165.703,-43380.133,-468.69376,17394.53,-3026.1357,15082.511
5176.5303,106186.68,16594.494,32564.39,42665.48,187500.0,182251.84,73361.38,153394.31,-29948.791,71129.984,25885.734,-29408.26,1849.7411,21793.555,-1614.8689,27674.521
5176.5527,95825.24,6227.174,21074.12,30966.13,187500.0,171549.22,61856.938,142440.3,-40090.45,59660.742,14829.869,-40930.85,19308.98,22455.168,14820.325,17429.6
5176.5747,79952.95,-10786.841,6912.098,17286.504,174896.28,154348.5,45883.598,125474.23,-51622.742,44494.457,103.22036,-54982.41,17206.908,18089.426,13590.04,4622.6543
5176.597,87095.945,-3834.5315,15314.254,25951.963,183024.73,161609.62,54058.566,133002.58,-43826.812,52818.535,8094.997,-46425.18,1546.2937,16998.703,-1058.2881,12327.457
5176.6196,104952.91,15189.889,31712.252,41905.188,187500.0,180860.72,72239.86,152045.73,-30522.225,70136.086,24907.309,-30216.924,-393.79306,21065.023,-3602.4084,26918.139
5176.642,99088.95,9626.562,24307.299,34170.477,187500.0,175013.9,65290.117,145887.25,-37357.57,62995.8,18058.959,-37705.54,17175.393,22886.086,12710.521,20313.11
5176.6646,81239.39,-9328.277,7844.0093,18122.662,175995.42,155799.83,47072.04,126841.55,-50962.45,45564.39,1149.9526,-54071.977,19083.898,18749.383,15265.661,5453.267
5176.6865,84396.125,-6615.1553,12589.218,23230.371,180291.7,158759.95,51182.566,130109.94,-46180.516,50008.566,5381.6074,-49150.324,3914.2822,16774.18,1219.0642,9853.454
5176.709,102992.234,13037.013,30118.129,40407.574,187500.0,178703.64,70343.78,149925.78,-31720.209,68384.96,23198.049,-31762.924,-1944.7583,20284.455,-4933.522,25507.207
5176.7314,101975.91,12609.692,27251.94,37115.12,187500.0,178058.31,68370.74,148930.27,-34845.61,66002.94,20969.826,-34767.066,14516.766,23114.879,10134.147,22930.365
5176.754,83160.85,-7209.823,9409.772,19598.346,177738.27,157922.33,48937.938,128887.0,-49749.73,47290.84,2832.1003,-52525.773,20507.637,19485.738,16489.643,6866.2324
5176.776,82111.35,-8934.909,10202.119,20832.877,177902.92,156369.69,48716.836,127667.96,-48288.91,47568.113,3030.2708,-51551.26,6593.541,16709.225,3759.6755,7671.3203
5176.7983,100285.375,10110.521,27766.947,38155.703,187500.0,175756.64,67658.04,147016.97,-33560.227,65862.97,20743.693,-34060.973,-2743.6096,19467.588,-5539.5,23426.328
5176.821,104285.555,14953.184,29728.805,39617.598,187500.0,180464.97,70895.94,151358.73,-32690.387,68500.74,23382.361,-32280.814,11370.422,23112.309,7159.0625,25132.28
5176.8433,85729.54,-4437.85,11646.287,21741.855,180134.33,160718.86,51497.527,131620.2,-47934.68,49713.387,5187.0356,-50294.445,21311.785,20280.186,17119.805,8902.768
5176.8657,80513.16,-10520.632,8414.426,19004.818,176131.5,154722.25,46930.44,125961.5,-49914.598,45773.56,1305.5878,-53358.598,9350.696,16819.508,6351.0474,6033.7197
5176.8877,97205.7,6817.26,24979.729,35451.39,187500.0,172428.84,64542.918,143718.12,-35793.395,62908.383,17872.97,-36801.746,-2770.8342,18701.572,-5424.59,20957.734
5176.91,105830.414,16479.584,31515.49,41448.7,187500.0,182045.98,72648.18,152976.17,-31100.465,70260.9,25076.535,-30482.686,8090.8623,22893.172,4096.963,26714.201
5176.9326,88723.914,-1238.7114,14354.648,24365.66,182962.62,163955.7,54531.44,134805.9,-45718.527,52600.094,7988.156,-47601.082,21443.014,21063.57,17100.516,11351.624
5176.955,79552.414,-11424.268,7205.5767,17738.637,174973.55,153764.64,45795.465,124939.51,-51083.1,44589.34,173.53896,-54598.742,12108.008,17081.248,8912.289,4911.461
5176.977,93852.27,3259.1304,21860.857,32406.117,187500.0,168820.97,61111.707,140129.25,-38339.48,59629.61,14694.843,-39879.605,-2008.3937,18011.797,-4598.1787,18191.953
5176.9995,106513.086,17083.684,32512.2,42516.13,187500.0,182694.77,73523.97,153672.9,-30140.592,71190.914,25968.727,-29457.389,4927.621,22457.982,1161.4861,27615.424
5177.022,92105.016,2340.6973,17509.418,27451.34,186165.6,167587.02,57999.043,138398.0,-43085.85,55933.363,11227.125,-44448.3,20845.662,21799.97,16389.305,14219.264
5177.0444,79342.62,-11531.869,6683.239,17144.19,174546.86,153618.56,45421.094,124720.04,-51664.965,44145.883,-238.33667,-55143.855,14733.533,17499.918,11329.25,4432.5303
5177.067,90478.15,-292.62906,18639.256,29237.49,186355.75,165212.5,57613.074,136519.67,-41012.906,56269.625,11442.574,-43071.812,-580.6313,17443.883,-3154.5913,15324.446
5177.089,106219.49,16654.844,32581.154,42668.88,187500.0,182299.94,73389.3,153328.25,-29943.56,71154.39,25922.102,-29349.43,2100.7063,21854.844,-1406.2377,27694.572
5177.1113,95517.32,5917.7363,20787.66,30679.537,187500.0,171226.12,61542.805,142010.66,-40329.3,59357.945,14548.55,-41174.195,19481.826,22412.453,14972.16,17183.44
5177.134,79855.97,-10885.792,6858.1187,17235.787,174859.4,154242.27,45802.594,125265.79,-51650.613,44429.28,49.08443,-54990.88,17047.809,18041.682,13428.526,4593.6416
5177.1562,87332.2,-3578.4473,15562.157,26193.361,183297.78,161863.08,54315.098,133150.33,-43604.723,53078.49,8356.065,-46131.164,1374.3641,17030.33,-1245.4617,12576.925
5177.178,105085.34,15347.58,31823.81,42005.434,187500.0,181010.06,72371.87,152085.39,-30427.453,70266.64,25046.785,-30059.947,-212.20746,21134.76,-3467.8062,27049.746
5177.2007,98849.56,9389.611,24074.193,33935.74,187500.0,174762.77,65042.547,145532.02,-37544.72,62763.832,17848.496,-37891.797,17389.656,22868.049,12895.325,20141.807
5177.223,81108.43,-9460.578,7749.037,18031.332,175923.86,155657.8,46954.402,126597.555,-51025.1,45466.02,1065.6417,-54123.766,18988.01,18705.93,15164.743,5404.451
5177.2456,84532.38,-6466.7847,12743.065,23380.953,180486.2,158905.4,51341.062,130148.914,-46038.113,50174.215,5551.503,-48957.14,3775.791,16789.826,1066.2452,10030.614
5177.268,103088.1,13149.509,30206.508,40484.758,187500.0,178809.84,70446.4,149920.23,-31641.285,68494.91,23316.424,-31631.607,-1829.0657,20337.875,-4848.943,25630.836
5177.29,101800.84,12434.142,27085.912,36941.266,187500.0,177872.39,68192.78,148633.72,-34973.574,65845.47,20830.016,-34887.855,14682.661,23111.594,10281.289,22832.51
5177.3125,83058.44,-7319.0786,9337.42,19519.87,177697.06,157804.17,48842.273,128659.76,-49792.18,47220.184,2775.1704,-52558.027,20429.07,19453.418,16408.125,6849.7817
5177.335,82257.375,-8782.09,10359.766,20976.957,178102.47,156516.5,48873.5,127700.016,-48140.832,47738.055,3205.151,-51358.477,6454.6924,16722.28,3614.9253,7861.958
5177.3574,100455.13,10300.109,27922.447,38292.88,187500.0,175937.42,67829.45,147075.7,-33431.39,66036.87,20925.615,-33874.715,-2687.3728,19521.635,-5510.7783,23610.238
5177.3794,104168.66,14843.325,29607.346,39484.203,187500.0,180341.8,70771.46,151112.52,-32791.55,68389.03,23290.25,-32368.857,11578.294,23125.385,7327.461,25069.852
5177.402,85552.29,-4620.7544,11494.653,21587.137,180021.23,160524.66,51324.973,131302.67,-48055.223,49559.875,5052.8354,-50414.76,21315.385,20241.518,17109.791,8805.091
5177.4243,80557.95,-10471.7705,8482.599,19068.744,176244.98,154763.69,46993.047,125875.32,-49846.895,45847.363,1389.4739,-53262.105,9218.308,16810.791,6210.276,6134.459
5177.447,97369.19,7000.1416,25141.443,35603.45,187500.0,172603.4,64718.312,143757.23,-35660.51,63083.934,18058.31,-36618.777,-2764.2405,18745.404,-5452.217,21141.578
5177.4688,105774.6,16435.887,31454.492,41380.434,187500.0,181988.78,72587.38,152780.05,-31151.785,70207.99,25044.617,-30521.465,8302.287,22914.025,4263.64,26705.395
5177.491,88558.98,-1404.2484,14209.183,24218.875,182856.02,163775.28,54364.047,134487.55,-45828.656,52454.07,7865.646,-47719.5,21485.146,21029.484,17130.287,11263.514
5177.5137,79577.76,-11392.305,7253.3647,17783.676,175066.75,153785.69,45831.113,124820.734,-51031.695,44639.254,236.72734,-54530.188,11968.287,17066.139,8771.271,4987.256
5177.536,94039.58,3469.9072,22049.795,32582.451,187500.0,169021.02,61308.223,140184.47,-38191.535,59822.75,14897.483,-39684.81,-2076.5217,18048.432,-4679.159,18379.752
5177.5586,106468.805,17056.236,32464.389,42454.773,187500.0,182650.9,73473.01,153482.64,-30197.387,71139.87,25937.88,-29501.041,5129.9043,22491.756,1337.1261,27588.848
5177.5806,91836.86,2065.9941,17270.992,27209.518,185963.03,167294.16,57727.246,137963.1,-43292.984,55672.965,10990.644,-44681.766,20917.412,21753.703,16455.89,14013.829
5177.603,79300.17,-11577.02,6681.3613,17139.562,174581.44,153560.8,45393.58,124522.0,-51666.996,44122.168,-248.81963,-55145.4,14545.8,17461.719,11151.42,4432.977
5177.6255,90693.305,-58.583927,18865.074,29451.041,186616.25,165436.22,57843.477,136598.33,-40835.12,56488.65,11667.053,-42851.984,-733.27136,17472.113,-3311.2769,15525.098
5177.648,106278.66,16736.316,32631.043,42701.42,187500.0,182363.22,73443.73,153243.7,-29928.92,71194.67,25974.338,-29314.182,2249.681,21899.928,-1281.895,27730.447
5177.67,95294.07,5697.6836,20584.506,30467.844,187500.0,170982.52,61313.008,141625.22,-40521.504,59127.297,14337.75,-41393.176,19567.523,22374.969,15057.723,16984.354
5177.6924,79810.125,-10926.405,6848.284,17219.918,174869.86,154182.27,45769.176,125067.25,-51675.83,44389.695,22.865835,-55020.363,16876.998,18003.705,13273.562,4559.667
5177.715,87530.28,-3356.3604,15772.263,26390.615,183532.66,162069.89,54531.195,133215.55,-43460.086,53266.758,8551.241,-45951.188,1229.1896,17054.895,-1386.5234,12731.531
5177.7373,105146.03,15435.423,31878.729,42045.266,187500.0,181076.6,72435.91,152009.9,-30424.682,70299.21,25093.656,-30041.172,-69.066895,21180.828,-3343.307,27060.05
5177.76,98587.96,9131.292,23835.275,33690.85,187500.0,174478.77,64779.42,145114.2,-37774.383,62487.08,17593.395,-38162.12,17532.574,22831.66,13033.168,19891.668
5177.7817,80998.88,-9569.944,7683.189,17964.947,175851.44,155525.55,46860.39,126341.13,-51096.516,45359.156,973.9773,-54219.12,18829.67,18650.924,15018.272,5309.5005
5177.804,84732.96,-6244.206,12962.381,23591.262,180705.42,159107.86,51563.04,130229.94,-45874.656,50365.3,5749.4727,-48770.48,3583.7446,16803.951,879.5188,10191.413
5177.8267,103253.87,13347.591,30359.906,40622.645,187500.0,178983.75,70617.15,149973.84,-31555.678,68620.73,23453.664,-31522.42,-1732.6403,20397.443,-4771.07,25720.22
5177.849,101566.17,12208.411,26861.857,36709.68,187500.0,177617.12,67954.195,148269.7,-35197.652,65578.48,20585.064,-35153.19,14906.446,23094.092,10493.295,22585.277
5177.871,82842.48,-7536.2935,9172.509,19355.293,177498.3,157562.55,48646.562,128322.6,-49954.7,47003.13,2576.3962,-52762.098,20342.078,19385.29,16331.905,6653.69
5177.8936,82385.14,-8640.827,10524.387,21137.062,178242.94,156643.02,49035.883,127737.94,-48023.17,47865.234,3340.826,-51233.15,6223.374,16712.936,3387.541,7967.7485
5177.916,100672.87,10544.973,28138.143,38493.574,187500.0,176167.03,68066.67,147219.06,-33290.242,66223.32,21122.086,-33708.105,-2659.7908,19583.885,-5502.754,23756.195
5177.9385,104001.51,14683.019,29447.51,39310.953,187500.0,180158.6,70603.02,150854.23,-32962.32,68183.95,23106.967,-32578.227,11818.709,23129.049,7555.315,24883.773
5177.961,85347.21,-4835.0625,11336.202,21422.941,179808.58,160290.36,51132.164,131011.266,-48215.375,49341.074,4855.3135,-50623.484,21254.12,20177.658,17059.656,8620.219
5177.983,80693.0,-10332.407,8655.087,19228.291,176367.88,154891.7,47153.957,125956.55,-49724.99,45974.434,1527.9207,-53140.74,8994.589,16799.928,5992.9277,6251.336
5178.0054,97639.555,7291.586,25409.664,35847.13,187500.0,172884.22,65002.65,143993.98,-35476.848,63320.613,18306.035,-36409.184,-2774.9468,18806.469,-5475.239,21334.697
5178.028,105657.19,16322.049,31338.33,41242.258,187500.0,181858.69,72465.164,152614.06,-31291.414,70048.734,24910.238,-30696.703,8589.283,22935.26,4527.726,26555.146
5178.0503,88272.66,-1710.1768,13970.712,23971.531,182552.8,163456.48,54087.715,134149.58,-46057.715,52153.01,7593.7373,-48017.227,21510.291,20956.371,17159.77,11003.697
5178.0723,79628.56,-11352.385,7351.02,17873.193,175094.4,153822.44,45911.023,124850.37,-50963.387,44690.438,307.2918,-54484.992,11721.345,17029.324,8543.061,5041.3022
5178.0947,94380.13,3824.2273,22386.123,32900.562,187500.0,169374.16,61669.34,140531.08,-37931.316,60137.527,15226.144,-39400.676,-2207.0562,18103.64,-4813.6274,18650.32
5178.117,106512.81,17109.566,32482.828,42453.52,187500.0,182694.81,73509.44,153521.23,-30209.457,71135.33,25957.773,-29536.201,5385.474,22544.998,1566.5444,27577.873
5178.1396,91601.09,1818.4933,17053.777,26983.607,185682.98,167034.8,57490.297,137711.52,-43494.13,55412.637,10762.433,-44951.527,21001.678,21702.07,16547.555,13792.613
5178.162,79337.055,-11542.6875,6751.6353,17201.791,174574.53,153590.42,45454.668,124568.83,-51618.54,44156.23,-190.74979,-55125.75,14335.582,17428.594,10961.341,4474.328
5178.184,91010.43,280.5591,19179.363,29747.738,186864.08,165772.61,58184.652,136952.25,-40597.5,56783.242,11982.078,-42595.855,-851.24384,17527.41,-3427.7742,15779.706
5178.2065,106328.21,16803.506,32658.648,42710.566,187500.0,182420.95,73492.07,153318.52,-29939.36,71201.445,26013.273,-29346.658,2505.653,21959.54,-1045.9946,27727.34
5178.229,94977.234,5369.9844,20291.676,30169.0,187500.0,170644.19,60996.33,141314.11,-40788.67,58792.336,14044.115,-41739.402,19705.701,22323.56,15210.027,16696.64
5178.2515,79724.72,-11022.384,6812.2085,17182.926,174750.52,154083.39,45707.867,125006.06,-51714.918,44311.22,-22.195284,-55107.043,16664.701,17946.217,13088.533,4506.7827
5178.2734,87821.75,-3049.5603,16075.665,26684.475,183772.75,162376.69,54849.66,133559.86,-43218.664,53552.41,8861.596,-45697.07,1027.6885,17088.824,-1586.2363,12989.8955
5178.296,105319.234,15633.234,32027.904,42177.098,187500.0,181267.47,72611.52,152231.8,-30325.574,70440.39,25265.004,-29940.99,111.28934,21255.975,-3188.0964,27181.041
5178.3184,98336.52,8877.689,23591.217,33438.12,187500.0,174213.98,64522.535,144886.44,-38000.227,62213.47,17362.5,-38449.63,17757.77,22806.559,13251.5,19661.445
5178.341,80831.445,-9748.96,7559.2266,17840.695,175658.12,155342.4,46711.438,126203.57,-51208.34,45201.44,857.59174,-54377.793,18732.395,18590.46,14929.58,5187.1475
5178.3633,84895.04,-6077.1045,13148.324,23773.07,180839.72,159277.58,51754.863,130443.11,-45722.55,50540.96,5956.8296,-48614.508,3390.8267,16806.188,690.9148,10354.469
5178.3853,103415.58,13525.645,30510.2,40761.402,187500.0,179158.95,70789.14,150184.3,-31441.215,68775.734,23641.865,-31401.832,-1635.723,20456.117,-4694.85,25855.113
5178.4077,101323.92,11959.323,26626.314,36470.918,187500.0,177359.38,67704.414,148045.23,-35395.758,65332.047,20382.758,-35409.996,15139.553,23077.977,10713.393,22382.121
5178.43,82651.414,-7745.819,9022.148,19211.549,177299.77,157348.61,48465.09,128145.086,-50066.926,46834.707,2449.7737,-52924.953,20230.588,19320.18,16233.401,6525.5024
5178.4526,82554.03,-8468.115,10715.226,21329.11,178405.73,156814.67,49227.418,127941.695,-47848.918,48058.4,3564.2314,-51051.99,5986.49,16714.725,3160.4473,8149.6025
5178.4746,100918.42,10815.764,28364.162,38711.28,187500.0,176430.9,68318.64,147500.73,-33104.832,66467.31,21395.45,-33494.74,-2620.988,19653.533,-5482.95,23964.29
5178.497,103803.02,14489.787,29239.814,39102.883,187500.0,179951.5,70391.59,150657.44,-33133.13,67982.05,22947.666,-32791.016,12118.2,23137.768,7830.509,24707.842
5178.5195,85051.88,-5141.818,11081.057,21179.934,179530.31,159970.3,50844.254,130703.375,-48411.176,49076.406,4633.383,-50877.2,21214.98,20099.271,17030.576,8393.482
5178.542,80746.98,-10275.165,8743.757,19328.986,176447.4,154941.4,47234.69,126014.16,-49623.38,46069.094,1652.9786,-53044.09,8741.834,16772.705,5756.3345,6337.234
5178.5645,97884.414,7562.199,25646.414,36086.805,187500.0,173144.27,65264.367,144249.25,-35267.727,63581.08,18591.2,-36165.863,-2838.94,18860.404,-5551.0337,21552.627
5178.5864,105542.37,16220.885,31211.375,41118.047,187500.0,181737.58,72342.21,152480.45,-31386.588,69939.5,24833.66,-30810.406,8845.167,22962.016,4761.2124,26453.379
5178.609,87973.875,-2014.0486,13707.677,23720.566,182282.83,163130.2,53792.625,133812.2,-46258.098,51889.152,7363.4697,-48262.156,21521.021,20894.926,17183.082,10770.837
5178.6313,79630.13,-11345.902,7394.874,17927.107,175139.78,153814.58,45938.043,124825.2,-50899.594,44742.027,382.12543,-54421.67,11505.74,17004.09,8338.832,5085.447
5178.654,94559.86,4027.002,22577.678,33091.29,187500.0,169564.81,61871.49,140691.11,-37764.996,60350.562,15457.707,-39195.53,-2255.3582,18154.066,-4873.3735,18822.049
5178.676,106369.61,16975.121,32349.256,42318.36,187500.0,182541.66,73368.734,153332.48,-30320.21,71016.21,25865.64,-29654.084,5656.1987,22575.42,1812.5477,27460.459
5178.698,91215.46,1416.3854,16722.658,26663.352,185363.22,166612.83,57114.473,137259.11,-43749.16,55081.76,10462.249,-45252.94,21077.965,21635.172,16624.803,13501.661
5178.7207,79250.44,-11639.627,6727.16,17189.61,174548.14,153480.95,45397.312,124428.68,-51597.016,44144.9,-182.34554,-55109.367,14123.979,17383.71,10755.861,4468.449
5178.743,91235.76,517.9793,19424.07,29993.875,187110.45,166002.28,58436.42,137140.64,-40360.973,57063.58,12271.756,-42309.707,-1002.9898,17567.443,-3588.3713,16018.892
5178.7656,106357.38,16843.627,32680.195,42728.09,187500.0,182447.55,73524.84,153296.95,-29900.512,71262.484,26091.125,-29279.244,2722.085,22022.08,-859.514,27769.941
5178.7876,94655.69,5033.837,19999.738,29882.16,187500.0,170289.81,60676.99,140917.23,-41001.17,58519.684,13797.911,-41978.008,19881.14,22285.473,15363.986,16459.914
5178.81,79590.63,-11170.754,6731.2056,17109.611,174667.5,153923.27,45599.258,124806.85,-51739.105,44251.113,-62.74135,-55129.418,16525.158,17900.508,12947.427,4459.7544
5178.8325,87972.625,-2894.5735,16252.803,26860.941,183956.47,162525.64,55030.8,133664.89,-43031.938,53770.81,9090.254,-45460.32,848.7181,17108.785,-1761.3622,13175.549
5178.855,105349.81,15669.154,32058.436,42202.645,187500.0,181293.36,72649.32,152208.97,-30278.793,70511.13,25352.154,-29856.613,265.82928,21309.238,-3051.9966,27228.783
5178.877,97983.93,8504.213,23272.324,33127.008,187500.0,173826.12,64168.863,144455.38,-38235.434,61913.332,17088.445,-38710.363,17933.79,22766.258,13422.469,19397.426
5178.8994,80671.27,-9930.479,7461.0576,17755.736,175540.52,155152.3,46573.324,125977.16,-51247.477,45117.156,789.4636,-54420.105,18544.662,18531.318,14758.612,5119.913
5178.922,85099.734,-5868.2944,13385.7,24014.625,181073.3,159483.69,51989.266,130611.33,-45486.383,50811.24,6232.0464,-48322.707,3158.324,16829.857,464.3128,10590.503
5178.9443,103564.375,13690.533,30655.71,40905.33,187500.0,179316.97,70949.27,150298.92,-31304.535,68961.28,23837.824,-31204.133,-1511.6486,20531.465,-4593.9097,26002.209
5178.967,101038.54,11665.846,26362.9,36215.754,187500.0,177052.34,67419.08,147702.02,-35595.445,65091.742,20165.455,-35616.03,15386.674,23064.52,10946.187,22164.08
5178.989,82424.25,-7989.6533,8854.712,19060.63,177098.48,157095.1,48259.676,127865.46,-50175.22,46678.74,2312.4893,-53036.11,20131.168,19257.66,16146.967,6389.224
5179.011,82666.28,-8354.612,10870.1455,21495.361,178538.83,156926.95,49374.984,128027.125,-47680.316,48243.625,3756.658,-50837.66,5769.3877,16716.49,2955.8171,8309.172
5179.0337,101073.56,10986.8,28525.81,38876.793,187500.0,176598.45,68494.33,147636.86,-32945.152,66673.13,21609.89,-33272.562,-2569.4001,19718.957,-5442.628,24127.838
5179.056,103571.35,14254.132,29027.496,38899.168,187500.0,179705.9,70164.07,150385.19,-33283.51,67800.44,22785.883,-32936.77,12363.778,23141.791,8063.146,24541.166
5179.078,84813.56,-5397.0747,10896.677,21013.121,179301.86,159707.22,50624.78,130421.94,-48524.7,48913.977,4488.387,-50989.45,21156.174,20044.889,16981.357,8254.119
5179.1006,80849.71,-10172.234,8887.032,19484.441,176553.9,155044.78,47371.418,126099.27,-49458.31,46251.305,1840.6216,-52827.367,8532.622,16777.062,5558.812,6499.1943
5179.123,98088.195,7785.627,25853.637,36296.844,187500.0,173367.53,65492.42,144449.02,-35066.266,63840.785,18857.79,-35888.12,-2804.7642,18936.69,-5530.336,21766.398
5179.1455,105339.7,16019.473,31019.172,40935.57,187500.0,181529.44,72145.05,152252.52,-31516.607,69787.914,24705.406,-30925.16,9157.197,22990.805,5048.5664,26314.15
5179.168,87655.414,-2353.3484,13443.882,23479.57,181977.06,162786.89,53492.8,133459.88,-46433.383,51647.844,7148.0654,-48444.258,21527.615,20834.71,17194.816,10571.146
5179.19,79657.58,-11325.004,7472.8813,18025.857,175171.72,153838.39,46002.195,124843.98,-50778.227,44856.086,506.33408,-54258.703,11281.418,16986.969,8127.2285,5201.2065
5179.2124,94813.375,4299.1123,22838.186,33360.895,187500.0,169839.88,62153.367,140956.56,-37504.26,60668.516,15778.744,-38849.277,-2331.3096,18219.938,-4953.3926,19099.768
5179.235,106311.445,16927.11,32283.988,42260.98,187500.0,182488.69,73313.234,153269.19,-30338.113,71001.8,25867.406,-29631.06,5921.6255,22626.852,2054.1477,27446.355
5179.2573,90905.29,1090.8545,16449.342,26407.736,185048.84,166281.8,56811.16,136925.62,-43936.96,54831.47,10234.507,-45443.49,21158.475,21584.969,16705.604,13293.79
5179.2793,79239.84,-11658.425,6764.711,17244.125,174539.39,153465.39,45415.82,124414.96,-51520.324,44206.633,-110.41762,-54995.55,13908.239,17355.033,10554.494,4537.8516
5179.302,91510.1,811.27893,19708.965,30284.357,187368.38,166300.47,58738.8,137437.03,-40095.32,57389.0,12600.416,-41955.547,-1124.0023,17625.537,-3716.246,16303.116
5179.324,106315.2,16814.568,32631.67,42682.402,187500.0,182415.69,73481.37,153260.08,-29921.701,71249.37,26095.104,-29258.098,3030.7402,22081.357,-583.44763,27756.463
5179.3467,94236.766,4595.1167,19625.594,29524.824,187500.0,169846.94,60257.133,140477.67,-41275.227,58156.668,13460.802,-42274.953,20030.607,22217.701,15516.426,16160.043
5179.3687,79506.63,-11269.013,6712.1396,17110.46,174599.67,153828.73,45541.996,124722.2,-51698.38,44247.83,-55.96877,-55070.742,16274.35,17845.836,12718.054,4484.453
5179.391,88283.94,-2566.4722,16585.463,27198.252,184261.14,162861.23,55370.523,134004.3,-42712.555,54139.816,9456.085,-45058.906,660.0247,17162.697,-1945.4065,13511.5625
5179.4136,105455.53,15794.994,32152.225,42292.723,187500.0,181418.45,72756.766,152331.12,-30178.746,70642.18,25491.695,-29697.312,516.9288,21392.99,-2831.7202,27343.291
5179.436,97631.28,8139.902,22949.05,32809.97,187500.0,173455.45,63812.844,144088.7,-38475.715,61599.58,16795.906,-38966.96,18173.445,22730.697,13654.949,19137.318
5179.4585,80493.95,-10124.581,7348.1367,17655.062,175381.05,154958.14,46419.97,125794.01,-51299.312,45006.78,690.1995,-54468.633,18378.521,18467.393,14610.084,5046.5996
5179.4805,85345.805,-5615.1606,13662.481,24293.91,181323.31,159744.6,52268.15,130878.94,-45219.055,51108.203,6526.62,-47989.777,2913.5054,16854.154,232.36874,10865.474
5179.503,103765.65,13909.469,30842.795,41082.688,187500.0,179539.9,71156.47,150519.92,-31134.62,69174.58,24055.44,-30967.941,-1362.1377,20618.28,-4462.0347,26188.445
5179.5254,100746.6,11362.711,26084.285,35934.86,187500.0,176747.83,67117.414,147398.66,-35806.895,64814.336,19909.951,-35840.625,15665.265,23051.02,11219.66,21937.59
5179.548,82212.16,-8221.844,8699.724,18912.752,176902.75,156865.86,48064.633,127645.85,-50269.32,46513.09,2164.0735,-53137.07,20004.275,19191.164,16042.384,6271.9443
5179.57,82881.62,-8135.007,11120.194,21742.861,178767.16,157156.56,49621.812,128266.055,-47436.863,48502.93,4018.2402,-50537.633,5511.7393,16731.42,2714.1501,8557.433
5179.5923,101327.57,11262.173,28768.729,39103.62,187500.0,176879.88,68758.305,147919.34,-32732.922,66935.25,21877.04,-32989.297,-2466.627,19810.33,-5356.685,24358.418
5179.6147,103311.58,13988.683,28775.703,38639.555,187500.0,179437.31,69893.52,150120.9,-33482.242,67545.586,22555.348,-33146.72,12703.302,23149.232,8389.638,24329.182
5179.637,84515.55,-5717.5093,10660.956,20781.646,179032.31,159386.6,50340.668,130115.94,-48698.46,48651.03,4249.715,-51187.484,21086.324,19964.467,16933.324,8048.975
5179.6597,80990.44,-10034.079,9075.167,19670.855,176726.12,155191.14,47544.13,126260.74,-49266.62,46430.746,2029.5608,-52600.227,8236.238,16762.088,5285.875,6682.367
5179.6816,98425.484,8145.3335,26183.258,36608.652,187500.0,173732.8,65843.26,144820.27,-34780.027,64179.793,19203.123,-35528.258,-2844.1702,19014.049,-5573.184,22068.729
5179.704,105275.06,15964.778,30940.36,40836.996,187500.0,181469.95,72065.45,152195.05,-31575.549,69703.49,24642.553,-30976.01,9423.876,23019.035,5305.5444,26252.438
5179.7266,87462.16,-2549.619,13276.78,23303.215,181786.92,162584.36,53298.027,133263.86,-46554.46,51458.055,6982.797,-48583.64,21486.621,20771.723,17176.22,10425.033
5179.749,79853.625,-11109.398,7684.441,18226.04,175374.39,154053.6,46215.676,125064.34,-50576.703,45061.992,726.0741,-54021.082,11003.385,16976.195,7873.022,5397.634
5179.771,95213.586,4749.5,23206.297,33707.684,187500.0,170286.83,62561.15,141397.78,-37200.035,61043.223,16168.447,-38469.41,-2390.1616,18295.04,-5016.9834,19422.996
5179.7935,106313.21,16973.602,32249.521,42207.605,187500.0,182520.9,73300.56,153288.64,-30377.9,70963.4,25861.596,-29652.63,6216.445,22671.912,2337.2998,27410.012
5179.816,90653.96,864.0961,16212.569,26167.434,184798.95,166037.34,56558.207,136672.86,-44134.19,54566.332,10009.604,-45665.04,21216.857,21521.244,16784.014,13072.642
5179.8384,79299.32,-11561.798,6845.9146,17325.418,174599.33,153548.98,45497.605,124491.18,-51434.316,44269.754,-16.227365,-54894.03,13683.09,17315.629,10354.356,4609.176
5179.861,91831.38,1196.5114,20013.262,30580.162,187500.0,166672.1,59080.45,137793.84,-39832.51,57695.797,12933.592,-41632.273,-1251.7201,17667.559,-3836.3867,16575.406
5179.883,106425.69,16991.438,32707.799,42747.56,187500.0,182569.38,73592.86,153393.08,-29866.94,71321.96,26203.24,-29170.994,3222.9875,22132.43,-405.3936,27818.266
5179.9053,94048.61,4453.563,19439.828,29339.885,187500.0,169678.2,60074.766,140290.98,-41437.254,57947.324,13295.488,-42452.27,20174.574,22189.428,15662.158,15978.882
5179.9277,79441.91,-11288.727,6675.058,17079.75,174525.66,153786.89,45504.914,124665.27,-51725.27,44185.8,-78.0523,-55100.113,16173.856,17806.787,12632.268,4434.1616
5179.95,88458.89,-2330.2144,16769.844,27383.57,184414.03,163079.73,55580.7,134204.44,-42556.785,54309.934,9662.839,-44867.53,529.60223,17178.076,-2070.509,13662.415
5179.972,105545.23,15949.557,32228.332,42367.848,187500.0,181551.52,72866.16,152440.61,-30120.408,70707.695,25599.924,-29614.297,639.7293,21437.068,-2718.5981,27403.799
5179.9946,97451.28,8006.3726,22774.887,32645.215,187500.0,173297.3,63646.348,143908.33,-38614.004,61406.125,16654.732,-39125.703,18308.762,22711.943,13795.8545,18982.846
5180.017,80441.56,-10131.286,7320.308,17640.758,175313.86,154931.64,46396.68,125747.414,-51303.715,44961.273,693.82056,-54477.73,18260.93,18435.564,14514.53,5024.65
5180.0396,85523.836,-5372.667,13847.688,24484.549,181480.6,159969.2,52481.965,131081.61,-45048.805,51293.746,6754.675,-47783.875,2771.2366,16874.227,100.87343,11038.99
5180.062,103886.28,14101.895,30948.25,41188.547,187500.0,179708.72,71298.67,150662.55,-31045.457,69285.84,24213.467,-30845.99,-1253.8882,20668.28,-4369.386,26288.021
5180.084,100553.88,11221.471,25898.14,35756.848,187500.0,176578.36,66938.87,147204.23,-35959.8,64617.82,19770.633,-36011.434,15863.927,23042.615,11409.292,21774.377
5180.1064,82064.26,-8326.785,8588.636,18818.47,176746.03,156736.2,47947.465,127495.23,-50349.027,46386.152,2091.8103,-53232.355,19933.354,19143.51,15982.593,6172.2334
5180.129,83010.61,-7948.5483,11271.628,21907.504,178882.89,157323.8,49790.523,128410.086,-47295.266,48652.574,4214.265,-50370.977,5333.7524,16729.879,2544.1428,8697.578
5180.1514,101521.54,11525.499,28952.125,39292.535,187500.0,177121.86,68977.84,148131.56,-32580.617,67123.945,22113.9,-32798.08,-2431.9595,19864.02,-5334.937,24524.736
5180.1733,103158.16,13887.899,28622.08,38495.05,187500.0,179309.11,69750.02,149962.06,-33609.02,67385.164,22452.307,-33290.62,12934.352,23156.318,8613.11,24200.078
5180.196,84321.47,-5870.0825,10505.053,20642.932,178829.47,159209.92,50172.402,129913.7,-48819.477,48479.19,4134.0444,-51331.945,21048.438,19916.098,16914.303,7914.6855
5180.2183,81090.59,-9878.891,9207.601,19816.633,176819.1,155330.34,47685.46,126374.7,-49143.977,46560.273,2206.1843,-52458.004,8053.0654,16759.56,5113.029,6808.0957
5180.2407,98614.11,8401.976,26370.365,36800.855,187500.0,173973.16,66061.766,145028.72,-34626.85,64375.953,19447.629,-35335.117,-2800.562,19074.287,-5546.9434,22238.936
5180.263,105066.03,15802.46,30741.832,40648.64,187500.0,181286.17,71870.055,151979.73,-31746.094,69501.38,24500.598,-31166.492,9735.705,23036.021,5597.9277,26078.719
5180.285,87113.94,-2875.0828,12993.203,23040.76,181455.95,162242.3,52980.766,132899.36,-46785.957,51150.383,6734.5586,-48860.176,21519.947,20703.908,17221.84,10168.569
5180.3076,79807.31,-11128.755,7707.3516,18267.055,175347.0,154027.27,46219.812,125020.625,-50535.195,45073.727,785.26154,-53986.57,10821.844,16948.166,7703.641,5423.2266
5180.33,95373.375,4950.308,23398.232,33906.008,187500.0,170481.73,62764.48,141573.97,-37025.31,61241.996,16408.191,-38266.95,-2441.2578,18343.586,-5073.064,19600.156
5180.3525,106211.78,16901.07,32170.709,42132.953,187500.0,182437.55,73220.27,153187.97,-30433.557,70887.02,25833.924,-29721.072,6458.4473,22712.324,2561.8005,27346.89
5180.3745,90363.234,580.34076,15981.698,25949.861,184524.8,165744.86,56293.516,136371.38,-44305.383,54326.9,9821.223,-45880.8,21281.053,21485.324,16857.283,12873.331
5180.397,79239.734,-11612.357,6854.833,17347.703,174560.67,153498.62,45480.305,124437.22,-51400.43,44275.14,29.95134,-54871.88,13549.472,17307.066,10233.612,4623.168
5180.4194,91956.555,1342.96,20180.117,30749.186,187500.0,166820.92,59244.152,137937.78,-39679.086,57870.254,13142.781,-41458.934,-1302.861,17716.262,-3894.2554,16724.379
5180.442,106356.016,16935.627,32665.041,42702.52,187500.0,182511.52,73542.48,153328.69,-29887.95,71291.19,26213.098,-29202.354,3423.0356,22178.766,-221.93048,27785.79
5180.4644,93784.8,4184.336,19228.18,29132.906,187500.0,169405.53,59830.28,140018.56,-41586.43,57735.81,13128.319,-42645.453,20243.55,22160.168,15744.055,15803.823
5180.4863,79425.945,-11303.948,6712.855,17121.547,174532.58,153774.73,45522.793,124655.33,-51658.37,44231.176,2.5033956,-55041.797,15998.484,17795.79,12477.996,4487.18
5180.509,88699.98,-2066.0164,17028.475,27637.664,184655.56,163348.14,55852.137,134469.95,-42315.97,54597.4,9977.283,-44591.977,406.6453,17235.855,-2188.8616,13912.643
5180.5312,105625.05,16056.621,32303.322,42433.383,187500.0,181654.78,72954.086,152535.94,-30048.055,70814.49,25739.8,-29524.957,830.76965,21512.08,-2546.5344,27485.18
5180.5537,97197.414,7757.1064,22547.994,32416.914,187500.0,173040.48,63396.43,143647.1,-38790.316,61190.7,16479.807,-39337.887,18481.787,22699.227,13966.688,18792.23
5180.5757,80328.95,-10241.168,7260.048,17583.738,175232.97,154819.66,46309.8,125634.77,-51334.047,44906.848,674.41925,-54524.38,18142.89,18405.277,14408.851,4980.7065
5180.598,85710.01,-5165.533,14061.147,24693.984,181688.58,160180.22,52698.664,131284.75,-44852.668,51528.797,7016.3022,-47558.5,2615.512,16908.045,-54.001816,11242.324
5180.6206,104020.71,14266.358,31079.633,41308.688,187500.0,179871.83,71443.29,150808.0,-30931.934,69443.05,24399.97,-30709.041,-1129.6349,20741.883,-4267.3057,26416.812
5180.643,100322.21,10999.92,25684.39,35539.88,187500.0,176349.34,66706.34,146958.8,-36124.11,64418.35,19609.188,-36212.086,16071.82,23039.576,11608.245,21605.287
5180.6655,81910.56,-8474.709,8485.482,18717.219,176635.56,156585.78,47815.367,127331.305,-50415.637,46289.37,2028.4879,-53321.004,19827.139,19105.334,15895.286,6100.104
5180.6875,83189.76,-7743.0693,11483.455,22114.213,179106.52,157533.31,50004.832,128600.67,-47102.66,48886.13,4469.4775,-50148.176,5116.7393,16754.107,2345.9053,8909.652
5180.71,101703.836,11747.898,29132.236,39460.195,187500.0,177343.28,69180.17,148323.52,-32437.209,67334.25,22346.27,-32614.459,-2333.2317,19946.475,-5256.1694,24700.22
5180.7324,102884.73,13627.3,28369.035,38237.445,187500.0,179042.62,69480.53,149665.14,-33824.715,67140.15,22242.244,-33538.168,13222.443,23158.062,8880.438,23990.33
5180.755,84051.62,-6143.243,10301.182,20444.762,178620.72,158936.17,49928.59,129614.1,-48975.47,48271.992,3959.388,-51525.043,20974.387,19851.637,16851.428,7751.8535
5180.777,81213.51,-9740.958,9380.044,19988.562,177006.34,155475.19,47849.344,126488.82,-48974.598,46751.36,2416.5366,-52269.242,7815.1533,16763.115,4884.706,6995.4478
5180.7993,98887.14,8712.956,26648.533,37066.55,187500.0,174287.38,66361.62,145300.66,-34393.23,64685.08,19771.996,-35049.637,-2801.6572,19157.3,-5562.187,22513.885
5180.822,104930.914,15690.769,30612.057,40512.785,187500.0,181168.02,71739.2,151816.16,-31850.186,69395.234,24420.154,-31281.623,10039.019,23073.885,5877.794,25995.035
5180.844,86833.086,-3150.1208,12762.824,22818.965,181236.5,161960.72,52720.12,132576.58,-46959.496,50930.977,6542.7803,-49065.746,21537.605,20652.477,17244.885,9993.331
5180.8667,79877.984,-11037.136,7827.2007,18393.922,175491.58,154120.22,46332.016,125067.76,-50407.855,45218.566,945.72473,-53838.67,10597.499,16940.654,7489.735,5566.389
5180.8887,95662.43,5285.093,23692.18,34197.97,187500.0,170816.58,63085.027,141849.92,-36770.277,61580.38,16757.527,-37949.02,-2472.5947,18421.326,-5122.752,19894.082
5180.911,106109.5,16831.578,32065.164,42027.676,187500.0,182358.08,73121.34,153041.64,-30515.387,70817.016,25788.572,-29800.107,6807.6934,22762.549,2871.3499,27286.586
5180.9336,90009.83,235.02861,15676.038,25658.148,184252.92,165388.22,55955.336,135951.53,-44538.066,54034.18,9559.261,-46153.09,21368.738,21422.227,16940.7,12634.614
5180.956,79255.23,-11575.723,6922.6484,17430.068,174665.3,153532.64,45535.98,124403.6,-51302.754,44371.03,144.6605,-54762.312,13312.141,17275.06,9995.209,4731.373
5180.978,92295.54,1731.6791,20522.21,31092.844,187500.0,167209.22,59617.227,138243.28,-39369.047,58265.656,13549.091,-41078.285,-1408.5846,17789.867,-4034.758,17078.834
5181.0005,106370.79,16996.58,32662.023,42701.535,187500.0,182563.03,73560.47,153286.27,-29880.283,71339.47,26284.244,-29165.785,3736.9885,22257.51,41.5966,27832.527
5181.023,93417.84,3835.0454,18894.22,28817.344,187496.72,169043.98,59468.094,139563.88,-41843.34,57427.42,12852.454,-42934.484,20417.963,22117.5,15906.127,15550.087
5181.0454,79321.45,-11387.208,6663.3013,17097.117,174532.58,153686.6,45449.613,124471.35,-51659.22,44213.406,6.7725787,-55038.086,15818.911,17757.031,12308.547,4492.075
5181.0674,88943.54,-1776.5391,17289.096,27912.725,184978.39,163637.36,56129.23,134649.5,-42058.855,54915.58,10305.831,-44275.387,254.4299,17284.225,-2350.219,14203.394
5181.09,105715.64,16195.672,32379.072,42513.176,187500.0,181786.31,73051.23,152545.39,-29955.273,70951.77,25893.715,-29395.541,1073.0848,21593.06,-2327.6438,27611.535
5181.1123,96900.984,7484.5044,22271.57,32153.633,187500.0,172755.03,63102.082,143238.31,-38976.887,60959.066,16274.573,-39549.492,18727.031,22678.842,14200.689,18607.695
5181.135,80202.516,-10342.9795,7180.3413,17523.945,175225.31,154710.8,46209.016,125397.664,-51337.62,44877.746,661.8799,-54528.87,18059.496,18370.654,14322.037,4975.007
5181.157,85907.73,-4921.676,14278.92,24924.342,181995.92,160420.62,52928.754,131384.8,-44610.934,51817.83,7309.4453,-47265.805,2499.0593,16949.373,-186.95,11507.796
5181.179,104151.266,14450.648,31199.326,41435.332,187500.0,180046.84,71588.195,150828.9,-30791.697,69639.54,24603.863,-30519.61,-928.4915,20827.646,-4105.278,26589.076
