Tm,Oz,Po7,Po4,Po3,P4,P3,Po8,Pz,Fz,F2,F3,F4,AF3,Cz,AF4,F1
299253,94520.57797679288,-8178.51359586959,21327.64597348652,25883.21227911434,184353.62123163615,169639.79246264003,58641.90377061544,100290.83389052261,-41415.4480774158,58023.31733004622,15048.115808207906,-45433.096569789086,17521.972023091643,23259.782058676312,12849.774430916857,13859.823391315362
299254,83365.09137662034,-20239.023288178796,11198.946723466786,16123.033007760923,173585.6319432083,157374.02091985114,47191.83386018561,88019.44819140315,-49513.520032537555,47158.117296774624,4463.9758853716,-55285.73602661261,15061.806947637428,20366.041044889098,10923.595846136503,5327.91218890827
299255,91185.00370105568,-12449.958287840811,20181.380197444807,25310.146860956527,182453.26912379058,165484.97326956684,56134.563932512385,96295.07721350755,-41396.33366293927,56157.006023231545,13121.692847764254,-46205.79406823278,3005.013956273284,20371.63508981545,-500.4169769242626,13389.654661937351
299256,104619.61872655226,1949.3773621383102,32832.65322203381,37675.70918546413,187324.4840726492,180136.63850291306,70139.54425305445,111099.86596366813,-31262.817730942857,69516.08109678395,26121.37275479769,-33885.343983168656,2160.54363551171,23287.678970417004,-1712.4313059374451,23922.364298399247
299257,97186.48211470779,-5411.73862886949,24065.169653123285,28748.366832318232,186877.82712615555,172480.62981094595,61567.61100595688,103449.91999750028,-38993.42081198207,60894.71782670634,17813.64964845722,-42631.87335549104,15148.446111903808,23523.119416782276,10553.928976949053,16284.765856943424
299258,83510.25124096699,-19994.88004300849,11056.743971402479,16090.019381741191,173458.51861895187,157601.77217820194,47266.45914766215,88596.3003435242,-49604.10123290564,47178.130369363585,4477.149202601853,-55338.84630926351,16127.527227145745,20537.848044010065,11915.229159025295,5259.131559376109
299259,88582.68101763411,-15086.67249911922,17297.23759801526,22585.538309434094,179710.74107409094,162756.2979318024,53271.4312227174,93934.40877068478,-43768.95820329074,53331.968285756906,10377.81608886192,-48952.23805904397,5335.134746169601,20126.056037528066,1740.5774826370784,10976.780480443087
299260,103875.799404423,1177.106746384744,32084.674209023786,37111.90575594958,187964.47637214937,179347.501894064,69393.96397356015,110704.99072854946,-31723.685046088434,68820.20670140385,25428.603775566127,-34486.76457442064,1617.6771921211753,23023.223954507568,-2181.152120389337,23415.74878137552
299261,100468.23872707928,-1928.2734857878954,27326.40850930909,32100.871346768665,187353.9381205986,176032.07698671328,65096.81447422516,107382.68750129786,-36195.05005657207,64317.369823498506,21127.559244415937,-39348.95865653884,13138.948593615654,23965.18764429007,8587.397670810838,19119.0929689564
299262,84831.06408680056,-18498.143138160638,12172.292917597824,17242.945790366746,174533.09872408517,159101.36805859872,48598.48808505538,90409.0177870416,-48668.045663366225,48420.18677896174,5685.116391894787,-54208.33507706799,16372.14543639193,20843.586701396234,12114.396009353386,6233.269836136477
299263,86108.04899210112,-17595.70913119726,14723.009566230763,20078.987690596405,176921.39694545648,160146.60841403675,50571.20640270746,91555.42736638435,-45941.57159209803,50665.67286599645,7800.148490354027,-51493.48215022197,6740.2875909818,19750.415082573993,3122.645358760205,8744.526819485302
299264,102008.34447589946,-761.2737812104649,30314.662268186683,35413.66261319727,187875.0053092371,177343.0924404911,67431.07995247134,108885.07365144789,-33125.598407508514,66914.64087445202,23576.59652179203,-36217.305309769115,1348.4885282550508,22521.653145822285,-2361.1050866004584,21938.843091384893
299265,103484.37551151292,1325.2795478295632,30308.780698510607,35041.27489445134,187947.01047163235,179314.4026808718,68279.14289924425,110823.68435495232,-33778.14481099193,67337.59813379677,24064.971978404727,-36478.26305821807,11684.314715339779,24399.222212802553,7147.52808821568,21581.18933320372
299266,87446.63642983814,-15574.166486503782,14494.278442088593,19450.302168315917,177017.67303332302,162021.94490899355,51222.90926887348,93422.48415134309,-46880.750568686,50835.17425425946,8037.962958203829,-52024.03848339745,17040.097133361116,21488.164012828638,12657.935907033223,8110.270218672874
299267,84558.0628054766,-19098.71915077633,13073.444548413318,18397.767391804748,174982.96960200137,158536.5745776906,48823.55845160948,89971.62875252453,-47449.53407509434,48863.570017017955,6054.138496391751,-53228.14079275256,7889.114015826236,19519.356499991605,4244.759786134782,7197.953480682738
299268,99340.72664709845,-3548.9194372441525,27867.772613426405,33022.80026245701,187242.16777697642,174454.76635614524,64650.838282706514,106014.7627246525,-35101.66555124358,64203.1445181046,20925.19684361173,-38662.953271523744,654.8465523810318,21762.790375470475,-2907.036413229735,19844.103306248824
299269,105346.52844897265,3361.5319840752063,32254.28393035453,36962.10070053482,187846.42182903376,181338.864820163,70279.79256849337,112885.67209034666,-32206.236208093964,69209.67128928243,25871.7312679232,-34645.64726713174,9822.193326848088,24494.800010851373,5367.496273144177,23143.49325167183
299270,90545.57995781985,-12074.558022593113,17210.084759070578,22021.20903955436,180104.90980284306,165503.23288229076,54330.16532107504,96927.92426199312,-44815.63809094714,53668.81612321873,10799.296569561808,-49484.0443808609,18075.638599197537,22297.613087487087,13523.662705625862,10277.313004140597
299271,84069.6650891797,-19382.52816846661,12291.263928830886,17532.241222990084,174276.0061219651,158143.0792977966,48139.25604400662,89565.43247314345,-48324.07037101449,48016.35458294617,5244.754876077941,-54145.31300856659,9850.927898679904,19645.287628457063,6084.897458864281,6332.272022443528
299272,96565.53350635426,-6410.090181679441,25280.45015725705,30498.46200990021,186963.69008351816,171476.1267501059,61761.28279743395,103015.72801475809,-37223.35818150394,61347.229241771616,18139.864685939152,-41259.98451747272,244.3830087136136,21031.041373674052,-3193.4822466865835,17599.778253040866
299273,105932.58782692516,4001.9533366672467,33130.9085960354,37891.313110373325,187227.54473564116,181950.68000988377,71038.33303762792,113498.28065524489,-31442.07788589822,69904.25038524461,26526.89140760259,-33832.777939956955,7050.57156964419,24171.113300831494,2790.4628679088346,23833.092135109277
299274,93313.85862483314,-8966.443444612662,19739.824661025246,24465.901437345543,182836.97960426734,168595.12338286286,57172.458934315095,100015.7083620117,-42854.87233132658,56260.34116494196,13317.404306142744,-47105.273156426585,18310.671331058893,22929.967274641247,13652.322312347284,12305.24349151546
299275,84130.04889550648,-19055.497191978367,11941.264125519736,17092.332257973172,174239.34754177317,158365.07614582215,48001.77261697141,89753.28088349584,-48866.26034222245,47670.59315436962,4924.604019857975,-54633.32622729924,12470.941514634174,20001.370411144235,8515.392335571174,5832.763448568242
299276,94166.82936485935,-8822.494596874465,22897.401211567187,28157.28326503123,185115.4586814163,168938.04971186054,59198.990931668726,100438.06751725006,-39236.470903755435,58773.712834356855,15638.241470311794,-43666.2314283285,1055.7236663260212,20584.506673831027,-2374.930291566562,15503.969771566673
299277,105958.98761438283,4022.4511011191594,33509.10432237194,38365.286694212155,186951.11717492115,181937.71143027447,71238.849476664,113474.06402391475,-31026.87817517749,70098.34799130025,26696.1121667004,-33464.78599592318,4184.941203672167,23726.39139570398,142.76345175764078,24155.94650855829
299278,95857.21514640047,-6174.9270651712795,22263.74784711747,26977.55631886029,185262.64126623972,171383.54826716206,59889.85957567829,102799.04551272311,-40792.752947166395,58807.11573708503,15791.709695156325,-44671.20753553823,17176.518062805808,23337.777621455927,12523.145143693739,14393.5823816019
299279,84213.97437793137,-18731.013546972456,11675.050949518885,16768.270071397113,174103.30822643574,158599.12647838163,47935.14786576035,89952.95734462864,-49283.51595347853,47433.28419913597,4716.171800424375,-54992.938301109985,14758.956521213371,20335.356311537296,10650.421911924313,5453.660712985981
299280,91717.95110235186,-11248.016013410213,20331.57720080457,25619.937884321527,182708.64193347585,166381.57317826303,56534.9493292429,97839.14955953891,-41461.099811918524,56082.75483847121,13042.803057742742,-46246.5970752647,3009.5744586145347,20319.2405785631,-483.2533138510328,13224.118926862846
299281,105486.98685507302,3527.17729722562,33314.4280709968,38269.900537212074,187365.85525056082,181404.02300566027,70885.75265487273,112931.81606990428,-31095.919645284102,69758.29858444845,26361.761049589477,-33629.56330593176,2279.366340782812,23329.140061689755,-1603.725235774022,24008.416794978344
299282,98525.21712787595,-3324.81591979765,25048.598706218545,29788.573899347073,187005.2688212256,174258.17170562258,62813.582793530106,105684.65263058306,-38458.412447572504,61604.188240652846,18514.403528390234,-41928.64173622476,15173.819847832163,23660.21631071202,10562.800574518758,16743.513496443677
299283,84575.73278408975,-18203.855224658033,11837.885256175394,16905.278158869136,174122.76330664865,159072.7798289985,48242.116494071604,90411.38089514917,-49252.32728287975,47622.18065876279,4921.102315777247,-54858.37681895597,16006.714758507847,20591.647091928935,11794.025587247264,5515.95859684233
299284,89068.54216427136,-13922.705256336096,17578.56419518007,22893.80462469885,179914.44982660178,163584.1033014733,53660.715022658595,95004.50137907409,-43838.7328468521,53207.745755814256,10272.578548428937,-48978.72030087335,5115.400270302223,20037.28470817222,1543.596320860646,10793.794318589667
299285,104259.97590563569,2230.3935007271343,32285.984185319197,37320.10882642102,187871.4199228674,180060.74153471232,69687.68903342943,111580.73992102337,-31871.85252979653,68598.7895776685,25233.904085358707,-34601.211542231715,1478.6041510710854,22929.794064503283,-2298.0368532232787,23161.818899229253
299286,101284.64310882374,-407.81619547492505,27927.33741475883,32679.94437092451,187394.15203841944,177219.63983181107,65841.42514055099,108684.09944298904,-36048.634636620816,64518.81092689317,21344.663544089042,-39085.01607146146,13248.453551570716,24023.855394284936,8690.76742106945,19174.107774140884
299287,85620.72049961647,-17013.3476794561,12749.751626521465,17793.144248834513,174975.7289447086,160256.8120977277,49322.308384220385,91639.00147448498,-48549.65415189817,48601.54661841331,5877.009243910816,-53967.14426088117,16663.902680811872,20938.186912396653,12380.485597093188,6253.279232568496
299288,86397.20651323648,-16679.58204932171,14889.564000642109,20251.203392693336,176920.05688661704,160733.30423037376,50814.3105314858,92193.49874756526,-46126.8855735939,50405.018229065674,7556.937986815456,-51632.83021992856,6783.486955502691,19705.90667587662,3161.5465459618554,8437.420290712349
299289,101923.36223781282,-285.4269406065167,30197.8658411501,35336.05127687087,187784.69776749273,177501.01718398952,67333.84548796315,109090.67097624196,-33483.70900307022,66363.84425632498,23049.09894830907,-36592.555849933786,1086.1694934581137,22360.41515335921,-2603.0598682001346,21446.98845057348
299290,103577.54052615678,1969.517509526659,30365.794877794582,35139.64656857439,187866.2456992373,179659.01356796216,68383.9420418877,111216.45166489767,-33980.66048045046,66998.28495786444,23745.673669359025,-36659.99537841765,11551.69425783334,24317.466355610457,7016.963355839701,21251.582157577926
299291,87604.10777292418,-14873.171278426895,14564.563589089465,19551.823132406156,177089.7497753046,162438.8189713473,51385.06697730694,93890.43879088221,-47079.60880333898,50556.13007259149,7782.185477978306,-52176.5926525338,17457.035175258832,21522.216008715623,13033.618765388348,7791.310165243555
299292,84422.184204244,-18749.977454670636,12889.433261924136,18258.45800841722,174716.2917675671,158616.4454922547,48702.33466930397,90104.68843641231,-47834.5624314555,48339.59729894728,5562.467111120012,-53601.63131420809,8404.411487328342,19518.414726586634,4705.049144684865,6682.099265181509
299293,98836.55870628175,-3666.679165379055,27438.344046106617,32672.055232990348,187264.30197381694,174091.64939353295,64205.736979859204,105708.87071684262,-35618.3013198308,63422.25186931705,20182.172749167097,-39230.404831488275,710.458133353957,21632.258364952933,-2864.4675350937678,19175.502736031518
299294,104805.22291878914,3131.8957919628533,31876.659339596084,36675.4396502535,187764.8147648812,180895.2235682116,69844.07071076048,112504.42026910956,-32636.91036927594,68485.64629175595,25181.64219709501,-35129.607909061495,9522.776538347867,24324.9586128495,5085.348982503646,22547.899752345813
299295,89966.01234463698,-12388.590821229438,16787.121359319262,21671.637210909772,179688.39481643424,164999.92672332533,53850.7404380471,96492.75137973129,-45281.925175239536,52928.33479159983,10094.58872803647,-49998.74262207481,18208.15120210409,22205.982717904386,13637.052515328847,9646.212853412291
299296,83276.63211190011,-19966.40735495172,11657.151857954828,16952.33353877603,173589.62592822133,157389.83163730078,47428.98741491308,88886.83993298381,-48964.7488215903,47089.525346575945,4363.136169468089,-54849.76587444975,10434.594343620282,19595.370729439586,6618.223888927094,5527.789993679578
299297,95619.54487740071,-7231.210131345666,24578.301040730057,29840.08559428868,186641.469828495,170516.40423089179,60922.63557213464,102138.55179182874,-37887.04169018808,60345.86457691045,17185.036271857425,-42014.24827473152,670.2080166883438,20944.512309703245,-2804.7804755064676,16763.552786589564
299298,105042.50808779601,3147.9323501254407,32596.515804824423,37396.39614987461,187244.6390089934,180999.6859415167,70311.60629239073,112639.21320779563,-31915.40835205193,69074.11535310047,25735.33617909839,-34390.48561822053,6943.99620240486,24039.31943367062,2686.643686402111,23174.024459265573
299299,92324.19716567444,-9998.1415872004,19150.408157929374,23907.65591013618,182057.83381568542,167500.28151824666,56360.864491201646,99020.37950848423,-43347.50975704861,55393.17241541308,12489.834013857697,-47689.06088627608,18230.98105613176,22802.496164358876,13570.83182399307,11618.799348998966
299300,82758.85029190083,-20547.870349649536,10973.388265160707,16146.783384834505,173136.6103372235,156834.94848423195,46784.58571979021,88327.30653670027,-49665.116652041615,46448.234947603836,3753.70842677312,-55563.256887637166,12802.714252947815,19867.382739403696,8827.013858779272,4830.586704389243
299301,92623.86063112918,-10564.61523446837,21775.541691361377,27052.35213155013,183804.51490023884,167189.88028774265,57808.198218284364,98801.22754710836,-40141.935276416116,57418.87124400558,14338.823780111632,-44722.2326051797,1574.5086377216917,20455.15690337173,-1886.118018157092,14386.34349404639
299302,104630.5637688502,2418.8646622346364,32656.17911819459,37525.20211829348,187026.56370627205,180374.20634142653,70104.48735696534,112032.27496963173,-31664.553015045323,69041.30097398798,25683.63181818271,-34223.15049972153,4397.761596808827,23614.575514194894,333.1295933105034,23302.761354075894
299303,94638.50982561275,-7749.890789233425,21575.042462923826,26292.502944552027,184295.55916826398,169891.26776939814,58896.737582736074,101437.1138254237,-41259.28395315078,57932.466512371735,14954.145783431411,-45241.87580700337,17179.60336180417,23236.670654549336,12504.022117435583,13709.358097317901
299304,82595.54081776709,-20803.925310063845,10628.564927767013,15716.164296816847,172830.9595122502,156637.7230023123,46527.364167613276,88124.56852385485,-50019.66937445907,46208.03380879918,3536.8161174877946,-55884.963285226884,14863.530098439238,20175.969072802756,10738.194406113222,4485.923207029494
299305,89790.46812650381,-13717.241884171017,19002.564534731337,24268.3675532023,181159.83862699708,164052.9477938711,54800.31921728777,95642.57611406433,-42415.93182411825,54579.951015314495,11593.681817740246,-47403.51709831983,3284.3860035816824,20126.571576252372,-224.08824342831883,12019.29838637038
299306,103772.09650361142,1212.9007354697524,32212.32082009357,37119.420484557246,187391.0331831165,179270.50703345568,69377.85685980014,110934.69168597556,-31852.549365579667,68505.7637843222,25154.469754367994,-34564.34822812783,2549.24918016909,23191.953432381422,-1351.8217900296356,22996.9406440237
299307,97139.0573653958,-5356.165387606507,24292.367026736036,28959.073778484584,186869.67527151518,172448.46168999185,61660.52668983766,104014.48709024364,-38920.73936555146,60728.865851731665,17674.439890650403,-42519.04401333017,15410.107143184458,23606.8153444981,10768.787835806348,16031.926970572078
299308,82928.60026910182,-20579.885125453293,10865.79633794111,15857.320217482325,172777.35211179135,156947.90206021283,46826.7812719448,88426.43490237842,-49869.82312339819,46536.684244366756,3876.704920714609,-55640.79374791989,16227.596721181682,20489.20972186765,11992.401697099112,4637.817040686585
299309,86993.53991511535,-16827.635389754014,16241.808984683888,21478.537258645618,178204.01413844855,160952.78940465744,51806.02499457755,92515.49673578922,-44729.05448625805,51745.57821213176,8862.82767198705,-50102.31169991195,5247.866743714729,19836.701860397,1664.4258924938665,9616.071541784535
299310,102235.22388476427,-689.8650783836439,31031.978218927685,35951.96141080573,187815.15392242788,177443.96723890898,67883.95845904536,109106.70173503735,-32687.67555981723,67213.60900587917,23901.20804142504,-35654.76804459805,1537.4067552366203,22729.790744164125,-2252.731395982889,22047.832995010027
299311,99756.4596557885,-2850.855205311401,27144.92768741197,31731.60557416343,187420.62449170504,175112.6398799917,64538.63910501872,106702.25033258542,-36493.73216788401,63631.50269911374,20504.235058833256,-39693.219253757125,13426.90690782597,23952.723986291767,8826.111441387104,18452.01125426646
299312,84192.35285816391,-19394.639370167723,12048.555371719365,16892.490913581154,173801.04841686913,158230.71304883622,48102.76732134,89716.77530306847,-48933.04964206381,47812.26604047433,5139.123155984529,-54495.28095494909,17031.31998150128,20918.653787674368,12694.964754596007,5607.597291525912
299313,84676.35436958759,-19429.86636633321,13938.703479903685,19088.44151513688,175435.0887572642,158352.47318980616,49287.86933229426,89895.63819265013,-46702.80910808599,49351.04581531365,6564.317789259054,-52399.22664752927,6981.60030655688,19597.748649942696,3341.7747982271103,7578.670754200732
299314,100088.54904298962,-3216.233438365024,29173.471597019812,34086.983297120976,187720.08275393283,174956.10942352147,65692.44617675157,106611.49293561558,-34103.19570590077,65220.11388714523,21971.263588707043,-37433.751990962024,975.827176101669,22176.597372276818,-2696.9068251597814,20519.936882383307
299315,102107.23248234764,-601.9964156574849,29676.527051627272,34192.60655360366,187814.73274417763,177489.1985299795,67107.40312861107,109096.14946551278,-34335.27082946946,66212.93616359838,23025.020200575942,-37180.95276193031,11439.879396003353,24214.099008201105,6911.305963101062,20600.51915765389
299316,86349.64007231119,-17219.02218288801,14022.182700829568,18713.76210758977,176062.9087770554,160502.3622506554,50296.63392422987,91983.96375901082,-47338.4818820786,49946.54681975587,7242.224028751269,-52561.879799574366,17720.813874726122,21518.839668796907,13271.687799493242,7257.219023818152
299317,83077.6039541182,-21212.14875292575,12242.361623008605,17296.352784823237,173519.42105281272,156568.04511407472,47497.94748019762,88067.41549414946,-48187.37068481984,47626.61086535966,4930.01616215013,-54088.87906239753,8707.916648346802,19498.66111478606,4994.162153302849,6044.286754535626
299318,97449.14794633756,-6210.907056148744,26779.517589290546,31690.204807474358,187268.46098972583,171969.8375226315,62956.47371232569,103580.88096346363,-35965.443433052904,62676.73669017122,19523.37570529675,-39734.63490153969,649.0808855103624,21533.530470627084,-2915.6393822351856,18518.65062197263
299319,103719.26550080092,895.6144283981866,31511.384088886844,35973.005090996114,187699.13468074403,179087.17332354691,68906.2039109092,110675.42190309703,-32734.712089630157,68049.2353218535,24837.2139100466,-35345.3045959407,9181.667998614266,24241.88260425094,4766.932691219217,22127.818262062952
299320,89090.43062540938,-14379.998754746925,16542.786964014867,21080.27394460184,178959.84344603878,163433.68914533115,53094.714838462925,94884.80172027332,-45306.299036345874,52644.85752774681,9927.954816323794,-50102.23226803509,18172.614829656322,22202.673308862042,13599.799924283763,9275.070893528113
299321,82373.97599224851,-21963.810350089945,11302.825237620857,16254.484129381399,172787.090727197,155807.68322260195,46603.438781067496,87239.21497463877,-49101.184091129355,46718.50240390708,4149.361583665516,-55063.68025329088,10697.281121771455,19614.88946955012,6861.852098396567,4984.2089723849695
299322,94768.76632896168,-9168.525786714226,24245.6215490168,29176.225789226435,185821.58488190878,168987.89844172663,60137.25418624243,100528.56628147523,-37993.35122653643,60003.266892143016,17037.3878908422,-42205.18075570323,785.7791638473652,20935.200655498953,-2698.710074343994,16189.475092720999
299323,104526.25134716212,1574.5962357540739,32585.476103199413,37061.65747727126,187240.58519164435,179832.00630958017,69876.2227542723,111377.7112881525,-31743.77670592326,69062.27842778903,25952.075753525653,-34264.04006278398,6660.915191230285,24032.857567008687,2419.4745782048712,22845.594388489866
299324,92009.48696419594,-11320.000614748746,19284.55049392805,23716.828359751067,181765.3319618099,166571.8535495023,56112.50389711464,97980.94448074148,-43073.613449830154,55533.87382563622,12905.637622366123,-47433.88263160782,17991.164177776882,22831.387123288994,13342.521343788494,11363.350821437345
299325,82345.02804100909,-21923.71665293254,10933.72714742716,15781.06105892688,172747.3509331178,155828.84294185886,46389.727317770434,87188.27166902159,-49566.35385589431,46410.48426505154,4049.3701576366275,-55496.90015445559,12845.556531080867,19893.72161104958,8868.61639954245,4359.320731604107
299326,92276.9431539379,-11826.088401868441,21750.323476173657,26693.271434283994,183425.19027267594,166277.32796371393,57450.2387663028,97738.74119242629,-40048.47028901015,57386.78918978481,14696.657846187349,-44662.22415027672,1657.0982081865823,20480.794853612264,-1805.353098146016,13878.778522988423
299327,104747.06391172449,1691.7293014536249,33061.14632310292,37580.33704915842,187078.24621927,179979.70255701046,70216.44289069757,111479.03783527433,-31226.662392670216,69444.76646831764,26520.811327665833,-33765.451803229465,4187.483086649399,23675.53384763025,132.55416654076168,23124.76855635702
299328,95157.86591859949,-7990.646348182167,22324.43035936459,26683.187220236236,184628.2796877867,169961.51616012643,59404.96218490957,101337.21966895266,-40561.520172313794,58689.40006898195,16199.646475715488,-44476.24018993371,16862.33181686463,23347.96888757605,12196.768075051055,13764.502686475294
299329,83056.53992810565,-21032.928446339956,11246.958061238493,15981.783216258722,173094.6067993233,156682.1539384988,46935.233218154746,87982.74721445036,-49463.91375725496,46817.45794066779,4713.09646215487,-55281.875876334685,14639.991024077246,20252.334572237763,10528.03060552773,4344.542546091177
299330,90276.37649756209,-13841.104883698343,19567.910618164908,24484.833952711684,181450.94344289292,164160.15163329864,55191.20992960383,95553.55422026114,-41924.09924850959,55124.17268492332,12795.778074031503,-46878.06440495083,3101.8631498194713,20179.203767243183,-392.40739019968134,11761.802374385452
299331,104757.44232908226,1707.6338709203085,33184.26173375777,37732.289512600255,187428.86691859097,179959.98635604535,70251.13105303768,111425.01147758322,-31034.126660354144,69474.26291371838,26887.725474269944,-33655.275056818966,2216.2099241858746,23296.764643372648,-1672.2866209404222,23017.95840600983
299332,98786.75266563329,-4053.49497636659,25808.007843332176,30108.087804892974,187118.0954112067,173906.93138148024,63179.48223840496,105271.23711889543,-37687.7975992555,62261.48909074682,20088.69204007394,-41106.099726661545,15013.773443025359,23813.542048375857,10376.072703887428,16410.192613628067
299333,84697.0759759715,-19031.141721961045,12399.86621991772,17030.952993733204,174087.11946037837,158597.17645237123,48422.77806801721,89865.22975656707,-48669.57958616248,48063.9706755278,6407.175329136547,-54256.86202725198,15889.997676163408,20684.949729749576,11668.706878826997,4906.208325120625
299334,88683.31510627946,-15242.075082879419,17624.052262467496,22517.418804909565,179431.39250297617,162578.84502101515,53281.33342021985,93920.54158791901,-43690.2683388075,53084.55185673301,11322.265382738831,-48905.818372590875,4879.854871202492,19973.136341978025,1324.6576201408043,9653.166532174626
299335,104143.72750608224,1257.1129554306358,32546.391027260022,37143.43922898178,187799.7573448436,179381.19706416473,69558.4190000891,110819.74090798805,-31551.99465644753,68692.52340640279,26608.342586849645,-34335.43630495806,1088.6200445315715,22873.295423332303,-2667.4070778292653,22139.999015374502
299336,102162.41545497609,-224.0930451672141,29051.007046111386,33322.91576065073,187450.68927059893,177697.19648932933,66705.92537763542,109041.93511025906,-35086.70656506132,65507.09720994717,23714.800002435317,-38022.2881742693,13051.28805847326,24189.59367312016,8468.436799114323,18775.766838835578
299337,86699.71123025862,-16502.89663865587,13978.762977373877,18513.886485034087,175690.2358316211,161052.45390492838,50351.15899049223,92221.3934938107,-47571.718059820836,49668.759055973,8445.053986718853,-52858.24433195591,16860.721253940566,21172.939585271342,12523.229546996306,5821.886636080863
299338,86980.0839665792,-16614.354834286973,15655.960517375188,20508.567409727595,177085.7227289352,161071.55432546564,51317.16973263603,92188.31814271983,-45567.83326259883,50912.86132634282,9688.656180712762,-51026.16853029706,6769.6719748141895,19776.77427753379,3138.7270185061398,7500.962397677469
299339,102325.63446204453,-339.991337745579,30836.540788044043,35463.07766870559,187688.46796372777,177722.13605986413,67663.4253999356,108844.71056764964,-33018.474379830404,66688.14038170793,25100.6791256277,-36128.34061091961,547.1999352924703,22300.829062807083,-3090.8735899295166,20347.242476706222
299340,104655.27113282584,2745.404299709274,31615.781760505735,35851.37198440281,187797.46514529933,180720.8748323147,69405.39692356024,111695.68783543771,-33063.880329266,67932.0462625333,26494.91534913105,-35640.951849558725,10972.185454360677,24385.313262877626,6473.311414749957,20575.37424592438
299341,89001.90082730167,-13607.953527300117,15999.208954019117,20427.76666277572,178076.2408640853,163992.3836839805,52690.30997836916,94729.43428862342,-46089.78003150082,51672.05625635052,10810.585486654767,-51029.09061380327,17582.3877753738,21749.436707064742,13131.732617839376,7163.179870780874
299342,85494.55325621644,-17711.36020720388,13976.762985814481,18801.32821373325,175258.2350988017,159940.9981653117,49656.30137627706,90581.42189234044,-47191.61987261821,49038.973473890204,8271.097125366827,-52841.87224618305,8699.69554803101,19686.723045739396,4978.856634551301,5656.891875316085
299343,99623.43415407077,-2858.1199328524553,28320.939236991308,33041.97041057614,187274.51527383435,175187.8785165875,64900.36666723818,105855.49226188438,-35113.03740356308,63866.18080076113,22713.467936032022,-38664.443717923845,435.78861271656064,21649.548089128486,-3113.6315012252267,17965.28318078455
299344,105968.07204334319,4423.575192768018,33164.01849280067,37464.07101704054,187670.89704671243,182474.94321146648,70960.73773532329,113053.14960892953,-31803.462519408356,69312.51555884225,28160.458065803283,-34178.83789720628,8777.786952832925,24348.272728932272,4387.559503723294,21645.186957995164
299345,91321.41006738566,-10762.811085327108,18170.255439472374,22553.777752172584,180645.72041057743,166902.4215398173,55138.510886902244,97264.46559177866,-44423.484284548584,53842.51338308898,13237.479931871985,-48985.15716223346,18019.41772141691,22348.49672339097,13447.990968947079,8759.896440519018
299346,84326.02899043076,-18546.007889708486,12662.421937023177,17469.51357425913,174183.62480171263,159069.51500881577,48366.33947313649,89330.59388848834,-48481.998517885295,47570.04562736646,7155.006723723801,-54246.23467125672,10815.416256944332,19740.20594445523,6970.221975192416,4240.87057370753
299347,96442.53294245261,-5984.446288604566,25395.83210104697,30200.608488541562,186964.0065234362,172012.37264104577,61645.9194738299,102325.1492992684,-37534.09846138052,60598.33118703805,19812.621105791197,-41578.79895186631,839.6325188568146,21012.166832140425,-2643.901658178181,15324.082375067388
299348,106212.31268514082,4808.238589615148,33829.6784941215,38197.60982922683,187251.24983800796,182905.53793074784,71445.07040900088,113188.75011802731,-31192.464553243193,69713.0569265591,28794.75804345829,-33533.362078757425,6411.164650549035,24079.632489547083,2187.3156958847153,22096.539909439023
299349,93647.54944344112,-8095.69432981245,20519.030272027507,24847.1302344208,182963.03902602763,169637.83817623026,57653.67348222621,99734.17187706908,-42536.90188982436,56122.89992415281,15705.045742386497,-46717.30707604584,17803.6334199012,22889.61725088497,13163.472982732572,10621.464900199306
299350,83604.6609442735,-19061.78134289411,11832.61936977013,16569.698073744043,173588.9115248178,158539.35576059122,47551.22800308894,88518.71012930163,-49342.38577005615,46569.11543964551,6449.769339569094,-55134.57850659205,12937.973017079883,19922.11523334096,8958.093626280344,3335.0777224106946
299351,93184.25388970989,-9326.37273712386,22374.434299530443,27206.72970949127,183956.2406943664,168638.96447114367,58277.8501175124,98669.10998506332,-40057.640103687125,57191.540665611654,16765.196322310185,-44565.831215275466,1868.6948478824113,20474.789144671333,-1607.6825282024017,12657.828712509036
299352,105603.05761903046,4119.713395512396,33725.53418283102,38145.52106559854,187122.20423015172,182289.82241777287,71039.70777654201,112332.77903564073,-31189.28915536134,69210.0333839239,28580.409516758707,-33604.91848006288,4204.6441901456,23655.814279690087,146.77510629242897,21982.909585249738
299353,95962.42690861147,-5636.120902810565,23002.45076939056,27278.210074008137,185149.48942417122,172223.23833605793,60214.777444606385,102107.53645580178,-40499.661113070244,58356.3250880116,18223.41404076428,-44279.11845677626,16861.295417378744,23337.096052835594,12184.809241999,12677.763368579688
299354,83376.23783653998,-19214.793392663083,11507.29666196194,16177.5974468372,173184.30952142997,158438.69340617314,47274.81784862404,88196.05278901522,-49738.23821765253,45929.2578566909,6252.461967985016,-55473.82091839432,14865.722817007218,20192.126644117354,10732.868585292541,2961.0197079941217
299355,90033.6907910789,-12663.548210780773,19362.481793326264,24237.57859810547,181067.482417854,165311.22876804866,54992.982009040665,95124.36614451408,-42567.88579632407,53671.25225085383,13790.465695581977,-47498.26815390458,3480.3953462160844,20059.48111901634,-38.927687079684574,10062.894766848573
299356,104281.11522336358,2566.0825590582936,32853.21749960272,37383.843175756294,187448.85151073197,180832.74797486066,69872.64037053904,110708.61240879765,-31749.91410807553,67867.88818342934,27665.75010910351,-34355.66753297686,2507.9346471666486,23156.125052356983,-1396.749998644219,21322.878514592754
299357,98262.7180370127,-3327.835950373221,25517.810893654376,29815.269043446166,187166.57381947894,174696.52453938976,62807.73107922383,104463.54278953817,-38341.191160954084,60678.75342455751,20807.59752601412,-41729.642199228314,15283.43605910475,23698.677363199706,10626.957985036956,14856.238741933354
299358,83687.66985109149,-18911.420091332388,11725.132957433958,16367.529178873152,173196.12168623164,158840.91936879637,47596.27752066859,88475.33781676253,-49601.781178148034,46047.67494838993,6642.892105339205,-55213.97802892006,16329.883630847009,20534.268907852667,12081.604720783287,3141.8337825023677
299359,86997.88887400791,-15953.546972930015,16410.12641978725,21334.14427652638,177952.65128989355,162052.96451397135,51811.0137980589,91723.70868071998,-45023.48853685278,50482.10082482091,10914.48868511386,-50345.4046218615,5389.178545411965,19734.60376312409,1811.2775378559122,7541.857679690644
299360,102114.74285200963,41.91381258977265,31121.24910886865,35767.360028036404,187761.8115708526,178412.66327172023,67796.40179087268,108169.40018630348,-32999.265244988055,65893.80254449983,25902.245534974772,-35926.905881298066,1466.9154678202633,22586.640899999413,-2296.930908931461,19964.41063493226
299361,100175.25588537112,-1542.0021998987672,27748.843071476862,32076.838778921807,187477.28743814523,176677.1162219905,65032.67633551911,106353.74895004027,-36376.46643881519,62883.03687812615,23070.35210216127,-39435.78984950802,13409.692318673393,23954.4183460478,8805.232970444129,16814.229486692115
299362,84439.3894134248,-18257.578415956938,12466.793187570149,17068.047631299512,173941.0523832735,159644.50263928622,48423.08857932301,89179.06518868239,-48967.924430784726,46864.45627192997,7543.870075331728,-54408.52002540974,17429.155883796,20954.729120814125,13049.969587141066,3810.602072091625
299363,84192.52699549776,-19094.78017836104,13719.55956947055,18662.45029181215,174863.56807379174,158983.39681392311,48883.51598127967,88536.77376734772,-47238.45877986094,47704.88380553065,8312.936146638645,-52914.90005883148,7350.562678470937,19494.773876868974,3688.1664234174805,5260.404253277169
299364,99223.2312221851,-3342.922584829901,28694.42557015095,33433.90748238706,187631.1335443832,175148.3266571585,64946.92602817328,104812.28606633071,-34793.18469129091,63308.43965719475,23451.108407300642,-38162.25225960184,949.3103892262448,21959.47615876211,-2699.765132491737,18039.96187156024
299365,101600.49275738894,-389.2478715825945,29586.090133523907,33935.54388417927,187763.21062045445,178049.94038576604,66765.19148379886,107676.79764412768,-34682.91332707529,64747.40162702878,24926.92974717329,-37498.332243727884,11299.760176210633,24079.96232439079,6783.9377120727195,18473.631585671465
299366,85886.11822166514,-16973.40911812349,13937.106564470432,18466.33206665114,175767.50458858875,161124.11579196784,49989.90737170056,90608.22399971333,-47676.515502813534,48509.270339363684,9185.840388551293,-52855.85533178281,18088.064911397545,21487.105751969397,13610.912253134666,5149.216030313921
299367,82167.01748094521,-21473.88910649003,11748.980226349711,16663.24504956431,172762.95575456537,156707.3025798964,46737.660312924345,86184.31562936318,-48835.2932591712,45758.721609064945,6463.260558704755,-54756.63987850795,9236.478355454803,19412.17791942744,5490.558501615049,3625.700002606326
299368,96244.91416267307,-6855.056291758065,26096.52102388169,30897.281709718325,187263.3389951395,171755.0666678449,61934.46202028705,101349.07311411407,-36697.208454981,60627.231944774336,20857.681373802425,-40541.92047677941,757.7637900215474,21339.630410470338,-2803.2728289948295,16020.143986568888
299369,102849.7730622403,541.8225998364203,31212.347810944815,35575.29263675332,187611.77057594282,179192.89218034502,68261.37408210436,108790.07240970814,-33101.34844187414,66443.0732739748,26571.51392548011,-35740.07250730744,8861.42121192005,24070.13312092551,4471.072492103568,20022.007994812397
299370,88396.3259777714,-14567.941011527411,16366.4996743097,20792.069886217963,178572.38253543034,163729.25002803298,52609.38333850553,93196.36396961298,-45560.54427509788,51202.00523543386,11806.954379427925,-50364.291630603606,18245.16175809633,22134.476782014513,13661.733013038418,7347.3425691124185
299371,81360.05967771652,-22506.084516997602,10780.357324146797,15612.629494285839,172096.96048753138,155768.14455220976,45762.01392937287,85210.45853286526,-49644.19517159657,44920.94937834967,5664.353955754422,-55658.19114528087,11188.405071404975,19543.303615333283,7326.742346721627,2843.105270445813
299372,93540.98515730818,-9985.29174921607,23559.408133938963,28380.94543104939,184894.85545832932,168696.5993198548,59087.88724736838,98265.23011955639,-38630.81965158253,58055.63406053118,18358.631908935386,-42931.77977000356,1088.213557830302,20797.08851425042,-2401.5611250934962,14008.63763333041
299373,103631.00950389133,1053.4760448770096,32287.71703059119,36662.60614847832,187233.91300280092,179860.50864741218,69206.07763383361,109474.57248671372,-32019.012078972668,67559.33040170735,27645.768095526917,-34582.570946331805,6407.500449924772,23884.03065183432,2186.574894209142,21063.409018191884
299374,91336.2728198677,-11629.23757494706,19183.195730579642,23507.819780064216,181414.07182646715,166830.33838222682,55663.49987418946,96327.02104141287,-43180.938854196014,54259.93633101327,14784.834095394634,-47554.93215468534,17848.857061117556,22749.167907922696,13206.952335281843,9802.379928717086
299375,81316.93000967901,-22614.854771958155,10445.424598171001,15178.120069438179,172079.2793891522,155717.4256999626,45544.154322011695,85159.75305753545,-50004.896318039566,44733.8484220386,5513.756480978134,-56000.11583235924,13136.833988192446,19798.983682230733,9148.729083687569,2521.0097189323087
299376,90992.44846783398,-12812.210906904624,21021.290305158225,25855.35105133162,182521.86234138638,165883.62943647412,56335.19214526741,95436.88077736604,-40673.12340820402,55471.43595551408,15882.136294601816,-45394.16030692451,2031.1004899318334,20351.902257664784,-1446.758673724687,11888.967190892437
299377,103784.70406368758,1007.9798110288514,32689.078343761787,37111.099092519915,187151.6898534207,179905.68569640268,69459.74399822963,109532.42698778432,-31528.25653483753,67935.09663771742,28039.0830286079,-34126.342658110036,4152.24010174496,23563.264416569575,104.90986196888707,21480.269304680416
299378,94507.68752464246,-8364.383174912624,22260.928703605223,26524.633269781276,184319.78905996447,170214.30613584127,58980.2497229071,99738.94236233781,-40608.81051998913,57516.820910464485,17999.992875219916,-44526.79275828091,16781.39502006497,23304.143812805727,12117.045987698635,12418.143676998849
299379,81936.21930277458,-21917.193176453096,10713.320155873667,15357.466589626621,172328.08086551522,156437.2281708247,46011.37780059501,85876.98334934727,-49904.60617282862,45147.257321583726,5988.646176723159,-55788.42353440596,14894.594155482364,20160.47065558166,10773.83701224063,2656.51727133228
299380,88639.69479791616,-15300.422778397658,18559.478026349207,23398.716395092353,180230.21522063628,163350.48122376116,53736.09517901293,92879.81993023146,-42751.9227700284,52956.82095771356,13513.808861430914,-47850.20046746014,3490.1123535177576,20011.299738059104,-16.18942692599694,9731.194253261987
299381,103243.05680720563,332.6739562322201,32347.99545413138,36827.14814794498,187473.94173059496,179252.9230764778,68951.9315066703,108878.53238892317,-31699.547583642037,67519.56895263787,27687.143278216303,-34452.282630826434,2376.31856998725,23138.16106535246,-1513.2052587139087,21213.24254542521
299382,97665.68919422137,-5050.691986744411,25378.386671070362,29601.036623071013,187188.64376837306,173602.84263606303,62308.21040594383,103145.64331793037,-38018.67921921801,60758.40841664197,21202.134672640226,-41505.3420094984,15132.998736727814,23752.502142552654,10481.921982320824,15031.175065939082
299383,83221.19431184695,-20440.355754398428,11636.769302397937,16189.9693427134,173056.1537765443,157905.1370111656,47184.603422280925,87337.51097715872,-49265.76129607855,46214.06618252098,7085.76991575057,-54975.04831284715,16252.58074233852,20595.840431840134,12003.59971279429,3347.1099792783657
299384,86632.25214899257,-17316.074724067254,16356.539799451177,21181.63314056248,177855.8728393447,161242.58055595538,51458.64143827979,90734.89754098814,-44676.81884831148,50698.75729183333,11380.389836779026,-50108.30466600438,5236.674336559668,19774.96576207252,1673.1339518480133,7756.9939116980095
299385,102090.32431323035,-886.7228354961305,31331.850758548735,35869.99437495734,187753.82293806298,177992.95030943718,67754.61295627238,107600.43038023931,-32455.296304073567,66392.48827797556,26627.40407514011,-35471.96283397213,1177.499740160015,22649.1489734822,-2561.234682775957,20371.043362666212
299386,100666.42316265551,-1830.6675442592618,28372.574156347233,32580.91391349832,187493.92216797534,176853.3976173335,65482.25612505601,106409.10877141113,-35540.14289438621,63820.60416981303,24215.14337091818,-38623.89243902674,13091.69664143916,24095.210862070104,8509.623230918314,17528.49480916788
299387,85154.13382001693,-18204.607937972833,13207.561129465568,17679.157022333806,174702.6687781078,160111.375282919,49052.904980978914,89544.96422109214,-48094.07526975753,47921.02477012333,8794.894553732709,-53534.69988883949,17233.290524170585,21126.88390411502,12880.699431778317,4587.558105185723
299388,84953.5732898945,-18890.05243238245,14430.280321320517,19241.883464066024,175592.97047545935,159543.40037523347,49514.08511132477,89010.38574920269,-46436.16909946558,48703.84737675175,9499.928661422698,-52127.7498063472,7151.623987592789,19631.641570332304,3508.9896799433436,5969.485852146759
299389,100184.7711657442,-2821.8344108891474,29541.847524369237,34154.45346630743,187613.59482398687,175967.7684692042,65748.54990272646,105558.98884946607,-33899.56541796679,64430.01684563864,24757.71642254403,-37285.58048666906,602.3630113348047,22080.17657540655,-3035.671653948601,18836.699288936237
299390,103018.75206175947,734.8281253283601,30804.0970188694,35022.383680220046,187752.15425763218,179419.81558146805,68006.3603286066,108986.3321547601,-33537.87198887179,66232.67851921827,26592.131780140804,-36320.29641536747,10870.942767574545,24255.81572413182,6367.564624438905,19528.969787558093
299391,87498.66127063276,-15515.848694461485,15246.99167485457,19636.108878334344,177183.11225828924,162771.73298618535,51386.05787251168,92204.470670935,-46520.64081764885,50072.334569516,10927.74195145029,-51666.0010477921,17891.915061812535,21708.086064885356,13411.405537345494,6231.36247947421
299392,83677.65305975656,-20005.430133969763,12894.882358897543,17675.594805443834,174013.68673741212,158304.4868129851,47991.55795528272,87737.34001553038,-47872.93017380008,47110.49301329419,8001.677970451019,-53814.558483959,9158.851533492349,19597.535964220624,5411.84671110723,4512.445741096724
299393,97707.91877577835,-5332.723429107027,27176.275492039367,31859.28659518237,187268.84991625772,173349.68168879524,63128.24378136028,102910.0109245857,-35815.73389360425,61873.02460445541,22296.623494750715,-39720.90123763454,537.8955920399009,21478.236414756582,-2999.310185593968,16811.80422396578
299394,104541.36485939547,2410.647155930429,32501.286891708947,36757.1999709869,187595.35416682903,181088.2968518093,69693.05143503002,110657.39497770154,-32096.510536666476,67863.96068646046,28188.279205867057,-34771.17020031977,8492.598621394764,24220.016099312772,4132.039886352495,20929.026855452714
299395,90133.05883313037,-12540.474871755814,17657.064628240136,21979.977838716244,180012.1941555885,165736.0143710961,54072.90036978861,95171.40247295983,-44613.2457443836,52593.833894849224,13401.747588892846,-49444.69725867858,18082.469542544077,22313.91212925147,13513.516867368176,8198.180789838196
299396,82857.53513100707,-20636.727057069773,11815.102264410603,16557.49328979452,173277.49771839858,157567.14762752457,46964.652065150294,86973.53791594424,-48960.395060432376,46001.66268445271,6961.525530275123,-55039.46203991753,11212.503820290396,19686.1808758743,7350.236454811407,3427.691361502904
299397,94849.49139545123,-8242.66154456425,24428.16675607031,29185.54198827758,185913.97170413716,170327.4979922456,60103.742389744715,99858.88268159868,-38094.4574707127,58926.873846422546,19458.09607510673,-42496.085314726995,1060.709449619922,20894.7330159592,-2429.1563059722157,14435.705415528735
299398,105057.05758841173,2983.0610933962016,33302.01498279499,37637.63313771884,187241.2882763257,181649.85697530414,70363.08303293955,111225.97824535149,-31375.59699203883,68547.25780370508,28861.739745575785,-34022.719493302066,6165.049684966684,23980.788025911144,1957.850569253735,21589.43059017491
299399,92814.62652695032,-9575.102689332316,20249.70012559487,24545.567006906356,182632.67675369186,168715.280744377,56880.764347467324,98170.8594021668,-42520.87466786101,55278.852296199664,16030.756631197684,-46965.24441001947,17709.176159384817,22878.52118815347,13068.365905282644,10339.992239442872
299400,82482.83447882168,-20831.271929813138,11210.179514495709,15926.283130388669,172988.50954532792,157298.6413031994,46436.655410080784,86693.90177293445,-49624.693340872414,45409.571508678346,6418.354141658301,-55731.11923137217,13225.662657462522,19898.46538832524,9228.361458847234,2771.597338373457
299401,91838.14928978968,-11332.603932552942,21512.693667707663,26350.279396822596,183161.03436624297,167136.88810520316,56913.823428735246,96640.44438963414,-40516.42253921827,55843.085421866315,16482.48314795269,-45392.506194165166,2142.7769191580182,20399.896745644437,-1335.8339140598052,11904.617673513414
299402,104642.0973904215,2517.1716479100223,33249.631105070905,37695.31825207079,187180.26411310612,181181.734511099,70086.64581427356,110758.80732825247,-31306.021444774655,68356.23610456797,28676.977332541675,-34052.67283391654,4057.478693006059,23597.96381350076,20.62722712595314,21552.340029335333
299403,95449.41002767641,-6745.2190047304575,22932.611438063326,27228.553277345123,185128.58422150882,171593.75241481146,59719.040201637225,101064.75844139824,-40288.08756795384,58042.79627335961,18725.361596676936,-44341.06604506784,16700.69537865699,23373.229216189502,12029.031812167284,12580.083841032601
299404,82592.99900225412,-20583.225849121398,11125.89198501632,15811.29313338264,172847.51847991574,157518.88873117283,46467.42930730051,86894.64980630872,-49796.552818929005,45391.4983983933,6422.621481886261,-55853.57808493043,15006.134789937561,20207.03092764747,10867.951957921829,2603.0987882958834
299405,88932.74904113961,-14357.471891799623,18663.913027457435,23554.761454746338,180424.3809910225,164035.60435960724,53836.2453443456,93459.36388581421,-42887.43651452217,52864.56768864013,13604.68547745729,-48202.713316870315,3662.556399380323,20006.175242190642,148.42673688511752,9430.072010740188
299406,103494.135375833,1206.6106458485108,32474.427905149212,37012.50091928544,187489.74546103238,179880.1364899609,69044.77970257291,109336.1023257103,-31801.176179790855,67434.07528857474,27773.77941567031,-34763.17881696966,2376.716059719802,23116.389439090235,-1502.9609855809615,20939.262819914336
299407,98075.28468275313,-4028.590682845307,25693.534271274897,29972.25800161565,187218.21923039283,174391.13583347108,62592.24779432545,103702.42842682701,-37958.875953160445,60860.47042635686,21460.42724993838,-41618.31355208257,15095.337888521688,23774.614664052737,10450.203030712968,14910.911523752784
299408,83422.18675150326,-19660.03606865334,11770.479936259382,16370.899811588486,173231.8536172274,158456.41808358917,47266.76080335369,87590.58877706376,-49346.04911975311,46124.18790971476,7141.291700856398,-55250.48697336037,16390.392043415475,20609.35657660928,12140.097503818573,3083.48134029799
299409,86491.41483382571,-16933.8684971947,16203.132454305745,21076.07735975173,177696.77129515377,161402.16948159874,51210.600468519464,90533.6545641642,-44981.89022031179,50301.443374320006,11120.455510463169,-50648.63519284031,5409.011689406665,19732.877841187532,1842.340053572349,7260.952000493635
299410,101867.34907424689,-640.8032680899662,31153.770333620094,35739.37895350586,187734.57275423853,178036.7367224872,67456.60397283363,107233.2317471086,-32755.608323596407,65965.94227056263,26328.425501477235,-36012.79186692834,1202.8681364668387,22579.74116662523,-2534.3495178780554,19866.331869172784
299411,100652.4818878453,-1409.0635690035706,28422.549218774475,32663.99819767561,187511.8528017695,177096.28442214482,65422.2293846658,106196.99196965489,-35631.45226969612,63636.80929183193,24142.06485465409,-38921.64923392136,13039.727040770123,24065.677961887784,8454.768624579738,17228.051126211394
299412,85167.97951383993,-17788.324506416473,13278.506242498315,17767.43478199593,174771.49234575313,160363.35455685703,49023.731794920925,89290.38494105265,-48147.743248746076,47772.64496340477,8740.27954351291,-53790.985835185056,17300.948697096013,21123.32843332473,12930.134623658285,4335.172269751552
299413,84816.74230990157,-18666.48371462282,14360.780527782734,19185.410537592114,175481.1254018531,159610.56428566668,49336.76355385107,88522.20401761237,-46582.67859318545,48426.278013774565,9305.840164331255,-52491.462360826874,7243.628891315747,19610.704093838027,3593.4842604579753,5629.623451596974
299414,100028.68854661955,-2657.662753294029,29473.99792581861,34099.77848813828,187582.23847521725,175991.59675532256,65572.54039157988,104994.02836819313,-34019.65057563354,64167.269171828855,24570.378379123315,-37618.41626215826,517.4849636494578,22030.704434877647,-3097.397971959875,18514.337510196216
299415,103182.80252344909,1205.0798653486227,31041.73112323659,35267.066222120615,187732.93089274055,179771.48140134363,68175.49051799849,108725.25691806563,-33396.3375228549,66304.14987749871,26729.53540504074,-36330.34432653192,10641.768691838983,24248.842290205554,6163.116061540964,19471.84207398087
299416,87818.5697440171,-14896.551833081498,15590.136618272238,19975.030413259832,177501.67962242488,163283.0599165439,51704.3799821555,92070.83436164142,-46299.4710327368,50272.160436341655,11187.672810999444,-51547.25330196325,17839.40411483156,21751.031506435138,13357.106185261111,6279.434670335728
299417,83871.10288482353,-19532.60634359807,13089.547062680636,17860.764578684877,174168.12761677447,158669.90397084167,48169.89680228962,87423.11384421235,-47788.12903348967,47159.16610284619,8113.229817992975,-53814.90591803822,9213.202075165658,19621.417765484068,5462.81480257249,4440.5284104098855
299418,97855.16467615226,-4928.069027498699,27330.240688270234,32007.06914049837,187266.90902788914,173652.74016593047,63268.7033244607,102510.200329689,-35748.14091402531,61883.42181365336,22375.471591552876,-39729.8103010678,450.6049620304084,21462.46568913052,-3076.8454866403467,16716.974559087044
299419,105019.28268611623,3152.089400623787,32967.297124892284,37216.114321591485,187560.2143379122,181739.39536527818,70188.65568261976,110592.83024373566,-31762.18331582195,68207.42456894553,28597.724901350117,-34452.91256119269,8190.75895549095,24236.02348525905,3843.0709043519846,21101.00210661861
299420,90844.2594235967,-11544.64736710901,18291.08909015009,22596.931328502986,180564.31602125714,166642.6767385392,54794.354839986845,95339.32106285567,-44151.472428628345,53126.1586880354,13994.136057670292,-48958.93597553285,17936.62703825351,22392.82825773943,13360.674527655894,8524.492976004554
299421,83441.47488286471,-19758.20680362213,12273.66659881836,16993.4435647962,173678.7269475458,158341.84231531573,47532.98513590645,86974.87048211382,-48656.0698051628,46354.164540405814,7374.549926522076,-54734.253455337675,11249.586911099848,19751.75926231005,7377.84453679584,3607.055282838115
299422,95330.54244666011,-7463.269881762417,24775.659916561875,29513.6589959798,186190.54834306176,170989.81193532114,60566.65180881689,99726.79210975626,-37866.95924646377,59165.85230047373,19758.458583667092,-42298.38267761778,1023.0452825528118,20922.555179855313,-2460.586516395588,14523.734424547658
299423,105791.3730447613,4036.378027362764,33894.238427143086,38211.39813297772,187234.89728654016,182583.53123129503,71103.70537473986,111366.51187902584,-30941.55924466824,69036.9887903416,29408.939320359583,-33587.136217609615,5881.692656648893,24020.227983389974,1691.6093451750603,21875.949433150898
299424,93763.79504256463,-8273.087973404721,21010.450331697884,25278.5778242555,183275.23190988254,169890.9753120967,57838.90195963147,98548.74180075474,-41970.80229748584,55943.758735230425,16746.80252917456,-46380.39750598029,17530.79497525584,22969.80667989365,12890.936833999835,10769.853724802859
299425,83239.39961017307,-19707.5299118056,11742.742304355163,16427.859990154902,173412.97024799173,158277.64054059616,47181.37668516354,86857.62366261994,-49287.03672129137,45830.49737148633,6892.869607376196,-55385.86074694236,13264.106732407452,19963.537412933554,9264.091938059873,3010.1935390342046
299426,92398.7584946116,-10404.527598899309,21851.935041547957,26666.020975814674,183416.69526095473,167904.93150475703,57458.382970421706,96583.77995423599,-40339.22504817033,56048.95713029245,16745.59996395452,-45242.78740428799,2175.377328096094,20416.10156774395,-1300.2876601513558,11979.234059783015
299427,105358.93342999049,3613.598518315983,33757.06492833252,38184.46581955241,187216.02297466004,182116.50142185518,70812.84771498476,110871.13355377634,-30982.636702425418,68728.83357231892,29103.566498859596,-33737.601984334295,3860.9255314217817,23611.550731886346,-163.49974256359678,21768.317373578648
299428,96390.46578154128,-5397.903856603273,23643.545644819413,27915.883166451367,185725.14921834308,172779.40527050462,60680.023397958605,101425.20247903038,-39819.29602120927,58620.365882145794,19345.792550116133,-43841.095157092335,16540.929348877013,23441.830846528916,11874.103683909105,12971.475204282977
299429,83296.20665058293,-19468.086360762452,11586.253556182342,16247.365295374484,173158.2131079785,158460.14381972104,47173.53528943558,86997.99195960676,-49555.74285296349,45703.18233923234,6767.27100389726,-55611.25202031119,15079.727634014322,20257.92663242468,10939.353868312379,2798.087900037644
299430,89313.81263999786,-13578.043688138685,18827.76133387227,23709.736014983293,180458.86817706464,164631.01921477728,54219.33495521459,93239.2670665782,-42892.44276260538,52854.52246765165,13619.520533277997,-48253.559402548024,3776.550840131744,20000.91177848392,262.80077984042447,9384.165908934645
299431,103853.38152408012,1954.8349965785228,32654.646777670645,37204.83884101375,187527.29003703344,180448.82686191783,69434.62914988423,109152.10777150394,-31770.405911182905,67438.96333943479,27788.14650046546,-34784.45381870157,2309.1486641936317,23088.52465545034,-1562.7715992548563,20926.8167086393
299432,98616.57971949212,-3091.385897445267,26068.481774251937,30368.85633732532,187253.17400194827,175159.28912099742,63190.59374646426,103780.31372671235,-37767.148474903115,61070.363672240754,21656.582865119224,-41444.66008549583,15011.417973660316,23798.282656862022,10360.969020638182,15087.032520904875
299433,83731.6547302206,-18970.052058608308,11920.055641623314,16552.99875015114,173260.77330877655,158979.4697741227,47625.46467470784,87474.00597225495,-49340.649353729335,46106.64042442222,7088.6152383027265,-55291.331588136454,16554.363441174894,20630.049284505174,12284.541859020661,3108.9423660713965
299434,86364.37826857442,-16725.170260140043,15963.170534503752,20889.311955918165,177300.84364082926,161444.81872782245,51128.1013410639,89980.86405463627,-45280.70488929143,49878.67112498768,10647.661064885831,-51053.133279903326,5664.7365173170365,19689.1446605632,2085.5822127519587,6993.010367220107
299435,101591.6495885496,-629.1379849856987,30831.113978208206,35493.04029795075,187725.03362581818,177900.6619662065,67251.7000268198,106545.18131824359,-33088.252642644446,65457.80885263493,25748.940686152506,-36473.75867043843,1263.3745502380405,22489.889100372122,-2471.3430909204,19563.742990369312
299436,100548.41527447145,-1254.1219518676837,28305.960821963767,32636.222363324036,187553.87954217213,177133.15812092164,65421.44013585033,105717.99694260307,-35785.59930252025,63354.10798899704,23756.214559899876,-39163.90749016398,13049.49204908381,24030.429071250997,8462.909629551155,17122.316653710313
299437,84775.12349564361,-17974.188582014856,12898.668954975903,17482.838551253142,174324.0950318794,160078.8278680453,48732.12117371004,88512.24403535755,-48508.27275828252,47241.48496161398,8073.9100548034185,-54268.63046661152,17617.454004290958,21095.703028907075,13230.937148740113,4051.919014947181
299438,83889.30629344462,-19477.772503731092,13524.202672457866,18455.913739304728,174490.581715379,158720.11667217527,48512.677783536754,87162.71717452302,-47303.322136014365,47421.45041781585,8133.444274600923,-53396.83103991034,7640.408090293441,19502.094817806406,3981.9959569911716,5000.161613356685
299439,98819.02395861683,-3842.978370262144,28449.382734367075,33207.192693062956,187532.3093072691,174758.65817867132,64500.51277556907,103405.83151763002,-34847.88594916645,62973.34988159917,23173.12139903332,-38671.60781800006,748.9541166398292,21865.474184591767,-2864.8228848507765,17779.491243223318
299440,102011.31690189928,-10.547679080100863,30120.530701314965,34496.98132240759,187728.27106203497,178539.50090239564,67185.56392532992,107306.9084550676,-34089.67454169873,65250.16037670012,25426.70490103904,-37235.326163123886,10770.291546490447,24111.842352616764,6290.591996353738,18880.36483733795
299441,86501.21737726622,-16332.977956592922,14562.645683569894,19102.921799363918,176403.32071888354,161849.45367751364,50584.55522206337,90599.77416273639,-47043.276501674234,49147.02803208276,9758.0275231337,-52513.94619172228,18132.820847701296,21637.64340912155,13639.969974764901,5663.453628642354
299442,82215.55270070353,-21402.40211315754,11781.846485687927,16716.0082392429,172768.68316179616,156819.0136446581,46720.69582436485,85656.7063741863,-48718.88370312764,45779.656032695646,6368.0797843679375,-55005.078876535714,9585.659319451068,19472.269348548612,5824.10496498246,3677.642910230538
299443,95986.46191020214,-7115.420449534629,25883.638720486848,30734.546009501708,187234.79992238773,171514.12680992243,61626.960986529,100560.78430655978,-36751.11441468745,60372.5861645943,20439.198114936746,-41021.015490712525,718.225186074549,21270.98113842462,-2808.6019883172426,15922.117984008137
299444,103213.77527543774,937.6462679895805,31642.841715851675,36063.33887270828,187510.6600684006,179614.30793338982,68638.34978618319,108747.67812546177,-32625.936859283785,66844.98534479248,26753.613031832832,-35590.56413000481,8297.443992654284,24053.473679784624,3958.980174410287,20470.605518324228
299445,89077.61531353655,-13802.200961853156,17026.251309253978,21488.637045865453,179192.7381598531,164509.04773176773,53290.09098887936,93571.05988901935,-44931.321820017794,51865.2027785872,12192.96407856796,-49999.95093850547,18115.440658636755,22245.42974207752,13536.024387326437,8019.607051031099
299446,81549.00880501911,-22228.20017656223,10903.246191693113,15767.220401185343,172254.53889030954,156024.97322516155,45898.82035983199,85107.18142197956,-49487.62636170099,45030.634672276814,5455.209889598185,-55828.50276901723,11508.971045661128,19603.36762206386,7633.329279594928,3105.8001490916213
299447,93388.79064090455,-10067.839836536225,23385.872121809763,28262.53750703323,184694.77967387612,168572.4553997867,58886.48067131136,97833.27286778436,-38693.78174961572,57838.21692563345,17793.02373388448,-43384.88597869862,1195.1784804732015,20750.516711198536,-2287.0947863398906,14059.500449023884
299448,104046.96758491214,1565.575841658901,32717.55440976879,37162.559126216314,187198.6532270974,180338.09156023178,69634.85315677883,109701.00084870192,-31568.228510240308,67954.49398457042,27653.680288989148,-34440.15028113662,5872.44494872875,23864.806590338805,1696.4776165801823,21619.54041081676
299449,92244.91628876822,-10565.856086608608,20031.90837695207,24407.79366888392,182158.68850536563,167855.0064540754,56590.680273664315,97147.18014442237,-42411.33665543763,55107.146598082254,15187.116797354374,-47012.624757470105,17524.99610510569,22862.293362739583,12894.745117324444,10725.614445302532
299450,81750.78778166595,-22012.666201859636,10759.490418523654,15532.830406067453,172368.63876197906,156246.48086716834,45940.052552700945,85520.37109812754,-49715.33907947398,45030.75724997133,5314.425772379768,-55997.847169649234,13350.340600030622,19872.514878941503,9350.684664204025,3029.3419491584496
299451,90948.32536634957,-12702.792049661171,20893.524728605025,25774.645858449592,182405.96528798755,165893.16314539275,56236.952321011704,95314.41279598267,-40751.048304384065,55282.57692236047,15160.32859143564,-45837.38431654278,2226.7375368976495,20315.35427755199,-1242.0388419080796,12047.548224372502
299452,104197.16292944766,1594.2115116036048,33071.55850904907,37539.28938820417,187229.5915841935,180400.70008595596,69873.55387315167,109933.55942801933,-31178.279618826433,68244.73394555438,27774.005168576143,-34081.408265038284,3719.0041283813425,23526.85627533699,-286.78117623655186,22055.294283366056
299453,95613.68782381108,-7022.874108801304,23282.525004463663,27572.980955847434,185221.71488477828,171473.87705177747,60108.30327954018,100932.20274207788,-39753.955834169814,58493.26623109037,18351.997810595432,-43874.51604905501,16369.953970043724,23418.412985568568,11713.852875255005,13520.979404539215
299454,82640.59906248003,-20957.631467857966,11272.088869998664,15941.745956359004,172725.91332786146,157292.41166513436,46681.190092357356,86679.45734091423,-49466.60285508489,45639.26984044847,5821.813816494101,-55613.24502560886,15013.73343400118,20246.62650187535,10880.955333795057,3389.81717435491
299455,88729.7443605992,-14970.408986783492,18529.031106228394,23414.698732916626,180093.4389284168,163556.32460380776,53761.07077626403,93040.89702153411,-42803.476645898496,52808.92339188278,12688.809822670557,-48260.87844627419,3696.0041571191314,19973.829474131166,197.9463994890255,9981.751016911483
299456,103612.7702456511,957.404243008225,32641.711226409592,37186.380321821474,187564.509804763,179765.33698249084,69301.13551102208,109361.60631500577,-31456.492392023032,67688.98290112335,27159.944598786213,-34537.16695921218,2022.2655615530525,23074.323738509032,-1818.75859653781,21728.255898643634
299457,98884.89950803487,-3501.001851553995,26471.972760593882,30749.338284668374,187260.6478484693,175056.9502926428,63547.88095030051,104585.87555953974,-37140.49339686603,61755.983343213404,21474.849468445776,-40824.3711713861,14669.515544098836,23858.616845545934,10041.664966976463,16180.392999309051
299458,84155.78753541772,-19146.410658209286,12376.438191748131,16978.142161533266,173667.8531120149,159088.05214220815,48095.79029546677,88512.14627343624,-48711.62900352723,46848.55013254327,6977.978110969244,-54655.542787018814,16372.23178437886,20715.752140146946,12111.643829918454,4209.388531266646
299459,86786.0660365359,-16827.873530530615,16351.561959544317,21246.58082762638,177652.59980768667,161594.56171879015,51564.971989557984,91081.18973858905,-44751.38410464536,50529.799286391906,10465.419161929654,-50530.293314806855,5508.915901402722,19747.384577457335,1944.199742370393,7991.2581685409405
299460,102201.03279191919,-457.22465950360726,31361.491913810536,35988.22187160787,187739.89352513832,178294.67301009153,67879.1224948476,107901.48139977196,-32472.591051212577,66227.85199142125,25712.985136653948,-35859.3281249407,959.398517460432,22540.854116638184,-2746.8874451983133,20619.3774810957
299461,101589.60764490245,-539.7182109216267,29197.76860077679,33478.801524162925,187583.04923780146,178039.00296770912,66491.87933256585,107597.96079059015,-34918.587512929895,64472.50952299788,24097.281836178412,-38248.47194667779,12652.148452496644,24133.232684244314,8088.077124267159,18401.97647520126
299462,86002.75924548217,-16967.162762095562,13886.097769076445,18414.681257175842,175273.72201659798,161238.2420694126,49973.37088535972,90671.14613847171,-47615.47334557632,48434.74762029429,8520.005260774164,-53311.69127155104,17370.474334291022,21229.353317034354,12992.572424727035,5355.257250891763
299463,85082.30129877734,-18409.190506556806,14414.540166017654,19299.116092533906,175309.2734483719,159892.24594290816,49698.71031007405,89351.20751201085,-46538.63975848163,48477.07772078966,8478.393844625703,-52586.91356805632,7472.035978156514,19610.093384481297,3827.563124228657,6164.383367076338
299464,100076.96708553002,-2617.471075887102,29373.755892615776,34085.33402827688,187517.06948112696,176043.5042693068,65745.25514642603,105626.95769785212,-34085.95220278997,64020.95616226018,23551.15164434354,-37878.477043123894,462.398186095729,21944.996149062612,-3124.305174814263,18900.63085866635
299465,103636.69263831095,1692.7778580584693,31370.06798841963,35687.32267213533,187739.83095897888,180272.1026056828,68803.20745133265,109836.39660126079,-33122.712312140255,66581.15686811238,26128.52578659397,-36194.505611852925,10370.771313712059,24233.442755791304,5911.344550381671,20168.672696676163
299466,88200.66681509525,-14450.42742013012,15823.403549523282,20299.510934869002,177624.20995996395,163731.65804448436,52256.586506891996,93159.41558769764,-46124.83260470181,50460.0417385263,10490.000120557923,-51513.23406837345,17977.33241390404,21797.745441893294,13485.055769207454,6895.32317041131
299467,83651.5443306674,-19708.940522098623,12758.532276187276,17639.603246498515,173656.730090015,158477.50492436302,48107.35694478119,87896.81289774452,-48090.158525612125,46746.329111044586,6810.679561510096,-54339.08003435928,9593.080549188044,19587.6535795666,5832.202771058883,4588.147200033914
299468,97260.81863507956,-5520.554024989033,26718.124927641064,31532.47082441832,187219.95655681443,173040.44169326712,62856.78051320003,102585.17067807235,-36252.69293378052,61147.77833657865,20750.974976832425,-40528.638519244676,617.8958520612523,21335.446393065336,-2901.7039689403327,16627.838467311107
299469,104692.47630345124,2818.514036399321,32691.109291183184,37088.52998802066,187498.35668694237,181403.3700286496,70100.38356617259,110963.71555469016,-31973.730305126515,67804.66505918914,27299.62830582356,-34923.97828460956,8023.791736857265,24139.3471117535,3698.0959438177415,21271.560449392393
299470,90580.91065638034,-11817.748313473829,18074.412542884675,22533.67096556542,180160.10215224238,166379.97156469885,54783.77838233023,95811.43765425571,-44308.463656916094,52806.68769532423,12771.399396271821,-49352.60531754665,18034.359985739648,22372.81987151135,13458.368933134463,8769.76746552528
299471,82690.4308053322,-20563.68385570892,11589.396451671433,16487.554059660375,172859.07339436628,157549.1332078298,47025.42949792272,86950.88125660428,-49186.73567934843,45568.90403306174,5686.184051142735,-55546.50802369496,11626.306994683782,19684.333589736372,7749.046875843572,3509.8605256402707
299472,94214.68358716271,-8700.60252718904,23798.735282732243,28746.92148937169,185006.60469318184,169778.05990320764,59715.83786651262,99312.07886539958,-38604.22811705244,58067.26011929486,17763.49646783093,-43365.73114949596,1255.7806490688313,20769.37888114067,-2214.729057351833,14209.652280448112
299473,104977.66004372918,3067.265764579204,33275.910788010275,37817.40124342665,187188.35480858857,181670.12777461874,70613.87327773264,111272.57280481691,-31347.46208260859,68309.44334408153,27787.909963892624,-34275.94350665844,5698.548508677977,23884.05207670168,1542.4262879690186,21868.86452540999
299474,93258.99186063703,-8943.498935502164,20674.850044491533,25166.01812402088,182710.20630845265,169298.24291488653,57678.33136179082,98812.29645041935,-42123.83196340472,55548.56671003546,15449.777230818494,-46759.52261264112,17481.383095553385,22933.814307398115,12846.827871798989,11036.416206839964
299475,82419.61607853699,-20730.833033486226,11074.823271413119,15986.107387997721,172592.7018294165,157333.2586944925,46686.00845882758,86816.96931220891,-49697.791725446485,45129.765279231215,5283.799430542168,-56054.71138139946,13521.48571327608,19909.081363904792,9508.743133971879,3054.5141817789863
299476,91307.64783207909,-11751.033976184006,20948.88183382655,25991.859986659692,182354.8509220333,166640.60381220543,56691.92269301255,96261.69374050526,-40921.03835311084,55102.47091858506,14890.890384056373,-46129.49071121381,2355.4824382289753,20293.246260049098,-1116.220682549097,11850.409307613842
299477,104613.84611421308,2594.893170886853,33233.41093755005,37875.8240396541,187238.29750689492,181199.6004255314,70429.47763938463,110921.8627476909,-31227.43788484937,68172.5854821715,27638.190478418717,-34245.76063734674,3631.8484930218383,23501.411465683683,-364.007649716691,21954.27188601558
299478,96181.41043617182,-5863.465438177587,23609.373814868242,28071.021448341693,185414.1524889212,172430.9778496624,60846.01665192464,102072.52467286278,-39664.29280457672,58594.935327865234,18406.822527009554,-43865.48722150274,16311.207757778606,23446.137859820778,11658.258884596893,13570.29500633845
299479,82952.16022886064,-20073.075086206954,11356.946470923915,16194.249576967693,172660.13686841767,157963.49523642298,47168.30069348673,87539.95635983453,-49572.788868130956,45503.09179715533,5657.537833114058,-55819.21059400468,15163.461374090955,20263.811037027583,11025.746115718412,3254.790707669982
299480,88698.05422803108,-14470.568723368573,18318.190499616205,23378.081195080664,179720.9919526843,163832.6914717423,53921.507263074294,93529.72339016727,-43133.88174428724,52369.24450793767,12240.538894556159,-48730.49800857867,3884.9577294852647,19937.963991217162,381.4736801155109,9611.415590342023
299481,103543.52082066404,1386.8467880616217,32447.50404557618,37178.43530985426,187576.69279125915,179976.14849975012,69469.19841227512,109878.67052453966,-31737.517914640513,67272.44927141012,26744.53517982552,-34959.115171216625,2012.8936805805802,23015.94671775477,-1819.8939920765897,21396.77583586276
299482,99005.84132021722,-2889.7386351456676,26479.48407244758,30957.36158986656,187271.32544844697,175457.64008390188,63948.10949103155,105439.94839573756,-37226.73860913394,61580.039894027315,21298.134811344036,-41007.99991698029,14613.447950819958,23850.578113446838,9987.900376790392,16062.689021915876
299483,84134.80862309289,-18699.49250107402,12235.534947559101,17057.327685307762,173370.69057672028,159324.6092211741,48364.34491996246,89376.16745369439,-48890.08033272324,46562.2353242746,6691.850042006868,-54937.71574071505,16486.814102571156,20714.25363192392,12224.643443092313,4019.1228580156835
299484,86515.81123128449,-16669.634507096973,15975.540533373241,21118.35818054734,177127.37629064385,161541.17147666734,51585.386317689015,91822.82146974572,-45085.947697433396,50028.78128191105,9970.303769878072,-50996.32131815875,5639.88321858649,19698.52225713976,2074.9574501351144,7647.054137352365
299485,101949.50911215716,-310.62501067769034,31029.56868742529,35924.61647421804,187733.77879728627,178238.60395801783,67924.14451921238,108772.1814654553,-32732.178415428458,65792.95139829174,25282.996444338212,-36242.361675508044,880.7542155128506,22466.660848699274,-2811.7813780231386,20351.493079459513
299486,101678.93247563604,-50.54436199905717,29201.311064524514,33756.89246812106,187594.1218332366,178338.8715517565,66884.80028609317,108944.23186129451,-34892.12262618772,64407.39223466397,24027.854257294515,-38280.73871629095,12454.766149008909,24123.715808716177,7901.587501590763,18436.725125082925
299487,86082.2924826325,-16490.83332975114,13844.28919933448,18659.526135625412,175241.6482049892,161526.9620002535,50328.743901803624,92151.27337309327,-47613.090497241385,48361.835951962275,8442.479406633991,-53360.30214166295,17421.606479361748,21252.42057128509,13039.212642397672,5383.148364382921
299488,84893.50798014548,-18222.274867087734,14101.988851605722,19298.747041052568,175020.5642416826,159887.79612656482,49760.512378681735,90712.83511695222,-46736.50295432966,48150.701117303695,8153.718342538941,-52866.75814690926,7614.160351948336,19588.713779145364,3967.464592394608,5991.5292969847715
299489,99866.88151090618,-2467.601438762501,29061.798259569736,34106.09301937102,187499.6852706457,176008.24414116394,65787.53050855399,107113.87020982265,-34250.73777441327,63707.16210105408,23237.60943548692,-38128.38681107299,381.014968074841,21884.5172924114,-3189.9737312774537,18759.508616627652
299490,103838.6320862809,2275.0043903723245,31456.148540567796,36110.7142916781,187729.88647131066,180680.6221632628,69270.13582344155,111897.25493114605,-32945.73557480883,66696.8619569563,26234.709056448824,-36035.148364352935,10093.494525845748,24229.954879024714,5656.849150951659,20381.05032261876
299491,88564.2628147009,-13679.321938982543,16010.423018496062,20831.400546189074,177982.77881020863,164327.26471330598,52864.02167228842,95562.391054512,-45860.66791194268,50710.765636357566,10726.662600124413,-51242.518541796395,17892.731379150853,21848.51069281611,13408.670397649208,7206.005225311626
299492,83855.66991403661,-19087.15808236962,12752.625739214847,17997.07359228467,173854.0870600938,158911.0131248408,48525.417429962115,90301.75474217854,-47982.316020810875,46816.5703389334,6869.204267538482,-54245.74660237875,9610.879542742909,19602.900784122117,5857.4603960869745,4744.590208705171
299493,97453.25777921955,-4899.608572896288,26699.008352543948,31890.00095680547,187218.9881502588,173467.994947307,63256.07359892573,105107.91796910125,-36141.26782316848,61213.21824517332,20803.03816120655,-40436.41436130872,468.58341590673245,21310.806990478784,-3026.6783089581504,16788.535420936656
299494,105285.40874123662,3879.602364615992,33051.54695675661,37823.779040655085,187476.39335313597,182270.95981850696,70907.93217544013,114016.12688269647,-31560.474142398725,68261.87112116172,27738.22595697822,-34466.01652913621,7654.970157133492,24157.163837083495,3356.604368333997,21736.465954718526
299495,91403.0009046314,-10479.792907327474,18602.990204699832,23429.444713063232,180955.53725149465,167513.16138777998,55796.46941775145,99237.04317211849,-43779.05347356363,53449.16110728629,13388.572556714209,-48749.71645283545,17855.720963087057,22455.129251426435,13285.974890598507,9344.097148962946
299496,83354.85253752986,-19356.371324057956,11924.957580084432,17189.369058893608,173487.61300940724,158528.77596920554,47840.68905327994,90339.90901197109,-48846.687442807044,46002.61615239931,6090.74346242949,-55164.0491452205,11615.535910638539,19737.327399776696,7741.586559488243,3882.312248685032
299497,94791.39087440941,-7562.56308479097,24048.175547252446,29362.146889981897,185553.43212202578,170672.51424109354,60419.55176160404,102691.9766993402,-38343.807399690326,58396.206186592826,18061.134363017805,-43082.352489309254,1142.4847418238583,20773.81070233674,-2310.5770274907254,14492.89840622935
299498,105871.10458273772,4565.902761149878,33840.62640488198,38734.92730340798,187185.04642099922,182917.81024404138,71634.16616049338,115035.1178514077,-30845.025428953857,68943.64844025744,28382.403211856108,-33706.09046206904,5340.814098828422,23906.613643915425,1209.7383451584199,22386.498765509656
299499,94450.56791002161,-7088.117264754189,21489.38417091174,26317.05118942335,183816.92255762854,170891.23245802755,58974.75041643939,102955.46071951243,-41448.69470987922,56427.783365310985,16283.48961331823,-45978.76863920276,17220.534114509646,23027.376042756034,12599.769794245913,11716.920036486934
299500,83479.34933544879,-18967.959962933972,11710.99966064327,16962.682336898004,173548.07707990106,158811.5496891045,47804.97235858639,90903.05753043114,-49204.350465449985,45809.55516387297,5918.805422240733,-55480.39373643485,13464.021707153903,19988.326767603103,9461.351436613617,3541.436615333808
299501,92181.60995009405,-10148.254934460398,21392.83940377184,26792.26252518592,183176.22583814437,167938.92688422126,57598.521738201554,100204.74872925112,-40595.12180130684,55568.58120300065,15317.676983055457,-45753.75256426391,2288.3986599103564,20320.422599532685,-1169.082095358277,12154.72791682765
299502,105665.51650149253,4414.877057883552,33857.25302030689,38866.8170487811,187265.04338037764,182704.83514769003,71517.82714572111,115076.9240833816,-30761.489673983786,68805.01467250788,28233.46470599193,-33704.967794503,3326.5038226373995,23522.067149082548,-644.7945244763298,22386.280643318092
299503,97508.22883100924,-3708.3599533436573,24471.945603935692,29305.400534564476,186718.63915076017,174258.26142607845,62204.34896333824,106569.81391965179,-39020.634448721794,59472.856657320706,19245.342782843094,-43103.81459713548,16045.827043754263,23532.519861041234,11404.04917543276,14169.928745588124
299504,84125.25060692793,-18033.685728577155,12030.6101332286,17253.60219339928,173774.20551107795,159654.1005130433,48341.855265533624,91949.18730363608,-49111.73760922492,46173.878142424,6291.286163187356,-55264.232830521105,15133.0393477116,20338.883144812695,10993.17434670528,3663.4362830765554
299505,89630.13503530517,-12657.061074466765,18757.059439002664,24220.016850240263,180635.63081582027,165278.7842048634,54831.6900363771,97718.85627691312,-42877.5149052904,52773.67163625723,12611.840930026641,-48418.366336279956,3868.1466528149112,19958.85712897905,369.15777904365666,9802.304258953354
299506,104539.25512614343,3282.256409624933,32979.19864853733,38110.076063535555,187604.7352552478,181496.65278459975,70443.55399957128,114056.02131146583,-31412.53540637587,67743.06207302614,27182.63971858813,-34569.056554712064,1789.4802847297155,23018.592142068068,-2025.557792343916,21642.983485265428
299507,100283.66989350448,-677.8180457769301,27294.561125241966,32149.060267699344,187295.33802529506,177289.686792898,65200.05384406052,109790.2222182324,-36706.12528352991,62308.9036672371,21990.59806224663,-40376.713595331836,14357.836916864722,23908.736122599832,9743.540066399546,16498.027408347163
299508,85292.17927143705,-16593.757203594178,12918.00218076922,18102.36162430167,174529.2702248192,161035.8532701914,49461.707848279475,93479.0977435153,-48516.45988539503,47126.60497595083,7218.74068098506,-54471.257217623235,16471.60402605783,20776.34125878202,12209.481512561128,4304.339783604561
299509,87330.84485780215,-14918.132457103096,16349.751723044319,21849.186576382046,177939.19205886405,162884.48015151586,52319.43825010577,95434.31376473761,-44993.20190994437,50237.586342636925,10146.16257184113,-50857.389949501885,5721.649880974129,19706.465149487536,2160.9877108629034,7637.453367197955
299510,102668.52126645,1331.7751835087593,31364.357001820717,36608.95487614727,187730.2440917404,179471.8272387368,68573.7716860743,112147.37681727501,-32667.57559437952,65931.81688475856,25394.580716252458,-36146.62753858902,799.3925409611752,22436.075800160525,-2878.8583740341574,20294.445755829325
299511,102612.1911251473,1815.861872460272,29774.669265679753,34665.212994554415,187620.34741519837,179800.61192630383,67768.43905772209,112428.56620594129,-34637.53227222615,64778.781902543866,24370.917427070184,-37957.709723646476,12289.667648305092,24138.569664460276,7748.471798517389,18565.425767070315
299512,86910.39439537129,-14734.441390144455,14315.823695080328,19453.88969616312,176156.4735368457,162877.988333381,51098.60317043971,95417.58765926768,-47456.125882429245,48622.681479652,8673.309694807973,-53144.57569353072,17460.574000908164,21287.181695191794,13072.67476780497,5422.800813417403
299513,85360.41797214297,-16861.983724209495,14252.610866948702,19765.945326467674,175550.48256648466,160840.53897931334,50158.33788977392,93449.50524385054,-46857.54912773278,48057.33833869178,8034.103533550178,-52975.55054979932,7769.635718507894,19571.38804163642,4108.7158117235285,5748.978266369241
299514,100142.05739165714,-1343.9582019182126,29086.41899334326,34436.56343797664,187475.17471678904,176732.84554227634,66006.14709240154,109474.0553059978,-34452.59407343818,63471.31604880993,22981.695939085876,-38346.58581947668,412.1222411596629,21819.856082298415,-3161.2483907665896,18420.68660751878
299515,104296.30089927389,3556.4739960373367,31706.963960994137,36645.43408324965,187727.12043942243,181579.7637991057,69697.36138538257,114293.75495721353,-32956.291557114404,66688.07818410925,26200.895854902956,-36028.928466924,9964.901480475202,24198.135290341394,5533.870035610223,20229.572788088113
299516,88979.90170259502,-12471.977049078829,16230.449585795512,21311.335832490113,178546.75817261136,165165.41524773795,53246.60236283894,97771.56322721645,-45905.884766848365,50673.926178659676,10655.000818497516,-51272.09794455389,17969.344876146875,21851.39266381975,13476.320207083727,7032.280198748363
299517,83894.02659571997,-18318.44482026325,12635.418216766691,18127.031349267585,174034.9173264387,159320.55132742954,48521.00157077318,91960.64378462746,-48307.313359717366,46427.81818916236,6445.094121036789,-54601.98815344756,9850.517664276185,19562.24503318083,6082.931154881426,4292.335422734866
299518,97224.67714022077,-4472.628032980087,26384.090008050884,31813.980670515513,187209.22565526783,173555.27254960532,62997.41625196452,106329.54567907342,-36597.65409872388,60614.79304876608,20171.90589686675,-40964.02869119123,609.2166241106245,21216.729717522863,-2885.7262393581696,16189.204291083843
299519,105189.33502566378,4386.558628892649,32923.81334256029,37917.189650081855,187454.92581724207,182466.50056113076,70813.99538731031,115242.61549286,-31840.039300590903,67858.02197260347,27294.27432602922,-34790.947989753826,7565.325348205284,24078.465066549703,3289.57703752143,21305.86204110126
299520,91346.3592120589,-9978.894105795653,18530.02123596856,23553.120579720708,181089.1217342791,167719.82666973188,55750.325722606154,100388.91700082493,-44008.31150818301,53116.129564233954,13005.808367637386,-49008.155541680324,17881.88366736749,22421.188582371084,13318.848974573048,8983.832650941651
299521,83004.18832782841,-19219.9344290811,11588.618953576226,17034.328880451583,173346.16513813654,158382.3839846027,47492.761013114825,91063.26534812197,-49281.57567446935,45408.47389481994,5445.417586487324,-55662.5706181486,11846.94968911479,19676.777031801073,7956.634545570219,3332.888214323359
299522,94187.95571800768,-7757.941585736064,23524.521444041802,29006.47028610735,185171.20078963495,170214.29321450286,59832.38410275008,103034.67568270922,-38899.097152844755,57612.65032709109,17224.245850560244,-43740.850978157076,1346.9824009058495,20670.718927579757,-2124.437683293013,13810.2530200056
299523,105347.51448471822,4388.105617696234,33459.38246463647,38500.423240287375,187177.56633996306,182510.30556486337,71162.33963221879,115365.0134089997,-31260.135152149385,68312.62216085938,27683.510898974044,-34207.38224146044,5339.646886564298,23810.481897053665,1202.9203795897815,21829.758050438628
299524,93992.62925825678,-7252.3143274779695,21201.45379352774,26150.421005007578,183579.35040414036,170529.0458680695,58587.45864989162,103272.70799660566,-41783.43727170891,55911.48927972633,15682.428247823147,-46378.012499555254,17304.3961380125,22974.41819743446,12669.361031919738,11260.908335134998
299525,82705.25478732688,-19524.866635446237,11143.742644468703,16500.485640748964,173011.86311709794,158080.85765615874,47098.72372945675,90798.46042352152,-49766.99281679209,45016.76724149204,5033.014282771004,-56143.32191567651,13744.816027435056,19910.716476422473,9723.296222071438,2883.7127322465562
299526,91088.87606829591,-11113.974312228209,20574.97520296448,26069.466521893377,182355.26955763774,166828.57712521811,56585.42010268694,99675.36358363066,-41339.01683690221,54523.41346572701,14171.86830005151,-46643.4490068599,2548.2291010627,20192.068799630448,-921.152866789915,11313.435412187888
299527,104616.80646377205,3418.4504222821583,33148.230355420936,38238.94517957751,187278.65652130253,181604.44967795588,70583.56034002622,114523.5574925666,-31384.21012297871,67882.75832474281,27195.03639711585,-34466.35513851841,3348.7486887986033,23385.149194755817,-616.612604601537,21649.981135667127
299528,96655.49665429757,-4563.825623308376,23979.05189366539,28873.46281496763,186152.10282930802,173338.9018984639,61487.917223938624,106170.53292830141,-39453.27168344737,58795.65661121698,18435.63535355941,-43640.85017462255,16074.326635442172,23452.280464628566,11427.844436871976,13641.495482825447
299529,83080.71294680671,-19151.34997108137,11355.258765917888,16625.769636509576,173006.330082605,158501.23840822227,47422.978986545444,91292.94267915846,-49674.391018583454,45342.52670147718,5321.472568700529,-55955.77099079848,15359.504934652248,20257.31193927362,11206.94370472388,3032.4944670101586
299530,88304.41587597338,-14138.470988544053,17841.62220027322,23345.735195657395,179595.43936360662,163789.409638088,53629.34230656116,96703.61662012865,-43613.56911974765,51710.78961210675,11408.873516369722,-49323.444388049094,4120.46386295676,19830.778030136862,614.4737306039126,8996.894793904528
299531,103240.30657482856,1756.7490379693095,32136.32825901489,37298.29413890574,187613.780643205,180000.1730115813,69290.77064411071,113013.07769859562,-32057.873498267658,66769.86484407805,26060.213628997382,-35381.44510793082,1837.47422638659,22874.828442171154,-1972.6680658862047,20909.038281846744
299532,99227.96811480339,-2004.8472822487397,26700.90248899938,31572.089119155782,187310.69766263876,176027.93498192032,64308.707631080935,108965.78799902792,-37128.88416820752,61625.14016049076,21145.633957950755,-40924.63220031915,14358.65349815308,23822.478728961418,9742.410440353211,15991.383830218438
299533,84118.45335811886,-18094.08596580832,12199.22849080459,17390.382928285006,173656.72357970275,159625.81854154644,48441.05798041982,92494.38892710858,-49023.08421321148,46350.151231723125,6279.2941760074755,-55118.83801770667,16665.742934824928,20699.21840742491,12389.693100570801,3738.211871543539
299534,85948.70070384175,-16693.771706953958,15441.243562340038,20943.05665826008,176835.8495725142,161221.4170457195,51082.4872480035,94186.22875321037,-45632.336595737754,49283.75027010539,9031.676245409579,-51669.23512873006,5937.237372457771,19592.065415416942,2363.596780071008,6945.525200418853
299535,101301.85514675463,-485.7223151095897,30499.021234822983,35736.35338766831,187716.1915000177,177795.66888255312,67361.75284703338,110877.0000612732,-33243.20274373489,65034.89055946407,24332.798648258835,-36898.464354200965,855.6763625076383,22309.42583535974,-2819.6539224877415,19649.142260245895
299536,101499.2889355095,220.29748564078955,29163.620543743542,34029.7004397591,187629.0177398154,178374.32680250614,66821.84858005348,111402.84154825358,-34991.15489031022,64165.369045937594,23585.18880704973,-38447.40223359992,12241.448188928087,24056.515906553806,7704.1810019324075,18137.308689599795
299537,85814.04517668796,-16342.247779400128,13702.166328024452,18802.91692574002,175373.78875215776,161455.56103819498,50157.34796332198,94396.30835306534,-47806.624585388345,48033.130994497056,7908.291813333657,-53629.37094124039,17560.685964623073,21229.866120523388,13167.580963006221,5015.051776149094
299538,84113.51882053235,-18662.257512010827,13486.00062025393,18960.066017978614,174586.4559098324,159238.1715992315,49051.84232044946,92249.14123890371,-47322.78790254523,47330.86754215614,7134.332125613771,-53597.483109143956,7930.591724582982,19491.137620568363,4263.44113672946,5233.704970784326
299539,98862.42405100561,-3216.099000483564,28300.85187061921,33608.83153846692,187453.5167394295,175076.79536067956,64867.6687182674,108217.42777019081,-34926.155470639416,62729.46858215605,22065.758619264583,-38984.125340168444,476.29085508253456,21721.637961387987,-3097.985701474431,17883.160678099517
299540,103219.60863716542,1872.2308626926288,31126.466210570885,36015.0131285329,187710.42774265847,180130.61353005318,68775.67839670494,113242.1644674035,-33263.42817191379,66166.56473883509,25503.419109004866,-36462.56432281769,9907.073990699046,24125.225213437152,5476.962094047598,19848.85080501315
299541,87965.1779635625,-14103.775165150337,15690.138507881413,20716.84284190867,177817.26964652026,163778.76335156828,52381.04064625193,96785.51543464273,-46180.20994243171,50213.257928960804,10020.496913174351,-51660.354028201524,18028.6857444684,21806.186826604797,13527.36219798552,6703.461877230747
299542,82748.24442711244,-20104.796696621845,11955.361125731975,17393.62104847794,173169.82834242212,157783.48734428923,47509.76110575528,90827.29527544521,-48693.86591288572,45833.96793471747,5682.4057483296365,-55120.24317433685,9986.450694483308,19494.991479226093,6208.341382891987,3864.5974982866837
299543,96042.8952850194,-6318.507861033206,25675.307212513162,31051.646125120064,187171.31942595448,171965.48960609315,61947.53869274921,105143.21234404019,-37006.049394603484,59983.27629864337,19374.089397988108,-41513.0206008041,664.3052920061949,21121.315122371685,-2836.176600443471,15729.572227440449
299544,104214.71781676062,2747.152138039685,32416.63284939929,37354.091744485704,187430.6021738801,181093.635338748,69983.12077805196,114269.19516566259,-32078.511110182248,67444.34809735336,26710.620871384865,-35137.005251597846,7502.331303385987,24005.454429869365,3218.0571147329806,21006.208231427343
299545,90490.25302155258,-11492.483697946052,18107.40100891025,23076.08017481984,180471.28222541415,166485.79658678142,55033.1691801072,99544.90653378959,-44176.28459437854,52812.76142578172,12534.127236821212,-49264.41683415897,17962.772172479985,22392.166106274963,13372.647564918041,8765.536340926765
299546,81970.99079052228,-20920.222022906324,10970.738048689518,16371.204417966926,172568.84557960188,156968.86167237925,46581.51273474439,90029.37985556977,-49608.03713462863,44922.841596590915,4797.6369902261395,-56099.25315160742,12017.677783203075,19628.33341202666,8113.651089156151,2962.422883995367
299547,93035.65836456776,-9595.777306066488,22793.156394652186,28242.54723144558,184281.57603001164,168670.91017766355,58799.05324379898,101862.90263728064,-39318.56835628288,57007.072468910075,16461.429299558517,-44286.649876326264,1437.8834164250636,20585.629074262928,-2030.7666166750787,13342.245624784675
299548,104352.38771549748,2705.0010734393877,32886.00123320748,37900.6861188046,187177.6902741683,181131.95639958393,70298.31653655342,114352.25118292449,-31543.98787346092,67874.04375794079,27091.958709145914,-34592.77997543508,5271.8833147557525,23733.672721981042,1152.5294483691812,21490.885997907084
299549,93156.71873296447,-8768.244264504938,20756.42259932851,25681.784545101043,182985.56110581133,169325.67493089702,57877.41539697228,102428.11290748118,-41955.312075396374,55624.97523166855,15251.162629195678,-46628.5994481024,17316.177035189492,22945.10012896356,12681.597643437744,11033.712184903874
299550,81759.14685153516,-21157.519098021032,10562.484231873255,15904.517765424907,172302.92147574344,156763.34553200158,46257.798376745115,89831.62201152573,-50041.13443149188,44608.81213026242,4493.745281518407,-56513.469100113376,13890.728830022417,19877.295208966254,9866.475526257092,2558.3091124602547
299551,90029.05302533552,-12874.410474120663,19878.871568141243,25366.95845972845,181552.07826084766,165384.35087559358,55619.429604789366,98572.39094470599,-41700.40603751573,53995.769305743124,13525.703208603578,-47119.91496905149,2691.4855010843467,20131.047151172126,-775.6320560545728,10895.914868376976
299552,103642.60199263555,1739.1809407749186,32545.594652689622,37631.99906937202,187299.8508046999,180248.65976851096,69711.00857796948,113493.97380534702,-31660.252851529225,67452.86985239062,26653.08511168975,-34843.131022456146,3380.065904359966,23328.151590718455,-577.9992455058789,21308.028477436634
299553,95805.49859256612,-6113.939160764529,23489.068059001766,28377.255684754935,185567.21980194765,172119.84536153852,60741.902503298275,105257.25175330006,-39637.4149217988,58492.29366553956,18025.143430488308,-43904.139440278916,16129.813363450256,23431.01815674293,11484.204405715212,13386.774995140297
299554,82083.00417711193,-20861.460085657513,10710.001143002986,15976.81331422625,172247.30109764275,157125.19297709502,46514.115009440735,90200.07161729675,-49988.74390975779,44885.22783717855,4766.167602469902,-56370.09875060721,15557.424869952874,20230.048514461785,11402.375612169335,2650.7559713533556
299555,87107.51946299238,-16074.536892607066,17016.325957586178,22520.98377686225,178646.90695776342,162191.63798698538,52512.02436707211,95368.03276441644,-44071.812485046226,51062.57262606316,10672.139926162828,-49912.1589094489,4342.577998475324,19768.718535623353,834.0239916283788,8469.72231818295
299556,102067.64005913341,-171.46955902870388,31369.2453374346,36524.758072310855,187621.36551513668,178421.95004440006,68210.48924660019,111680.91678732145,-32464.051072309452,66166.82654336009,25372.690803891015,-35916.49046169067,1914.908227100345,22801.612949766393,-1889.0773638875767,20427.23206309118
299557,98254.84890909313,-3732.1445245531704,26146.074205274002,30990.465581127915,187333.52157186702,174664.61413186218,63440.58262218581,107832.11520339947,-37368.60540724385,61235.81536006104,20672.380830776314,-41260.50620944158,14387.815484521283,23791.593975088792,9769.011106669983,15677.572618651568
299558,83063.55512811789,-19914.22813850726,11562.055449778605,16710.834038978373,172881.7146960483,158178.8021436474,47477.54553124792,91256.63996270418,-49341.26418552544,45876.1208443497,5731.173189837588,-55541.36587772396,16865.5258446234,20682.13975231113,12580.202564960364,3360.2353533854234
299559,84628.90308812686,-18810.836409009913,14566.906007519472,20020.942688398507,175769.32810772554,159484.27681787277,49842.07268077066,92638.47572289869,-46151.16419010829,48557.31945866886,8241.103760905946,-52328.59399138861,6214.37400771682,19538.344360962263,2636.417101327793,6370.496529677796
299560,99926.49862165598,-2688.588068396152,29614.112861539157,34796.93734706237,187694.37182485426,175987.31544293877,66077.63072512147,109243.5436593492,-33766.73481066355,64282.542211588116,23515.13157749601,-37573.18828194484,965.8235989810255,22222.26033355473,-2697.078669754005,19059.958779933346
299561,100386.45425300977,-1725.2491321224425,28557.746328527566,33352.8098376631,187636.98927493196,176842.27733555372,65819.53911274397,110034.31667267118,-35291.590853188,63699.30049536601,23044.917323441372,-38855.50636701411,12241.102030493917,24013.60375202621,7710.796111080502,17769.86045512208
299562,84682.63449879889,-18321.298864419303,13063.854923815044,18079.61423520238,174554.67371408537,159902.60952008318,49122.309781794705,92990.27113383505,-48138.71410355833,47544.74157513377,7349.215965288234,-54069.53462210172,17753.224330367517,21214.303834992214,13348.119856110852,4633.555647950838
299563,82729.13068011455,-20927.490506781178,12609.389362089305,17993.07644285537,173486.50765312026,157406.16329753847,47745.87045859884,90546.28237409182,-47844.65665011894,46601.35227932344,6343.116090997723,-54263.22557352447,8204.568732522941,19439.43938526108,4528.49695225906,4672.502000962376
299564,97429.44372398041,-5560.742493416573,27408.344561568847,32622.233876716342,187427.71035632218,173178.0591444666,63515.8914671345,106435.83167732904,-35450.29924241602,61969.90126642231,21242.40448309209,-39668.29412519274,578.7425027085978,21629.54982122973,-2984.4412044731102,17311.977156846886
299565,102123.86944951939,-136.15518014946906,30573.548764970074,35352.13319578441,187686.8485860667,178585.17493735492,67776.64285650903,111808.12332654835,-33504.94516230127,65763.44451735872,25024.50045231554,-36813.37165363082,9828.190776794983,24080.134299476464,5410.8694019347295,19560.126533736806
299566,87001.3264656972,-15978.477595619752,15233.40766482115,20132.712500895286,177136.29671092232,162378.35852862697,51499.24449963565,95485.8410296123,-46349.73447664302,49927.665912658835,9660.55755371746,-51916.118241370124,18125.3856298226,21821.171583265626,13621.293265644557,6506.584805132448
299567,81582.98311117149,-22197.914299143857,11285.26537556281,16590.59077839434,172278.45514918314,156165.8519891137,46399.58708211809,89299.85511309022,-49039.8480480217,45341.34183537624,5124.552342998241,-55581.79357904157,10202.986221778154,19486.55521909078,6426.278957119941,3500.592315584145
299568,94788.15915733788,-8517.697255588075,24930.61596182882,30172.781422194425,186157.90586159384,170244.89563685545,60741.63774970772,103509.10695902124,-37406.9162378225,59408.78973485285,18738.449191659027,-42050.8849085552,764.5778286169668,21076.7374131091,-2725.8561918403148,15301.645009237285
299569,103264.2745721876,863.3236069885388,31980.181871202287,36768.20201573463,187401.28228298068,179697.909652778,69094.8207541643,112961.77601532516,-32227.803574730544,67184.38685270792,26386.26300166724,-35382.661378359495,7388.896608106646,23987.88432979689,3117.41456275023,20822.613809308074
299570,89762.57661997207,-13133.75079121316,17856.18691674747,22654.389326538716,179941.04254453303,165335.662347669,54354.363088895654,98485.42186590533,-44184.92443429826,52753.676687181,12412.46230948955,-49340.149349152205,17981.513825023503,22434.306483764427,13386.904260143037,8739.890123714353
299571,81108.58458042875,-22691.04424323719,10557.492423057609,15781.974433378278,171906.76389228372,155680.87588718912,45737.244445243865,88834.07557476673,-49757.77270838206,44702.82992581921,4527.856420466106,-56339.296681958134,12197.946791040726,19657.422276529982,8283.772839075576,2813.847412976098
299572,92086.70009573043,-11450.271136706448,22292.399958854872,27565.753465822265,183525.51464341863,167291.53276315366,57852.09273221145,100578.99348131422,-39537.029538260555,56688.50719395261,16102.584874533573,-44620.31081934582,1549.2720987575879,20575.774420561123,-1922.7532539541571,13122.646780597339
299573,103681.31487560422,1155.6871493227782,32654.106026779467,37486.181975078376,187175.0980181935,180056.7026864494,69637.32188845295,113378.63126246692,-31537.09932005855,67836.83470925313,27012.297218076157,-34663.267084878804,5150.801278762428,23744.558581521254,1037.169271282196,21488.21441610119
299574,92769.16042469142,-9989.084502509068,20759.794270592527,25489.99259071661,182714.15549657185,168571.18685701088,57493.36435457054,101781.42837393167,-41774.595627214534,55842.34361493447,15424.291940821317,-46480.05382131502,17256.353046043318,23023.29651620808,12621.26852216312,11216.534861111133
299575,81234.66502021407,-22490.402813373257,10389.878901373851,15534.99225845209,171878.0690784573,155877.92922521225,45707.2349991707,89057.58635309333,-50024.41965510789,44647.86712538898,4498.694122114858,-56549.92539022851,14028.675132526947,19941.964272199468,9998.826591140032,2590.3887222507296
299576,89357.98191309083,-14339.103359835579,19554.802891019383,24854.800374934457,180999.11621702538,164350.0715308367,54908.11163414456,97651.24440499235,-41813.90353428552,53865.58499111515,13370.356825782514,-47315.71861756271,2787.802955387019,20149.531468184236,-675.2354958375975,10794.15872340495
299577,103212.69712502396,551.0119938703558,32457.31367418905,37354.666066626654,187323.7275173851,179479.96711481485,69251.36484010832,112842.83721019214,-31580.834194407384,67555.4952501008,26727.07082378866,-34816.73309989176,3223.3948858639774,23349.747485682634,-717.2268762356389,21393.141590554267
299578,95751.47997922293,-6865.378550514076,23731.20022925183,28417.541217632875,185584.53318487573,171774.47630579513,60658.15726048665,105033.5768585323,-39310.412676973065,58933.84189024046,18433.486090691636,-43573.24508806005,15976.250564522885,23519.050693756377,11330.839062566763,13728.40860037575
299579,81990.51903604099,-21604.768739399013,10860.383159907731,15922.972256849842,172167.4899338493,156763.2532290388,46361.59855990593,89960.48043277903,-49757.84485758147,45229.13214929812,5087.453207676984,-56145.60464274196,15623.612950992372,20321.552630457692,11449.36115510015,2913.126790062164
299580,86873.55527295594,-16924.013424026838,17002.28265672413,22310.932387894536,178422.59453234152,161695.1866257976,52197.12812653113,94995.09733365018,-43981.563810050895,51228.77354429201,10827.01992622379,-49854.15903384487,4407.1567672677,19827.4129663787,892.080966965869,8594.181556487149
299581,102009.74423160286,-798.1131980785435,31513.444405795453,36485.27657732621,187641.66078617325,178126.84374671767,68076.34911434908,111513.05734732102,-32246.132604567334,66490.49748731146,25680.106905357927,-35708.78591019461,1734.707750260286,22843.104798291984,-2043.015913590332,20666.385682484128
299582,98583.95821038916,-3899.2291036216156,26623.07240241501,31291.064244153542,187353.73264651955,174808.01047235366,63696.98221766922,108107.0389687211,-36894.50121845042,61906.64002890918,21321.979587371814,-40738.638338893106,14187.541117970311,23896.40131149638,9579.456160075115,16168.041276622524
299583,83376.26768469458,-20039.34699436158,11959.55301790328,16942.3689254177,173159.36646074202,158334.0081766008,47691.25425648962,91543.08888652676,-48952.97154039846,46464.61991088569,6305.807996283787,-55114.93063741991,16894.646379080812,20798.94782415289,12597.362224442066,3770.220211314456
299584,84770.25043763501,-19066.118699962488,14763.917337623272,20072.90430433875,175848.2204656299,159474.83666041453,49860.200700276706,92758.63598545175,-45940.42196534379,48924.757279500926,8604.590521298358,-52110.74590319564,6262.105868743145,19604.099644488582,2676.885902440487,6605.304336266353
299585,100167.47714618394,-2792.476171686102,29893.57593807152,34950.18355255162,187687.94714663568,176100.2072353704,66196.61218011077,109486.34871708829,-33483.74668360206,64723.37505187315,23953.422241711552,-37278.3905119936,822.876968662531,22263.549467527715,-2832.5256516069585,19355.836371212972
299586,101002.83484589407,-1374.3224507299396,29168.553875164038,33844.621261775406,187656.11602543973,177385.33780565503,66321.78595770204,110704.42198818215,-34749.95878931459,64478.36877928465,23818.62520351442,-38249.60882748669,12002.175368494436,24108.775055462567,7476.965926800083,18314.973349277512
299587,85344.40564364768,-17854.35318639898,13660.025898454503,18563.528611690304,175144.20099113707,160528.72195813176,49649.73314781704,93737.23235608448,-47629.399973333,48308.14090173466,8112.853571058797,-53494.73623674918,17722.3954417006,21339.093166985658,13314.125640696217,5152.682698914152
299588,83185.87513714735,-20618.14257245602,12978.748093901164,18263.270191779953,173827.38362181408,157836.076339901,48047.902848019825,91089.58436696243,-47548.41676295422,47107.0112411193,6859.226366499576,-53934.13623613647,8266.798394416408,19521.099413817785,4592.8099364365335,4981.636391382503
299589,97854.69759831383,-5238.2485642656175,27748.82345995441,32876.91985164361,187405.90588396013,173591.04822319778,63792.060043283986,106953.42935939628,-35177.4174458005,62426.05012403157,21714.912916546717,-39374.67506108846,508.6932029305241,21675.798652606507,-3047.2329529601625,17580.079104607907
299590,102831.99982762182,534.270674669895,31183.066224677616,35878.63832457492,187680.41601989415,179325.226206074,68352.58173103115,112627.15841363464,-33023.348544501336,66481.29287153366,25757.909534596736,-36272.77745870396,9645.918172566264,24165.508791383178,5223.464091607531,20013.41400589048
299591,87762.07922113185,-15199.948391521462,15861.680799227595,20668.06813914571,177794.8169720145,163199.1723422605,52112.46025621753,96287.02572059655,-45878.02070735251,50647.148905998256,10401.155009219345,-51385.49841704197,18122.2001716514,21938.2463664365,13599.223835640754,6952.102642947251
299592,82130.96905530067,-21605.41996935955,11695.408926449207,16901.398329060157,172694.6154484463,156770.0447203876,46776.23154082171,89747.8843758386,-48778.29927549015,45792.38493117785,5610.133075762275,-55298.36015730015,10322.071110327044,19562.636393300905,6521.13856018913,3742.543645085714
299593,95244.8761554088,-7998.799212130987,25267.40915453921,30408.301108433643,186463.1554139143,170753.97634202853,61023.50699190693,103748.82858625674,-37204.9587162471,59749.87045971528,19121.099553330234,-41850.685848221576,767.005817095213,21106.863623143094,-2729.675341719163,15467.011633312139
299594,103980.4271082326,1682.6248904706474,32575.56751184298,37255.43865776206,187378.59453960415,180494.11976938066,69652.04421821682,113397.45670593975,-31819.38140190886,67777.39377957668,27013.610210914307,-34936.732289079315,7194.036742838735,24049.07345606642,2935.247860618943,21162.60756992033
299595,90593.41055528994,-12152.026470467026,18535.780686374907,23214.32270028966,180590.5648139356,166276.47521712596,55023.531997443235,98970.45481835678,-43739.076636841404,53422.05320313273,13112.027518205323,-48835.932467706356,17905.4228492229,22534.418231420845,13316.63387218344,9124.276702509898
299596,81711.69659423141,-21919.749353206942,11001.88531504757,16099.473543245875,172314.31959327334,156389.28790871214,46161.19837379271,88988.13730151272,-49536.64218951951,45100.58249049984,4964.486808962872,-56093.29816487651,12293.623956976646,19721.032086212574,8380.69072147733,2990.8227827140768
299597,92513.87377415091,-10851.806120602494,22582.291949754635,27730.875871506327,183750.6751544384,167809.6843651651,58099.90833597944,100464.78567452135,-39439.41621364236,56903.98345068338,16361.111835362877,-44531.59675886952,1570.8198060592654,20590.460865118373,-1888.084419991641,13158.676283732057
299598,104296.04320424866,1965.7531810251323,33145.82473522526,37853.70138510012,187168.721670761,180779.5425450949,70095.23932900224,113410.20059786338,-31270.53659223584,68247.40041015472,27456.969293085625,-34383.780839399216,4958.643625588072,23764.490936711096,864.9704653282636,21660.13561801425
299599,93567.31682050161,-8959.157831421762,21413.822424018785,26012.49015326881,183258.87997645148,169506.70693428465,58139.756213578716,101962.39777466143,-41390.659737576236,56416.29275233274,16029.294423349647,-46054.517331379444,17154.61544943239,23092.528676707272,12522.107892775524,11517.509202214207
299600,81884.9125364495,-21592.304524232517,10880.54467422974,15887.824809518705,172258.20841392534,156666.42845642113,46189.22888362393,89021.1694354649,-49790.76051157307,45042.177663023416,4934.262721713401,-56292.63977024662,14089.299222585245,19994.75352002235,10034.964762842963,2771.154687135341
299601,89875.94890693121,-13568.04626094882,19920.282977374936,25079.365123595493,181260.7187527775,164997.62154826798,55250.14676038782,97417.63196271854,-41678.57496594773,54114.34161792545,13671.075304230797,-47180.5869462625,2803.1047787988036,20167.319060450624,-675.9657774906838,10868.125006668697
299602,103844.50072126949,1454.0720880403246,32943.66158814119,37702.33355420799,187345.56321131717,180253.8411429943,69719.57801553604,112701.58619214545,-31343.004657472102,67912.67987686992,27140.561829674007,-34560.93368331257,3060.1950647976014,23362.74863322665,-868.6538267447515,21531.502210659197
299603,96548.62594920248,-5766.5751296110675,24365.53284659713,28911.09949885029,186087.17881507607,172738.23982351134,61299.81750105509,105047.77467557637,-38964.18487759968,59434.091410613146,18996.758123217467,-43173.928508758705,15830.856098486278,23572.466208797345,11195.875914651882,13982.068212901555
299604,82689.37411426398,-20590.242190272256,11380.713887979437,16299.848671888272,172530.42968672526,157631.20038527448,46895.01496303851,89830.4249561925,-49520.26797175435,45597.49445616422,5534.5413353518825,-55859.67045872252,15616.741257366612,20367.910226293163,11444.838842421212,3097.4275831179393
299605,87441.68777641706,-16039.215855543425,17396.60743808859,22562.099116009194,178667.11074249475,162422.8611053949,52591.605264685204,94682.94005813712,-43849.93817232449,51441.256304937684,11136.800597336929,-49694.10486372092,4439.388357588354,19840.619380737644,916.4153796448093,8680.492217636662
299606,102622.84691363934,140.68308818884054,31960.045980552357,36790.3109534751,187664.52122157984,178904.3446863197,68522.11286139634,111229.46647100087,-32054.565290462244,66744.60261951032,26045.199633753182,-35489.32692708082,1644.1890352955968,22854.701497509097,-2140.4545003183694,20785.73488384158
299607,99379.55566704556,-2753.2051331580774,27240.55692624955,31762.945570787717,187374.81644920766,175789.74887246787,64335.173810516935,108010.85691850813,-36566.611838432174,62335.72818111193,21865.15176156262,-40352.80621978219,14043.323944357924,23942.51199160089,9434.237076707082,16432.25394053574
299608,84138.4547105025,-18910.034923370666,12525.529488757365,17358.715374852363,173569.64686476896,159289.46026106115,48290.11299588724,91392.21289240126,-48678.19608333957,46837.97045060582,6798.864131623977,-54781.94914587449,16865.673068838052,20851.624476299494,12566.0470318373,4021.9855651814605
299609,85386.02279263778,-18078.733544446783,15184.881395248736,20343.89015743246,176094.29505950125,160277.11236435827,50307.28701671958,92426.7420347507,-45785.219283079176,49134.11159103044,8946.912578462487,-51920.27710920891,6285.262692032189,19634.289281898353,2702.4639137626364,6743.7429751647705
299610,100767.84612620476,-1816.7770103426808,30312.134621228855,35221.31375728395,187681.75430004625,176887.026418868,66636.37207547344,109128.56990857086,-33317.689420261384,64920.53717354131,24293.309107279827,-37085.136724827076,754.5823094971169,22278.022899219533,-2896.8583640142556,19481.818782034443
299611,101770.94124925026,-211.78180705269915,29752.28896057204,34281.81785146526,187678.3558763645,178358.47252381046,66946.82653326172,110529.36051649357,-34453.41703166565,64847.187903668106,24332.18500161721,-37894.2121837248,11874.08458448131,24158.415678038888,7341.720431230069,18569.128841662387
299612,86064.49893296693,-16730.857656196258,14184.098675786961,18940.97966717313,175533.86626996717,161459.07914061082,50224.73574722362,93502.28211854657,-47395.46479083675,48615.35973176225,8570.58382948388,-53200.52941402876,17748.35217990561,21400.45188594224,13322.364095436234,5374.8179353286
299613,83715.25468845136,-19696.67814054177,13321.45912791075,18465.29019528069,173997.9281488178,158559.85780776973,48425.51433160457,90628.2274584792,-47466.959150519106,47209.65112315083,7118.299101572525,-53820.53115018154,8331.796078443893,19546.820758854334,4653.5912508952115,5063.206674667604
299614,98319.74320127946,-4392.33290492018,28047.69131704402,33041.7133094317,187380.72124924225,174239.33350457478,64110.674674673704,106414.84962532371,-35114.077283393766,62470.606733678906,21918.802922100043,-39298.04726695364,439.44860539684163,21677.66302760121,-3094.96598318219,17625.977162595336
299615,103500.26820311653,1596.7947808665774,31688.268836146315,36252.81867310309,187673.751561819,180191.52561661546,68892.83735128924,112330.44570597842,-32789.27238076026,66735.20738868776,26167.32471506924,-35993.934375036915,9438.449385195463,24190.42964952042,5048.750414414425,20231.211704853133
299616,88493.26170116333,-14055.383612498068,16405.537032650358,21091.050719853127,178211.3843504883,164142.9030773167,52719.25297105268,96152.342457376,-45615.41179518245,50954.025140396305,10852.158996730444,-51063.13726035383,18069.33554118937,21991.1052635021,13554.352545156788,7222.745256754111
299617,82689.48973484858,-20630.252824242245,12057.419083307936,17164.53506502963,172931.65833134938,157536.84314109263,47206.12062400197,89549.38586799653,-48659.55265174418,45918.96660547232,5875.174437556755,-55138.54367788029,10367.06664354927,19592.941559837192,6574.312389634146,3892.9030619376963
299618,95693.97144944234,-7134.070566551242,25532.926870423915,30598.30129771171,186586.74330139154,171408.1230062007,61354.07712545028,103536.99579619594,-37140.21045604054,59782.580534975255,19295.88827135533,-41763.62589928157,748.3147694387754,21107.941295759738,-2740.4978315779817,15570.584938662229
299619,104574.81664045149,2706.5748848231674,32994.81168080362,37613.8151499952,187352.96024211886,181309.66249775665,70150.78244498814,113436.19622246886,-31621.195976027328,67966.04689674007,27350.96234310758,-34692.685686510995,7057.3808096732755,24058.579494894926,2797.9247304319797,21419.07954538807
299620,91267.53653117511,-11030.366957591765,19021.891874655896,23646.28987921297,180979.7951836223,167187.7566303756,55607.517655263495,99181.351398534,-43491.35700032831,53686.602269986375,13522.377947747904,-48521.92261783419,17863.98573035112,22584.207426520174,13264.729386902967,9450.74234984377
299621,82235.71821416824,-20946.729922844064,11334.620739945205,16388.245737212703,172575.97236850817,157144.51500384364,46586.42073674643,89109.01683554324,-49419.56841380035,45205.03038329427,5209.503547684477,-55923.98621022947,12337.01257503928,19755.298065224568,8424.292705765492,3193.349237184903
299622,92933.20508119305,-9988.58645020555,22826.936277491666,27941.042425463373,183921.24693131866,168452.76295645826,58422.17346720839,100531.3797352661,-39382.548946465395,56901.90885713816,16511.434157675267,-44439.925569183564,1572.8100930607536,20594.833065457675,-1889.4478297879252,13302.22864554619
299623,104855.36979964067,2977.169808884554,33543.34055351718,38219.83284881896,187160.7038977032,181572.7270220148,70573.66151494767,113679.47320984118,-31084.6805760528,68379.32255040984,27761.12900950072,-34140.21183281593,4798.889869113476,23772.272754899306,710.8733821401445,21940.04843683239
299624,94266.51798193165,-7791.902608878934,21935.71011002879,26501.411420687284,183697.36872095612,170453.649998163,58762.9308705999,102425.72152012736,-41111.45001849791,56672.414186609276,16461.212142572727,-45687.43514561858,17083.417590185294,23140.95372317936,12435.343795338693,11897.044687128146
299625,82406.80179045335,-20607.709937228643,11215.846747847418,16195.891713092822,172524.27246189455,157423.0815395558,46621.49167828841,89325.08909348727,-49678.41997702199,45096.86796547289,5161.868640483707,-56109.86785730364,14152.97121445825,20026.459353555125,10116.157378113923,2979.9904001021036
299626,90188.0640686686,-12812.53022425344,20068.413897312887,25212.984670436956,181359.9065121228,165521.15453731685,55470.91217713912,97516.98562450062,-41718.444143157016,53953.70872514733,13690.393324350614,-47181.594067794256,2877.7696922920995,20148.347395318557,-592.6987189320479,10934.340909690252
299627,104260.56456167657,2309.4633596463796,33218.67605080179,37971.30991495414,187368.0634218883,180882.69870363007,70064.75800647668,112933.54173132793,-31259.679335439265,67872.55474268012,27290.590025393372,-34432.527827326354,2921.464298372086,23342.943351267077,-989.5404276178176,21741.46426310829
299628,97198.69946014081,-4662.236399255778,24864.223917115665,29401.091683148927,186531.1022263656,173620.8522488636,61891.22544098747,105556.03513951114,-38697.44469193271,59634.18779187259,19379.510156823482,-42829.75222324403,15719.029549228158,23606.064565023058,11086.893783166273,14374.656033212783
299629,83186.34922557503,-19643.70712631636,11712.545269212902,16623.522243274572,172790.91677340498,158352.5029423516,47317.934693435585,90194.88038314672,-49397.34934720022,45637.03827378205,5738.723959220811,-55682.84742468236,15686.96777863491,20393.684870171124,11518.906279882975,3333.1214485648616
299630,87738.37111589289,-15310.632214053248,17544.35220180325,22709.738876879022,178754.39741439407,162922.79293906127,52809.7613815971,94843.44648699695,-43876.223121393225,51286.180994807975,11138.513100637507,-49698.22775174599,4491.558859012749,19826.307655000586,985.4693600194988,8759.72205539168
299631,102950.74585941015,891.4600551475362,32162.150324740018,36997.90789070337,187687.2480397832,179431.49671488075,68788.34194979316,111435.53072020506,-32023.96662055798,66636.84675033526,26102.842346408088,-35437.063888820936,1575.1075674344802,22833.660295714348,-2199.6765910641225,20938.527509761716
299632,99839.9995430356,-1866.3155194431793,27580.80574664254,32108.88826952166,187396.6932892354,176460.056038098,64752.17514653533,108373.7838075704,-36428.81833642583,62370.2999626126,22067.149066105256,-40166.09404198084,13971.077312527568,23956.258521870353,9373.193728178856,16686.37939094314
299633,84472.2796445323,-18162.409438947478,12740.449342675376,17579.477818818996,173730.87365637158,159822.0406929694,48576.85709781197,91626.16376317413,-48649.40476339075,46752.62770821873,6867.632034616738,-54715.176251354365,16934.609222406685,20858.271186090915,12632.53462360305,4143.3557632132
299634,85510.95118803666,-17567.826926822294,15210.994676237868,20381.871593751523,176043.72657652447,160574.24398607557,50380.36439751854,92434.30779320601,-45909.712413431174,48849.917216102505,8810.512656845525,-52035.23319024819,6395.88712011875,19607.966980523808,2804.936638144458,6705.500265066538
299635,100867.64131833597,-1353.4825293323906,30339.694828362077,35270.4701453525,187673.74912554282,177145.81341520022,66696.75750119306,109107.9520309853,-33425.82980457101,64628.04066719974,24155.5943801852,-37192.53896371776,713.735335637397,22231.74076861287,-2921.6938055200953,19473.848364884783
299636,102065.86246639036,445.15711741543544,29978.962575203983,34530.296325113195,187699.9209546428,178821.83670182843,67217.42790271183,110722.03772745811,-34388.58001796673,64765.5339494935,24405.36943630773,-37796.94475669389,11768.930982340713,24149.046008604062,7251.371303848171,18742.58642143741
299637,86376.50750706709,-16061.935760546628,14415.464565808295,19187.735754669076,175740.1734966007,161939.16206479858,50507.6712987765,93716.66529882605,-47324.159977766816,48554.00479249249,8646.65259956815,-53092.115416798784,17755.049588807033,21413.4921527146,13335.387007655321,5536.599735196252
299638,83877.73836868681,-19195.090102635284,13405.618444780408,18565.697331620464,174026.6350805841,158873.46157756398,48549.26367190198,90680.6282664373,-47511.367361294215,47004.65850068921,7044.590846065663,-53846.279272520565,8397.193355483592,19538.636080097232,4713.111756868463,5094.896589779612
299639,98428.73804903823,-3961.906548292105,28095.36927043343,33112.22347250028,187354.464022376,174487.0439548517,64185.85467538016,106409.85225583242,-35176.40112620905,62225.06753536025,21814.1257673944,-39349.455736805015,432.3813997513789,21636.920646876883,-3110.7600570712775,17661.51456584042
299640,103763.15602357525,2179.232962453302,31893.793820262432,36480.07758206786,187664.84007556032,180602.39352992002,69136.17732778612,112495.1050001592,-32717.86096325259,66655.66262930681,26237.755376309273,-35883.435379506045,9355.008144636711,24177.5774467972,4956.583525648285,20411.597250962473
299641,88787.81506136246,-13445.396043631114,16628.472670845862,21330.203344562786,178423.12520098913,164589.93428216898,52991.96137173515,96352.47523251182,-45532.66471690529,50908.7984747313,10953.5715006108,-50929.14030989789,18067.660952226033,22002.940225471066,13560.686377246684,7397.125253293897
299642,82849.91258879742,-20170.325610317086,12147.803594658595,17270.17706159777,173004.91763164348,157836.58199767984,47335.354607957466,89599.65590235329,-48689.08709959237,45740.30960254511,5840.064026453245,-55132.757354413305,10437.81307341838,19577.67282872666,6639.415981672348,3939.077505266533
299643,95789.69613606394,-6757.241111115828,25574.344029899927,30656.543941196727,186581.81804405138,171628.50156619994,61418.94228310205,103510.14447027059,-37201.36917752466,59542.97393508548,19208.051111363664,-41801.82838996255,719.4511479590203,21062.821294137884,-2764.321376918952,15585.357519992822
299644,104845.75066345837,3257.8484079234318,33213.16511892853,37845.021756160706,187326.2243225191,181712.32945424216,70401.56034179647,113595.60132869406,-31528.84631933728,67906.09920093694,27448.610460208067,-34551.68111111627,6896.411067329187,24037.6251379151,2652.2348795521507,21590.22703911187
299645,91662.5552321249,-10348.259978897064,19334.39892109541,23964.71237331505,181275.24949112424,167725.48012719356,55977.3494589428,99478.05346712904,-43318.64089172357,53744.61118631424,13733.597984238138,-48280.17902633918,17816.172612788272,22605.970873015856,13216.247852763243,9687.676175212997
299646,82521.09451510856,-20380.57364406319,11517.587360964988,16575.09426932057,172769.22953871923,157565.51565757906,46832.00503709835,89288.11359151729,-49355.88528150105,45143.98244173284,5299.264163808914,-55803.71115177362,12377.688767607779,19763.21965065386,8466.426265486183,3298.3148375468045
299647,93122.68441002327,-9531.092863395128,22919.45549944465,28042.392666736174,184024.85361032235,168764.86493807656,58568.43495759235,100603.09687118622,-39390.91095592115,56744.00733749412,16506.352441594518,-44407.637477456534,1579.7544943602652,20570.48974612136,-1877.0130982491253,13336.25959491004
299648,105156.35899194794,3544.4074681606708,33753.64383712253,38443.72186695102,187153.7598875742,181999.3933615237,70842.85209572704,113872.96351141827,-30989.294986362085,68345.1162848761,27879.429568378917,-33988.90105714521,4662.338045730917,23752.094412774626,596.1798666421987,22094.39468091293
299649,94714.4659704007,-7066.1055841482175,22276.238497435123,26852.163997710057,184034.4015253451,171043.00300812433,59183.23218847651,102792.95802839778,-40909.8952737538,56790.56702159703,16722.909206340628,-45410.09809078053,16970.862650975032,23159.189823081204,12338.397760195876,12159.004035932903
299650,82785.81213806706,-19945.57665139864,11467.624265763394,16453.715443150533,172797.08755588986,157946.69793411653,46960.019938565536,89636.30586362624,-49548.03347412456,45144.19021358396,5343.36889583007,-55919.86939711292,14171.991781041248,20042.64552519322,10127.025261056691,3156.8761368354835
299651,90489.44821766017,-12228.061840108981,20240.020018345444,25393.61958487444,181581.81622603204,165964.75862308167,55723.73482442175,97767.44398230738,-41646.09662390844,53926.41087360154,13795.398946071218,-47064.642722956196,2889.8914064166993,20142.989382099593,-575.58229080006,11047.373473943166
299652,104674.59212920156,3017.0218950411527,33508.865393556145,38272.161714499576,187391.41589625357,181450.58097883867,70442.05482917119,113335.53611169716,-31084.845652002023,67967.71053933821,27517.25585614433,-34196.490864701875,2807.068092319646,23334.54461487685,-1103.6762710257128,21962.491244052875
299653,97783.73744239495,-3759.6254428836464,25309.27865338058,29853.61951787118,187032.3458144779,174384.92473447218,62448.65095098293,106178.62629728985,-38400.820305428395,59906.99447065899,19775.880131002534,-42439.170746733726,15608.523803203783,23646.06423536356,10974.341200300232,14729.24416178985
299654,83637.43776251441,-18864.60446676461,12007.09821417776,16927.62737140486,173126.76000516478,158988.39911448164,47731.357850187065,90709.48221328753,-49233.52122657612,45775.83728452066,5994.5464477503665,-55437.18365685891,15738.032611425366,20432.0829602194,11562.884201731213,3546.9031338404884
299655,87955.52474693743,-14772.495391274977,17617.13371607184,22802.04180857809,178883.58565614567,163312.42180420662,52982.77532203345,95128.64343595711,-43895.87462697756,51194.77284342019,11164.644265780855,-49670.890447769874,4592.102104466587,19816.206617299038,1076.3577273719766,8774.854157857893
299656,103215.65191122527,1475.366944931341,32305.411691569352,37169.0950353794,187709.76020178193,179869.71683684608,69023.66359873356,111786.16116089706,-31973.283114801747,66610.77659402754,26192.487336763337,-35333.16994080304,1472.5210156100004,22802.979229050015,-2288.5345095699417,21017.964796423763
299657,100423.02283439548,-940.333401106109,28030.084419208484,32584.530073277812,187418.8557431657,177245.66152943953,65321.06861931892,109088.29783681093,-36125.91412156339,62672.061467143045,22471.059663609067,-39758.758553895015,13782.649349965492,23991.224631177476,9200.419205900733,17030.457418062113
299658,84988.04365164367,-17291.35018957946,13095.603216876998,17960.41107775078,174168.53260828884,160549.57964199746,49064.011538086124,92295.01278619061,-48422.83358960622,46981.39668403831,7190.278203076118,-54396.09703806335,16979.774474628583,20910.76507248923,12669.6657702661,4415.211537229836
299659,85761.00922883964,-16972.62326652536,15308.206906604999,20512.172780775774,176204.95242777563,161019.93279169826,50587.59695264285,92831.05370202885,-45895.24846650308,48810.81590024778,8866.782441032237,-51967.24953305184,6494.435661084029,19609.384358137424,2894.9938077450242,6753.00920631738
299660,101078.1724468832,-805.6767061615392,30422.248176058638,35392.408649997,187665.53708808782,177544.74451486097,66873.65467266508,109468.69984371029,-33407.59954590334,64567.405401119344,24191.731856121223,-37124.49654211323,662.6846011162686,22199.242845807516,-2976.491885605257,19519.180613359335
299661,102577.96389343849,1314.368946721679,30366.28749702809,34950.45188911501,187720.38618469186,179548.72957710354,67720.23285521922,111422.23530251006,-34126.20664272472,65022.300241379235,24751.543237486778,-37428.80183964285,11599.99103752592,24173.8617288393,7087.3393533185435,19040.10032344929
299662,86848.40716148431,-15225.564536282784,14744.131346372818,19544.268751639705,176188.88566171032,162633.17221593647,50962.43664919207,94392.79055012233,-47128.39670349147,48762.85544119865,8937.678122051562,-52790.48440033994,17800.455855054985,21461.227785626957,13388.178164152952,5778.441120310422
299663,84020.98429968052,-18709.630038954725,13420.348287473438,18616.243246554066,174127.47366653895,159211.45267196605,48661.70204946249,91006.88387852271,-47579.48633319246,46884.66593017298,7007.990359904916,-53855.4224632939,8552.670632890111,19524.29422906509,4868.162628362286,5072.46650695176
299664,98440.2017293063,-3632.890608808778,28016.70199473235,33080.49885483198,187329.967364226,174673.07185686167,64177.34225031829,106590.62787762821,-35298.031600204886,62001.39752243959,21673.578016733958,-39433.81135685691,411.3115380056286,21581.777371065193,-3114.055542507661,17567.006507052614
299665,104076.35422209761,2817.083648330968,32130.30790307177,36761.64049481995,187655.11389079446,181107.41419653432,69455.69301401507,113003.46163426319,-32573.98732532258,66760.37057186439,26415.182942043408,-35648.63939411631,9170.699219146394,24170.179968559736,4791.297703122344,20599.904458049157
299666,89169.15478305577,-12727.787725727258,16909.246185138665,21649.0639186986,178824.29685369803,165176.86460490074,53376.471862513026,96950.1143171852,-45353.80236639424,51086.76854848735,11197.164397986942,-50646.41430075478,18115.109674172596,22055.536770344785,13591.260668670162,7638.859021542426
299667,82926.54819737503,-19778.131154612063,12127.87049630829,17293.218419013003,173090.77228557534,158094.26355665835,47399.4450101389,89873.15608455325,-48756.97212270585,45618.19078385958,5788.053117641907,-55142.18394878213,10635.969047410428,19594.36327607266,6830.917282323683,3916.489057723931
299668,95636.47212581514,-6631.9543584906305,25365.96674528401,30505.834093297708,186441.37673166144,171623.57457631035,61258.07345609958,103527.31328935693,-37403.95414577951,59222.615113191176,18957.774901616085,-41980.96425414593,802.0804240020636,21015.217709003715,-2667.240379810726,15416.797873579639
299669,104883.7805330097,3563.2876275534645,33228.82191364426,37923.70421938953,187301.715052325,181902.2738236685,70462.73779108997,113814.79963323742,-31534.744435572775,67819.32576093156,27420.573210268965,-34497.29467745715,6751.125261796821,24009.391790379064,2533.6704308750595,21626.634625010156
299670,91823.46686382836,-9920.485472952105,19463.32033816484,24150.997092685666,181488.31980216494,168049.30919686373,56167.21758863892,99835.59023988643,-43233.92638203307,53792.92772900096,13828.946084069597,-48114.692550612395,17837.55415624745,22634.701185926344,13238.0537285204,9830.291687175679
299671,82412.18924899335,-20248.22547497273,11382.703558777477,16498.879940101913,172724.97520962893,157595.9400313896,46736.99720386206,89355.5705063043,-49485.75349404168,44931.344667850564,5132.572188524744,-55894.65024946685,12610.591610575284,19765.7003893901,8681.813157510362,3230.6011841907844
299672,92768.79253685482,-9685.709287585909,22580.129981807688,27771.617636802395,183749.56351959822,168515.52129156253,58230.395936937944,100397.21733228264,-39664.61420930065,56323.83450199242,16128.901050235541,-44679.795803688634,1710.351495920644,20518.040421929407,-1739.4382447101095,13119.931556624688
299673,104984.8800989847,3553.4478969274387,33631.50889092666,38390.69391585643,187150.35091104358,181931.7320661359,70716.60209653486,113857.14333060788,-31062.18639939641,68153.52298041989,27717.022502392214,-34029.22648413485,4524.17465642337,23710.77742099712,469.4299330429949,22074.646564863084
299674,94756.55283869908,-6841.235759632971,22356.416234492717,26989.37483824636,184164.0134760486,171205.06404026994,59280.76409560129,103012.64249915184,-40819.34529009485,56825.50906202647,16773.843797581314,-45249.13648571793,16906.978187999375,23184.62529032084,12276.831344710976,12308.999789099427
299675,82601.81144759181,-19970.08970183387,11312.273060095666,16351.018208302616,172696.9566484112,157861.18165060348,46811.46342692905,89611.38665156614,-49656.48591666982,44951.41945615578,5164.6939521485665,-55990.682670203474,14356.568937717313,20054.579955104175,10303.013702049991,3103.0014046265583
299676,90029.20535797611,-12570.509791917702,19834.04060007082,25047.871661569443,181224.75364386797,165564.4638598464,55293.995914986306,97421.67754845148,-41948.16855131669,53479.51201529089,13363.483387536078,-47367.57813753365,3070.422998801023,20102.436852706916,-397.2478305166735,10789.47761733986
299677,104320.78482873269,2751.9064527914657,33244.3695374801,38071.641895587614,187413.52854167076,181143.7400177871,70143.21747878205,113073.79117182191,-31248.223189308475,67667.13947261692,27225.74613177595,-34339.95414452435,2746.3493944131264,23283.940277600348,-1165.2262559356413,21851.976992324944
299678,97710.80037324518,-3748.8865926372446,25320.970647868733,29919.31610285174,187075.197242018,174369.19861396775,62445.075032683395,106199.19289032859,-38332.8283792952,59901.74273805875,19771.64545037592,-42307.923792936715,15520.168335073204,23661.059027020216,10883.6701640514,14844.10479742995
299679,83425.94761913405,-19015.817088226715,11859.934199645368,16826.363250409304,173002.6055191251,158813.8304715025,47567.090037754184,90560.52806102602,-49294.5253106257,45620.79428684202,5842.376005641026,-55463.92347596258,15851.502886624876,20448.244193666716,11670.09891352739,3515.7342599336985
299680,87490.6536287731,-15214.529393210949,17228.647244605858,22458.629663650663,178510.2722253775,162847.8529760962,52549.06551185575,94680.37176136642,-44149.009716753746,50792.164728510776,10768.976263821318,-49928.00957594234,4723.9735828323755,19782.38291286376,1218.767777073937,8550.230658948369
299681,102832.85435401446,1092.9096994742567,32024.35919416346,36935.29664793829,187724.20556811767,179476.33681179944,68687.60360247322,111404.94106122223,-32121.96429314596,66316.37109370937,25898.620202467297,-35470.93521940461,1396.68503194223,22750.20070720029,-2334.604771362722,20907.889150393254
299682,100392.39784373995,-965.0490291995966,28094.383445994026,32682.264646161,187440.8459453417,177222.78022715077,65355.18157876903,109075.94128794003,-35995.812306295,62739.22905575323,22529.337751720475,-39557.83225556236,13667.798926439016,24010.791881956928,9076.69186229066,17208.08887691707
299683,84869.38100432191,-17415.8274374268,13048.58701882607,17932.517451288433,174136.62639114304,160427.02997516582,48990.20871608719,92178.43522182496,-48397.852451736195,46939.82716004931,7141.890283552388,-54317.23343070902,17062.089318622526,20954.449203543834,12761.92498293662,4470.027084226645
299684,85328.56972477137,-17443.407334836586,14958.024429231933,20183.78336188142,175845.3649580313,160547.30803187692,50183.12791670036,92358.89076153605,-46116.99816000729,48457.4327944383,8512.202916038377,-52184.73517727543,6668.97121159469,19588.378208194947,3077.4407539013355,6547.385611458108
299685,100626.65567060994,-1319.7379282103689,30081.007775358077,35078.43129817001,187650.40925829066,177037.50138784607,66461.55236008561,108960.39507192743,-33600.2642939871,64221.55860647315,23841.159511734077,-37319.73837193209,657.7163667485186,22146.591669343718,-2966.493455596831,19353.83209242224
299686,102484.15448177738,1164.3811547960486,30378.127836161082,34981.892805711155,187732.72774654767,179418.60680936303,67684.72934172678,111292.37444896117,-34031.737321926805,65041.79214197301,24753.513425491557,-37280.10347618457,11446.058170789047,24177.370241253335,6955.231868017984,19164.709981935706
299687,86808.66367963392,-15318.393709692136,14774.400804764173,19583.77713093091,176237.09481295978,162562.27832258103,50966.861458300744,94320.4340576746,-47016.534097796684,48820.86456005319,8979.267997820665,-52623.57049019744,17862.786195527897,21510.2577506892,13438.659667110647,5893.745451524853
299688,83721.81505857504,-19083.367327023647,13190.19496843375,18395.86346479017,173892.86082206745,158855.9984448667,48386.08424703126,90647.28732742435,-47684.15296205403,46673.01529208823,6789.674109451984,-53946.77430928571,8710.243412005559,19522.17231069629,5022.403196998226,4958.595954301392
299689,98009.37173875634,-4161.457204738466,27680.839633942178,32759.577166303283,187307.2824327079,174164.70501444055,63773.184266596916,106077.5455704222,-35480.97436074181,61669.71187851869,21343.337599519273,-39621.43779924764,436.41266893371875,21527.864206188548,-3086.9075330204028,17387.556295218223
299690,103906.89232188505,2554.4342484829117,32061.91293709718,36704.22080690133,187637.09182439157,180875.00546566676,69333.81575528833,112767.26111890443,-32540.21869944682,66701.50214621553,26352.281160343297,-35572.10517542667,9042.023825834609,24150.98120480799,4670.44870913386,20637.806979283472
299691,89107.49032617183,-12879.455858257836,16920.70630533959,21660.360477735863,178839.92871662776,165060.59000654746,53354.80626949835,96828.83334778895,-45269.34182089496,51114.21145445138,11219.882673490498,-50505.63082009312,18183.548518651394,22092.87175936027,13647.31465529741,7709.551146788777
299692,82593.75068346309,-20222.67933977244,11868.878392653369,17033.741954910685,172827.33690208115,157682.1402911713,47087.80502492036,89454.94605301322,-48904.25949879743,45363.3723900772,5537.504262971327,-55274.139647768505,10832.219605531804,19594.163915800986,7012.494713679493,3741.8893339797337
299693,95096.74285123659,-7310.824113533657,24936.78159222868,30084.243782897618,185976.35158275935,170980.16962720457,60745.70094935016,102879.70014278978,-37675.59486025948,58782.49467126486,18528.174116220194,-42270.47137649925,874.1895278562514,20963.990613021182,-2589.632977974774,15108.765515280182
299694,104533.49798785591,3068.38810762829,33014.21440783822,37717.3764010737,187277.76157357247,181454.92101816283,70166.79879730995,113366.42512481607,-31623.585534075748,67594.24649937794,27201.30475737267,-34569.330886926415,6600.356096411061,23967.564872629955,2395.2768498539917,21502.36618332342
299695,91646.33461542474,-10235.876566213852,19399.375855392755,24087.2070336502,181397.80745956168,167787.07432093407,56046.71847562596,99573.74055190843,-43206.5507083758,53733.99306638795,13773.639962153984,-48041.6026605764,17840.761161195907,22658.616227646144,13243.583499005443,9810.797380686558
299696,81999.10716961732,-20817.335744353404,11073.967604559593,16190.488905264287,172394.333091986,157079.12746768404,46363.26896987769,88837.49924839882,-49667.44550608206,44628.20847227599,4840.867157087413,-56061.40559421925,12844.716914318098,19775.178357636418,8905.410470538587,2992.401053582736
299697,92084.46468453808,-10559.105476595754,22036.69243813243,27237.66173224915,183165.37411112798,167697.42384896497,57589.99615454628,99579.01014439555,-40032.761020821505,55767.88741214868,15592.212485420821,-45069.15353570017,1884.8928435187706,20462.56382367672,-1553.252857505844,12689.766638462117
299698,104386.17769914356,2746.6650172626873,33218.270854506576,37999.4375837479,187154.56950346867,181192.6831484144,70195.93997828415,113156.21964800995,-31305.481795681273,67726.96868177585,27306.65709330487,-34272.58893838051,4467.045361937361,23644.366709162692,423.46512247680016,21775.358181499927
299699,94302.13684469282,-7500.740834196296,22079.773482192195,26750.603354885185,183849.45809494646,170623.9832434688,58925.31782708343,102580.35562460743,-40938.964984030914,56565.221761822904,16524.433459263782,-45341.656906640295,16891.181055613364,23178.134279713282,12265.577517843885,12121.730175446542
299700,81918.51261808611,-20873.394983059196,10796.416403125944,15898.784630177313,172160.30248961347,157040.40604832867,46221.3766454561,89067.83265140682,-49958.34979011285,44473.65959740692,4702.565099606485,-56299.20824281323,14602.969300189565,20029.3887329542,10534.466110015603,2739.1128540781774
299701,89071.52858560675,-13778.617728674022,19075.06978732731,24378.260998825706,180444.19257567346,164444.5465152033,54435.59621271232,96691.28663966655,-42425.743510006556,52759.04196677768,12669.020781186522,-47892.97425969348,3332.2726132871435,20038.095101435774,-152.12844954322452,10246.837588729117
299702,103426.8932044361,1587.2123741080754,32589.075918095208,37523.83687155192,187439.60627858707,180082.9479583499,69378.92922002907,112492.15517410456,-31614.403352413152,67056.2947234802,26638.836950460376,-34742.143621959476,2707.6039505956023,23210.402064441776,-1184.9398147001095,21391.963070197788
299703,97102.2723437531,-4626.599521891604,24948.649877389646,29661.67680116971,186705.2864663157,173609.61236987493,61985.97132038886,106000.70146332876,-38456.93904232983,59598.54089794187,19486.212723984463,-42423.000147935825,15416.352468588095,23642.76466789675,10795.813675993304,14650.136708348651
299704,82714.86344072392,-20006.175319719354,11365.602977716697,16453.83750379489,172529.9132959538,157944.54051531444,46989.10126369547,90335.81399804473,-49511.36203914817,45212.96743983208,5470.485339654784,-55692.16336071185,16013.400747111273,20429.245520692708,11810.35426484555,3254.373217861436
299705,86534.69946257988,-16476.413733190326,16501.30193029537,21866.379476583792,177798.6797715248,161709.82888697396,51715.19119030978,94260.6603431076,-44549.197382074606,50149.27286641577,10182.974250306946,-50374.67147556399,4956.628758015349,19714.764494892537,1439.1103562163862,8105.341975956222
299706,101943.4343453203,-118.78226398404149,31386.626026685666,36439.61829385385,187732.77598032734,178399.76515614573,67936.71148582821,111103.04724006198,-32428.023322913916,65766.89354294544,25407.934428806475,-35813.47657296302,1427.0504451552492,22668.659912639938,-2318.040019976881,20556.56057848272
299707,99880.5980614296,-1784.5466565660208,27820.772231409333,32549.632382301847,187468.68198659178,176550.48483089937,64999.00723109437,109226.57436835673,-36000.8728538915,62574.90414525076,22414.886182831153,-39541.14431775374,13520.762388623023,23987.942507592332,8942.834334761741,17188.12526800777
299708,84400.97498240645,-18183.348167726705,12776.244462174544,17801.247548768275,173937.5072966642,159808.86447693646,48657.63008097248,92437.08851837655,-48397.5338534589,46800.5756777739,7066.013307792529,-54294.361800396,17100.114831238476,20951.868052138037,12773.028153034318,4480.962421689296
299709,84698.72925056197,-18378.16816899005,14507.08729317462,19876.87385554893,175464.6713540876,159758.23706700528,49665.09134279047,92496.67215114692,-46266.978052740626,48136.02178055261,8276.27324657496,-52338.101826334605,6719.336275954987,19551.938354619844,3137.4795704329954,6405.086927067348
299710,100024.22765539572,-2222.0904394489717,29652.620572336993,34792.757283342,187624.5353002213,176280.33125427156,65969.07937059287,109163.19148408368,-33738.55240964945,63913.669339062435,23625.100091505185,-37454.01612457174,547.8465174264336,22087.649402380564,-3045.0170609404663,19216.00315333294
299711,102242.0821835156,654.7345172958838,30280.57620417935,35020.155608128625,187740.14154093078,179055.23967123582,67558.66954109978,111913.90485533688,-33911.32484933303,65069.134077138435,24876.111158977237,-37094.95106557479,11282.348302025135,24172.499371570106,6791.3646380447035,19304.656071903944
299712,86689.53073847143,-15674.462716672779,14751.756280859805,19692.209372154473,176340.610339411,162344.69151571929,50944.50410559554,95122.55771300013,-46848.32870801911,48926.02199787351,9201.545537239883,-52372.87911942278,17862.293470344965,21556.52634546641,13415.532621863189,6101.535451591574
299713,83419.62190734813,-19609.356917075107,12966.878209971197,18310.48623363647,173797.00190685346,158453.84199948076,48160.08849069349,91301.0126299756,-47694.36528243014,46563.10432180524,6825.594216419179,-53900.725275552446,8754.847426049506,19533.906894183347,5062.107306255283,4962.050563876997
299714,97647.42538637378,-4739.344503324553,27404.24879518177,32629.281783610986,187281.17432171747,173703.52970407176,63484.58302260155,106692.23527771018,-35534.46266983128,61481.50025301896,21314.117527979455,-39636.29924240509,404.54407376900417,21496.075317034076,-3118.229680198702,17355.98874131428
299715,103818.41435950529,2284.8008333072057,32043.30760711101,36831.201042961555,187605.98005023255,180718.69200785054,69328.35386760207,113697.53952388556,-32398.48069881577,66762.65955031166,26568.512350011053,-35350.73699833338,8835.788005290106,24151.121274883786,4491.561078789747,20821.327949191706
299716,89225.09595444801,-12894.656988719116,17058.4444761516,21941.75074604869,179133.3295979336,165147.016636659,53543.183676810935,98022.15713645535,-45015.94315788694,51340.89799514998,11606.681901912287,-50145.420527060574,18128.386611381997,22146.234152291334,13600.768778211353,8037.356550528748
299717,82616.57930419254,-20303.671619206503,11883.279411557576,17196.968168590807,173016.0108440546,157685.08895583914,47160.39721761495,90589.60382235653,-48766.31671742875,45460.110089902075,5813.353710571488,-55046.35112445833,10895.812036796387,19636.000447530496,7075.769898718848,3960.7791580097164
299718,95005.52411565583,-7492.09275265519,24843.058100512168,30148.389774954656,186053.66616355584,170870.45594853745,60699.56390350071,103913.09916689931,-37634.136348496635,58743.90368887242,18682.725660312823,-42158.39549096083,856.7347696386698,20946.76419772367,-2608.962550759561,15231.710882350384
299719,104605.17844083611,3081.2648186242777,33082.008939690975,37949.00371301608,187246.99953515563,181532.7261440163,70293.24296455688,114588.01513669331,-31460.65240167081,67703.21782968851,27501.315557132035,-34308.579194755235,6413.983198507162,23954.852187317905,2221.077123467695,21759.17260241909
299720,91867.05989763323,-10026.2150423376,19576.586375423056,24425.032108743188,181758.60446062865,168049.10951667625,56312.212844457004,100988.99263228437,-42973.78419241471,53957.08299430987,14191.603987191014,-47691.840090810794,17738.780694130233,22697.854828530846,13134.76482477902,10143.685073806419
299721,82141.27089409475,-20654.427881253883,11141.504943814416,16419.702248555688,172659.40082621586,157275.96092459414,46526.3295485747,90205.58209393286,-49545.361505858775,44730.62803559843,5155.185273550335,-55841.811117577934,12881.117244013805,19802.87664165729,8941.216413715156,3201.4255028851926
299722,92173.88614485401,-10432.147135552923,22053.70355387281,27424.077555140935,183394.30287960556,167845.43726141955,57690.999627686564,100903.88404573129,-39953.225149473496,55795.251101385256,15843.266328311518,-44913.573926057274,1928.0139379911836,20461.04496722159,-1538.2147219728881,12850.308995473848
299723,104617.6667025275,3039.680026721289,33384.66616591018,38334.25055560631,187172.0339320313,181500.43647186027,70444.31785290086,114600.30495293849,-31111.978998404556,67881.09541807647,27679.178279321728,-33986.000184857105,4267.407249779857,23633.25993292386,237.00125114203001,22067.89693193227
299724,94738.01493810053,-6970.70373217242,22428.41869100777,27246.9025832743,184396.97161862126,171156.90186604092,59363.79763660384,104142.06679037391,-40617.155174804524,56890.36448058263,17064.03960476542,-44902.13098102559,16736.1215867851,23204.80266166486,12120.479676334442,12583.75398658595
299725,82300.91877091018,-20371.989541882016,11060.4132074383,16284.626799806261,172604.25021971815,157525.5612337964,46574.09188857503,90465.18862304288,-49738.80651386415,44698.81272964788,5153.832140168678,-55974.112079752755,14608.810383621154,20067.23537037906,10547.622872067046,3085.0893426596003
299726,89394.64614081894,-13320.97648009437,19271.616754683502,24680.52055390893,180823.19233402202,164872.01073428977,54711.1555378356,97925.81029012961,-42292.115746243995,52888.13691667628,13032.049674502305,-47663.234467809234,3374.526124842322,20052.912285191152,-124.47263409612879,10497.93720433983
299727,103824.60223364798,2134.096074818041,32872.132844176864,37901.48356690255,187490.07147585828,180593.07225318137,69731.38847260523,113716.92342625471,-31428.15865466753,67246.95356474628,27055.55760027513,-34447.49038613205,2640.195398443903,23220.044294193307,-1245.4688924768725,21728.36012975839
299728,97580.73163384647,-3981.0296785274504,25314.244518684714,30110.191055419662,187210.52335913482,174209.5862318523,62418.89411196577,107233.3756316118,-38215.60553149741,59859.44362939631,19962.741290157774,-42065.257056931325,15324.507447936166,23663.403834724966,10715.662583901532,15027.7150423988
299729,83080.60338197657,-19461.222881607973,11612.105116276613,16774.56381493635,172909.4086495566,158429.7985837917,47297.50062042758,91381.1028406072,-49383.25366260389,45345.486681943396,5810.788081954127,-55466.32508581513,15935.108367631748,20449.32185230931,11769.083235442842,3488.9006733439055
299730,86790.90241520375,-16028.777148188605,16633.470268367204,22066.944910566763,178051.9307548952,162084.23430129897,51905.93127593691,95128.4403302804,-44530.74110984488,50155.37236676476,10394.116993177693,-50275.16982171987,4954.126888693814,19726.964451326814,1443.7010904003669,8220.77419253878
299731,102237.85972326234,380.2172959223311,31565.816513661084,36681.79593108416,187748.45615441253,178819.94101140994,68172.12790283942,111957.01910329396,-32381.2469324495,65812.66902903095,25648.13274468787,-35679.38259860656,1422.8077744341374,22680.91621741974,-2304.9280641678542,20722.99155633957
299732,100279.8928823504,-1167.3296442277717,28112.135355767212,32896.116243623524,187522.76512810937,177086.22245480266,65349.64735141549,110144.65854043557,-35866.12508606573,62734.853405034126,22758.08964934943,-39302.4448439,13479.505462599323,24032.296572580482,8907.561315670244,17424.526380813557
299733,84676.3581912471,-17692.112485560072,12953.282922335642,18032.105540871235,174223.05537130102,160210.90533016645,48880.85325021953,93175.12365196404,-48355.27439799004,46842.26117283609,7288.292454038947,-54171.25654238386,17118.71724628873,20977.601940439483,12801.10101989142,4598.059681771407
299734,84703.83044720296,-18172.346275868407,14442.128925393254,19871.2796011641,175468.69728634373,159867.23428219365,49616.18458316279,92898.32408159484,-46432.78201558112,47917.280699312425,8237.933961990579,-52461.29266078381,6800.640292015622,19533.136471937756,3203.8452174790827,6295.597686998224
299735,99928.92857080835,-2131.308143975754,29521.149655502064,34725.607665427146,187578.67971514433,176277.6012996731,65831.80881539805,109415.10466362112,-33947.6000578385,63625.766401607514,23508.089342445168,-37637.119177152796,646.7504458536542,22061.73946377185,-2945.283222461715,19078.041537038072
299736,102277.0857114066,876.1935373370386,30296.14112959752,35094.97246240654,187756.64568898402,179192.29837608564,67575.4595685172,112274.36671570763,-33996.896876333376,64955.43372746362,24901.912383718747,-37131.1133024638,11244.848822421214,24189.49196150309,6802.5119486902495,19303.32537904352
299737,86743.11088063646,-15446.745791660707,14790.379357545018,19787.085649294586,176450.07494108067,162492.36228673585,50981.49115915122,95463.75143911652,-46896.87148277662,48858.76217507738,9252.515162403683,-52383.98185634737,17980.486097012035,21577.518763328124,13543.91767186076,6126.461537143077
299738,83260.63730083716,-19627.73274652833,12822.954437815913,18225.220096947807,173695.88166603103,158357.27206037426,47980.129790744366,91368.87928621308,-47873.31066702001,46313.26954453046,6685.265684782222,-54084.6815413938,8892.4749655873,19516.47448977914,5197.603734837962,4861.30132559616
299739,97329.60646703374,-4946.625029266837,27139.29891878767,32425.057654521086,187234.17759800804,173425.6927465694,63155.15785145237,106555.80482981888,-35797.76317338168,61114.669484265934,21042.056008778254,-39925.89667597532,387.8448760835464,21434.035403937036,-3110.6941829198745,17160.673642918104
299740,103677.98022576436,2248.313958581288,31965.322984455364,36806.13415470111,187556.64437538414,180623.82608531776,69192.46448400764,113725.51753751292,-32505.674346507967,66604.12999264999,26484.31715054084,-35450.12338878703,8752.55311511282,24120.31911845389,4390.957218691328,20789.792182160436
299741,89213.5784014372,-12805.030916018208,17086.66748250423,22004.872158467602,179187.99079507493,165186.50141761306,53532.14371214068,98166.10848992388,-45029.98630540703,51319.13816327188,11649.75402610438,-50133.636585594235,18209.105088929166,22175.055574693666,13652.00148134043,8077.0873034957585
299742,82475.28190060484,-20367.450131723886,11788.138991677159,17134.155615512882,172947.9176226735,157575.53190528427,47012.196777679914,90566.25519643878,-48879.58381292796,45314.60317373034,5731.642354826458,-55156.00302473757,11056.767961162786,19634.554255267554,7218.11119495025,3880.072282390147
299743,94717.4373925739,-7734.736306561422,24635.14630627553,29979.281049286936,185851.264610414,170588.50538936525,60410.56091714716,103704.92352124605,-37818.40591515063,58485.23039411658,18480.858399563607,-42365.5463045696,908.2190195162142,20905.28227657562,-2564.716112385948,15083.023233527361
299744,104424.78495701452,2931.083147673666,32998.56111062465,37899.96333123533,187196.5065339395,181352.7271522592,70125.43427584805,114473.49556407833,-31532.584041301212,67578.64626676805,27418.101905543903,-34387.82082178812,6260.013889018794,23917.38379282089,2077.9919404697325,21721.456935993614
299745,91898.606570381,-9959.924906944769,19672.293344114463,24538.224628021755,181847.68993540207,168092.85778220685,56350.742613000126,101087.60345159034,-42893.54149796257,54037.89666460242,14301.54115036192,-47590.95814456065,17681.978030999388,22722.004337085567,13099.857369496258,10249.519997192947
299746,82166.61796386426,-20593.35294935801,11196.153029192972,16481.173147307985,172722.97108477342,157313.51633110727,46540.68270814719,90287.28344623774,-49496.28422427269,44788.67074979929,5245.08160824799,-55775.60272917681,13028.612783622093,19846.2855798394,9062.7438453075,3261.960030390244
299747,92106.34002067012,-10474.090596772628,22014.353583089116,27391.210601558552,183369.70488746028,167780.06181348232,57609.95260499603,100875.69850909527,-39981.61390310581,55770.40360242146,15841.896484597382,-44932.671094375415,1894.5861135556,20492.102812698475,-1518.8089179363844,12825.472096275229
299748,104636.39184285543,3079.7295088489827,33443.40305364426,38400.57785360397,187192.77819158154,181521.24430315683,70463.4472279433,114654.15422047349,-31053.213217900164,67966.35281699058,27771.087336686833,-33904.40990535462,4080.087484069112,23635.45079504084,68.29342000383997,22135.956705986355
299749,94900.93639349082,-6776.780733247916,22612.251201390347,27431.819135602454,184585.68545467185,171333.38780068688,59525.38363382001,104347.41098526509,-40456.59768555154,57106.60412072534,17287.929889599574,-44703.46652466495,16572.290166822517,23235.794001113085,11952.214061744902,12718.779634484294
299750,82410.44652073632,-20224.58689004995,11155.87039732533,16377.877822335691,172703.34609279304,157650.34449324943,46657.723313946844,90611.03787057611,-49662.468209941435,44810.66725712402,5295.145044869088,-55867.860254126965,14656.978859488789,20093.844998023844,10579.29528031575,3124.297530199901
299751,89457.98245084751,-13217.408122390692,19305.749085030162,24715.20595905899,180867.5617676407,164948.32350355916,54735.12379532257,98014.75322405921,-42263.715958274406,52928.59924314057,13115.143913856515,-47612.166257059915,3509.3939383829284,20075.025272823208,5.48625982423323,10510.702984315738
299752,104046.79451549584,2406.12994513976,33068.86736726552,38103.09737482734,187558.90084836463,180839.81761354493,69929.55051116433,113971.46934519324,-31257.232563672012,67451.72736070881,27296.022459367814,-34228.28509974183,2541.479890201898,23238.3060039131,-1331.7706884862928,21901.761564609085
299753,98036.54828039023,-3452.8423378539555,25729.80593314758,30528.61277310907,187230.99340730053,174712.92590506596,62859.564238771454,107739.32877117116,-37862.62301132678,60288.12742849204,20424.46801846342,-41628.54369877026,15159.106294672909,23716.007562300318,10546.74503083349,15394.449010352751
299754,83370.95794142188,-19090.8767164561,11835.676996158598,17000.703690132796,173155.08557462096,158766.61675725758,47548.277784153746,91711.90774675636,-49192.946003099685,45569.22817813228,6085.728373051589,-55221.0958528996,15979.378991907612,20482.516990135693,11799.939261948399,3673.6799810005414
299755,86912.21739877645,-15825.708724528795,16679.014799798104,22119.81663474078,178110.98159527764,162246.5921727784,51971.962252401616,95276.74992069014,-44494.650553754735,50181.263989735315,10483.236740067845,-50210.1044693905,5091.871271684337,19732.087108988522,1576.4134940945578,8235.30815753236
299756,102445.336125503,680.7564027279889,31693.252610966927,36821.311332655445,187771.90975631442,179081.0051590977,68330.8824997689,112197.8229566522,-32276.28050071721,65920.11995827555,25817.2778408842,-35528.884557506346,1485.6341411497815,22696.45532503242,-2266.815880764921,20807.6053570706
299757,100690.68854892593,-644.865852587795,28438.01806328391,33233.46174158102,187594.02390654245,177571.52860090852,65724.86191026676,110603.3975759283,-35601.187050347435,63044.543281039514,23120.66539572843,-38957.90946603987,13424.054653679726,24076.014412377936,8843.303400849405,17682.574608453182
299758,85018.8145682415,-17235.229904325228,13206.31607656921,18295.807423803315,174513.8561722101,160626.47478926863,49181.28396541176,93558.10386301763,-48153.25387229575,47064.979768068544,7565.368833593708,-53903.81005348753,17078.947705847422,21004.919875360145,12756.130129869032,4779.514719125893
299759,84874.94888108349,-17892.284362883758,14527.411747996082,19971.049047855966,175580.0475535264,160097.42882728332,49732.06492977468,93091.3896218071,-46364.65750221537,47952.815351730715,8335.212984143796,-52357.477310460126,6814.1265285113805,19519.515118458905,3231.713657253242,6346.693825452521
299760,100114.90469621231,-1827.1872465529814,29616.427078029163,34835.959546091806,187520.9594982986,176526.71020278032,65963.21000581427,109625.17804613414,-33875.70653020592,63667.70974198598,23611.54815959974,-37522.28438447339,643.2105769519378,22044.024240728868,-2944.1860747560895,19142.903442746523
299761,102737.8413606252,1483.5011404067195,30646.680765855373,35454.00320983009,187780.77588336106,179744.2670975352,67988.52700685679,112783.76048134384,-33725.275204872516,65258.259398240974,25265.023606199466,-36769.500041681255,11278.140939932453,24222.88241395115,6796.950429748012,19582.69187191794
299762,87240.84236794076,-14785.521028074094,15161.424157231751,20161.551982854617,176866.98874250823,163096.0274460283,51429.02525634432,96019.30832602236,-46624.01044734774,49175.25042829772,9634.361883202995,-52009.86101039026,18007.432562707487,21635.20334869011,13543.937290883277,6419.941972362556
299763,83538.90055671547,-19192.62020829955,12988.435370397647,18402.81671304578,173899.4116341658,158727.9703010379,48203.69049370442,91686.24363196007,-47774.98558996289,46395.77377122337,6848.325754920391,-53915.893058918686,8901.250572794092,19522.54943889728,5189.402561517344,4957.627719157679
299764,97440.71420160223,-4686.201636595584,27158.16597032481,32468.997843005956,187172.64051842352,173614.36922556855,63212.719151255,106688.59591913661,-35811.3645052623,61035.53315694264,21052.71987714379,-39894.651773645004,345.2087552568376,21390.655543043817,-3147.981062144313,17135.80936412901
299765,103916.15760098555,2651.6325444680233,32104.41868029673,36971.78575257993,187495.1939273968,180953.28971567418,69383.63935049815,113997.22701251012,-32421.08784364174,66652.96338897492,26621.217166376016,-35297.832174553405,8713.979032545736,24113.03997054288,4378.233123028112,20877.289343343124
299766,89575.69457808725,-12257.882388321832,17322.81011938,22262.542444580948,179466.301691073,165658.94501359493,53844.05859138086,98575.98337182077,-44874.993337617634,51472.41037954335,11890.64254955322,-49891.85834739365,18296.772250791073,22222.240817843165,13753.743299990365,8247.479968655049
299767,82765.35462326709,-19894.63930979463,11952.937147493041,17319.24276881789,173149.5406376687,157970.22740425466,47248.13181894534,90893.65784822128,-48777.980467403395,45388.810920839045,5900.309302471008,-54980.31713967414,11159.024143138551,19671.276168960645,7330.122029299581,3992.5253849563196
299768,94867.88822789633,-7415.005527117685,24691.560993198447,30064.56694586656,185940.32945626348,170827.03798927442,60513.778041861406,103873.33836930286,-37790.735369086324,58435.226486052634,18531.53658509269,-42287.36055793321,829.7560705611205,20884.768945573305,-2623.2788840893086,15106.06762449406
299769,104595.61671880292,3272.5177496380056,33093.18846692027,38026.94485905211,187130.92004529544,181610.8446082333,70260.29021499574,114660.71215346539,-31470.788199309314,67559.02545839381,27500.895483384957,-34269.99345011869,6103.588789259056,23879.216070421797,1935.0106731380179,21806.886298952286
299770,92129.73152220299,-9546.82567647669,19803.13706692726,24694.73227626797,182016.1659224485,168420.92179331684,56537.97157924137,101342.45997400754,-42813.25065782199,54062.282190395876,14430.748325386932,-47442.596310704124,17737.317829160573,22723.218477861352,13137.464327768943,10390.668841749206
299771,82361.94818526052,-20215.10344868755,11277.028432345129,16582.671041200934,172834.1007476253,157606.47690555218,46682.57098778551,90502.12400237891,-49472.53848204086,44758.464132427456,5324.720665421567,-55685.504801587886,13244.231107915848,19870.351678518895,9273.95461166889,3361.375270900201
299772,92234.56337135646,-10175.030597612364,22057.087683728398,27461.366102204232,183431.0040356235,167994.94230546788,57693.90061891546,101010.31360666247,-39974.95881107667,55685.037035630565,15877.978883121372,-44874.238167933145,2098.297836058444,20481.789036573522,-1357.4089028158528,12911.294877693688
299773,104740.01236070142,3338.0038223081287,33506.42563472796,38499.98015065692,187219.54782664898,181700.8526246365,70543.46676490082,114752.83609952683,-31014.559685401742,67880.59377070672,27816.674632434664,-33816.95794203214,3988.266238031628,23602.763140791976,-8.408885471576127,22254.42946613177
299774,95001.12297145091,-6527.394103646015,22677.01421690879,27531.833338362754,184682.7567972312,171507.3703419817,59603.78214609325,104438.76992051116,-40412.646903748144,57028.497245485574,17337.242244394034,-44609.072713410234,16495.21884704328,23206.693567846967,11887.642225884956,12871.91755597024
299775,82422.99633421005,-20064.677906536366,11114.584384713287,16361.97425280148,172684.50759031193,157733.86405041773,46634.32492471303,90610.1114995422,-49711.979384034654,44646.37180409301,5250.701949600338,-55880.14923471533,14770.02504964793,20095.10253061909,10694.966398240322,3189.920144237387
299776,89462.04133918368,-13066.825156748388,19253.654433803713,24681.92620715415,180828.7256327739,165024.46768013272,54704.846884923805,98006.90799925037,-42336.85481463615,52760.60928044881,13060.38733584869,-47641.74281522831,3674.0085846009715,20087.71953122744,180.58541249510426,10535.658342887855
299777,104099.37073606468,2594.278645280988,33091.74602303568,38147.383271308834,187650.27680792368,180960.21223319444,69964.46556856143,114009.53227318809,-31263.657198451383,67354.90713623694,27312.043325455023,-34179.98488554623,2627.755233448617,23244.831315376585,-1255.4481661719917,21997.92262382956
299778,98050.27004950398,-3324.974148280062,25746.58885827269,30568.808388518086,187259.8038364402,174780.775343075,62868.835084116115,107728.29991982422,-37864.6399892394,60179.28244235482,20426.34061206179,-41581.32660839328,15046.431285406818,23700.32959274012,10438.71714051396,15502.336778960629
299779,83245.46039895076,-19125.45902651768,11722.704198465788,16908.442167671015,173055.56316232088,158675.29705841682,47412.070919639635,91543.12286034627,-49297.50689356864,45329.14137378979,5952.576729779311,-55301.36407808708,15909.825131621554,20439.429006829065,11730.465011348968,3683.712831822156
299780,86704.2464133357,-15955.138847710505,16471.958102972032,21929.41666945276,177910.0113587387,162062.42749772154,51739.86721387278,95014.72855762721,-44682.285191841074,49852.72529963466,10265.038295629001,-50379.932169863576,5171.26372784463,19694.463043175587,1653.404884426357,8170.329728440902
299781,102375.45277342395,690.4835483702948,31617.505938499085,36755.97803048865,187801.4433804581,179042.7439863138,68243.39814656897,112084.8765936698,-32360.754567444725,65726.19600911248,25737.013274190693,-35567.85198024436,1537.6605870955207,22691.973843920176,-2200.657989020841,20859.382672318337
299782,100907.73248819576,-342.5381070618316,28650.939716456418,33450.267856900515,187692.57323993783,177835.56019747176,65943.07624184164,110798.51716186307,-35444.1238955546,63145.10698149,23334.450827822686,-38712.27483401536,13371.722597895878,24111.52688245568,8791.697433132624,17986.14893115847
299783,85123.88345793402,-17061.012000645504,13313.957912491725,18412.40761460972,174638.8715241442,160764.81760519117,49282.28117385252,93628.00023974023,-48072.10632708385,47059.99347329126,7676.110796510671,-53758.261946735496,17044.971958161554,21022.813001842034,12733.932399506948,5009.5925221092475
299784,84614.54221536081,-18114.0655546599,14285.71769464111,19748.78367805128,175351.4486662759,159838.0004652234,49452.721694827516,92762.12621519381,-46569.849676525264,47583.53777108412,8093.887315420727,-52551.87691898075,6817.777952448083,19466.50973705219,3245.438968880124,6274.134203490968
299785,99802.30690333474,-2113.162182158041,29327.062606721294,34569.65954058312,187436.43489530537,176206.92921420257,65630.9751307263,109237.46217411323,-34118.18560990246,63240.85707723626,23326.01164080052,-37759.0644968391,641.6780159877013,21974.506954953387,-2945.411357623324,19028.96231323178
299786,102838.23382335836,1631.1025133100575,30748.17638361201,35571.225533491546,187812.28236646255,179869.79973048813,68086.42154060588,112844.20981469913,-33649.01137305438,65238.44785455874,25385.91378171619,-36622.105878887305,11263.868040334395,24245.164856072348,6773.720725775379,19794.918468401273
299787,87473.17489115782,-14501.242231044307,15373.43355005879,20383.92118339841,177090.35258141108,163364.37304500162,51655.816844731264,96223.61204319625,-46447.22437833753,49291.16860806948,9883.474511338864,-51748.7100347244,18096.72343088782,21707.10858845526,13631.197847759802,6725.463811604697
299788,83445.1238817128,-19266.83315327922,12901.46614095408,18334.56978601567,173825.4289729354,158636.261787399,48093.934373594275,91530.52680681474,-47836.5337263796,46201.97081328109,6787.201019155132,-53945.79950323005,8921.470612388759,19504.824699997967,5225.551624949518,5019.247889614462
299789,97105.42316878401,-5033.379408082261,26863.441029025842,32201.8673228873,187083.11370968184,173251.3355611107,62860.86044826114,106263.18047956198,-36028.307206033234,60612.69663361274,20769.40456897451,-40122.500827689815,222.79665977416852,21300.355190337217,-3250.438046475924,17036.847403513253
299790,103858.79138643933,2597.5114326297116,32069.65186414683,36955.63049943662,187402.14959078096,180892.96715517848,69321.27644621438,113877.28558085684,-32430.180975180763,66503.14702633317,26610.254748462732,-35270.068328465095,8561.053737963657,24081.815875106324,4239.459392819624,20979.995053913663
299791,89809.91851608045,-11993.224185124933,17522.38014064586,22461.53010108543,179677.84219600118,165923.46812631487,54063.51461466271,98783.40805632205,-44705.69144225732,51595.85975371662,12141.669312881224,-49639.20103527266,18426.392082882292,22295.234937919515,13862.389674128119,8531.117154131209
299792,82865.90491565803,-19772.31546572868,12015.19939750433,17382.46400217788,173217.1359679879,158091.24434712547,47321.52205344126,90958.05843731112,-48730.15654906565,45382.25486456347,6014.474512497911,-54866.88630872282,11332.047574700735,19720.733273464786,7486.756827064053,4151.884234984747
299793,94700.5195629796,-7597.659836082878,24537.92731124635,29927.408821001973,185785.79876297968,170643.67250540789,60323.897511077856,103635.18465629315,-37903.10057030154,58186.54938604937,18404.72492774702,-42381.77446991863,768.1477725702362,20838.882390200204,-2671.263266951288,15099.29469592956
299794,104455.96795928391,3105.519225582393,32994.373947524946,37949.88889124319,187031.94662784395,181449.94230637068,70110.97444670365,114447.25506984163,-31526.387896009335,67359.00263300828,27420.113765029655,-34304.13048893941,5825.376956240122,23809.689697743765,1684.1561959747046,21837.25550566888
299795,92209.0771168828,-9469.177840037324,19875.717041075222,24773.803707710096,182115.8511687311,168506.82959000743,56597.367963504104,101377.11515513893,-42742.65359130343,54066.75781971283,14542.490151765394,-47316.140581649066,17689.505010472403,22738.303817577827,13095.208479842066,10537.443773731165
299796,82484.08256830095,-20076.185977210593,11341.569306085721,16642.979798617223,172908.20848370777,157749.50631378952,46762.30284637091,90593.6557230562,-49429.43211834667,44785.33882125784,5443.400790179473,-55576.40407652613,13484.392065286964,19932.649431261474,9491.344640769696,3481.6256403381276
299797,92274.39673614167,-10128.982798423729,22056.15219039741,27463.48786665497,183427.12369178684,168045.37880284505,57694.73234826015,101009.65012259598,-39978.9069898966,55650.31476500414,15924.13352209126,-44823.7691191907,2248.849406870311,20506.770780051716,-1228.3993734665753,12978.078975332044
299798,104766.26130969831,3353.1565968872237,33545.11283166297,38556.522391834456,187260.0350885588,181724.9836990671,70557.47154334956,114730.75544480167,-30965.79937242365,67878.5157880089,27881.988136781758,-33719.15738141749,3751.391128270634,23561.7661543048,-236.95957251011248,22354.288233643136
299799,95055.8254925974,-6480.935102245543,22742.76983648545,27616.15506075334,184783.78878794037,171563.00286351936,59649.958198139575,104450.27741277445,-40345.65941727409,57065.614623873145,17428.259714163018,-44488.39488437087,16231.911712437219,23176.64595131405,11645.699284712671,12966.714842877658
299800,82345.40127190412,-20141.351635292536,10999.710993633435,16258.405107310657,172597.60251688078,157659.8869347606,46518.183270535315,90489.05848619391,-49815.63576805084,44532.346722673385,5176.686693655422,-55947.463469475435,14881.6482114201,20085.528608396235,10801.417675752675,3111.615707611158
299801,89346.2341268982,-13176.142151841195,19080.84059883042,24517.170719677008,180650.55358618853,164913.05825451424,54538.25632982468,97848.46144363236,-42494.14404327833,52616.37203465609,12937.074437661111,-47768.06345370461,3952.3480524676925,20095.388389269712,444.0793904070754,10403.278112282604
299802,104196.00411090271,2700.508317779824,33164.65442999961,38232.27380096871,187791.76145382953,181070.41685943867,70043.19923981959,114078.74183096114,-31198.768328512546,67475.76265897945,27422.244102387067,-34057.67508918072,2546.4250576151326,23247.121098495176,-1323.9337742352718,22068.43232408339
299803,98349.78364672727,-3011.046331821117,26044.997978825195,30880.54483945576,187302.58504915857,175103.66848823405,63175.398851421094,108011.91163708566,-37604.57356911087,60542.34088931102,20750.673698173516,-41239.38596870465,14706.374503651494,23714.229486070526,10123.845338790474,15746.995518178544
299804,83225.02839060081,-19141.7267273456,11686.331410892508,16885.30989928448,173053.72374641517,158658.91414152243,47368.16855408414,91482.81374651572,-49314.020962528404,45373.260619141845,5948.1954810742345,-55290.779176429736,15802.30579265154,20411.51692840679,11638.68480971148,3647.5868360092504
299805,86416.26993636394,-16241.299886974975,16151.273985260897,21618.17553172264,177600.175223427,161764.24105347652,51401.58248209273,94671.14634024004,-44948.613778130675,49631.8270518627,9977.812504397158,-50659.88961709743,5335.121876386063,19643.928409245236,1815.644501403333,7883.389552472614
299806,102330.03156301551,665.3091811112379,31535.34093433903,36678.54525825511,187849.94662734415,179010.35019903543,68166.67311955217,112011.44354060719,-32431.63570863488,65790.71300360252,25689.111183710917,-35620.93565569016,1652.6713966201125,22690.702363592543,-2091.590756449853,20756.12472273175
299807,101293.01988632817,86.89199163865442,29003.411977867596,33804.4692911693,187846.4356969374,178267.95119577594,66330.28044751409,111192.24929428217,-35155.51045656095,63688.724054016464,23722.6386086485,-38345.31826659232,13299.701937263691,24187.358637159206,8713.23458490229,18227.435131168626
299808,85275.12642662745,-16885.236934851448,13449.315728131785,18556.167827411875,174778.6439534044,160940.64048679994,49428.70746603978,93765.28689719879,-47946.406255405076,47397.75308943326,7844.863312259923,-53604.06203198455,16951.358195954417,21042.07758231042,12640.204244854025,5085.201017114836
299809,84291.4897827682,-18445.410544050654,13973.20829611534,19456.390399601685,175055.9420467895,159495.17881384343,49104.61326865054,92379.74644696101,-46804.78923119519,47469.71605559936,7800.5606175946305,-52838.65461200773,6747.1043858801495,19381.040967310313,3190.3635568773507,5986.76977846668
299810,99485.95716323733,-2435.522671260242,29014.69151142487,34272.16582699181,187305.9617786517,175871.8652877765,65285.96295006225,108864.45320751284,-34349.82099990369,63157.54986332193,23028.65809547677,-38045.33736384646,616.1021919975275,21901.18430954527,-2950.170376133704,18731.291747836818
299811,103089.56102210558,1919.4473322438841,30960.438612640486,35776.82166735667,187864.92351060774,180153.54498895782,68326.27891627888,113094.05171620137,-33466.05706760865,65733.79461066095,25621.138129079187,-36403.83783868975,11287.576455367609,24309.929327221773,6795.9927475857485,19902.959159763228
299812,87878.67293700474,-14043.877766146892,15718.325595754863,20712.586670188583,177412.34768022777,163817.91783169383,52050.893693574224,96645.047166182,-46159.77998930137,49948.755579666824,10258.65476600168,-51409.87191927398,18204.24566070229,21818.515635222953,13720.274780306569,6948.987856611818
299813,83419.57135391113,-19277.771677265206,12862.037067587476,18296.43030063822,173777.78118397755,158612.70082144922,48050.432688103996,91475.84080736675,-47846.02206142503,46465.743828510254,6758.6457812142835,-53982.04543685203,8860.762403642526,19491.736385639717,5171.763699340487,4942.754053500974
299814,96735.1723194024,-5422.5459828887315,26525.28275682989,31880.64371441645,186940.24561381713,172844.3029956354,62471.070308069626,105827.86380320256,-36261.751690922174,60577.44603135652,20416.37335321508,-40444.78148966275,-8.37670483872239,21186.404606953573,-3449.6262128192725,16713.320325666842
299815,103783.90250580595,2530.2687522250453,31999.13206847993,36889.902610298355,187258.28350888396,180809.5472095317,69232.65799395657,113769.3988772979,-32462.319398772586,66771.71114567973,26524.39320306244,-35336.46342796927,8414.860265405332,24047.76119362508,4103.73906111931,20851.172954755995
299816,90136.26096055305,-11611.589424825786,17779.16056485033,22701.11728182719,179931.18883440743,166289.05221598787,54367.830700720195,99125.22428476358,-44494.36959313936,52235.928706615916,12409.993591820758,-49395.40505919732,18644.603988984927,22406.031670641176,14057.279479817653,8680.11911525304
299817,83117.36612708471,-19467.5203289201,12196.447650994542,17547.034666163956,173370.33046141526,158376.51577147926,47545.45722382831,91219.57182053284,-48575.93149838121,45953.71859748387,6208.417160960755,-54695.27486441504,11565.611305376331,19814.871817201994,7700.649849255029,4264.479977127435
299818,94587.90513940551,-7700.280757992601,24430.64144708358,29827.284605796274,185666.58740075812,170520.0354253744,60195.93245004915,103488.59103589383,-37947.42784588963,58454.30614897952,18276.716190082945,-42475.41162960651,591.9173244775619,20793.270779527084,-2820.459041185378,14988.310656514153
299819,104273.5124557319,2920.631252479262,32857.05567267371,37832.690830305524,186873.64561386956,181245.89665082635,69932.19134366077,114222.09417191641,-31583.231783093423,67597.8646105396,27235.64858715528,-34419.71332760992,5393.683314773618,23710.708156729044,1295.882776815739,21685.80365268966
299820,92218.75030039359,-9426.966538795228,19867.646227644687,24770.346615694136,182149.39322250406,168529.75955641022,56598.30980103436,101378.51284371159,-42720.78961719296,54461.702413241,14511.016305385121,-47314.16147288812,17674.28492176005,22749.604053427818,13087.903367042138,10489.752394819321
299821,82600.04031514667,-19900.633190746717,11378.828879657975,16668.540906867172,172942.85804455495,157906.34832568147,46849.14447336964,90729.3179014845,-49399.833419750765,45246.88722836448,5487.024770880976,-55541.45104766248,13851.861431806448,20024.218465973696,9847.061109115475,3476.693940098041
299822,92382.84344739316,-9972.615115991228,22113.486635098743,27519.88994526506,183451.09345707027,168193.38088015944,57788.25941517843,101135.04379282366,-39913.90160381215,56133.384437208086,15979.926524306366,-44759.82080287329,2416.6146242575937,20570.09335246808,-1059.9195287662578,13000.03096511019
299823,104760.58703053897,3362.295549020195,33562.86157641922,38596.711693282385,187320.69392000086,181737.91351852217,70567.47102194725,114720.59310169611,-30888.59319281295,68307.86799113295,27864.839480174793,-33671.12128081607,3436.704520086162,23533.471387834295,-518.8171145959157,22356.90598284055
299824,94918.91127621444,-6615.804346675713,22640.739168218704,27544.207873737265,184743.94721396273,171437.5589108283,59526.75642853003,104297.73956467789,-40353.00526060094,57367.20966606603,17291.380318046693,-44546.56657868596,15878.6512625493,23116.80799986104,11331.379980128975,12894.490560888882
299825,82186.11501080809,-20279.1598957095,10809.28707527047,16085.268906749225,172473.09701979713,157529.28456457317,46338.82602599856,90325.63239626316,-49915.59322862414,44757.861491101256,4991.781759453476,-56095.92394591999,14967.43235522315,20082.92220810985,10892.839477208554,2980.842901550666
299826,89413.60588878734,-13057.247415081578,19061.794565494798,24501.25024168519,180646.16029416432,165042.88444469118,54572.78269744694,97943.09169408068,-42469.85724669001,53038.005314000795,12953.903597043654,-47750.484191566684,4311.423137594127,20185.61753947036,777.8821311321727,10408.438230252563
299827,104499.45533448827,3058.95465889924,33406.4804894872,38482.0648626606,188017.0108175514,181451.2105688278,70340.18335224895,114426.93595011948,-30945.594448435484,68159.4726408142,27686.25010856046,-33775.8398107332,2634.852643083017,23353.072491875435,-1252.702591791927,22288.983894458703
299828,98589.16980608541,-2739.0978633746586,26279.543922271063,31141.273579669058,187367.59030105517,175399.05483247194,63429.700566332365,108280.89771451741,-37328.51650469302,61192.43911256865,20991.25301532283,-40949.46571152538,14422.714745490439,23757.14254454647,9848.759506303759,15989.995350666262
299829,83086.96530932204,-19270.66989156737,11554.866130717404,16788.546244303965,173014.6524618176,158537.09764437104,47222.92973293786,91340.41652880303,-49334.77447848825,45625.30896221929,5832.317889082676,-55356.573104104966,15583.79329697321,20380.391200382357,11442.684746373241,3607.6079965803438
299830,86176.55086805348,-16457.816312211588,15870.400812105156,21362.555173536886,177404.15091567676,161539.71593040926,51120.99558714231,94429.38826526397,-45120.1486692841,49733.842621808326,9739.715047076106,-50878.33625051475,5495.666730270413,19644.387904635478,1975.5181445847202,7702.3850064408125
299831,102498.07535850465,896.2516917755089,31613.490405045803,36764.91927369764,187931.55924576893,179232.06534864387,68295.21233191655,112221.70841711461,-32327.466174458463,66273.61622341027,25829.561020050045,-35482.30042745841,1978.1536439997499,22803.49561336667,-1791.3347324639062,20858.810320937202
299832,101879.48658842649,754.5847072703593,29503.755914591544,34309.41822947184,188093.18740842026,178929.78242745565,66906.86964685032,111853.12277904013,-34698.260863933596,64594.26560740559,24289.229689989355,-37780.33601295776,13392.420161381311,24362.361964913864,8785.003560027119,18697.5389286535
299833,85577.86171704171,-16533.587392769863,13716.755476727834,18842.535571947607,175093.00996179754,161276.60650718593,49726.18103986224,94106.92102599138,-47653.39369554123,48027.189170278514,8188.569622401889,-53252.71449115173,16792.484755862526,21116.759726445984,12484.81320083227,5395.451722541881
299834,84034.35827973884,-18689.842434386217,13716.990717319084,19232.146474562607,174901.6096973404,159217.14726299245,48820.35478317982,92110.5070807943,-46938.44832792733,47531.44434618437,7634.90809825271,-52998.205890399666,6590.8001223711,19327.48545638442,3047.7204349099434,5861.502662591094
299835,99224.20029220727,-2664.9181204625747,28717.343679610378,34001.90606725034,187099.46996521065,175600.2006284081,64982.44405891039,108605.30503942039,-34536.45108570554,63195.48226803786,22848.695535845814,-38245.703084657456,761.937245243403,21888.59926788909,-2816.648118447707,18562.952862374408
299836,103424.39805113975,2345.4321711872694,31196.588612889573,36018.288316423,187954.44357116392,180540.21145889052,68631.80953425604,113500.23150156919,-33251.71426723084,66340.22873353935,26003.723835995133,-36090.64870345463,11683.58630047463,24472.097259305643,7135.284712184629,20171.94688999349
299837,88447.69100727882,-13371.441934073377,16187.523062785309,21182.054038150083,177875.85100872474,164452.38558971978,52607.1133963584,97305.90930063085,-45744.22498619957,50787.34582018303,10918.701470197371,-50858.904088497264,18517.102900364836,22030.16932408444,13980.141395914081,7435.968291332754
299838,83518.12081511531,-19129.007281377857,12945.186076109454,18401.238977451314,173893.66647709243,158714.78971728688,48144.08304832109,91608.8485371345,-47714.93282129542,46869.281034244355,7091.418974501668,-53804.028337027106,8796.781364262286,19538.329991940125,5090.671663115295,5087.295635991766
299839,96349.21007416642,-5798.081844302438,26178.806026315717,31575.79291649667,186707.76787442324,172411.0135524955,62074.116747023145,105427.87739070924,-36457.54101636101,60533.850891661605,20402.968754027475,-40684.646595528204,-219.35414793571613,21095.414624654124,-3671.79757720043,16450.966495145352
299840,103652.79814360828,2451.167904675062,31848.61656517677,36766.57101437224,187030.4750737268,180666.79067622445,69082.05087865544,113661.38359268474,-32521.41536112314,66964.53011765688,26806.482941851817,-35399.402984036366,8530.281707551168,24059.656125796035,4166.479089442218,20693.10699738018
299841,90580.01927140358,-11046.507095940162,18100.825193506265,23017.40648913452,180280.60609192948,166788.58716459537,54784.31971303312,99661.4600269965,-44198.92461958738,52962.57108876268,13311.2940711578,-49011.75097491763,19242.848196556304,22624.73715478288,14575.821420337688,8857.427190382963
299842,83627.48178824107,-18831.702051286393,12592.748455620129,17937.211451107534,173741.76346874709,158942.47698563567,48037.91514413804,91826.35639775964,-48216.44402243075,46760.585144096454,7296.477055088385,-54244.10718679525,12069.919182477634,20035.58653942392,8133.584469086842,4463.049438904298
299843,94592.35525110019,-7627.256309602167,24434.373837915777,29858.15687922813,185686.80248792956,170513.45854111575,60206.42557180132,103528.68877660988,-37862.171225095924,58833.862182845856,19004.652332492005,-42393.68219434691,558.1884849660041,20819.31321860689,-2885.4670578492496,14869.655338832259
299844,103945.0488917898,2632.8522037636994,32586.012062991507,37608.24845992382,186616.67021377909,180865.4946518125,69615.17268644227,113891.60746004534,-31699.705084125046,67691.55057076644,27699.47500359115,-34602.70192974651,5101.089700745754,23626.42407613236,1010.7781792223359,21346.644122974318
299845,92131.12667838865,-9425.48820624074,19749.8282503168,24674.598549738734,182132.21181288426,168426.6067305005,56493.969607082676,101324.09437391875,-42737.23685612374,54760.50219835719,15218.116337387633,-47366.62341255539,17922.269115796124,22803.648244058666,13291.43032311074,10245.945011723928
299846,82911.5372465082,-19441.345395027238,11557.744367106934,16838.687499999134,173132.0289551224,158252.22447431623,47120.826037929415,91123.08140661892,-49204.86139849191,45901.471215825186,6609.606554140764,-55332.99598634157,14667.919757029897,20248.938485290848,10557.087745922294,3439.363028577613
299847,92763.24985159864,-9450.864520808806,22395.397368747806,27799.15963632297,183677.76787619755,168594.21607376105,58147.48194148824,101592.87456262672,-39619.21336470997,56897.74639048434,17237.112423404124,-44455.533596648755,2964.964678097919,20770.96379007411,-597.016927423665,13058.137627121716
299848,104875.49928936217,3567.991136407428,33707.17648589814,38772.391678811575,187415.02705289764,181815.77316267922,70704.41715627817,114866.11641276223,-30661.90360421127,68898.80466062289,28940.096793641627,-33484.30928287102,3177.1005780664627,23556.6389604788,-788.8760202212131,22339.401949085976
299849,94757.61960206728,-6704.492789647792,22544.000606495963,27484.60418139379,184751.9098844056,171204.6479414027,59384.10607514792,104136.78017238865,-40318.523798382455,57696.00001018697,18128.861609309854,-44601.23232268273,15545.627466316659,23078.518065421173,11002.877080273121,12661.311049265842
299850,81931.5849982425,-20432.03975336009,10526.8979654649,15810.701150046143,172283.2559797113,157214.21755442122,46052.754842347844,90083.56471029817,-50081.86958674298,44919.73898200413,5725.309406016507,-56361.53965610966,15374.448030174444,20133.677195124517,11258.084943683396,2535.28531778257
299851,89491.65736045575,-12835.171279312228,19033.09578664099,24457.55570443243,180593.4863899157,165098.74533592735,54606.48776661517,98077.28663120024,-42469.967778536186,53491.54636646889,14002.082826692704,-47789.6175898794,5156.465466237468,20371.4244721637,1532.9056963490564,10147.061538449443
299852,104938.16804089164,3642.83562686833,33784.01080604376,38855.6201823898,188381.16698213073,181878.68340489277,70783.9901132083,114941.49305768427,-30588.377332188953,69034.63009546982,29121.61944446677,-33406.48516332352,2964.271097253389,23540.109702374222,-980.1382973449365,22403.50178506977
299853,98875.85073137238,-2347.771732437596,26610.562310199562,31494.624947839755,187470.60846871196,175637.78300561453,63764.37178346682,108610.67826057784,-36970.78114229119,61984.816772141756,22335.931457266932,-40618.594331361695,14075.225954481915,23815.116762505575,9511.068509852103,16078.062143881916
299854,82678.66860419634,-19621.313524570614,11220.440759574854,16488.331295659336,172782.55521380296,158025.50345487543,46829.70422020462,90914.06675894134,-49518.99687474186,45713.3107896133,6532.530506348844,-55689.68569548801,15330.002377295252,20292.367890513127,11210.284521425763,3110.6415545378595
299855,85597.24769261174,-16966.436579158835,15288.027286293041,20799.292038856656,176912.35963629087,160865.02914735046,50509.1500209128,93833.35332430985,-45554.730782065686,49588.99871680859,10259.39489369582,-51479.3427213516,5862.422576846351,19606.582279642775,2324.2277070879527,6951.5974011797925
