Tm,Oz,Po7,Po4,Po3,P4,P3,Po8,Pz,Fz,F2,F3,F4,AF3,Cz,AF4,F1
3731.624,84706.73,-3557.079,15794.815,21332.014,178394.38,154257.98,52989.906,93209.195,-41598.855,55544.355,7396.282,-44018.14,3135.19,14115.484,1050.3308,15716.875
3731.6462,101421.06,13892.437,30831.686,35695.18,187500.0,172187.98,70075.6,111281.984,-28989.453,71796.23,23522.283,-29000.137,1554.318,18651.816,-1448.8849,29604.91
3731.6687,95426.664,8413.107,23450.2,28119.523,187500.0,166251.55,63125.15,105238.23,-35721.734,64683.51,16860.367,-36440.434,19165.594,20171.512,14364.64,23103.613
3731.6912,78760.16,-8923.197,8386.441,13708.615,171257.9,148393.33,46046.676,87229.05,-48565.984,48362.785,696.12274,-51575.242,20697.783,15574.719,16869.934,9013.588
3731.7134,82089.16,-6189.757,13193.072,18780.63,175649.14,151504.97,50201.996,90420.55,-43877.996,52822.156,4749.277,-46644.18,5514.3545,13797.531,3298.9165,13315.493
3731.7358,99606.98,11909.726,29405.018,34385.117,187500.0,170186.95,68304.05,109266.08,-30112.227,70168.695,21865.037,-30412.277,-82.902626,17821.092,-2747.5212,28267.0
3731.758,98249.47,11239.464,26284.824,30903.121,187500.0,169200.75,66127.125,108212.125,-33256.87,67614.74,19712.564,-33602.316,16499.857,20505.291,11826.04,25675.785
3731.7805,80549.7,-6989.592,9801.822,15003.699,172900.92,150358.77,47795.61,89199.85,-47412.277,49981.965,2338.7974,-50160.824,22177.648,16361.924,18067.03,10369.601
3731.8027,79907.36,-8351.707,10941.671,16551.22,173310.36,149230.78,47846.01,88112.17,-45894.86,50490.668,2499.104,-48928.395,8173.1167,13655.017,5772.2266,11228.176
3731.8252,97133.06,9266.431,27306.725,32412.69,187500.0,167496.31,65828.81,106552.6,-31828.393,67845.39,19533.393,-32498.63,-942.37195,16948.947,-3324.241,26314.799
3731.8474,100469.734,13418.378,28626.795,33230.586,187500.0,171489.77,68537.11,110526.27,-31201.025,69991.54,22005.137,-31251.896,13417.641,20586.941,8969.957,27779.375
3731.8699,82888.164,-4515.254,11784.913,16867.05,175136.8,152891.1,50139.613,91747.27,-45744.992,52190.453,4551.531,-48163.363,23030.299,17204.137,18657.584,12259.239
3731.892,78326.64,-9876.275,9206.416,14810.244,171554.47,147607.19,46096.25,86462.09,-47481.344,48731.008,821.35956,-50692.91,10928.216,13701.15,8284.651,9632.508
3731.9146,94235.945,6215.171,24741.66,29970.695,187500.0,164372.55,62884.49,103403.71,-33960.414,65053.77,16755.336,-35056.566,-1030.3931,16098.353,-3205.7097,23948.174
3731.937,102024.516,14890.935,30389.77,35007.84,187500.0,173061.58,70276.61,112117.984,-29630.86,71730.266,23659.68,-29486.826,10140.495,20431.396,5995.7217,29341.092
3731.9592,85697.914,-1581.6318,14270.337,19227.844,177894.2,155910.69,52998.758,94787.47,-43632.887,54906.12,7251.8223,-45666.984,23244.766,18067.072,18651.504,14598.461
3731.9817,77373.25,-10743.232,8024.567,13595.404,170415.58,146662.83,44987.45,85496.414,-48601.39,47579.56,-253.60289,-51901.645,13668.874,13918.543,10756.599,8552.225
3732.004,91118.09,2969.787,21893.379,27241.48,184939.88,161034.02,59679.72,100033.516,-36360.145,61991.605,13724.598,-37901.812,-359.28195,15320.199,-2410.6582,21322.783
3732.0264,102764.38,15516.738,31411.219,36082.18,187500.0,173762.98,71179.96,112831.38,-28681.268,72675.9,24525.654,-28453.346,6930.3374,20044.979,3147.081,30222.266
3732.0486,88857.305,1686.1039,17153.713,21998.9,181057.25,159283.61,56245.84,98184.58,-41160.336,58016.48,10325.769,-42764.566,22683.2,18887.65,17932.426,17292.182
3732.071,77146.336,-10852.13,7493.8027,13002.726,169990.92,146497.52,44618.53,85316.14,-49165.324,47132.453,-629.71576,-52456.28,16271.6455,14312.515,13064.617,8080.8486
3732.0933,87966.5,-270.23257,18927.66,24375.941,181731.11,157681.02,56401.566,96645.484,-38891.01,58836.48,10623.092,-40872.0,1020.7818,14662.276,-1003.68274,18584.627
3732.1157,102584.336,15198.829,31572.531,36324.113,187500.0,173486.66,71132.04,112559.5,-28456.432,72710.88,24495.568,-28278.355,4075.1252,19455.787,667.0208,30306.195
3732.1382,92054.86,4964.524,20167.512,24919.492,184323.27,162674.62,59573.75,101604.555,-38564.562,61222.594,13478.46,-39738.41,21391.402,19587.148,16569.014,20063.463
3732.1604,77536.22,-10331.111,7551.157,12986.342,170200.64,146987.5,44900.836,85798.516,-49204.24,47322.066,-386.37225,-52409.434,18605.504,14842.252,15101.823,8157.828
3732.1829,84952.484,-3340.8481,16028.503,21563.02,178630.42,154488.08,53242.168,93417.17,-41389.62,55776.387,7622.75,-43781.863,2942.0261,14148.386,871.271,15902.372
3732.205,101569.19,14024.334,30939.176,35794.98,187500.0,172323.88,70213.04,111394.75,-28894.973,71911.734,23641.508,-28889.004,1704.2087,18722.002,-1322.441,29676.145
3732.2275,95210.12,8166.8354,23226.414,27900.9,187500.0,165998.77,62890.055,104959.46,-35908.684,64442.96,16626.367,-36660.375,19345.771,20141.807,14548.795,22863.377
3732.2498,78650.36,-9071.813,8297.75,13629.2,171147.9,148245.05,45938.492,87058.35,-48634.492,48250.71,580.38544,-51660.56,20555.09,15520.091,16760.791,8887.903
3732.2722,82281.74,-6026.2314,13379.821,18967.223,175842.4,151679.22,50407.254,90576.11,-43708.125,53010.473,4929.4316,-46449.16,5317.4355,13819.056,3118.3591,13450.878
3732.2944,99777.12,12063.751,29538.66,34512.566,187500.0,170345.02,68471.64,109404.836,-30000.781,70311.234,22006.97,-30274.256,27.80557,17890.36,-2660.6624,28349.031
3732.317,98036.97,11000.076,26063.766,30688.455,187500.0,168951.9,65899.54,107941.9,-33442.48,67382.06,19483.66,-33816.938,16738.416,20488.012,12050.787,25431.771
3732.3394,80393.22,-7184.2085,9670.125,14885.212,172751.73,150159.83,47641.473,88980.6,-47511.85,49831.094,2182.7148,-50283.918,22072.482,16299.451,17983.455,10206.835
3732.3616,80093.305,-8192.406,11126.118,16736.74,173506.78,149396.53,48045.39,88261.55,-45718.125,50680.883,2678.6333,-48730.78,7944.2124,13666.4375,5558.432,11367.829
3732.384,97385.77,9508.299,27515.623,32612.67,187500.0,167740.97,66079.555,106781.44,-31647.633,68073.336,19758.162,-32281.686,-911.3924,17023.043,-3315.1885,26471.797
3732.4062,100349.7,13279.373,28476.547,33082.527,187500.0,171341.9,68398.77,110357.18,-31330.955,69839.34,21857.594,-31398.145,13683.56,20596.688,9210.1045,27600.092
3732.4287,82689.77,-4746.6616,11601.695,16695.367,174944.3,152651.44,49937.508,91487.21,-45898.816,51984.48,4344.62,-48345.28,23012.932,17139.43,18655.125,12040.975
3732.451,78439.695,-9790.087,9325.126,14933.537,171683.94,147696.55,46223.297,86535.5,-47365.16,48849.605,930.6149,-50564.566,10704.698,13691.36,8081.586,9705.598
3732.4734,94510.375,6482.252,24978.879,30202.842,187500.0,164641.6,63165.426,103657.76,-33755.54,65311.215,17006.883,-34811.703,-1057.9528,16169.587,-3247.1943,24127.838
3732.4956,101939.42,14797.258,30271.148,34894.492,187500.0,172953.88,70176.56,111992.164,-29730.951,71617.12,23549.553,-29596.797,10424.251,20456.273,6251.4927,29194.15
3732.518,85475.375,-1827.9033,14058.6,19034.479,177675.78,155648.28,52770.367,94506.51,-43802.76,54677.71,7021.89,-45868.664,23239.602,17997.96,18668.156,14363.634
3732.5405,77479.664,-10653.848,8134.157,13714.114,170538.02,146746.34,45105.02,85565.7,-48485.85,47690.42,-151.56718,-51777.324,13432.214,13905.355,10545.397,8624.22
3732.5627,91424.54,3278.8223,22159.723,27502.838,185250.28,161338.3,59992.2,100324.35,-36123.125,62282.78,14010.029,-37621.945,-428.6394,15393.446,-2492.6667,21536.936
3732.5852,102748.71,15505.674,31355.004,36024.4,187500.0,173731.72,71150.26,112782.79,-28729.28,72629.875,24483.924,-28501.291,7219.658,20092.408,3400.6616,30132.008
3732.6074,88578.16,1392.2008,16888.955,21747.152,180777.66,158965.31,55957.727,97847.13,-41383.52,57728.03,10038.929,-43025.523,22776.83,18823.031,18039.781,17000.178
3732.63,77137.8,-10878.818,7509.27,13029.48,170005.19,146459.56,44621.15,85261.805,-49138.68,47130.13,-641.22687,-52434.867,16068.133,14275.501,12887.859,8053.825
3732.652,88236.4,-1.8775467,19180.213,24625.79,182011.66,157942.42,56683.555,96892.266,-38670.51,59092.496,10871.151,-40615.87,886.9619,14718.401,-1134.9546,18779.088
3732.6746,102643.57,15262.8,31597.297,36344.43,187500.0,173531.4,71180.88,112586.32,-28438.705,72734.62,24523.73,-28251.666,4298.7544,19518.283,860.2069,30290.572
3732.6968,91813.68,4711.1445,19933.645,24691.906,184071.64,162395.4,59318.16,101303.27,-38763.203,60960.88,13222.711,-39969.75,21516.482,19543.115,16697.223,19809.123
3732.7192,77518.05,-10365.9795,7555.4043,12992.823,170194.6,146937.52,44886.754,85727.84,-49194.56,47298.348,-412.18854,-52404.83,18419.807,14806.444,14940.936,8123.205
3732.7417,85200.83,-3095.3145,16265.565,21790.225,178885.81,154725.73,53498.812,93635.64,-41188.32,56004.777,7849.396,-43547.703,2791.8894,14193.336,728.1975,16082.326
3732.764,101683.66,14144.43,31021.676,35866.484,187500.0,172426.88,70318.664,111474.27,-28838.98,71983.77,23720.678,-28815.11,1869.9247,18786.375,-1180.6863,29707.014
3732.7864,95000.234,7948.0347,23018.207,27695.555,187380.62,165752.88,62663.9,104686.32,-36096.906,64197.586,16391.986,-36876.85,19526.553,20111.967,14721.039,22625.398
3732.8086,78571.22,-9168.172,8240.462,13577.769,171070.03,148129.06,45857.78,86915.73,-48681.855,48153.996,487.91626,-51721.6,20442.281,15473.711,16663.426,8795.703
3732.831,82465.2,-5848.7144,13559.306,19142.594,176025.38,151845.11,50595.14,90717.266,-43551.684,53173.15,5093.203,-46268.63,5151.2056,13840.96,2966.032,13584.362
3732.8533,99948.484,12243.794,29677.262,34641.96,187500.0,170505.52,68634.72,109539.17,-29891.035,70439.83,22143.36,-30138.445,94.793755,17951.426,-2607.6887,28439.846
3732.8757,97912.625,10875.532,25923.799,30548.02,187500.0,168797.5,65755.08,107757.72,-33570.152,67212.73,19327.8,-33960.547,16904.49,20478.111,12213.194,25266.033
3732.898,80300.01,-7287.9653,9588.027,14805.26,172649.72,150031.27,47540.17,88822.88,-47588.676,49708.047,2069.7493,-50371.223,21991.658,16253.25,17924.268,10090.606
3732.9204,80229.29,-8061.2236,11260.876,16864.973,173638.2,149513.02,48184.64,88350.17,-45608.09,50790.184,2794.4153,-48600.094,7788.98,13676.474,5416.141,11455.739
3732.9426,97543.82,9673.479,27650.45,32735.762,187500.0,167888.97,66235.64,106899.21,-31546.447,68191.28,19886.215,-32153.477,-861.6598,17078.723,-3279.7163,26553.492
3732.965,100218.09,13146.872,28338.033,32941.242,187500.0,171181.98,68253.04,110164.125,-31457.846,69670.52,21703.254,-31540.658,13873.526,20591.97,9386.258,27432.252
3732.9875,82549.734,-4900.039,11481.622,16580.322,174800.02,152473.2,49792.625,91275.27,-46001.12,51826.7,4195.1543,-48465.312,22952.762,17085.807,18615.652,11892.671
3733.0098,78559.93,-9677.211,9451.749,15056.605,171806.08,147793.95,46349.227,86600.36,-47250.875,48953.92,1039.0432,-50434.055,10514.686,13688.723,7913.546,9791.741
3733.0322,94752.47,6733.9995,25192.541,30404.14,187500.0,164876.73,63406.11,103859.93,-33575.45,65518.617,17224.164,-34594.44,-1080.0586,16230.652,-3279.3586,24293.105
3733.0544,101905.56,14771.665,30210.373,34828.332,187500.0,172900.55,70124.17,111901.69,-29785.758,71541.55,23492.623,-29653.19,10643.768,20484.258,6448.769,29106.396
3733.077,85295.336,-2016.2615,13889.6875,18869.523,177486.95,155431.19,52578.21,94250.805,-43947.758,54476.367,6836.929,-46034.0,23267.764,17950.754,18709.193,14168.86
3733.099,77526.54,-10616.699,8193.568,13772.407,170587.42,146766.66,45155.844,85547.75,-48433.484,47724.598,-106.57312,-51716.305,13259.949,13888.659,10395.641,8640.357
3733.1216,91638.78,3499.0762,22356.283,27690.639,185457.28,161544.39,60210.395,100490.875,-35959.066,62471.832,14213.608,-37424.38,-491.55957,15447.917,-2555.922,21679.316
3733.1438,102707.14,15470.649,31292.129,35960.07,187500.0,173670.83,71095.56,112677.76,-28786.299,72551.555,24428.982,-28562.938,7441.455,20125.422,3598.9214,30038.488
3733.1663,88342.99,1145.393,16670.535,21538.12,180533.98,158689.28,55713.086,97523.8,-41565.688,57474.492,9806.583,-43241.375,22822.562,18765.453,18098.074,16761.416
3733.1887,77161.31,-10869.967,7551.3364,13073.245,170033.67,146452.48,44651.926,85202.17,-49086.266,47151.92,-604.9947,-52383.348,15854.495,14247.963,12700.888,8064.152
3733.211,88512.375,275.03824,19436.9,24868.508,182283.42,158210.08,56965.86,97098.69,-38445.43,59348.56,11143.239,-40354.043,756.0478,14774.84,-1267.8357,18985.53
3733.2334,102690.625,15316.937,31613.1,36345.707,187500.0,173562.83,71214.23,112544.37,-28429.475,72743.96,24558.266,-28234.88,4528.196,19575.973,1059.9868,30272.154
3733.2556,91541.15,4424.9307,19675.861,24432.604,183786.69,162080.28,59030.605,100901.766,-38985.65,60666.617,12953.417,-40229.88,21649.252,19489.47,16838.373,19530.732
3733.278,77451.17,-10455.678,7522.212,12956.435,170137.48,146831.61,44824.348,85526.14,-49215.57,47230.445,-463.7317,-52438.625,18228.654,14754.969,14779.02,8052.9087
3733.3003,85454.14,-2851.4568,16515.39,22022.594,179140.5,154965.64,53761.332,93769.91,-40969.477,56246.89,8106.7764,-43295.4,2590.2544,14232.361,533.4244,16282.307
3733.3228,101804.11,14266.18,31110.635,35934.77,187500.0,172534.75,70428.52,111466.61,-28770.92,72069.61,23831.453,-28725.68,2031.3936,18856.916,-1048.5651,29762.87
3733.345,94731.97,7662.38,22757.676,27427.67,187091.03,165443.84,62375.61,104252.63,-36325.656,63903.75,16125.018,-37138.746,19704.629,20069.32,14901.641,22356.82
3733.3674,78475.305,-9291.599,8179.3525,13507.294,170985.02,147993.45,45762.695,86649.914,-48731.32,48054.645,406.98056,-51783.875,20268.652,15412.825,16518.342,8707.167
3733.39,82749.72,-5577.1406,13841.787,19396.979,176315.9,152117.94,50892.13,90855.33,-43307.223,53444.363,5380.6465,-45986.438,4925.3413,13878.422,2749.6223,13820.039
3733.412,100159.31,12456.27,29847.717,34777.66,187500.0,170711.69,68839.414,109604.22,-29753.773,70611.13,22342.201,-29967.678,271.86426,18047.85,-2466.247,28576.459
3733.4346,97624.78,10571.683,25632.133,30242.203,187500.0,168472.77,65447.316,107285.086,-33814.3,66898.19,19046.258,-34242.223,17213.525,20456.652,12507.366,24983.418
3733.4568,80087.22,-7533.008,9413.796,14626.199,172444.97,149773.75,47329.574,88414.45,-47718.918,49499.125,1881.4359,-50533.363,21872.346,16173.432,17833.564,9907.747
3733.4792,80416.42,-7895.977,11458.287,17044.346,173834.31,149679.72,48386.945,88365.7,-45413.004,50982.61,3000.856,-48383.684,7530.9736,13687.762,5183.772,11625.724
3733.5015,97803.59,9930.612,27872.693,32930.133,187500.0,168141.4,66493.24,106998.85,-31342.98,68428.57,20145.965,-31912.055,-810.72015,17169.492,-3244.8474,26751.596
3733.524,100064.05,12983.078,28163.154,32749.195,187500.0,170997.25,68077.625,109821.68,-31593.006,69489.38,21551.531,-31694.908,14140.161,20602.924,9644.756,27266.85
3733.5461,82359.01,-5114.057,11312.911,16402.516,174602.19,152241.14,49595.484,90883.36,-46126.78,51632.598,4023.001,-48614.42,22878.889,17022.62,18577.832,11718.216
3733.5686,78694.75,-9561.295,9593.124,15180.322,171939.95,147905.8,46492.414,86553.24,-47107.355,49090.445,1190.6998,-50270.258,10288.844,13694.6455,7717.767,9905.087
3733.591,94993.086,6969.632,25402.736,30587.068,187500.0,165108.11,63646.95,103930.83,-33392.3,65735.66,17460.535,-34370.254,-1079.5669,16308.615,-3281.9514,24462.555
3733.6133,101781.664,14635.498,30069.67,34668.785,187500.0,172746.86,69983.984,111583.58,-29903.977,71390.83,23367.477,-29780.08,10904.276,20504.709,6694.9062,28954.518
3733.6357,85055.945,-2283.9238,13680.698,18651.549,177236.56,155146.78,52333.215,93799.77,-44119.82,54233.27,6611.333,-46233.625,23253.08,17882.156,18717.709,13942.191
3733.658,77590.11,-10580.0205,8282.327,13842.883,170653.8,146798.95,45230.188,85415.41,-48342.062,47794.066,-29.928988,-51615.344,13031.291,13868.274,10191.4795,8691.387
3733.6804,91915.875,3765.5762,22614.355,27916.613,185717.89,161808.28,60491.56,100592.266,-35733.984,62730.26,14480.913,-37157.92,-586.9792,15509.563,-2654.8733,21887.521
3733.7026,102719.48,15475.88,31275.545,35915.926,187500.0,173660.77,71091.27,112503.35,-28799.508,72532.65,24427.016,-28568.592,7664.5254,20169.857,3802.8813,29998.814
3733.725,88124.39,905.3351,16465.523,21320.19,180293.38,158430.48,55482.82,97100.516,-41736.7,57245.79,9592.766,-43433.51,22891.965,18714.178,18186.79,16541.318
3733.7473,77154.85,-10898.801,7568.055,13076.911,170027.05,146415.06,44652.953,85008.47,-49061.68,47149.645,-600.94904,-52353.13,15682.811,14217.342,12561.658,8046.829
3733.7698,88718.7,473.43234,19634.22,25044.527,182480.73,158404.55,57182.11,97148.35,-38269.566,59549.03,11348.205,-40140.496,649.67584,14819.387,-1362.607,19140.537
3733.792,102724.06,15347.379,31619.426,36335.914,187500.0,173579.11,71239.46,112425.27,-28416.422,72755.78,24582.182,-28207.879,4710.7197,19626.8,1231.0,30262.766
3733.8145,91331.78,4200.1387,19469.957,24228.465,183556.95,161833.56,58810.953,100530.664,-39144.523,60448.645,12746.619,-40409.543,21741.967,19450.623,16947.629,19328.963
3733.837,77442.81,-10479.661,7526.034,12961.732,170123.88,146794.84,44823.117,85378.21,-49182.266,47232.41,-459.12723,-52400.47,18057.305,14726.537,14637.688,8049.2876
3733.8591,85717.58,-2587.3933,16756.678,22252.146,179393.05,155222.11,54034.984,93928.65,-40740.75,56506.105,8368.739,-43021.656,2442.8,14284.575,395.82706,16499.7
3733.8816,101938.914,14411.936,31199.215,36011.055,187500.0,172661.95,70554.79,111503.42,-28681.021,72175.31,23951.08,-28608.4,2229.9668,18932.666,-881.08344,29841.37
3733.9038,94505.34,7432.6484,22524.145,27197.648,186836.94,165184.1,62135.598,103907.695,-36505.676,63662.707,15901.902,-37342.504,19909.125,20042.207,15100.683,22138.086
3733.9263,78369.16,-9410.331,8096.1816,13430.56,170875.36,147853.22,45662.156,86433.33,-48782.035,47955.805,316.97012,-51841.14,20127.68,15362.6455,16404.37,8616.105
3733.9485,82922.49,-5407.4014,14013.963,19565.914,176484.53,152275.58,51076.44,90946.66,-43141.977,53620.227,5560.4214,-45788.133,4731.3955,13901.892,2576.2622,13966.063
3733.971,100294.875,12600.192,29957.666,34881.707,187500.0,170837.34,68970.914,109667.96,-29656.252,70727.836,22468.936,-29837.412,356.17505,18111.82,-2393.358,28662.379
3733.9932,97444.04,10388.22,25452.67,30067.836,187500.0,168260.86,65251.805,107013.586,-33970.54,66696.016,18857.766,-34408.656,17376.045,20437.52,12668.589,24796.11
3734.0156,79987.49,-7642.911,9340.616,14562.14,172347.52,149639.55,47229.664,88227.01,-47781.414,49394.875,1782.887,-50594.004,21731.037,16120.972,17718.744,9813.959
3734.038,80622.14,-7689.068,11664.661,17250.316,174042.58,149872.14,48601.32,88512.71,-45235.06,51177.984,3198.1548,-48164.434,7305.7124,13706.067,4971.7437,11796.089
3734.0603,98032.01,10178.649,28067.064,33119.9,187500.0,168369.36,66719.98,107185.18,-31189.156,68622.36,20350.236,-31708.967,-759.1994,17243.99,-3214.3599,26908.842
3734.0828,99896.9,12826.616,27981.613,32579.143,187500.0,170808.34,67893.71,109590.78,-31755.39,69287.68,21369.03,-31864.514,14406.906,20603.438,9893.062,27084.258
3734.105,82157.04,-5320.073,11137.964,16250.232,174401.56,152006.94,49392.598,90610.11,-46270.883,51422.625,3827.8706,-48774.234,22814.182,16952.547,18533.822,11539.558
3734.1274,78824.69,-9427.229,9732.956,15333.879,172078.14,148024.23,46635.887,86637.336,-46972.035,49215.684,1325.4138,-50110.355,10042.55,13688.298,7493.468,10025.272
3734.1497,95248.3,7248.2236,25624.576,30812.373,187500.0,165368.06,63904.105,104158.04,-33196.05,65961.41,17702.65,-34127.78,-1091.8157,16380.543,-3312.7297,24661.262
3734.172,101685.77,14558.652,29945.998,34557.047,187500.0,172636.61,69868.85,111439.164,-30002.973,71254.484,23256.432,-29882.607,11164.54,20525.385,6924.8833,28840.701
3734.1943,84857.8,-2479.5461,13494.866,18488.762,177032.02,154917.58,52125.723,93539.22,-44263.88,54016.59,6414.325,-46396.57,23231.756,17821.361,18711.049,13768.094
3734.2168,77697.89,-10464.573,8392.565,13970.913,170765.16,146895.14,45345.97,85484.38,-48224.27,47891.676,80.89097,-51477.387,12813.25,13863.514,9994.136,8796.999
3734.2393,92177.77,4052.5725,22840.13,28150.904,185974.92,162078.5,60756.473,100836.66,-35526.113,62966.496,14735.12,-36902.02,-615.0083,15585.627,-2697.8333,22101.764
3734.2615,102652.13,15430.17,31173.78,35830.43,187500.0,173584.47,71007.14,112400.33,-28871.861,72429.78,24352.07,-28638.217,7944.7266,20209.309,4048.5269,29915.957
3734.284,87865.47,650.50287,16217.33,21103.58,180026.38,158141.84,55214.242,96785.65,-41924.207,56973.793,9343.097,-43647.84,22939.574,18653.45,18245.172,16321.154
3734.3062,77174.27,-10874.929,7599.8843,13135.517,170053.06,146418.38,44681.25,84988.18,-48999.406,47170.88,-567.5332,-52282.562,15478.07,14193.313,12378.017,8090.1245
3734.3286,88970.79,746.0789,19858.297,25283.13,182726.16,158662.31,57440.9,97383.54,-38046.984,59788.664,11602.12,-39873.547,531.9045,14875.713,-1484.5359,19367.453
3734.3508,102791.18,15439.894,31643.543,36374.25,187500.0,173649.38,71294.47,112467.81,-28376.3,72790.12,24640.139,-28144.58,4900.464,19685.25,1388.6917,30305.19
3734.3733,91151.445,4029.863,19281.71,24063.285,183357.22,161638.8,58618.15,100305.06,-39284.223,60247.523,12570.532,-40558.426,21853.66,19423.846,17058.807,19170.89
3734.3955,77425.98,-10493.139,7514.724,12973.266,170111.78,146770.48,44811.605,85325.46,-49167.74,47210.105,-463.03876,-52371.816,17926.303,14708.187,14525.795,8049.2876
3734.418,85927.11,-2365.3064,16943.27,22454.43,179600.92,155444.06,54254.68,94124.72,-40559.055,56702.89,8582.131,-42793.49,2320.0889,14334.644,278.14514,16683.588
3734.4404,102013.09,14504.024,31233.637,36060.16,187500.0,172747.8,70623.07,111560.82,-28637.21,72221.17,24019.723,-28533.611,2406.6125,19002.36,-730.835,29886.877
3734.4626,94279.08,7205.778,22291.441,26991.61,186587.81,164947.67,61898.152,103639.38,-36682.703,63421.777,15682.677,-37529.855,20067.107,20023.164,15256.564,21939.557
3734.485,78294.44,-9496.296,8033.2393,13397.367,170802.84,147773.0,45594.855,86322.15,-48800.61,47891.074,262.27536,-51850.594,19982.707,15337.478,16281.524,8575.47
3734.5073,83157.73,-5174.5186,14229.121,19798.35,176717.06,152530.86,51326.38,91170.516,-42923.266,53860.688,5806.626,-45517.965,4535.46,13955.11,2389.983,14188.307
3734.5298,100483.5,12795.458,30093.496,35025.766,187500.0,171052.78,69156.32,109847.67,-29517.291,70898.69,22651.684,-29651.133,480.83075,18213.074,-2294.3396,28814.596
3734.552,97249.54,10183.769,25236.932,29871.588,187500.0,168070.56,65044.715,106782.17,-34127.695,66494.56,18670.19,-34571.53,17622.81,20457.346,12906.702,24628.45
3734.5745,79840.62,-7817.6567,9209.21,14455.745,172193.03,149492.34,47088.758,88037.625,-47856.004,49269.125,1663.7969,-50671.875,21671.762,16098.017,17677.549,9716.662
3734.5967,80787.62,-7548.4307,11825.459,17423.564,174202.17,150058.23,48785.566,88658.06,-45052.492,51368.402,3388.5916,-47946.55,7125.1553,13750.749,4805.4688,11973.875
3734.6191,98260.15,10391.64,28254.617,33305.773,187500.0,168629.19,66951.7,107401.9,-30995.523,68851.53,20583.678,-31469.4,-677.0791,17357.002,-3156.7817,27114.254
3734.6414,99759.33,12659.537,27819.406,32422.904,187500.0,170678.06,67740.13,109412.84,-31858.365,69149.19,21239.031,-31973.477,14685.499,20646.553,10147.514,26971.426
3734.6638,82008.555,-5517.238,11001.439,16126.001,174229.58,151853.98,49239.016,90408.99,-46347.773,51295.176,3697.1353,-48860.156,22775.803,16931.445,18514.936,11435.801
3734.6863,78991.79,-9303.557,9898.337,15499.482,172226.83,148207.06,46812.734,86775.87,-46788.953,49410.387,1506.6864,-49894.438,9856.248,13731.929,7320.2856,10202.745
3734.7085,95526.375,7498.0273,25862.443,31039.422,187500.0,165677.69,64184.555,104424.16,-32962.387,66250.34,17982.293,-33838.887,-1060.1432,16498.18,-3299.922,24913.01
3734.731,101618.32,14455.79,29845.348,34455.035,187500.0,172582.94,69785.92,111337.46,-30059.992,71189.22,23189.13,-29931.871,11461.438,20593.736,7200.011,28784.242
3734.7532,84655.516,-2736.1218,13304.563,18309.188,176795.95,154713.06,51917.36,93283.65,-44392.668,53839.406,6229.23,-46536.6,23279.701,17805.514,18777.926,13615.073
3734.7756,77768.09,-10450.134,8475.424,14057.705,170814.64,146976.28,45426.48,85516.91,-48111.594,48002.207,174.00835,-51339.7,12643.622,13890.402,9849.833,8898.588
3734.7979,92444.25,4277.4087,23083.408,28385.732,186204.98,162374.14,61031.688,101085.055,-35289.07,63255.37,15005.531,-36607.445,-665.4562,15689.829,-2751.2988,22353.422
3734.8203,102652.336,15387.612,31147.047,35798.266,187500.0,173602.48,70997.305,112368.21,-28868.754,72439.87,24350.395,-28614.033,8202.889,20295.586,4280.359,29926.283
3734.8425,87673.16,396.4082,16038.114,20928.408,179791.78,157947.69,55014.418,96538.73,-42046.81,56807.875,9161.914,-43777.703,23003.5,18646.7,18322.576,16180.518
3734.865,77245.04,-10866.949,7684.329,13220.633,170092.62,146500.11,44761.875,85019.83,-48890.957,47280.09,-481.43427,-52146.35,15300.128,14218.683,12219.543,8189.2544
3734.8875,89276.0,1004.04034,20139.84,25553.768,182990.17,158999.66,57753.957,97673.69,-37785.47,60114.215,11905.277,-39546.562,447.37018,14983.6045,-1572.8029,19645.709
3734.9097,102847.46,15453.796,31665.537,36386.652,187500.0,173728.81,71339.266,112499.055,-28342.816,72852.14,24687.928,-28079.0,5162.8286,19786.258,1617.037,30350.027
3734.9321,90899.45,3719.1516,19041.541,23830.045,183049.67,161385.16,58356.293,100001.71,-39469.875,60020.36,12326.071,-40757.56,22002.344,19411.33,17209.033,18965.814
3734.9543,77388.14,-10591.196,7504.733,12971.008,170038.06,146737.52,44783.58,85245.29,-49145.7,47217.594,-483.62473,-52339.965,17757.592,14698.553,14378.408,8052.5513
3734.9768,86184.51,-2149.612,17192.627,22699.941,179817.17,155730.38,54525.383,94365.78,-40319.04,56997.395,8845.949,-42499.164,2160.5867,14408.113,121.951126,16934.15
3734.999,102164.93,14626.959,31348.947,36169.773,187500.0,172930.28,70768.11,111695.71,-28520.29,72386.69,24164.158,-28372.68,2574.139,19107.457,-590.24255,30021.568
3735.0215,94113.97,7001.7065,22120.518,26828.42,186359.02,164792.14,61718.176,103433.016,-36808.61,63275.17,15515.979,-37659.54,20245.16,20035.904,15432.562,21805.312
3735.0437,78257.15,-9575.421,8013.1006,13387.9795,170723.36,147746.97,45559.473,86248.37,-48796.676,47885.688,229.7983,-51838.926,19870.545,15331.264,16189.793,8565.322
3735.0662,83409.36,-4948.408,14470.251,20041.111,176926.22,152815.53,51589.48,91413.45,-42697.555,54137.402,6054.8867,-45243.35,4371.6436,14021.607,2234.2136,14420.876
3735.0886,100678.83,12980.284,30247.434,35179.145,187500.0,171284.12,69347.02,110037.62,-29378.71,71092.88,22826.676,-29464.273,649.60876,18322.822,-2163.7158,28967.705
3735.1108,97056.04,9968.208,25032.346,29680.727,187500.0,167885.81,64833.984,106554.39,-34290.504,66302.18,18462.9,-34745.137,17865.014,20463.246,13128.834,24449.88
3735.1333,79737.414,-7949.6885,9126.106,14393.406,172053.64,149395.38,46985.113,87901.39,-47906.742,49188.992,1558.8778,-50724.516,21544.625,16065.518,17575.13,9640.71
3735.1555,81021.234,-7328.668,12052.307,17660.518,174401.16,150322.42,49028.64,88887.82,-44836.24,51622.9,3613.2266,-47686.04,6897.8823,13796.815,4597.2847,12187.244
3735.178,98535.43,10673.16,28482.068,33535.484,187500.0,168945.89,67221.33,107683.33,-30796.258,69116.87,20827.066,-31212.85,-622.0491,17461.406,-3120.013,27323.02
3735.2002,99675.59,12578.534,27706.016,32321.113,187500.0,170616.2,67637.49,109312.82,-31955.395,69047.76,21121.617,-32064.203,14919.925,20678.629,10367.544,26863.98
3735.2227,81888.17,-5642.497,10890.374,16036.817,174075.77,151748.08,49115.746,90267.59,-46438.59,51180.043,3561.7283,-48950.703,22740.822,16905.385,18492.383,11323.596
3735.2449,79136.31,-9157.533,10041.88,15659.207,172347.88,148383.1,46968.57,86920.305,-46658.13,49563.965,1636.3712,-49729.48,9689.46,13758.326,7165.5444,10325.903
3735.2673,95771.91,7759.7437,26075.523,31258.223,187500.0,165967.14,64433.844,104682.97,-32786.613,66482.54,18192.846,-33611.637,-1048.4532,16582.268,-3307.723,25093.23
3735.2898,101572.766,14423.67,29773.219,34394.617,187500.0,172564.16,69729.46,111286.23,-30126.287,71123.5,23106.988,-29987.482,11702.413,20635.533,7412.04,28707.865
3735.312,84521.83,-2866.6113,13176.846,18204.09,176634.53,154594.02,51784.344,93134.625,-44496.67,53704.223,6074.3325,-46644.63,23281.89,17776.053,18788.744,13488.25
3735.3345,77906.99,-10302.725,8610.316,14207.618,170936.67,147143.95,45581.043,85659.71,-47986.605,48140.832,287.44345,-51186.1,12465.479,13904.641,9681.167,9015.152
3735.3567,92759.695,4619.525,23355.137,28658.826,186494.56,162733.77,61360.06,101422.45,-35056.297,63549.875,15279.072,-36316.65,-699.6767,15779.326,-2802.596,22597.414
3735.3792,102705.555,15468.057,31149.639,35805.33,187500.0,173686.05,71050.01,112425.68,-28871.994,72455.29,24352.74,-28592.889,8456.492,20363.469,4504.257,29925.479
3735.4014,87532.37,267.43863,15885.496,20792.422,179618.86,157816.69,54880.707,96383.32,-42180.582,56644.977,8983.972,-43913.96,23088.705,18626.447,18410.484,16031.408
3735.4238,77331.25,-10768.937,7763.3423,13312.476,170170.06,146605.44,44873.387,85106.195,-48816.836,47359.258,-426.3819,-52050.082,15144.225,14221.119,12081.319,8255.907
3735.446,89587.23,1344.748,20408.418,25822.592,183285.84,159351.06,58094.152,98007.51,-37551.45,60406.375,12171.889,-39257.69,360.0419,15062.686,-1664.1321,19890.527
3735.4685,102950.82,15590.164,31709.951,36433.414,187500.0,173863.06,71454.35,112611.086,-28302.83,72918.836,24736.207,-28010.111,5395.5103,19864.6,1818.7838,30394.754
3735.4907,90771.375,3607.9292,18888.188,23692.604,182900.98,161264.27,58239.953,99857.695,-39592.477,59865.395,12152.286,-40884.516,22104.691,19396.576,17315.383,18830.184
3735.5132,77497.195,-10465.825,7594.408,13074.184,170141.95,146860.94,44919.723,85351.39,-49059.176,47306.04,-420.1681,-52228.16,17589.238,14702.106,14229.411,8137.8677
3735.5356,86539.19,-1761.5857,17493.123,22998.963,180159.94,156119.31,54908.246,94740.625,-40059.625,57319.418,9142.177,-42177.41,2049.476,14491.508,10.0359335,17213.525
3735.5579,102348.4,14851.596,31460.348,36278.246,187500.0,173141.78,70964.914,111892.09,-28436.605,72517.36,24274.621,-28244.871,2785.564,19196.217,-411.138,30120.52
3735.5803,93982.96,6896.6978,21954.8,26673.389,186210.58,164661.56,61598.395,103287.26,-36959.195,63100.85,15323.284,-37811.04,20425.293,20026.47,15614.505,21644.693
3735.6025,78274.07,-9538.004,8016.2295,13404.699,170742.86,147763.78,45604.242,86254.18,-48791.223,47880.254,199.48932,-51818.652,19751.322,15311.795,16099.782,8561.299
3735.625,83685.79,-4639.038,14704.655,20279.314,177202.9,153109.6,51897.266,91699.98,-42493.13,54384.21,6274.4253,-44989.39,4228.57,14069.977,2105.646,14634.671
3735.6472,100915.13,13264.554,30414.223,35345.176,187500.0,171540.0,69601.23,110286.19,-29236.998,71281.484,22992.66,-29274.504,752.3821,18403.355,-2075.6724,29122.715
3735.6697,97028.91,9986.022,24951.365,29609.85,187500.0,167857.77,64815.566,106516.8,-34357.38,66225.36,18363.502,-34804.01,18030.326,20477.016,13291.555,24378.064
3735.692,79776.47,-7865.579,9130.309,14412.204,172080.2,149430.9,47045.04,87928.77,-47900.75,49188.727,1528.2335,-50705.984,21466.348,16051.883,17518.648,9639.548
3735.7144,81288.13,-6999.9185,12267.599,17881.912,174660.3,150604.16,49324.96,89162.99,-44655.973,51846.707,3801.272,-47459.395,6766.4097,13840.155,4481.145,12379.76
3735.7368,98784.055,11003.161,28657.82,33713.426,187500.0,169216.27,67491.336,107946.766,-30660.582,69307.59,20983.797,-31025.498,-514.6266,17546.768,-3030.2039,27477.96
3735.759,99584.375,12562.731,27564.484,32197.352,187500.0,170524.64,67557.99,109209.69,-32083.672,68902.805,20943.965,-32190.29,15165.168,20692.553,10601.455,26730.766
3735.7815,81804.69,-5660.5127,10791.154,15963.191,173988.53,151654.78,49057.254,90162.516,-46525.83,51061.242,3401.332,-49040.555,22680.182,16864.012,18458.385,11220.554
3735.8037,79357.04,-8860.479,10229.299,15863.592,172570.72,148612.39,47223.336,87140.49,-46493.105,49752.95,1775.4214,-49528.984,9466.971,13778.241,6966.5693,10494.1
3735.8262,96109.84,8197.569,26337.486,31529.729,187500.0,166330.66,64795.63,105036.15,-32569.375,66765.06,18428.232,-33333.87,-1067.6981,16676.1,-3334.478,25331.523
3735.8484,101552.74,14502.326,29684.795,34326.086,187500.0,172551.77,69714.914,111259.23,-30212.297,71039.055,22982.088,-30061.287,11953.691,20674.047,7647.7393,28624.941
3735.8708,84379.78,-2925.106,13012.762,18070.56,176484.44,154443.1,51656.156,92969.6,-44645.31,53520.312,5845.9873,-46801.223,23271.787,17726.299,18806.379,13323.138
3735.893,78058.47,-10065.93,8736.291,14358.046,171092.64,147302.94,45761.242,85808.734,-47880.68,48261.484,359.2149,-51053.418,12244.733,13903.769,9496.363,9118.149
3735.9155,93082.81,5040.7656,23615.021,28933.64,186809.2,163084.23,61703.066,101763.72,-34847.176,63822.812,15510.882,-36051.445,-759.44525,15856.774,-2857.6035,22821.31
3735.938,102718.36,15574.965,31099.168,35777.39,187500.0,173712.14,71058.305,112439.94,-28926.555,72408.1,24277.014,-28634.127,8715.124,20408.865,4743.689,29868.326
3735.9602,87352.61,163.16774,15687.4375,20630.26,179436.55,157631.98,54699.055,96185.234,-42351.617,56430.242,8739.89,-44101.47,23127.865,18575.129,18473.07,15833.887
3735.9827,77440.64,-10585.272,7856.392,13434.315,170288.73,146724.38,44994.914,85215.78,-48731.88,47445.848,-372.76007,-51945.945,14912.615,14205.853,11884.981,8327.366
3736.005,89946.87,1794.4874,20709.719,26138.266,183643.38,159741.9,58461.973,98392.516,-37301.957,60720.395,12459.221,-38948.254,235.65446,15137.251,-1781.7916,20153.34
3736.0273,103053.7,15789.585,31742.92,36484.867,187500.0,173987.56,71543.914,112729.64,-28292.258,72955.27,24757.262,-27971.51,5648.3306,19936.662,2046.2574,30410.11
3736.0496,90555.1,3471.5388,18655.281,23491.35,182672.4,161045.4,58012.23,99632.055,-39806.203,59606.25,11875.37,-41116.105,22246.312,19355.137,17468.916,18589.389
3736.072,77478.93,-10410.214,7581.846,13090.947,170138.86,146846.38,44912.234,85334.92,-49073.1,47271.797,-483.3565,-52238.734,17431.879,14667.372,14105.828,8098.484
3736.0942,86792.25,-1422.8228,17720.42,23244.004,180422.9,156396.19,55176.02,95021.09,-39872.117,57542.89,9334.469,-41949.668,1902.7594,14536.032,-118.28544,17396.072
3736.1167,102472.734,15068.8545,31535.607,36370.56,187500.0,173288.27,71084.61,112039.77,-28381.307,72592.28,24325.158,-28165.143,2961.2039,19264.656,-251.54652,30170.744
3736.1392,93809.805,6802.195,21764.588,26513.885,186021.86,164489.72,61415.848,103114.59,-37118.516,62892.266,15091.921,-37992.516,20574.559,20000.969,15765.893,21455.82
3736.1614,78250.69,-9488.785,7994.526,13413.416,170726.52,147745.27,45588.31,86238.17,-48799.74,47837.81,127.69552,-51833.63,19617.637,15277.978,15986.013,8525.09
3736.1838,83933.58,-4306.2646,14926.496,20518.635,177452.31,153382.2,52157.484,91978.51,-42296.97,54607.3,6465.108,-44759.797,4067.861,14107.259,1955.5317,14827.835
3736.206,101098.82,13542.766,30545.582,35491.98,187500.0,171753.52,69783.06,110503.9,-29131.967,71419.93,23106.475,-29138.54,892.6393,18478.1,-1956.8505,29232.416
3736.2285,96859.586,9893.353,24763.14,29450.348,187500.0,167696.44,64635.97,106357.29,-34522.023,66023.5,18144.164,-34985.62,18248.256,20465.594,13505.349,24193.62
3736.2507,79656.91,-7924.498,9028.72,14341.617,171969.9,149315.14,46933.168,87818.17,-47985.105,49063.848,1382.2096,-50801.54,21386.664,16003.916,17465.787,9528.46
3736.2732,81445.85,-6779.6416,12424.978,18059.898,174826.95,150782.06,49500.355,89350.97,-44511.51,52001.625,3934.2646,-47292.96,6579.75,13850.907,4318.715,12515.301
3736.2954,98992.68,11279.5625,28830.8,33900.285,187500.0,169453.86,67704.53,108192.57,-30508.502,69494.59,21158.006,-30841.297,-475.01932,17613.936,-2996.0056,27634.2
3736.3179,99481.586,12514.474,27438.734,32093.104,187500.0,170431.4,67445.61,109123.836,-32184.188,68777.164,20815.041,-32302.986,15373.352,20698.79,10796.653,26615.408
3736.34,81682.13,-5743.661,10678.077,15875.863,173864.0,151533.03,48937.45,90052.66,-46610.184,50938.35,3272.9214,-49142.547,22630.875,16816.58,18426.086,11111.679
3736.3625,79497.695,-8678.311,10368.908,16017.148,172713.95,148770.11,47379.508,87314.93,-46361.92,49897.297,1911.253,-49381.62,9301.813,13785.662,6821.3726,10619.94
3736.385,96319.055,8456.045,26517.283,31712.855,187500.0,166565.84,65010.85,105287.805,-32413.494,66963.5,18625.219,-33146.72,-1008.4213,16744.004,-3288.5005,25494.893
3736.4072,101438.945,14425.078,29557.033,34206.82,187500.0,172442.8,69591.59,111164.305,-30317.863,70911.61,22861.834,-30180.602,12208.948,20687.01,7884.3765,28506.12
3736.4297,84188.27,-3098.98,12845.905,17920.803,176290.64,154241.7,51466.21,92783.39,-44777.742,53337.633,5663.418,-46961.508,23247.402,17667.736,18802.914,13161.557
3736.452,78135.49,-9968.767,8827.822,14459.769,171176.95,147384.53,45853.6,85908.8,-47779.45,48359.586,446.4314,-50947.72,12041.287,13889.866,9316.9,9205.835
3736.4744,93323.39,5319.738,23832.035,29149.291,187041.86,163345.45,61953.05,102043.67,-34651.508,64062.09,15737.595,-35823.57,-816.6434,15914.42,-2921.3955,23024.846
3736.4966,102701.93,15599.798,31054.912,35734.7,187500.0,173704.72,71032.71,112446.484,-28962.295,72375.24,24235.326,-28669.174,8919.71,20440.918,4921.8096,29833.635
3736.519,87166.53,5.2303085,15510.458,20466.018,179243.27,157437.34,54508.06,96004.48,-42497.754,56243.74,8540.669,-44271.7,23164.188,18524.77,18516.053,15671.612
3736.5413,77467.35,-10529.751,7896.4688,13483.533,170322.5,146751.56,45033.582,85261.61,-48681.164,47488.695,-351.23532,-51896.258,14751.772,14183.255,11739.092,8371.801
3736.5637,90154.086,2044.2012,20900.67,26328.232,183849.5,159965.3,58680.777,98636.11,-37128.934,60931.664,12648.003,-38747.355,169.87326,15183.317,-1856.1783,20337.25
3736.5862,103048.49,15824.834,31714.846,36457.977,187500.0,173990.06,71532.65,112747.766,-28311.078,72940.25,24727.602,-27988.63,5853.788,19971.91,2223.753,30394.15
3736.6084,90329.8,3265.0981,18442.447,23290.475,182443.31,160804.81,57777.875,99406.44,-39971.83,59389.707,11643.829,-41316.176,22331.674,19304.332,17559.932,18406.44
3736.6309,77468.11,-10408.806,7590.787,13108.2705,170137.7,146825.05,44906.89,85330.78,-49038.566,47285.406,-490.93372,-52217.117,17256.686,14633.039,13951.087,8124.8813
3736.653,87043.375,-1143.7166,17956.9,23475.121,180675.38,156658.27,55435.836,95300.6,-39645.113,57809.86,9581.232,-41696.4,1762.1669,14583.91,-261.56012,17638.746
3736.6755,102564.89,15195.723,31594.258,36421.3,187500.0,173388.22,71166.734,112152.96,-28318.03,72679.2,24402.898,-28090.533,3149.1597,19329.768,-97.230095,30248.26
3736.6978,93567.67,6575.414,21525.916,26282.545,185772.55,164229.14,61158.066,102863.13,-37307.703,62658.867,14850.299,-38213.24,20735.893,19966.121,15927.138,21256.846
3736.7202,78160.59,-9573.007,7931.6504,13358.833,170652.02,147637.75,45501.918,86141.03,-48831.21,47782.02,52.817173,-51877.82,19458.223,15229.608,15852.438,8484.744
3736.7424,84141.65,-4081.3616,15133.339,20721.477,177675.83,153594.78,52377.516,92202.58,-42097.168,54844.566,6680.3555,-44533.91,3889.9636,14141.636,1787.5361,15039.06
3736.765,101216.46,13686.935,30635.035,35574.348,187500.0,171876.97,69896.72,110634.61,-29037.264,71546.35,23221.072,-29026.244,1046.3745,18549.893,-1831.2786,29336.555
3736.7874,96609.875,9653.339,24516.512,29210.287,187500.0,167425.7,64372.754,106087.84,-34705.31,65791.664,17903.883,-35203.53,18459.727,20440.426,13707.007,23991.76
3736.8096,79532.3,-8051.2324,8931.937,14255.741,171866.95,149166.0,46811.91,87669.49,-48029.406,48979.74,1280.308,-50867.43,21251.393,15949.602,17350.496,9463.036
3736.832,81655.98,-6560.7734,12630.568,18265.02,175057.6,150990.75,49723.78,89558.664,-44292.668,52250.42,4160.442,-47048.48,6381.155,13882.468,4123.919,12739.533
3736.8542,99178.25,11489.579,28977.316,34040.453,187500.0,169646.02,67890.43,108378.445,-30354.162,69696.78,21346.096,-30654.547,-350.1401,17698.314,-2905.5928,27804.363
3736.8767,99255.56,12298.556,27203.102,31862.367,187500.0,170184.94,67204.92,108861.23,-32354.441,68572.336,20600.979,-32496.576,15649.216,20693.023,11056.515,26434.537
3736.899,81469.63,-5962.395,10497.788,15707.152,173677.5,151289.64,48727.52,89788.93,-46723.508,50774.895,3091.2017,-49280.613,22560.936,16753.012,18380.244,10975.444
3736.9214,79613.66,-8561.434,10498.57,16148.666,172861.2,148874.48,47513.934,87399.26,-46201.707,50066.812,2056.4946,-49203.88,9083.906,13788.791,6618.8657,10779.487
3736.9436,96526.234,8681.328,26698.422,31888.63,187500.0,166777.02,65228.156,105473.68,-32223.146,67199.94,18843.08,-32918.4,-987.9695,16816.648,-3288.9922,25703.68
3736.966,101290.82,14288.777,29391.205,34048.656,187500.0,172279.89,69434.58,110965.46,-30418.402,70790.125,22729.244,-30290.773,12460.584,20701.383,8109.995,28407.57
3736.9885,83978.39,-3311.344,12656.184,17748.068,176102.3,154005.16,51257.066,92506.79,-44894.17,53175.492,5486.638,-47095.55,23207.102,17608.75,18775.623,13035.672
3737.0107,78230.84,-9870.665,8931.311,14570.901,171301.28,147470.62,45964.688,85954.266,-47641.74,48507.2,574.574,-50788.953,11821.95,13888.346,9112.695,9353.178
3737.0332,93547.28,5562.433,24026.248,29342.166,187283.62,163576.48,62187.094,102229.77,-34447.816,64322.152,15982.1455,-35571.17,-836.75995,15988.292,-2955.482,23257.17
3737.0554,102579.11,15489.3125,30907.95,35596.79,187500.0,173569.6,70899.47,112258.086,-29052.06,72279.2,24132.486,-28757.576,9199.956,20470.488,5172.7974,29752.723
3737.078,86869.08,-300.7204,15238.839,20214.762,178960.19,157106.4,54207.92,95613.08,-42688.035,55995.926,8282.015,-44490.434,23194.875,18456.91,18560.13,15464.033
3737.1,77462.79,-10543.095,7919.536,13519.341,170350.36,146726.4,45045.43,85172.914,-48613.01,47545.984,-313.34912,-51822.164,14528.567,14156.5,11541.234,8434.498
3737.1226,90376.18,2274.3125,21109.861,26537.758,184094.3,160186.94,58916.832,98790.22,-36909.125,61200.4,12899.147,-38486.824,55.63349,15241.879,-1972.4967,20574.156
3737.1448,103028.36,15816.8545,31668.062,36415.31,187500.0,173959.53,71505.23,112639.96,-28314.453,72950.53,24729.055,-27982.709,6076.9033,20023.432,2414.8157,30400.453
3737.1672,90051.05,2982.885,18178.607,23045.9,182168.92,160495.97,57494.766,99011.055,-40155.895,59160.266,11405.157,-41525.79,22412.79,19253.102,17644.916,18205.855
3737.1895,77413.62,-10468.954,7561.484,13096.871,170111.62,146751.23,44869.027,85169.23,-49014.875,47297.656,-495.18054,-52190.742,17067.389,14599.333,13779.493,8135.096
3737.212,87236.25,-944.853,18138.867,23663.814,180886.5,156851.52,55647.707,95405.81,-39448.33,58056.375,9811.366,-41460.387,1615.6512,14627.63,-404.85715,17842.148
3737.2344,102571.98,15212.018,31572.531,36407.17,187500.0,173389.3,71172.27,112060.0,-28303.746,72721.41,24437.408,-28061.52,3342.301,19382.986,66.027054,30266.03
3737.2566,93256.13,6255.9854,21229.084,26005.764,185464.45,163887.36,60842.145,102420.68,-37523.574,62396.53,14581.742,-38462.93,20877.895,19916.367,16063.595,21015.895
3737.279,78042.04,-9705.955,7847.4517,13293.454,170558.62,147493.28,45399.098,85897.2,-48856.066,47731.324,-11.555852,-51916.934,19274.537,15179.607,15690.209,8436.375
3737.3013,84341.25,-3884.1077,15330.258,20924.229,177892.05,153790.94,52598.707,92301.87,-41886.08,55100.582,6922.9834,-44290.41,3675.834,14177.131,1579.7319,15255.089
3737.3237,101338.92,13816.307,30722.229,35661.9,187500.0,171998.78,70020.99,110655.016,-28934.758,71700.625,23371.79,-28894.793,1166.8282,18622.76,-1742.4303,29455.89
3737.346,96351.18,9384.045,24252.85,28960.396,187500.0,167139.0,64104.69,105696.016,-34903.098,65570.32,17684.322,-35424.547,18651.012,20412.04,13889.106,23786.191
3737.3684,79350.24,-8256.645,8778.938,14121.229,171699.5,148952.64,46641.477,87353.51,-48126.883,48858.12,1154.3113,-50982.855,21120.812,15886.927,17244.46,9349.064
3737.3906,81780.81,-6452.4795,12764.522,18405.97,175200.38,151104.08,49873.203,89574.484,-44144.785,52433.64,4335.702,-46879.074,6155.1787,13892.816,3916.495,12891.392
3737.413,99313.61,11619.063,29089.746,34152.348,187500.0,169774.66,68035.02,108411.35,-30243.164,69862.5,21509.555,-30515.14,-282.68253,17766.42,-2861.5151,27931.365
3737.4355,99013.65,12037.823,26961.97,31633.037,187500.0,169911.02,66957.87,108489.96,-32544.475,68359.37,20391.006,-32712.537,15875.527,20680.975,11266.6875,26236.992
3737.4578,81243.234,-6222.48,10309.832,15536.051,173463.9,151023.02,48511.47,89426.27,-46859.85,50600.418,2912.9912,-49445.926,22445.02,16680.951,18291.082,10819.676
3737.4802,79735.36,-8467.69,10635.43,16291.248,173000.06,148975.92,47657.92,87409.5,-46050.562,50242.992,2223.507,-49038.656,8816.915,13790.043,6374.8965,10931.435
3737.5024,96758.38,8901.002,26899.117,32085.08,187500.0,167000.27,65468.33,105608.35,-32033.066,67457.66,19097.734,-32691.572,-986.4272,16895.818,-3306.583,25913.629
3737.525,101140.51,14118.994,29221.91,33884.15,187500.0,172099.23,69274.695,110693.26,-30549.875,70656.84,22600.23,-30438.607,12729.453,20716.111,8355.819,28273.57
3737.547,83714.28,-3610.9243,12420.82,17526.494,175841.86,153695.36,50998.48,92106.02,-45071.535,52955.33,5265.021,-47311.67,23188.93,17538.7,18778.797,12829.521
3737.5696,78266.516,-9866.82,8991.66,14638.627,171354.48,147477.47,46026.2,85876.57,-47555.863,48599.555,658.773,-50704.016,11588.352,13870.196,8905.853,9423.519
3737.5918,93767.67,5767.5103,24229.068,29541.967,187500.0,163783.78,62425.742,102355.08,-34254.43,64571.35,16227.143,-35350.605,-888.7277,16053.626,-3019.9666,23455.72
3737.6143,102495.29,15390.205,30806.182,35498.797,187500.0,173457.25,70815.09,112059.65,-29118.422,72215.586,24072.584,-28838.623,9459.885,20505.357,5400.584,29679.877
3737.6367,86619.34,-579.73724,15012.104,20005.125,178708.53,156811.95,53965.516,95232.12,-42852.97,55786.47,8073.763,-44694.305,23227.555,18400.672,18605.66,15275.474
3737.659,77487.94,-10545.441,7964.865,13578.618,170384.58,146720.5,45095.117,85085.18,-48536.234,47621.086,-243.67873,-51750.48,14316.493,14135.243,11351.133,8501.889
3737.6814,90623.97,2512.1797,21337.334,26767.69,184334.53,160424.78,59186.285,98948.766,-36691.152,61477.516,13171.19,-38237.38,-27.738516,15305.761,-2063.6025,20807.307
3737.7036,102993.89,15773.671,31607.223,36360.39,187500.0,173904.2,71471.92,112503.234,-28351.78,72929.86,24711.396,-28024.148,6337.6807,20070.594,2641.507,30368.736
3737.726,89750.59,2655.3203,17898.229,22784.766,181858.11,160150.67,57197.78,98583.67,-40372.574,58892.74,11138.635,-41786.164,22515.719,19193.4,17752.562,17969.15
3737.7483,77352.33,-10560.798,7532.2925,13084.22,170057.98,146652.77,44830.36,84992.94,-49003.387,47288.18,-512.45844,-52195.996,16870.492,14557.759,13607.272,8134.3364
3737.7708,87458.89,-736.5124,18357.69,23886.104,181110.17,157059.42,55894.76,95539.3,-39234.445,58315.656,10062.22,-41220.754,1466.2969,14676.47,-554.1445,18072.371
3737.793,102649.586,15284.794,31622.332,36458.918,187500.0,173448.62,71254.1,112044.336,-28245.43,72811.35,24527.396,-27991.783,3516.0635,19446.98,210.53108,30341.803
3737.8154,93045.6,6025.986,21020.318,25810.297,185226.23,163633.12,60626.94,102091.8,-37683.3,62203.68,14391.774,-38650.73,21007.2,19883.576,16193.168,20851.406
3737.838,77976.62,-9797.128,7799.664,13259.703,170488.58,147386.67,45344.316,85718.54,-48871.13,47698.98,-47.095127,-51943.645,19132.09,15139.709,15567.856,8417.533
3737.86,84527.1,-3709.8982,15510.301,21104.518,178070.4,153957.28,52804.344,92399.63,-41709.742,55315.54,7131.391,-44090.742,3522.3667,14208.646,1432.8363,15446.89
3737.8826,101420.95,13897.756,30779.74,35714.27,187500.0,172059.78,70106.805,110648.11,-28881.383,71787.414,23458.447,-28828.477,1324.4303,18682.953,-1611.8514,29527.238
3737.9048,96081.86,9099.553,23995.201,28709.72,187500.0,166822.4,63829.9,105309.22,-35115.016,65314.48,17429.309,-35673.656,18845.383,20378.959,14075.185,23567.457
3737.9272,79184.15,-8449.942,8652.226,14005.224,171531.56,148734.47,46485.215,87068.52,-48215.31,48728.234,1016.0656,-51098.19,20990.883,15825.907,17133.037,9249.733
3737.9495,81929.9,-6319.5537,12926.953,18566.77,175344.6,151221.83,50040.17,89630.586,-43985.31,52614.555,4504.1006,-46703.77,5941.3843,13905.78,3712.3567,13061.778
3737.972,99482.5,11787.818,29236.262,34288.27,187500.0,169922.5,68207.33,108497.07,-30108.875,70039.98,21681.037,-30357.158,-221.70695,17834.525,-2827.8088,28088.186
3737.9941,98838.836,11853.936,26782.867,31453.24,187500.0,169693.62,66771.99,108208.414,-32686.678,68194.03,20223.994,-32877.895,16082.505,20674.65,11453.615,26096.445
3738.0166,81089.01,-6397.5835,10180.371,15413.451,173294.84,150818.42,48358.984,89161.96,-46954.98,50473.95,2778.0984,-49561.13,22368.264,16629.787,18232.23,10715.427
3738.0388,79859.055,-8357.295,10768.333,16422.229,173112.72,149068.12,47797.33,87447.83,-45918.02,50396.746,2364.1665,-48889.48,8623.772,13800.816,6198.273,11069.725
3738.0613,96947.875,9093.674,27067.36,32242.145,187500.0,167171.12,65666.3,105727.484,-31885.031,67654.8,19286.74,-32514.188,-953.2796,16969.533,-3289.1487,26078.697
3738.0837,100990.39,13964.9,29065.873,33725.453,187500.0,171910.05,69117.02,110452.76,-30679.402,70510.125,22450.898,-30586.062,12962.224,20728.137,8573.704,28141.54
3738.106,83512.05,-3833.5256,12249.985,17363.014,175622.89,153441.11,50799.035,91803.94,-45207.88,52775.688,5078.227,-47472.78,23147.178,17482.371,18756.938,12677.172
3738.1284,78366.9,-9781.929,9109.655,14756.757,171444.08,147542.06,46141.176,85899.68,-47437.758,48723.766,770.46466,-50573.707,11379.608,13868.855,8717.337,9541.804
3738.1506,94005.79,6008.4844,24448.025,29748.564,187500.0,164004.06,62672.125,102538.2,-34063.656,64814.87,16461.479,-35120.87,-931.2631,16122.38,-3067.777,23668.285
3738.173,102424.59,15320.334,30719.703,35402.91,187500.0,173353.72,70733.195,111920.28,-29199.447,72137.42,23991.916,-28920.186,9677.278,20532.492,5602.7554,29607.145
3738.1953,86375.055,-839.8445,14795.269,19789.32,178439.55,156515.9,53716.766,94906.09,-43045.574,55553.25,7833.012,-44912.547,23243.535,18336.545,18640.932,15066.3955
3738.2178,77487.05,-10562.966,7994.6377,13605.909,170377.5,146680.11,45109.6,85022.98,-48509.97,47645.473,-234.8945,-51721.11,14116.423,14104.487,11175.135,8519.278
3738.24,90837.36,2723.3367,21545.988,26965.168,184530.34,160617.81,59414.72,99125.164,-36519.98,61699.96,13381.073,-38029.754,-134.80338,15357.594,-2168.4993,20993.43
3738.2625,102974.24,15753.219,31571.771,36318.547,187500.0,173853.4,71446.266,112435.94,-28391.543,72903.93,24680.842,-28059.129,6541.618,20111.61,2827.1606,30338.271
3738.285,89508.1,2394.6096,17678.71,22571.865,181589.25,159855.39,56949.297,98274.66,-40564.15,58658.246,10896.476,-42007.56,22568.133,19137.879,17821.74,17761.904
3738.3071,77364.336,-10568.397,7571.1177,13124.2295,170064.83,146623.97,44853.27,84955.74,-48966.953,47319.18,-497.54984,-52158.78,16650.283,14524.029,13417.149,8163.2817
3738.3296,87735.81,-461.38474,18620.637,24135.885,181369.39,157319.28,56183.746,95795.02,-39013.766,58595.64,10326.037,-40958.727,1317.6802,14727.476,-696.07806,18311.803
3738.3518,102717.195,15358.577,31659.637,36483.684,187500.0,173495.56,71315.17,112086.6,-28228.176,72862.13,24571.832,-27958.703,3748.9243,19511.8,413.48492,30376.559
3738.3743,92754.47,5722.673,20746.824,25540.355,184911.72,163296.06,60329.91,101750.06,-37921.504,61916.93,14097.223,-38927.266,21175.62,19835.855,16368.809,20597.045
3738.3965,77877.33,-9915.838,7741.9966,13207.445,170390.67,147246.84,45262.285,85577.7,-48912.01,47627.703,-136.43504,-52003.1,18959.064,15087.272,15428.829,8356.155
3738.419,84748.945,-3493.4436,15735.472,21326.293,178290.05,154163.39,53048.715,92606.5,-41507.773,55555.04,7350.908,-43862.55,3328.5771,14241.325,1252.0778,15654.625
3738.4412,101563.445,14047.155,30893.621,35820.977,187500.0,172190.94,70253.234,110776.945,-28784.732,71922.4,23583.215,-28710.793,1468.1521,18754.143,-1492.6719,29638.885
3738.4636,95872.85,8885.222,23786.281,28506.543,187500.0,166578.53,63614.76,105058.19,-35285.184,65104.016,17212.318,-35875.848,19038.525,20355.758,14264.884,23383.01
3738.486,79092.97,-8551.531,8585.395,13947.556,171437.53,148611.27,46406.38,86937.56,-48256.234,48655.39,929.2291,-51156.19,20858.36,15776.912,17028.006,9188.177
3738.5083,82136.516,-6110.6543,13129.035,18768.918,175547.89,151420.12,50269.14,89821.695,-43794.42,52836.707,4710.4966,-46486.824,5764.6494,13935.955,3552.3403,13257.289
3738.5308,99658.695,11978.725,29375.984,34425.285,187500.0,170095.77,68391.484,108662.36,-29984.354,70208.35,21843.154,-30203.445,-100.91813,17912.6,-2725.974,28228.533
3738.553,98636.42,11653.909,26568.334,31251.717,187500.0,169464.55,66564.79,107966.91,-32856.66,67989.06,20018.738,-33073.363,16324.843,20664.637,11684.889,25914.412
3738.5754,80913.766,-6580.488,10030.637,15285.599,173120.1,150611.88,48196.53,88940.34,-47058.402,50323.703,2620.6304,-49690.457,22276.285,16567.045,18162.604,10586.077
3738.5977,80002.086,-8212.5,10917.531,16583.832,173261.1,149201.53,47964.99,87565.555,-45764.125,50562.844,2516.7842,-48721.215,8404.122,13806.382,6000.7505,11218.654
3738.62,97179.484,9343.209,27265.328,32441.188,187500.0,167406.28,65908.43,105943.67,-31703.244,67884.44,19509.117,-32300.46,-939.9356,17041.238,-3290.9368,26274.99
3738.6423,100879.484,13866.308,28929.596,33597.8,187500.0,171782.88,68995.41,110299.625,-30782.533,70390.81,22330.645,-30705.621,13204.919,20742.621,8795.256,28035.727
3738.6648,83325.9,-4020.3413,12078.012,17208.475,175428.88,153226.19,50612.418,91560.484,-45334.86,52606.26,4901.7603,-47628.37,23116.846,17425.354,18740.799,12530.299
3738.6873,78458.74,-9685.057,9210.261,14865.833,171538.61,147623.4,46250.656,85952.81,-47326.65,48842.9,875.83075,-50458.996,11186.177,13864.296,8535.729,9645.896
3738.7095,94242.29,6266.4014,24658.064,29957.576,187500.0,164246.36,62922.082,102749.945,-33871.543,65057.793,16695.145,-34902.18,-937.9463,16193.347,-3092.7664,23870.838
3738.732,102324.57,15237.476,30598.043,35289.562,187500.0,173241.31,70628.19,111771.195,-29291.045,72032.234,23887.266,-29031.385,9965.615,20562.78,5861.656,29510.518
3738.7542,86121.14,-1096.286,14565.157,19579.438,178179.08,156228.7,53465.33,94577.81,-43217.01,55321.215,7597.895,-45126.652,23264.322,18275.37,18680.271,14869.61
3738.7766,77540.46,-10510.059,8068.108,13691.405,170436.12,146714.94,45180.387,85016.56,-48407.51,47734.344,-157.24454,-51624.37,13910.676,14093.669,10990.264,8611.076
3738.7988,91100.234,3003.5605,21786.627,27203.191,184787.42,160882.64,59690.492,99346.89,-36284.305,61977.816,13648.69,-37765.914,-224.16565,15422.861,-2265.439,21242.518
3738.8213,103012.17,15814.888,31575.996,36320.426,187500.0,173885.86,71478.78,112419.69,-28367.113,72940.766,24716.225,-28032.775,6755.971,20167.11,3011.406,30372.781
3738.8435,89302.625,2200.1494,17480.338,22380.11,181366.55,159625.05,56740.64,97991.37,-40712.656,58468.098,10705.503,-42186.82,22662.121,19099.701,17922.28,17602.537
3738.866,77340.26,-10584.065,7567.742,13126.688,170039.7,146582.5,44844.082,84861.6,-48943.883,47327.273,-496.65576,-52143.29,16512.955,14500.091,13296.36,8181.8335
3738.8884,87924.57,-253.06645,18802.938,24317.0,181551.38,157508.5,56390.95,95930.2,-38835.8,58808.227,10531.315,-40757.492,1210.9506,14772.984,-801.7571,18504.318
3738.9106,102752.07,15416.29,31671.908,36496.69,187500.0,173525.19,71350.64,112056.05,-28200.459,72906.1,24614.322,-27926.293,3912.6282,19564.908,559.97833,30416.613
3738.933,92513.38,5487.9795,20517.562,25324.84,184647.33,163028.14,60085.293,101416.17,-38098.508,61698.06,13874.152,-39135.09,21264.445,19793.545,16472.633,20410.43
3738.9553,77812.22,-9979.474,7705.34,13183.641,170325.8,147160.11,45211.41,85426.02,-48919.188,47604.055,-173.15897,-52017.094,18777.322,15046.838,15270.869,8346.097
3738.9778,84958.83,-3269.4343,15943.634,21534.14,178492.64,154372.3,53277.418,92752.03,-41310.543,55795.61,7577.13,-43634.004,3171.3103,14279.502,1100.3988,15872.555
3739.0,101685.76,14192.554,30986.582,35913.6,187500.0,172314.05,70377.625,110834.48,-28692.777,72055.5,23710.328,-28596.555,1632.1691,18826.742,-1361.8695,29754.6
3739.0225,95642.65,8662.664,23558.873,28294.023,187500.0,166325.8,63379.734,104738.87,-35463.215,64895.785,17001.787,-36080.95,19241.076,20333.293,14456.281,23206.164
3739.0447,78950.44,-8696.952,8477.078,13855.467,171293.98,148443.77,46278.04,86707.02,-48324.184,48560.418,823.0806,-51242.74,20744.297,15725.86,16933.592,9118.574
3739.0671,82283.836,-5957.858,13289.141,18931.951,175694.8,151560.75,50439.574,89904.42,-43629.133,53029.87,4886.405,-46304.01,5566.613,13951.199,3364.474,13438.986
3739.0894,99819.9,12157.584,29517.111,34560.96,187500.0,170257.36,68560.78,108765.24,-29848.678,70388.87,22011.799,-30044.523,-23.938719,17980.348,-2676.5544,28391.164
3739.1118,98446.164,11469.843,26380.268,31064.926,187500.0,169250.7,66367.56,107692.45,-32998.75,67820.16,19843.076,-33241.56,16548.27,20656.344,11888.692,25781.463
3739.1343,80764.234,-6736.861,9914.81,15172.723,172963.58,150430.73,48054.44,88702.55,-47135.45,50212.3,2497.4946,-49790.277,22191.998,16511.346,18093.783,10512.897
3739.1565,80146.9,-8068.3765,11075.58,16734.035,173401.11,149332.88,48128.605,87645.95,-45602.12,50746.934,2685.741,-48543.094,8217.798,13817.916,5819.9473,11406.141
3739.179,97363.33,9538.675,27430.016,32592.598,187500.0,167587.4,66103.14,106074.43,-31548.414,68086.12,19702.863,-32117.178,-882.11163,17110.572,-3255.1516,26467.55
3739.2012,100704.49,13691.092,28752.77,33419.723,187500.0,171583.42,68817.65,110048.03,-30919.014,70231.46,22171.502,-30862.62,13456.265,20744.744,9022.662,27916.547
3739.2236,83100.69,-4262.4775,11891.866,17028.654,175200.31,152963.56,50397.13,91249.37,-45475.297,52417.367,4708.1943,-47799.207,23080.479,17359.057,18719.654,12394.69
3739.2458,78510.8,-9648.69,9292.046,14945.606,171596.33,147652.28,46326.07,85938.305,-47231.047,48936.26,959.80634,-50357.61,11002.178,13855.444,8365.274,9764.315
3739.2683,94413.62,6432.5195,24824.832,30112.898,187500.0,164406.39,63108.496,102868.2,-33711.707,65252.676,16884.598,-34714.605,-970.6469,16246.32,-3139.2803,24068.918
3739.2905,102255.79,15159.044,30523.344,35207.266,187500.0,173147.19,70556.08,111634.29,-29341.16,71976.22,23832.035,-29086.951,10146.485,20582.56,6017.5146,29488.055
3739.313,85943.625,-1296.4012,14411.936,19427.758,177991.06,156013.22,53290.383,94321.77,-43333.64,55168.375,7442.7065,-45263.445,23266.111,18227.201,18686.865,14766.256
3739.3354,77575.375,-10496.581,8125.6636,13745.406,170473.52,146723.0,45232.6,84990.48,-48340.164,47802.312,-97.52066,-51550.88,13733.001,14076.838,10828.594,8700.014
3739.3577,91289.625,3185.0342,21971.096,27375.254,184970.86,161060.48,59896.777,99494.57,-36119.664,62186.87,13851.913,-37571.16,-290.30447,15470.873,-2339.982,21442.387
3739.3801,102949.81,15741.708,31505.969,36242.688,187500.0,173799.14,71415.82,112301.96,-28425.92,72883.08,24661.373,-28096.232,6983.445,20197.463,3203.7427,30336.393
3739.4023,89019.94,1885.6827,17230.066,22136.521,181079.02,159296.33,56460.797,97631.75,-40918.312,58207.094,10444.903,-42429.492,22735.703,19037.742,17998.096,17395.043
3739.4248,77304.92,-10655.569,7569.7764,13132.299,170016.38,146510.03,44831.41,84763.766,-48919.5,47330.65,-502.2884,-52127.71,16291.248,14458.808,13101.878,8210.086
3739.447,88185.98,-11.600555,19058.016,24561.059,181816.89,157757.34,56676.625,96157.766,-38601.11,59090.887,10805.124,-40486.902,1040.9655,14824.416,-973.1279,18768.963
3739.4695,102806.31,15458.557,31696.361,36508.94,187500.0,173562.39,71405.914,112070.06,-28172.697,72954.94,24666.336,-27886.64,4151.1885,19628.588,749.6552,30472.627
3739.4917,92210.56,5154.223,20229.918,25037.844,184333.08,162679.5,59779.746,101043.9,-38330.652,61403.688,13587.425,-39408.81,21452.31,19739.63,16644.404,20176.273
3739.5142,77716.04,-10115.842,7645.7275,13122.329,170244.22,147021.12,45134.41,85269.3,-48947.035,47536.016,-242.35999,-52063.36,18605.393,14988.611,15117.0,8313.843
3739.5366,85178.26,-3076.36,16166.257,21739.018,178725.89,154573.14,53522.727,92941.82,-41102.69,56032.27,7810.885,-43397.08,2971.508,14311.89,904.3292,16099.671
3739.5588,101757.46,14246.466,31035.668,35940.18,187500.0,172366.34,70453.84,110874.69,-28645.795,72120.91,23782.459,-28533.455,1792.0288,18886.018,-1230.106,29821.498
3739.5813,95315.76,8296.99,23249.793,27975.512,187500.0,165949.2,63046.895,104347.445,-35719.164,64571.33,16686.137,-36377.715,19425.434,20280.432,14638.56,22938.166
3739.6035,78784.516,-8915.508,8357.607,13728.62,171149.64,148226.4,46126.38,86479.305,-48410.37,48417.3,680.45416,-51353.87,20562.756,15650.759,16777.979,9014.66
3739.626,82512.19,-5769.276,13526.2705,19147.445,175942.62,151765.62,50691.836,90103.93,-43410.375,53271.113,5124.8306,-46056.688,5290.39,13970.3545,3103.495,13668.383
3739.6482,100017.98,12332.911,29681.576,34695.027,187500.0,170442.58,68761.79,108942.984,-29705.783,70572.4,22203.396,-29870.068,91.17277,18065.42,-2593.8977,28555.785
3739.6707,98151.5,11134.254,26085.627,30756.852,187500.0,168911.97,66059.87,107342.04,-33251.37,67511.03,19549.799,-33530.613,16829.277,20628.002,12155.639,25516.887
3739.6929,80507.1,-7053.786,9705.888,14957.722,172734.27,150119.94,47807.656,88383.14,-47309.727,49969.07,2259.3145,-49998.754,22060.145,16418.049,17991.904,10312.671
3739.7153,80275.71,-7991.8213,11231.417,16868.996,173565.86,149431.61,48283.258,87742.18,-45460.523,50891.703,2828.7698,-48384.555,7940.971,13810.093,5564.8916,11546.688
3739.7378,97579.38,9718.114,27626.846,32756.973,187500.0,167786.73,66327.75,106272.78,-31383.057,68292.11,19913.863,-31915.63,-851.8027,17185.273,-3249.452,26649.74
3739.76,100498.9,13436.796,28542.553,33188.16,187500.0,171336.25,68599.09,109796.82,-31097.783,70010.6,21962.736,-31066.781,13737.248,20742.041,9282.435,27729.217
3739.7825,82853.516,-4576.833,11684.018,16806.521,174978.89,152662.22,50151.125,90943.086,-45647.605,52175.23,4470.3716,-48005.715,22999.588,17275.305,18669.139,12195.85
3739.8047,78641.13,-9579.02,9444.127,15069.078,171761.16,147751.39,46474.44,86036.48,-47088.242,49077.75,1096.6437,-50201.1,10715.069,13841.988,8109.6597,9902.784
3739.8271,94717.664,6697.5884,25101.1,30346.049,187500.0,164702.66,63423.207,103164.125,-33478.688,65540.45,17175.482,-34437.355,-997.98303,16329.581,-3178.798,24322.03
3739.8494,102123.805,14981.95,30369.205,35021.832,187500.0,172986.78,70412.02,111469.11,-29474.465,71817.234,23688.648,-29237.043,10487.7295,20610.053,6328.07,29351.531
3739.8718,85623.59,-1685.9027,14125.118,19124.088,177693.83,155641.48,52969.277,93944.79,-43568.938,54850.02,7133.2466,-45546.285,23285.691,18140.387,18728.527,14499.555
3739.894,77626.63,-10515.424,8205.124,13799.2295,170561.34,146739.77,45302.605,85005.97,-48253.93,47863.133,-37.685043,-51467.887,13473.811,14046.351,10596.807,8771.606
3739.9165,91591.89,3435.7761,22250.402,27614.441,185288.78,161352.67,60211.42,99785.99,-35871.445,62474.293,14142.061,-37285.484,-378.21387,15544.745,-2431.6018,21702.54
3739.9387,102947.016,15689.852,31470.451,36170.29,187500.0,173775.22,71401.6,112273.33,-28449.457,72850.086,24641.256,-28122.496,7245.8994,20248.0,3443.6216,30314.422
3739.9612,88787.98,1588.5161,17010.527,21892.953,180853.06,159022.45,56220.496,97351.95,-41096.68,57960.71,10210.858,-42644.45,22799.988,18981.684,18078.852,17196.047
3739.9836,77321.26,-10704.273,7606.7017,13141.418,170058.84,146496.67,44858.77,84746.69,-48873.387,47344.55,-483.04358,-52088.887,16110.489,14430.331,12939.783,8244.083
3740.0059,88395.5,147.34271,19257.684,24722.17,182040.62,157956.05,56897.82,96353.37,-38424.688,59284.363,11006.938,-40288.953,950.2174,14868.694,-1066.0887,18951.174
3740.0283,102829.16,15433.903,31700.586,36477.74,187500.0,173568.47,71425.63,112070.555,-28171.514,72948.97,24677.512,-27887.467,4332.841,19669.871,910.8336,30473.678
3740.0505,92006.65,4887.7456,20040.865,24827.58,184131.98,162440.66,59572.5,100796.42,-38490.98,61184.285,13385.142,-39602.555,21561.902,19700.785,16757.975,19998.979
3740.073,77656.05,-10242.777,7613.809,13072.888,170207.22,146930.11,45085.906,85170.055,-48962.39,47476.36,-291.8691,-52096.934,18493.188,14955.419,15024.643,8285.881
3740.0952,85339.945,-2971.9998,16329.201,21878.38,178903.88,154719.66,53699.13,93079.28,-40948.375,56189.293,7975.818,-43231.63,2841.4434,14342.176,788.1449,16259.508
3740.1177,101871.875,14312.493,31126.729,36007.95,187500.0,172468.89,70568.24,110964.41,-28561.842,72210.336,23885.768,-28441.344,1893.7069,18944.715,-1140.6766,29917.209
3740.14,95190.83,8117.7734,23122.053,27835.656,187441.12,165798.67,62916.43,104179.85,-35823.3,64422.957,16555.223,-36505.184,19556.078,20271.111,14766.234,22831.592
3740.1624,78743.55,-9011.956,8333.4,13693.416,171121.75,148165.77,46095.2,86399.29,-48425.168,48367.145,641.00336,-51381.027,20466.377,15626.037,16699.748,8996.221
3740.1848,82651.15,-5676.516,13666.93,19269.977,176095.73,151902.16,50847.895,90220.45,-43287.195,53399.145,5261.5117,-45920.344,5178.1396,13998.183,3000.7888,13800.504
3740.207,100116.77,12392.21,29763.607,34759.53,187500.0,170542.19,68868.586,109020.03,-29640.605,70644.69,22291.373,-29795.37,172.01903,18118.08,-2525.4343,28632.496
3740.2295,98023.49,10958.949,25957.059,30621.578,187500.0,168772.17,65932.91,107174.65,-33359.4,67362.28,19418.146,-33664.766,16962.47,20626.123,12284.832,25405.463
3740.2517,80412.87,-7199.631,9630.094,14881.7705,172648.19,150013.31,47724.688,88247.125,-47364.58,49871.55,2172.4106,-50076.805,21987.77,16390.22,17937.768,10250.533
3740.2742,80407.14,-7902.4814,11363.292,16996.914,173702.05,149567.62,48434.086,87849.58,-45334.86,51015.98,2959.17,-48254.47,7769.288,13825.94,5413.347,11679.033
3740.2964,97761.125,9872.453,27778.727,32901.207,187500.0,167983.2,66520.49,106439.59,-31253.281,68443.88,20079.088,-31772.445,-834.0777,17248.975,-3239.6843,26796.277
3740.3188,100384.82,13291.756,28413.38,33060.086,187500.0,171222.52,68484.76,109648.14,-31213.03,69863.414,21837.008,-31208.178,13926.858,20750.78,9457.985,27615.447
3740.341,82677.45,-4792.55,11529.5,16662.555,174799.6,152479.45,49988.695,90723.99,-45783.035,51987.008,4296.877,-48175.52,22971.715,17226.02,18653.672,12050.116
3740.3635,78699.58,-9555.707,9516.7705,15150.907,171824.31,147819.27,46560.43,86068.99,-47019.848,49129.984,1157.3287,-50139.902,10543.833,13836.11,7951.611,9971.248
3740.386,94887.12,6846.0938,25253.092,30502.266,187500.0,164895.69,63612.93,103320.38,-33349.004,65684.65,17331.967,-34299.914,-1019.28424,16384.543,-3209.286,24464.387
3740.4082,102034.195,14869.23,30265.738,34928.266,187500.0,172908.61,70326.26,111348.1,-29562.688,71695.1,23586.41,-29356.492,10676.133,20628.113,6500.983,29264.156
3740.4307,85446.45,-1895.5621,13969.729,18984.434,177507.77,155468.23,52804.074,93724.87,-43699.832,54656.297,6955.93,-45722.395,23260.656,18089.627,18721.488,14356.593
3740.453,77695.586,-10473.872,8290.575,13893.018,170632.97,146828.75,45397.895,85049.195,-48173.13,47922.344,31.113628,-51399.67,13278.144,14036.963,10426.441,8854.22
3740.4753,91823.07,3654.8901,22462.365,27823.52,185512.61,161619.89,60463.91,100008.57,-35695.83,62674.023,14355.788,-37095.113,-441.64813,15603.195,-2499.7969,21899.682
3740.4976,102896.03,15624.988,31396.803,36103.098,187500.0,173749.56,71353.63,112197.29,-28524.0,72755.336,24569.53,-28221.066,7479.0283,20280.098,3654.309,30252.62
3740.52,88519.1,1288.5334,16762.266,21667.805,180573.73,158760.7,55960.254,97035.74,-41316.176,57668.55,9937.542,-42918.39,22856.336,18916.082,18148.635,16967.299
3740.5422,77295.67,-10763.394,7607.9756,13163.233,170039.58,146486.39,44858.21,84685.13,-48870.125,47307.938,-509.4186,-52110.836,15921.773,14393.339,12775.073,8244.933
3740.5647,88618.93,351.77176,19471.164,24945.195,182264.48,158215.23,57145.14,96563.586,-38243.926,59481.17,11213.67,-40098.72,829.9203,14915.946,-1186.4083,19151.938
3740.5872,102848.83,15438.977,31694.639,36482.7,187500.0,173621.08,71448.5,112067.87,-28184.344,72923.22,24671.297,-27920.928,4543.6406,19722.152,1090.4075,30480.271
3740.6094,91750.54,4600.4365,19799.445,24607.17,183864.67,162197.23,59316.438,100492.98,-38702.785,60893.98,13113.59,-39875.312,21652.672,19647.564,16855.941,19781.586
3740.6318,77638.21,-10293.403,7622.2134,13095.865,170197.5,146935.11,45085.64,85117.33,-48956.445,47437.957,-320.61343,-52120.133,18279.57,14914.94,14838.207,8292.341
3740.654,85606.02,-2721.5708,16584.078,22134.375,179167.84,155034.6,53987.31,93338.56,-40739.566,56420.92,8216.076,-43009.766,2679.2144,14389.853,628.59814,16494.225
3740.6765,101978.3,14413.455,31199.44,36079.94,187500.0,172623.73,70678.15,111061.04,-28522.19,72259.125,23953.762,-28409.693,2094.3362,19012.127,-974.7149,29984.354
3740.6987,94928.0,7832.029,22865.053,27592.424,187155.19,165559.84,62650.332,103877.81,-36059.56,64117.59,16271.086,-36802.844,19747.008,20231.37,14960.426,22597.1
3740.7212,78625.125,-9162.115,8242.563,13623.836,171010.3,148071.3,45992.383,86245.17,-48500.473,48230.754,516.1018,-51502.465,20317.156,15566.247,16578.154,8917.185
3740.7434,82858.28,-5486.996,13854.975,19484.42,176304.55,152156.56,51078.566,90420.5,-43105.184,53584.53,5452.8647,-45742.223,4979.723,14022.367,2814.934,14001.379
3740.7659,100302.875,12578.892,29872.684,34914.074,187500.0,170786.42,69061.8,109209.195,-29516.777,70788.16,22445.914,-29674.357,266.70102,18186.342,-2452.6794,28788.02
3740.788,97845.32,10776.291,25708.084,30448.51,187500.0,168634.6,65748.62,106978.89,-33523.348,67144.305,19216.488,-33882.004,17180.043,20607.393,12492.301,25250.834
3740.8105,80278.93,-7345.3203,9452.643,14793.995,172514.55,149919.84,47602.715,88098.16,-47456.555,49718.844,2029.896,-50216.19,21895.926,16328.463,17867.182,10153.929
3740.833,80566.195,-7742.019,11453.884,17177.986,173868.86,149794.56,48620.836,88023.836,-45183.406,51164.91,3114.0452,-48110.7,7571.229,13833.785,5231.806,11840.814
3740.8552,97940.38,10073.194,27845.312,33068.71,187500.0,168247.53,66718.055,106649.164,-31117.05,68601.59,20248.312,-31637.018,-757.4336,17316.812,-3185.1013,26957.121
3740.8777,100157.09,13078.743,28085.928,32859.21,187500.0,171059.98,68260.35,109427.8,-31395.44,69621.01,21610.473,-31451.564,14210.971,20742.645,9719.724,27435.783
3740.9,82417.91,-5052.1426,11212.597,16485.148,174555.22,152275.48,49747.875,90464.086,-45940.906,51744.336,4061.6025,-48401.52,22906.762,17144.994,18609.594,11876.242
3740.9224,78792.43,-9452.934,9535.612,15299.7705,171940.05,147991.1,46687.43,86189.12,-46881.734,49247.914,1273.6025,-50023.453,10283.256,13821.447,7714.258,10111.349
3740.9446,95131.62,7123.6797,25369.455,30746.816,187500.0,165240.8,63880.816,103614.016,-33135.254,65932.69,17581.459,-34078.094,-1044.6981,16456.941,-3252.8718,24706.256
3740.967,101892.28,14759.662,29993.74,34803.387,187500.0,172851.6,70186.47,111235.875,-29676.615,71552.34,23451.92,-29512.262,10963.934,20647.604,6755.7256,29164.893
3740.9893,85127.67,-2197.266,13574.349,18747.705,177200.7,155216.34,52498.816,93420.125,-43917.023,54365.367,6666.855,-46003.066,23282.07,18008.332,18755.44,14128.113
3741.0117,77677.03,-10471.056,8200.654,13954.977,170642.98,146894.47,45416.02,85068.06,-48119.73,47951.176,52.213676,-51373.496,13049.485,13999.971,10216.424,8904.221
3741.0342,92014.56,3888.2202,22538.807,28047.395,185719.38,161918.81,60690.71,100263.24,-35501.258,62903.082,14578.411,-36896.297,-514.336,15660.102,-2585.2922,22114.57
3741.0564,102760.56,15532.81,31137.412,36003.098,187500.0,173706.64,71230.234,112108.71,-28613.877,72643.96,24461.504,-28353.389,7771.5903,20312.06,3907.4426,30171.258
3741.0789,88134.01,925.5635,16308.973,21382.148,180203.27,158443.92,55591.81,96673.0,-41564.434,57333.992,9602.042,-43245.777,22920.396,18831.28,18225.838,16696.82
3741.101,77231.945,-10805.526,7487.6562,13196.895,170013.95,146506.14,44833.848,84663.2,-48826.72,47315.383,-515.90063,-52106.97,15670.316,14345.663,12553.276,8275.532
3741.1235,88852.055,627.72644,19599.664,25212.59,182521.62,158560.02,57418.08,96869.65,-37994.57,59770.09,11488.663,-39844.625,683.6058,14973.613,-1330.4653,19416.984
3741.1458,102816.195,15456.321,31531.271,36468.105,187500.0,173691.86,71430.51,112100.17,-28186.578,72928.41,24673.287,-27951.951,4808.509,19777.652,1322.0164,30490.285
3741.1682,91343.96,4223.4067,19314.457,24289.352,183465.77,161863.7,58924.098,100122.32,-38973.242,60549.203,12764.635,-40227.176,21808.531,19572.06,17017.076,19490.164
3741.1904,77464.58,-10445.3955,7398.495,13033.951,170061.78,146840.2,44952.4,84990.81,-48995.99,47352.91,-421.57626,-52214.324,18072.951,14845.784,14659.124,8230.784
3741.213,85775.78,-2515.1748,16664.545,22363.457,179370.34,155308.56,54203.9,93587.12,-40522.934,56667.574,8445.719,-42801.715,2467.4763,14418.999,424.59375,16716.22
3741.2354,101989.23,14472.151,31085.377,36121.43,187500.0,172737.06,70712.86,111149.73,-28474.982,72325.29,24014.111,-28391.23,2293.602,19073.46,-813.69293,30041.172
3741.2576,94528.305,7461.527,22383.799,27282.695,186764.88,165231.22,62265.883,103525.57,-36318.973,63786.56,15936.101,-37150.547,19934.896,20166.84,15140.268,22312.809
3741.28,78418.4,-9351.523,7992.1123,13534.809,170837.03,147935.22,45821.48,86090.97,-48568.465,48111.594,382.08072,-51633.69,20120.416,15488.173,16406.068,8823.106
3741.3022,83012.46,-5303.6445,13947.779,19704.494,176486.7,152404.58,51276.58,90656.96,-42900.086,53817.055,5666.7935,-45549.996,4753.7246,14043.6455,2596.5352,14210.547
3741.3247,100380.7,12695.322,29874.404,35016.867,187500.0,170957.86,69164.09,109371.914,-29424.822,70915.48,22564.602,-29601.668,428.79587,18260.549,-2328.0461,28893.854
3741.347,97493.87,10441.193,25335.637,30171.639,187500.0,168342.9,65410.613,106679.78,-33768.434,66846.805,18914.248,-34208.81,17436.662,20575.318,12731.241,24991.285
3741.3694,79999.23,-7628.785,9204.985,14628.524,172268.12,149687.11,47353.805,87863.44,-47600.59,49518.145,1812.95,-50434.992,21781.91,16249.539,17776.209,9985.776
3741.3916,80619.71,-7691.0347,11529.343,17307.023,173958.0,149906.19,48712.97,88141.516,-45059.31,51294.28,3220.0818,-48018.812,7366.2637,13836.87,5040.3857,11964.308
3741.414,98056.75,10194.273,27955.395,33208.992,187500.0,168423.44,66856.15,106837.12,-30992.104,68761.25,20389.219,-31532.545,-715.2782,17379.844,-3161.1626,27098.205
3741.4365,99974.98,12889.983,27914.715,32713.455,187500.0,170912.42,68082.83,109295.38,-31522.084,69471.39,21448.088,-31641.71,14401.989,20741.459,9905.377,27309.004
3741.4587,82237.8,-5251.4756,11078.821,16370.217,174391.22,152118.67,49583.414,90327.38,-46042.45,51608.906,3907.7778,-48565.113,22838.164,17093.072,18568.78,11765.758
3741.4812,78881.164,-9381.811,9660.604,15426.706,172049.27,148114.73,46802.633,86339.56,-46767.72,49379.566,1385.1377,-49932.324,10108.756,13830.231,7560.4556,10235.691
3741.5034,95303.664,7286.9146,25551.152,30913.873,187500.0,165452.67,64070.85,103859.71,-32993.61,66123.66,17759.043,-33943.45,-1025.1627,16523.393,-3244.6912,24872.373
3741.526,101761.7,14611.313,29889.156,34682.26,187500.0,172739.0,70058.57,111160.97,-29789.76,71430.55,23323.107,-29678.715,11201.466,20665.195,6976.9854,29059.459
3741.548,84901.32,-2459.2285,13416.054,18576.402,176987.89,154992.16,52284.418,93236.08,-44075.094,54164.18,6455.1616,-46229.2,23287.344,17955.092,18780.898,13962.308
3741.5706,77709.734,-10477.336,8297.303,14027.53,170696.34,146937.8,45472.3,85155.77,-48056.184,48012.285,96.805405,-51344.035,12870.738,13989.286,10061.772,8972.841
3741.5928,92225.72,4069.5151,22778.508,28246.436,185938.95,162151.2,60918.344,100543.54,-35331.027,63116.766,14777.8125,-36732.68,-589.125,15715.288,-2658.539,22308.25
3741.6152,102755.95,15496.935,31155.092,35977.06,187500.0,173708.83,71223.37,112161.03,-28645.414,72621.85,24433.654,-28419.35,7958.7856,20349.834,4079.104,30157.713
3741.6375,87958.27,704.5494,16189.212,21224.973,180024.11,158255.16,55417.17,96539.516,-41717.12,57151.2,9412.678,-43453.09,22975.828,18793.639,18294.01,16547.107
3741.66,77248.95,-10837.489,7565.418,13233.261,170039.48,146515.42,44866.77,84733.03,-48807.9,47333.016,-510.33502,-52117.406,15517.655,14327.625,12427.973,8303.383
3741.6824,89067.03,803.657,19845.734,25405.844,182733.75,158779.03,57647.473,97154.66,-37842.56,59968.594,11676.1045,-39691.426,585.34753,15019.166,-1427.1366,19595.53
3741.7046,102840.67,15443.76,31575.885,36461.04,187500.0,173709.14,71451.445,112185.4,-28211.545,72920.92,24662.826,-28001.26,4997.5376,19823.674,1486.4581,30485.926
3741.727,91142.93,3970.8098,19167.271,24102.736,183253.78,161635.33,58719.535,99962.414,-39159.363,60326.223,12538.592,-40469.49,21899.816,19533.727,17118.217,19306.299
3741.7493,77469.875,-10493.608,7464.1196,13058.157,170072.56,146824.78,44969.277,85048.26,-48991.54,47347.08,-437.91537,-52239.78,17905.648,14818.738,14518.24,8242.094
3741.7717,86040.9,-2288.0588,16955.139,22598.889,179630.98,155572.22,54479.63,93928.02,-40333.1,56906.043,8671.382,-42602.094,2322.9275,14468.307,288.87396,16935.604
3741.794,102127.05,14581.965,31229.703,36203.883,187500.0,172871.48,70843.234,111363.08,-28423.305,72415.945,24098.824,-28342.594,2457.2615,19142.996,-671.62524,30126.107
3741.8164,94364.086,7256.449,22258.74,27106.7,186577.22,165040.19,62090.47,103415.625,-36495.707,63585.684,15729.325,-37372.855,20106.781,20151.172,15309.403,22147.227
3741.8386,78357.53,-9458.566,7993.297,13488.071,170781.38,147846.92,45769.09,86087.91,-48629.777,48034.883,290.23743,-51727.727,20014.29,15454.377,16324.909,8769.572
3741.861,83222.055,-5128.541,14193.917,19894.887,176703.3,152606.11,51503.07,90947.266,-42752.207,54002.62,5835.4595,-45397.42,4587.2715,14075.363,2445.2585,14385.382
3741.8835,100547.516,12840.206,30046.76,35132.94,187500.0,171119.89,69331.6,109622.3,-29346.502,71035.1,22675.465,-29522.79,549.6518,18330.734,-2229.542,29006.15
3741.9058,97310.984,10226.035,25181.14,29977.447,187500.0,168130.61,65217.54,106553.766,-33961.062,66624.23,18686.193,-34447.59,17664.406,20560.834,12944.029,24812.338
3741.9282,79903.87,-7764.3037,9162.36,14555.144,172174.88,149559.38,47265.203,87822.76,-47686.465,49402.742,1684.964,-50556.383,21678.197,16196.432,17691.676,9909.088
3741.9504,80870.92,-7464.768,11800.402,17538.498,174210.19,150149.2,48981.816,88472.68,-44867.977,51522.895,3432.8032,-47816.13,7150.3457,13859.378,4833.453,12189.233
3741.973,98346.65,10479.906,28221.268,33428.465,187500.0,168719.03,67147.92,107216.2,-30817.312,69003.26,20625.03,-31332.922,-598.088,17470.906,-3088.2065,27325.902
3741.995,99828.39,12730.548,27766.969,32533.836,187500.0,170748.88,67921.43,109208.46,-31696.473,69281.76,21259.84,-31850.81,14757.092,20748.924,10210.926,27165.104
3742.0176,82054.06,-5464.13,10937.491,16208.948,174205.75,151904.67,49400.33,90188.22,-46199.582,51408.88,3702.9243,-48764.2,22859.555,17027.312,18578.459,11620.8955
3742.0398,79051.35,-9232.925,9855.31,15593.718,172225.47,148274.12,46988.152,86575.914,-46622.633,49538.867,1532.4133,-49788.176,9953.791,13832.534,7391.946,10409.454
3742.0623,95609.66,7591.1895,25835.287,31159.271,187500.0,165766.16,64379.707,104246.59,-32774.72,66400.195,18029.053,-33703.727,-915.34863,16609.582,-3192.6785,25140.482
3742.0847,101691.34,14534.691,29802.633,34564.69,187500.0,172656.42,69968.41,111144.03,-29879.188,71329.66,23224.492,-29796.152,11613.363,20696.8,7313.2227,29005.434
3742.107,84723.87,-2658.36,13263.213,18404.809,176800.53,154784.64,52096.598,93091.89,-44208.87,53982.727,6269.4634,-46404.28,23404.088,17896.977,18860.135,13846.325
3742.1294,77869.15,-10331.223,8468.316,14173.621,170859.3,147086.88,45639.113,85368.49,-47898.16,48178.94,251.94887,-51183.082,12788.953,13990.337,9944.56,9166.34
3742.1516,92560.945,4415.565,23082.982,28515.305,186263.9,162500.38,61257.44,100953.31,-35062.285,63448.535,15102.181,-36428.766,-453.1816,15807.556,-2598.3904,22638.049
3742.174,102729.805,15483.39,31100.666,35895.25,187500.0,173682.28,71181.125,112186.83,-28679.613,72589.6,24400.773,-28467.049,8451.709,20404.484,4469.5225,30172.666
3742.1963,87695.914,435.99313,15950.875,20975.816,179755.69,157969.5,55146.047,96299.66,-41892.625,56911.746,9166.317,-43678.26,23234.729,18734.25,18497.746,16392.59
3742.2188,77289.68,-10801.749,7634.0376,13286.682,170094.66,146547.08,44919.363,84808.83,-48701.21,47419.363,-443.25745,-52023.24,15491.928,14308.425,12353.385,8441.829
3742.241,89376.12,1128.5173,20139.996,25671.963,183048.69,159104.16,57967.953,97521.07,-37544.207,60314.332,12000.897,-39363.84,648.7594,15094.938,-1441.3523,19954.432
3742.2634,102937.05,15563.498,31641.375,36494.836,187500.0,173816.84,71536.9,112325.45,-28117.2,73035.65,24762.447,-27904.947,5410.0835,19901.123,1804.1881,30641.674
3742.286,90941.41,3776.7969,18974.822,23889.254,183040.73,161420.11,58504.418,99772.36,-39277.94,60161.58,12354.212,-40628.633,22221.95,19502.3,17381.03,19222.234
3742.308,77460.22,-10499.665,7478.671,13052.101,170067.9,146806.1,44965.34,85052.93,-48923.14,47397.12,-418.69287,-52187.324,17935.398,14793.749,14512.317,8346.879
3742.3306,86286.26,-2025.6045,17194.168,22806.693,179877.3,155828.9,54737.254,94205.836,-40073.484,57208.465,8939.916,-42320.594,2367.3628,14521.75,284.15775,17253.066
3742.3528,102227.83,14705.124,31305.764,36246.664,187500.0,172980.78,70938.836,111485.45,-28316.04,72555.36,24210.137,-28229.918,2820.8574,19215.416,-387.95923,30293.924
3742.3752,94113.32,7009.0156,22023.152,26850.615,186310.48,164770.33,61827.523,103149.03,-36653.22,63384.72,15498.991,-37575.92,20455.379,20115.14,15606.012,22024.807
3742.3975,78261.35,-9561.5625,7939.183,13415.249,170691.48,147730.58,45679.75,85972.055,-48625.797,48008.91,226.28906,-51751.13,20022.225,15403.974,16310.939,8804.487
3742.42,83445.21,-4901.6484,14431.471,20098.668,176927.8,152830.73,51740.69,91169.484,-42500.19,54291.473,6081.9097,-45128.31,4525.491,14105.739,2356.5447,14690.551
3742.4421,100741.08,13049.709,30223.785,35264.93,187500.0,171321.67,69522.375,109814.34,-29164.803,71271.23,22875.0,-29319.143,798.80664,18413.66,-2040.0884,29255.26
3742.4646,97123.336,10039.733,25004.428,29765.418,187500.0,167925.11,65012.484,106330.266,-34085.227,66480.28,18507.715,-34602.69,17998.81,20551.715,13241.911,24732.385
3742.4868,79766.61,-7913.3223,9068.976,14433.035,172038.34,149396.89,47126.8,87639.54,-47739.33,49328.402,1565.3597,-50634.035,21696.258,16146.989,17702.45,9889.553
3742.5093,80999.06,-7344.091,11956.038,17657.836,174342.1,150268.53,49119.77,88572.125,-44704.406,51717.6,3573.798,-47642.812,7081.0103,13875.293,4753.948,12399.832
3742.5317,98504.55,10638.962,28377.842,33543.31,187500.0,168874.56,67305.39,107350.2,-30668.295,69205.83,20776.953,-31164.459,-471.4207,17535.568,-2987.1318,27530.936
3742.554,99667.68,12558.351,27618.621,32354.574,187500.0,170562.73,67745.74,108995.13,-31812.656,69158.016,21088.604,-31991.963,15031.84,20750.646,10464.976,27087.498
3742.5764,81881.53,-5661.5854,10810.108,16059.706,174031.0,151697.47,49226.703,89952.39,-46297.035,51290.816,3528.424,-48890.465,22828.016,16972.484,18571.127,11551.673
3742.5986,79159.47,-9143.406,9993.667,15703.576,172337.3,148364.81,47108.16,86638.984,-46490.668,49704.38,1632.7502,-49647.94,9766.372,13836.154,7233.7397,10587.017
3742.621,95815.945,7794.344,26034.06,31325.992,187500.0,165968.42,64590.93,104420.58,-32609.965,66639.67,18205.922,-33508.664,-935.4876,16675.117,-3204.9272,25367.197
3742.6433,101571.586,14407.041,29678.246,34424.12,187500.0,172516.55,69838.83,110971.32,-30001.541,71227.15,23065.414,-29932.832,11820.653,20711.643,7525.0728,28927.584
3742.6658,84477.35,-2928.4587,13052.7705,18193.875,176549.97,154503.55,51853.008,92777.02,-44404.36,53771.816,5995.4087,-46633.832,23353.686,17831.373,18861.7,13675.691
3742.688,77867.54,-10357.844,8500.234,14203.751,170865.08,147061.22,45656.504,85312.27,-47883.965,48218.125,219.56119,-51173.56,12529.896,13962.956,9746.657,9214.82
3742.7104,92728.07,4567.892,23247.045,28671.947,186423.12,162656.98,61437.773,101080.875,-34949.055,63632.688,15215.951,-36294.79,-614.31537,15846.046,-2718.464,22798.87
3742.733,102656.85,15392.105,31016.602,35810.65,187500.0,173586.36,71101.06,112059.42,-28783.08,72518.92,24266.82,-28583.545,8534.924,20421.426,4582.466,30104.314
3742.7551,87471.92,180.44565,15748.234,20784.285,179521.39,157707.05,54917.746,96005.87,-42099.355,56700.05,8887.702,-43920.645,23125.428,18669.7,18452.887,16203.227
3742.7776,77302.016,-10820.524,7664.7935,13325.842,170108.5,146531.3,44940.35,84766.6,-48708.5,47445.023,-490.82196,-52038.082,15165.749,14272.796,12104.409,8461.432
3742.7998,89587.625,1322.6646,20333.428,25865.506,183249.28,159304.52,58185.973,97697.6,-37427.863,60515.633,12130.963,-39224.43,419.67636,15133.093,-1606.5316,20115.207
3742.8223,102924.6,15535.938,31600.695,36460.348,187500.0,173784.47,71514.21,112268.88,-28210.695,72996.71,24663.006,-28001.93,5489.991,19932.684,1909.979,30584.184
3742.8445,90674.7,3479.921,18723.03,23657.244,182761.14,161114.33,58230.207,99443.67,-39554.14,59881.8,12015.382,-40942.99,22182.744,19440.342,17395.781,18960.383
3742.867,77388.74,-10605.77,7437.1187,13028.631,170008.89,146701.22,44904.633,84929.55,-49014.18,47323.027,-558.0337,-52295.305,17630.879,14740.552,14275.59,8273.028
3742.8892,86491.64,-1843.2815,17393.88,23013.0,180086.83,156019.45,54954.67,94382.57,-39962.44,57393.65,9062.181,-42186.863,2079.852,14549.265,45.508152,17401.816
3742.9116,102303.69,14765.586,31346.824,36297.293,187500.0,173039.75,71004.93,111529.77,-28346.191,72585.4,24187.404,-28252.36,2864.6667,19262.69,-332.4375,30300.475
3742.934,93873.82,6739.297,21778.646,26632.64,186059.16,164490.97,61570.656,102852.67,-36924.28,63103.535,15168.252,-37883.55,20490.56,20065.252,15678.05,21767.494
3742.9563,78187.08,-9671.467,7877.6714,13382.012,170625.31,147620.86,45605.94,85847.71,-48730.918,47912.418,71.95027,-51872.836,19754.428,15346.463,16103.337,8714.968
3742.9788,83674.38,-4693.7773,14640.348,20323.525,177163.38,153047.55,51977.754,91376.195,-42372.516,54492.594,6223.5527,-44975.223,4239.4775,14131.421,2116.3972,14855.149
3743.001,100884.734,13183.417,30316.076,35372.4,187500.0,171455.06,69655.586,109936.61,-29146.295,71361.88,22917.514,-29284.049,863.7608,18476.826,-1974.5308,29312.795
3743.0234,96865.734,9756.447,24732.205,29522.164,187500.0,167629.9,64734.34,106021.28,-34373.81,66177.21,18162.783,-34933.027,18150.244,20509.336,13409.393,24454.754
3743.0457,79621.234,-8095.735,8945.795,14338.645,171904.6,149210.38,46981.445,87442.78,-47893.62,49161.836,1348.9055,-50816.96,21468.314,16068.0205,17530.004,9741.919
3743.068,81245.555,-7121.869,12195.022,17908.732,174601.11,150500.31,49378.36,88797.25,-44552.438,51932.043,3736.2285,-47468.223,6733.597,13884.032,4453.2725,12585.217
3743.0903,98788.03,10918.872,28606.791,33775.207,187500.0,169156.55,67582.914,107625.35,-30536.799,69428.79,20958.875,-31000.285,-468.64905,17616.484,-2991.8035,27711.023
3743.1128,99498.1,12376.452,27416.873,32171.336,187500.0,170366.48,67551.086,108788.16,-32047.172,68927.21,20825.88,-32255.557,15259.492,20738.174,10685.297,26875.94
3743.1353,81691.945,-5879.8276,10634.647,15911.782,173847.05,151469.16,49029.27,89715.75,-46502.156,51068.44,3267.1992,-49126.79,22694.777,16888.105,18477.719,11353.658
3743.1575,79324.086,-8999.953,10158.265,15883.1045,172516.5,148513.23,47282.973,86784.32,-46400.21,49842.535,1725.9794,-49540.9,9461.605,13822.5205,6964.267,10703.894
3743.18,96099.07,8076.4897,26276.264,31571.236,187500.0,166253.28,64873.434,104702.125,-32466.2,66872.69,18400.605,-33327.277,-968.8811,16746.06,-3248.0662,25553.879
3743.2021,101436.82,14264.392,29516.621,34276.42,187500.0,172360.4,69679.51,110806.72,-30198.104,71038.234,22848.646,-30151.432,12086.259,20717.498,7771.0986,28751.34
3743.2246,84236.84,-3196.5454,12835.668,17999.549,176318.58,154222.4,51597.06,92486.65,-44640.258,53501.113,5692.1626,-46909.52,23286.205,17742.078,18822.338,13437.489
3743.2468,78008.69,-10238.016,8655.378,14367.21,171029.1,147182.72,45800.605,85429.58,-47789.24,48343.36,303.24612,-51070.81,12211.139,13940.537,9456.9795,9327.138
3743.2693,93096.23,4940.0264,23578.924,28995.78,186800.03,163030.14,61800.098,101450.8,-34718.605,63958.758,15506.859,-36017.74,-728.46576,15924.813,-2841.734,23076.412
3743.2915,102655.484,15397.246,30975.922,35768.406,187500.0,173574.89,71065.81,112040.2,-28880.756,72454.37,24180.967,-28684.531,8812.243,20462.71,4828.916,30039.07
3743.314,87219.234,-86.12128,15512.938,20560.143,179274.81,157420.67,54636.984,95710.64,-42357.965,56410.73,8575.716,-44217.945,23161.213,18593.836,18509.549,15947.836
3743.3362,77354.72,-10780.8955,7744.6343,13409.236,170185.4,146565.47,44989.66,84795.664,-48687.242,47480.203,-485.30112,-52017.293,14911.051,14234.843,11881.584,8493.887
3743.3586,89895.234,1637.4218,20629.723,26150.781,183571.84,159618.75,58490.203,98008.555,-37229.492,60790.38,12381.302,-38985.11,276.5805,15186.916,-1750.0299,20349.79
3743.381,102979.875,15605.989,31632.145,36483.703,187500.0,173838.06,71540.43,112315.57,-28244.826,72998.7,24651.717,-28028.775,5708.1665,19980.203,2099.477,30578.91
3743.4033,90446.695,3251.4414,18517.596,23454.871,182529.95,160859.23,57968.78,99178.05,-39783.293,59618.387,11736.365,-41208.24,22262.092,19376.752,17485.1,18729.646
3743.4258,77417.46,-10577.785,7502.408,13088.02,170051.55,146712.05,44919.027,84931.18,-49006.938,47334.133,-571.3777,-52290.88,17408.098,14699.47,14081.822,8287.825
3743.448,86783.54,-1531.9663,17690.244,23287.076,180385.27,156318.95,55236.035,94672.67,-39766.55,57658.918,9301.791,-41954.54,1917.2657,14594.817,-110.43997,17630.566
3743.4705,102424.21,14915.901,31456.213,36382.25,187500.0,173165.33,71095.27,111641.78,-28322.99,72659.805,24247.018,-28213.22,3039.8374,19321.475,-180.62445,30355.303
3743.4927,93665.86,6547.5635,21601.8,26442.002,185842.78,164264.2,61327.312,102610.086,-37140.043,62866.695,14919.522,-38127.99,20628.404,20022.762,15824.253,21553.766
3743.5151,78117.61,-9731.905,7863.4106,13353.67,170573.06,147533.02,45519.91,85746.64,-48798.195,47833.832,-24.743382,-51952.875,19597.43,15291.053,15977.027,8645.9
3743.5374,83883.33,-4463.554,14875.892,20536.852,177385.03,153258.14,52177.445,91576.4,-42223.566,54686.85,6397.919,-44800.7,4052.9077,14152.499,1943.2161,15027.369
3743.5598,101048.06,13382.504,30477.545,35508.97,187500.0,171624.61,69793.68,110095.71,-29069.719,71489.89,23033.361,-29184.494,949.74805,18535.654,-1905.6428,29421.178
3743.5823,96723.625,9643.236,24611.148,29385.617,187500.0,167475.25,64553.87,105853.305,-34533.312,66005.51,17983.365,-35112.062,18297.453,20489.822,13557.361,24304.035
3743.6045,79545.57,-8146.2495,8918.302,14296.131,171841.25,149121.66,46882.695,87342.58,-47965.19,49078.91,1253.5083,-50901.316,21349.516,16015.896,17435.41,9671.153
3743.627,81426.94,-6903.314,12404.928,18094.297,174794.52,150687.69,49548.32,88976.94,-44418.082,52108.98,3900.335,-47307.6,6550.8496,13893.911,4286.2373,12740.517
3743.6492,98962.375,11143.999,28784.6,33922.414,187500.0,169344.78,67734.21,107803.984,-30446.967,69576.375,21103.803,-30878.691,-402.7561,17669.234,-2938.3157,27830.246
3743.6716,99329.055,12249.963,27276.594,32007.676,187500.0,170189.6,67345.07,108598.7,-32227.17,68734.3,20637.055,-32455.045,15463.362,20717.9,10886.038,26698.936
3743.6938,81516.21,-6023.572,10526.555,15783.081,173688.67,151276.64,48830.562,89510.695,-46644.76,50894.992,3092.0735,-49294.293,22608.098,16815.217,18418.465,11198.247
3743.7163,79433.7,-8852.163,10322.953,16017.237,172648.64,148621.98,47383.31,86882.8,-46306.0,49957.156,1834.8772,-49435.062,9243.185,13810.048,6773.093,10803.091
3743.7385,96311.68,8339.749,26508.834,31761.695,187500.0,166475.94,65066.31,104914.555,-32329.229,67063.73,18594.73,-33160.71,-992.30566,16794.832,-3275.9612,25712.979
3743.761,101348.53,14220.851,29456.785,34177.516,187500.0,172264.3,69552.19,110698.445,-30312.857,70920.84,22743.258,-30281.52,12273.857,20717.7,7949.152,28641.146
3743.7834,84067.125,-3333.0027,12732.582,17862.666,176155.64,154033.84,51398.64,92287.586,-44790.82,53322.008,5522.021,-47086.88,23244.63,17675.984,18808.883,13276.199
3743.8057,78081.445,-10128.895,8792.037,14461.6455,171118.27,147250.77,45862.855,85490.375,-47731.863,48414.105,379.84555,-51008.336,12017.997,13920.309,9298.505,9385.855
3743.8281,93299.02,5190.2095,23814.98,29180.852,187005.39,163241.92,61990.69,101657.125,-34588.004,64142.266,15700.514,-35860.293,-771.15753,15970.053,-2878.6143,23224.201
3743.8503,102577.86,15361.528,30933.988,35681.746,187500.0,173490.58,70960.85,111948.625,-28988.984,72350.5,24094.668,-28804.336,9023.132,20475.184,5026.3486,29935.514
3743.8728,86983.516,-297.6582,15353.526,20365.816,179041.77,157159.39,54380.32,95442.6,-42561.21,56167.43,8345.649,-44456.215,23171.809,18522.445,18541.422,15727.47
3743.895,77371.93,-10742.227,7838.7344,13462.68,170221.3,146567.44,45003.742,84797.18,-48665.85,47502.11,-459.14957,-51997.805,14684.561,14195.683,11692.757,8508.281
3743.9175,90147.36,1924.0607,20917.01,26384.85,183828.72,159874.1,58737.66,98268.46,-37052.758,61026.883,12622.746,-38774.29,137.32913,15228.893,-1876.8538,20542.953
3743.9397,102995.414,15657.151,31668.176,36469.152,187500.0,173847.47,71530.08,112329.01,-28293.018,72978.02,24646.084,-28073.166,5914.8306,20014.938,2285.6897,30543.125
3743.9622,90173.78,2992.7422,18308.56,23209.182,182259.14,160555.33,57672.152,98880.055,-40036.87,59326.785,11461.773,-41496.777,22358.428,19305.941,17595.652,18463.168
3743.9846,77341.53,-10650.093,7505.8506,13055.564,169997.88,146610.47,44842.473,84842.17,-49065.88,47261.38,-635.2143,-52361.42,17214.955,14634.938,13921.784,8216.188
3744.0068,86981.17,-1322.5975,17931.822,23482.766,180600.45,156510.78,55438.9,94882.84,-39625.22,57847.5,9499.805,-41785.18,1743.749,14612.878,-271.7972,17781.865
3744.0293,102473.34,14981.347,31525.303,36406.1,187500.0,173205.03,71130.945,111700.43,-28335.33,72679.05,24285.104,-28217.043,3208.4365,19362.334,-36.522755,30354.52
3744.0515,93384.61,6264.6577,21376.963,26186.365,185562.36,163947.95,61026.48,102312.12,-37396.75,62569.195,14641.645,-38424.215,20762.828,19958.836,15959.883,21285.545
3744.074,78023.42,-9834.12,7844.8813,13303.133,170501.8,147408.69,45426.19,85644.4,-48867.4,47746.055,-103.980316,-52038.19,19393.85,15220.98,15800.247,8567.11
3744.0962,84105.82,-4236.4824,15139.731,20753.217,177626.88,153474.88,52407.668,91818.35,-42054.34,54906.926,6624.543,-44603.086,3823.4226,14165.865,1730.2709,15210.877
3744.1187,101190.28,13539.011,30628.889,35609.035,187500.0,171765.48,69924.98,110259.234,-29013.234,71602.45,23162.98,-29104.117,1069.6204,18588.518,-1809.4631,29500.527
3744.1409,96458.266,9373.719,24389.018,29127.855,187500.0,167181.0,64267.523,105578.78,-34794.043,65718.664,17717.066,-35407.11,18512.008,20442.527,13761.254,24040.018
3744.1633,79352.86,-8359.307,8802.542,14153.415,171669.62,148895.17,46690.336,87137.43,-48123.934,48893.01,1076.773,-51087.508,21212.992,15931.81,17325.64,9500.699
3744.1858,81558.86,-6785.185,12590.313,18243.785,174949.8,150808.03,49693.81,89121.26,-44316.336,52246.938,4040.078,-47190.727,6313.541,13889.218,4068.1292,12853.215
3744.208,99120.0,11300.282,28958.139,34056.258,187500.0,169499.64,67891.5,107982.266,-30364.445,69718.914,21253.135,-30774.486,-347.5473,17730.21,-2902.9775,27939.01
3744.2305,99108.016,12014.688,27091.902,31798.129,187500.0,169941.95,67109.21,108371.336,-32446.553,68500.14,20413.828,-32707.979,15681.738,20697.45,11092.1875,26485.834
3744.2527,81318.2,-6248.4526,10400.781,15639.493,173509.5,151045.6,48635.61,89302.33,-46811.24,50704.13,2902.4636,-49491.145,22500.16,16735.377,18337.328,11029.134
3744.2751,79560.98,-8744.65,10500.984,16167.575,172799.61,148736.83,47527.855,87025.74,-46202.934,50099.36,1970.2169,-49319.82,9005.742,13800.168,6554.515,10923.835
3744.2974,96515.69,8540.489,26722.271,31942.117,187500.0,166680.06,65276.348,105147.44,-32208.572,67262.66,18791.248,-33009.613,-972.8374,16855.629,-3272.0273,25869.664
3744.3198,101169.61,14033.029,29300.814,34002.613,187500.0,172063.73,69362.38,110523.19,-30508.322,70733.24,22557.783,-30499.338,12538.189,20710.88,8194.149,28462.555
3744.342,83798.77,-3624.6484,12531.126,17655.645,175907.14,153729.45,51132.77,92008.48,-45011.79,53074.62,5265.669,-47347.098,23212.041,17586.422,18792.543,13051.608
3744.3645,78140.99,-10087.7,8905.204,14564.911,171206.34,147292.33,45941.688,85561.836,-47670.664,48504.36,449.583,-50946.355,11772.843,13885.977,9070.696,9460.019
3744.3867,93545.56,5437.688,24069.098,29414.584,187267.92,163489.3,62249.434,101935.2,-34418.49,64398.305,15938.649,-35657.785,-840.0009,16020.255,-2958.8794,23433.37
3744.4092,102513.59,15299.726,30871.873,35605.906,187500.0,173413.34,70885.055,111897.375,-29092.271,72280.695,24016.234,-28918.664,9268.755,20490.023,5242.289,29862.021
3744.4316,86748.0,-544.8238,15160.184,20170.975,178817.27,156893.66,54138.9,95202.52,-42769.55,55944.004,8110.308,-44702.53,23191.344,18441.621,18573.943,15526.551
3744.4539,77417.28,-10704.966,7924.2075,13542.341,170293.12,146598.08,45062.305,84855.79,-48625.15,47574.93,-405.3936,-51961.906,14477.27,14156.589,11501.516,8569.458
3744.4763,90394.44,2178.647,21165.113,26617.709,184094.94,160127.66,58997.344,98548.305,-36884.18,61286.9,12866.402,-38579.492,61.288483,15273.082,-1963.7572,20756.01
3744.4985,102961.44,15630.217,31626.623,36418.84,187500.0,173808.02,71489.516,112310.9,-28376.568,72943.16,24603.773,-28169.322,6164.477,20040.598,2507.5083,30493.795
3744.521,89893.53,2700.8284,18062.691,22971.582,181990.2,160247.12,57388.15,98591.83,-40284.26,59066.188,11188.926,-41795.64,22429.664,19223.82,17679.74,18223.445
3744.5432,77326.49,-10677.63,7530.37,13086.969,170016.33,146578.08,44842.945,84833.86,-49067.355,47285.406,-634.14136,-52384.42,17002.48,14578.881,13730.476,8230.046
3744.5657,87255.76,-1041.9265,18202.346,23748.818,180894.75,156792.81,55729.85,95190.984,-39419.582,58147.484,9776.967,-41560.812,1581.766,14646.383,-434.02618,18030.104
3744.588,102571.375,15094.85,31594.213,36470.184,187500.0,173308.16,71222.72,111827.1,-28312.709,72780.15,24372.969,-28197.375,3399.544,19409.72,124.00748,30421.865
3744.6104,93162.9,6043.554,21162.7,25981.736,185340.98,163707.38,60792.816,102094.26,-37615.33,62359.09,14419.691,-38690.65,20912.54,19903.916,16111.83,21086.414
3744.6328,77970.71,-9892.883,7819.7803,13289.812,170476.6,147339.83,45380.145,85603.79,-48915.832,47725.133,-145.04048,-52116.6,19244.406,15162.307,15677.581,8535.147
3744.655,84344.445,-3990.904,15375.989,20989.16,177889.02,153719.31,52660.51,92096.99,-41883.887,55169.63,6864.2656,-44422.55,3657.237,14188.53,1572.5347,15420.0
3744.6775,101321.266,13687.807,30732.957,35710.355,187500.0,171903.48,70053.36,110431.45,-28970.05,71734.89,23280.305,-29063.035,1233.9058,18643.166,-1673.3857,29587.588
3744.6997,96233.85,9153.599,24169.635,28922.555,187500.0,166939.11,64031.42,105370.26,-35021.99,65502.055,17487.959,-35690.086,18706.49,20399.477,13952.652,23829.553
3744.7222,79256.164,-8460.537,8734.57,14104.13,171600.17,148780.12,46598.113,87059.06,-48209.676,48824.57,986.8742,-51216.207,21072.309,15864.844,17211.938,9426.268
3744.7444,81798.445,-6536.455,12826.549,18487.129,175214.17,151053.5,49946.227,89407.3,-44136.67,52513.367,4280.5376,-47009.723,6096.975,13904.908,3865.9133,13069.312
3744.7668,99348.586,11554.936,29145.29,34243.88,187500.0,169743.62,68115.4,108266.24,-30242.738,69947.28,21463.666,-30646.926,-250.38425,17797.443,-2834.805,28108.28
3744.789,98930.7,11852.304,26896.48,31616.072,187500.0,169756.25,66910.93,108221.41,-32650.98,68322.87,20224.508,-32961.96,15937.42,20677.287,11326.01,26302.975
3744.8115,81140.75,-6426.149,10244.051,15505.5625,173353.53,150849.72,48451.453,89142.31,-46974.605,50551.645,2729.0364,-49707.465,22425.797,16655.805,18277.201,10873.297
3744.834,79716.36,-8581.93,10659.994,16341.383,172981.73,148895.89,47691.16,87223.4,-46092.9,50279.758,2122.611,-49220.53,8769.572,13789.149,6334.7974,11061.789
3744.8562,96774.38,8823.933,26943.441,32169.48,187500.0,166959.45,65532.832,105464.38,-32056.984,67522.12,19027.572,-32848.504,-957.77234,16923.803,-3277.0789,26067.723
3744.8787,101037.78,13917.18,29143.188,33861.664,187500.0,171931.03,69207.57,110423.86,-30680.207,70594.98,22403.133,-30714.115,12807.751,20714.904,8439.259,28318.12
3744.901,83592.83,-3832.0728,12345.897,17493.459,175716.92,153508.0,50915.734,91819.65,-45207.164,52881.08,5049.684,-47596.453,23146.44,17505.752,18751.953,12866.514
3744.9233,78278.81,-9945.432,9055.095,14722.536,171370.67,147435.36,46084.96,85739.266,-47574.258,48663.594,577.7256,-50861.707,11503.146,13871.18,8827.666,9584.16
3744.9456,93843.805,5758.726,24336.893,29675.207,187500.0,163811.62,62543.867,102292.266,-34238.914,64691.426,16205.1045,-35462.52,-881.7093,16094.888,-3010.2883,23659.457
3744.968,102427.875,15232.469,30764.63,35498.617,187500.0,173332.58,70774.95,111846.52,-29240.262,72177.43,23895.424,-29103.559,9558.858,20516.69,5506.33,29738.887
3744.9902,86463.055,-831.999,14908.727,19932.639,178545.12,156592.14,53839.633,94926.92,-43034.35,55667.47,7810.3257,-45033.69,23220.514,18360.998,18617.328,15260.073
3745.0127,77435.19,-10690.795,7979.26,13603.026,170340.66,146612.08,45084.855,84896.2,-48616.188,47617.266,-397.1458,-51982.47,14235.379,14118.301,11283.407,8588.546
3745.0352,90658.88,2457.3286,21425.355,26867.49,184373.22,160409.94,59262.414,98857.01,-36708.61,61556.508,13103.688,-38394.58,-57.801617,15329.363,-2087.6528,20965.29
3745.0574,102957.79,15644.231,31609.346,36390.387,187500.0,173812.05,71463.805,112334.91,-28444.584,72927.29,24564.479,-28262.172,6398.88,20084.742,2705.1423,30452.332
3745.0798,89637.83,2446.5327,17839.041,22748.064,181738.39,159977.36,57112.082,98335.56,-40527.18,58812.496,10910.178,-42098.44,22506.465,19164.41,17759.916,17983.521
