Tm,Oz,Po7,Po4,Po3,P4,P3,Po8,Pz,Fz,F2,F3,F4,AF3,Cz,AF4,F1
5800.032,79833.24,-11389.019,6738.85,17517.576,175458.61,161151.5,45809.03,129314.26,-52678.684,41761.645,-3877.8938,-58941.62,14668.0205,18076.752,11067.869,2430.1936
5800.054,90162.41,-1025.7439,17996.709,28940.234,186468.27,171878.02,57205.938,140260.23,-42519.08,53125.426,7060.8267,-47568.94,-634.43195,17691.697,-3461.7935,12699.032
5800.0767,106654.37,16668.611,32805.41,43123.2,187500.0,187500.0,73805.914,157769.4,-30489.793,68825.625,22512.744,-32966.676,887.65485,21829.676,-2703.4883,25647.309
5800.099,96998.7,7074.4614,21943.402,32020.797,187500.0,179739.61,63004.965,147555.02,-40169.797,58025.465,12164.848,-43865.168,18265.535,22773.143,13728.509,15918.041
5800.1216,80562.016,-10490.636,7119.3213,17793.846,175935.88,162023.69,46415.254,130084.65,-52475.84,42253.18,-3295.474,-58592.617,16926.172,18650.074,13140.546,2685.473
5800.144,86981.664,-4318.0664,14858.502,25843.959,183369.31,168523.38,53865.492,136870.75,-45212.688,49878.95,3977.0234,-50706.52,1484.1112,17349.043,-1382.2096,9831.304
5800.166,105181.55,15021.491,31716.053,42155.684,187500.0,187500.0,72444.516,156191.05,-31277.041,67598.18,21352.957,-34018.527,-1237.2585,21090.258,-4599.833,24661.664
5800.1885,100255.6,10462.763,25194.82,35244.66,187500.0,183188.92,66445.88,150993.73,-37378.6,61370.965,15500.734,-40625.73,15983.979,23131.688,11478.046,18749.56
5800.211,82007.305,-8864.077,8209.08,18778.55,177148.84,163632.58,47770.465,131614.66,-51642.68,43484.965,-1961.4773,-57526.17,18725.309,19310.59,14748.554,3575.0273
5800.2334,84287.74,-7082.1504,12114.624,23120.086,180622.73,165686.2,50987.816,134000.53,-47595.72,47064.17,1374.4088,-53458.49,3949.352,17177.404,985.6896,7282.936
5800.2554,103015.75,12656.698,29908.58,40477.535,187500.0,185689.55,70334.29,153882.03,-32666.225,65642.11,19549.574,-35783.67,-2691.3066,20309.936,-5844.7803,23019.348
5800.278,103203.016,13504.41,28214.787,38265.473,187500.0,186292.83,69598.77,154108.9,-34760.113,64455.414,18634.338,-37613.297,13110.595,23296.732,8709.692,21340.643
5800.3003,84209.445,-6443.047,10038.772,20493.668,179106.86,166049.2,49921.37,133955.78,-50165.855,45486.137,155.56815,-55718.81,20031.656,20059.799,15889.431,5112.604
5800.3228,82116.875,-9258.205,9799.899,20792.107,178303.52,163433.69,48621.395,131695.61,-49661.98,44713.395,-764.2062,-55795.297,6692.8726,17175.281,3605.627,5093.471
5800.345,100135.39,9574.4375,27356.166,38052.125,187500.0,182587.89,67455.484,150823.08,-34708.145,62931.65,16994.434,-38291.535,-3296.1895,19523.11,-6296.4644,20732.229
5800.367,105396.52,15739.316,30590.018,40678.637,187500.0,187500.0,72008.03,156430.05,-32667.053,66844.88,21042.09,-35236.387,9907.568,23221.742,5656.914,23396.107
5800.3896,86968.3,-3453.7021,12470.485,22820.193,181628.36,169056.6,52681.7,136892.36,-48145.035,48103.145,2825.0818,-53298.496,20684.35,20831.045,16381.795,7237.048
5800.412,80637.34,-10686.683,8105.033,19062.553,176610.39,161945.28,46951.94,130131.86,-51214.8,43028.99,-2284.393,-57512.47,9483.936,17337.309,6241.6577,3483.0947
5800.4346,96889.875,6139.4434,24378.602,35193.184,187500.0,179132.92,64162.56,147382.05,-37134.008,59801.918,14009.6045,-41227.15,-3120.2366,18800.86,-5996.8613,18079.098
5800.4565,106783.586,17116.004,32233.137,42391.137,187500.0,187500.0,73606.625,157900.33,-31172.729,68463.03,22670.525,-33578.062,6594.793,22935.752,2554.38,24818.17
5800.479,90192.266,4.2915354,15413.764,25668.922,184604.88,172561.75,55959.0,140322.16,-45672.37,51233.062,5976.1636,-50361.633,20626.168,21590.982,16198.667,9818.026
5800.5015,79852.016,-11372.747,7042.2075,17941.412,175583.28,161213.95,45989.41,129309.836,-52249.574,42013.08,-3152.6243,-58602.793,12236.999,17656.27,8818.613,2423.2197
5800.524,93409.98,2485.5366,21104.875,32021.086,187500.0,175446.77,60590.8,143693.48,-39849.945,56382.188,10756.576,-44471.01,-2170.578,18173.4,-4991.7705,15133.026
5800.5464,107194.97,17455.191,32973.652,43228.855,187500.0,187500.0,74209.48,158335.03,-30422.76,69128.31,23373.332,-32817.01,3447.6226,22449.22,-361.56183,25439.191
5800.5684,93714.164,3743.7834,18731.791,28911.064,187500.0,176356.03,59584.793,144060.86,-42862.0,54712.668,9465.719,-47058.56,19758.027,22274.186,15253.412,12727.53
5800.591,79899.02,-11183.897,6756.3516,17573.455,175371.7,161362.39,45875.707,129367.59,-52627.453,41807.285,-3238.8572,-58924.79,14800.611,18125.434,11199.298,2075.1582
5800.6133,90015.266,-1050.2191,17824.154,28813.455,186206.95,171857.0,57056.473,140092.19,-42625.74,52970.24,7498.385,-47739.707,-527.85876,17688.033,-3344.7375,12179.108
5800.6357,106616.125,16752.654,32758.918,43128.586,187500.0,187500.0,73781.8,157721.44,-30478.438,68801.33,23073.908,-33003.492,755.2431,21807.727,-2815.94,25249.738
5800.6577,97218.65,7434.3247,22125.926,32254.305,187500.0,180117.62,63241.78,147785.28,-39966.82,58247.93,12964.325,-43671.62,18139.47,22811.678,13609.218,15732.812
5800.68,80665.305,-10242.531,7162.594,17890.629,175895.11,162299.3,46520.777,130199.984,-52392.266,42343.684,-2633.0803,-58532.87,17021.836,18699.963,13233.999,2396.5542
5800.7026,86866.7,-4298.1064,14697.368,25746.326,183123.52,168573.97,53745.91,136759.0,-45295.12,49755.098,4419.0073,-50847.56,1603.76,17352.04,-1254.4247,9378.838
5800.725,105147.81,15121.56,31656.127,42162.703,187500.0,187500.0,72419.79,156167.05,-31263.652,67574.53,21881.398,-34053.82,-1382.992,21061.715,-4711.48,24310.787
5800.747,100566.516,10932.864,25450.95,35558.367,187500.0,183697.33,66773.69,151337.47,-37107.297,61682.57,16343.327,-40345.66,15785.316,23171.184,11295.79,18684.518
5800.7695,82219.734,-8478.441,8336.061,18957.768,177212.02,164058.55,47983.92,131860.94,-51495.715,43672.113,-1266.3158,-57374.895,18834.676,19382.719,14852.981,3415.9949
5800.792,84177.03,-7029.0874,11941.442,23004.729,180380.8,165779.02,50873.043,133909.28,-47707.027,46931.625,1724.0125,-53608.023,4150.898,17194.281,1185.872,6879.621
5800.8145,102856.12,12652.943,29725.543,40355.72,187500.0,185723.58,70186.016,153740.31,-32768.82,65493.047,19847.992,-35936.133,-2715.7595,20277.303,-5854.3467,22640.62
5800.837,103364.98,13839.888,28347.13,38449.004,187500.0,186666.9,69785.27,154307.7,-34598.69,64630.895,19221.139,-37453.637,12936.206,23315.463,8548.938,21261.115
5800.859,84401.805,-6062.509,10165.999,20666.715,179176.97,166471.52,50128.906,134191.52,-50009.66,45674.605,725.6941,-55556.426,20077.791,20125.578,15929.708,5057.0825
5800.8813,82066.83,-9125.212,9680.765,20728.025,178133.95,163608.48,48578.477,131677.17,-49711.11,44657.715,-463.4411,-55868.61,6869.2275,17208.988,3776.998,4846.6187
5800.904,99986.77,9599.181,27163.248,37921.145,187500.0,182651.33,67324.44,150699.86,-34805.332,62798.32,17187.955,-38430.92,-3285.2148,19507.285,-6261.484,20449.01
5800.9263,105515.91,16044.775,30661.299,40807.137,187500.0,187500.0,72160.18,156588.12,-32539.625,66987.93,21480.52,-35107.906,9732.866,23235.69,5505.995,23366.111
5800.948,87155.555,-3067.9558,12577.036,22978.176,181722.3,169476.88,52894.152,137124.42,-47996.996,48294.32,3286.131,-53131.26,20714.771,20896.445,16408.326,7258.662
5800.9707,80591.48,-10542.38,7979.975,18991.854,176473.83,162119.73,46921.992,130118.805,-51266.207,42984.598,-2081.2156,-57572.887,9656.155,17372.736,6402.8584,3319.48
5800.993,96714.19,6140.9634,24153.139,35025.137,187500.0,179157.38,64010.21,147230.44,-37255.6,59652.07,14077.263,-41381.484,-3058.6128,18785.994,-5933.3604,17857.28
5801.0156,106826.09,17343.656,32231.729,42442.41,187500.0,187500.0,73686.555,157974.11,-31101.693,68540.664,22930.678,-33509.043,6449.1265,22930.611,2423.3093,24815.824
5801.038,90381.945,392.18372,15527.668,25829.676,184726.36,172959.12,56179.613,140543.33,-45511.707,51440.934,6333.702,-50175.62,20597.201,21639.865,16172.828,9940.76
5801.06,79879.42,-11150.928,6983.0874,17931.264,175542.4,161441.83,46034.67,129353.44,-52242.375,42050.07,-2997.3914,-58584.594,12378.821,17696.57,8953.752,2418.8389
5801.0825,93258.81,2516.5383,20886.902,31861.629,187500.0,175475.7,60459.93,143542.42,-39972.277,56253.64,10711.493,-44605.055,-2069.5256,18166.717,-4891.2104,15017.043
5801.105,107169.266,17613.668,32888.156,43209.793,187500.0,187500.0,74220.94,158311.06,-30425.666,69139.445,23427.938,-32811.914,3337.2273,22434.826,-461.38474,25469.188
5801.1274,93837.25,4062.1614,18767.041,29017.572,187500.0,176664.64,59748.766,144191.53,-42759.137,54869.355,9625.087,-46921.5,19715.492,22306.662,15211.838,12900.377
5801.1494,79884.54,-11005.978,6634.691,17538.072,175321.02,161532.05,45894.01,129350.44,-52647.812,41821.08,-3255.6882,-58925.82,14927.748,18154.29,11317.717,2150.6401
5801.172,89840.61,-1045.3911,17554.121,28641.994,186015.06,171850.9,56914.984,139901.66,-42756.297,52836.35,7297.7773,-47876.03,-432.97565,17677.326,-3250.9272,12161.405
5801.1943,106558.79,16873.086,32617.387,43083.234,187500.0,187500.0,73767.05,157648.72,-30491.826,68798.47,22952.695,-33008.477,648.93823,21787.7,-2904.8774,25382.709
5801.217,97356.78,7764.84,22160.996,32377.262,187500.0,180417.44,63422.293,147915.33,-39841.63,58431.305,12977.155,-43501.727,18056.322,22838.902,13531.344,16050.095
5801.2393,80707.82,-10005.111,7086.6875,17904.621,175911.02,162492.92,46595.723,130227.25,-52369.445,42419.793,-2765.8496,-58472.164,17111.31,18732.193,13310.844,2638.4895
5801.261,86753.2,-4225.977,14479.952,25623.75,182998.61,168596.67,53664.996,136618.55,-45387.92,49685.785,4106.8647,-50923.02,1714.1329,17354.52,-1159.631,9520.972
5801.2837,105035.43,15189.889,31460.773,42061.87,187500.0,187500.0,72348.695,156023.7,-31334.732,67522.92,21547.283,-34109.41,-1385.4506,21048.348,-4720.9346,24496.932
5801.306,100558.78,11112.059,25362.615,35560.445,187500.0,183819.16,66812.05,151302.9,-37095.94,61735.746,16077.476,-40301.74,15750.313,23177.285,11263.894,18975.783
5801.3286,82191.664,-8318.157,8221.284,18936.488,177179.34,164158.23,47998.652,131804.6,-51508.41,43702.895,-1584.4258,-57356.836,18870.707,19395.146,14890.599,3695.9954
5801.3506,84088.766,-6935.344,11769.96,22932.176,180291.6,165810.23,50824.918,133786.72,-47763.47,46909.184,1327.6042,-53640.656,4198.6855,17196.605,1233.6152,7124.753
5801.373,102786.13,12758.577,29580.234,40310.168,187500.0,185767.42,70159.31,153633.53,-32804.27,65491.15,19449.26,-35945.05,-2720.6768,20277.258,-5852.7373,22918.205
5801.3955,103370.92,14023.3955,28276.344,38479.516,187500.0,186788.7,69838.65,154278.9,-34576.227,64706.312,18867.846,-37389.152,12895.526,23325.521,8515.321,21617.379
5801.418,84387.36,-5899.6313,10073.016,20680.572,179155.67,166572.94,50157.965,134140.06,-50015.316,45724.81,317.0148,-55517.71,20118.695,20146.836,15973.316,5406.2393
5801.4404,81963.72,-9060.258,9513.998,20670.85,178025.23,163611.34,48515.78,131526.9,-49787.33,44620.164,-983.2756,-55911.258,6936.7075,17214.24,3852.1892,5134.1064
5801.4624,99872.695,9643.37,27002.986,37868.863,187500.0,182634.69,67252.62,150529.81,-34876.23,62756.008,16639.957,-38473.03,-3263.6677,19498.68,-6241.1436,20752.725
5801.485,105527.44,16216.437,30630.363,40878.438,187500.0,187500.0,72218.9,156545.61,-32509.473,67069.56,21032.791,-35032.203,9671.176,23237.254,5440.5044,23787.107
5801.5073,87220.31,-2836.5706,12587.81,23090.807,181771.69,169650.55,53000.992,137132.73,-47938.504,48421.816,2869.182,-53017.824,20724.025,20924.63,16411.857,7719.332
5801.53,80553.59,-10416.629,7889.965,19008.887,176416.88,162185.48,46919.285,130010.58,-51303.043,43004.78,-2613.8354,-57566.293,9753.117,17393.3,6493.562,3685.2664
5801.552,96596.266,6175.2954,23998.71,34979.473,187500.0,179131.95,63927.555,147027.08,-37347.914,59597.734,13462.232,-41443.848,-3005.0134,18781.076,-5879.224,18165.89
5801.574,106816.4,17485.121,32194.805,42506.047,187500.0,187500.0,73717.6,157878.61,-31102.297,68598.195,22414.375,-33465.39,6396.98,22931.236,2376.1694,25223.787
5801.5967,90415.09,582.28534,15532.81,25927.867,184736.25,173094.47,56252.59,140498.27,-45491.434,51535.39,5849.1167,-50102.824,20621.027,21663.178,16193.57,10376.328
5801.619,79813.28,-11064.293,6895.9824,17938.125,175446.81,161472.42,46004.61,129207.88,-52307.465,42044.24,-3581.9565,-58612.805,12452.291,17701.8,9027.848,2762.743
5801.6416,93166.12,2568.059,20786.543,31847.525,187500.0,175471.64,60401.523,143368.36,-40044.09,56228.586,10107.639,-44651.12,-2037.0262,18159.363,-4856.9673,15348.229
5801.6636,107141.62,17726.834,32866.43,43253.332,187500.0,187500.0,74225.27,158204.06,-30438.385,69180.37,22889.932,-32794.344,3333.3381,22434.76,-464.4246,25858.086
5801.686,93845.86,4214.5776,18790.197,29092.137,187500.0,176762.1,59787.39,144126.4,-42752.23,54942.51,9130.354,-46873.62,19729.662,22318.463,15216.465,13303.781
5801.7085,79849.65,-10898.197,6625.3477,17571.89,175245.28,161584.1,45886.277,129243.586,-52687.69,41848.035,-3780.105,-58927.965,14959.264,18158.871,11339.957,2491.3704
5801.731,89770.11,-978.2241,17521.621,28644.633,185916.62,171860.92,56869.297,139757.1,-42824.29,52826.137,6753.446,-47915.684,-395.64825,17675.94,-3217.6677,12454.169
5801.753,106487.984,16934.018,32594.23,43088.375,187500.0,187500.0,73720.82,157502.48,-30557.094,68788.45,22431.564,-33049.29,658.37067,21783.318,-2898.2168,25654.506
5801.7754,97328.88,7868.373,22184.174,32424.58,187500.0,180471.05,63421.598,147815.2,-39873.66,58464.742,12526.834,-43505.816,18042.934,22841.764,13511.831,16336.957
5801.798,80663.49,-9919.973,7094.8013,17935.176,175827.69,162535.2,46574.98,130111.63,-52417.973,42435.684,-3207.9001,-58496.504,17142.805,18741.715,13339.61,2891.8242
5801.8203,86644.266,-4211.806,14428.812,25593.889,182859.42,168569.84,53576.707,136435.17,-45484.863,49640.05,3624.8271,-51007.89,1770.1017,17357.873,-1096.0625,9706.604
5801.843,104962.81,15235.755,31449.463,42069.203,187500.0,187500.0,72302.22,155878.27,-31391.326,67519.01,21123.54,-34153.285,-1424.8344,21040.904,-4748.4272,24708.938
5801.8647,100632.9,11304.283,25482.42,35691.582,187500.0,183980.8,66912.805,151306.86,-37046.79,61872.383,15808.785,-40218.367,15683.683,23195.479,11193.084,19295.256
5801.887,82244.81,-8186.818,8271.062,18996.146,177144.34,164263.84,48035.465,131747.39,-51524.258,43773.434,-1899.3843,-57345.168,18949.945,19426.148,14956.872,3944.5017
5801.9097,84000.07,-7020.281,11630.954,22810.201,180064.06,165703.52,50663.426,133516.44,-47935.598,46784.28,835.44116,-53818.13,4337.49,17195.531,1365.8928,7196.457
5801.932,102724.93,12641.633,29442.123,40192.395,187500.0,185635.73,69997.195,153342.03,-32960.797,65364.1,18962.797,-36121.45,-2762.0947,20234.275,-5886.265,22989.977
5801.954,103606.35,14172.75,28384.303,38599.855,187500.0,186931.84,69955.55,154259.7,-34527.41,64833.938,18649.09,-37326.12,12734.37,23314.95,8359.374,21890.137
5801.9766,84677.375,-5736.3296,10164.881,20776.707,179172.8,166734.05,50285.21,134131.69,-49987.152,45845.17,120.18534,-55473.164,20146.857,20168.56,15991.757,5645.4253
5801.999,82105.31,-9096.558,9421.507,20584.617,177856.19,163576.16,48457.934,131320.28,-49916.586,44550.582,-1340.3672,-56052.117,7061.028,17210.016,3963.59,5191.126
5802.0215,99981.39,9540.709,26871.805,37746.555,187500.0,182539.2,67159.37,150269.19,-35023.44,62647.223,16262.19,-38647.555,-3276.453,19463.252,-6244.228,20770.56
5802.044,105859.07,16329.76,30697.396,40950.723,187500.0,187500.0,72354.57,156509.8,-32486.65,67170.99,20876.955,-35006.297,9527.767,23226.771,5312.3394,23971.152
5802.066,87594.945,-2698.124,12650.573,23156.676,181777.42,169807.86,53157.613,137124.28,-47923.33,48531.406,2738.6477,-52994.332,20747.762,20946.805,16429.65,7891.328
5802.0884,80783.97,-10455.789,7785.627,18915.992,176255.23,162169.61,46909.72,129833.13,-51426.223,42945.258,-2894.484,-57705.766,9839.529,17386.482,6577.649,3701.8516
5802.111,96781.96,6071.762,23851.748,34850.19,187500.0,179059.48,63875.473,146800.97,-37491.03,59493.508,13148.369,-41620.45,-3008.3662,18748.846,-5874.575,18145.125
5802.1333,107134.62,17514.826,32175.023,42503.59,187500.0,187500.0,73810.09,157798.77,-31131.064,68627.586,22240.725,-33511.41,6287.814,22911.098,2275.8547,25312.523
5802.1553,90816.53,689.6184,15562.962,25980.104,184756.6,173248.8,56418.73,140499.44,-45477.734,51626.72,5745.762,-50092.9,20581.086,21672.9,16156.578,10506.103
5802.1777,80118.96,-11072.921,6808.5425,17881.33,175364.75,161513.06,46057.023,129096.06,-52393.406,42018.355,-3791.348,-58715.535,12527.014,17707.992,9097.451,2781.6301
5802.2,93344.06,2413.0723,20585.02,31679.977,187500.0,175370.81,60326.56,143120.8,-40222.168,56077.758,9779.426,-44868.36,-1976.6765,18134.463,-4795.053,15261.28
5802.2227,107435.875,17690.244,32831.316,43212.25,187500.0,187500.0,74285.96,158086.84,-30499.918,69161.46,22690.531,-32879.684,3200.725,22400.316,-580.9442,25887.59
5802.245,94334.29,4376.7847,19011.145,29206.555,187500.0,176991.83,60036.32,144208.14,-42681.13,55095.73,9099.038,-46800.664,19625.75,22330.824,15122.588,13474.504
5802.267,80258.414,-10834.629,6865.4727,17574.842,175270.86,161714.5,46029.82,129223.06,-52717.73,41886.637,-3923.357,-58968.266,15020.508,18177.96,11399.346,2560.0796
5802.2896,90045.03,-1074.873,17740.537,28514.412,185810.47,171833.31,56869.992,139580.64,-42961.04,52720.992,6469.288,-48086.9,-332.8175,17658.684,-3156.1558,12408.594
5802.312,106895.21,16963.297,33037.13,43085.312,187500.0,187500.0,73868.5,157461.94,-30579.223,68811.39,22270.006,-33090.504,518.404,21751.334,-3023.9675,25728.355
5802.3345,97966.47,8130.2456,22906.203,32603.572,187500.0,180813.33,63795.477,148008.66,-39747.598,58684.91,12557.903,-43362.184,17926.057,22860.941,13402.129,16570.578
5802.3564,81211.445,-9771.289,7767.5894,17984.014,175966.6,162757.1,46831.22,130187.945,-52416.81,42519.66,-3308.617,-58490.023,17226.623,18767.219,13417.328,2996.721
5802.379,87000.1,-4289.568,14961.119,25455.486,182803.36,168561.36,53629.19,136291.31,-45651.117,49507.19,3312.4392,-51203.914,1881.9053,17337.332,-993.75854,9625.533
5802.4014,105372.586,15196.236,32075.066,41997.164,187500.0,187500.0,72420.95,155787.88,-31496.424,67435.55,20857.04,-34289.496,-1517.4823,20993.52,-4830.1455,24683.77
5802.424,101286.58,11515.418,26356.016,35835.305,187500.0,184267.92,67279.664,151473.16,-36971.375,62008.75,15757.622,-40140.293,15524.562,23191.434,11045.696,19461.33
5802.4463,82874.17,-7978.768,9149.24,19108.15,177379.92,164541.39,48384.734,131908.62,-51488.965,43872.52,-1986.556,-57305.09,18937.473,19443.023,14949.406,4074.7007
5802.4683,84462.84,-6945.4023,12409.868,22802.602,180178.47,165840.75,50880.598,133545.81,-48015.996,46743.96,612.3037,-53907.758,4387.8037,17193.207,1421.0569,7203.878
5802.4907,103119.24,12681.017,30210.574,40169.754,187500.0,185736.83,70189.55,153344.33,-33052.887,65297.96,18716.414,-36227.4,-2789.0286,20210.963,-5907.8794,22980.254
5802.513,104103.01,14354.269,29292.05,38704.24,187500.0,187175.14,70281.55,154408.78,-34510.715,64899.72,18536.146,-37301.957,12646.35,23311.842,8270.324,21994.945
5802.5356,85147.61,-5546.5186,11088.344,20873.982,179412.97,166978.19,50601.402,134288.45,-49985.297,45901.5,-0.26822096,-55460.246,20156.94,20182.129,15992.069,5736.3965
5802.5576,82429.62,-9033.905,10246.845,20569.664,177978.42,163684.39,48640.395,131352.58,-50018.645,44477.38,-1584.6716,-56159.027,7127.971,17205.166,4020.4307,5167.5
5802.58,100236.05,9541.2,27662.61,37694.52,187500.0,182584.12,67285.86,150249.64,-35150.98,62522.68,15973.249,-38790.83,-3287.5393,19429.344,-6253.2134,20709.205
5802.6025,106256.53,16492.324,31647.678,41048.176,187500.0,187500.0,72638.055,156658.12,-32484.281,67198.58,20742.33,-34997.332,9403.849,23207.236,5196.401,24041.783
5802.625,88054.01,-2450.9136,13674.619,23305.518,182068.39,170090.81,53503.64,137352.72,-47881.15,48614.645,2662.607,-52932.555,20711.664,20959.344,16398.736,8006.2607
5802.647,81093.23,-10352.971,8683.496,18923.95,176414.88,162296.78,47100.38,129914.266,-51510.824,42876.1,-3116.4143,-57787.82,9942.705,17393.86,6677.8965,3681.1091
5802.6694,96963.164,6039.397,24645.459,34759.844,187500.0,179047.6,63942.977,146753.67,-37653.37,59308.258,12818.301,-41801.88,-2962.6345,18716.973,-5832.107,18031.332
5802.692,107524.27,17703.209,33176.45,42625.293,187500.0,187500.0,74101.36,157978.05,-31106.566,68657.41,22129.412,-33477.46,6108.6426,22883.672,2104.0144,25389.771
5802.7144,91389.805,1086.9877,16727.621,26245.508,185148.62,173658.5,56888.566,140878.77,-45326.883,51821.715,5807.4307,-49905.883,20518.299,21709.559,16082.885,10725.552
5802.737,80483.09,-10881.299,7772.909,17935.176,175553.36,161706.62,46304.523,129258.11,-52432.367,41994.727,-3932.32,-58740.77,12685.13,17738.324,9237.642,2805.904
5802.759,93515.14,2400.3987,21378.17,31580.803,187500.0,175358.47,60385.766,143080.83,-40389.85,55875.695,9475.263,-45051.508,-1905.978,18102.545,-4722.5664,15135.73
5802.7812,107822.11,17903.033,33796.418,43339.008,187500.0,187500.0,74575.88,158278.97,-30468.693,69182.09,22615.92,-32838.402,3007.226,22366.967,-759.71344,25957.371
5802.8037,94967.984,4868.4116,20101.775,29539.174,187500.0,177488.39,60572.316,144671.73,-42469.637,55345.914,9262.921,-46544.695,19513.164,22368.441,15003.989,13735.684
5802.826,80714.97,-10505.343,7650.578,17720.084,175524.38,162039.62,46374.55,129514.4,-52674.66,41950.047,-3927.671,-58897.68,15159.446,18222.193,11521.967,2646.782
5802.848,90239.85,-1009.0471,18184.396,28446.953,185804.56,171891.5,56955.82,139611.6,-43110.414,52540.48,6237.5674,-48243.56,-210.57579,17642.592,-3037.8481,12280.25
5802.8706,107203.73,17159.545,33526.902,43171.523,187500.0,187500.0,74088.51,157629.92,-30586.084,68777.55,22192.78,-33094.04,370.48016,21714.967,-3163.4202,25731.932
5802.893,98524.57,8614.652,23556.594,32922.285,187500.0,181288.7,64271.973,148458.52,-39553.785,58902.082,12738.975,-43128.273,17802.854,22892.21,13272.041,16785.244
5802.9155,81621.29,-9412.119,8210.824,18152.994,176173.95,163099.61,47150.74,130502.21,-52358.047,42588.01,-3261.3655,-58404.707,17340.84,18810.469,13515.832,3074.1025
5802.938,87139.086,-4199.1777,15124.466,25403.115,182750.52,168630.33,53679.168,136335.58,-45787.84,49329.207,3129.423,-51345.51,2033.6064,17330.537,-853.30023,9490.618
5802.96,105540.11,15323.82,32267.604,42022.133,187500.0,187500.0,72519.64,155874.61,-31559.701,67321.15,20745.416,-34354.207,-1620.4791,20947.006,-4924.4473,24610.01
5802.9824,101796.266,12024.144,26846.95,36185.086,187500.0,184755.64,67733.48,151934.94,-36747.656,62247.465,15999.691,-39867.266,15302.027,23204.152,10831.276,19687.842
5803.005,83328.02,-7495.8594,9533.601,19374.516,177643.64,164994.11,48770.59,132332.03,-51333.688,44049.434,-1793.1687,-57102.918,19033.764,19505.207,15026.2295,4236.7285
5803.0273,84549.164,-6828.9946,12436.377,22746.5,180093.02,165918.7,50896.285,133602.05,-48144.7,46576.254,478.57324,-54032.594,4617.737,17196.896,1628.9728,7061.3857
5803.0493,103154.98,12747.9375,30213.258,40126.145,187500.0,185766.58,70174.87,153362.34,-33165.72,65116.13,18574.727,-36348.098,-2839.141,20150.502,-5958.4614,22836.846
5803.072,104472.8,14785.636,29611.348,38992.016,187500.0,187500.0,70620.73,154795.55,-34341.355,65064.43,18740.219,-37087.87,12458.036,23313.406,8083.5977,22146.064
5803.094,85457.3,-5157.8667,11315.526,21079.104,179583.72,167332.45,50870.96,134629.5,-49883.777,46002.15,149.8014,-55317.73,20269.97,20236.443,16089.992,5824.1494
5803.1167,82440.62,-8951.293,10187.144,20511.996,177872.44,163728.9,48606.91,131390.53,-50141.29,44296.6,-1704.0747,-56281.938,7306.0923,17203.02,4189.0967,5014.2344
5803.139,100226.52,9600.679,27601.588,37662.938,187500.0,182607.64,67244.62,150273.0,-35240.457,62348.94,15862.921,-38892.285,-3343.5527,19376.326,-6303.237,20576.28
5803.161,106534.23,16860.568,31856.623,41297.332,187500.0,187500.0,72895.28,156993.4,-32328.133,67323.55,20929.326,-34809.69,9220.274,23199.613,5016.7153,24164.271
5803.1836,88361.32,-2037.8756,13884.568,23553.889,182271.6,170470.25,53782.277,137732.47,-47724.04,48761.137,2880.8047,-52735.12,20746.846,21003.467,16420.328,8138.136
5803.206,81223.07,-10118.412,8720.823,19005.89,176452.4,162494.92,47195.4,130118.92,-51499.516,42848.945,-3058.0317,-57757.69,10028.849,17401.973,6759.5254,3659.9417
5803.2285,97039.586,6220.4907,24647.738,34815.055,187500.0,179192.73,63988.082,146910.42,-37662.426,59240.754,12846.911,-41800.535,-2976.4255,18694.71,-5836.175,17981.555
5803.2505,107737.0,18033.568,33320.168,42823.887,187500.0,187500.0,74292.0,158286.67,-30996.64,68732.4,22308.338,-33333.83,6003.031,22874.977,2002.8951,25457.273
5803.273,91633.195,1455.9703,16891.123,26456.889,185303.08,173996.95,57106.227,141228.77,-45205.824,51923.84,6022.812,-49743.05,20550.307,21735.955,16096.967,10802.845
5803.2954,80592.77,-10651.501,7811.466,18016.424,175595.48,161906.19,46383.36,129476.89,-52420.562,41963.324,-3838.9348,-58706.438,12764.165,17740.715,9302.081,2761.6924
5803.318,93548.78,2548.0767,21363.732,31609.479,187500.0,175475.7,60391.645,143228.03,-40421.477,55778.42,9512.3,-45073.926,-1858.3018,18086.81,-4682.959,15032.868
5803.3403,107892.3,18084.754,33837.164,43425.062,187500.0,187500.0,74626.914,158470.36,-30455.416,69131.35,22707.07,-32809.746,2978.3254,22348.93,-788.4578,25887.59
5803.3623,95093.96,5103.82,20198.982,29675.43,187500.0,177689.89,60679.805,144927.03,-42405.64,55355.258,9423.787,-46459.2,19507.688,22374.365,14998.334,13709.756
5803.385,80831.6,-10285.424,7740.9907,17833.922,175603.55,162224.38,46466.617,129763.35,-52613.973,41947.543,-3765.5762,-58823.582,15161.301,18224.25,11526.885,2607.3088
5803.407,90344.66,-802.24884,18269.514,28544.967,185871.36,172058.97,57033.426,139852.2,-43054.535,52526.11,6404.3784,-48176.414,-196.15892,17643.775,-3021.4866,12224.393
5803.4297,107299.06,17354.363,33613.516,43269.85,187500.0,187500.0,74160.414,157863.98,-30540.174,68755.24,22371.416,-33030.6,361.09244,21707.547,-3166.9963,25651.623
5803.4517,98677.44,8865.284,23700.518,33070.836,187500.0,181496.8,64404.562,148754.47,-39461.918,58937.598,12994.857,-43012.113,17777.707,22898.246,13254.495,16735.6
5803.474,81742.26,-9200.56,8317.821,18254.402,176278.27,163268.16,47244.637,130766.06,-52297.137,42585.305,-3021.196,-58328.8,17374.37,18820.527,13552.958,2978.1912
5803.4966,87211.305,-4043.4753,15190.09,25456.559,182805.6,168741.69,53721.234,136551.8,-45760.93,49279.094,3345.341,-51313.953,2059.0203,17325.418,-825.3382,9342.427
5803.519,105627.15,15491.905,32357.771,42099.87,187500.0,187500.0,72578.24,156110.36,-31513.367,67289.45,21000.94,-34301.746,-1633.9573,20938.064,-4937.657,24461.996
5803.5415,101897.07,12201.862,26959.646,36277.645,187500.0,184890.28,67806.72,152188.7,-36692.18,62229.43,16290.242,-39804.01,15329.699,23210.209,10850.543,19530.709
5803.5635,83385.266,-7373.7515,9618.314,19422.191,177704.03,165078.6,48798.754,132543.95,-51309.324,43991.344,-1523.182,-57081.24,19072.14,19505.564,15057.768,4033.417
5803.586,84627.016,-6694.5933,12551.601,22810.246,180170.95,166020.47,50943.383,133836.9,-48098.676,46535.617,786.3791,-53991.957,4609.7793,17192.984,1614.7124,6868.3784
5803.6084,103258.31,12904.602,30359.662,40214.098,187500.0,185892.0,70245.34,153622.45,-33099.0,65100.773,18932.062,-36281.71,-2857.1343,20152.938,-5974.8003,22649.047
5803.631,104632.74,14998.155,29814.703,39130.53,187500.0,187500.0,70744.8,155110.52,-34231.184,65101.89,19173.574,-36974.125,12411.209,23320.426,8043.3423,21985.244
5803.653,85679.78,-4882.404,11577.511,21257.986,179785.11,167576.81,51052.348,135010.53,-49729.996,46096.766,659.01886,-55156.527,20244.021,20261.545,16065.07,5700.6113
5803.6753,82615.83,-8727.73,10405.587,20632.74,178022.77,163923.69,48735.926,131724.62,-50040.016,44341.48,-1224.1827,-56177.69,7365.0347,17234.424,4237.019,4829.0054
5803.6978,100306.79,9717.891,27740.258,37705.117,187500.0,182699.11,67279.016,150507.14,-35216.562,62308.285,16285.861,-38873.91,-3284.0525,19389.156,-6249.235,20288.88
5803.72,106672.23,17029.102,32063.98,41410.41,187500.0,187500.0,72993.625,157285.61,-32250.348,67350.03,21444.71,-34729.56,9161.892,23206.566,4967.9883,23907.672
5803.7427,88570.6,-1799.4272,14156.41,23721.527,182459.22,170694.88,53948.797,138099.48,-47593.55,48858.277,3483.5864,-52597.387,20741.84,21038.715,16414.094,7924.744
5803.7646,81285.68,-10038.214,8851.828,19027.93,176498.11,162563.9,47209.41,130332.07,-51491.625,42806.633,-2577.9834,-57764.15,10170.805,17433.758,6884.8516,3311.2546
5803.787,96952.93,6131.0615,24653.238,34723.277,187500.0,179095.12,63859.67,146963.06,-37754.715,59070.926,13213.077,-41929.348,-2886.1692,18683.31,-5754.099,17515.14
5803.8096,107787.89,18072.014,33470.73,42885.355,187500.0,187500.0,74314.75,158478.97,-30959.045,68719.63,22835.795,-33314.38,5899.609,22863.197,1911.8119,25114.533
5803.832,91828.03,1639.791,17167.973,26636.283,185488.95,174186.53,57273.33,141574.53,-45055.664,52055.76,6698.4155,-49597.652,20508.42,21774.088,16060.31,10577.427
5803.854,80689.266,-10574.969,7983.842,18081.803,175678.5,161993.0,46439.863,129720.09,-52356.84,41997.79,-3255.621,-58665.555,12863.898,17784.346,9398.641,2453.5288
5803.8765,93532.266,2497.5618,21437.068,31575.416,187500.0,175443.23,60330.6,143345.92,-40437.035,55710.094,9995.254,-45131.125,-1808.0997,18092.6,-4629.5386,14643.835
5803.899,108041.766,18201.988,34078.453,43558.723,187500.0,187500.0,74740.414,158755.03,-30331.05,69237.234,23362.045,-32700.244,2841.488,22355.857,-917.8968,25645.678
5803.9214,95377.67,5367.347,20551.492,29912.627,187500.0,178011.0,60925.516,145352.64,-42199.984,55587.0,10200.912,-46244.58,19493.986,22436.348,14976.586,13564.671
5803.944,80894.99,-10247.382,7871.9043,17856.229,175610.08,162325.81,46485.28,129963.68,-52599.11,41964.73,-3208.3694,-58826.49,15335.332,18271.86,11687.258,2274.4243
5803.966,90216.14,-972.5468,18224.832,28418.723,185701.94,171978.4,56863.645,139850.48,-43171.68,52373.78,6779.3735,-48340.23,-80.48864,17640.914,-2908.7668,11754.917
5803.9883,107267.81,17278.658,33664.387,43266.184,187500.0,187500.0,74098.72,157959.83,-30548.936,68720.39,22844.088,-33076.938,282.1461,21695.766,-3236.3538,25296.766
5804.0107,98825.516,8981.9375,23897.86,33231.254,187500.0,181783.58,64523.63,149044.12,-39325.93,59088.113,13629.558,-42887.457,17707.947,22933.404,13181.227,16548.852
5804.033,81849.34,-9115.959,8443.595,18363.033,176302.77,163518.36,47317.215,131032.766,-52201.496,42699.723,-2443.627,-58248.49,17432.527,18869.076,13595.024,2774.3433
5804.055,87204.76,-4071.0796,15189.777,25467.266,182716.95,168900.17,53676.17,136716.48,-45755.387,49290.875,3800.0427,-51336.258,2135.9326,17353.135,-757.41125,9065.958
5804.0776,105639.35,15486.921,32368.5,42147.992,187500.0,187500.0,72555.83,156303.39,-31482.23,67335.414,21467.467,-34291.176,-1681.2535,20946.246,-4978.7173,24227.996
5804.1,102098.1,12407.074,27130.75,36503.375,187500.0,185346.28,67978.31,152598.86,-36512.45,62471.566,16926.932,-39613.04,15230.055,23254.398,10757.358,19473.734
5804.1226,83546.58,-7189.2373,9718.048,19594.97,177777.44,165482.5,48923.188,132945.94,-51178.97,44191.367,-951.5138,-56942.59,19135.643,19569.49,15115.569,3957.8457
5804.145,84592.26,-6701.5225,12448.76,22809.867,180049.34,166252.42,50865.375,134060.58,-48121.72,46552.72,1152.456,-54032.637,4737.1846,17224.836,1740.508,6659.233
5804.167,103219.15,12895.996,30251.545,40239.355,187500.0,186167.03,70169.68,153853.34,-33098.64,65133.406,19283.656,-36300.934,-2916.344,20147.842,-6018.677,22481.81
5804.1895,104909.99,15332.158,29982.967,39452.574,187500.0,187500.0,70994.16,155687.52,-33978.43,65452.727,19809.37,-36690.973,12205.35,23360.725,7845.82,22106.21
5804.212,85974.47,-4504.9946,11705.431,21562.908,180010.55,168219.6,51305.613,135633.92,-49497.74,46447.754,1271.7697,-54888.332,20286.734,20345.877,16091.759,5837.1807
5804.2344,82632.73,-8621.313,10246.0625,20682.07,177981.33,164304.55,48700.9,132083.08,-50041.51,44416.742,-907.0785,-56178.785,7536.6733,17276.535,4403.965,4749.9023
5804.2563,100203.234,9706.626,27486.857,37685.2,187500.0,182982.56,67134.38,150750.08,-35283.84,62285.465,16470.576,-38958.066,-3267.311,19376.752,-6220.692,20162.861
5804.279,106826.09,17300.406,32067.287,41653.84,187500.0,187500.0,73124.63,157806.3,-32097.262,67593.305,21853.615,-34553.16,8991.079,23220.268,4804.195,24035.412
5804.3013,88778.65,-1449.1978,14179.589,23994.219,182645.88,171317.39,54128.37,138698.52,-47416.41,49143.977,3903.263,-52387.17,20769.71,21107.066,16434.164,8110.889
5804.3237,81232.164,-9948.024,8612.708,19059.982,176436.95,162929.22,47117.793,130678.445,-51532.04,42829.43,-2444.521,-57804.07,10338.151,17468.58,7045.024,3296.793
5804.3457,96764.17,6080.189,24307.053,34666.19,187500.0,179330.42,63638.188,147173.38,-37872.285,58976.066,13200.829,-42068.176,-2857.76,18661.338,-5717.3306,17432.281
5804.368,107852.94,18293.697,33385.438,43089.047,187500.0,187500.0,74361.914,158955.42,-30853.947,68889.04,23052.049,-33189.324,5700.8574,22859.71,1723.3196,25282.35
5804.3906,92038.48,2033.517,17193.922,26951.13,185709.0,174861.23,57459.92,142213.19,-44862.168,52353.777,7011.005,-49354.688,20477.977,21838.416,16025.485,10872.962
5804.413,80633.234,-10445.932,7732.8325,18141.08,175654.11,162395.17,46348.355,130092.59,-52399.4,42021.707,-3237.7173,-58688.914,13042.757,17821.473,9571.442,2529.2788
5804.4355,93236.22,2371.6096,20973.738,31447.52,187500.0,175591.38,60006.3,143468.95,-40641.418,55519.344,9775.514,-45350.395,-1699.7161,18066.156,-4512.84,14559.457
5804.4575,107924.59,18257.6,33837.547,43632.797,187500.0,187500.0,74615.9,159034.2,-30356.621,69250.33,23313.562,-32713.053,2667.9937,22321.168,-1066.357,25757.37
5804.48,95534.78,5709.7534,20683.59,30211.156,187500.0,178615.89,61073.777,145751.5,-42026.848,55855.98,10381.134,-46016.344,19380.596,22478.502,14866.348,13909.223
5804.5024,80881.086,-10093.355,7981.987,17944.832,175644.36,162724.22,46440.8,129930.16,-52601.613,42035.477,-3239.3489,-58797.094,15491.19,18322.867,11833.215,2462.5588
5804.525,89921.5,-1141.7943,18216.137,28237.652,185455.8,172036.22,56532.01,139281.27,-43390.215,52165.777,6455.251,-48570.273,95.33019,17630.7,-2738.0664,11733.258
5804.547,107135.31,17240.996,33953.26,43243.32,187500.0,187500.0,73946.84,157336.45,-30613.398,68679.71,22647.525,-33132.15,120.96765,21656.404,-3382.6685,25457.945
5804.5693,99081.95,9328.121,24622.168,33516.64,187500.0,182326.16,64760.56,148632.27,-39114.15,59402.918,13746.837,-42606.43,17542.453,22981.46,13020.964,17033.75
5804.592,81922.1,-8982.608,9002.523,18404.316,176306.56,163820.39,47342.895,130267.07,-52191.035,42790.9,-2573.6248,-58192.855,17619.166,18933.65,13775.626,3076.226
5804.6143,86927.81,-4340.7534,15450.6,25170.277,182364.86,168785.6,53342.26,135449.6,-46021.484,49029.65,3297.5305,-51610.0,2362.8254,17340.908,-528.127,9084.644
5804.6367,105476.63,15294.875,32775.277,41974.77,187500.0,187500.0,72354.7,155062.64,-31609.904,67206.46,21068.041,-34420.234,-1810.6478,20891.64,-5085.693,24387.832
5804.6587,102385.66,12667.315,27900.05,36714.31,187500.0,185757.02,68234.42,151819.62,-36294.92,62774.45,16933.525,-39330.668,15016.484,23287.635,10547.654,20001.17
5804.681,83736.81,-7034.787,10241.413,19653.062,177785.67,165766.27,49057.812,132138.86,-51087.395,44366.336,-1081.0868,-56796.32,19278.828,19640.568,15243.176,4359.462
5804.7036,84427.414,-6926.8726,12505.645,22543.01,179716.03,166140.27,50637.344,133025.78,-48312.137,46381.145,671.06647,-54217.22,4962.6016,17227.338,1957.4316,6756.5747
5804.726,103011.39,12615.683,30211.625,39981.35,187500.0,185988.92,69918.02,152922.69,-33271.195,64956.582,18781.457,-36477.27,-2945.8706,20101.127,-6038.458,22587.422
5804.748,105000.54,15370.021,30184.826,39490.19,187500.0,187500.0,71058.77,155199.31,-33900.51,65588.89,19602.213,-36566.99,12036.37,23364.525,7687.056,22470.232
5804.7705,86044.74,-4473.7246,11827.739,21561.455,179919.81,168327.92,51340.016,135235.97,-49455.72,46560.34,1032.7177,-54799.19,20341.541,20389.084,16145.738,6159.5376
5804.793,82457.78,-8842.239,10110.097,20462.152,177655.7,164151.8,48484.47,131520.75,-50190.484,44299.664,-1379.9744,-56310.773,7685.916,17281.496,4545.8086,4864.969
5804.8154,99976.09,9425.061,27308.826,37449.008,187500.0,182765.44,66876.664,150208.67,-35431.34,62145.008,15968.443,-39102.86,-3279.2246,19343.223,-6228.2246,20268.787
5804.838,106872.836,17305.592,32157.879,41685.426,187500.0,187500.0,73152.04,157612.36,-32014.873,67736.2,21625.85,-34426.938,8804.644,23222.37,4631.7734,24379.674
5804.86,88916.766,-1341.6636,14396.446,24079.803,182641.84,171483.12,54232.35,138577.33,-47296.695,49357.215,3744.1409,-52208.355,20762.715,21157.156,16419.613,8495.854
5804.8823,81188.49,-10035.89,8814.165,18951.957,176232.39,162895.02,47023.87,130187.6,-51580.05,42848.855,-2791.8447,-57819.805,10472.105,17496.432,7169.613,3498.4058
5804.905,96623.086,5868.3164,24580.729,34463.93,187500.0,179169.02,63446.68,146378.33,-37984.96,58899.332,12761.796,-42171.465,-2801.8137,18650.81,-5661.0713,17553.271
5804.9272,107941.31,18297.654,33999.754,43084.44,187500.0,187500.0,74406.52,158213.03,-30782.848,69030.234,22831.168,-33081.363,5565.339,22863.734,1597.1886,25583.896
5804.949,92281.17,2185.0618,18014.256,27035.62,185707.08,175063.53,57646.56,141468.83,-44706.375,52615.023,6917.0156,-49143.688,20440.984,21887.031,15987.019,11250.841
5804.9717,80735.42,-10456.303,8457.162,18050.398,175457.42,162432.9,46375.156,129069.59,-52391.508,42115.16,-3487.0732,-58647.652,13160.193,17857.078,9678.597,2738.29
5804.994,93221.8,2215.5945,21630.969,31235.312,187500.0,175481.42,59911.508,142212.06,-40726.492,55486.062,9411.784,-45425.387,-1626.2906,18062.691,-4442.6777,14657.627
5805.0166,108083.78,18260.639,34677.414,43572.85,187500.0,187500.0,74703.445,157880.19,-30297.88,69380.375,23121.271,-32624.92,2546.6238,22317.256,-1179.7028,25991.682
5805.039,95852.98,5878.576,21550.816,30270.365,187500.0,178833.1,61317.902,144841.39,-41863.39,56128.07,10341.393,-45799.152,19340.652,22525.105,14824.08,14239.938
5805.061,81040.5,-10081.889,8523.547,17847.22,175429.8,162777.17,46516.64,129040.195,-52585.99,42137.89,-3431.0151,-58747.742,15601.787,18354.65,11939.609,2623.089
5805.0835,89951.47,-1261.5773,18517.572,28044.422,185156.47,171957.92,56481.965,138433.4,-43460.668,52147.336,6162.5996,-48630.29,162.29602,17625.268,-2668.329,11780.286
5805.106,107246.375,17211.246,34250.67,43152.95,187500.0,187500.0,73987.945,156726.61,-30591.807,68755.46,22475.887,-33093.367,56.63932,21649.924,-3439.5981,25570.865
5805.1284,99313.14,9442.741,24962.518,33547.555,187500.0,182480.11,64925.27,148281.34,-38996.668,59599.164,13725.603,-42453.387,17492.162,23004.44,12966.113,17221.326
5805.1504,82107.555,-8893.134,9249.51,18397.812,176205.38,163943.64,47457.516,129980.76,-52118.836,42940.477,-2612.673,-58089.77,17654.639,18959.78,13801.241,3203.4968
5805.173,87017.96,-4336.0596,15590.969,25092.203,182199.05,168822.89,53362.914,135148.73,-46015.426,49094.2,3199.2275,-51586.977,2424.181,17353.783,-471.24185,9132.544
5805.1953,105557.97,15296.954,32932.188,41908.94,187500.0,187500.0,72374.33,154788.3,-31595.756,67271.95,20992.514,-34390.24,-1817.5098,20891.707,-5094.008,24437.7
5805.218,102551.91,12764.434,28215.748,36735.074,187500.0,185891.66,68344.28,151581.52,-36216.42,62922.707,16957.664,-39221.055,14979.269,23301.113,10509.746,20116.996
5805.24,83878.08,-6960.8696,10648.7295,19643.408,177711.14,165870.53,49138.523,131745.33,-51040.457,44483.082,-1072.3696,-56721.375,19316.469,19662.586,15274.96,4445.8296
5805.262,84484.26,-6953.8735,12973.668,22445.197,179550.9,166143.48,50627.953,132350.44,-48333.773,46408.324,606.2017,-54226.047,5037.2563,17239.9,2023.6823,6773.0034
5805.2847,103078.13,12576.567,30808.217,39881.55,187500.0,185982.5,69921.82,152061.17,-33273.543,64988.547,18735.1,-36473.29,-2965.7861,20096.701,-6055.6465,22626.627
5805.307,105248.086,15502.1875,31035.824,39533.4,187500.0,187500.0,71246.26,154350.17,-33772.613,65779.98,19724.5,-36407.797,11915.515,23378.986,7575.856,22658.322
5805.3296,86326.6,-4319.72,12749.346,21592.3,179907.28,168517.02,51549.785,134265.8,-49338.1,46752.543,1170.0692,-54641.68,20362.955,20428.803,16160.4,6360.301
5805.3516,82596.07,-8858.02,10920.795,20333.473,177471.39,164170.5,48537.91,130269.26,-50203.9,44329.637,-1388.2445,-56307.777,7822.753,17304.363,4674.063,4936.942
5805.374,100038.055,9302.261,28082.375,37248.36,187500.0,182682.52,66856.055,148767.78,-35486.727,62100.66,15898.729,-39160.887,-3238.8125,19333.277,-6180.1235,20290.893
5805.3965,107131.375,17367.26,33137.49,41660.277,187500.0,187500.0,73338.516,156281.9,-31907.629,67880.016,21750.953,-34296.67,8682.736,23221.877,4517.5786,24567.027
5805.419,89270.81,-1185.492,15388.618,24110.693,182611.62,171686.86,54510.7,137338.4,-47129.816,49583.547,3962.0032,-52003.1,20757.396,21197.926,16405.398,8756.318
5805.4414,81427.39,-9998.048,9514.088,18865.969,176073.9,162979.3,47180.758,128981.98,-51513.598,42956.68,-2677.8733,-57729.504,10553.198,17526.963,7243.3735,3661.9534
5805.4634,96779.59,5823.5684,25057.715,34322.31,187500.0,179176.8,63526.52,145262.5,-37958.227,58947.277,12828.382,-42134.426,-2783.664,18657.36,-5634.8975,17670.307
5805.486,108177.57,18346.693,34456.42,43043.72,187500.0,187500.0,74578.81,157337.44,-30670.865,69178.07,23008.148,-32942.516,5486.4146,22875.76,1533.8662,25786.023
5805.5083,92566.58,2305.7615,18435.988,27051.445,185658.83,175238.81,57871.484,140780.6,-44556.527,52817.73,7161.7227,-48952.938,20431.328,21925.408,15975.552,11504.398
5805.531,80928.99,-10412.65,8727.193,17996.643,175337.7,162525.95,46508.594,128398.06,-52311.332,42236.863,-3309.7793,-58534.84,13217.012,17889.578,9730.072,2933.4207
5805.5527,93321.64,2176.1436,21769.125,31123.555,187500.0,175487.75,59957.22,141541.27,-40694.727,55538.117,9530.65,-45374.715,-1575.4404,18078.406,-4398.2427,14800.924
5805.575,108201.984,18255.766,34808.906,43511.047,187500.0,187500.0,74777.836,157317.33,-30227.986,69470.67,23283.479,-32531.512,2504.625,22325.84,-1218.9749,26172.06
5805.5977,96045.65,5970.5757,21725.248,30292.963,187500.0,178964.77,61471.793,144433.19,-41729.01,56301.273,10588.268,-45626.594,19280.527,22547.055,14770.078,14498.437
5805.62,81192.67,-10014.5205,8630.925,17840.092,175426.58,162876.14,46629.72,128652.8,-52484.402,42277.434,-3212.5269,-58609.945,15634.509,18383.506,11969.2705,2863.996
5805.6426,89979.7,-1311.1981,18504.34,27940.598,185061.19,171929.19,56474.992,137968.89,-43444.24,52179.39,6278.0464,-48593.41,238.09079,17638.746,-2599.0833,11935.921
5805.6646,107292.24,17191.465,34273.45,43095.93,187500.0,187500.0,74014.52,156328.31,-30536.262,68826.25,22631.434,-33012.92,-13.45575,21641.385,-3507.7935,25759.67
5805.687,99526.484,9614.492,25148.193,33652.965,187500.0,182662.67,65127.484,148094.67,-38808.285,59840.832,14054.039,-42212.145,17401.28,23034.19,12873.331,17551.125
5805.7095,82235.67,-8795.233,9344.192,18416.79,176224.58,164046.14,47567.176,129724.74,-52010.68,43095.707,-2363.0713,-57939.21,17732.713,19002.695,13868.14,3455.0657
5805.732,86967.6,-4416.8394,15534.218,24963.346,182057.8,168740.0,53295.055,134714.36,-46036.035,49084.344,3292.7249,-51593.46,2525.412,17368.2,-370.1449,9241.53
5805.754,105534.01,15248.808,32949.6,41836.14,187500.0,187500.0,72348.05,154368.28,-31560.193,67311.36,21135.945,-34341.89,-1897.8197,20885.338,-5153.9326,24587.902
5805.7764,102746.34,12955.385,28478.94,36869.965,187500.0,186081.4,68543.32,151349.45,-36009.914,63176.848,17314.354,-38968.637,14841.895,23333.232,10380.106,20441.41
5805.799,84034.984,-6797.2104,10885.3,19723.383,177777.47,166023.38,49291.992,131430.94,-50888.418,44682.613,-762.44037,-56528.5,19358.557,19717.66,15314.344,4720.8677
5805.8213,84462.484,-6973.4985,13062.539,22363.346,179446.62,166111.03,50601.734,131813.78,-48330.91,46423.12,742.1226,-54208.883,5139.717,17264.957,2128.3108,6893.569
5805.8438,103002.41,12498.358,30882.826,39776.25,187500.0,185893.45,69852.17,151442.88,-33290.82,64961.633,18833.447,-36488.98,-2970.994,20089.525,-6053.389,22711.184
5805.8657,105320.04,15579.167,31272.527,39575.62,187500.0,187500.0,71333.54,153862.38,-33663.715,65904.07,19971.018,-36277.355,11841.15,23389.291,7496.843,22859.756
5805.888,86411.83,-4224.39,12995.483,21632.154,179912.19,168606.7,51646.523,133770.58,-49231.484,46879.254,1419.3135,-54512.754,20392.258,20463.672,16176.695,6555.8784
5805.9106,82585.34,-8862.423,11076.542,20280.924,177379.27,164159.62,48536.21,129659.64,-50177.633,44355.543,-1238.3761,-56273.78,7859.387,17320.791,4705.6235,5049.9077
5805.933,100023.57,9293.409,28242.86,37197.664,187500.0,182666.44,66854.24,148147.66,-35456.82,62122.92,16039.835,-39129.95,-3263.0642,19336.629,-6206.208,20405.31
5805.955,107210.945,17460.803,33401.26,41694.656,187500.0,187500.0,73435.57,155746.8,-31808.969,67993.086,21975.588,-34181.023,8615.524,23236.695,4446.813,24755.922
5805.9775,89357.12,-1080.4833,15662.985,24136.912,182608.23,171783.0,54610.273,136790.08,-47045.773,49688.22,4177.608,-51895.855,20768.303,21225.375,16409.555,8933.77
5806.0,81397.125,-10016.689,9686.465,18782.977,175959.52,162950.05,47160.125,128296.984,-51532.13,42938.62,-2583.2808,-57739.383,10641.309,17542.879,7321.47,3736.7424
5806.0225,96677.31,5723.0303,25181.9,34186.48,187500.0,179065.7,63439.258,144498.1,-38022.668,58861.58,12851.985,-42206.22,-2755.5232,18646.184,-5615.5186,17694.402
5806.0444,108220.24,18395.242,34724.977,43050.246,187500.0,187500.0,74646.07,156728.27,-30613.332,69237.234,23166.422,-32878.723,5362.631,22868.361,1411.2668,25932.54
5806.067,92718.52,2473.4219,18785.012,27141.68,185772.2,175398.19,58044.22,140295.23,-44428.117,52975.492,7409.7153,-48802.04,20374.152,21958.11,15920.32,11726.821
5806.0894,80964.22,-10364.706,8948.946,17967.072,175355.97,162563.72,46555.242,127804.805,-52292.535,42267.867,-3189.46,-58508.17,13288.738,17921.518,9797.754,3044.9336
5806.112,93237.02,2094.7832,21896.105,30995.748,187500.0,175398.14,59884.863,140833.05,-40765.492,55451.863,9527.968,-45461.93,-1532.2568,18079.947,-4353.36,14815.497
5806.1343,108238.17,18298.682,35077.867,43511.496,187500.0,187500.0,74836.82,156741.8,-30190.592,69510.52,23389.426,-32502.879,2391.324,22322.555,-1332.1864,26291.262
5806.1562,96231.55,6176.212,22134.51,30418.559,187500.0,179183.75,61679.062,144018.89,-41592.887,56472.844,10817.083,-45477.4,19227.33,22587.959,14698.084,14723.006
5806.1787,81248.28,-9940.246,8903.416,17829.63,175440.77,162974.31,46693.625,128113.52,-52471.414,42302.133,-3125.9363,-58599.684,15732.186,18423.047,12046.607,2967.0154
5806.201,89879.34,-1404.0472,18633.713,27802.754,184932.27,171875.38,56379.06,137280.25,-43545.246,52051.426,6210.544,-48725.957,306.42007,17639.53,-2533.034,11920.052
5806.2236,107283.08,17189.43,34504.836,43067.68,187500.0,187500.0,74018.08,155745.8,-30546.365,68798.06,22649.002,-33054.05,-126.10854,21626.7,-3607.8845,25836.47
5806.2456,99698.04,9804.415,25536.846,33782.72,187500.0,182929.95,65311.953,147712.52,-38687.9,59985.65,14231.669,-42096.07,17284.916,23056.63,12759.359,17775.629
5806.268,82342.96,-8667.313,9640.956,18465.738,176322.66,164250.03,47678.33,129299.08,-51963.74,43167.434,-2261.125,-57897.277,17765.48,19036.715,13899.768,3621.4297
5806.2905,86935.195,-4440.3086,15681.135,24886.5,182027.83,168798.83,53260.7,134170.6,-46104.477,49021.242,3250.592,-51686.02,2586.611,17374.748,-316.9254,9296.493
5806.313,105522.41,15222.276,33087.375,41779.906,187500.0,187500.0,72322.79,153878.77,-31613.658,67264.87,21088.246,-34428.1,-1936.6,20875.28,-5195.663,24657.418
5806.3354,102873.8,13044.725,28692.018,36918.09,187500.0,186274.23,68636.73,151053.86,-35972.43,63253.133,17364.98,-38949.395,14760.445,23346.242,10298.969,20606.186
5806.3574,84189.37,-6711.76,11053.251,19759.48,177877.78,166214.89,49378.426,131208.19,-50860.48,44764.89,-721.22375,-56513.594,19367.7,19746.852,15312.421,4888.193
5806.38,84563.43,-6968.648,13129.035,22332.701,179483.08,166221.39,50608.64,131575.83,-48359.543,46444.78,710.9643,-54260.312,5195.909,17286.28,2170.2874,7009.373
5806.4023,103116.0,12503.745,30940.248,39757.7,187500.0,186014.44,69864.83,151258.16,-33305.305,65001.914,18800.434,-36533.348,-2987.1096,20096.633,-6073.9526,22834.855
5806.425,105594.85,15746.268,31461.443,39700.746,187500.0,187500.0,71504.805,153882.92,-33557.098,66107.92,20082.217,-36177.887,11743.786,23417.275,7399.076,23104.775
5806.447,86714.05,-4038.8484,13161.557,21754.977,180107.86,168902.22,51826.926,133852.28,-49130.23,47097.094,1538.6494,-54410.586,20423.662,20517.092,16197.08,6801.0996
5806.469,82730.78,-8850.666,11067.534,20252.0,177421.2,164275.25,48544.95,129606.63,-50214.312,44418.527,-1279.1681,-56330.105,8005.0312,17357.963,4836.6494,5150.9375
5806.4917,100082.06,9208.539,28165.68,37113.195,187500.0,182690.97,66781.02,148027.77,-35536.46,62126.92,15926.064,-39247.61,-3224.485,19334.014,-6172.6133,20450.617
5806.514,107499.06,17616.842,33546.684,41835.047,187500.0,187500.0,73602.71,155894.19,-31688.672,68244.19,22088.822,-34070.676,8489.215,23256.41,4313.1265,25000.896
5806.5366,89750.28,-813.2012,15863.011,24340.357,182886.11,172157.44,54867.97,137075.19,-46860.68,50039.543,4378.5054,-51703.92,20802.994,21300.432,16419.19,9261.894
5806.5586,81606.9,-9945.119,9676.92,18793.773,176056.12,163124.92,47215.023,128413.53,-51509.44,43105.074,-2574.9211,-57731.63,10818.781,17598.559,7473.798,3907.219
5806.581,96758.67,5660.155,25057.893,34090.3,187500.0,179107.64,63368.38,144506.55,-38076.51,58920.97,12739.422,-42298.266,-2636.4778,18659.932,-5510.1523,17777.998
5806.6035,108502.5,18549.021,34815.277,43153.4,187500.0,187500.0,74792.875,156973.94,-30481.88,69516.805,23252.521,-32759.365,5306.1255,22891.674,1340.4565,26199.955
5806.626,93143.21,2783.3735,18990.715,27345.951,186017.67,175805.7,58325.402,140713.56,-44199.168,53392.46,7620.582,-48559.77,20476.322,22044.05,15978.524,12109.595
5806.648,81168.82,-10284.44,8929.054,17950.576,175377.03,162728.12,46599.21,128013.72,-52252.746,42468.63,-3200.5686,-58478.645,13572.852,17985.422,10030.257,3246.7473
5806.6704,93270.7,1992.8816,21730.121,30844.94,187500.0,175377.62,59760.723,140883.92,-40825.375,55514.83,9369.65,-45559.832,-1311.4663,18088.486,-4168.578,14911.855
5806.693,108455.94,18390.928,35108.22,43553.965,187500.0,187500.0,74914.586,157004.88,-30064.35,69787.71,23436.252,-32392.014,2369.911,22330.668,-1371.749,26572.492
5806.7153,96683.01,6516.361,22362.63,30643.998,187500.0,179597.22,61986.375,144540.98,-41290.938,56985.504,11094.378,-45153.676,19289.133,22668.895,14728.102,15196.505
5806.738,81548.24,-9759.107,8958.781,17878.424,175534.27,163207.36,46829.97,128484.266,-52313.656,42668.41,-2998.3748,-58433.473,16013.817,18506.553,12287.179,3307.2537
5806.76,89983.12,-1430.7129,18510.621,27677.74,184846.56,171889.27,56318.04,137449.72,-43524.258,52251.652,6170.244,-48722.09,580.4972,17675.605,-2298.5642,12111.852
5806.782,107467.39,17247.254,34474.77,43040.23,187500.0,187500.0,74053.93,156005.14,-30422.537,69111.5,22719.008,-32935.81,-39.741405,21648.135,-3547.49,26118.125
5806.8047,100088.48,10080.995,25688.414,33937.01,187500.0,183236.31,65556.98,148191.9,-38401.215,60509.305,14509.367,-41781.38,17382.348,23134.861,12825.454,18224.764
5806.827,82623.05,-8507.678,9658.167,18492.717,176442.28,164426.66,47793.15,129663.62,-51784.5,43576.023,-2100.93,-57702.305,18049.014,19121.092,14138.864,3969.245
5806.849,87025.13,-4478.91,15526.931,24746.557,181972.36,168769.52,53181.527,134337.98,-46056.574,49259.56,3237.628,-51648.65,2883.7327,17416.232,-55.901714,9507.605
5806.8716,105645.55,15240.27,33010.016,41708.223,187500.0,187500.0,72307.34,154095.31,-31487.17,67576.14,21144.371,-34305.344,-1828.8197,20892.58,-5109.8325,24940.1
5806.894,103214.52,13326.513,28845.283,37061.945,187500.0,186563.27,68870.82,151518.97,-35648.375,63806.945,17666.91,-38585.91,14817.956,23415.264,10332.944,21099.78
5806.9165,84426.57,-6505.1626,11106.8955,19796.74,178055.77,166409.78,49518.816,131586.0,-50614.633,45234.59,-493.07947,-56229.66,19633.17,19835.12,15550.512,5320.4756
5806.939,84574.18,-6979.377,12992.131,22178.832,179470.77,166195.66,50535.46,131728.7,-48266.223,46724.336,756.0701,-54152.176,5497.2104,17330.045,2446.2422,7296.8164
5806.961,103094.65,12471.245,30805.914,39610.38,187500.0,185965.05,69781.68,151377.16,-33191.914,65283.434,18851.508,-36408.984,-2833.732,20111.63,-5936.5786,23157.28
5806.9834,105729.19,15887.53,31495.463,39712.01,187500.0,187500.0,71592.17,154144.62,-33298.22,66555.2,20304.014,-35885.06,11808.829,23463.812,7450.083,23614.193
5807.006,86862.44,-3875.882,13212.027,21767.47,180366.27,169038.16,51923.15,134105.22,-48852.29,47564.74,1789.9501,-54095.67,20588.662,20592.977,16339.482,7394.5386
5807.0283,82769.74,-8800.6875,11024.172,20166.08,177598.94,164297.4,48528.746,129726.84,-50015.406,44784.74,-1115.1733,-56102.23,8203.783,17416.658,5015.7764,5719.879
5807.0503,100071.16,9201.208,28101.977,37001.504,187500.0,182661.88,66723.24,148077.81,-35364.105,62449.39,16049.514,-39047.742,-3102.914,19370.314,-6060.363,21010.35
5807.0728,107583.59,17702.182,33597.89,41825.01,187500.0,187500.0,73650.59,156024.23,-31436.186,68661.164,22287.574,-33770.58,8526.274,23311.664,4351.84,25654.46
5807.095,89854.195,-717.02167,15931.005,24339.084,183159.92,172242.3,54932.363,137208.4,-46599.945,50473.46,4582.6445,-51390.33,20908.002,21387.0,16522.99,9968.275
5807.1177,81606.445,-9969.281,9647.326,18697.057,176248.34,163092.28,47172.82,128423.375,-51329.418,43450.543,-2461.5083,-57510.08,10959.62,17669.748,7612.647,4579.202
5807.14,96702.28,5561.4272,24994.123,33960.3,187500.0,179008.03,63275.574,144437.08,-37931.316,59230.293,12805.047,-42117.664,-2573.0212,18706.064,-5443.857,18429.863
5807.162,108493.0,18481.408,34817.625,43081.516,187500.0,187500.0,74752.8,156923.36,-30301.21,69881.07,23360.166,-32529.23,5279.728,22941.027,1324.5421,26894.871
5807.1846,93190.375,2748.5718,19048.918,27320.27,186210.38,175798.98,58339.082,140685.95,-43980.12,53823.516,7796.736,-48275.5,20446.035,22114.795,15962.186,12886.161
5807.207,81218.375,-10345.886,8980.351,17912.846,175576.38,162711.33,46611.348,127960.336,-52040.227,42914.234,-2992.5857,-58192.902,13564.626,18063.25,10039.622,4062.787
5807.2295,93281.055,1862.4369,21748.83,30769.615,187500.0,175312.16,59733.117,140767.73,-40654.562,55927.24,9559.618,-45315.28,-1344.6587,18157.576,-4172.758,15683.906
5807.2515,108473.15,18241.059,35149.125,43495.223,187500.0,187500.0,74898.555,156880.97,-29896.354,70208.195,23643.027,-32144.29,2294.4292,22401.053,-1413.055,27313.697
5807.274,96726.91,6363.341,22430.043,30614.092,187500.0,179548.19,61995.72,144433.52,-41100.3,57441.348,11340.27,-44878.93,19221.764,22764.807,14685.745,15973.205
5807.2964,81584.3,-9952.316,9003.864,17835.979,175673.66,163132.84,46824.625,128359.88,-52127.375,43126.4,-2744.1685,-58165.297,15964.331,18614.377,12256.758,4128.926
5807.319,89991.37,-1677.3867,18520.635,27604.227,184933.61,171774.95,56282.32,137295.22,-43362.812,52686.73,6400.556,-48483.305,517.0182,17773.795,-2336.2046,12934.262
5807.3413,107504.984,17007.934,34525.8,42988.71,187500.0,187500.0,74050.69,155882.95,-30240.482,69578.99,22968.363,-32671.41,-178.27753,21745.5,-3652.655,26944.871
5807.3633,100209.11,9898.627,25816.355,33942.105,187500.0,183218.52,65635.45,148156.73,-38158.434,61061.863,14839.57,-41440.652,17249.87,23261.73,12716.578,19119.303
5807.3857,82718.36,-8749.791,9741.651,18455.86,176555.55,164365.5,47841.652,129603.71,-51568.09,44109.45,-1772.5828,-57386.36,17991.055,19259.383,14095.882,4870.87
5807.408,87035.4,-4838.192,15522.862,24636.518,181987.78,168606.16,53148.0,134195.25,-45909.234,49715.71,3507.3464,-51409.73,2826.5347,17530.83,-96.023094,10339.225
5807.4307,105621.586,14820.951,32984.83,41585.38,187500.0,187500.0,72251.375,153926.61,-31365.041,68002.37,21385.3,-34098.523,-1958.0575,20984.512,-5216.763,25706.809
5807.4526,103259.45,12950.355,28889.25,37005.598,187500.0,186410.88,68889.98,151426.17,-35473.184,64298.727,17974.0,-38321.266,14661.359,23526.463,10195.414,21903.258
5807.475,84490.05,-6891.2886,11156.092,19747.387,178086.39,166270.22,49555.652,131510.25,-50425.918,45739.426,-148.10268,-55954.73,19520.518,19968.781,15455.003,6150.0605
5807.4976,84574.96,-7457.459,12975.144,22067.521,179423.02,165976.6,50508.64,131587.1,-48131.867,47159.68,1050.7778,-53944.574,5410.039,17454.275,2380.975,8051.344
5807.52,103065.484,11932.993,30782.22,39475.934,187500.0,185705.25,69730.266,151212.89,-33084.27,65678.3,19103.791,-36238.664,-2987.7354,20210.695,-6067.7163,23809.324
5807.5425,105834.91,15437.121,31611.156,39697.84,187500.0,187500.0,71684.64,154150.67,-33093.055,67071.37,20672.08,-35599.203,11597.717,23600.113,7255.3315,24282.355
5807.5645,86965.03,-4397.125,13304.34,21738.727,180329.88,168909.88,52009.383,134141.12,-48665.473,48071.473,2164.23,-53825.996,20516.623,20778.205,16278.038,7988.983
5807.587,82702.82,-9560.11,10946.521,19999.09,177381.39,163960.56,48443.316,129610.48,-49964.598,45126.477,-886.582,-55996.305,8208.097,17582.822,5028.0923,6123.618
5807.6094,99923.9,8291.805,27953.629,36790.24,187500.0,182200.52,66567.18,147881.58,-35354.027,62720.895,16217.129,-39008.895,-3187.0012,19514.059,-6129.4966,21318.09
5807.632,107601.66,16893.852,33606.676,41778.297,187500.0,187500.0,73671.555,155993.03,-31283.592,69100.4,22644.129,-33575.137,8297.057,23490.098,4144.2144,26069.02
5807.654,89973.35,-1476.5339,16012.969,24371.225,183115.6,172017.06,55046.043,137281.02,-46378.664,51010.234,5076.439,-51107.242,20788.6,21617.916,16417.512,10444.501
5807.6763,81589.98,-10910.982,9589.436,18605.816,176031.19,162697.42,47138.8,128365.2,-51218.91,43862.773,-2045.274,-57354.668,10964.917,17880.525,7628.1367,4926.8613
5807.6987,96551.47,4439.4814,24825.658,33773.33,187500.0,178448.08,63112.453,144250.72,-37895.016,59541.562,13155.521,-42076.355,-2614.9307,18863.176,-5470.903,18649.246
5807.721,108483.7,17445.268,34803.766,43057.49,187500.0,187500.0,74747.01,156892.62,-30119.402,70374.72,23922.76,-32339.8,5069.376,23100.26,1133.5688,27210.635
5807.743,93318.89,1798.7567,19153.568,27425.434,186070.3,175511.89,58467.715,140803.28,-43681.1,54488.348,8590.401,-47960.855,20328.623,22319.805,15850.314,13303.043
5807.7656,81222.555,-11467.496,8955.652,17904.375,175239.84,162283.48,46601.69,127948.97,-51824.02,43500.207,-2182.8489,-57991.49,13570.058,18243.584,10047.423,4398.5776
5807.788,93185.945,582.66534,21642.814,30686.623,187500.0,174766.6,59627.44,140648.67,-40484.31,56461.96,10430.0625,-45186.49,-1371.7937,18299.688,-4199.401,15992.986
5807.8105,108473.98,16999.709,35152.543,43498.4,187500.0,187500.0,74899.79,156844.39,-29627.352,70872.38,24745.527,-31910.133,2124.9355,22548.553,-1575.3286,27749.893
5807.833,96875.39,5239.9644,22568.871,30710.383,187500.0,179239.2,62139.13,144527.2,-40708.477,58272.54,12764.902,-44505.992,19073.908,22949.408,14540.86,16576.59
5807.855,81675.16,-11148.626,9082.543,17848.07,175298.58,162761.3,46899.01,128385.32,-51765.59,43934.414,-1150.4443,-57837.777,15936.749,18781.68,12221.777,4734.793
5807.8774,89946.58,-3036.1716,18485.408,27489.473,184450.53,171251.53,56222.75,137172.83,-43080.33,53406.723,8051.2324,-48258.09,516.57117,17901.916,-2339.3337,13453.939
5807.9,107463.57,15605.229,34512.277,42893.492,187500.0,187500.0,74008.84,155745.94,-29940.14,70327.49,24735.85,-32429.543,-284.11304,21858.645,-3749.3042,27458.582
5807.9224,100303.52,8585.618,25931.846,33971.77,187500.0,182818.64,65732.234,148140.69,-37739.87,61973.145,16881.178,-41066.125,17108.092,23406.926,12581.864,19763.436
5807.9443,82789.86,-10115.662,9824.285,18452.418,176112.05,163945.69,47898.76,129553.08,-51144.793,45041.85,452.37695,-57018.875,17958.578,19408.803,14064.679,5560.4214
5807.967,86986.195,-6356.926,15495.526,24521.004,181446.2,168046.45,53073.57,134004.3,-45566.402,50563.625,5766.5938,-51139.137,2847.9028,17648.023,-76.93471,10958.301
5807.9893,105560.32,13159.724,32980.402,41473.73,187500.0,187500.0,72174.98,153686.31,-31015.215,68890.89,23705.635,-33768.055,-2045.274,21085.898,-5295.218,26293.9
5808.0117,103384.445,11202.538,29083.24,37065.32,187500.0,186007.44,69009.11,151347.58,-34966.13,65495.73,20572.838,-37705.52,14489.697,23671.057,10031.643,22620.168
5808.034,84596.95,-8948.924,11324.803,19763.525,177703.36,165851.39,49642.8,131406.75,-49920.723,47069.98,2622.642,-55246.34,19519.914,20138.432,15443.895,6881.3423
5808.056,84470.195,-10010.944,12947.874,21896.865,178847.22,165311.4,50376.965,131268.88,-47760.785,48418.773,3794.6782,-53332.023,5501.7256,17584.812,2463.8552,8640.827
5808.0786,102879.07,9013.431,30701.576,39277.85,187500.0,184886.77,69535.07,150803.12,-32730.867,66970.09,21867.004,-35613.24,-3033.7576,20310.004,-6103.524,24332.623
5808.101,105849.35,12471.737,31721.193,39712.66,187500.0,187500.0,71709.32,153934.95,-32539.133,68644.195,23727.406,-34719.992,11407.638,23729.262,7080.988,24983.484
5808.1235,87033.945,-7510.4995,13430.381,21779.385,180049.53,168363.6,52081.645,133983.69,-48011.707,49763.12,5464.3535,-52842.79,20470.377,20934.11,16231.971,8822.883
5808.1455,82601.234,-13027.357,10894.8,19869.25,176963.38,163231.31,48343.562,129299.21,-49386.406,46723.418,2446.935,-55109.523,8270.324,17701.062,5091.1914,6899.872
5808.168,99698.17,4524.3286,27807.828,36571.324,187500.0,181317.58,66366.17,147473.66,-34821.96,64266.586,19544.701,-38173.676,-3202.6475,19576.934,-6136.873,21992.777
5808.1904,107530.29,13105.409,33635.195,41730.26,187500.0,187500.0,73656.78,155770.62,-30594.555,70863.62,26201.14,-32537.97,8119.2935,23555.164,3979.9517,26841.049
5808.213,89952.03,-5396.136,16090.373,24366.441,182948.9,171376.6,55095.062,137143.89,-45617.027,52934.945,8827.666,-49931.316,20746.377,21723.416,16373.256,11311.86
5808.2354,81362.39,-15225.384,9465.45,18437.352,175773.1,161854.42,46998.812,128082.586,-50630.3,45716.63,1646.8989,-56171.453,11050.278,17963.875,7710.1455,5705.596
5808.2573,96154.33,-227.02667,24537.969,33517.51,187500.0,177421.5,62842.957,143890.67,-37446.438,61328.766,16765.686,-40835.613,-2609.1416,18911.566,-5453.848,19328.627
5808.28,108239.64,12773.821,34663.824,43000.645,187500.0,187500.0,74680.67,156778.23,-29550.842,72360.65,27715.36,-30813.066,4847.155,23161.057,937.2534,28008.682
5808.3022,93218.375,-2868.1982,19105.4,27502.012,186667.56,174822.34,58569.035,140953.02,-42991.816,56669.117,12580.21,-46186.707,20199.562,22453.2,15738.377,14265.174
5808.3247,80910.73,-16464.25,8652.248,17804.193,175946.69,161404.11,46508.06,128029.44,-51274.746,45549.348,1645.4014,-56302.08,13654.927,18373.516,10146.039,5253.9565
5808.3467,92581.33,-4797.02,21053.98,30391.178,187500.0,173578.7,59274.73,140544.6,-40103.77,58298.2,13964.945,-43661.543,-1285.6277,18361.982,-4090.794,16609.537
5808.369,107963.016,11638.71,34683.45,43386.637,187500.0,187500.0,74688.875,156913.08,-29101.86,72835.02,28321.963,-30228.188,1933.3813,22571.62,-1731.2097,28384.012
5808.3916,96599.21,25.212769,22291.484,30859.402,187500.0,178373.83,62194.402,144933.33,-39931.33,60516.1,16551.13,-42548.156,18916.574,23041.61,14406.549,17385.275
5808.414,81204.02,-16672.367,8542.903,17848.518,176671.88,161714.48,46779.723,128714.96,-51058.227,46072.625,2491.348,-55963.316,16012.253,18883.225,12316.661,5420.097
5808.4365,89186.57,-8957.642,17671.201,27313.877,185622.84,169897.55,55860.094,137319.94,-42478.35,55358.523,11511.171,-46446.39,600.7702,17948.52,-2241.12,13942.236
5808.4585,106761.68,9671.444,33844.027,42887.5,187500.0,187500.0,73778.33,156048.16,-29130.828,72416.77,28395.434,-30380.36,-486.4187,21882.873,-3926.4417,28009.24
5808.481,99878.15,2896.6074,25583.762,34283.754,187500.0,181833.6,65845.266,148853.78,-36535.004,64421.035,21012.742,-38577.305,16857.62,23518.46,12348.177,20561.104
5808.5034,82203.664,-16033.264,9323.964,18646.229,178044.08,162880.31,47898.36,130278.62,-49844.055,47496.543,4688.055,-54403.566,17978.65,19558.783,14083.611,6285.132
5808.526,86065.086,-12717.227,14672.826,24485.867,183204.66,166650.77,52790.195,134549.6,-44186.137,52975.625,9946.08,-48552.17,2936.617,17756.83,-1.8775467,11467.541
5808.548,104597.31,6743.119,32140.535,41496.797,187500.0,186471.23,71907.336,154283.73,-29295.023,71545.055,28061.72,-31052.297,-2214.924,21159.795,-5466.1416,26816.93
5808.5703,102718.56,5238.534,28513.92,37385.26,187500.0,184839.69,69077.414,152299.34,-32750.357,68555.91,25403.988,-34597.797,14190.14,23815.025,9732.8,23442.377
5808.593,83912.09,-14760.602,10657.424,20050.365,180313.9,164730.84,49696.0,132421.73,-47514.96,50148.58,7637.3457,-51985.105,19435.58,20336.088,15352.207,7798.971
5808.615,83533.75,-15914.666,12007.447,21975.969,181368.34,163926.77,50187.29,132107.53,-45402.72,51302.53,8739.912,-50156.51,5537.9805,17752.115,2490.4985,9463.953
5808.6377,101826.86,3147.5728,29694.92,39296.918,187500.0,183373.67,69252.68,151545.23,-30348.53,69815.625,26830.006,-32493.871,-3112.1453,20429.205,-6187.8125,25143.098
5808.6597,104997.44,6965.2285,30959.09,39934.367,187500.0,187093.14,71646.195,154900.86,-29891.168,71739.25,28974.074,-31403.844,11184.791,23862.031,6850.4297,26004.377
5808.682,86209.34,-12846.822,12677.194,22006.5,182797.5,167085.42,52045.324,135069.67,-45171.133,52989.863,10869.252,-49371.586,20396.035,21101.21,16139.211,9966.397
5808.7046,81572.516,-18441.443,9936.982,19911.047,179678.17,161735.45,48090.07,130277.32,-46568.9,49873.695,7799.843,-51690.266,8319.677,17831.084,5117.7227,7980.981
5808.727,98507.766,-936.4264,26747.975,36502.258,187500.0,179646.98,65925.77,148325.05,-32096.01,67386.77,24884.467,-34857.3,-3226.3179,19656.885,-6177.039,23035.598
5808.749,106489.5,7921.5254,32779.48,41826.645,187500.0,187500.0,73336.52,156793.77,-27805.705,74197.09,31784.27,-29118.646,7896.5586,23638.96,3743.6938,28060.09
5808.7715,89023.29,-10329.748,15321.943,24529.006,185542.08,169974.8,54858.29,138352.45,-42598.246,56430.02,14723.564,-46367.465,20595.637,21857.525,16196.275,12726.011
5808.794,80313.22,-20172.383,8554.058,18437.084,178439.27,160310.88,46680.12,129220.22,-47500.79,49133.695,7653.372,-52725.465,11051.53,18087.234,7680.239,7127.4575
5808.8164,94942.03,-5269.044,23519.713,33340.465,187500.0,175672.44,62402.586,144799.44,-34405.21,64637.96,22751.863,-37592.195,-2590.2097,19004.795,-5460.107,20710.703
5808.839,107128.29,7889.987,33822.234,42892.285,187500.0,187500.0,74355.72,157675.05,-26476.781,75755.39,33830.06,-27584.422,4699.589,23259.047,766.01666,29502.852
5808.861,92265.28,-7576.951,18432.637,27472.172,187500.0,173253.14,58402.562,141914.11,-39618.066,60209.86,19004.08,-42788.1,20059.64,22606.89,15562.313,15953.558
5808.8833,79925.22,-21381.277,7944.771,17676.008,177934.52,159748.53,46302.02,128870.04,-47718.742,49103.117,8283.847,-52692.273,13607.094,18526.535,10056.899,6997.683
5808.906,91483.88,-10159.808,20274.15,30112.652,187500.0,171753.02,58944.215,141172.27,-36656.664,61872.895,20675.008,-39837.94,-1310.3041,18502.484,-4162.1406,18360.53
5808.928,106844.96,5901.174,33937.3,43051.363,187500.0,187500.0,74317.97,157416.34,-25889.22,76515.68,35050.754,-26249.174,1812.5253,22717.04,-1891.2483,30171.861
5808.95,95561.78,-5959.333,21645.186,30530.586,187500.0,176499.53,61878.24,145424.66,-36647.14,64416.97,23461.152,-38316.527,18746.455,23235.824,14200.398,19323.71
5808.9727,80176.25,-22928.6,7914.283,17456.959,178019.33,159793.17,46442.12,129129.55,-47614.45,50150.902,9560.49,-51558.973,15897.857,19099.88,12161.897,7475.4297
5808.995,88037.805,-15590.388,16934.441,26754.48,186614.86,167784.5,55356.8,137508.4,-39264.688,59524.42,18527.385,-42179.957,588.20856,18180.934,-2292.4397,15998.1045
5809.0176,105492.7,2651.4312,32998.684,42151.637,187500.0,186472.12,73097.56,155989.8,-26424.389,76634.99,35228.273,-26368.041,-534.36316,22115.488,-4008.763,30043.832
5809.04,98727.055,-4271.2397,24834.645,33556.25,187500.0,179532.22,65225.99,148795.86,-33886.81,68832.15,27849.895,-34643.55,16709.963,23788.582,12172.872,22755.62
5809.062,81157.336,-23308.578,8626.901,17902.9,178789.89,160583.36,47329.484,130210.49,-46941.617,52097.066,11604.423,-50517.625,17856.63,19872.133,13936.671,8703.568
5809.0845,84970.2,-20190.578,13935.799,23622.441,183686.25,164224.27,52124.203,134314.27,-41542.867,57492.508,16719.53,-44902.22,2922.133,18067.967,-31.895939,13964.767
5809.107,103409.7,-957.5041,31373.176,40518.395,187500.0,183891.3,71111.55,153866.47,-27356.39,75806.016,34562.973,-27745.602,-2245.568,21445.137,-5509.169,29301.754
5809.1294,101648.695,-2455.2947,27909.887,36500.6,187500.0,182325.11,68376.83,151957.98,-31078.404,72747.58,31842.34,-31461.936,14050.485,24124.037,9584.004,26060.973
5809.1514,82901.484,-22448.53,10117.92,19177.217,180342.8,162232.25,49042.3,132105.2,-45602.145,54367.65,14112.735,-48937.023,19362.67,20688.328,15261.191,10580.311
5809.174,82424.5,-23647.186,11361.102,20989.205,181207.27,161300.08,49424.0,131669.61,-43515.695,55369.7,15087.228,-47282.01,5552.5757,18079.277,2476.7969,12237.871
5809.1963,100609.61,-4525.8936,28947.744,38227.32,187500.0,180656.66,68384.555,151001.42,-28915.021,73606.13,32925.395,-29800.533,-3166.907,20711.217,-6258.7344,27836.305
5809.2188,103949.945,-274.18884,30367.06,39025.41,187500.0,184619.58,70959.69,154536.45,-28645.861,75453.86,35042.684,-28668.729,10958.972,24172.652,6621.1235,28811.8
5809.241,85346.99,-19535.45,12207.651,21238.404,182707.25,164912.48,51552.848,134888.48,-43626.742,56739.703,17085.473,-46521.56,20199.361,21488.79,15934.469,12974.183
5809.263,80743.76,-24677.89,9437.958,19178.111,179566.5,159728.05,47655.574,130120.484,-44906.87,53561.574,14009.403,-48856.42,8196.742,18229.883,4983.456,11036.264
5809.2856,97648.45,-6790.2363,26192.982,35773.5,187500.0,177730.84,65496.176,148125.42,-30743.91,70907.72,30862.463,-32142.277,-3323.7493,20033.11,-6281.131,26014.37
5809.308,105721.945,2558.1797,32304.62,41198.156,187500.0,186752.11,73031.36,156680.42,-26636.553,77598.2,37577.98,-26460.465,7738.018,24020.885,3586.7175,31022.502
5809.3306,88425.25,-15067.849,14970.529,24047.371,185517.77,168535.83,54738.28,138409.64,-41130.32,59878.227,20557.527,-43632.082,20402.965,22286.01,16007.56,15825.4375
5809.3525,79753.53,-24324.332,8211.964,18021.61,178415.66,159050.9,46561.5,129343.09,-45816.16,52584.918,13484.785,-49993.3,10881.97,18516.768,7506.2974,10280.663
5809.375,94274.66,-8983.033,23076.857,32890.457,187500.0,174447.06,62145.52,144867.81,-32957.96,67910.74,28356.854,-35062.086,-2726.712,19385.758,-5608.0977,23722.152
5809.3975,106451.95,4690.693,33358.1,42480.363,187500.0,187500.0,74072.414,157801.64,-25338.52,78871.42,39219.848,-25219.607,4490.1753,23613.188,554.1892,32406.117
5809.42,91733.305,-9996.908,18057.887,27220.268,187500.0,172462.11,58249.855,142275.22,-38346.41,63372.895,24425.34,-40434.555,19816.455,23002.428,15322.077,18944.312
5809.4424,79440.54,-22905.443,7537.143,17491.312,178011.98,159211.02,46171.17,129339.58,-46275.11,52259.23,13735.907,-50553.055,13449.559,18939.998,9893.934,10025.295
5809.4644,90970.06,-10834.808,19739.229,29918.215,187500.0,171349.11,58731.605,141597.92,-35415.047,64808.438,25956.367,-38184.426,-1398.9287,18873.568,-4259.9966,21234.225
5809.487,106483.4,6135.7773,33416.28,42995.215,187500.0,187500.0,74186.36,157928.56,-24857.197,79256.74,40233.098,-24935.986,1606.7328,23056.316,-2097.063,32955.055
5809.5093,95512.18,-4614.6074,21259.35,30753.074,187500.0,176813.98,61984.387,146197.81,-35391.688,67130.625,28850.559,-37065.43,18484.693,23609.77,13936.29,22207.086
5809.5317,80236.76,-20642.709,7422.7466,17749.59,178302.06,160393.86,46564.88,129944.13,-46082.707,52734.023,15143.084,-50408.01,15738.064,19474.74,11992.94,10348.657
5809.5537,88150.73,-12551.242,16252.088,27042.057,186793.06,168566.02,55412.566,138235.38,-37717.273,61826.227,24098.22,-41194.984,450.9241,18482.928,-2438.8884,18706.78
5809.576,105807.62,6475.9937,32287.184,42587.094,187500.0,187500.0,73248.305,156740.52,-24935.54,78702.24,40752.598,-25440.936,-820.4655,22349.422,-4292.988,32624.74
5809.5986,99369.22,516.1465,24225.469,34249.13,187500.0,181088.14,65614.69,149672.08,-32229.695,70843.03,33563.984,-33550.504,16385.863,24053.742,11846.402,25380.652
5809.621,81925.516,-17657.566,7964.53,18678.146,179270.92,162458.03,47775.69,131023.05,-45149.297,53959.883,17511.607,-49353.523,17672.633,20154.703,13741.942,11282.603
5809.643,85739.89,-13853.991,13164.843,24385.441,184058.64,166295.08,52528.656,134957.67,-39811.723,59140.484,22658.836,-43773.816,2801.8584,18311.623,-167.34752,16382.778
5809.6655,104309.31,6028.4,30631.012,41374.176,187500.0,186233.9,71601.31,154463.34,-25726.21,77320.03,40444.95,-26606.89,-2458.6921,21649.768,-5726.3833,31599.377
5809.688,102892.234,5354.7407,27367.164,37617.363,187500.0,185131.55,69147.53,152728.88,-29304.816,74336.055,37863.277,-30128.23,13783.2705,24368.387,9308.563,28415.84
5809.7104,84376.86,-13835.998,9657.697,20443.018,181029.12,165431.62,49984.402,132958.62,-43662.75,56015.754,20335.953,-47469.297,19181.264,20964.508,15064.63,12956.703
5809.733,84022.266,-14470.162,10828.526,22280.152,181814.66,164747.66,50402.805,132415.83,-41610.48,57037.383,21357.764,-45830.062,5415.5596,18327.293,2322.7712,14524.521
5809.755,102367.8,4942.1943,28301.87,39532.684,187500.0,184250.8,69368.44,151546.6,-27177.062,75278.58,39062.516,-28447.11,-3302.1128,20926.264,-6412.358,29984.555
5809.7773,106008.6,9486.461,29773.465,40454.67,187500.0,187500.0,72083.0,155006.23,-26906.248,77230.16,41184.03,-27298.03,10832.371,24423.707,6469.31,30934.951
5809.8,87662.516,-9448.575,11682.542,22738.744,183299.28,168921.45,52799.605,135293.34,-41764.06,58632.496,23394.254,-45096.3,20169.857,21790.135,15866.698,15105.802
5809.8223,83129.14,-14438.758,8881.668,20605.158,180050.69,163784.22,48878.215,130334.9,-43076.707,55447.707,20283.896,-47480.516,8259.104,18519.07,4990.2954,13120.608
5809.844,100030.12,3390.8044,25559.914,37086.82,187500.0,181762.03,66646.22,148098.48,-29103.895,72681.24,36749.824,-30889.934,-3285.0583,20268.16,-6299.5264,28092.545
5809.8667,108348.3,12845.279,31797.97,42621.27,187500.0,187500.0,74360.51,156670.94,-24984.758,79461.35,43221.324,-25112.252,7653.238,24267.646,3447.6,33337.96
5809.889,91294.41,-4569.1216,14574.991,25579.47,186078.03,172947.08,56243.67,138434.45,-39357.582,61869.254,26206.951,-42165.766,20432.178,22601.438,15974.858,18392.201
5809.9116,82630.266,-13803.901,7738.4873,19477.803,178895.19,163467.84,48009.74,129182.38,-44096.016,54536.29,19054.127,-48597.453,11043.931,18821.086,7598.8335,12897.002
5809.934,97143.12,1416.7207,22540.082,34265.133,187500.0,178870.48,63526.207,144537.45,-31405.162,69789.52,33671.785,-33769.617,-2561.5994,19638.803,-5514.8237,26335.766
5809.956,109526.43,15060.785,32970.344,43958.977,187500.0,187500.0,75608.6,157550.22,-23787.979,80844.945,44385.492,-23841.533,4524.351,23869.697,524.28253,35170.43
5809.9785,95071.586,455.48386,17865.482,28827.984,187500.0,177251.14,59988.98,142176.11,-36637.17,65508.023,29670.914,-38879.273,19932.527,23338.73,15358.332,21913.406
5810.001,82765.74,-12572.499,7323.415,19023.482,178552.73,163914.97,47862.04,129167.23,-44570.656,54358.727,18906.828,-49000.992,13690.31,19284.035,10052.452,13003.038
5810.0234,94161.266,-774.488,19454.49,31318.705,187500.0,175908.42,60300.316,141290.33,-33848.094,66792.42,30801.957,-36709.75,-1164.973,19162.6,-4100.517,24147.998
5810.0454,109726.484,16055.459,33280.63,44419.043,187500.0,187500.0,75856.195,157712.14,-23295.39,81307.56,44810.02,-23355.115,1701.3254,23336.43,-2069.235,35973.55
5810.068,98955.36,5339.184,21391.357,32269.414,187500.0,181656.19,63885.777,146184.81,-33689.824,69377.445,33386.086,-35278.812,18650.23,23981.77,14024.356,25432.018
5810.0903,83587.35,-10846.899,7598.3643,19143.89,178929.75,165115.48,48421.01,129851.33,-44438.89,54948.12,19594.346,-48648.035,16055.839,19867.082,12228.997,13575.176
5810.113,91249.81,-3043.1677,16412.908,28268.252,187230.94,173120.66,57121.18,137989.8,-36258.938,63907.906,28314.342,-39570.414,766.37427,18814.492,-2199.3672,21849.21
5810.1353,108827.36,15778.364,32581.535,43787.316,187500.0,187500.0,74978.016,156554.86,-23553.084,80779.73,44699.98,-23818.848,-632.30853,22648.645,-4168.958,35806.223
5810.157,102555.53,9839.663,24804.982,35586.887,187500.0,185815.3,67559.69,149774.23,-30724.174,73121.055,37488.594,-31752.285,16560.652,24422.322,11952.015,28775.078
5810.1797,85066.52,-8464.226,8580.142,19966.412,180031.33,167001.06,49690.59,131175.45,-43646.05,56268.46,21360.244,-47579.043,17974.828,20542.752,13964.364,14713.685
5810.202,88626.37,-5023.376,13622.315,25484.924,184633.23,170530.06,54209.31,134964.39,-38474.04,61289.785,26203.979,-42213.863,3131.7478,18624.682,82.85792,19664.352
5810.2246,107021.43,14522.555,31010.098,42371.938,187500.0,187500.0,73145.266,154439.14,-24493.445,79370.85,43617.04,-25185.879,-2268.6128,21885.242,-5600.386,34800.906
5810.2466,105717.3,13820.195,27919.207,38798.094,187500.0,187500.0,70835.12,152951.27,-27939.436,76555.2,40939.95,-28600.398,13872.477,24642.865,9341.666,31793.748
5810.269,87147.555,-5496.697,10219.375,21860.008,181814.47,169395.67,51633.29,133224.88,-42266.75,58264.09,23285.064,-45972.668,19431.916,21287.824,15245.746,16441.229
5810.2915,86466.81,-6487.0127,11265.816,23893.076,182430.78,168444.9,51801.844,132543.3,-40359.52,59100.9,23940.91,-44555.945,5738.4756,18596.965,2579.302,17940.07
5810.314,104548.37,12619.035,28764.215,41374.086,187500.0,187500.0,70652.71,151750.12,-25994.766,77244.64,41241.586,-27286.607,-3193.5503,21107.111,-6350.779,33389.55
5810.3364,108305.07,17228.746,30504.008,42808.242,187500.0,187500.0,73614.83,155694.31,-25536.734,79445.03,43270.812,-25916.848,10710.912,24624.56,6314.1445,34594.777
5810.3584,89880.664,-1814.2688,12415.724,25526.273,184287.08,172769.42,54323.637,136187.56,-40377.246,60896.527,25341.648,-43702.355,20234.701,22047.383,15889.677,18823.701
5810.381,84933.46,-7275.739,9304.696,23481.94,180841.62,167326.56,50038.652,131050.69,-41923.18,57429.812,21943.781,-46387.67,8436.956,18708.635,5135.4478,16555.736
5810.4033,101531.53,10139.199,25792.752,39915.21,187500.0,185178.38,67569.73,148772.56,-28152.291,74399.375,38292.723,-30031.135,-3274.2178,20359.445,-6286.786,31226.64
5810.426,109955.99,19566.92,32220.33,45663.79,187500.0,187500.0,75460.12,157716.61,-24078.148,81153.24,45006.445,-24176.898,7460.052,24377.46,3284.4102,36413.633
5810.4478,92946.29,2063.8706,15094.782,28919.648,187057.38,176704.06,57419.31,139700.27,-38550.1,63447.125,28182.152,-41229.85,20394.762,22787.336,15953.133,21335.725
5810.47,83999.805,-7598.99,8056.977,22875.424,179783.94,167022.0,48923.79,130290.41,-43600.367,55713.355,20887.885,-47972.812,11128.442,18961.076,7702.6577,15466.067
5810.4927,98239.18,7194.803,22683.557,37544.832,187500.0,182275.77,64203.465,145497.48,-31223.578,70545.82,35271.348,-33490.29,-2601.5645,19673.246,-5509.817,28567.385
5810.515,110684.7,20761.33,33253.72,47311.918,187500.0,187500.0,76391.38,158676.77,-23665.135,81481.81,45940.527,-23700.785,4292.7417,23886.148,354.45398,37331.617
5810.5376,96364.3,6185.734,18334.266,32513.16,187500.0,181036.19,60925.383,143445.19,-36488.645,66137.695,31208.871,-38804.04,19794.506,23429.055,15272.188,24064.783
5810.5596,83897.125,-7059.441,7711.643,22904.615,179467.77,167614.77,48648.418,130247.99,-44580.043,54746.664,20180.586,-49201.777,13677.524,19355.852,10085.51,14927.1
5810.582,95049.3,4464.94,19700.293,35133.12,187500.0,179512.19,60874.555,142159.75,-34096.0,66844.81,31754.027,-37267.65,-1235.2021,19142.75,-4117.5044,25790.941
5810.6045,110610.72,21273.252,33599.723,48209.965,187500.0,187500.0,76467.734,158643.58,-23631.807,81200.96,45621.434,-24076.697,1447.5437,23270.781,-2258.7334,37508.42
5810.627,100029.29,10804.23,21939.982,36457.977,187500.0,185666.84,64720.01,147353.53,-33938.285,69315.484,34166.297,-35954.15,18390.771,23986.172,13828.354,27009.402
5810.649,84680.44,-5234.4883,8200.564,23796.451,179988.52,169181.25,49296.15,131074.08,-44701.613,54814.547,20083.559,-49395.5,15891.979,19891.176,12123.899,15067.491
5810.6714,92208.195,2558.9172,16935.045,33008.074,187500.0,177181.94,57884.402,139130.44,-36681.027,63538.277,28360.453,-40547.633,618.2269,18770.75,-2280.2358,23133.72
5810.694,109778.12,21458.324,33134.54,48448.21,187500.0,187500.0,75768.35,157760.38,-24055.037,80262.17,44506.414,-24916.586,-894.718,22556.979,-4349.4707,36984.34
5810.7163,103708.164,15824.454,25540.803,40586.344,187500.0,187500.0,68583.42,151233.88,-31108.848,72672.766,37269.324,-32747.541,16289.191,24395.902,11759.991,30003.934
5810.739,86311.0,-2246.1716,9349.489,25554.795,181393.05,171716.17,50828.81,132751.61,-43949.723,55825.785,21017.727,-48526.4,17784.525,20555.738,13846.526,15919.538
5810.7607,89828.38,1282.2302,14289.649,31336.988,185922.69,175405.61,55326.043,136546.56,-38838.82,60716.754,25639.508,-43250.383,2947.5022,18587.22,-25.23512,20754.959
5810.783,108165.62,20814.705,31576.465,48074.758,187500.0,187500.0,74213.9,156027.75,-24994.771,78605.62,42806.14,-26364.195,-2500.0652,21791.611,-5747.483,35749.586
5810.8057,106935.22,20197.775,28520.379,44501.453,187500.0,187500.0,71978.945,154651.92,-28488.215,75728.86,39941.52,-29774.693,13648.557,24577.242,9202.058,32678.361
5810.828,88442.33,1026.5262,10857.07,27737.732,183337.03,174742.6,52850.902,135009.4,-42922.637,57423.734,22064.057,-47131.316,19246.664,21248.15,15146.37,17219.314
5810.85,87685.67,19.624832,11804.6045,29570.645,183877.1,173823.84,52948.0,134265.45,-41266.64,58095.78,22417.012,-45868.062,5591.87,18513.906,2516.2031,18478.994
5810.8726,105613.445,18942.367,29177.81,46439.082,187500.0,187500.0,71665.6,153338.66,-27249.102,75942.41,39434.492,-28871.033,-3321.4023,20958.785,-6382.809,33654.375
5810.895,109345.12,23432.855,30974.4,47424.95,187500.0,187500.0,74620.73,157230.2,-26966.42,77963.29,41363.38,-27639.877,10589.117,24488.416,6293.2905,34721.56
5810.9175,91035.89,4469.969,13061.31,30186.592,185556.2,178104.2,55470.035,137748.48,-41739.45,59441.586,23467.12,-45352.363,20080.094,21950.6,15828.343,18963.133
5810.94,86154.96,-891.1864,10042.461,28184.723,182195.11,172770.3,51266.164,132579.81,-43278.055,55978.625,20023.387,-48024.223,8258.724,18596.898,5048.79,16678.111
5810.962,102704.055,16521.918,26494.977,44315.58,187500.0,187500.0,68735.32,150174.95,-29641.455,72854.04,36197.492,-31849.717,-3442.4146,20194.22,-6369.7334,31222.236
5810.9844,111115.125,25979.812,32907.49,49753.555,187500.0,187500.0,76590.695,159028.3,-25541.607,79641.98,42732.047,-26116.54,7309.9814,24211.254,3204.9272,36328.918
5811.007,94209.21,8656.786,15862.407,33112.746,187500.0,181945.33,58645.863,141023.16,-39789.887,62132.51,25764.03,-43075.883,20261.32,22674.059,15872.309,21297.012
5811.0293,85292.54,-885.442,8817.854,27183.924,181100.42,172343.38,50175.777,131561.95,-44686.19,54535.844,18318.574,-49732.656,10993.013,18851.955,7616.201,15421.498
5811.0513,99442.6,13825.851,23322.525,41626.684,187500.0,187172.02,65354.242,146637.66,-32313.156,69387.5,32598.656,-35278.277,-2751.9917,19516.227,-5608.567,28418.053
5811.0737,111887.2,27310.547,33859.562,51147.363,187500.0,187500.0,77536.266,159808.61,-24724.941,80400.46,43315.137,-25374.506,4107.893,23729.797,221.37167,37167.086
5811.096,97666.8,12741.836,18994.09,36396.758,187500.0,185879.58,62169.01,144648.25,-37403.613,65210.207,28733.615,-40246.89,19649.666,23346.912,15173.595,23991.58
5811.1187,85173.96,-630.5651,8284.942,26830.408,180726.52,172610.48,49865.96,131370.58,-45454.105,53841.82,17767.918,-50562.082,13552.02,19265.172,10001.803,14838.698
5811.141,96196.15,10614.934,20096.254,38850.195,187500.0,184150.77,61961.164,143127.64,-35059.984,65846.805,29327.145,-38686.023,-1396.5371,18973.303,-4228.2793,25601.332
5811.163,111723.66,27152.273,33921.992,51670.418,187500.0,187500.0,77512.64,159583.06,-24638.15,80205.26,43285.562,-25472.541,1241.3489,23084.234,-2404.4668,37312.574
5811.1855,101222.805,16439.238,22308.45,39870.22,187500.0,187500.0,65826.89,148353.7,-34882.78,68426.445,32043.506,-37207.855,18282.074,23885.992,13765.77,26907.947
5811.208,85791.52,-68.664566,8467.578,27140.45,181090.84,173608.3,50303.855,131938.62,-45704.246,53876.69,18050.264,-50642.84,15881.607,19807.312,12146.52,14923.858
5811.2305,93113.664,7137.2026,16987.84,36102.695,187500.0,181171.6,58678.05,139759.42,-37877.293,62435.89,26285.496,-41945.53,566.39325,18603.246,-2297.2454,22837.248
5811.2524,110590.195,25608.752,33105.793,51291.58,187500.0,187500.0,76465.73,158309.33,-25383.402,79101.24,42404.19,-26422.824,-1043.8041,22342.246,-4458.391,36632.23
5811.275,104590.34,19723.092,25629.428,43370.836,187500.0,187500.0,69350.96,151864.42,-32447.96,71605.164,35183.594,-34211.11,16189.547,24253.23,11697.271,29737.97
5811.2974,87127.77,1250.9825,9452.866,28259.4,182156.0,175398.4,51531.926,133282.95,-45400.73,54710.477,18714.916,-50043.566,17802.854,20450.44,13895.633,15604.446
5811.32,90410.28,4231.565,14241.57,33730.367,186382.22,178733.61,55795.766,136797.75,-40534.22,59369.277,22937.383,-44981.48,2966.5012,18413.48,27.582052,20231.303
5811.342,108638.484,23396.309,31479.08,50123.207,187500.0,187500.0,74586.55,156162.81,-26840.848,77154.83,39895.094,-28209.02,-2622.329,21549.943,-5829.693,35139.38
5811.3643,107561.23,22710.445,28618.078,46498.83,187500.0,187500.0,72526.5,154936.89,-30267.885,74436.91,37098.78,-31487.773,13530.45,24413.201,9114.774,32198.717
5811.3867,89064.42,3283.3596,10989.079,29744.697,183761.88,177848.69,53402.99,135232.28,-44635.92,56134.82,19116.086,-48814.895,19290.92,21149.154,15206.362,16727.598
5811.409,88122.23,1844.779,11792.646,31388.018,184105.66,176672.62,53307.414,134237.9,-43019.848,56645.066,19266.2,-47680.79,5611.3164,18347.945,2552.927,17828.268
5811.4316,106001.3,20552.564,29135.611,48002.7,187500.0,187500.0,71963.64,153245.28,-28914.955,74495.305,36376.19,-30689.773,-3498.7856,20718.191,-6534.689,32991.086
5811.4536,110008.0,25230.047,31202.77,49007.676,187500.0,187500.0,75192.17,157426.53,-28356.318,76837.46,38736.0,-29158.812,10343.852,24326.432,6069.728,34306.418
5811.476,91773.36,6251.0454,13380.895,31790.908,186039.98,181091.05,56115.082,138012.98,-43112.54,58422.566,20969.916,-46755.246,20089.37,21898.273,15840.323,18604.744
5811.4985,86636.44,493.59357,10170.737,29574.11,182477.56,175565.31,51664.695,132576.47,-44891.848,54741.414,17354.922,-49611.89,8345.27,18487.643,5138.644,16097.86
5811.521,103013.07,17536.688,26532.348,45424.74,187500.0,187500.0,68981.75,150015.8,-31335.805,71497.76,33544.805,-33502.94,-3546.4397,19977.588,-6455.6533,30523.477
5811.543,111659.52,27055.334,33246.902,50905.586,187500.0,187500.0,77095.15,159129.64,-26985.553,78578.81,40530.176,-27447.07,7056.4907,24039.504,2979.0852,35851.574
5811.5654,94955.22,9835.327,16483.674,34462.3,187500.0,184758.5,59358.37,141309.17,-41095.07,61306.523,23895.312,-44164.344,20201.643,22631.344,15829.192,20973.717
5811.588,85928.18,142.89471,9471.798,28501.066,181500.47,175272.97,50779.277,131698.72,-46100.34,53624.832,16396.926,-50905.184,11003.607,18786.553,7638.955,14981.906
5811.6104,99978.484,14777.499,24040.598,42711.57,187500.0,187500.0,65859.414,146646.64,-33769.395,68386.34,30628.396,-36554.87,-2856.9778,19362.826,-5695.8057,27891.691
5811.633,112557.664,28462.623,34870.086,52077.71,187500.0,187500.0,78172.93,159928.84,-26041.594,79540.32,41561.105,-26535.857,3899.8433,23584.467,35.628685,36743.633
5811.655,98535.12,14208.87,20406.875,37487.746,187500.0,187500.0,63002.06,144903.39,-38595.99,64537.867,27129.273,-41231.55,19565.89,23303.236,15101.51,23680.959
5811.6772,86006.14,951.04443,9914.341,27997.617,181061.08,175781.23,50656.363,131488.78,-46735.4,53102.316,15959.48,-51599.473,13564.626,19226.86,10026.188,14419.736
5811.6997,96904.92,12213.352,21789.354,39758.594,187500.0,186875.44,62615.977,143046.98,-36448.12,64962.26,27279.969,-39863.758,-1435.6302,18860.918,-4253.5815,25021.504
5811.722,112523.96,29008.25,35806.133,52318.664,187500.0,187500.0,78251.09,159556.92,-25916.021,79396.82,41274.62,-26591.96,1076.4823,22947.441,-2552.6587,36766.59
5811.744,102318.89,18870.217,24569.105,40662.99,187500.0,187500.0,66835.96,148562.77,-35949.676,67849.93,30116.229,-38116.746,18162.492,23834.158,13656.0,26514.043
5811.7666,86984.68,2829.15,10929.512,28093.64,181419.12,177115.55,51360.465,132144.25,-46776.816,53287.855,15863.122,-51600.613,15858.451,19773.54,12127.565,14466.272
5811.789,94227.875,10268.37,19421.768,36856.13,187500.0,184404.77,59610.562,139805.83,-39017.52,61682.234,23803.67,-43261.715,555.6644,18501.994,-2309.4048,22198.523
5811.8115,111765.07,28964.754,35553.023,51703.05,187500.0,187500.0,77412.79,158359.3,-26440.305,78339.56,39968.43,-27996.879,-1177.7805,22190.924,-4581.5493,35952.984
5811.834,106117.01,23579.705,28359.469,43845.945,187500.0,187500.0,70573.72,152185.19,-33244.176,71071.695,33043.59,-35721.062,16061.002,24180.52,11569.8,29201.08
5811.856,88783.91,5509.8394,12296.8125,28873.96,182567.58,179024.97,52794.82,133631.6,-46116.48,54151.504,16566.643,-51648.625,17817.56,20413.492,13892.794,14989.126
5811.8784,92004.836,8685.508,16980.174,34206.46,186645.77,182110.8,56960.605,137006.89,-41282.734,58639.27,20708.58,-46813.184,2964.7131,18306.549,1.6540291,19428.83
5811.901,110292.02,28029.49,34171.637,50330.297,187500.0,187500.0,75837.33,156393.17,-27436.633,76436.04,37900.695,-30092.58,-2788.4697,21387.604,-6003.1426,34324.188
5811.9233,109584.46,27814.87,31590.682,46831.645,187500.0,187500.0,74170.336,155521.53,-30529.266,74017.61,35620.21,-33111.652,13312.431,24333.943,8896.8,31604.25
5811.9453,91252.45,8777.955,14130.259,30330.916,184518.72,181557.52,55210.867,135950.1,-44851.996,55762.664,17802.518,-50411.59,19270.58,21144.395,15176.254,16128.55
5811.968,90198.73,7470.4897,14834.496,31924.348,184710.05,180254.22,55001.453,134807.2,-43369.36,56061.617,17849.277,-49545.973,5662.4346,18295.262,2593.5625,17018.686
5811.99,107969.945,26184.8,32008.658,48208.47,187500.0,187500.0,73557.81,153687.44,-29254.12,73759.625,34930.254,-32877.0,-3545.5903,20592.016,-6580.4434,32039.594
5812.0127,112168.63,31115.262,34191.91,49200.504,187500.0,187500.0,76986.66,158055.88,-28448.139,76247.88,37477.062,-31440.812,10188.999,24235.596,5920.8877,33438.32
5812.035,94102.99,12481.192,16547.02,32296.729,186835.17,184461.38,58052.465,138779.73,-43116.383,57876.355,19671.436,-49145.543,20072.873,21883.275,15823.247,17706.025
5812.057,88870.67,6853.7827,13247.499,30127.36,183171.56,178945.6,53466.0,133194.12,-45032.35,53954.742,15720.72,-52336.746,8390.107,18428.814,5180.4194,14951.105
5812.0796,105108.945,23882.885,29377.66,45641.234,187500.0,187500.0,70626.87,150455.55,-31540.19,70475.82,31689.14,-36611.2,-3596.15,19828.033,-6502.6143,29171.127
5812.102,113916.41,33611.66,36134.527,50993.137,187500.0,187500.0,78906.445,159729.53,-27002.271,77643.234,38823.777,-30606.492,6858.6553,23902.264,2781.8088,34559.016
5812.1245,97391.78,16698.049,19506.1,34808.504,187500.0,187500.0,61339.54,142100.7,-41076.61,60421.17,22194.613,-47282.703,20158.168,22588.182,15772.352,19696.984
5812.1465,88177.19,6979.2876,12280.965,28875.996,182136.52,178263.17,52558.207,132302.19,-46393.953,52413.812,14264.079,-54305.04,11115.725,18711.16,7734.844,13417.372
5812.169,101924.13,21344.062,26434.426,42688.863,187500.0,187500.0,67340.59,146951.34,-34306.508,66814.21,28093.037,-40347.516,-2822.4443,19169.707,-5666.145,26038.71
5812.1914,114632.6,35100.82,37210.83,51897.176,187500.0,187500.0,79810.46,160400.06,-26385.027,78094.61,39148.1,-30286.594,3682.562,23375.992,-164.93353,35008.086
5812.214,100903.17,21184.918,22870.395,37637.21,187500.0,187500.0,64941.227,145738.94,-38749.03,63331.746,24893.115,-44760.02,19486.207,23225.586,15033.852,22124.004
5812.2363,88213.375,7896.871,12076.3125,28266.865,181841.17,178386.53,52436.457,132247.61,-47118.13,51666.504,13420.882,-55305.438,13692.634,19146.037,10153.549,12653.122
5812.2583,98807.55,18909.086,23507.441,39708.12,187500.0,187500.0,64114.594,143573.11,-37050.055,63220.902,24466.69,-43867.355,-1349.129,18677.365,-4166.5215,23012.977
5812.281,114485.28,35712.973,37447.332,51994.918,187500.0,187500.0,79853.516,160215.92,-26370.521,77769.15,38694.18,-30538.207,917.8521,22751.193,-2687.9092,34876.855
5812.303,104573.82,25871.006,26418.467,40618.152,187500.0,187500.0,68784.34,149625.05,-36181.53,66536.09,27947.639,-41750.938,18097.404,23798.82,13609.352,24893.34
5812.3257,89049.31,9728.017,12565.57,28268.027,182458.64,179421.95,53169.3,133132.27,-47238.156,51781.19,13578.998,-55320.812,16069.72,19776.893,12347.528,12691.745
5812.3477,95891.086,16813.92,20650.531,36689.92,187500.0,186140.17,61073.26,140475.39,-39785.57,59817.766,21275.912,-47109.88,729.76215,18390.436,-2112.8657,20148.602
5812.37,113369.234,35442.895,36712.61,51064.125,187500.0,187500.0,78892.88,159048.62,-27117.518,76535.125,37628.406,-31582.256,-1321.2117,22009.674,-4682.512,33985.918
5812.3926,108025.086,30428.729,29846.6,43424.12,187500.0,187500.0,72449.72,153294.72,-33622.477,69685.56,31199.596,-38756.074,15910.396,24143.797,11450.374,27601.543
5812.415,90547.79,12347.797,13746.278,28807.846,183663.22,181082.0,54599.3,134709.4,-46703.613,52686.15,14710.958,-54621.383,17968.994,20446.93,14062.891,13349.178
5812.4375,93336.75,15207.793,18143.158,33968.1,187356.17,183741.9,58365.883,137734.52,-42232.19,56828.55,18619.742,-50055.125,3152.9373,18237.729,226.24435,17525.354
5812.4595,111423.2,34449.805,35233.617,49566.38,187500.0,187500.0,77037.35,156967.08,-28469.104,74552.71,35887.36,-33458.348,-2828.077,21224.86,-5989.597,32377.643
5812.482,110965.125,34678.15,32944.816,46120.1,187500.0,187500.0,75612.695,156390.89,-31328.496,72477.84,34109.12,-36260.098,13185.831,24266.754,8810.566,29915.89
5812.5044,92633.08,16013.259,15534.955,30079.885,185391.88,183303.53,56638.81,136877.12,-45703.82,54246.543,16478.87,-53628.742,19368.637,21170.59,15292.506,14407.9795
5812.527,91242.086,14820.37,15971.059,31646.807,185336.73,181771.19,56083.703,135444.78,-44549.598,54236.17,16364.964,-53143.285,5798.2217,18237.35,2747.052,15001.575
5812.549,108820.56,33718.566,32989.34,47270.88,187500.0,187500.0,74446.05,154145.83,-30604.525,71823.41,33451.574,-36598.684,-3616.4006,20426.746,-6621.749,29915.666
5812.5713,113327.19,39300.27,35478.613,48122.75,187500.0,187500.0,78188.82,158829.28,-29597.154,74685.39,36462.516,-34732.26,9996.081,24150.77,5759.8213,31629.977
5812.5938,95403.086,21182.168,17973.643,31816.01,187500.0,186103.55,59396.637,139717.03,-44198.945,56460.953,18880.207,-52231.715,20137.648,21922.904,15902.439,16045.289
5812.616,89906.56,15644.724,14434.578,29861.955,183877.77,180493.3,54547.375,133908.27,-46307.027,52289.023,14744.284,-55625.066,8547.955,18402.305,5352.483,13097.81
5812.6387,105890.03,32689.404,30317.818,44783.355,187500.0,187500.0,71459.27,150950.08,-32950.76,68650.5,30601.082,-39981.977,-3578.5366,19685.943,-6461.4873,27201.94
5812.6606,114880.15,42808.758,37226.7,49796.336,187500.0,187500.0,79925.62,160422.25,-28232.398,76101.51,38026.49,-33629.965,6727.808,23799.379,2694.9946,32848.234
5812.683,98575.47,26322.734,20792.51,34168.867,187500.0,187500.0,62570.42,143033.2,-42118.535,59116.77,21639.508,-49995.8,20211.432,22623.387,15863.793,18223.535
5812.7056,89238.65,16672.145,13432.46,28662.469,183015.33,179931.25,53659.188,133144.78,-47538.387,50961.062,13614.962,-57056.316,11245.074,18710.11,7891.082,11853.645
5812.728,102779.6,30949.367,27351.695,42058.676,187500.0,187500.0,68229.62,147607.45,-35586.418,65213.785,27361.352,-43138.645,-2784.2676,19074.957,-5596.5195,24370.42
5812.75,115527.65,44817.082,38112.164,50759.36,187500.0,187500.0,80733.7,161088.33,-27620.453,76620.24,38590.42,-32883.797,3638.0593,23291.123,-176.1094,33454.125
5812.7725,101951.41,31144.23,23872.244,36879.13,187500.0,187500.0,66003.49,146583.08,-39892.258,62035.06,24547.246,-47138.6,19533.37,23249.549,15098.381,20743.582
5812.795,89197.055,17923.016,12988.42,28068.293,182698.61,180024.94,53418.168,133047.22,-48384.668,50260.336,13004.268,-57761.51,13776.342,19151.871,10249.192,11193.933
5812.8174,99579.04,28829.928,24174.598,39246.96,187500.0,187500.0,64867.8,144161.75,-38489.996,61626.58,23900.408,-46478.53,-1327.6937,18589.41,-4116.901,21397.84
5812.84,115187.26,45613.004,37997.387,50941.75,187500.0,187500.0,80531.53,160712.98,-27815.674,76208.55,38159.324,-33110.22,831.19434,22621.42,-2744.4814,33283.133
5812.862,105423.99,35949.723,27082.336,39821.6,187500.0,187500.0,69613.3,150256.67,-37530.37,65176.746,27567.078,-44151.336,18051.248,23748.686,13581.948,23449.64
5812.8843,89881.98,19822.803,13216.944,28044.287,183202.3,180925.27,53981.453,133748.58,-48677.652,50385.438,13099.598,-57757.266,16089.21,19736.771,12383.649,11199.097
5812.9067,96522.21,26709.643,21119.27,36361.555,187500.0,187339.33,61675.484,140882.84,-41418.098,58225.914,20530.39,-49702.594,747.17413,18277.76,-2087.5188,18491.555
5812.929,113860.81,45159.824,37051.527,50150.03,187500.0,187500.0,79351.72,159283.52,-28823.781,74898.71,36746.07,-34183.707,-1378.9463,21853.883,-4731.3506,32298.516
5812.951,108618.62,40194.72,30283.352,42564.7,187500.0,187500.0,73053.086,153599.36,-35294.727,68183.55,30342.674,-41204.93,15878.567,24054.523,11428.648,26022.863
5812.9736,91162.445,22102.703,14192.799,28477.062,184171.88,182404.19,55329.016,135012.17,-48491.418,51134.176,13684.476,-57067.83,18009.316,20391.207,14113.764,11729.033
5812.996,93802.36,24785.895,18441.197,33616.418,187500.0,184877.86,59025.44,137861.78,-44226.484,55038.914,17223.271,-52618.445,3164.9849,18113.027,241.3318,15725.078
5813.0186,111821.29,43856.74,35456.688,48646.918,187500.0,187500.0,77664.805,156995.42,-30482.395,72685.6,34275.082,-35954.75,-2938.6287,21037.844,-6095.902,30551.662
5813.0405,111547.32,44062.58,33326.85,45133.492,187500.0,187500.0,76441.66,156557.4,-33191.582,70768.6,32468.01,-38439.57,13097.34,24147.506,8729.786,28275.762
5813.063,93321.35,25181.006,15999.289,29612.957,185832.03,184539.92,57593.81,137086.33,-47548.11,52540.527,14612.743,-55572.652,19417.79,21117.348,15353.549,12839.691
5813.0854,91853.36,23482.766,16325.245,31337.615,185670.02,182903.86,56969.68,135526.98,-46476.676,52337.15,14114.523,-54993.496,5839.103,18138.643,2789.5425,13349.87
5813.108,109328.06,41823.355,33203.203,46617.47,187500.0,187500.0,75216.734,154108.72,-32541.994,69768.49,30920.287,-38359.71,-3641.077,20263.467,-6647.3867,28219.033
5813.1304,113841.484,46975.95,35677.926,47276.332,187500.0,187500.0,78957.81,158785.6,-31474.273,72613.31,33788.26,-36314.457,10014.454,24017.152,5780.586,29983.258
5813.1523,95941.984,28489.22,18202.613,31248.725,187500.0,186961.53,60216.676,139642.55,-46123.477,54331.684,16007.761,-53642.043,20202.09,21842.305,15969.338,14402.704
5813.175,90379.64,22527.05,14605.055,29440.223,183995.6,181399.75,55338.63,133713.4,-48365.29,49980.156,11642.175,-56955.35,8577.616,18302.727,5375.17,11382.582
5813.1973,106281.23,39143.316,30407.494,44085.824,187500.0,187500.0,72182.69,150690.64,-35071.05,66184.09,27391.639,-41270.176,-3596.3733,19530.91,-6486.1187,25436.486
5813.2197,115260.21,48919.543,37310.9,48833.824,187500.0,187500.0,80644.05,160198.95,-30340.953,73608.234,34844.223,-34812.664,6746.3823,23650.002,2701.633,31106.41
5813.2417,98959.65,32133.225,20891.752,33362.527,187500.0,187500.0,63325.734,142793.97,-44294.363,56564.31,18375.236,-51130.332,20313.49,22520.502,15945.444,16455.488
5813.264,89507.43,22087.078,13426.045,27991.0,182887.67,180622.64,54333.09,132753.89,-49830.043,48217.742,10122.234,-58287.07,11356.251,18592.361,7979.036,9962.15
5813.2866,102946.016,36009.402,27240.229,41297.62,187500.0,187500.0,68806.0,147153.48,-37905.344,62318.14,23757.111,-44473.445,-2782.6135,18871.535,-5618.8486,22386.928
5813.309,115742.61,49699.574,38051.86,49929.33,187500.0,187500.0,81356.33,160782.83,-29805.562,73831.016,35147.113,-34116.43,3535.8225,23066.129,-289.2763,31560.35
5813.3315,102278.055,35931.887,23938.787,36245.21,187500.0,187500.0,66774.63,146486.06,-41999.29,59393.04,21252.51,-48194.43,19535.09,23095.836,15083.83,18944.646
5813.3535,89403.945,22379.44,12965.376,27494.277,182616.23,180761.97,54127.188,132928.55,-50577.797,47524.215,9632.508,-58817.258,13883.63,19012.373,10335.85,9297.88
5813.376,99627.38,32914.688,24027.41,38540.332,187500.0,187500.0,65442.598,144014.22,-40716.254,58755.477,20487.61,-47614.605,-1316.4955,18365.715,-4124.992,19363.094
5813.3984,115282.55,49567.52,37907.242,50138.473,187500.0,187500.0,81143.9,160762.67,-29880.283,73452.82,35019.395,-34134.152,728.73395,22369.94,-2863.102,31294.588
5813.421,105609.516,39846.324,27077.328,39096.223,187500.0,187500.0,70326.28,150490.6,-39481.43,62572.613,24708.268,-45004.992,18061.396,23576.174,13568.582,21519.568
5813.443,89927.555,23444.656,13069.579,27359.676,182978.6,181576.28,54594.227,133895.2,-50709.227,47664.293,10270.158,-58675.457,16193.906,19572.283,12461.97,9108.046
5813.4653,96413.07,30054.783,20797.54,35577.23,187500.0,187500.0,62157.344,140963.92,-43433.13,55397.996,17790.36,-50711.1,747.2412,18035.668,-2097.5325,16269.343
5813.488,113838.93,48490.86,36747.566,49345.77,187500.0,187500.0,79908.68,159581.77,-30594.713,72231.164,34366.297,-35071.742,-1526.6466,21573.615,-4876.5923,30167.928
5813.5103,108741.71,43604.434,30033.773,41873.492,187500.0,187500.0,73718.09,154147.12,-36796.047,65783.64,28341.81,-41867.703,15856.35,23861.227,11394.764,24061.63
5813.5327,91177.086,25334.385,13764.294,27828.168,184031.05,183033.27,55821.67,135528.23,-49966.566,48736.816,11758.94,-57739.496,18115.71,20230.967,14197.247,9714.248
5813.5547,93608.77,27703.088,17720.621,32890.816,187444.92,185310.92,59255.574,138275.97,-45703.754,52582.77,15416.603,-53365.24,3180.251,17884.326,237.68846,13625.0205
5813.577,111567.98,46614.676,34601.395,47882.2,187500.0,187500.0,77786.0,157487.19,-31849.314,70345.59,32808.023,-36575.816,-3014.3787,20763.05,-6179.7656,28515.082
5813.5996,111310.51,46767.742,32386.56,44422.06,187500.0,187500.0,76562.58,157201.31,-34400.81,68669.766,31448.703,-38791.3,13092.468,23936.44,8720.3545,26413.258
5813.622,92966.945,27725.059,14856.513,28939.117,185596.28,185030.72,57623.74,137742.8,-48741.2,50507.656,13850.571,-55835.53,19488.666,20947.363,15400.666,11017.377
5813.644,91269.664,25758.508,14925.4,30582.262,185312.52,183291.23,56799.203,136083.75,-47699.875,50250.902,13505.572,-55285.543,5857.789,17929.207,2799.5784,11475.945
5813.6665,108664.75,43969.527,31724.68,45827.65,187500.0,187500.0,74969.055,154702.89,-33656.14,67786.05,30615.209,-38549.99,-3758.4238,20014.156,-6747.4556,26415.918
5813.689,113298.94,49207.95,34319.516,46645.812,187500.0,187500.0,78837.31,159614.62,-32336.312,70984.99,33985.18,-36214.457,9888.569,23838.605,5668.2017,28433.162
5813.7114,95291.414,30646.166,16790.16,30714.674,187500.0,187500.0,60063.59,140547.64,-46943.54,52838.832,16421.0,-53489.69,20265.166,21741.342,16022.804,12907.954
5813.734,89333.555,24353.77,12919.644,28781.627,183597.42,181743.08,54894.098,134437.1,-49326.992,48380.71,11957.044,-56992.254,8688.48,18162.045,5481.5645,9721.557
5813.756,105001.055,40771.574,28599.975,43344.125,187500.0,187500.0,71553.44,151303.86,-36007.793,64643.836,27714.129,-41353.793,-3653.7727,19321.229,-6534.801,23743.41
5813.7783,114117.7,50731.176,35710.67,48283.547,187500.0,187500.0,80174.91,161014.38,-30963.45,72490.83,35508.832,-34616.324,6556.795,23491.998,2529.4353,29684.527
5813.801,97864.68,34098.168,19391.19,33000.85,187500.0,187500.0,62954.492,143759.97,-44748.62,55731.01,19269.217,-50787.95,20290.223,22465.941,15930.088,15175.517
5813.823,88120.26,23884.137,11706.078,27511.824,182559.28,180859.06,53734.78,133547.23,-50408.035,47290.324,10909.775,-58118.625,11455.136,18524.635,8082.7485,8511.857
5813.845,101322.09,37653.504,25355.998,40567.367,187500.0,187500.0,67997.76,147762.97,-38527.348,61341.66,24473.44,-44405.79,-2803.423,18737.09,-5617.865,20826.932
5813.8677,114278.86,51558.504,36359.965,49209.29,187500.0,187500.0,80702.945,161542.7,-30172.264,73175.98,36143.78,-33792.64,3391.2737,22965.904,-415.16132,30215.156
5813.89,100914.84,37967.77,22362.676,35658.926,187500.0,187500.0,66233.83,147312.64,-42217.13,58951.88,22383.373,-47742.457,19603.062,23104.799,15146.393,17725.54
