Tm,Oz,Po7,Po4,Po3,P4,P3,Po8,Pz,Fz,F2,F3,F4,AF3,Cz,AF4,F1
3938.5115,-187500.03,-187500.03,-187500.03,-187500.03,-187500.03,-187500.03,-187500.03,-187500.03,-187500.03,-119877.87,-157719.52,-187500.03,-116501.14,-181303.69,-187500.03,-167219.5
3938.534,-187500.03,-187500.03,-187500.03,-187500.03,-187500.03,-187500.03,-187500.03,-187500.03,-187500.03,-118264.97,-155862.34,-187500.03,-116350.13,-180090.25,-187500.03,-166768.58
3938.5562,-187500.03,-187500.03,-187500.03,-187500.03,-187500.03,-187500.03,-187500.03,-187500.03,-187500.03,-109597.06,-149119.14,-176774.5,-109768.62,-174128.95,-172384.44,-158263.81
3938.5786,-187500.03,-187500.03,-187500.03,-187500.03,-187500.03,-187500.03,-187500.03,-187500.03,-187500.03,-109639.4,-149651.97,-173709.38,-108856.22,-174231.56,-172189.45,-157287.31
3938.6008,-187500.03,-187500.03,-187500.03,-187500.03,-187500.03,-187500.03,-187500.03,-187500.03,-187500.03,-118565.26,-156769.22,-187500.03,-115393.875,-180406.58,-187500.03,-165809.73
3938.6233,-187500.03,-187500.03,-187500.03,-187500.03,-187500.03,-187500.03,-187500.03,-187500.03,-187500.03,-119633.05,-157003.81,-187500.03,-117221.72,-181046.28,-187500.03,-167936.31
3938.6455,-187500.03,-187500.03,-187500.03,-187500.03,-187500.03,-187500.03,-187500.03,-187500.03,-187500.03,-110660.625,-149895.52,-179660.39,-110689.73,-174850.06,-174553.02,-159427.2
3938.668,-187500.03,-187500.03,-187500.03,-187500.03,-187500.03,-187500.03,-187500.03,-187500.03,-187500.03,-108817.99,-148910.73,-172147.66,-108378.78,-173654.02,-170588.12,-156643.31
3938.6902,-187500.03,-187500.03,-187500.03,-187500.03,-187500.03,-187500.03,-187500.03,-187500.03,-187500.03,-116969.54,-155568.56,-187500.03,-114113.46,-179311.94,-185966.31,-164171.12
3938.7126,-187500.03,-187500.03,-187500.03,-187500.03,-187500.03,-187500.03,-187500.03,-187500.03,-187500.03,-120632.016,-157878.88,-187500.03,-117780.72,-181752.47,-187500.03,-168714.66
3938.735,-187500.03,-187500.03,-187500.03,-187500.03,-187500.03,-187500.03,-187500.03,-187500.03,-187500.03,-111993.1,-150898.56,-182834.39,-111776.0,-175758.77,-177208.98,-160816.98
3938.7573,-187500.03,-187500.03,-187500.03,-187500.03,-187500.03,-187500.03,-187500.03,-187500.03,-187500.03,-108341.234,-148438.86,-171478.44,-108182.6,-173310.88,-169669.86,-156356.47
3938.7798,-187500.03,-187500.03,-187500.03,-187500.03,-187500.03,-187500.03,-187500.03,-187500.03,-187500.03,-115255.63,-154244.17,-185004.73,-112797.945,-178128.67,-182848.05,-162465.78
3938.802,-187500.03,-187500.03,-187500.03,-187500.03,-187500.03,-187500.03,-187500.03,-187500.03,-187500.03,-121164.055,-158400.58,-187500.03,-117977.63,-182133.58,-187500.03,-169018.17
3938.8245,-187500.03,-187500.03,-187500.03,-187500.03,-187500.03,-187500.03,-187500.03,-187500.03,-187500.03,-113537.56,-152080.75,-185993.62,-112973.3,-176812.3,-180183.28,-162355.6
3938.8467,-187500.03,-187500.03,-187500.03,-187500.03,-187500.03,-187500.03,-187500.03,-187500.03,-187500.03,-108203.45,-148232.94,-171707.16,-108248.96,-173200.52,-169431.9,-156406.45
3938.8691,-187500.03,-187500.03,-187500.03,-187500.03,-187500.03,-187500.03,-187500.03,-187500.03,-187500.03,-113530.14,-152874.11,-181655.95,-111515.58,-176933.88,-179642.28,-160798.64
3938.8914,-187500.03,-187500.03,-187500.03,-187500.03,-187500.03,-187500.03,-187500.03,-187500.03,-187500.03,-121168.99,-158518.19,-187500.03,-117777.5,-182155.97,-187500.03,-168808.25
3938.9138,-187500.03,-187500.03,-187500.03,-187500.03,-187500.03,-187500.03,-187500.03,-187500.03,-187500.03,-115208.805,-153388.2,-187500.03,-114211.984,-177963.19,-183315.0,-163962.31
3938.9363,-187500.03,-187500.03,-187500.03,-187500.03,-187500.03,-187500.03,-187500.03,-187500.03,-187500.03,-108395.73,-148294.52,-172807.78,-108564.5,-173317.58,-169868.17,-156776.58
3938.9585,-187500.03,-187500.03,-187500.03,-187500.03,-187500.03,-187500.03,-187500.03,-187500.03,-187500.03,-111947.305,-151585.61,-178452.84,-110382.86,-175833.06,-176651.03,-159315.16
3938.981,-187500.03,-187500.03,-187500.03,-187500.03,-187500.03,-187500.03,-187500.03,-187500.03,-187500.03,-120665.7,-158230.44,-187500.03,-117214.32,-181823.55,-187500.03,-168122.28
3939.0032,-187500.03,-187500.03,-187500.03,-187500.03,-187500.03,-187500.03,-187500.03,-187500.03,-187500.03,-116887.95,-154724.78,-187500.03,-115402.35,-179124.44,-186335.97,-165524.53
3939.0256,-187500.03,-187500.03,-187500.03,-187500.03,-187500.03,-187500.03,-187500.03,-187500.03,-187500.03,-108903.89,-148616.58,-174663.73,-109106.734,-173654.97,-170948.75,-157448.42
3939.0479,-187500.03,-187500.03,-187500.03,-187500.03,-187500.03,-187500.03,-187500.03,-187500.03,-187500.03,-110570.55,-150437.53,-175614.1,-109437.23,-174874.66,-173999.72,-158075.77
3939.0703,-187500.03,-187500.03,-187500.03,-187500.03,-187500.03,-187500.03,-187500.03,-187500.03,-187500.03,-119693.086,-157568.16,-187500.03,-116326.68,-181167.08,-187500.03,-167009.92
3939.0925,-187500.03,-187500.03,-187500.03,-187500.03,-187500.03,-187500.03,-187500.03,-187500.03,-187500.03,-118470.086,-156013.55,-187500.03,-116471.56,-180223.6,-187500.03,-166939.22
3939.115,-187500.03,-187500.03,-187500.03,-187500.03,-187500.03,-187500.03,-187500.03,-187500.03,-187500.03,-109720.78,-149189.9,-177160.62,-109870.72,-174204.3,-172649.44,-158399.47
3939.1372,-187500.03,-187500.03,-187500.03,-187500.03,-187500.03,-187500.03,-187500.03,-187500.03,-187500.03,-109478.06,-149493.86,-173404.19,-108741.8,-174111.92,-171881.31,-157145.58
3939.1597,-187500.03,-187500.03,-187500.03,-187500.03,-187500.03,-187500.03,-187500.03,-187500.03,-187500.03,-118327.91,-156574.31,-187500.03,-115186.37,-180237.92,-187500.03,-165555.6
3939.1821,-187500.03,-187500.03,-187500.03,-187500.03,-187500.03,-187500.03,-187500.03,-187500.03,-187500.03,-119788.195,-157120.03,-187500.03,-117296.89,-181149.14,-187500.03,-168053.19
3939.2043,-187500.03,-187500.03,-187500.03,-187500.03,-187500.03,-187500.03,-187500.03,-187500.03,-187500.03,-110826.37,-150001.88,-180106.16,-110816.195,-174956.1,-174893.52,-159599.22
3939.2268,-187500.03,-187500.03,-187500.03,-187500.03,-187500.03,-187500.03,-187500.03,-187500.03,-187500.03,-108715.445,-148798.56,-171987.31,-108313.02,-173574.02,-170394.2,-156563.0
3939.249,-187500.03,-187500.03,-187500.03,-187500.03,-187500.03,-187500.03,-187500.03,-187500.03,-187500.03,-116717.15,-155357.02,-187500.03,-113905.695,-179130.16,-185512.84,-163909.95
3939.2715,-187500.03,-187500.03,-187500.03,-187500.03,-187500.03,-187500.03,-187500.03,-187500.03,-187500.03,-120728.8,-157951.48,-187500.03,-117811.94,-181813.84,-187500.03,-168770.45
3939.2937,-187500.03,-187500.03,-187500.03,-187500.03,-187500.03,-187500.03,-187500.03,-187500.03,-187500.03,-112194.67,-151035.19,-183281.11,-111921.16,-175888.97,-177600.22,-161013.27
3939.3162,-187500.03,-187500.03,-187500.03,-187500.03,-187500.03,-187500.03,-187500.03,-187500.03,-187500.03,-108294.625,-148372.23,-171449.34,-108156.9,-173270.2,-169581.1,-156330.81
3939.3384,-187500.03,-187500.03,-187500.03,-187500.03,-187500.03,-187500.03,-187500.03,-187500.03,-187500.03,-115001.11,-154028.25,-184522.42,-112592.49,-177947.05,-182371.06,-162211.78
3939.3608,-187500.03,-187500.03,-187500.03,-187500.03,-187500.03,-187500.03,-187500.03,-187500.03,-187500.03,-121188.125,-158419.47,-187500.03,-117952.6,-182148.1,-187500.03,-169005.66
3939.3833,-187500.03,-187500.03,-187500.03,-187500.03,-187500.03,-187500.03,-187500.03,-187500.03,-187500.03,-113750.664,-152232.25,-186403.36,-113120.414,-176955.19,-180589.23,-162558.7
3939.4055,-187500.03,-187500.03,-187500.03,-187500.03,-187500.03,-187500.03,-187500.03,-187500.03,-187500.03,-108206.38,-148209.38,-171809.95,-108261.33,-173197.03,-169449.1,-156429.61
3939.428,-187500.03,-187500.03,-187500.03,-187500.03,-187500.03,-187500.03,-187500.03,-187500.03,-187500.03,-113321.49,-152692.03,-181244.19,-111352.98,-176785.25,-179252.55,-160596.42
3939.4502,-187500.03,-187500.03,-187500.03,-187500.03,-187500.03,-187500.03,-187500.03,-187500.03,-187500.03,-121135.42,-158489.19,-187500.03,-117716.79,-182130.12,-187500.03,-168744.3
3939.4727,-187500.03,-187500.03,-187500.03,-187500.03,-187500.03,-187500.03,-187500.03,-187500.03,-187500.03,-115407.47,-153530.36,-187500.03,-114343.45,-178095.77,-183670.34,-164144.2
3939.4949,-187500.03,-187500.03,-187500.03,-187500.03,-187500.03,-187500.03,-187500.03,-187500.03,-187500.03,-108437.68,-148305.81,-172991.0,-108603.53,-173341.4,-169960.6,-156834.7
3939.5173,-187500.03,-187500.03,-187500.03,-187500.03,-187500.03,-187500.03,-187500.03,-187500.03,-187500.03,-111760.31,-151419.77,-178069.2,-110238.625,-175701.08,-176285.9,-159138.48
3939.5396,-187500.03,-187500.03,-187500.03,-187500.03,-187500.03,-187500.03,-187500.03,-187500.03,-187500.03,-120571.95,-158159.12,-187500.03,-117110.13,-181759.44,-187500.03,-168001.84
3939.562,-187500.03,-187500.03,-187500.03,-187500.03,-187500.03,-187500.03,-187500.03,-187500.03,-187500.03,-117098.98,-154884.02,-187500.03,-115538.0,-179269.0,-186695.11,-165710.75
3939.5845,-187500.03,-187500.03,-187500.03,-187500.03,-187500.03,-187500.03,-187500.03,-187500.03,-187500.03,-108993.99,-148668.08,-174951.42,-109186.69,-173713.22,-171132.12,-157550.9
3939.6067,-187500.03,-187500.03,-187500.03,-187500.03,-187500.03,-187500.03,-187500.03,-187500.03,-187500.03,-110415.875,-150294.94,-175299.12,-109329.41,-174764.28,-173700.02,-157934.23
3939.6292,-187500.03,-187500.03,-187500.03,-187500.03,-187500.03,-187500.03,-187500.03,-187500.03,-187500.03,-119534.63,-157442.5,-187500.03,-116183.68,-181056.58,-187500.03,-166831.08
3939.6514,-187500.03,-187500.03,-187500.03,-187500.03,-187500.03,-187500.03,-187500.03,-187500.03,-187500.03,-118662.23,-156159.55,-187500.03,-116586.945,-180356.2,-187500.03,-167100.28
3939.6738,-187500.03,-187500.03,-187500.03,-187500.03,-187500.03,-187500.03,-187500.03,-187500.03,-187500.03,-109853.04,-149275.83,-177524.36,-109976.28,-174292.88,-172913.95,-158539.88
3939.696,-187500.03,-187500.03,-187500.03,-187500.03,-187500.03,-187500.03,-187500.03,-187500.03,-187500.03,-109356.16,-149376.95,-173158.77,-108658.695,-174025.2,-171635.67,-157039.92
3939.7185,-187500.03,-187500.03,-187500.03,-187500.03,-187500.03,-187500.03,-187500.03,-187500.03,-187500.03,-118120.84,-156410.88,-187500.03,-115009.83,-180093.84,-187500.03,-165331.55
3939.7407,-187500.03,-187500.03,-187500.03,-187500.03,-187500.03,-187500.03,-187500.03,-187500.03,-187500.03,-119960.59,-157256.83,-187500.03,-117394.92,-181267.7,-187500.03,-168186.92
3939.7632,-187500.03,-187500.03,-187500.03,-187500.03,-187500.03,-187500.03,-187500.03,-187500.03,-187500.03,-111013.27,-150132.25,-180551.55,-110965.84,-175080.8,-175257.84,-159789.92
3939.7856,-187500.03,-187500.03,-187500.03,-187500.03,-187500.03,-187500.03,-187500.03,-187500.03,-187500.03,-108638.78,-148716.77,-171850.03,-108273.91,-173518.58,-170235.11,-156506.0
3939.8079,-187500.03,-187500.03,-187500.03,-187500.03,-187500.03,-187500.03,-187500.03,-187500.03,-187500.03,-116471.5,-155161.36,-187263.61,-113709.336,-178962.52,-185056.38,-163654.47
3939.8303,-187500.03,-187500.03,-187500.03,-187500.03,-187500.03,-187500.03,-187500.03,-187500.03,-187500.03,-120838.99,-158044.1,-187500.03,-117858.586,-181895.28,-187500.03,-168837.38
3939.8525,-187500.03,-187500.03,-187500.03,-187500.03,-187500.03,-187500.03,-187500.03,-187500.03,-187500.03,-112423.82,-151201.47,-183755.02,-112095.92,-176048.62,-178035.94,-161237.38
3939.875,-187500.03,-187500.03,-187500.03,-187500.03,-187500.03,-187500.03,-187500.03,-187500.03,-187500.03,-108263.56,-148325.83,-171446.25,-108154.195,-173248.97,-169519.75,-156321.81
3939.8972,-187500.03,-187500.03,-187500.03,-187500.03,-187500.03,-187500.03,-187500.03,-187500.03,-187500.03,-114734.55,-153808.45,-184010.47,-112387.14,-177762.62,-181876.8,-161944.2
3939.9197,-187500.03,-187500.03,-187500.03,-187500.03,-187500.03,-187500.03,-187500.03,-187500.03,-187500.03,-121223.8,-158455.47,-187500.03,-117942.85,-182177.05,-187500.03,-168998.69
3939.942,-187500.03,-187500.03,-187500.03,-187500.03,-187500.03,-187500.03,-187500.03,-187500.03,-187500.03,-114017.26,-152430.9,-186878.27,-113316.57,-177139.5,-181079.45,-162811.03
3939.9644,-187500.03,-187500.03,-187500.03,-187500.03,-187500.03,-187500.03,-187500.03,-187500.03,-187500.03,-108228.555,-148204.52,-171945.38,-108300.51,-173209.06,-169491.16,-156473.23
3939.9868,-187500.03,-187500.03,-187500.03,-187500.03,-187500.03,-187500.03,-187500.03,-187500.03,-187500.03,-113048.4,-152463.58,-180692.05,-111148.01,-176595.08,-178733.73,-160331.28
3940.009,-187500.03,-187500.03,-187500.03,-187500.03,-187500.03,-187500.03,-187500.03,-187500.03,-187500.03,-121077.93,-158454.97,-187500.03,-117633.24,-182095.7,-187500.03,-168649.55
3940.0315,-187500.03,-187500.03,-187500.03,-187500.03,-187500.03,-187500.03,-187500.03,-187500.03,-187500.03,-115709.82,-153760.53,-187500.03,-114554.91,-178308.72,-184218.1,-164426.88
3940.0537,-187500.03,-187500.03,-187500.03,-187500.03,-187500.03,-187500.03,-187500.03,-187500.03,-187500.03,-108511.375,-148342.08,-173276.64,-108684.375,-173393.72,-170117.44,-156937.53
3940.0762,-187500.03,-187500.03,-187500.03,-187500.03,-187500.03,-187500.03,-187500.03,-187500.03,-187500.03,-111505.234,-151202.64,-177541.3,-110059.586,-175526.11,-175798.23,-158904.52
3940.0984,-187500.03,-187500.03,-187500.03,-187500.03,-187500.03,-187500.03,-187500.03,-187500.03,-187500.03,-120419.18,-158049.84,-187500.03,-116963.53,-181658.5,-187500.03,-167819.5
3940.1208,-187500.03,-187500.03,-187500.03,-187500.03,-187500.03,-187500.03,-187500.03,-187500.03,-187500.03,-117383.8,-155104.1,-187500.03,-115728.08,-179467.62,-187194.31,-165964.6
3940.143,-187500.03,-187500.03,-187500.03,-187500.03,-187500.03,-187500.03,-187500.03,-187500.03,-187500.03,-109117.4,-148744.45,-175346.73,-109300.3,-173798.03,-171391.86,-157696.95
3940.1655,-187500.03,-187500.03,-187500.03,-187500.03,-187500.03,-187500.03,-187500.03,-187500.03,-187500.03,-110211.96,-150115.27,-174876.17,-109189.21,-174626.4,-173303.55,-157755.78
3940.1877,-187500.03,-187500.03,-187500.03,-187500.03,-187500.03,-187500.03,-187500.03,-187500.03,-187500.03,-119317.195,-157281.2,-187500.03,-115991.41,-180914.33,-187500.03,-166593.83
3940.2102,-187500.03,-187500.03,-187500.03,-187500.03,-187500.03,-187500.03,-187500.03,-187500.03,-187500.03,-118903.0,-156353.9,-187500.03,-116735.41,-180529.95,-187500.03,-167307.12
3940.2327,-187500.03,-187500.03,-187500.03,-187500.03,-187500.03,-187500.03,-187500.03,-187500.03,-187500.03,-110023.11,-149393.72,-177993.52,-110120.45,-174411.58,-173258.53,-158729.27
3940.255,-187500.03,-187500.03,-187500.03,-187500.03,-187500.03,-187500.03,-187500.03,-187500.03,-187500.03,-109218.54,-149248.92,-172889.1,-108574.23,-173930.38,-171361.98,-156931.77
3940.2773,-187500.03,-187500.03,-187500.03,-187500.03,-187500.03,-187500.03,-187500.03,-187500.03,-187500.03,-117869.07,-156215.9,-187500.03,-114801.89,-179923.11,-187500.03,-165071.31
3940.2996,-187500.03,-187500.03,-187500.03,-187500.03,-187500.03,-187500.03,-187500.03,-187500.03,-187500.03,-120120.92,-157388.45,-187500.03,-117476.28,-181384.5,-187500.03,-168310.66
3940.322,-187500.03,-187500.03,-187500.03,-187500.03,-187500.03,-187500.03,-187500.03,-187500.03,-187500.03,-111215.98,-150277.69,-181037.42,-111120.11,-175223.17,-175657.25,-160000.03
3940.3442,-187500.03,-187500.03,-187500.03,-187500.03,-187500.03,-187500.03,-187500.03,-187500.03,-187500.03,-108566.13,-148640.88,-171738.78,-108231.086,-173469.7,-170085.97,-156461.39
3940.3667,-187500.03,-187500.03,-187500.03,-187500.03,-187500.03,-187500.03,-187500.03,-187500.03,-187500.03,-116224.42,-154966.1,-186808.64,-113508.24,-178794.48,-184607.33,-163407.73
3940.389,-187500.03,-187500.03,-187500.03,-187500.03,-187500.03,-187500.03,-187500.03,-187500.03,-187500.03,-120926.86,-158122.08,-187500.03,-117885.68,-181959.58,-187500.03,-168890.42
3940.4114,-187500.03,-187500.03,-187500.03,-187500.03,-187500.03,-187500.03,-187500.03,-187500.03,-187500.03,-112647.516,-151367.2,-184211.73,-112262.086,-176202.78,-178455.95,-161458.78
3940.4338,-187500.03,-187500.03,-187500.03,-187500.03,-187500.03,-187500.03,-187500.03,-187500.03,-187500.03,-108243.47,-148292.45,-171460.48,-108156.79,-173235.39,-169471.67,-156326.34
3940.456,-187500.03,-187500.03,-187500.03,-187500.03,-187500.03,-187500.03,-187500.03,-187500.03,-187500.03,-114502.65,-153621.69,-183546.42,-112208.46,-177605.94,-181436.28,-161716.47
3940.4785,-187500.03,-187500.03,-187500.03,-187500.03,-187500.03,-187500.03,-187500.03,-187500.03,-187500.03,-121240.67,-158478.36,-187500.03,-117920.125,-182195.8,-187500.03,-168979.08
3940.5007,-187500.03,-187500.03,-187500.03,-187500.03,-187500.03,-187500.03,-187500.03,-187500.03,-187500.03,-114256.33,-152612.02,-187293.47,-113487.56,-177310.02,-181519.56,-163035.75
3940.5232,-187500.03,-187500.03,-187500.03,-187500.03,-187500.03,-187500.03,-187500.03,-187500.03,-187500.03,-108258.24,-148213.89,-172085.8,-108341.12,-173235.3,-169540.28,-156523.25
3940.5454,-187500.03,-187500.03,-187500.03,-187500.03,-187500.03,-187500.03,-187500.03,-187500.03,-187500.03,-112860.266,-152309.1,-180293.3,-111011.8,-176471.52,-178356.58,-160150.34
3940.5679,-187500.03,-187500.03,-187500.03,-187500.03,-187500.03,-187500.03,-187500.03,-187500.03,-187500.03,-121038.44,-158433.7,-187500.03,-117579.95,-182076.02,-187500.03,-168577.06
3940.59,-187500.03,-187500.03,-187500.03,-187500.03,-187500.03,-187500.03,-187500.03,-187500.03,-187500.03,-115933.47,-153934.42,-187500.03,-114714.9,-178467.3,-184595.69,-164624.83
3940.6125,-187500.03,-187500.03,-187500.03,-187500.03,-187500.03,-187500.03,-187500.03,-187500.03,-187500.03,-108587.44,-148390.16,-173501.94,-108760.55,-173448.67,-170249.9,-157020.17
3940.635,-187500.03,-187500.03,-187500.03,-187500.03,-187500.03,-187500.03,-187500.03,-187500.03,-187500.03,-111362.92,-151081.98,-177218.52,-109961.086,-175432.78,-175501.14,-158764.06
3940.6572,-187500.03,-187500.03,-187500.03,-187500.03,-187500.03,-187500.03,-187500.03,-187500.03,-187500.03,-120334.086,-157992.02,-187500.03,-116878.93,-181608.94,-187500.03,-167704.17
3940.6797,-187500.03,-187500.03,-187500.03,-187500.03,-187500.03,-187500.03,-187500.03,-187500.03,-187500.03,-117593.12,-155270.52,-187500.03,-115869.34,-179620.45,-187500.03,-166143.0
3940.702,-187500.03,-187500.03,-187500.03,-187500.03,-187500.03,-187500.03,-187500.03,-187500.03,-187500.03,-109230.02,-148821.52,-175656.56,-109399.766,-173880.64,-171603.03,-157814.83
3940.7244,-187500.03,-187500.03,-187500.03,-187500.03,-187500.03,-187500.03,-187500.03,-187500.03,-187500.03,-110103.664,-150017.06,-174630.52,-109120.34,-174556.16,-173062.97,-157654.95
3940.7466,-187500.03,-187500.03,-187500.03,-187500.03,-187500.03,-187500.03,-187500.03,-187500.03,-187500.03,-119186.7,-157183.64,-187500.03,-115877.48,-180829.69,-187500.03,-166438.52
3940.769,-187500.03,-187500.03,-187500.03,-187500.03,-187500.03,-187500.03,-187500.03,-187500.03,-187500.03,-119095.6,-156508.73,-187500.03,-116860.11,-180668.6,-187500.03,-167461.44
3940.7913,-187500.03,-187500.03,-187500.03,-187500.03,-187500.03,-187500.03,-187500.03,-187500.03,-187500.03,-110182.836,-149507.75,-178382.4,-110254.945,-174525.92,-173554.44,-158889.17
3940.8137,-187500.03,-187500.03,-187500.03,-187500.03,-187500.03,-187500.03,-187500.03,-187500.03,-187500.03,-109137.445,-149168.38,-172710.8,-108529.99,-173879.55,-171179.47,-156862.72
3940.8362,-187500.03,-187500.03,-187500.03,-187500.03,-187500.03,-187500.03,-187500.03,-187500.03,-187500.03,-117688.41,-156077.03,-187500.03,-114655.734,-179806.17,-187220.3,-164876.4
3940.8584,-187500.03,-187500.03,-187500.03,-187500.03,-187500.03,-187500.03,-187500.03,-187500.03,-187500.03,-120279.484,-157523.12,-187500.03,-117572.64,-181503.77,-187500.03,-168433.52
3940.8809,-187500.03,-187500.03,-187500.03,-187500.03,-187500.03,-187500.03,-187500.03,-187500.03,-187500.03,-111417.414,-150428.11,-181481.34,-111286.66,-175368.69,-176033.64,-160204.7
3940.903,-187500.03,-187500.03,-187500.03,-187500.03,-187500.03,-187500.03,-187500.03,-187500.03,-187500.03,-108524.27,-148592.44,-171673.17,-108226.43,-173446.83,-169983.5,-156441.62
3940.9255,-187500.03,-187500.03,-187500.03,-187500.03,-187500.03,-187500.03,-187500.03,-187500.03,-187500.03,-116017.94,-154804.45,-186395.88,-113355.17,-178658.62,-184197.08,-163199.8
3940.9478,-187500.03,-187500.03,-187500.03,-187500.03,-187500.03,-187500.03,-187500.03,-187500.03,-187500.03,-121027.51,-158212.33,-187500.03,-117939.68,-182037.8,-187500.03,-168957.38
3940.9702,-187500.03,-187500.03,-187500.03,-187500.03,-187500.03,-187500.03,-187500.03,-187500.03,-187500.03,-112888.78,-151549.5,-184678.44,-112453.26,-176374.27,-178894.61,-161697.58
3940.9924,-187500.03,-187500.03,-187500.03,-187500.03,-187500.03,-187500.03,-187500.03,-187500.03,-187500.03,-108253.88,-148284.14,-171532.6,-108192.125,-173247.39,-169471.83,-156361.5
3941.015,-187500.03,-187500.03,-187500.03,-187500.03,-187500.03,-187500.03,-187500.03,-187500.03,-187500.03,-114293.01,-153454.4,-183110.73,-112056.875,-177469.97,-181020.75,-161514.8
3941.037,-187500.03,-187500.03,-187500.03,-187500.03,-187500.03,-187500.03,-187500.03,-187500.03,-187500.03,-121270.02,-158518.36,-187500.03,-117918.78,-182228.28,-187500.03,-168978.55
3941.0596,-187500.03,-187500.03,-187500.03,-187500.03,-187500.03,-187500.03,-187500.03,-187500.03,-187500.03,-114530.766,-152828.61,-187500.03,-113698.14,-177509.75,-181997.39,-163299.03
3941.082,-187500.03,-187500.03,-187500.03,-187500.03,-187500.03,-187500.03,-187500.03,-187500.03,-187500.03,-108325.164,-148251.9,-172293.97,-108421.12,-173289.03,-169641.3,-156610.92
3941.1042,-187500.03,-187500.03,-187500.03,-187500.03,-187500.03,-187500.03,-187500.03,-187500.03,-187500.03,-112649.75,-152134.27,-179824.31,-110866.375,-176336.38,-177917.4,-159948.34
3941.1267,-187500.03,-187500.03,-187500.03,-187500.03,-187500.03,-187500.03,-187500.03,-187500.03,-187500.03,-120996.484,-158416.12,-187500.03,-117523.734,-182061.6,-187500.03,-168500.02
3941.149,-187500.03,-187500.03,-187500.03,-187500.03,-187500.03,-187500.03,-187500.03,-187500.03,-187500.03,-116239.71,-154176.36,-187500.03,-114936.18,-178691.16,-185105.95,-164906.06
3941.1714,-187500.03,-187500.03,-187500.03,-187500.03,-187500.03,-187500.03,-187500.03,-187500.03,-187500.03,-108712.61,-148473.19,-173862.47,-108881.586,-173544.31,-170467.78,-157164.8
3941.1936,-187500.03,-187500.03,-187500.03,-187500.03,-187500.03,-187500.03,-187500.03,-187500.03,-187500.03,-111178.96,-150922.31,-176806.02,-109839.086,-175314.7,-175106.3,-158596.23
3941.216,-187500.03,-187500.03,-187500.03,-187500.03,-187500.03,-187500.03,-187500.03,-187500.03,-187500.03,-120214.484,-157911.44,-187500.03,-116767.62,-181538.78,-187500.03,-167557.67
3941.2383,-187500.03,-187500.03,-187500.03,-187500.03,-187500.03,-187500.03,-187500.03,-187500.03,-187500.03,-117890.75,-155509.16,-187500.03,-116080.48,-179836.73,-187500.03,-166408.36
3941.2607,-187500.03,-187500.03,-187500.03,-187500.03,-187500.03,-187500.03,-187500.03,-187500.03,-187500.03,-109411.73,-148950.06,-176118.98,-109568.34,-174012.19,-171926.31,-158011.08
3941.2832,-187500.03,-187500.03,-187500.03,-187500.03,-187500.03,-187500.03,-187500.03,-187500.03,-187500.03,-109972.305,-149896.08,-174323.81,-109050.05,-174472.6,-172764.16,-157543.52
3941.3054,-187500.03,-187500.03,-187500.03,-187500.03,-187500.03,-187500.03,-187500.03,-187500.03,-187500.03,-119010.664,-157056.2,-187500.03,-115735.3,-180721.97,-187500.03,-166244.69
3941.328,-187500.03,-187500.03,-187500.03,-187500.03,-187500.03,-187500.03,-187500.03,-187500.03,-187500.03,-119346.39,-156716.0,-187500.03,-117030.65,-180857.58,-187500.03,-167676.27
3941.35,-187500.03,-187500.03,-187500.03,-187500.03,-187500.03,-187500.03,-187500.03,-187500.03,-187500.03,-110413.24,-149678.61,-178909.89,-110454.03,-174697.75,-173963.78,-159128.58
3941.3726,-187500.03,-187500.03,-187500.03,-187500.03,-187500.03,-187500.03,-187500.03,-187500.03,-187500.03,-109083.71,-149108.77,-172578.4,-108520.38,-173852.88,-171021.39,-156831.48
3941.3948,-187500.03,-187500.03,-187500.03,-187500.03,-187500.03,-187500.03,-187500.03,-187500.03,-187500.03,-117498.14,-155932.84,-187500.03,-114511.92,-179686.81,-186823.48,-164677.69
3941.4172,-187500.03,-187500.03,-187500.03,-187500.03,-187500.03,-187500.03,-187500.03,-187500.03,-187500.03,-120471.26,-157685.5,-187500.03,-117697.7,-181649.44,-187500.03,-168586.27
3941.4395,-187500.03,-187500.03,-187500.03,-187500.03,-187500.03,-187500.03,-187500.03,-187500.03,-187500.03,-111683.47,-150626.94,-182014.44,-111506.17,-175561.16,-176491.7,-160466.84
3941.462,-187500.03,-187500.03,-187500.03,-187500.03,-187500.03,-187500.03,-187500.03,-187500.03,-187500.03,-108528.0,-148575.02,-171670.67,-108259.914,-173457.1,-169926.23,-156460.97
3941.4844,-187500.03,-187500.03,-187500.03,-187500.03,-187500.03,-187500.03,-187500.03,-187500.03,-187500.03,-115818.09,-154646.4,-185950.08,-113206.67,-178532.8,-183766.86,-162991.86
3941.5066,-187500.03,-187500.03,-187500.03,-187500.03,-187500.03,-187500.03,-187500.03,-187500.03,-187500.03,-121157.234,-158330.53,-187500.03,-118013.016,-182143.86,-187500.03,-169045.38
3941.529,-187500.03,-187500.03,-187500.03,-187500.03,-187500.03,-187500.03,-187500.03,-187500.03,-187500.03,-113183.05,-151777.56,-185192.39,-112686.52,-176590.56,-179394.62,-161980.84
3941.5513,-187500.03,-187500.03,-187500.03,-187500.03,-187500.03,-187500.03,-187500.03,-187500.03,-187500.03,-108303.28,-148310.23,-171656.95,-108262.29,-173293.58,-169512.7,-156427.95
3941.5737,-187500.03,-187500.03,-187500.03,-187500.03,-187500.03,-187500.03,-187500.03,-187500.03,-187500.03,-114101.99,-153305.39,-182659.47,-111925.71,-177352.12,-180604.08,-161323.6
3941.596,-187500.03,-187500.03,-187500.03,-187500.03,-187500.03,-187500.03,-187500.03,-187500.03,-187500.03,-121329.14,-158586.28,-187500.03,-117943.836,-182285.95,-187500.03,-168998.8
3941.6184,-187500.03,-187500.03,-187500.03,-187500.03,-187500.03,-187500.03,-187500.03,-187500.03,-187500.03,-114829.875,-153064.22,-187500.03,-113928.38,-177726.6,-182483.89,-163579.78
3941.6406,-187500.03,-187500.03,-187500.03,-187500.03,-187500.03,-187500.03,-187500.03,-187500.03,-187500.03,-108416.734,-148312.78,-172527.9,-108523.0,-173361.14,-169771.58,-156719.42
3941.663,-187500.03,-187500.03,-187500.03,-187500.03,-187500.03,-187500.03,-187500.03,-187500.03,-187500.03,-112510.414,-152023.44,-179475.1,-110781.375,-176251.69,-177600.84,-159819.78
3941.6855,-187500.03,-187500.03,-187500.03,-187500.03,-187500.03,-187500.03,-187500.03,-187500.03,-187500.03,-120982.83,-158429.95,-187500.03,-117503.734,-182068.69,-187500.03,-168466.02
3941.7078,-187500.03,-187500.03,-187500.03,-187500.03,-187500.03,-187500.03,-187500.03,-187500.03,-187500.03,-116496.87,-154392.45,-187500.03,-115134.125,-178884.52,-185506.36,-165148.22
3941.7302,-187500.03,-187500.03,-187500.03,-187500.03,-187500.03,-187500.03,-187500.03,-187500.03,-187500.03,-108836.52,-148570.77,-174150.98,-109008.09,-173643.78,-170657.23,-157305.69
3941.7524,-187500.03,-187500.03,-187500.03,-187500.03,-187500.03,-187500.03,-187500.03,-187500.03,-187500.03,-111078.336,-150843.36,-176528.11,-109789.76,-175260.53,-174847.69,-158511.44
3941.775,-187500.03,-187500.03,-187500.03,-187500.03,-187500.03,-187500.03,-187500.03,-187500.03,-187500.03,-120148.164,-157880.08,-187500.03,-116713.414,-181511.66,-187500.03,-167476.77
3941.797,-187500.03,-187500.03,-187500.03,-187500.03,-187500.03,-187500.03,-187500.03,-187500.03,-187500.03,-118133.94,-155716.61,-187500.03,-116260.586,-180025.36,-187500.03,-166633.39
3941.8196,-187500.03,-187500.03,-187500.03,-187500.03,-187500.03,-187500.03,-187500.03,-187500.03,-187500.03,-109571.49,-149077.2,-176478.75,-109714.14,-174141.48,-172188.2,-158186.84
3941.8418,-187500.03,-187500.03,-187500.03,-187500.03,-187500.03,-187500.03,-187500.03,-187500.03,-187500.03,-109899.71,-149838.8,-174114.78,-109017.75,-174441.83,-172562.2,-157491.27
3941.8643,-187500.03,-187500.03,-187500.03,-187500.03,-187500.03,-187500.03,-187500.03,-187500.03,-187500.03,-118891.1,-156984.05,-187500.03,-115638.85,-180658.52,-187500.03,-166116.0
3941.8865,-187500.03,-187500.03,-187500.03,-187500.03,-187500.03,-187500.03,-187500.03,-187500.03,-187500.03,-119572.99,-156914.95,-187500.03,-117189.47,-181031.39,-187500.03,-167878.03
3941.909,-187500.03,-187500.03,-187500.03,-187500.03,-187500.03,-187500.03,-187500.03,-187500.03,-187500.03,-110615.48,-149837.22,-179346.8,-110631.68,-174848.4,-174310.58,-159340.92
3941.9314,-187500.03,-187500.03,-187500.03,-187500.03,-187500.03,-187500.03,-187500.03,-187500.03,-187500.03,-109041.29,-149068.98,-172450.52,-108520.49,-173837.14,-170875.08,-156809.66
3941.9536,-187500.03,-187500.03,-187500.03,-187500.03,-187500.03,-187500.03,-187500.03,-187500.03,-187500.03,-117334.484,-155821.22,-187500.03,-114392.79,-179592.78,-186455.58,-164507.75
3941.976,-187500.03,-187500.03,-187500.03,-187500.03,-187500.03,-187500.03,-187500.03,-187500.03,-187500.03,-120655.33,-157856.34,-187500.03,-117821.57,-181797.12,-187500.03,-168737.62
3941.9983,-187500.03,-187500.03,-187500.03,-187500.03,-187500.03,-187500.03,-187500.03,-187500.03,-187500.03,-111931.414,-150827.7,-182492.98,-111714.31,-175748.39,-176915.56,-160715.06
3942.0208,-187500.03,-187500.03,-187500.03,-187500.03,-187500.03,-187500.03,-187500.03,-187500.03,-187500.03,-108531.78,-148574.98,-171669.83,-108297.49,-173476.06,-169881.94,-156484.55
3942.043,-187500.03,-187500.03,-187500.03,-187500.03,-187500.03,-187500.03,-187500.03,-187500.03,-187500.03,-115636.26,-154516.73,-185550.48,-113082.87,-178425.84,-183386.66,-162810.48
3942.0654,-187500.03,-187500.03,-187500.03,-187500.03,-187500.03,-187500.03,-187500.03,-187500.03,-187500.03,-121265.664,-158444.11,-187500.03,-118082.69,-182240.89,-187500.03,-169120.5
3942.0876,-187500.03,-187500.03,-187500.03,-187500.03,-187500.03,-187500.03,-187500.03,-187500.03,-187500.03,-113461.52,-152003.9,-185661.47,-112914.47,-176801.2,-179871.75,-162249.27
3942.11,-187500.03,-187500.03,-187500.03,-187500.03,-187500.03,-187500.03,-187500.03,-187500.03,-187500.03,-108362.22,-148352.27,-171790.33,-108344.766,-173350.8,-169570.19,-156502.2
3942.1326,-187500.03,-187500.03,-187500.03,-187500.03,-187500.03,-187500.03,-187500.03,-187500.03,-187500.03,-113925.68,-153171.8,-182249.97,-111810.42,-177247.44,-180215.66,-161150.25
3942.1548,-187500.03,-187500.03,-187500.03,-187500.03,-187500.03,-187500.03,-187500.03,-187500.03,-187500.03,-121357.62,-158635.3,-187500.03,-117949.9,-182326.11,-187500.03,-168996.5
3942.1772,-187500.03,-187500.03,-187500.03,-187500.03,-187500.03,-187500.03,-187500.03,-187500.03,-187500.03,-115130.234,-153311.7,-187500.03,-114161.805,-177952.94,-182986.23,-163867.8
3942.1995,-187500.03,-187500.03,-187500.03,-187500.03,-187500.03,-187500.03,-187500.03,-187500.03,-187500.03,-108515.53,-148389.1,-172778.78,-108634.33,-173447.36,-169921.42,-156844.27
3942.222,-187500.03,-187500.03,-187500.03,-187500.03,-187500.03,-187500.03,-187500.03,-187500.03,-187500.03,-112316.22,-151876.52,-179014.61,-110655.95,-176138.33,-177182.56,-159644.53
3942.2441,-187500.03,-187500.03,-187500.03,-187500.03,-187500.03,-187500.03,-187500.03,-187500.03,-187500.03,-120926.99,-158418.36,-187500.03,-117440.7,-182053.72,-187500.03,-168386.89
3942.2666,-187500.03,-187500.03,-187500.03,-187500.03,-187500.03,-187500.03,-187500.03,-187500.03,-187500.03,-116835.48,-154673.4,-187500.03,-115382.7,-179137.36,-186057.62,-165469.58
3942.2888,-187500.03,-187500.03,-187500.03,-187500.03,-187500.03,-187500.03,-187500.03,-187500.03,-187500.03,-108989.92,-148685.83,-174552.66,-109159.414,-173764.44,-170929.08,-157488.77
3942.3113,-187500.03,-187500.03,-187500.03,-187500.03,-187500.03,-187500.03,-187500.03,-187500.03,-187500.03,-110922.414,-150717.42,-176145.5,-109699.15,-175168.58,-174503.67,-158385.28
3942.3337,-187500.03,-187500.03,-187500.03,-187500.03,-187500.03,-187500.03,-187500.03,-187500.03,-187500.03,-120021.055,-157808.33,-187500.03,-116605.07,-181444.16,-187500.03,-167339.0
3942.356,-187500.03,-187500.03,-187500.03,-187500.03,-187500.03,-187500.03,-187500.03,-187500.03,-187500.03,-118434.15,-155973.5,-187500.03,-116474.05,-180250.44,-187500.03,-166912.64
3942.3784,-187500.03,-187500.03,-187500.03,-187500.03,-187500.03,-187500.03,-187500.03,-187500.03,-187500.03,-109768.68,-149231.36,-176955.34,-109895.95,-174289.97,-172544.44,-158410.69
3942.4006,-187500.03,-187500.03,-187500.03,-187500.03,-187500.03,-187500.03,-187500.03,-187500.03,-187500.03,-109796.734,-149754.12,-173857.06,-108975.69,-174384.17,-172318.95,-157422.62
3942.423,-187500.03,-187500.03,-187500.03,-187500.03,-187500.03,-187500.03,-187500.03,-187500.03,-187500.03,-118713.766,-156868.55,-187500.03,-115507.086,-180554.52,-187500.03,-165938.56
3942.4453,-187500.03,-187500.03,-187500.03,-187500.03,-187500.03,-187500.03,-187500.03,-187500.03,-187500.03,-119806.34,-157124.3,-187500.03,-117353.71,-181212.05,-187500.03,-168089.39
3942.4678,-187500.03,-187500.03,-187500.03,-187500.03,-187500.03,-187500.03,-187500.03,-187500.03,-187500.03,-110841.41,-150018.53,-179841.94,-110830.01,-175019.1,-174723.06,-159587.39
3942.49,-187500.03,-187500.03,-187500.03,-187500.03,-187500.03,-187500.03,-187500.03,-187500.03,-187500.03,-108991.89,-149028.3,-172328.31,-108516.18,-173818.39,-170740.83,-156795.5
3942.5125,-187500.03,-187500.03,-187500.03,-187500.03,-187500.03,-187500.03,-187500.03,-187500.03,-187500.03,-117140.06,-155686.94,-187500.03,-114247.97,-179476.94,-186070.25,-164319.58
3942.535,-187500.03,-187500.03,-187500.03,-187500.03,-187500.03,-187500.03,-187500.03,-187500.03,-187500.03,-120808.77,-158003.55,-187500.03,-117919.03,-181924.22,-187500.03,-168868.58
3942.5571,-187500.03,-187500.03,-187500.03,-187500.03,-187500.03,-187500.03,-187500.03,-187500.03,-187500.03,-112178.805,-151026.6,-182986.16,-111921.49,-175935.11,-177365.8,-160975.17
3942.5796,-187500.03,-187500.03,-187500.03,-187500.03,-187500.03,-187500.03,-187500.03,-187500.03,-187500.03,-108522.91,-148563.12,-171666.23,-108327.46,-173484.33,-169834.47,-156510.61
3942.6018,-187500.03,-187500.03,-187500.03,-187500.03,-187500.03,-187500.03,-187500.03,-187500.03,-187500.03,-115425.1,-154361.98,-185102.84,-112935.56,-178296.03,-182961.3,-162610.97
3942.6243,-187500.03,-187500.03,-187500.03,-187500.03,-187500.03,-187500.03,-187500.03,-187500.03,-187500.03,-121341.39,-158530.4,-187500.03,-118120.17,-182311.03,-187500.03,-169172.14
3942.6465,-187500.03,-187500.03,-187500.03,-187500.03,-187500.03,-187500.03,-187500.03,-187500.03,-187500.03,-113728.09,-152222.19,-186129.03,-113125.13,-176998.95,-180345.3,-162519.92
3942.669,-187500.03,-187500.03,-187500.03,-187500.03,-187500.03,-187500.03,-187500.03,-187500.03,-187500.03,-108393.24,-148374.38,-171908.75,-108400.29,-173384.47,-169609.17,-156568.75
3942.6912,-187500.03,-187500.03,-187500.03,-187500.03,-187500.03,-187500.03,-187500.03,-187500.03,-187500.03,-113718.39,-153017.52,-181800.22,-111667.51,-177118.6,-179803.97,-160964.38
3942.7136,-187500.03,-187500.03,-187500.03,-187500.03,-187500.03,-187500.03,-187500.03,-187500.03,-187500.03,-121357.95,-158664.9,-187500.03,-117932.15,-182344.48,-187500.03,-168980.73
3942.7358,-187500.03,-187500.03,-187500.03,-187500.03,-187500.03,-187500.03,-187500.03,-187500.03,-187500.03,-115406.69,-153541.62,-187500.03,-114374.73,-178158.08,-183464.22,-164143.28
3942.7583,-187500.03,-187500.03,-187500.03,-187500.03,-187500.03,-187500.03,-187500.03,-187500.03,-187500.03,-108590.07,-148444.92,-173011.02,-108723.78,-173507.86,-170054.94,-156952.23
3942.7808,-187500.03,-187500.03,-187500.03,-187500.03,-187500.03,-187500.03,-187500.03,-187500.03,-187500.03,-112140.05,-151738.16,-178617.36,-110542.37,-176025.1,-176820.61,-159492.14
3942.803,-187500.03,-187500.03,-187500.03,-187500.03,-187500.03,-187500.03,-187500.03,-187500.03,-187500.03,-120855.33,-158383.48,-187500.03,-117373.51,-182017.5,-187500.03,-168300.69
3942.8254,-187500.03,-187500.03,-187500.03,-187500.03,-187500.03,-187500.03,-187500.03,-187500.03,-187500.03,-117078.59,-154877.6,-187500.03,-115562.07,-179318.39,-186461.14,-165702.53
3942.8477,-187500.03,-187500.03,-187500.03,-187500.03,-187500.03,-187500.03,-187500.03,-187500.03,-187500.03,-109100.54,-148773.53,-174866.11,-109271.31,-173851.8,-171139.84,-157629.3
3942.87,-187500.03,-187500.03,-187500.03,-187500.03,-187500.03,-187500.03,-187500.03,-187500.03,-187500.03,-110771.805,-150599.11,-175817.45,-109607.39,-175075.64,-174198.23,-158263.92
3942.8923,-187500.03,-187500.03,-187500.03,-187500.03,-187500.03,-187500.03,-187500.03,-187500.03,-187500.03,-119879.81,-157720.55,-187500.03,-116487.93,-181359.73,-187500.03,-167190.67
3942.9148,-187500.03,-187500.03,-187500.03,-187500.03,-187500.03,-187500.03,-187500.03,-187500.03,-187500.03,-118650.086,-156162.53,-187500.03,-116625.68,-180412.52,-187500.03,-167112.52
3942.937,-187500.03,-187500.03,-187500.03,-187500.03,-187500.03,-187500.03,-187500.03,-187500.03,-187500.03,-109913.41,-149347.19,-177346.05,-110032.45,-174398.84,-172830.02,-158578.86
3942.9595,-187500.03,-187500.03,-187500.03,-187500.03,-187500.03,-187500.03,-187500.03,-187500.03,-187500.03,-109680.19,-149657.95,-173615.1,-108912.836,-174310.86,-172077.19,-157334.58
3942.982,-187500.03,-187500.03,-187500.03,-187500.03,-187500.03,-187500.03,-187500.03,-187500.03,-187500.03,-118524.65,-156734.17,-187500.03,-115357.0,-180432.95,-187500.03,-165745.3
3943.0042,-187500.03,-187500.03,-187500.03,-187500.03,-187500.03,-187500.03,-187500.03,-187500.03,-187500.03,-119971.25,-157270.52,-187500.03,-117459.56,-181336.6,-187500.03,-168232.69
3943.0266,-187500.03,-187500.03,-187500.03,-187500.03,-187500.03,-187500.03,-187500.03,-187500.03,-187500.03,-111016.4,-150156.9,-180266.73,-110980.19,-175146.58,-175067.95,-159779.38
3943.0488,-187500.03,-187500.03,-187500.03,-187500.03,-187500.03,-187500.03,-187500.03,-187500.03,-187500.03,-108915.625,-148963.89,-172195.77,-108485.336,-173772.0,-170591.8,-156750.7
3943.0713,-187500.03,-187500.03,-187500.03,-187500.03,-187500.03,-187500.03,-187500.03,-187500.03,-187500.03,-116918.336,-155525.83,-187500.03,-114080.69,-179330.94,-185672.64,-164101.88
3943.0935,-187500.03,-187500.03,-187500.03,-187500.03,-187500.03,-187500.03,-187500.03,-187500.03,-187500.03,-120913.2,-158104.45,-187500.03,-117974.77,-182002.94,-187500.03,-168948.02
3943.116,-187500.03,-187500.03,-187500.03,-187500.03,-187500.03,-187500.03,-187500.03,-187500.03,-187500.03,-112381.914,-151187.62,-183422.69,-112086.336,-176078.69,-177764.25,-161188.2
3943.1382,-187500.03,-187500.03,-187500.03,-187500.03,-187500.03,-187500.03,-187500.03,-187500.03,-187500.03,-108483.766,-148525.16,-171643.36,-108322.945,-173459.12,-169760.98,-156505.11
3943.1606,-187500.03,-187500.03,-187500.03,-187500.03,-187500.03,-187500.03,-187500.03,-187500.03,-187500.03,-115173.195,-154171.08,-184625.9,-112744.93,-178125.77,-182500.27,-162372.78
3943.183,-187500.03,-187500.03,-187500.03,-187500.03,-187500.03,-187500.03,-187500.03,-187500.03,-187500.03,-121377.2,-158580.45,-187500.03,-118117.805,-182343.1,-187500.03,-169185.39
3943.2053,-187500.03,-187500.03,-187500.03,-187500.03,-187500.03,-187500.03,-187500.03,-187500.03,-187500.03,-113967.234,-152413.08,-186579.88,-113307.61,-177166.28,-180799.22,-162763.81
3943.2278,-187500.03,-187500.03,-187500.03,-187500.03,-187500.03,-187500.03,-187500.03,-187500.03,-187500.03,-108401.11,-148370.73,-172024.27,-108434.22,-173388.61,-169635.23,-156613.81
3943.25,-187500.03,-187500.03,-187500.03,-187500.03,-187500.03,-187500.03,-187500.03,-187500.03,-187500.03,-113466.11,-152814.2,-181303.77,-111485.05,-176941.97,-179330.84,-160730.97
3943.2725,-187500.03,-187500.03,-187500.03,-187500.03,-187500.03,-187500.03,-187500.03,-187500.03,-187500.03,-121313.41,-158643.0,-187500.03,-117868.4,-182314.17,-187500.03,-168909.02
3943.2947,-187500.03,-187500.03,-187500.03,-187500.03,-187500.03,-187500.03,-187500.03,-187500.03,-187500.03,-115654.45,-153734.73,-187500.03,-114551.35,-178327.83,-183919.56,-164378.81
3943.3171,-187500.03,-187500.03,-187500.03,-187500.03,-187500.03,-187500.03,-187500.03,-187500.03,-187500.03,-108648.836,-148480.23,-173258.17,-108792.05,-173547.23,-170180.97,-157038.83
3943.3394,-187500.03,-187500.03,-187500.03,-187500.03,-187500.03,-187500.03,-187500.03,-187500.03,-187500.03,-111900.26,-151541.58,-178143.77,-110372.71,-175857.97,-176366.28,-159271.97
3943.3618,-187500.03,-187500.03,-187500.03,-187500.03,-187500.03,-187500.03,-187500.03,-187500.03,-187500.03,-120721.35,-158294.03,-187500.03,-117244.32,-181926.14,-187500.03,-168140.03
3943.3843,-187500.03,-187500.03,-187500.03,-187500.03,-187500.03,-187500.03,-187500.03,-187500.03,-187500.03,-117335.65,-155081.22,-187500.03,-115739.26,-179495.3,-186913.17,-165933.81
3943.4065,-187500.03,-187500.03,-187500.03,-187500.03,-187500.03,-187500.03,-187500.03,-187500.03,-187500.03,-109203.0,-148837.64,-175220.52,-109373.93,-173916.8,-171361.33,-157752.23
3943.429,-187500.03,-187500.03,-187500.03,-187500.03,-187500.03,-187500.03,-187500.03,-187500.03,-187500.03,-110559.17,-150414.95,-175395.23,-109465.68,-174923.52,-173794.34,-158070.67
3943.4512,-187500.03,-187500.03,-187500.03,-187500.03,-187500.03,-187500.03,-187500.03,-187500.03,-187500.03,-119669.59,-157564.44,-187500.03,-116306.45,-181213.94,-187500.03,-166954.81
3943.4736,-187500.03,-187500.03,-187500.03,-187500.03,-187500.03,-187500.03,-187500.03,-187500.03,-187500.03,-118877.72,-156343.38,-187500.03,-116768.15,-180568.84,-187500.03,-167303.31
3943.4958,-187500.03,-187500.03,-187500.03,-187500.03,-187500.03,-187500.03,-187500.03,-187500.03,-187500.03,-110060.98,-149447.33,-177783.47,-110157.984,-174495.3,-173141.81,-158742.02
3943.5183,-187500.03,-187500.03,-187500.03,-187500.03,-187500.03,-187500.03,-187500.03,-187500.03,-187500.03,-109519.57,-149511.56,-173314.47,-108807.0,-174194.77,-171774.97,-157200.38
3943.5405,-187500.03,-187500.03,-187500.03,-187500.03,-187500.03,-187500.03,-187500.03,-187500.03,-187500.03,-118263.734,-156532.81,-187500.03,-115138.58,-180251.53,-187500.03,-165473.55
3943.563,-187500.03,-187500.03,-187500.03,-187500.03,-187500.03,-187500.03,-187500.03,-187500.03,-187500.03,-120142.266,-157408.47,-187500.03,-117549.53,-181453.94,-187500.03,-168366.69
3943.5852,-187500.03,-187500.03,-187500.03,-187500.03,-187500.03,-187500.03,-187500.03,-187500.03,-187500.03,-111203.62,-150288.33,-180754.11,-111130.125,-175270.95,-175457.02,-159979.62
3943.6077,-187500.03,-187500.03,-187500.03,-187500.03,-187500.03,-187500.03,-187500.03,-187500.03,-187500.03,-108803.94,-148853.25,-172026.47,-108419.17,-173688.6,-170389.86,-156672.56
3943.6301,-187500.03,-187500.03,-187500.03,-187500.03,-187500.03,-187500.03,-187500.03,-187500.03,-187500.03,-116614.95,-155282.47,-187320.64,-113837.34,-179117.33,-185145.45,-163802.64
3943.6523,-187500.03,-187500.03,-187500.03,-187500.03,-187500.03,-187500.03,-187500.03,-187500.03,-187500.03,-121003.73,-158181.78,-187500.03,-118003.05,-182066.38,-187500.03,-169008.25
3943.6748,-187500.03,-187500.03,-187500.03,-187500.03,-187500.03,-187500.03,-187500.03,-187500.03,-187500.03,-112605.01,-151349.89,-183925.42,-112255.625,-176230.97,-178217.53,-161424.23
3943.697,-187500.03,-187500.03,-187500.03,-187500.03,-187500.03,-187500.03,-187500.03,-187500.03,-187500.03,-108431.6,-148464.9,-171634.95,-108304.35,-173420.8,-169681.45,-156494.61
3943.7195,-187500.03,-187500.03,-187500.03,-187500.03,-187500.03,-187500.03,-187500.03,-187500.03,-187500.03,-114886.29,-153939.22,-184103.7,-112523.98,-177925.97,-181988.05,-162102.5
3943.7417,-187500.03,-187500.03,-187500.03,-187500.03,-187500.03,-187500.03,-187500.03,-187500.03,-187500.03,-121382.99,-158593.06,-187500.03,-118083.49,-182348.12,-187500.03,-169164.4
3943.7642,-187500.03,-187500.03,-187500.03,-187500.03,-187500.03,-187500.03,-187500.03,-187500.03,-187500.03,-114195.33,-152580.14,-187011.25,-113471.25,-177321.28,-181242.03,-162993.1
3943.7864,-187500.03,-187500.03,-187500.03,-187500.03,-187500.03,-187500.03,-187500.03,-187500.03,-187500.03,-108396.195,-148345.05,-172136.92,-108449.016,-173382.0,-169655.42,-156645.44
3943.8088,-187500.03,-187500.03,-187500.03,-187500.03,-187500.03,-187500.03,-187500.03,-187500.03,-187500.03,-113196.836,-152590.23,-180800.73,-111283.7,-176755.97,-178853.27,-160483.97
3943.8313,-187500.03,-187500.03,-187500.03,-187500.03,-187500.03,-187500.03,-187500.03,-187500.03,-187500.03,-121230.51,-158588.25,-187500.03,-117771.8,-182262.31,-187500.03,-168804.98
3943.8535,-187500.03,-187500.03,-187500.03,-187500.03,-187500.03,-187500.03,-187500.03,-187500.03,-187500.03,-115887.38,-153913.47,-187500.03,-114711.08,-178491.25,-184362.58,-164602.86
3943.876,-187500.03,-187500.03,-187500.03,-187500.03,-187500.03,-187500.03,-187500.03,-187500.03,-187500.03,-108688.445,-148495.08,-173480.86,-108840.19,-173573.3,-170291.17,-157108.66
3943.8982,-187500.03,-187500.03,-187500.03,-187500.03,-187500.03,-187500.03,-187500.03,-187500.03,-187500.03,-111672.71,-151348.78,-177699.08,-110207.05,-175697.73,-175951.16,-159065.55
3943.9207,-187500.03,-187500.03,-187500.03,-187500.03,-187500.03,-187500.03,-187500.03,-187500.03,-187500.03,-120581.945,-158190.66,-187500.03,-117108.68,-181828.25,-187500.03,-167979.11
3943.9429,-187500.03,-187500.03,-187500.03,-187500.03,-187500.03,-187500.03,-187500.03,-187500.03,-187500.03,-117555.34,-155251.08,-187500.03,-115881.1,-179644.03,-187308.56,-166132.19
3943.9653,-187500.03,-187500.03,-187500.03,-187500.03,-187500.03,-187500.03,-187500.03,-187500.03,-187500.03,-109295.07,-148895.72,-175545.7,-109456.61,-173975.98,-171570.97,-157867.16
3943.9875,-187500.03,-187500.03,-187500.03,-187500.03,-187500.03,-187500.03,-187500.03,-187500.03,-187500.03,-110384.31,-150263.9,-175055.1,-109342.7,-174799.86,-173468.67,-157920.64
3944.01,-187500.03,-187500.03,-187500.03,-187500.03,-187500.03,-187500.03,-187500.03,-187500.03,-187500.03,-119481.016,-157423.58,-187500.03,-116138.57,-181083.38,-187500.03,-166752.12
3944.0325,-187500.03,-187500.03,-187500.03,-187500.03,-187500.03,-187500.03,-187500.03,-187500.03,-187500.03,-119074.14,-156499.75,-187500.03,-116887.76,-180704.08,-187500.03,-167471.1
3944.0547,-187500.03,-187500.03,-187500.03,-187500.03,-187500.03,-187500.03,-187500.03,-187500.03,-187500.03,-110205.44,-149546.19,-178190.1,-110282.37,-174591.31,-173445.12,-158901.27
3944.0771,-187500.03,-187500.03,-187500.03,-187500.03,-187500.03,-187500.03,-187500.03,-187500.03,-187500.03,-109400.234,-149401.44,-173091.44,-108737.8,-174110.4,-171547.2,-157104.17
3944.0994,-187500.03,-187500.03,-187500.03,-187500.03,-187500.03,-187500.03,-187500.03,-187500.03,-187500.03,-118035.59,-156357.08,-187500.03,-114953.59,-180093.02,-187500.03,-165232.08
3944.1218,-187500.03,-187500.03,-187500.03,-187500.03,-187500.03,-187500.03,-187500.03,-187500.03,-187500.03,-120292.83,-157534.7,-187500.03,-117632.91,-181559.73,-187500.03,-168477.72
3944.144,-187500.03,-187500.03,-187500.03,-187500.03,-187500.03,-187500.03,-187500.03,-187500.03,-187500.03,-111390.88,-150424.98,-181211.1,-111279.97,-175399.53,-175830.31,-160168.78
3944.1665,-187500.03,-187500.03,-187500.03,-187500.03,-187500.03,-187500.03,-187500.03,-187500.03,-187500.03,-108735.23,-148783.88,-171934.78,-108387.5,-173640.58,-170259.3,-156624.9
3944.1887,-187500.03,-187500.03,-187500.03,-187500.03,-187500.03,-187500.03,-187500.03,-187500.03,-187500.03,-116385.96,-155103.33,-186907.64,-113659.67,-178960.06,-184724.86,-163566.81
3944.2112,-187500.03,-187500.03,-187500.03,-187500.03,-187500.03,-187500.03,-187500.03,-187500.03,-187500.03,-121081.4,-158253.58,-187500.03,-118033.38,-182123.14,-187500.03,-169046.34
3944.2336,-187500.03,-187500.03,-187500.03,-187500.03,-187500.03,-187500.03,-187500.03,-187500.03,-187500.03,-112805.21,-151501.05,-184343.2,-112410.5,-176367.14,-178608.6,-161615.08
3944.2559,-187500.03,-187500.03,-187500.03,-187500.03,-187500.03,-187500.03,-187500.03,-187500.03,-187500.03,-108408.805,-148433.67,-171657.27,-108308.445,-173402.17,-169647.25,-156486.23
3944.2783,-187500.03,-187500.03,-187500.03,-187500.03,-187500.03,-187500.03,-187500.03,-187500.03,-187500.03,-114667.89,-153764.45,-183689.81,-112359.2,-177774.31,-181592.06,-161878.28
3944.3005,-187500.03,-187500.03,-187500.03,-187500.03,-187500.03,-187500.03,-187500.03,-187500.03,-187500.03,-121394.45,-158611.72,-187500.03,-118062.95,-182356.98,-187500.03,-169133.78
3944.323,-187500.03,-187500.03,-187500.03,-187500.03,-187500.03,-187500.03,-187500.03,-187500.03,-187500.03,-114420.125,-152751.14,-187421.0,-113637.66,-177475.64,-181666.84,-163199.8
3944.3452,-187500.03,-187500.03,-187500.03,-187500.03,-187500.03,-187500.03,-187500.03,-187500.03,-187500.03,-108419.28,-148348.95,-172283.36,-108488.64,-173395.55,-169711.94,-156684.67
3944.3677,-187500.03,-187500.03,-187500.03,-187500.03,-187500.03,-187500.03,-187500.03,-187500.03,-187500.03,-112992.875,-152424.0,-180393.61,-111136.586,-176612.67,-178464.97,-160285.55
3944.39,-187500.03,-187500.03,-187500.03,-187500.03,-187500.03,-187500.03,-187500.03,-187500.03,-187500.03,-121181.35,-158562.53,-187500.03,-117709.75,-182227.89,-187500.03,-168723.23
3944.4124,-187500.03,-187500.03,-187500.03,-187500.03,-187500.03,-187500.03,-187500.03,-187500.03,-187500.03,-116122.5,-154098.22,-187500.03,-114880.81,-178650.98,-184783.14,-164817.94
3944.4346,-187500.03,-187500.03,-187500.03,-187500.03,-187500.03,-187500.03,-187500.03,-187500.03,-187500.03,-108757.266,-148535.38,-173734.55,-108915.266,-173616.17,-170442.45,-157198.4
3944.457,-187500.03,-187500.03,-187500.03,-187500.03,-187500.03,-187500.03,-187500.03,-187500.03,-187500.03,-111490.68,-151193.53,-177329.38,-110084.266,-175570.73,-175607.83,-158902.62
3944.4795,-187500.03,-187500.03,-187500.03,-187500.03,-187500.03,-187500.03,-187500.03,-187500.03,-187500.03,-120466.3,-158110.9,-187500.03,-117002.375,-181753.33,-187500.03,-167845.11
3944.5017,-187500.03,-187500.03,-187500.03,-187500.03,-187500.03,-187500.03,-187500.03,-187500.03,-187500.03,-117785.14,-155435.7,-187500.03,-116039.555,-179808.0,-187500.03,-166343.53
3944.5242,-187500.03,-187500.03,-187500.03,-187500.03,-187500.03,-187500.03,-187500.03,-187500.03,-187500.03,-109408.15,-148974.4,-175895.55,-109565.055,-174056.95,-171808.97,-158005.94
3944.5464,-187500.03,-187500.03,-187500.03,-187500.03,-187500.03,-187500.03,-187500.03,-187500.03,-187500.03,-110238.25,-150135.56,-174757.98,-109251.77,-174700.5,-173180.36,-157800.03
3944.5688,-187500.03,-187500.03,-187500.03,-187500.03,-187500.03,-187500.03,-187500.03,-187500.03,-187500.03,-119318.805,-157302.25,-187500.03,-116002.83,-180974.31,-187500.03,-166575.53
3944.591,-187500.03,-187500.03,-187500.03,-187500.03,-187500.03,-187500.03,-187500.03,-187500.03,-187500.03,-119279.69,-156664.19,-187500.03,-117023.875,-180848.56,-187500.03,-167647.22
3944.6135,-187500.03,-187500.03,-187500.03,-187500.03,-187500.03,-187500.03,-187500.03,-187500.03,-187500.03,-110363.17,-149656.98,-178604.7,-110421.125,-174699.95,-173760.61,-159074.03
3944.6357,-187500.03,-187500.03,-187500.03,-187500.03,-187500.03,-187500.03,-187500.03,-187500.03,-187500.03,-109296.055,-149301.62,-172891.12,-108681.36,-174038.53,-171339.78,-157025.9
3944.6582,-187500.03,-187500.03,-187500.03,-187500.03,-187500.03,-187500.03,-187500.03,-187500.03,-187500.03,-117834.13,-156203.31,-187500.03,-114793.84,-179959.77,-187306.84,-165024.14
3944.6807,-187500.03,-187500.03,-187500.03,-187500.03,-187500.03,-187500.03,-187500.03,-187500.03,-187500.03,-120450.12,-157667.67,-187500.03,-117726.22,-181675.19,-187500.03,-168601.36
3944.703,-187500.03,-187500.03,-187500.03,-187500.03,-187500.03,-187500.03,-187500.03,-187500.03,-187500.03,-111596.43,-150578.98,-181670.0,-111450.25,-175544.39,-176225.33,-160379.52
3944.7253,-187500.03,-187500.03,-187500.03,-187500.03,-187500.03,-187500.03,-187500.03,-187500.03,-187500.03,-108686.01,-148729.81,-171854.84,-108378.445,-173609.72,-170146.9,-156598.44
3944.7476,-187500.03,-187500.03,-187500.03,-187500.03,-187500.03,-187500.03,-187500.03,-187500.03,-187500.03,-116167.9,-154933.28,-186474.5,-113496.84,-178815.95,-184306.5,-163343.08
3944.77,-187500.03,-187500.03,-187500.03,-187500.03,-187500.03,-187500.03,-187500.03,-187500.03,-187500.03,-121196.69,-158356.22,-187500.03,-118093.26,-182210.73,-187500.03,-169118.27
3944.7922,-187500.03,-187500.03,-187500.03,-187500.03,-187500.03,-187500.03,-187500.03,-187500.03,-187500.03,-113067.305,-151700.28,-184834.81,-112615.016,-176552.56,-179078.3,-161868.86
3944.8147,-187500.03,-187500.03,-187500.03,-187500.03,-187500.03,-187500.03,-187500.03,-187500.03,-187500.03,-108419.42,-148426.28,-171723.06,-108343.87,-173413.66,-169641.89,-156520.12
3944.837,-187500.03,-187500.03,-187500.03,-187500.03,-187500.03,-187500.03,-187500.03,-187500.03,-187500.03,-114443.64,-153585.48,-183213.69,-112194.72,-177624.72,-181145.47,-161657.77
3944.8594,-187500.03,-187500.03,-187500.03,-187500.03,-187500.03,-187500.03,-187500.03,-187500.03,-187500.03,-121433.95,-158659.89,-187500.03,-118066.195,-182394.45,-187500.03,-169137.02
3944.8818,-187500.03,-187500.03,-187500.03,-187500.03,-187500.03,-187500.03,-187500.03,-187500.03,-187500.03,-114706.94,-152977.38,-187500.03,-113856.79,-177681.81,-182169.5,-163474.36
3944.904,-187500.03,-187500.03,-187500.03,-187500.03,-187500.03,-187500.03,-187500.03,-187500.03,-187500.03,-108480.46,-148388.02,-172475.23,-108567.41,-173444.78,-169807.3,-156771.14
3944.9265,-187500.03,-187500.03,-187500.03,-187500.03,-187500.03,-187500.03,-187500.03,-187500.03,-187500.03,-112793.54,-152265.78,-179933.75,-111001.875,-176483.7,-178049.0,-160098.19
3944.9487,-187500.03,-187500.03,-187500.03,-187500.03,-187500.03,-187500.03,-187500.03,-187500.03,-187500.03,-121154.8,-158559.5,-187500.03,-117666.74,-182221.31,-187500.03,-168664.72
3944.9712,-187500.03,-187500.03,-187500.03,-187500.03,-187500.03,-187500.03,-187500.03,-187500.03,-187500.03,-116406.414,-154323.97,-187500.03,-115087.836,-178857.81,-185242.56,-165082.66
3944.9934,-187500.03,-187500.03,-187500.03,-187500.03,-187500.03,-187500.03,-187500.03,-187500.03,-187500.03,-108870.68,-148615.38,-174036.64,-109029.22,-173704.27,-170639.45,-157336.64
3945.0159,-187500.03,-187500.03,-187500.03,-187500.03,-187500.03,-187500.03,-187500.03,-187500.03,-187500.03,-111355.41,-151082.52,-176993.95,-110002.34,-175488.78,-175301.58,-158788.38
3945.038,-187500.03,-187500.03,-187500.03,-187500.03,-187500.03,-187500.03,-187500.03,-187500.03,-187500.03,-120393.66,-158072.02,-187500.03,-116936.1,-181717.11,-187500.03,-167755.1
3945.0605,-187500.03,-187500.03,-187500.03,-187500.03,-187500.03,-187500.03,-187500.03,-187500.03,-187500.03,-118029.16,-155639.73,-187500.03,-116217.83,-179989.53,-187500.03,-166565.67
3945.083,-187500.03,-187500.03,-187500.03,-187500.03,-187500.03,-187500.03,-187500.03,-187500.03,-187500.03,-109554.22,-149089.06,-176237.8,-109702.45,-174167.0,-172063.33,-158167.03
3945.1052,-187500.03,-187500.03,-187500.03,-187500.03,-187500.03,-187500.03,-187500.03,-187500.03,-187500.03,-110148.055,-150062.34,-174520.8,-109208.66,-174648.47,-172962.61,-157728.45
3945.1277,-187500.03,-187500.03,-187500.03,-187500.03,-187500.03,-187500.03,-187500.03,-187500.03,-187500.03,-119197.414,-157225.5,-187500.03,-115905.64,-180905.11,-187500.03,-166441.42
3945.15,-187500.03,-187500.03,-187500.03,-187500.03,-187500.03,-187500.03,-187500.03,-187500.03,-187500.03,-119499.92,-156856.23,-187500.03,-117177.945,-181018.78,-187500.03,-167840.95
3945.1724,-187500.03,-187500.03,-187500.03,-187500.03,-187500.03,-187500.03,-187500.03,-187500.03,-187500.03,-110559.98,-149817.47,-179033.88,-110594.4,-174852.53,-174107.95,-159282.89
3945.1946,-187500.03,-187500.03,-187500.03,-187500.03,-187500.03,-187500.03,-187500.03,-187500.03,-187500.03,-109244.53,-149263.89,-172748.39,-108672.59,-174020.02,-171192.56,-156997.19
3945.217,-187500.03,-187500.03,-187500.03,-187500.03,-187500.03,-187500.03,-187500.03,-187500.03,-187500.03,-117672.04,-156097.95,-187500.03,-114673.37,-179865.58,-186947.4,-164853.2
3945.2393,-187500.03,-187500.03,-187500.03,-187500.03,-187500.03,-187500.03,-187500.03,-187500.03,-187500.03,-120637.2,-157841.55,-187500.03,-117853.74,-181823.77,-187500.03,-168753.86
3945.2617,-187500.03,-187500.03,-187500.03,-187500.03,-187500.03,-187500.03,-187500.03,-187500.03,-187500.03,-111839.86,-150778.1,-182139.56,-111657.78,-175728.5,-176650.67,-160625.88
3945.284,-187500.03,-187500.03,-187500.03,-187500.03,-187500.03,-187500.03,-187500.03,-187500.03,-187500.03,-108696.516,-148738.9,-171862.45,-108422.414,-173633.33,-170119.62,-156632.81
3945.3064,-187500.03,-187500.03,-187500.03,-187500.03,-187500.03,-187500.03,-187500.03,-187500.03,-187500.03,-116007.99,-154824.92,-186102.64,-113386.24,-178724.25,-183955.73,-163184.73
3945.3289,-187500.03,-187500.03,-187500.03,-187500.03,-187500.03,-187500.03,-187500.03,-187500.03,-187500.03,-121326.98,-158488.55,-187500.03,-118177.836,-182323.2,-187500.03,-169217.52
3945.351,-187500.03,-187500.03,-187500.03,-187500.03,-187500.03,-187500.03,-187500.03,-187500.03,-187500.03,-113337.72,-151927.34,-185284.92,-112839.48,-176759.86,-179527.22,-162136.8
3945.3735,-187500.03,-187500.03,-187500.03,-187500.03,-187500.03,-187500.03,-187500.03,-187500.03,-187500.03,-108475.836,-148477.66,-171840.62,-108428.625,-173473.06,-169696.95,-156600.48
3945.3958,-187500.03,-187500.03,-187500.03,-187500.03,-187500.03,-187500.03,-187500.03,-187500.03,-187500.03,-114291.18,-153481.3,-182827.55,-112102.96,-177540.11,-180789.28,-161512.52
3945.4182,-187500.03,-187500.03,-187500.03,-187500.03,-187500.03,-187500.03,-187500.03,-187500.03,-187500.03,-121501.766,-158742.78,-187500.03,-118107.99,-182462.67,-187500.03,-169173.14
3945.4404,-187500.03,-187500.03,-187500.03,-187500.03,-187500.03,-187500.03,-187500.03,-187500.03,-187500.03,-114999.5,-153222.84,-187500.03,-114091.46,-177904.78,-182634.25,-163753.45
3945.463,-187500.03,-187500.03,-187500.03,-187500.03,-187500.03,-187500.03,-187500.03,-187500.03,-187500.03,-108592.914,-148482.83,-172714.81,-108692.375,-173544.16,-169964.9,-156902.19
3945.485,-187500.03,-187500.03,-187500.03,-187500.03,-187500.03,-187500.03,-187500.03,-187500.03,-187500.03,-112665.18,-152177.31,-179589.03,-110931.125,-176419.44,-177738.98,-159980.67
3945.5076,-187500.03,-187500.03,-187500.03,-187500.03,-187500.03,-187500.03,-187500.03,-187500.03,-187500.03,-121155.11,-158594.64,-187500.03,-117659.19,-182250.25,-187500.03,-168639.05
3945.53,-187500.03,-187500.03,-187500.03,-187500.03,-187500.03,-187500.03,-187500.03,-187500.03,-187500.03,-116714.58,-154592.73,-187500.03,-115332.88,-179097.27,-185703.7,-165371.94
3945.5522,-187500.03,-187500.03,-187500.03,-187500.03,-187500.03,-187500.03,-187500.03,-187500.03,-187500.03,-109028.15,-148760.55,-174379.95,-109208.77,-173836.23,-170880.97,-157514.95
3945.5747,-187500.03,-187500.03,-187500.03,-187500.03,-187500.03,-187500.03,-187500.03,-187500.03,-187500.03,-111234.44,-151011.34,-176650.62,-109962.05,-175428.36,-174992.36,-158685.16
3945.597,-187500.03,-187500.03,-187500.03,-187500.03,-187500.03,-187500.03,-187500.03,-187500.03,-187500.03,-120315.516,-158052.5,-187500.03,-116872.29,-181689.03,-187500.03,-167648.12
3945.6194,-187500.03,-187500.03,-187500.03,-187500.03,-187500.03,-187500.03,-187500.03,-187500.03,-187500.03,-118370.016,-155942.6,-187500.03,-116477.04,-180251.83,-187500.03,-166871.8
3945.6416,-187500.03,-187500.03,-187500.03,-187500.03,-187500.03,-187500.03,-187500.03,-187500.03,-187500.03,-109784.195,-149295.78,-176733.23,-109941.39,-174350.11,-172440.56,-158416.17
3945.664,-187500.03,-187500.03,-187500.03,-187500.03,-187500.03,-187500.03,-187500.03,-187500.03,-187500.03,-110063.39,-150022.92,-174248.7,-109210.984,-174615.5,-172712.56,-157672.31
3945.6863,-187500.03,-187500.03,-187500.03,-187500.03,-187500.03,-187500.03,-187500.03,-187500.03,-187500.03,-119050.02,-157158.98,-187500.03,-115807.01,-180832.92,-187500.03,-166280.27
3945.7087,-187500.03,-187500.03,-187500.03,-187500.03,-187500.03,-187500.03,-187500.03,-187500.03,-187500.03,-119801.695,-157140.52,-187500.03,-117406.5,-181257.66,-187500.03,-168106.19
3945.7312,-187500.03,-187500.03,-187500.03,-187500.03,-187500.03,-187500.03,-187500.03,-187500.03,-187500.03,-110841.05,-150072.27,-179591.38,-110872.3,-175072.64,-174572.95,-159578.33
3945.7534,-187500.03,-187500.03,-187500.03,-187500.03,-187500.03,-187500.03,-187500.03,-187500.03,-187500.03,-109235.234,-149287.58,-172643.6,-108741.016,-174038.22,-171078.31,-157017.48
3945.776,-187500.03,-187500.03,-187500.03,-187500.03,-187500.03,-187500.03,-187500.03,-187500.03,-187500.03,-117514.8,-156021.23,-187500.03,-114582.33,-179785.34,-186564.92,-164691.25
3945.798,-187500.03,-187500.03,-187500.03,-187500.03,-187500.03,-187500.03,-187500.03,-187500.03,-187500.03,-120875.875,-158079.33,-187500.03,-118032.33,-182021.19,-187500.03,-168955.77
3945.8206,-187500.03,-187500.03,-187500.03,-187500.03,-187500.03,-187500.03,-187500.03,-187500.03,-187500.03,-112161.125,-151066.39,-182711.6,-111955.17,-175978.33,-177172.77,-160954.67
3945.8428,-187500.03,-187500.03,-187500.03,-187500.03,-187500.03,-187500.03,-187500.03,-187500.03,-187500.03,-108735.65,-148802.88,-171884.22,-108529.59,-173687.33,-170096.48,-156705.19
3945.8652,-187500.03,-187500.03,-187500.03,-187500.03,-187500.03,-187500.03,-187500.03,-187500.03,-187500.03,-115825.6,-154727.77,-185643.16,-113287.43,-178628.1,-183523.94,-163007.66
3945.8875,-187500.03,-187500.03,-187500.03,-187500.03,-187500.03,-187500.03,-187500.03,-187500.03,-187500.03,-121491.95,-158673.89,-187500.03,-118299.88,-182469.72,-187500.03,-169344.12
3945.91,-187500.03,-187500.03,-187500.03,-187500.03,-187500.03,-187500.03,-187500.03,-187500.03,-187500.03,-113706.88,-152254.23,-185869.48,-113167.58,-177043.0,-180121.52,-162502.16
3945.9324,-187500.03,-187500.03,-187500.03,-187500.03,-187500.03,-187500.03,-187500.03,-187500.03,-187500.03,-108586.03,-148596.03,-172041.17,-108599.4,-173579.52,-169810.7,-156742.64
3945.9546,-187500.03,-187500.03,-187500.03,-187500.03,-187500.03,-187500.03,-187500.03,-187500.03,-187500.03,-114131.05,-153395.7,-182390.6,-112038.55,-177462.75,-180389.81,-161365.53
3945.977,-187500.03,-187500.03,-187500.03,-187500.03,-187500.03,-187500.03,-187500.03,-187500.03,-187500.03,-121590.414,-158869.52,-187500.03,-118178.734,-182562.05,-187500.03,-169226.88
3945.9993,-187500.03,-187500.03,-187500.03,-187500.03,-187500.03,-187500.03,-187500.03,-187500.03,-187500.03,-115396.0,-153575.69,-187500.03,-114429.47,-178212.62,-183241.5,-164134.72
3946.0217,-187500.03,-187500.03,-187500.03,-187500.03,-187500.03,-187500.03,-187500.03,-187500.03,-187500.03,-108749.98,-148640.98,-173036.12,-108896.49,-173684.66,-170171.0,-157087.33
3946.044,-187500.03,-187500.03,-187500.03,-187500.03,-187500.03,-187500.03,-187500.03,-187500.03,-187500.03,-112526.17,-152106.47,-179176.2,-110891.3,-176356.84,-177360.84,-159857.28
3946.0664,-187500.03,-187500.03,-187500.03,-187500.03,-187500.03,-187500.03,-187500.03,-187500.03,-187500.03,-121148.38,-158645.14,-187500.03,-117664.484,-182281.22,-187500.03,-168598.02
3946.0886,-187500.03,-187500.03,-187500.03,-187500.03,-187500.03,-187500.03,-187500.03,-187500.03,-187500.03,-117101.305,-154936.19,-187500.03,-115648.11,-179396.81,-186272.42,-165726.61
3946.111,-187500.03,-187500.03,-187500.03,-187500.03,-187500.03,-187500.03,-187500.03,-187500.03,-187500.03,-109243.82,-148952.17,-174839.95,-109437.41,-174016.17,-171208.52,-157746.23
3946.1335,-187500.03,-187500.03,-187500.03,-187500.03,-187500.03,-187500.03,-187500.03,-187500.03,-187500.03,-111142.93,-150960.88,-176342.94,-109948.61,-175397.95,-174710.67,-158609.3
3946.1558,-187500.03,-187500.03,-187500.03,-187500.03,-187500.03,-187500.03,-187500.03,-187500.03,-187500.03,-120244.28,-158045.5,-187500.03,-116832.66,-181677.02,-187500.03,-167552.98
3946.1782,-187500.03,-187500.03,-187500.03,-187500.03,-187500.03,-187500.03,-187500.03,-187500.03,-187500.03,-118726.125,-156261.6,-187500.03,-116755.766,-180533.55,-187500.03,-167193.3
3946.2004,-187500.03,-187500.03,-187500.03,-187500.03,-187500.03,-187500.03,-187500.03,-187500.03,-187500.03,-110044.7,-149517.36,-177269.64,-110192.49,-174562.14,-172856.61,-158689.84
3946.223,-187500.03,-187500.03,-187500.03,-187500.03,-187500.03,-187500.03,-187500.03,-187500.03,-187500.03,-110035.984,-150014.55,-174081.25,-109244.94,-174629.86,-172550.2,-157666.02
3946.245,-187500.03,-187500.03,-187500.03,-187500.03,-187500.03,-187500.03,-187500.03,-187500.03,-187500.03,-118945.94,-157115.75,-187500.03,-115748.87,-180797.61,-187500.03,-166163.39
3946.2676,-187500.03,-187500.03,-187500.03,-187500.03,-187500.03,-187500.03,-187500.03,-187500.03,-187500.03,-120104.11,-157418.3,-187500.03,-117639.92,-181502.97,-187500.03,-168374.81
3946.2898,-187500.03,-187500.03,-187500.03,-187500.03,-187500.03,-187500.03,-187500.03,-187500.03,-187500.03,-111134.555,-150321.62,-180152.62,-111140.05,-175307.73,-175047.94,-159882.39
3946.3123,-187500.03,-187500.03,-187500.03,-187500.03,-187500.03,-187500.03,-187500.03,-187500.03,-187500.03,-109243.93,-149308.19,-172574.72,-108801.41,-174078.89,-170992.55,-157054.33
3946.3345,-187500.03,-187500.03,-187500.03,-187500.03,-187500.03,-187500.03,-187500.03,-187500.03,-187500.03,-117373.22,-155944.97,-187500.03,-114499.56,-179724.34,-186212.27,-164551.88
3946.357,-187500.03,-187500.03,-187500.03,-187500.03,-187500.03,-187500.03,-187500.03,-187500.03,-187500.03,-121088.195,-158290.06,-187500.03,-118194.65,-182204.9,-187500.03,-169140.33
3946.3794,-187500.03,-187500.03,-187500.03,-187500.03,-187500.03,-187500.03,-187500.03,-187500.03,-187500.03,-112472.28,-151334.73,-183253.27,-112230.14,-176226.62,-177677.73,-161271.39
3946.4016,-187500.03,-187500.03,-187500.03,-187500.03,-187500.03,-187500.03,-187500.03,-187500.03,-187500.03,-108795.71,-148866.52,-171956.95,-108629.91,-173762.62,-170119.86,-156792.17
3946.424,-187500.03,-187500.03,-187500.03,-187500.03,-187500.03,-187500.03,-187500.03,-187500.03,-187500.03,-115691.16,-154654.28,-185265.5,-113216.51,-178570.88,-183176.38,-162880.55
3946.4463,-187500.03,-187500.03,-187500.03,-187500.03,-187500.03,-187500.03,-187500.03,-187500.03,-187500.03,-121623.49,-158823.66,-187500.03,-118400.15,-182599.92,-187500.03,-169450.86
3946.4688,-187500.03,-187500.03,-187500.03,-187500.03,-187500.03,-187500.03,-187500.03,-187500.03,-187500.03,-114016.07,-152522.9,-186333.06,-113427.59,-177292.75,-180610.19,-162808.73
3946.491,-187500.03,-187500.03,-187500.03,-187500.03,-187500.03,-187500.03,-187500.03,-187500.03,-187500.03,-108675.55,-148678.9,-172202.86,-108712.45,-173673.78,-169906.84,-156856.64
3946.5134,-187500.03,-187500.03,-187500.03,-187500.03,-187500.03,-187500.03,-187500.03,-187500.03,-187500.03,-113999.734,-153316.77,-182021.0,-111967.42,-177406.56,-180065.3,-161246.17
3946.5356,-187500.03,-187500.03,-187500.03,-187500.03,-187500.03,-187500.03,-187500.03,-187500.03,-187500.03,-121643.66,-158956.47,-187500.03,-118216.305,-182636.58,-187500.03,-169258.03
3946.558,-187500.03,-187500.03,-187500.03,-187500.03,-187500.03,-187500.03,-187500.03,-187500.03,-187500.03,-115696.03,-153840.2,-187500.03,-114673.1,-178453.45,-183701.72,-164425.4
3946.5806,-187500.03,-187500.03,-187500.03,-187500.03,-187500.03,-187500.03,-187500.03,-187500.03,-187500.03,-108882.75,-148758.7,-173316.23,-109043.63,-173806.42,-170358.84,-157242.61
3946.6028,-187500.03,-187500.03,-187500.03,-187500.03,-187500.03,-187500.03,-187500.03,-187500.03,-187500.03,-112422.8,-152041.2,-178854.56,-110848.47,-176314.2,-177083.62,-159770.2
3946.6252,-187500.03,-187500.03,-187500.03,-187500.03,-187500.03,-187500.03,-187500.03,-187500.03,-187500.03,-121147.58,-158682.2,-187500.03,-117666.25,-182312.78,-187500.03,-168580.53
3946.6475,-187500.03,-187500.03,-187500.03,-187500.03,-187500.03,-187500.03,-187500.03,-187500.03,-187500.03,-117403.64,-155202.39,-187500.03,-115889.21,-179638.12,-186716.89,-166017.16
3946.67,-187500.03,-187500.03,-187500.03,-187500.03,-187500.03,-187500.03,-187500.03,-187500.03,-187500.03,-109414.02,-149100.06,-175200.84,-109611.125,-174162.66,-171473.52,-157941.64
3946.6921,-187500.03,-187500.03,-187500.03,-187500.03,-187500.03,-187500.03,-187500.03,-187500.03,-187500.03,-111061.26,-150910.86,-176072.08,-109926.73,-175370.42,-174473.34,-158552.92
3946.7146,-187500.03,-187500.03,-187500.03,-187500.03,-187500.03,-187500.03,-187500.03,-187500.03,-187500.03,-120173.18,-158027.11,-187500.03,-116788.02,-181659.48,-187500.03,-167475.08
3946.7368,-187500.03,-187500.03,-187500.03,-187500.03,-187500.03,-187500.03,-187500.03,-187500.03,-187500.03,-118986.86,-156498.45,-187500.03,-116959.77,-180743.38,-187500.03,-167438.1
3946.7593,-187500.03,-187500.03,-187500.03,-187500.03,-187500.03,-187500.03,-187500.03,-187500.03,-187500.03,-110240.91,-149685.23,-177678.28,-110382.51,-174723.25,-173178.6,-158905.95
3946.7817,-187500.03,-187500.03,-187500.03,-187500.03,-187500.03,-187500.03,-187500.03,-187500.03,-187500.03,-109980.24,-149980.94,-173895.88,-109244.17,-174618.31,-172374.22,-157638.61
3946.804,-187500.03,-187500.03,-187500.03,-187500.03,-187500.03,-187500.03,-187500.03,-187500.03,-187500.03,-118814.195,-157044.98,-187500.03,-115657.96,-180736.14,-187500.03,-166031.42
3946.8264,-187500.03,-187500.03,-187500.03,-187500.03,-187500.03,-187500.03,-187500.03,-187500.03,-187500.03,-120305.34,-157611.64,-187500.03,-117786.75,-181672.12,-187500.03,-168557.16
3946.8486,-187500.03,-187500.03,-187500.03,-187500.03,-187500.03,-187500.03,-187500.03,-187500.03,-187500.03,-111355.23,-150510.42,-180605.69,-111336.03,-175485.2,-175427.83,-160117.81
3946.871,-187500.03,-187500.03,-187500.03,-187500.03,-187500.03,-187500.03,-187500.03,-187500.03,-187500.03,-109229.76,-149301.58,-172514.84,-108828.836,-174091.55,-170904.39,-157069.3
3946.8933,-187500.03,-187500.03,-187500.03,-187500.03,-187500.03,-187500.03,-187500.03,-187500.03,-187500.03,-117219.46,-155846.27,-187500.03,-114396.38,-179641.73,-185862.38,-164402.36
3946.9158,-187500.03,-187500.03,-187500.03,-187500.03,-187500.03,-187500.03,-187500.03,-187500.03,-187500.03,-121257.555,-158454.62,-187500.03,-118314.766,-182347.92,-187500.03,-169284.31
3946.938,-187500.03,-187500.03,-187500.03,-187500.03,-187500.03,-187500.03,-187500.03,-187500.03,-187500.03,-112736.73,-151553.27,-183731.86,-112454.625,-176430.92,-178124.16,-161540.45
3946.9604,-187500.03,-187500.03,-187500.03,-187500.03,-187500.03,-187500.03,-187500.03,-187500.03,-187500.03,-108821.21,-148887.33,-171997.77,-108690.63,-173802.3,-170110.48,-156844.9
3946.983,-187500.03,-187500.03,-187500.03,-187500.03,-187500.03,-187500.03,-187500.03,-187500.03,-187500.03,-115505.77,-154525.42,-184839.11,-113095.0,-178466.36,-182776.97,-162703.1
3947.0051,-187500.03,-187500.03,-187500.03,-187500.03,-187500.03,-187500.03,-187500.03,-187500.03,-187500.03,-121720.81,-158933.44,-187500.03,-118461.234,-182691.92,-187500.03,-169520.75
3947.0276,-187500.03,-187500.03,-187500.03,-187500.03,-187500.03,-187500.03,-187500.03,-187500.03,-187500.03,-114313.46,-152771.08,-186816.38,-113670.11,-177518.42,-181117.02,-163104.69
3947.0498,-187500.03,-187500.03,-187500.03,-187500.03,-187500.03,-187500.03,-187500.03,-187500.03,-187500.03,-108742.87,-148734.23,-172381.72,-108808.16,-173738.69,-169991.23,-156954.73
3947.0723,-187500.03,-187500.03,-187500.03,-187500.03,-187500.03,-187500.03,-187500.03,-187500.03,-187500.03,-113809.72,-153180.4,-181577.94,-111852.336,-177295.8,-179647.23,-161073.03
3947.0945,-187500.03,-187500.03,-187500.03,-187500.03,-187500.03,-187500.03,-187500.03,-187500.03,-187500.03,-121662.586,-159004.6,-187500.03,-118221.49,-182671.8,-187500.03,-169251.8
3947.117,-187500.03,-187500.03,-187500.03,-187500.03,-187500.03,-187500.03,-187500.03,-187500.03,-187500.03,-116007.586,-154100.5,-187500.03,-114919.414,-178688.22,-184205.44,-164726.6
3947.1392,-187500.03,-187500.03,-187500.03,-187500.03,-187500.03,-187500.03,-187500.03,-187500.03,-187500.03,-108999.22,-148850.8,-173622.23,-109174.8,-173904.53,-170549.94,-157388.97
3947.1616,-187500.03,-187500.03,-187500.03,-187500.03,-187500.03,-187500.03,-187500.03,-187500.03,-187500.03,-112252.164,-151912.55,-178453.31,-110751.13,-176216.11,-176716.7,-159624.73
3947.1838,-187500.03,-187500.03,-187500.03,-187500.03,-187500.03,-187500.03,-187500.03,-187500.03,-187500.03,-121083.61,-158664.23,-187500.03,-117611.555,-182291.95,-187500.03,-168499.28
3947.2063,-187500.03,-187500.03,-187500.03,-187500.03,-187500.03,-187500.03,-187500.03,-187500.03,-187500.03,-117697.03,-155452.25,-187500.03,-116111.97,-179859.84,-187168.95,-166292.62
3947.2288,-187500.03,-187500.03,-187500.03,-187500.03,-187500.03,-187500.03,-187500.03,-187500.03,-187500.03,-109564.25,-149220.08,-175585.66,-109765.4,-174281.5,-171739.23,-158114.9
3947.251,-187500.03,-187500.03,-187500.03,-187500.03,-187500.03,-187500.03,-187500.03,-187500.03,-187500.03,-110922.61,-150801.22,-175741.38,-109857.75,-175289.77,-174161.58,-158437.14
3947.2734,-187500.03,-187500.03,-187500.03,-187500.03,-187500.03,-187500.03,-187500.03,-187500.03,-187500.03,-120041.73,-157948.81,-187500.03,-116686.234,-181587.19,-187500.03,-167327.73
3947.2957,-187500.03,-187500.03,-187500.03,-187500.03,-187500.03,-187500.03,-187500.03,-187500.03,-187500.03,-119254.86,-156728.75,-187500.03,-117155.91,-180947.19,-187500.03,-167680.75
3947.318,-187500.03,-187500.03,-187500.03,-187500.03,-187500.03,-187500.03,-187500.03,-187500.03,-187500.03,-110434.695,-149838.75,-178142.53,-110563.33,-174872.28,-173531.08,-159118.88
3947.3403,-187500.03,-187500.03,-187500.03,-187500.03,-187500.03,-187500.03,-187500.03,-187500.03,-187500.03,-109894.836,-149910.67,-173694.27,-109216.68,-174573.97,-172166.92,-157579.73
3947.3628,-187500.03,-187500.03,-187500.03,-187500.03,-187500.03,-187500.03,-187500.03,-187500.03,-187500.03,-118640.43,-156929.64,-187500.03,-115530.96,-180633.36,-187500.03,-165849.66
3947.385,-187500.03,-187500.03,-187500.03,-187500.03,-187500.03,-187500.03,-187500.03,-187500.03,-187500.03,-120524.98,-157807.05,-187500.03,-117942.36,-181840.86,-187500.03,-168743.58
3947.4075,-187500.03,-187500.03,-187500.03,-187500.03,-187500.03,-187500.03,-187500.03,-187500.03,-187500.03,-111595.195,-150699.94,-181107.17,-111548.305,-175662.72,-175852.81,-160365.64
3947.43,-187500.03,-187500.03,-187500.03,-187500.03,-187500.03,-187500.03,-187500.03,-187500.03,-187500.03,-109197.64,-149270.52,-172435.58,-108846.27,-174081.94,-170798.45,-157063.62
3947.4521,-187500.03,-187500.03,-187500.03,-187500.03,-187500.03,-187500.03,-187500.03,-187500.03,-187500.03,-117003.25,-155691.73,-187500.03,-114244.82,-179508.89,-185436.8,-164185.95
3947.4746,-187500.03,-187500.03,-187500.03,-187500.03,-187500.03,-187500.03,-187500.03,-187500.03,-187500.03,-121391.86,-158586.62,-187500.03,-118396.69,-182457.53,-187500.03,-169385.44
3947.4968,-187500.03,-187500.03,-187500.03,-187500.03,-187500.03,-187500.03,-187500.03,-187500.03,-187500.03,-112999.11,-151765.38,-184229.94,-112669.695,-176624.62,-178590.4,-161807.39
3947.5193,-187500.03,-187500.03,-187500.03,-187500.03,-187500.03,-187500.03,-187500.03,-187500.03,-187500.03,-108831.766,-148892.33,-172052.08,-108736.92,-173821.67,-170100.88,-156889.45
3947.5415,-187500.03,-187500.03,-187500.03,-187500.03,-187500.03,-187500.03,-187500.03,-187500.03,-187500.03,-115280.58,-154358.3,-184385.42,-112941.04,-178323.12,-182338.03,-162492.1
3947.564,-187500.03,-187500.03,-187500.03,-187500.03,-187500.03,-187500.03,-187500.03,-187500.03,-187500.03,-121777.03,-159005.1,-187500.03,-118485.96,-182743.5,-187500.03,-169550.28
3947.5862,-187500.03,-187500.03,-187500.03,-187500.03,-187500.03,-187500.03,-187500.03,-187500.03,-187500.03,-114598.6,-153004.38,-187280.0,-113895.91,-177724.19,-181610.19,-163389.7
3947.6086,-187500.03,-187500.03,-187500.03,-187500.03,-187500.03,-187500.03,-187500.03,-187500.03,-187500.03,-108800.984,-148778.56,-172559.98,-108890.73,-173788.5,-170080.16,-157048.92
3947.631,-187500.03,-187500.03,-187500.03,-187500.03,-187500.03,-187500.03,-187500.03,-187500.03,-187500.03,-113597.58,-153019.89,-181126.88,-111712.81,-177160.75,-179225.81,-160885.1
3947.6533,-187500.03,-187500.03,-187500.03,-187500.03,-187500.03,-187500.03,-187500.03,-187500.03,-187500.03,-121636.28,-159016.22,-187500.03,-118186.13,-182670.67,-187500.03,-169209.34
3947.6758,-187500.03,-187500.03,-187500.03,-187500.03,-187500.03,-187500.03,-187500.03,-187500.03,-187500.03,-116302.85,-154350.78,-187500.03,-115146.04,-178906.97,-184698.11,-165019.73
3947.698,-187500.03,-187500.03,-187500.03,-187500.03,-187500.03,-187500.03,-187500.03,-187500.03,-187500.03,-109101.59,-148933.98,-173915.81,-109291.41,-173986.7,-170734.23,-157529.56
3947.7205,-187500.03,-187500.03,-187500.03,-187500.03,-187500.03,-187500.03,-187500.03,-187500.03,-187500.03,-112072.74,-151777.27,-178053.7,-110644.76,-176104.27,-176348.3,-159475.39
3947.7427,-187500.03,-187500.03,-187500.03,-187500.03,-187500.03,-187500.03,-187500.03,-187500.03,-187500.03,-120986.89,-158620.9,-187500.03,-117528.945,-182240.53,-187500.03,-168388.53
3947.7651,-187500.03,-187500.03,-187500.03,-187500.03,-187500.03,-187500.03,-187500.03,-187500.03,-187500.03,-117985.34,-155702.12,-187500.03,-116324.31,-180074.02,-187500.03,-166564.73
3947.7874,-187500.03,-187500.03,-187500.03,-187500.03,-187500.03,-187500.03,-187500.03,-187500.03,-187500.03,-109719.06,-149347.86,-175982.53,-109915.914,-174400.14,-172023.64,-158299.02
3947.8098,-187500.03,-187500.03,-187500.03,-187500.03,-187500.03,-187500.03,-187500.03,-187500.03,-187500.03,-110791.836,-150701.92,-175439.83,-109787.68,-175211.58,-173878.72,-158337.44
3947.8323,-187500.03,-187500.03,-187500.03,-187500.03,-187500.03,-187500.03,-187500.03,-187500.03,-187500.03,-119887.32,-157855.72,-187500.03,-116562.74,-181495.25,-187500.03,-167162.53
3947.8545,-187500.03,-187500.03,-187500.03,-187500.03,-187500.03,-187500.03,-187500.03,-187500.03,-187500.03,-119510.49,-156956.3,-187500.03,-117336.66,-181138.25,-187500.03,-167908.61
3947.877,-187500.03,-187500.03,-187500.03,-187500.03,-187500.03,-187500.03,-187500.03,-187500.03,-187500.03,-110637.36,-150006.02,-178615.36,-110749.03,-175022.14,-173907.75,-159339.75
3947.8992,-187500.03,-187500.03,-187500.03,-187500.03,-187500.03,-187500.03,-187500.03,-187500.03,-187500.03,-109814.164,-149851.0,-173498.94,-109194.06,-174528.86,-171977.12,-157526.84
3947.9216,-187500.03,-187500.03,-187500.03,-187500.03,-187500.03,-187500.03,-187500.03,-187500.03,-187500.03,-118450.59,-156805.6,-187500.03,-115391.28,-180513.86,-187500.03,-165649.66
3947.9438,-187500.03,-187500.03,-187500.03,-187500.03,-187500.03,-187500.03,-187500.03,-187500.03,-187500.03,-120736.35,-158002.27,-187500.03,-118085.99,-182000.53,-187500.03,-168919.1
3947.9663,-187500.03,-187500.03,-187500.03,-187500.03,-187500.03,-187500.03,-187500.03,-187500.03,-187500.03,-111836.266,-150898.98,-181613.0,-111757.586,-175841.1,-176300.7,-160618.31
3947.9885,-187500.03,-187500.03,-187500.03,-187500.03,-187500.03,-187500.03,-187500.03,-187500.03,-187500.03,-109161.05,-149246.16,-172361.2,-108859.5,-174070.62,-170704.77,-157059.44
3948.011,-187500.03,-187500.03,-187500.03,-187500.03,-187500.03,-187500.03,-187500.03,-187500.03,-187500.03,-116798.91,-155555.2,-187118.95,-114104.625,-179383.84,-185039.08,-163985.7
3948.0332,-187500.03,-187500.03,-187500.03,-187500.03,-187500.03,-187500.03,-187500.03,-187500.03,-187500.03,-121540.08,-158738.17,-187500.03,-118498.27,-182578.84,-187500.03,-169503.05
3948.0557,-187500.03,-187500.03,-187500.03,-187500.03,-187500.03,-187500.03,-187500.03,-187500.03,-187500.03,-113280.164,-152001.53,-184739.42,-112910.76,-176834.2,-179089.75,-162095.05
3948.0781,-187500.03,-187500.03,-187500.03,-187500.03,-187500.03,-187500.03,-187500.03,-187500.03,-187500.03,-108848.17,-148908.25,-172111.72,-108796.25,-173844.97,-170106.0,-156940.03
3948.1003,-187500.03,-187500.03,-187500.03,-187500.03,-187500.03,-187500.03,-187500.03,-187500.03,-187500.03,-115074.25,-154212.1,-183934.25,-112806.53,-178194.47,-181916.3,-162298.67
3948.1228,-187500.03,-187500.03,-187500.03,-187500.03,-187500.03,-187500.03,-187500.03,-187500.03,-187500.03,-121844.305,-159092.84,-187500.03,-118522.73,-182808.72,-187500.03,-169590.67
3948.145,-187500.03,-187500.03,-187500.03,-187500.03,-187500.03,-187500.03,-187500.03,-187500.03,-187500.03,-114905.266,-153264.67,-187500.03,-114143.45,-177954.78,-182137.53,-163697.45
3948.1675,-187500.03,-187500.03,-187500.03,-187500.03,-187500.03,-187500.03,-187500.03,-187500.03,-187500.03,-108870.63,-148841.0,-172753.95,-108986.98,-173853.02,-170190.0,-157156.39
3948.1897,-187500.03,-187500.03,-187500.03,-187500.03,-187500.03,-187500.03,-187500.03,-187500.03,-187500.03,-113409.65,-152887.78,-180688.98,-111597.32,-177046.83,-178838.19,-160719.78
3948.2122,-187500.03,-187500.03,-187500.03,-187500.03,-187500.03,-187500.03,-187500.03,-187500.03,-187500.03,-121627.74,-159044.44,-187500.03,-118169.414,-182682.62,-187500.03,-169177.06
3948.2344,-187500.03,-187500.03,-187500.03,-187500.03,-187500.03,-187500.03,-187500.03,-187500.03,-187500.03,-116612.18,-154612.86,-187500.03,-115386.28,-179134.4,-185192.86,-165315.67
3948.2568,-187500.03,-187500.03,-187500.03,-187500.03,-187500.03,-187500.03,-187500.03,-187500.03,-187500.03,-109222.41,-149035.62,-174221.14,-109425.23,-174083.1,-170940.12,-157679.62
3948.2793,-187500.03,-187500.03,-187500.03,-187500.03,-187500.03,-187500.03,-187500.03,-187500.03,-187500.03,-111919.9,-151667.2,-177677.08,-110560.695,-176013.97,-176008.86,-159345.23
3948.3015,-187500.03,-187500.03,-187500.03,-187500.03,-187500.03,-187500.03,-187500.03,-187500.03,-187500.03,-120903.66,-158589.22,-187500.03,-117459.7,-182203.12,-187500.03,-168285.19
3948.324,-187500.03,-187500.03,-187500.03,-187500.03,-187500.03,-187500.03,-187500.03,-187500.03,-187500.03,-118265.1,-155947.83,-187500.03,-116533.52,-180286.81,-187500.03,-166821.5
3948.3462,-187500.03,-187500.03,-187500.03,-187500.03,-187500.03,-187500.03,-187500.03,-187500.03,-187500.03,-109886.19,-149488.62,-176373.47,-110080.69,-174533.42,-172315.11,-158486.98
3948.3687,-187500.03,-187500.03,-187500.03,-187500.03,-187500.03,-187500.03,-187500.03,-187500.03,-187500.03,-110698.05,-150636.44,-175185.66,-109754.734,-175165.48,-173647.42,-158266.83
3948.3909,-187500.03,-187500.03,-187500.03,-187500.03,-187500.03,-187500.03,-187500.03,-187500.03,-187500.03,-119768.97,-157791.94,-187500.03,-116477.42,-181433.0,-187500.03,-167030.55
3948.4133,-187500.03,-187500.03,-187500.03,-187500.03,-187500.03,-187500.03,-187500.03,-187500.03,-187500.03,-119742.125,-157164.88,-187500.03,-117505.97,-181317.62,-187500.03,-168111.64
3948.4355,-187500.03,-187500.03,-187500.03,-187500.03,-187500.03,-187500.03,-187500.03,-187500.03,-187500.03,-110835.87,-150173.53,-179038.52,-110930.03,-175178.05,-174249.73,-159551.28
3948.458,-187500.03,-187500.03,-187500.03,-187500.03,-187500.03,-187500.03,-187500.03,-187500.03,-187500.03,-109766.805,-149820.4,-173351.11,-109192.68,-174515.97,-171826.6,-157504.8
3948.4805,-187500.03,-187500.03,-187500.03,-187500.03,-187500.03,-187500.03,-187500.03,-187500.03,-187500.03,-118305.31,-156715.3,-187500.03,-115288.266,-180435.81,-187500.03,-165501.9
3948.5027,-187500.03,-187500.03,-187500.03,-187500.03,-187500.03,-187500.03,-187500.03,-187500.03,-187500.03,-120925.41,-158178.1,-187500.03,-118219.39,-182153.72,-187500.03,-169082.83
3948.5251,-187500.03,-187500.03,-187500.03,-187500.03,-187500.03,-187500.03,-187500.03,-187500.03,-187500.03,-112069.93,-151093.42,-182062.1,-111961.99,-176021.7,-176695.28,-160863.3
3948.5474,-187500.03,-187500.03,-187500.03,-187500.03,-187500.03,-187500.03,-187500.03,-187500.03,-187500.03,-109159.555,-149248.64,-172329.19,-108898.33,-174087.6,-170642.4,-157086.6
3948.5698,-187500.03,-187500.03,-187500.03,-187500.03,-187500.03,-187500.03,-187500.03,-187500.03,-187500.03,-116637.62,-155445.94,-186758.75,-113997.38,-179290.39,-184688.94,-163827.7
3948.592,-187500.03,-187500.03,-187500.03,-187500.03,-187500.03,-187500.03,-187500.03,-187500.03,-187500.03,-121666.79,-158865.31,-187500.03,-118583.055,-182685.73,-187500.03,-169601.62
3948.6145,-187500.03,-187500.03,-187500.03,-187500.03,-187500.03,-187500.03,-187500.03,-187500.03,-187500.03,-113538.37,-152214.73,-185175.47,-113123.92,-177029.1,-179522.66,-162356.08
3948.6367,-187500.03,-187500.03,-187500.03,-187500.03,-187500.03,-187500.03,-187500.03,-187500.03,-187500.03,-108890.44,-148944.89,-172202.78,-108865.36,-173891.19,-170136.92,-157013.6
3948.6592,-187500.03,-187500.03,-187500.03,-187500.03,-187500.03,-187500.03,-187500.03,-187500.03,-187500.03,-114921.54,-154106.6,-183568.89,-112711.984,-178108.19,-181581.47,-162161.02
3948.6816,-187500.03,-187500.03,-187500.03,-187500.03,-187500.03,-187500.03,-187500.03,-187500.03,-187500.03,-121905.8,-159170.0,-187500.03,-118562.87,-182874.06,-187500.03,-169631.22
3948.7039,-187500.03,-187500.03,-187500.03,-187500.03,-187500.03,-187500.03,-187500.03,-187500.03,-187500.03,-115165.734,-153482.75,-187500.03,-114354.19,-178152.33,-182550.6,-163953.42
3948.7263,-187500.03,-187500.03,-187500.03,-187500.03,-187500.03,-187500.03,-187500.03,-187500.03,-187500.03,-108952.53,-148909.75,-172944.53,-109087.78,-173925.56,-170300.9,-157263.48
3948.7485,-187500.03,-187500.03,-187500.03,-187500.03,-187500.03,-187500.03,-187500.03,-187500.03,-187500.03,-113275.11,-152790.77,-180347.75,-111521.75,-176970.08,-178518.98,-160598.9
3948.771,-187500.03,-187500.03,-187500.03,-187500.03,-187500.03,-187500.03,-187500.03,-187500.03,-187500.03,-121626.49,-159068.88,-187500.03,-118163.445,-182699.61,-187500.03,-169152.97
3948.7932,-187500.03,-187500.03,-187500.03,-187500.03,-187500.03,-187500.03,-187500.03,-187500.03,-187500.03,-116861.336,-154822.95,-187500.03,-115579.914,-179323.64,-185578.28,-165550.55
3948.8157,-187500.03,-187500.03,-187500.03,-187500.03,-187500.03,-187500.03,-187500.03,-187500.03,-187500.03,-109336.04,-149130.64,-174490.6,-109543.82,-174177.69,-171121.94,-157813.36
3948.838,-187500.03,-187500.03,-187500.03,-187500.03,-187500.03,-187500.03,-187500.03,-187500.03,-187500.03,-111830.18,-151605.03,-177433.03,-110519.68,-175968.25,-175787.73,-159272.92
3948.8604,-187500.03,-187500.03,-187500.03,-187500.03,-187500.03,-187500.03,-187500.03,-187500.03,-187500.03,-120867.71,-158586.39,-187500.03,-117434.664,-182196.31,-187500.03,-168234.6
3948.8826,-187500.03,-187500.03,-187500.03,-187500.03,-187500.03,-187500.03,-187500.03,-187500.03,-187500.03,-118491.43,-156143.36,-187500.03,-116711.11,-180459.83,-187500.03,-167031.02
3948.905,-187500.03,-187500.03,-187500.03,-187500.03,-187500.03,-187500.03,-187500.03,-187500.03,-187500.03,-110023.87,-149604.05,-176680.48,-110219.43,-174642.25,-172546.81,-158641.61
3948.9275,-187500.03,-187500.03,-187500.03,-187500.03,-187500.03,-187500.03,-187500.03,-187500.03,-187500.03,-110630.836,-150590.22,-174994.06,-109736.586,-175134.56,-173472.03,-158219.94
3948.9497,-187500.03,-187500.03,-187500.03,-187500.03,-187500.03,-187500.03,-187500.03,-187500.03,-187500.03,-119677.88,-157745.61,-187500.03,-116414.75,-181390.2,-187500.03,-166930.03
3948.9722,-187500.03,-187500.03,-187500.03,-187500.03,-187500.03,-187500.03,-187500.03,-187500.03,-187500.03,-119956.39,-157357.33,-187500.03,-117666.61,-181487.2,-187500.03,-168304.48
3948.9944,-187500.03,-187500.03,-187500.03,-187500.03,-187500.03,-187500.03,-187500.03,-187500.03,-187500.03,-111018.414,-150328.6,-179421.97,-111100.266,-175322.72,-174569.69,-159750.05
3949.0168,-187500.03,-187500.03,-187500.03,-187500.03,-187500.03,-187500.03,-187500.03,-187500.03,-187500.03,-109731.445,-149800.22,-173244.86,-109205.04,-174509.22,-171719.48,-157496.4
3949.039,-187500.03,-187500.03,-187500.03,-187500.03,-187500.03,-187500.03,-187500.03,-187500.03,-187500.03,-118170.15,-156633.53,-187500.03,-115201.85,-180361.3,-187342.73,-165366.9
3949.0615,-187500.03,-187500.03,-187500.03,-187500.03,-187500.03,-187500.03,-187500.03,-187500.03,-187500.03,-121087.7,-158334.86,-187500.03,-118342.055,-182286.62,-187500.03,-169221.98
3949.0837,-187500.03,-187500.03,-187500.03,-187500.03,-187500.03,-187500.03,-187500.03,-187500.03,-187500.03,-112282.58,-151275.47,-182472.81,-112154.125,-176187.72,-177068.67,-161086.39
3949.1062,-187500.03,-187500.03,-187500.03,-187500.03,-187500.03,-187500.03,-187500.03,-187500.03,-187500.03,-109161.43,-149259.03,-172322.77,-108941.17,-174109.19,-170610.97,-157117.14
3949.1287,-187500.03,-187500.03,-187500.03,-187500.03,-187500.03,-187500.03,-187500.03,-187500.03,-187500.03,-116476.17,-155339.47,-186396.22,-113892.76,-179201.33,-184345.08,-163672.02
3949.151,-187500.03,-187500.03,-187500.03,-187500.03,-187500.03,-187500.03,-187500.03,-187500.03,-187500.03,-121785.99,-158988.86,-187500.03,-118665.734,-182793.16,-187500.03,-169694.61
3949.1733,-187500.03,-187500.03,-187500.03,-187500.03,-187500.03,-187500.03,-187500.03,-187500.03,-187500.03,-113791.59,-152428.27,-185600.0,-113339.22,-177226.3,-179958.6,-162612.05
3949.1956,-187500.03,-187500.03,-187500.03,-187500.03,-187500.03,-187500.03,-187500.03,-187500.03,-187500.03,-108934.086,-148985.97,-172304.83,-108943.9,-173942.81,-170184.83,-157083.95
3949.218,-187500.03,-187500.03,-187500.03,-187500.03,-187500.03,-187500.03,-187500.03,-187500.03,-187500.03,-114753.66,-153988.75,-183181.22,-112612.43,-178013.42,-181224.33,-161999.2
3949.2402,-187500.03,-187500.03,-187500.03,-187500.03,-187500.03,-187500.03,-187500.03,-187500.03,-187500.03,-121957.63,-159239.78,-187500.03,-118597.72,-182932.05,-187500.03,-169650.52
3949.2627,-187500.03,-187500.03,-187500.03,-187500.03,-187500.03,-187500.03,-187500.03,-187500.03,-187500.03,-115446.02,-153717.34,-187500.03,-114583.336,-178366.27,-183001.42,-164221.72
3949.285,-187500.03,-187500.03,-187500.03,-187500.03,-187500.03,-187500.03,-187500.03,-187500.03,-187500.03,-109045.445,-148984.89,-173169.39,-109200.55,-174007.1,-170439.4,-157377.58
3949.3074,-187500.03,-187500.03,-187500.03,-187500.03,-187500.03,-187500.03,-187500.03,-187500.03,-187500.03,-113123.945,-152678.17,-179984.5,-111438.0,-176885.55,-178188.03,-160459.75
3949.3298,-187500.03,-187500.03,-187500.03,-187500.03,-187500.03,-187500.03,-187500.03,-187500.03,-187500.03,-121612.9,-159085.48,-187500.03,-118150.77,-182714.17,-187500.03,-169110.4
3949.352,-187500.03,-187500.03,-187500.03,-187500.03,-187500.03,-187500.03,-187500.03,-187500.03,-187500.03,-117170.82,-155083.58,-187500.03,-115826.516,-179560.56,-186051.56,-165840.05
3949.3745,-187500.03,-187500.03,-187500.03,-187500.03,-187500.03,-187500.03,-187500.03,-187500.03,-187500.03,-109482.516,-149250.62,-174834.55,-109703.95,-174300.12,-171363.16,-157983.39
3949.3967,-187500.03,-187500.03,-187500.03,-187500.03,-187500.03,-187500.03,-187500.03,-187500.03,-187500.03,-111674.99,-151486.36,-177045.22,-110442.32,-175882.62,-175432.78,-159137.69
3949.4192,-187500.03,-187500.03,-187500.03,-187500.03,-187500.03,-187500.03,-187500.03,-187500.03,-187500.03,-120758.37,-158527.4,-187500.03,-117347.83,-182144.17,-187500.03,-168097.38
3949.4414,-187500.03,-187500.03,-187500.03,-187500.03,-187500.03,-187500.03,-187500.03,-187500.03,-187500.03,-118818.24,-156418.39,-187500.03,-116952.51,-180708.42,-187500.03,-167324.88
3949.4639,-187500.03,-187500.03,-187500.03,-187500.03,-187500.03,-187500.03,-187500.03,-187500.03,-187500.03,-110231.56,-149769.22,-177165.4,-110417.75,-174807.16,-172909.1,-158872.38
3949.486,-187500.03,-187500.03,-187500.03,-187500.03,-187500.03,-187500.03,-187500.03,-187500.03,-187500.03,-110512.91,-150496.38,-174698.22,-109687.52,-175074.88,-173186.22,-158132.98
3949.5085,-187500.03,-187500.03,-187500.03,-187500.03,-187500.03,-187500.03,-187500.03,-187500.03,-187500.03,-119496.57,-157630.11,-187500.03,-116278.07,-181290.5,-187500.03,-166737.67
3949.531,-187500.03,-187500.03,-187500.03,-187500.03,-187500.03,-187500.03,-187500.03,-187500.03,-187500.03,-120236.66,-157605.31,-187500.03,-117867.414,-181707.7,-187500.03,-168551.47
3949.5532,-187500.03,-187500.03,-187500.03,-187500.03,-187500.03,-187500.03,-187500.03,-187500.03,-187500.03,-111269.58,-150531.38,-179968.14,-111327.625,-175517.33,-175009.22,-160019.56
3949.5757,-187500.03,-187500.03,-187500.03,-187500.03,-187500.03,-187500.03,-187500.03,-187500.03,-187500.03,-109668.766,-149747.23,-173088.77,-109201.7,-174486.62,-171541.08,-157467.3
3949.598,-187500.03,-187500.03,-187500.03,-187500.03,-187500.03,-187500.03,-187500.03,-187500.03,-187500.03,-117953.61,-156481.22,-187500.03,-115046.125,-180235.81,-186901.58,-165147.36
3949.6204,-187500.03,-187500.03,-187500.03,-187500.03,-187500.03,-187500.03,-187500.03,-187500.03,-187500.03,-121302.63,-158529.05,-187500.03,-118484.82,-182460.25,-187500.03,-169399.34
3949.6426,-187500.03,-187500.03,-187500.03,-187500.03,-187500.03,-187500.03,-187500.03,-187500.03,-187500.03,-112581.54,-151513.64,-183042.56,-112403.836,-176414.38,-177578.86,-161394.36
3949.665,-187500.03,-187500.03,-187500.03,-187500.03,-187500.03,-187500.03,-187500.03,-187500.03,-187500.03,-109161.23,-149253.2,-172319.89,-108981.74,-174126.64,-170549.73,-157151.11
3949.6873,-187500.03,-187500.03,-187500.03,-187500.03,-187500.03,-187500.03,-187500.03,-187500.03,-187500.03,-116254.82,-155178.06,-185925.39,-113740.38,-179067.3,-183885.33,-163457.17
3949.7097,-187500.03,-187500.03,-187500.03,-187500.03,-187500.03,-187500.03,-187500.03,-187500.03,-187500.03,-121908.08,-159111.81,-187500.03,-118741.016,-182897.89,-187500.03,-169780.03
3949.732,-187500.03,-187500.03,-187500.03,-187500.03,-187500.03,-187500.03,-187500.03,-187500.03,-187500.03,-114111.29,-152684.17,-186125.75,-113597.47,-177462.19,-180485.2,-162926.5
3949.7544,-187500.03,-187500.03,-187500.03,-187500.03,-187500.03,-187500.03,-187500.03,-187500.03,-187500.03,-108997.44,-149028.88,-172454.14,-109032.75,-174000.03,-170241.98,-157174.17
3949.7769,-187500.03,-187500.03,-187500.03,-187500.03,-187500.03,-187500.03,-187500.03,-187500.03,-187500.03,-114560.9,-153842.12,-182737.19,-112486.2,-177897.14,-180792.77,-161815.25
3949.799,-187500.03,-187500.03,-187500.03,-187500.03,-187500.03,-187500.03,-187500.03,-187500.03,-187500.03,-122005.35,-159304.11,-187500.03,-118616.29,-182987.72,-187500.03,-169662.36
3949.8215,-187500.03,-187500.03,-187500.03,-187500.03,-187500.03,-187500.03,-187500.03,-187500.03,-187500.03,-115779.67,-153987.14,-187500.03,-114842.234,-178616.73,-183524.86,-164538.67
3949.8438,-187500.03,-187500.03,-187500.03,-187500.03,-187500.03,-187500.03,-187500.03,-187500.03,-187500.03,-109152.94,-149064.25,-173434.89,-109324.016,-174100.4,-170591.16,-157509.14
3949.8662,-187500.03,-187500.03,-187500.03,-187500.03,-187500.03,-187500.03,-187500.03,-187500.03,-187500.03,-112956.29,-152546.23,-179568.3,-111339.56,-176788.83,-177803.23,-160303.25
3949.8884,-187500.03,-187500.03,-187500.03,-187500.03,-187500.03,-187500.03,-187500.03,-187500.03,-187500.03,-121573.29,-159076.75,-187500.03,-118109.53,-182710.19,-187500.03,-169036.61
3949.911,-187500.03,-187500.03,-187500.03,-187500.03,-187500.03,-187500.03,-187500.03,-187500.03,-187500.03,-117475.66,-155330.47,-187500.03,-116054.15,-179793.08,-186501.12,-166114.28
3949.933,-187500.03,-187500.03,-187500.03,-187500.03,-187500.03,-187500.03,-187500.03,-187500.03,-187500.03,-109628.086,-149356.73,-175176.7,-109848.34,-174420.66,-171585.55,-158141.2
3949.9556,-187500.03,-187500.03,-187500.03,-187500.03,-187500.03,-187500.03,-187500.03,-187500.03,-187500.03,-111576.805,-151403.05,-176773.98,-110397.52,-175836.62,-175167.25,-159051.5
3949.978,-187500.03,-187500.03,-187500.03,-187500.03,-187500.03,-187500.03,-187500.03,-187500.03,-187500.03,-120678.69,-158479.39,-187500.03,-117284.73,-182113.66,-187500.03,-167996.72
3950.0002,-187500.03,-187500.03,-187500.03,-187500.03,-187500.03,-187500.03,-187500.03,-187500.03,-187500.03,-119069.984,-156626.69,-187500.03,-117139.484,-180909.14,-187500.03,-167548.3
3950.0227,-187500.03,-187500.03,-187500.03,-187500.03,-187500.03,-187500.03,-187500.03,-187500.03,-187500.03,-110411.18,-149905.31,-177557.44,-110586.484,-174955.08,-173197.02,-159061.6
3950.045,-187500.03,-187500.03,-187500.03,-187500.03,-187500.03,-187500.03,-187500.03,-187500.03,-187500.03,-110452.805,-150440.45,-174508.98,-109675.27,-175056.39,-172992.16,-158086.2
3950.0674,-187500.03,-187500.03,-187500.03,-187500.03,-187500.03,-187500.03,-187500.03,-187500.03,-187500.03,-119377.75,-157546.16,-187500.03,-116190.54,-181231.31,-187500.03,-166598.88
3950.0896,-187500.03,-187500.03,-187500.03,-187500.03,-187500.03,-187500.03,-187500.03,-187500.03,-187500.03,-120471.64,-157799.1,-187500.03,-118034.63,-181892.83,-187500.03,-168749.06
3950.112,-187500.03,-187500.03,-187500.03,-187500.03,-187500.03,-187500.03,-187500.03,-187500.03,-187500.03,-111506.44,-150708.75,-180443.95,-111534.02,-175701.5,-175399.83,-160260.31
3950.1343,-187500.03,-187500.03,-187500.03,-187500.03,-187500.03,-187500.03,-187500.03,-187500.03,-187500.03,-109645.97,-149714.33,-172988.97,-109218.805,-174491.98,-171417.7,-157465.45
3950.1567,-187500.03,-187500.03,-187500.03,-187500.03,-187500.03,-187500.03,-187500.03,-187500.03,-187500.03,-117787.31,-156356.9,-187500.03,-114926.88,-180144.48,-186522.98,-164975.06
3950.1792,-187500.03,-187500.03,-187500.03,-187500.03,-187500.03,-187500.03,-187500.03,-187500.03,-187500.03,-121491.484,-158695.3,-187500.03,-118613.945,-182618.1,-187500.03,-169553.11
3950.2014,-187500.03,-187500.03,-187500.03,-187500.03,-187500.03,-187500.03,-187500.03,-187500.03,-187500.03,-112869.54,-151737.9,-183569.48,-112647.14,-176637.08,-178061.8,-161684.98
3950.2239,-187500.03,-187500.03,-187500.03,-187500.03,-187500.03,-187500.03,-187500.03,-187500.03,-187500.03,-109187.555,-149262.69,-172355.17,-109046.72,-174168.88,-170529.12,-157205.2
3950.246,-187500.03,-187500.03,-187500.03,-187500.03,-187500.03,-187500.03,-187500.03,-187500.03,-187500.03,-116077.04,-155041.97,-185505.0,-113625.586,-178969.55,-183489.47,-163282.31
3950.2686,-187500.03,-187500.03,-187500.03,-187500.03,-187500.03,-187500.03,-187500.03,-187500.03,-187500.03,-122030.36,-159227.36,-187500.03,-118819.16,-183011.33,-187500.03,-169866.75
3950.2908,-187500.03,-187500.03,-187500.03,-187500.03,-187500.03,-187500.03,-187500.03,-187500.03,-187500.03,-114433.02,-152938.75,-186633.5,-113859.03,-177711.95,-181007.66,-163241.92
3950.3132,-187500.03,-187500.03,-187500.03,-187500.03,-187500.03,-187500.03,-187500.03,-187500.03,-187500.03,-109071.84,-149080.31,-172622.45,-109133.47,-174079.28,-170322.38,-157277.1
3950.3354,-187500.03,-187500.03,-187500.03,-187500.03,-187500.03,-187500.03,-187500.03,-187500.03,-187500.03,-114377.27,-153703.61,-182294.72,-112372.305,-177799.44,-180386.23,-161643.42
3950.358,-187500.03,-187500.03,-187500.03,-187500.03,-187500.03,-187500.03,-187500.03,-187500.03,-187500.03,-122045.02,-159362.36,-187500.03,-118634.59,-183046.73,-187500.03,-169669.23
3950.3804,-187500.03,-187500.03,-187500.03,-187500.03,-187500.03,-187500.03,-187500.03,-187500.03,-187500.03,-116125.625,-154268.62,-187500.03,-115116.49,-178884.16,-184074.22,-164866.94
3950.4026,-187500.03,-187500.03,-187500.03,-187500.03,-187500.03,-187500.03,-187500.03,-187500.03,-187500.03,-109292.66,-149168.98,-173759.36,-109477.51,-174224.14,-170800.55,-157671.33
3950.425,-187500.03,-187500.03,-187500.03,-187500.03,-187500.03,-187500.03,-187500.03,-187500.03,-187500.03,-112804.05,-152428.22,-179173.53,-111258.36,-176713.22,-177444.11,-160166.84
3950.4473,-187500.03,-187500.03,-187500.03,-187500.03,-187500.03,-187500.03,-187500.03,-187500.03,-187500.03,-121550.47,-159088.7,-187500.03,-118085.37,-182728.06,-187500.03,-168985.78
3950.4697,-187500.03,-187500.03,-187500.03,-187500.03,-187500.03,-187500.03,-187500.03,-187500.03,-187500.03,-117842.85,-155637.81,-187500.03,-116336.12,-180079.3,-187044.23,-166455.95
3950.492,-187500.03,-187500.03,-187500.03,-187500.03,-187500.03,-187500.03,-187500.03,-187500.03,-187500.03,-109839.625,-149524.42,-175652.77,-110055.68,-174595.16,-171933.25,-158373.66
3950.5144,-187500.03,-187500.03,-187500.03,-187500.03,-187500.03,-187500.03,-187500.03,-187500.03,-187500.03,-111461.36,-151312.92,-176437.31,-110352.62,-175784.55,-174862.64,-158957.72
3950.5366,-187500.03,-187500.03,-187500.03,-187500.03,-187500.03,-187500.03,-187500.03,-187500.03,-187500.03,-120583.49,-158436.25,-187500.03,-117214.7,-182079.97,-187500.03,-167878.75
3950.559,-187500.03,-187500.03,-187500.03,-187500.03,-187500.03,-187500.03,-187500.03,-187500.03,-187500.03,-119433.13,-156936.45,-187500.03,-117412.914,-181189.28,-187500.03,-167875.39
3950.5813,-187500.03,-187500.03,-187500.03,-187500.03,-187500.03,-187500.03,-187500.03,-187500.03,-187500.03,-110685.195,-150124.4,-178138.02,-110841.875,-175170.27,-173658.36,-159350.88
3950.6038,-187500.03,-187500.03,-187500.03,-187500.03,-187500.03,-187500.03,-187500.03,-187500.03,-187500.03,-110401.73,-150401.39,-174314.64,-109688.77,-175050.17,-172800.83,-158063.03
3950.6262,-187500.03,-187500.03,-187500.03,-187500.03,-187500.03,-187500.03,-187500.03,-187500.03,-187500.03,-119238.586,-157467.73,-187500.03,-116099.55,-181170.44,-187500.03,-166449.97
3950.6484,-187500.03,-187500.03,-187500.03,-187500.03,-187500.03,-187500.03,-187500.03,-187500.03,-187500.03,-120768.02,-158063.52,-187500.03,-118254.95,-182133.11,-187500.03,-169008.48
3950.671,-187500.03,-187500.03,-187500.03,-187500.03,-187500.03,-187500.03,-187500.03,-187500.03,-187500.03,-111814.72,-150958.9,-181034.44,-111810.47,-175945.22,-175910.0,-160575.36
3950.693,-187500.03,-187500.03,-187500.03,-187500.03,-187500.03,-187500.03,-187500.03,-187500.03,-187500.03,-109663.23,-149731.17,-172953.16,-109289.39,-174536.38,-171355.28,-157506.78
3950.7156,-187500.03,-187500.03,-187500.03,-187500.03,-187500.03,-187500.03,-187500.03,-187500.03,-187500.03,-117642.07,-156269.73,-187500.03,-114843.914,-180080.02,-186159.44,-164822.98
3950.7378,-187500.03,-187500.03,-187500.03,-187500.03,-187500.03,-187500.03,-187500.03,-187500.03,-187500.03,-121718.31,-158907.64,-187500.03,-118783.64,-182811.7,-187500.03,-169737.61
3950.7603,-187500.03,-187500.03,-187500.03,-187500.03,-187500.03,-187500.03,-187500.03,-187500.03,-187500.03,-113206.83,-152014.73,-184129.22,-112937.82,-176902.38,-178603.14,-162013.81
3950.7825,-187500.03,-187500.03,-187500.03,-187500.03,-187500.03,-187500.03,-187500.03,-187500.03,-187500.03,-109267.78,-149328.95,-172467.55,-109161.945,-174257.75,-170577.31,-157302.78
3950.805,-187500.03,-187500.03,-187500.03,-187500.03,-187500.03,-187500.03,-187500.03,-187500.03,-187500.03,-115929.29,-154947.53,-185106.42,-113545.73,-178905.88,-183107.42,-163134.6
3950.8274,-187500.03,-187500.03,-187500.03,-187500.03,-187500.03,-187500.03,-187500.03,-187500.03,-187500.03,-122177.88,-159384.94,-187500.03,-118932.08,-183156.88,-187500.03,-169978.2
3950.8496,-187500.03,-187500.03,-187500.03,-187500.03,-187500.03,-187500.03,-187500.03,-187500.03,-187500.03,-114796.95,-153246.22,-187156.7,-114165.76,-178003.28,-181572.61,-163596.23
3950.872,-187500.03,-187500.03,-187500.03,-187500.03,-187500.03,-187500.03,-187500.03,-187500.03,-187500.03,-109204.234,-149192.64,-172865.69,-109292.09,-174208.48,-170478.42,-157431.55
3950.8943,-187500.03,-187500.03,-187500.03,-187500.03,-187500.03,-187500.03,-187500.03,-187500.03,-187500.03,-114246.96,-153619.17,-181899.77,-112314.7,-177747.61,-180036.42,-161522.77
3950.9167,-187500.03,-187500.03,-187500.03,-187500.03,-187500.03,-187500.03,-187500.03,-187500.03,-187500.03,-122122.5,-159463.39,-187500.03,-118695.35,-183140.19,-187500.03,-169715.06
3950.939,-187500.03,-187500.03,-187500.03,-187500.03,-187500.03,-187500.03,-187500.03,-187500.03,-187500.03,-116502.48,-154585.94,-187500.03,-115422.195,-179180.38,-184627.56,-165225.5
3950.9614,-187500.03,-187500.03,-187500.03,-187500.03,-187500.03,-187500.03,-187500.03,-187500.03,-187500.03,-109475.07,-149321.83,-174118.02,-109670.555,-174384.05,-171053.22,-157875.4
3950.9836,-187500.03,-187500.03,-187500.03,-187500.03,-187500.03,-187500.03,-187500.03,-187500.03,-187500.03,-112705.81,-152368.42,-178837.0,-111229.1,-176681.56,-177141.52,-160087.05
3951.006,-187500.03,-187500.03,-187500.03,-187500.03,-187500.03,-187500.03,-187500.03,-187500.03,-187500.03,-121552.08,-159135.64,-187500.03,-118095.27,-182769.48,-187500.03,-168967.9
3951.0286,-187500.03,-187500.03,-187500.03,-187500.03,-187500.03,-187500.03,-187500.03,-187500.03,-187500.03,-118196.32,-155949.47,-187500.03,-116620.56,-180360.23,-187500.03,-166790.31
3951.0508,-187500.03,-187500.03,-187500.03,-187500.03,-187500.03,-187500.03,-187500.03,-187500.03,-187500.03,-110056.195,-149712.14,-176075.78,-110273.984,-174777.3,-172256.06,-158610.77
3951.0732,-187500.03,-187500.03,-187500.03,-187500.03,-187500.03,-187500.03,-187500.03,-187500.03,-187500.03,-111418.46,-151295.7,-176224.2,-110369.695,-175788.81,-174675.6,-158937.64
3951.0955,-187500.03,-187500.03,-187500.03,-187500.03,-187500.03,-187500.03,-187500.03,-187500.03,-187500.03,-120538.72,-158442.98,-187500.03,-117198.23,-182088.27,-187500.03,-167824.28
3951.118,-187500.03,-187500.03,-187500.03,-187500.03,-187500.03,-187500.03,-187500.03,-187500.03,-187500.03,-119733.85,-157211.42,-187500.03,-117652.98,-181438.14,-187500.03,-168155.45
3951.1401,-187500.03,-187500.03,-187500.03,-187500.03,-187500.03,-187500.03,-187500.03,-187500.03,-187500.03,-110922.945,-150332.31,-178574.62,-111067.766,-175370.86,-174022.34,-159603.58
3951.1626,-187500.03,-187500.03,-187500.03,-187500.03,-187500.03,-187500.03,-187500.03,-187500.03,-187500.03,-110403.984,-150420.9,-174207.53,-109739.555,-175088.88,-172700.0,-158086.84
3951.1848,-187500.03,-187500.03,-187500.03,-187500.03,-187500.03,-187500.03,-187500.03,-187500.03,-187500.03,-119158.945,-157442.34,-187500.03,-116060.805,-181154.23,-187500.03,-166365.08
3951.2073,-187500.03,-187500.03,-187500.03,-187500.03,-187500.03,-187500.03,-187500.03,-187500.03,-187500.03,-121016.51,-158298.12,-187500.03,-118451.83,-182343.98,-187500.03,-169232.55
3951.2297,-187500.03,-187500.03,-187500.03,-187500.03,-187500.03,-187500.03,-187500.03,-187500.03,-187500.03,-112082.734,-151191.47,-181501.4,-112057.01,-176165.19,-176326.53,-160852.47
3951.252,-187500.03,-187500.03,-187500.03,-187500.03,-187500.03,-187500.03,-187500.03,-187500.03,-187500.03,-109708.76,-149782.42,-172960.28,-109375.47,-174602.16,-171336.95,-157575.88
3951.2744,-187500.03,-187500.03,-187500.03,-187500.03,-187500.03,-187500.03,-187500.03,-187500.03,-187500.03,-117537.71,-156221.19,-187500.03,-114792.414,-180046.48,-185862.67,-164722.55
3951.2966,-187500.03,-187500.03,-187500.03,-187500.03,-187500.03,-187500.03,-187500.03,-187500.03,-187500.03,-121913.51,-159105.42,-187500.03,-118936.45,-182988.42,-187500.03,-169910.81
3951.319,-187500.03,-187500.03,-187500.03,-187500.03,-187500.03,-187500.03,-187500.03,-187500.03,-187500.03,-113509.85,-152276.61,-184607.69,-113203.74,-177147.61,-179074.11,-162324.88
3951.3413,-187500.03,-187500.03,-187500.03,-187500.03,-187500.03,-187500.03,-187500.03,-187500.03,-187500.03,-109346.55,-149405.2,-172575.19,-109275.67,-174345.19,-170635.6,-157412.33
3951.3638,-187500.03,-187500.03,-187500.03,-187500.03,-187500.03,-187500.03,-187500.03,-187500.03,-187500.03,-115804.34,-154875.62,-184746.0,-113484.46,-178853.45,-182785.56,-163020.42
3951.386,-187500.03,-187500.03,-187500.03,-187500.03,-187500.03,-187500.03,-187500.03,-187500.03,-187500.03,-122311.055,-159530.48,-187500.03,-119033.93,-183283.6,-187500.03,-170084.47
3951.4084,-187500.03,-187500.03,-187500.03,-187500.03,-187500.03,-187500.03,-187500.03,-187500.03,-187500.03,-115132.74,-153532.27,-187500.03,-114447.46,-178265.28,-182079.97,-163925.34
3951.431,-187500.03,-187500.03,-187500.03,-187500.03,-187500.03,-187500.03,-187500.03,-187500.03,-187500.03,-109332.13,-149306.02,-173100.72,-109441.516,-174327.03,-170632.84,-157582.95
3951.4531,-187500.03,-187500.03,-187500.03,-187500.03,-187500.03,-187500.03,-187500.03,-187500.03,-187500.03,-114130.24,-153549.5,-181557.3,-112261.51,-177699.5,-179721.36,-161417.8
3951.4756,-187500.03,-187500.03,-187500.03,-187500.03,-187500.03,-187500.03,-187500.03,-187500.03,-187500.03,-122172.25,-159546.28,-187500.03,-118733.46,-183211.58,-187500.03,-169737.78
3951.4978,-187500.03,-187500.03,-187500.03,-187500.03,-187500.03,-187500.03,-187500.03,-187500.03,-187500.03,-116840.15,-154881.6,-187500.03,-115695.11,-179448.89,-185121.81,-165547.55
3951.5203,-187500.03,-187500.03,-187500.03,-187500.03,-187500.03,-187500.03,-187500.03,-187500.03,-187500.03,-109635.58,-149465.2,-174446.92,-109843.11,-174527.53,-171289.25,-158057.3
3951.5425,-187500.03,-187500.03,-187500.03,-187500.03,-187500.03,-187500.03,-187500.03,-187500.03,-187500.03,-112611.555,-152314.64,-178533.9,-111201.16,-176649.48,-176877.78,-160008.97
3951.565,-187500.03,-187500.03,-187500.03,-187500.03,-187500.03,-187500.03,-187500.03,-187500.03,-187500.03,-121530.78,-159161.34,-187500.03,-118086.4,-182790.4,-187500.03,-168923.55
3951.5872,-187500.03,-187500.03,-187500.03,-187500.03,-187500.03,-187500.03,-187500.03,-187500.03,-187500.03,-118533.164,-156245.66,-187500.03,-116887.78,-180629.25,-187500.03,-167103.22
3951.6096,-187500.03,-187500.03,-187500.03,-187500.03,-187500.03,-187500.03,-187500.03,-187500.03,-187500.03,-110262.32,-149886.83,-176512.88,-110481.45,-174954.28,-172585.3,-158836.58
3951.6318,-187500.03,-187500.03,-187500.03,-187500.03,-187500.03,-187500.03,-187500.03,-187500.03,-187500.03,-111336.99,-151244.0,-175962.08,-110356.69,-175768.4,-174430.97,-158879.27
3951.6543,-187500.03,-187500.03,-187500.03,-187500.03,-187500.03,-187500.03,-187500.03,-187500.03,-187500.03,-120435.25,-158401.92,-187500.03,-117129.71,-182054.98,-187500.03,-167706.23
3951.6768,-187500.03,-187500.03,-187500.03,-187500.03,-187500.03,-187500.03,-187500.03,-187500.03,-187500.03,-120060.21,-157504.98,-187500.03,-117902.47,-181700.11,-187500.03,-168452.78
3951.699,-187500.03,-187500.03,-187500.03,-187500.03,-187500.03,-187500.03,-187500.03,-187500.03,-187500.03,-111190.25,-150557.56,-179124.78,-111321.32,-175587.33,-174465.97,-159891.25
3951.7214,-187500.03,-187500.03,-187500.03,-187500.03,-187500.03,-187500.03,-187500.03,-187500.03,-187500.03,-110366.75,-150400.17,-174045.73,-109767.23,-175093.16,-172538.94,-158082.81
3951.7437,-187500.03,-187500.03,-187500.03,-187500.03,-187500.03,-187500.03,-187500.03,-187500.03,-187500.03,-119006.016,-157356.7,-187500.03,-115965.99,-181082.27,-187500.03,-166211.83
3951.766,-187500.03,-187500.03,-187500.03,-187500.03,-187500.03,-187500.03,-187500.03,-187500.03,-187500.03,-121294.19,-158554.1,-187500.03,-118659.3,-182569.7,-187500.03,-169481.64
3951.7883,-187500.03,-187500.03,-187500.03,-187500.03,-187500.03,-187500.03,-187500.03,-187500.03,-187500.03,-112398.52,-151453.9,-182087.9,-112337.03,-176412.69,-176845.1,-161185.69
3951.8108,-187500.03,-187500.03,-187500.03,-187500.03,-187500.03,-187500.03,-187500.03,-187500.03,-187500.03,-109723.64,-149801.45,-172931.75,-109439.8,-174641.92,-171274.92,-157629.34
3951.833,-187500.03,-187500.03,-187500.03,-187500.03,-187500.03,-187500.03,-187500.03,-187500.03,-187500.03,-117361.195,-156109.78,-187452.28,-114680.32,-179954.95,-185461.42,-164554.42
3951.8555,-187500.03,-187500.03,-187500.03,-187500.03,-187500.03,-187500.03,-187500.03,-187500.03,-187500.03,-122107.07,-159296.58,-187500.03,-119075.91,-183153.92,-187500.03,-170074.25
3951.878,-187500.03,-187500.03,-187500.03,-187500.03,-187500.03,-187500.03,-187500.03,-187500.03,-187500.03,-113850.84,-152562.03,-185161.28,-113494.76,-177411.36,-179619.89,-162668.72
3951.9001,-187500.03,-187500.03,-187500.03,-187500.03,-187500.03,-187500.03,-187500.03,-187500.03,-187500.03,-109417.625,-149468.06,-172693.31,-109381.8,-174420.9,-170684.92,-157512.4
3951.9226,-187500.03,-187500.03,-187500.03,-187500.03,-187500.03,-187500.03,-187500.03,-187500.03,-187500.03,-115640.305,-154769.58,-184332.17,-113388.164,-178769.7,-182402.72,-162864.75
3951.9448,-187500.03,-187500.03,-187500.03,-187500.03,-187500.03,-187500.03,-187500.03,-187500.03,-187500.03,-122412.58,-159653.22,-187500.03,-119104.34,-183389.56,-187500.03,-170154.55
3951.9673,-187500.03,-187500.03,-187500.03,-187500.03,-187500.03,-187500.03,-187500.03,-187500.03,-187500.03,-115480.445,-153828.48,-187500.03,-114730.63,-178537.73,-182616.28,-164263.66
3951.9895,-187500.03,-187500.03,-187500.03,-187500.03,-187500.03,-187500.03,-187500.03,-187500.03,-187500.03,-109447.98,-149406.28,-173341.23,-109580.86,-174437.1,-170773.47,-157724.66
3952.012,-187500.03,-187500.03,-187500.03,-187500.03,-187500.03,-187500.03,-187500.03,-187500.03,-187500.03,-113985.875,-153450.75,-181159.8,-112189.484,-177630.08,-179359.81,-161285.33
3952.0342,-187500.03,-187500.03,-187500.03,-187500.03,-187500.03,-187500.03,-187500.03,-187500.03,-187500.03,-122204.1,-159608.28,-187500.03,-118758.18,-183267.45,-187500.03,-169741.1
3952.0566,-187500.03,-187500.03,-187500.03,-187500.03,-187500.03,-187500.03,-187500.03,-187500.03,-187500.03,-117197.266,-155182.23,-187500.03,-115982.4,-179726.06,-185637.11,-165886.62
