Tm,Oz,Po7,Po4,Po3,P4,P3,Po8,Pz,Fz,F2,F3,F4,AF3,Cz,AF4,F1
6418.2363,-187500.03,-187500.03,-187500.03,-187500.03,-187500.03,-187500.03,-187500.03,-187500.03,-187500.03,-128287.87,-168553.19,-187500.03,-129284.086,-187500.03,-187500.03,-177980.44
6418.259,-187500.03,-187500.03,-187500.03,-187500.03,-187500.03,-187500.03,-187500.03,-187500.03,-187500.03,-127604.945,-168479.61,-187500.03,-127828.15,-187500.03,-187500.03,-176452.6
6418.2812,-187500.03,-187500.03,-187500.03,-187500.03,-187500.03,-187500.03,-187500.03,-187500.03,-187500.03,-136161.42,-175452.48,-187500.03,-134053.05,-187500.03,-187500.03,-184565.97
6418.3037,-187500.03,-187500.03,-187500.03,-187500.03,-187500.03,-187500.03,-187500.03,-187500.03,-187500.03,-138177.14,-176480.31,-187500.03,-136572.98,-187500.03,-187500.03,-187438.31
6418.326,-187500.03,-187500.03,-187500.03,-187500.03,-187500.03,-187500.03,-187500.03,-187500.03,-187500.03,-129400.94,-169389.67,-187500.03,-130238.79,-187500.03,-187500.03,-179165.8
6418.348,-187500.03,-187500.03,-187500.03,-187500.03,-187500.03,-187500.03,-187500.03,-187500.03,-187500.03,-126931.336,-167852.98,-187500.03,-127464.445,-187500.03,-187500.03,-175935.66
6418.3706,-187500.03,-187500.03,-187500.03,-187500.03,-187500.03,-187500.03,-187500.03,-187500.03,-187500.03,-134552.58,-174214.47,-187500.03,-132772.7,-187500.03,-187500.03,-182942.92
6418.393,-187500.03,-187500.03,-187500.03,-187500.03,-187500.03,-187500.03,-187500.03,-187500.03,-187500.03,-139001.73,-177231.78,-187500.03,-137002.38,-187500.03,-187500.03,-187500.03
6418.4155,-187500.03,-187500.03,-187500.03,-187500.03,-187500.03,-187500.03,-187500.03,-187500.03,-187500.03,-130789.74,-170459.83,-187500.03,-131361.56,-187500.03,-187500.03,-180583.75
6418.4375,-187500.03,-187500.03,-187500.03,-187500.03,-187500.03,-187500.03,-187500.03,-187500.03,-187500.03,-126583.43,-167484.36,-187500.03,-127367.78,-187500.03,-187500.03,-175752.8
6418.46,-187500.03,-187500.03,-187500.03,-187500.03,-187500.03,-187500.03,-187500.03,-187500.03,-187500.03,-132847.38,-172867.97,-187500.03,-131470.72,-187500.03,-187500.03,-181266.28
6418.4824,-187500.03,-187500.03,-187500.03,-187500.03,-187500.03,-187500.03,-187500.03,-187500.03,-187500.03,-139347.12,-177615.23,-187500.03,-137059.33,-187500.03,-187500.03,-187500.03
6418.505,-187500.03,-187500.03,-187500.03,-187500.03,-187500.03,-187500.03,-187500.03,-187500.03,-187500.03,-132365.36,-171697.53,-187500.03,-132574.03,-187500.03,-187500.03,-182133.06
6418.5273,-187500.03,-187500.03,-187500.03,-187500.03,-187500.03,-187500.03,-187500.03,-187500.03,-187500.03,-126568.8,-167384.95,-187500.03,-127529.17,-187500.03,-187500.03,-175895.23
6418.5493,-187500.03,-187500.03,-187500.03,-187500.03,-187500.03,-187500.03,-187500.03,-187500.03,-187500.03,-131191.27,-171528.34,-187500.03,-130250.53,-187500.03,-187500.03,-179678.02
6418.572,-187500.03,-187500.03,-187500.03,-187500.03,-187500.03,-187500.03,-187500.03,-187500.03,-187500.03,-139165.7,-177584.86,-187500.03,-136728.08,-187500.03,-187500.03,-187500.03
6418.594,-187500.03,-187500.03,-187500.03,-187500.03,-187500.03,-187500.03,-187500.03,-187500.03,-187500.03,-134016.4,-173018.34,-187500.03,-133792.47,-187500.03,-187500.03,-183706.73
6418.6167,-187500.03,-187500.03,-187500.03,-187500.03,-187500.03,-187500.03,-187500.03,-187500.03,-187500.03,-126867.43,-167545.84,-187500.03,-127925.73,-187500.03,-187500.03,-176335.78
6418.6387,-187500.03,-187500.03,-187500.03,-187500.03,-187500.03,-187500.03,-187500.03,-187500.03,-187500.03,-129703.64,-170296.75,-187500.03,-129194.06,-187500.03,-187500.03,-178286.7
6418.661,-187500.03,-187500.03,-187500.03,-187500.03,-187500.03,-187500.03,-187500.03,-187500.03,-187500.03,-138496.53,-177157.47,-187500.03,-136047.56,-187500.03,-187500.03,-187050.4
6418.6836,-187500.03,-187500.03,-187500.03,-187500.03,-187500.03,-187500.03,-187500.03,-187500.03,-187500.03,-135631.67,-174330.83,-187500.03,-134929.64,-187500.03,-187500.03,-185206.05
6418.706,-187500.03,-187500.03,-187500.03,-187500.03,-187500.03,-187500.03,-187500.03,-187500.03,-187500.03,-127463.04,-167949.56,-187500.03,-128536.97,-187500.03,-187500.03,-177064.1
6418.728,-187500.03,-187500.03,-187500.03,-187500.03,-187500.03,-187500.03,-187500.03,-187500.03,-187500.03,-128453.9,-169233.31,-187500.03,-128354.3,-187500.03,-187500.03,-177170.23
6418.7505,-187500.03,-187500.03,-187500.03,-187500.03,-187500.03,-187500.03,-187500.03,-187500.03,-187500.03,-137401.89,-176381.44,-187500.03,-135081.02,-187500.03,-187500.03,-185857.45
6418.773,-187500.03,-187500.03,-187500.03,-187500.03,-187500.03,-187500.03,-187500.03,-187500.03,-187500.03,-137092.84,-175550.2,-187500.03,-135901.89,-187500.03,-187500.03,-186512.6
6418.7954,-187500.03,-187500.03,-187500.03,-187500.03,-187500.03,-187500.03,-187500.03,-187500.03,-187500.03,-128350.85,-168596.02,-187500.03,-129345.88,-187500.03,-187500.03,-178054.1
6418.818,-187500.03,-187500.03,-187500.03,-187500.03,-187500.03,-187500.03,-187500.03,-187500.03,-187500.03,-127497.26,-168383.66,-187500.03,-127758.4,-187500.03,-187500.03,-176360.16
6418.84,-187500.03,-187500.03,-187500.03,-187500.03,-187500.03,-187500.03,-187500.03,-187500.03,-187500.03,-135982.78,-175315.89,-187500.03,-133905.94,-187500.03,-187500.03,-184384.39
6418.8623,-187500.03,-187500.03,-187500.03,-187500.03,-187500.03,-187500.03,-187500.03,-187500.03,-187500.03,-138266.02,-176559.17,-187500.03,-136618.83,-187500.03,-187500.03,-187500.03
6418.885,-187500.03,-187500.03,-187500.03,-187500.03,-187500.03,-187500.03,-187500.03,-187500.03,-187500.03,-129507.62,-169468.27,-187500.03,-130327.39,-187500.03,-187500.03,-179280.86
6418.907,-187500.03,-187500.03,-187500.03,-187500.03,-187500.03,-187500.03,-187500.03,-187500.03,-187500.03,-126856.74,-167782.05,-187500.03,-127422.01,-187500.03,-187500.03,-175880.66
6418.929,-187500.03,-187500.03,-187500.03,-187500.03,-187500.03,-187500.03,-187500.03,-187500.03,-187500.03,-134362.75,-174063.02,-187500.03,-132625.84,-187500.03,-187500.03,-182756.4
6418.9517,-187500.03,-187500.03,-187500.03,-187500.03,-187500.03,-187500.03,-187500.03,-187500.03,-187500.03,-139033.3,-177263.02,-187500.03,-137008.12,-187500.03,-187500.03,-187500.03
6418.974,-187500.03,-187500.03,-187500.03,-187500.03,-187500.03,-187500.03,-187500.03,-187500.03,-187500.03,-130907.77,-170547.45,-187500.03,-131456.67,-187500.03,-187500.03,-180702.61
6418.9966,-187500.03,-187500.03,-187500.03,-187500.03,-187500.03,-187500.03,-187500.03,-187500.03,-187500.03,-126543.72,-167441.05,-187500.03,-127353.03,-187500.03,-187500.03,-175729.03
6419.019,-187500.03,-187500.03,-187500.03,-187500.03,-187500.03,-187500.03,-187500.03,-187500.03,-187500.03,-132662.3,-172718.39,-187500.03,-131331.06,-187500.03,-187500.03,-181089.5
6419.041,-187500.03,-187500.03,-187500.03,-187500.03,-187500.03,-187500.03,-187500.03,-187500.03,-187500.03,-139312.39,-177596.6,-187500.03,-137012.56,-187500.03,-187500.03,-187500.03
6419.0635,-187500.03,-187500.03,-187500.03,-187500.03,-187500.03,-187500.03,-187500.03,-187500.03,-187500.03,-132469.31,-171777.33,-187500.03,-132648.97,-187500.03,-187500.03,-182239.2
6419.086,-187500.03,-187500.03,-187500.03,-187500.03,-187500.03,-187500.03,-187500.03,-187500.03,-187500.03,-126547.78,-167359.42,-187500.03,-127526.31,-187500.03,-187500.03,-175894.12
6419.1084,-187500.03,-187500.03,-187500.03,-187500.03,-187500.03,-187500.03,-187500.03,-187500.03,-187500.03,-131029.86,-171395.56,-187500.03,-130132.664,-187500.03,-187500.03,-179530.84
6419.1304,-187500.03,-187500.03,-187500.03,-187500.03,-187500.03,-187500.03,-187500.03,-187500.03,-187500.03,-139088.62,-177530.31,-187500.03,-136652.97,-187500.03,-187500.03,-187500.03
6419.153,-187500.03,-187500.03,-187500.03,-187500.03,-187500.03,-187500.03,-187500.03,-187500.03,-187500.03,-134112.17,-173093.12,-187500.03,-133857.48,-187500.03,-187500.03,-183803.81
6419.1753,-187500.03,-187500.03,-187500.03,-187500.03,-187500.03,-187500.03,-187500.03,-187500.03,-187500.03,-126867.15,-167537.08,-187500.03,-127935.38,-187500.03,-187500.03,-176357.17
6419.1978,-187500.03,-187500.03,-187500.03,-187500.03,-187500.03,-187500.03,-187500.03,-187500.03,-187500.03,-129559.414,-170175.78,-187500.03,-129089.67,-187500.03,-187500.03,-178162.47
6419.22,-187500.03,-187500.03,-187500.03,-187500.03,-187500.03,-187500.03,-187500.03,-187500.03,-187500.03,-138377.0,-177068.53,-187500.03,-135941.45,-187500.03,-187500.03,-186929.67
6419.242,-187500.03,-187500.03,-187500.03,-187500.03,-187500.03,-187500.03,-187500.03,-187500.03,-187500.03,-135717.16,-174399.6,-187500.03,-134981.28,-187500.03,-187500.03,-185284.81
6419.2646,-187500.03,-187500.03,-187500.03,-187500.03,-187500.03,-187500.03,-187500.03,-187500.03,-187500.03,-127484.65,-167957.1,-187500.03,-128559.86,-187500.03,-187500.03,-177097.6
6419.287,-187500.03,-187500.03,-187500.03,-187500.03,-187500.03,-187500.03,-187500.03,-187500.03,-187500.03,-128326.984,-169120.9,-187500.03,-128261.46,-187500.03,-187500.03,-177055.38
6419.3096,-187500.03,-187500.03,-187500.03,-187500.03,-187500.03,-187500.03,-187500.03,-187500.03,-187500.03,-137252.08,-176261.86,-187500.03,-134951.25,-187500.03,-187500.03,-185704.12
6419.3315,-187500.03,-187500.03,-187500.03,-187500.03,-187500.03,-187500.03,-187500.03,-187500.03,-187500.03,-137155.48,-175598.95,-187500.03,-135930.64,-187500.03,-187500.03,-186565.83
6419.354,-187500.03,-187500.03,-187500.03,-187500.03,-187500.03,-187500.03,-187500.03,-187500.03,-187500.03,-128390.66,-168617.02,-187500.03,-129379.9,-187500.03,-187500.03,-178104.97
6419.3765,-187500.03,-187500.03,-187500.03,-187500.03,-187500.03,-187500.03,-187500.03,-187500.03,-187500.03,-127388.94,-168286.0,-187500.03,-127682.46,-187500.03,-187500.03,-176267.92
6419.399,-187500.03,-187500.03,-187500.03,-187500.03,-187500.03,-187500.03,-187500.03,-187500.03,-187500.03,-135802.98,-175171.12,-187500.03,-133759.05,-187500.03,-187500.03,-184201.86
6419.4214,-187500.03,-187500.03,-187500.03,-187500.03,-187500.03,-187500.03,-187500.03,-187500.03,-187500.03,-138285.72,-176574.95,-187500.03,-136611.2,-187500.03,-187500.03,-187500.03
6419.4434,-187500.03,-187500.03,-187500.03,-187500.03,-187500.03,-187500.03,-187500.03,-187500.03,-187500.03,-129567.46,-169505.72,-187500.03,-130371.51,-187500.03,-187500.03,-179338.34
6419.466,-187500.03,-187500.03,-187500.03,-187500.03,-187500.03,-187500.03,-187500.03,-187500.03,-187500.03,-126774.13,-167703.45,-187500.03,-127366.32,-187500.03,-187500.03,-175807.7
6419.4883,-187500.03,-187500.03,-187500.03,-187500.03,-187500.03,-187500.03,-187500.03,-187500.03,-187500.03,-134179.17,-173913.84,-187500.03,-132478.66,-187500.03,-187500.03,-182571.84
6419.5107,-187500.03,-187500.03,-187500.03,-187500.03,-187500.03,-187500.03,-187500.03,-187500.03,-187500.03,-139015.2,-177251.89,-187500.03,-136968.8,-187500.03,-187500.03,-187500.03
6419.5327,-187500.03,-187500.03,-187500.03,-187500.03,-187500.03,-187500.03,-187500.03,-187500.03,-187500.03,-130972.414,-170591.58,-187500.03,-131497.39,-187500.03,-187500.03,-180765.73
6419.555,-187500.03,-187500.03,-187500.03,-187500.03,-187500.03,-187500.03,-187500.03,-187500.03,-187500.03,-126473.59,-167370.92,-187500.03,-127302.44,-187500.03,-187500.03,-175670.44
6419.5776,-187500.03,-187500.03,-187500.03,-187500.03,-187500.03,-187500.03,-187500.03,-187500.03,-187500.03,-132474.03,-172557.8,-187500.03,-131179.2,-187500.03,-187500.03,-180901.23
6419.6,-187500.03,-187500.03,-187500.03,-187500.03,-187500.03,-187500.03,-187500.03,-187500.03,-187500.03,-139262.89,-177552.72,-187500.03,-136951.02,-187500.03,-187500.03,-187500.03
6419.6226,-187500.03,-187500.03,-187500.03,-187500.03,-187500.03,-187500.03,-187500.03,-187500.03,-187500.03,-132552.31,-171827.72,-187500.03,-132702.66,-187500.03,-187500.03,-182309.95
6419.6445,-187500.03,-187500.03,-187500.03,-187500.03,-187500.03,-187500.03,-187500.03,-187500.03,-187500.03,-126503.75,-167303.12,-187500.03,-127496.05,-187500.03,-187500.03,-175856.98
6419.667,-187500.03,-187500.03,-187500.03,-187500.03,-187500.03,-187500.03,-187500.03,-187500.03,-187500.03,-130847.2,-171235.25,-187500.03,-129986.62,-187500.03,-187500.03,-179351.5
6419.6895,-187500.03,-187500.03,-187500.03,-187500.03,-187500.03,-187500.03,-187500.03,-187500.03,-187500.03,-138993.52,-177450.33,-187500.03,-136553.95,-187500.03,-187500.03,-187500.03
6419.712,-187500.03,-187500.03,-187500.03,-187500.03,-187500.03,-187500.03,-187500.03,-187500.03,-187500.03,-134191.69,-173144.8,-187500.03,-133900.84,-187500.03,-187500.03,-183871.69
6419.734,-187500.03,-187500.03,-187500.03,-187500.03,-187500.03,-187500.03,-187500.03,-187500.03,-187500.03,-126849.76,-167503.62,-187500.03,-127925.16,-187500.03,-187500.03,-176349.14
6419.7563,-187500.03,-187500.03,-187500.03,-187500.03,-187500.03,-187500.03,-187500.03,-187500.03,-187500.03,-129393.516,-170024.95,-187500.03,-128961.73,-187500.03,-187500.03,-178005.77
6419.779,-187500.03,-187500.03,-187500.03,-187500.03,-187500.03,-187500.03,-187500.03,-187500.03,-187500.03,-138254.75,-176964.31,-187500.03,-135827.27,-187500.03,-187500.03,-186797.42
6419.8013,-187500.03,-187500.03,-187500.03,-187500.03,-187500.03,-187500.03,-187500.03,-187500.03,-187500.03,-135793.72,-174450.2,-187500.03,-135019.58,-187500.03,-187500.03,-185351.98
6419.8237,-187500.03,-187500.03,-187500.03,-187500.03,-187500.03,-187500.03,-187500.03,-187500.03,-187500.03,-127499.52,-167952.19,-187500.03,-128572.625,-187500.03,-187500.03,-177127.12
6419.8457,-187500.03,-187500.03,-187500.03,-187500.03,-187500.03,-187500.03,-187500.03,-187500.03,-187500.03,-128191.086,-168995.31,-187500.03,-128158.29,-187500.03,-187500.03,-176938.52
6419.868,-187500.03,-187500.03,-187500.03,-187500.03,-187500.03,-187500.03,-187500.03,-187500.03,-187500.03,-137101.39,-176136.14,-187500.03,-134819.05,-187500.03,-187500.03,-185552.89
6419.8906,-187500.03,-187500.03,-187500.03,-187500.03,-187500.03,-187500.03,-187500.03,-187500.03,-187500.03,-137211.23,-175637.48,-187500.03,-135952.61,-187500.03,-187500.03,-186612.05
6419.913,-187500.03,-187500.03,-187500.03,-187500.03,-187500.03,-187500.03,-187500.03,-187500.03,-187500.03,-128432.945,-168636.88,-187500.03,-129412.92,-187500.03,-187500.03,-178158.53
6419.935,-187500.03,-187500.03,-187500.03,-187500.03,-187500.03,-187500.03,-187500.03,-187500.03,-187500.03,-127289.5,-168191.08,-187500.03,-127608.43,-187500.03,-187500.03,-176186.78
6419.9575,-187500.03,-187500.03,-187500.03,-187500.03,-187500.03,-187500.03,-187500.03,-187500.03,-187500.03,-135653.66,-175047.89,-187500.03,-133630.33,-187500.03,-187500.03,-184058.23
6419.98,-187500.03,-187500.03,-187500.03,-187500.03,-187500.03,-187500.03,-187500.03,-187500.03,-187500.03,-138317.06,-176597.72,-187500.03,-136612.88,-187500.03,-187500.03,-187500.03
6420.0024,-187500.03,-187500.03,-187500.03,-187500.03,-187500.03,-187500.03,-187500.03,-187500.03,-187500.03,-129624.07,-169539.95,-187500.03,-130412.13,-187500.03,-187500.03,-179408.47
6420.025,-187500.03,-187500.03,-187500.03,-187500.03,-187500.03,-187500.03,-187500.03,-187500.03,-187500.03,-126701.13,-167630.95,-187500.03,-127314.76,-187500.03,-187500.03,-175755.98
6420.047,-187500.03,-187500.03,-187500.03,-187500.03,-187500.03,-187500.03,-187500.03,-187500.03,-187500.03,-134002.98,-173766.53,-187500.03,-132334.17,-187500.03,-187500.03,-182402.22
6420.0693,-187500.03,-187500.03,-187500.03,-187500.03,-187500.03,-187500.03,-187500.03,-187500.03,-187500.03,-139022.8,-177257.39,-187500.03,-136949.81,-187500.03,-187500.03,-187500.03
6420.092,-187500.03,-187500.03,-187500.03,-187500.03,-187500.03,-187500.03,-187500.03,-187500.03,-187500.03,-131069.01,-170659.47,-187500.03,-131564.98,-187500.03,-187500.03,-180862.3
6420.1143,-187500.03,-187500.03,-187500.03,-187500.03,-187500.03,-187500.03,-187500.03,-187500.03,-187500.03,-126440.24,-167332.78,-187500.03,-127283.96,-187500.03,-187500.03,-175651.9
6420.136,-187500.03,-187500.03,-187500.03,-187500.03,-187500.03,-187500.03,-187500.03,-187500.03,-187500.03,-132311.19,-172424.67,-187500.03,-131051.63,-187500.03,-187500.03,-180746.31
6420.1587,-187500.03,-187500.03,-187500.03,-187500.03,-187500.03,-187500.03,-187500.03,-187500.03,-187500.03,-139230.78,-177534.47,-187500.03,-136905.6,-187500.03,-187500.03,-187500.03
6420.181,-187500.03,-187500.03,-187500.03,-187500.03,-187500.03,-187500.03,-187500.03,-187500.03,-187500.03,-132650.81,-171906.88,-187500.03,-132772.25,-187500.03,-187500.03,-182407.64
6420.2036,-187500.03,-187500.03,-187500.03,-187500.03,-187500.03,-187500.03,-187500.03,-187500.03,-187500.03,-126499.68,-167295.44,-187500.03,-127504.88,-187500.03,-187500.03,-175866.77
6420.226,-187500.03,-187500.03,-187500.03,-187500.03,-187500.03,-187500.03,-187500.03,-187500.03,-187500.03,-130702.09,-171115.14,-187500.03,-129879.86,-187500.03,-187500.03,-179212.31
6420.248,-187500.03,-187500.03,-187500.03,-187500.03,-187500.03,-187500.03,-187500.03,-187500.03,-187500.03,-138936.08,-177409.3,-187500.03,-136494.1,-187500.03,-187500.03,-187500.03
6420.2705,-187500.03,-187500.03,-187500.03,-187500.03,-187500.03,-187500.03,-187500.03,-187500.03,-187500.03,-134307.14,-173233.2,-187500.03,-133980.42,-187500.03,-187500.03,-183973.69
6420.293,-187500.03,-187500.03,-187500.03,-187500.03,-187500.03,-187500.03,-187500.03,-187500.03,-187500.03,-126875.92,-167516.81,-187500.03,-127956.586,-187500.03,-187500.03,-176383.19
6420.3154,-187500.03,-187500.03,-187500.03,-187500.03,-187500.03,-187500.03,-187500.03,-187500.03,-187500.03,-129269.82,-169920.16,-187500.03,-128872.336,-187500.03,-187500.03,-177887.48
6420.3374,-187500.03,-187500.03,-187500.03,-187500.03,-187500.03,-187500.03,-187500.03,-187500.03,-187500.03,-138159.56,-176896.77,-187500.03,-135739.11,-187500.03,-187500.03,-186686.17
6420.36,-187500.03,-187500.03,-187500.03,-187500.03,-187500.03,-187500.03,-187500.03,-187500.03,-187500.03,-135901.98,-174540.73,-187500.03,-135089.81,-187500.03,-187500.03,-185441.66
6420.3823,-187500.03,-187500.03,-187500.03,-187500.03,-187500.03,-187500.03,-187500.03,-187500.03,-187500.03,-127553.08,-167991.72,-187500.03,-128624.14,-187500.03,-187500.03,-177183.89
6420.405,-187500.03,-187500.03,-187500.03,-187500.03,-187500.03,-187500.03,-187500.03,-187500.03,-187500.03,-128093.41,-168912.3,-187500.03,-128093.85,-187500.03,-187500.03,-176846.36
6420.4272,-187500.03,-187500.03,-187500.03,-187500.03,-187500.03,-187500.03,-187500.03,-187500.03,-187500.03,-136990.47,-176053.22,-187500.03,-134725.19,-187500.03,-187500.03,-185429.95
6420.449,-187500.03,-187500.03,-187500.03,-187500.03,-187500.03,-187500.03,-187500.03,-187500.03,-187500.03,-137300.48,-175711.67,-187500.03,-136005.53,-187500.03,-187500.03,-186682.05
6420.4717,-187500.03,-187500.03,-187500.03,-187500.03,-187500.03,-187500.03,-187500.03,-187500.03,-187500.03,-128505.62,-168692.62,-187500.03,-129476.63,-187500.03,-187500.03,-178235.19
6420.494,-187500.03,-187500.03,-187500.03,-187500.03,-187500.03,-187500.03,-187500.03,-187500.03,-187500.03,-127220.08,-168133.4,-187500.03,-127568.32,-187500.03,-187500.03,-176126.75
6420.5166,-187500.03,-187500.03,-187500.03,-187500.03,-187500.03,-187500.03,-187500.03,-187500.03,-187500.03,-135513.17,-174945.69,-187500.03,-133519.61,-187500.03,-187500.03,-183911.66
6420.5386,-187500.03,-187500.03,-187500.03,-187500.03,-187500.03,-187500.03,-187500.03,-187500.03,-187500.03,-138389.8,-176667.72,-187500.03,-136654.4,-187500.03,-187500.03,-187500.03
6420.561,-187500.03,-187500.03,-187500.03,-187500.03,-187500.03,-187500.03,-187500.03,-187500.03,-187500.03,-129730.95,-169625.8,-187500.03,-130502.89,-187500.03,-187500.03,-179515.55
6420.5835,-187500.03,-187500.03,-187500.03,-187500.03,-187500.03,-187500.03,-187500.03,-187500.03,-187500.03,-126673.445,-167606.84,-187500.03,-127310.98,-187500.03,-187500.03,-175740.88
6420.606,-187500.03,-187500.03,-187500.03,-187500.03,-187500.03,-187500.03,-187500.03,-187500.03,-187500.03,-133892.67,-173686.08,-187500.03,-132254.36,-187500.03,-187500.03,-182294.67
6420.628,-187500.03,-187500.03,-187500.03,-187500.03,-187500.03,-187500.03,-187500.03,-187500.03,-187500.03,-139059.58,-177298.88,-187500.03,-136968.66,-187500.03,-187500.03,-187500.03
6420.6504,-187500.03,-187500.03,-187500.03,-187500.03,-187500.03,-187500.03,-187500.03,-187500.03,-187500.03,-131172.16,-170746.45,-187500.03,-131651.81,-187500.03,-187500.03,-180971.06
6420.673,-187500.03,-187500.03,-187500.03,-187500.03,-187500.03,-187500.03,-187500.03,-187500.03,-187500.03,-126440.87,-167335.69,-187500.03,-127304.984,-187500.03,-187500.03,-175670.47
6420.6953,-187500.03,-187500.03,-187500.03,-187500.03,-187500.03,-187500.03,-187500.03,-187500.03,-187500.03,-132210.38,-172350.3,-187500.03,-130987.21,-187500.03,-187500.03,-180654.95
6420.718,-187500.03,-187500.03,-187500.03,-187500.03,-187500.03,-187500.03,-187500.03,-187500.03,-187500.03,-139246.5,-177560.81,-187500.03,-136914.22,-187500.03,-187500.03,-187500.03
6420.7397,-187500.03,-187500.03,-187500.03,-187500.03,-187500.03,-187500.03,-187500.03,-187500.03,-187500.03,-132786.08,-172023.03,-187500.03,-132883.44,-187500.03,-187500.03,-182542.39
6420.762,-187500.03,-187500.03,-187500.03,-187500.03,-187500.03,-187500.03,-187500.03,-187500.03,-187500.03,-126530.01,-167324.64,-187500.03,-127549.14,-187500.03,-187500.03,-175912.05
6420.7847,-187500.03,-187500.03,-187500.03,-187500.03,-187500.03,-187500.03,-187500.03,-187500.03,-187500.03,-130605.2,-171047.33,-187500.03,-129818.305,-187500.03,-187500.03,-179125.64
6420.807,-187500.03,-187500.03,-187500.03,-187500.03,-187500.03,-187500.03,-187500.03,-187500.03,-187500.03,-138922.61,-177418.28,-187500.03,-136476.11,-187500.03,-187500.03,-187500.03
6420.829,-187500.03,-187500.03,-187500.03,-187500.03,-187500.03,-187500.03,-187500.03,-187500.03,-187500.03,-134458.28,-173364.97,-187500.03,-134097.38,-187500.03,-187500.03,-184123.1
6420.8516,-187500.03,-187500.03,-187500.03,-187500.03,-187500.03,-187500.03,-187500.03,-187500.03,-187500.03,-126936.9,-167569.94,-187500.03,-128025.47,-187500.03,-187500.03,-176460.28
6420.874,-187500.03,-187500.03,-187500.03,-187500.03,-187500.03,-187500.03,-187500.03,-187500.03,-187500.03,-129194.11,-169865.98,-187500.03,-128833.43,-187500.03,-187500.03,-177824.36
6420.8965,-187500.03,-187500.03,-187500.03,-187500.03,-187500.03,-187500.03,-187500.03,-187500.03,-187500.03,-138113.61,-176877.02,-187500.03,-135702.7,-187500.03,-187500.03,-186634.81
6420.919,-187500.03,-187500.03,-187500.03,-187500.03,-187500.03,-187500.03,-187500.03,-187500.03,-187500.03,-136050.28,-174670.4,-187500.03,-135201.7,-187500.03,-187500.03,-185583.03
6420.941,-187500.03,-187500.03,-187500.03,-187500.03,-187500.03,-187500.03,-187500.03,-187500.03,-187500.03,-127636.64,-168062.16,-187500.03,-128708.88,-187500.03,-187500.03,-177281.27
6420.9634,-187500.03,-187500.03,-187500.03,-187500.03,-187500.03,-187500.03,-187500.03,-187500.03,-187500.03,-128037.19,-168870.7,-187500.03,-128070.07,-187500.03,-187500.03,-176804.11
6420.986,-187500.03,-187500.03,-187500.03,-187500.03,-187500.03,-187500.03,-187500.03,-187500.03,-187500.03,-136907.2,-176003.81,-187500.03,-134662.83,-187500.03,-187500.03,-185343.38
6421.0083,-187500.03,-187500.03,-187500.03,-187500.03,-187500.03,-187500.03,-187500.03,-187500.03,-187500.03,-137435.05,-175835.56,-187500.03,-136104.4,-187500.03,-187500.03,-186803.44
6421.0303,-187500.03,-187500.03,-187500.03,-187500.03,-187500.03,-187500.03,-187500.03,-187500.03,-187500.03,-128620.46,-168789.52,-187500.03,-129584.375,-187500.03,-187500.03,-178355.17
6421.0527,-187500.03,-187500.03,-187500.03,-187500.03,-187500.03,-187500.03,-187500.03,-187500.03,-187500.03,-127188.3,-168108.56,-187500.03,-127567.74,-187500.03,-187500.03,-176105.2
6421.075,-187500.03,-187500.03,-187500.03,-187500.03,-187500.03,-187500.03,-187500.03,-187500.03,-187500.03,-135416.83,-174877.2,-187500.03,-133451.7,-187500.03,-187500.03,-183810.06
6421.0977,-187500.03,-187500.03,-187500.03,-187500.03,-187500.03,-187500.03,-187500.03,-187500.03,-187500.03,-138489.62,-176758.05,-187500.03,-136723.02,-187500.03,-187500.03,-187500.03
6421.12,-187500.03,-187500.03,-187500.03,-187500.03,-187500.03,-187500.03,-187500.03,-187500.03,-187500.03,-129862.15,-169733.94,-187500.03,-130618.21,-187500.03,-187500.03,-179650.06
6421.142,-187500.03,-187500.03,-187500.03,-187500.03,-187500.03,-187500.03,-187500.03,-187500.03,-187500.03,-126657.45,-167596.88,-187500.03,-127321.125,-187500.03,-187500.03,-175737.39
6421.1646,-187500.03,-187500.03,-187500.03,-187500.03,-187500.03,-187500.03,-187500.03,-187500.03,-187500.03,-133762.17,-173594.44,-187500.03,-132161.22,-187500.03,-187500.03,-182164.23
6421.187,-187500.03,-187500.03,-187500.03,-187500.03,-187500.03,-187500.03,-187500.03,-187500.03,-187500.03,-139111.05,-177360.53,-187500.03,-136996.69,-187500.03,-187500.03,-187500.03
6421.2095,-187500.03,-187500.03,-187500.03,-187500.03,-187500.03,-187500.03,-187500.03,-187500.03,-187500.03,-131325.3,-170876.1,-187500.03,-131777.16,-187500.03,-187500.03,-181117.9
6421.2314,-187500.03,-187500.03,-187500.03,-187500.03,-187500.03,-187500.03,-187500.03,-187500.03,-187500.03,-126454.53,-167349.84,-187500.03,-127337.11,-187500.03,-187500.03,-175694.33
6421.254,-187500.03,-187500.03,-187500.03,-187500.03,-187500.03,-187500.03,-187500.03,-187500.03,-187500.03,-132103.81,-172275.83,-187500.03,-130913.945,-187500.03,-187500.03,-180551.47
6421.2764,-187500.03,-187500.03,-187500.03,-187500.03,-187500.03,-187500.03,-187500.03,-187500.03,-187500.03,-139252.42,-177585.66,-187500.03,-136905.42,-187500.03,-187500.03,-187500.03
6421.299,-187500.03,-187500.03,-187500.03,-187500.03,-187500.03,-187500.03,-187500.03,-187500.03,-187500.03,-132925.86,-172143.67,-187500.03,-132986.89,-187500.03,-187500.03,-182675.81
6421.3213,-187500.03,-187500.03,-187500.03,-187500.03,-187500.03,-187500.03,-187500.03,-187500.03,-187500.03,-126565.28,-167356.42,-187500.03,-127589.836,-187500.03,-187500.03,-175957.33
6421.3433,-187500.03,-187500.03,-187500.03,-187500.03,-187500.03,-187500.03,-187500.03,-187500.03,-187500.03,-130515.14,-170982.05,-187500.03,-129757.734,-187500.03,-187500.03,-179041.33
6421.3657,-187500.03,-187500.03,-187500.03,-187500.03,-187500.03,-187500.03,-187500.03,-187500.03,-187500.03,-138888.27,-177407.14,-187500.03,-136440.58,-187500.03,-187500.03,-187500.03
6421.388,-187500.03,-187500.03,-187500.03,-187500.03,-187500.03,-187500.03,-187500.03,-187500.03,-187500.03,-134594.23,-173484.11,-187500.03,-134197.84,-187500.03,-187500.03,-184247.53
6421.4106,-187500.03,-187500.03,-187500.03,-187500.03,-187500.03,-187500.03,-187500.03,-187500.03,-187500.03,-126996.12,-167621.84,-187500.03,-128085.42,-187500.03,-187500.03,-176526.64
6421.4326,-187500.03,-187500.03,-187500.03,-187500.03,-187500.03,-187500.03,-187500.03,-187500.03,-187500.03,-129124.625,-169817.08,-187500.03,-128791.29,-187500.03,-187500.03,-177763.7
6421.455,-187500.03,-187500.03,-187500.03,-187500.03,-187500.03,-187500.03,-187500.03,-187500.03,-187500.03,-138058.44,-176849.11,-187500.03,-135652.95,-187500.03,-187500.03,-186572.27
6421.4775,-187500.03,-187500.03,-187500.03,-187500.03,-187500.03,-187500.03,-187500.03,-187500.03,-187500.03,-136179.73,-174785.8,-187500.03,-135295.47,-187500.03,-187500.03,-185700.95
6421.5,-187500.03,-187500.03,-187500.03,-187500.03,-187500.03,-187500.03,-187500.03,-187500.03,-187500.03,-127725.05,-168135.53,-187500.03,-128795.04,-187500.03,-187500.03,-177375.72
6421.5225,-187500.03,-187500.03,-187500.03,-187500.03,-187500.03,-187500.03,-187500.03,-187500.03,-187500.03,-127992.78,-168835.48,-187500.03,-128055.2,-187500.03,-187500.03,-176767.3
6421.5444,-187500.03,-187500.03,-187500.03,-187500.03,-187500.03,-187500.03,-187500.03,-187500.03,-187500.03,-136833.36,-175953.52,-187500.03,-134605.67,-187500.03,-187500.03,-185261.56
6421.567,-187500.03,-187500.03,-187500.03,-187500.03,-187500.03,-187500.03,-187500.03,-187500.03,-187500.03,-137557.19,-175941.19,-187500.03,-136189.12,-187500.03,-187500.03,-186909.38
6421.5894,-187500.03,-187500.03,-187500.03,-187500.03,-187500.03,-187500.03,-187500.03,-187500.03,-187500.03,-128738.54,-168883.72,-187500.03,-129687.664,-187500.03,-187500.03,-178477.48
6421.612,-187500.03,-187500.03,-187500.03,-187500.03,-187500.03,-187500.03,-187500.03,-187500.03,-187500.03,-127156.87,-168083.05,-187500.03,-127559.7,-187500.03,-187500.03,-176086.88
6421.634,-187500.03,-187500.03,-187500.03,-187500.03,-187500.03,-187500.03,-187500.03,-187500.03,-187500.03,-135309.62,-174802.92,-187500.03,-133368.44,-187500.03,-187500.03,-183704.92
6421.6562,-187500.03,-187500.03,-187500.03,-187500.03,-187500.03,-187500.03,-187500.03,-187500.03,-187500.03,-138584.22,-176848.31,-187500.03,-136783.77,-187500.03,-187500.03,-187500.03
6421.6787,-187500.03,-187500.03,-187500.03,-187500.03,-187500.03,-187500.03,-187500.03,-187500.03,-187500.03,-130006.06,-169851.4,-187500.03,-130740.984,-187500.03,-187500.03,-179799.5
6421.701,-187500.03,-187500.03,-187500.03,-187500.03,-187500.03,-187500.03,-187500.03,-187500.03,-187500.03,-126653.59,-167590.7,-187500.03,-127340.21,-187500.03,-187500.03,-175750.25
6421.7236,-187500.03,-187500.03,-187500.03,-187500.03,-187500.03,-187500.03,-187500.03,-187500.03,-187500.03,-133648.55,-173508.7,-187500.03,-132078.6,-187500.03,-187500.03,-182057.34
6421.7456,-187500.03,-187500.03,-187500.03,-187500.03,-187500.03,-187500.03,-187500.03,-187500.03,-187500.03,-139166.08,-177415.3,-187500.03,-137024.6,-187500.03,-187500.03,-187500.03
6421.768,-187500.03,-187500.03,-187500.03,-187500.03,-187500.03,-187500.03,-187500.03,-187500.03,-187500.03,-131479.75,-171000.11,-187500.03,-131900.38,-187500.03,-187500.03,-181278.84
6421.7905,-187500.03,-187500.03,-187500.03,-187500.03,-187500.03,-187500.03,-187500.03,-187500.03,-187500.03,-126472.32,-167359.34,-187500.03,-127370.24,-187500.03,-187500.03,-175734.66
6421.813,-187500.03,-187500.03,-187500.03,-187500.03,-187500.03,-187500.03,-187500.03,-187500.03,-187500.03,-131970.19,-172172.97,-187500.03,-130819.44,-187500.03,-187500.03,-180433.27
6421.835,-187500.03,-187500.03,-187500.03,-187500.03,-187500.03,-187500.03,-187500.03,-187500.03,-187500.03,-139251.19,-177599.45,-187500.03,-136889.28,-187500.03,-187500.03,-187500.03
6421.8574,-187500.03,-187500.03,-187500.03,-187500.03,-187500.03,-187500.03,-187500.03,-187500.03,-187500.03,-133089.7,-172280.83,-187500.03,-133113.2,-187500.03,-187500.03,-182842.52
6421.88,-187500.03,-187500.03,-187500.03,-187500.03,-187500.03,-187500.03,-187500.03,-187500.03,-187500.03,-126616.94,-167397.28,-187500.03,-127650.53,-187500.03,-187500.03,-176030.81
6421.9023,-187500.03,-187500.03,-187500.03,-187500.03,-187500.03,-187500.03,-187500.03,-187500.03,-187500.03,-130406.68,-170897.64,-187500.03,-129686.195,-187500.03,-187500.03,-178952.42
6421.925,-187500.03,-187500.03,-187500.03,-187500.03,-187500.03,-187500.03,-187500.03,-187500.03,-187500.03,-138845.81,-177389.1,-187500.03,-136396.86,-187500.03,-187500.03,-187486.6
6421.947,-187500.03,-187500.03,-187500.03,-187500.03,-187500.03,-187500.03,-187500.03,-187500.03,-187500.03,-134735.06,-173606.2,-187500.03,-134300.0,-187500.03,-187500.03,-184389.66
6421.969,-187500.03,-187500.03,-187500.03,-187500.03,-187500.03,-187500.03,-187500.03,-187500.03,-187500.03,-127065.11,-167677.84,-187500.03,-128154.4,-187500.03,-187500.03,-176612.2
6421.9917,-187500.03,-187500.03,-187500.03,-187500.03,-187500.03,-187500.03,-187500.03,-187500.03,-187500.03,-129036.266,-169746.8,-187500.03,-128735.84,-187500.03,-187500.03,-177688.86
6422.014,-187500.03,-187500.03,-187500.03,-187500.03,-187500.03,-187500.03,-187500.03,-187500.03,-187500.03,-137982.62,-176801.61,-187500.03,-135583.61,-187500.03,-187500.03,-186489.48
6422.036,-187500.03,-187500.03,-187500.03,-187500.03,-187500.03,-187500.03,-187500.03,-187500.03,-187500.03,-136307.06,-174894.73,-187500.03,-135378.73,-187500.03,-187500.03,-185815.22
6422.0586,-187500.03,-187500.03,-187500.03,-187500.03,-187500.03,-187500.03,-187500.03,-187500.03,-187500.03,-127816.484,-168206.28,-187500.03,-128873.04,-187500.03,-187500.03,-177472.81
6422.081,-187500.03,-187500.03,-187500.03,-187500.03,-187500.03,-187500.03,-187500.03,-187500.03,-187500.03,-127932.66,-168784.89,-187500.03,-128019.16,-187500.03,-187500.03,-176719.27
6422.1035,-187500.03,-187500.03,-187500.03,-187500.03,-187500.03,-187500.03,-187500.03,-187500.03,-187500.03,-136730.08,-175883.92,-187500.03,-134517.56,-187500.03,-187500.03,-185155.25
6422.126,-187500.03,-187500.03,-187500.03,-187500.03,-187500.03,-187500.03,-187500.03,-187500.03,-187500.03,-137656.17,-176032.66,-187500.03,-136249.38,-187500.03,-187500.03,-186994.19
6422.148,-187500.03,-187500.03,-187500.03,-187500.03,-187500.03,-187500.03,-187500.03,-187500.03,-187500.03,-128846.945,-168971.33,-187500.03,-129779.35,-187500.03,-187500.03,-178588.08
6422.1704,-187500.03,-187500.03,-187500.03,-187500.03,-187500.03,-187500.03,-187500.03,-187500.03,-187500.03,-127141.82,-168065.1,-187500.03,-127563.76,-187500.03,-187500.03,-176080.08
6422.193,-187500.03,-187500.03,-187500.03,-187500.03,-187500.03,-187500.03,-187500.03,-187500.03,-187500.03,-135221.69,-174734.42,-187500.03,-133301.11,-187500.03,-187500.03,-183612.22
6422.2153,-187500.03,-187500.03,-187500.03,-187500.03,-187500.03,-187500.03,-187500.03,-187500.03,-187500.03,-138667.39,-176920.33,-187500.03,-136833.17,-187500.03,-187500.03,-187500.03
6422.2373,-187500.03,-187500.03,-187500.03,-187500.03,-187500.03,-187500.03,-187500.03,-187500.03,-187500.03,-130136.71,-169953.95,-187500.03,-130844.61,-187500.03,-187500.03,-179928.06
6422.26,-187500.03,-187500.03,-187500.03,-187500.03,-187500.03,-187500.03,-187500.03,-187500.03,-187500.03,-126671.13,-167599.44,-187500.03,-127366.945,-187500.03,-187500.03,-175777.39
6422.282,-187500.03,-187500.03,-187500.03,-187500.03,-187500.03,-187500.03,-187500.03,-187500.03,-187500.03,-133566.14,-173446.34,-187500.03,-132018.11,-187500.03,-187500.03,-181977.67
6422.3047,-187500.03,-187500.03,-187500.03,-187500.03,-187500.03,-187500.03,-187500.03,-187500.03,-187500.03,-139229.95,-177475.73,-187500.03,-137060.5,-187500.03,-187500.03,-187500.03
6422.3267,-187500.03,-187500.03,-187500.03,-187500.03,-187500.03,-187500.03,-187500.03,-187500.03,-187500.03,-131635.27,-171123.84,-187500.03,-132024.31,-187500.03,-187500.03,-181436.02
6422.349,-187500.03,-187500.03,-187500.03,-187500.03,-187500.03,-187500.03,-187500.03,-187500.03,-187500.03,-126525.164,-167396.36,-187500.03,-127429.44,-187500.03,-187500.03,-175803.06
6422.3716,-187500.03,-187500.03,-187500.03,-187500.03,-187500.03,-187500.03,-187500.03,-187500.03,-187500.03,-131896.78,-172114.56,-187500.03,-130771.81,-187500.03,-187500.03,-180371.66
6422.394,-187500.03,-187500.03,-187500.03,-187500.03,-187500.03,-187500.03,-187500.03,-187500.03,-187500.03,-139301.78,-177652.14,-187500.03,-136917.31,-187500.03,-187500.03,-187500.03
6422.4165,-187500.03,-187500.03,-187500.03,-187500.03,-187500.03,-187500.03,-187500.03,-187500.03,-187500.03,-133293.38,-172447.94,-187500.03,-133272.89,-187500.03,-187500.03,-183053.48
6422.4385,-187500.03,-187500.03,-187500.03,-187500.03,-187500.03,-187500.03,-187500.03,-187500.03,-187500.03,-126716.85,-167476.1,-187500.03,-127750.81,-187500.03,-187500.03,-176157.86
6422.461,-187500.03,-187500.03,-187500.03,-187500.03,-187500.03,-187500.03,-187500.03,-187500.03,-187500.03,-130357.43,-170862.53,-187500.03,-129668.31,-187500.03,-187500.03,-178929.66
6422.4834,-187500.03,-187500.03,-187500.03,-187500.03,-187500.03,-187500.03,-187500.03,-187500.03,-187500.03,-138873.98,-177430.36,-187500.03,-136416.48,-187500.03,-187500.03,-187500.03
6422.506,-187500.03,-187500.03,-187500.03,-187500.03,-187500.03,-187500.03,-187500.03,-187500.03,-187500.03,-134954.23,-173794.22,-187500.03,-134474.2,-187500.03,-187500.03,-184621.12
6422.528,-187500.03,-187500.03,-187500.03,-187500.03,-187500.03,-187500.03,-187500.03,-187500.03,-187500.03,-127204.18,-167796.88,-187500.03,-128290.43,-187500.03,-187500.03,-176785.56
6422.5503,-187500.03,-187500.03,-187500.03,-187500.03,-187500.03,-187500.03,-187500.03,-187500.03,-187500.03,-129038.23,-169758.17,-187500.03,-128766.414,-187500.03,-187500.03,-177728.31
6422.5728,-187500.03,-187500.03,-187500.03,-187500.03,-187500.03,-187500.03,-187500.03,-187500.03,-187500.03,-137998.42,-176838.75,-187500.03,-135607.8,-187500.03,-187500.03,-186528.42
6422.595,-187500.03,-187500.03,-187500.03,-187500.03,-187500.03,-187500.03,-187500.03,-187500.03,-187500.03,-136511.44,-175082.92,-187500.03,-135549.02,-187500.03,-187500.03,-186041.23
6422.6177,-187500.03,-187500.03,-187500.03,-187500.03,-187500.03,-187500.03,-187500.03,-187500.03,-187500.03,-127986.12,-168362.94,-187500.03,-129041.34,-187500.03,-187500.03,-177681.73
6422.6396,-187500.03,-187500.03,-187500.03,-187500.03,-187500.03,-187500.03,-187500.03,-187500.03,-187500.03,-127975.125,-168840.86,-187500.03,-128092.69,-187500.03,-187500.03,-176803.11
6422.662,-187500.03,-187500.03,-187500.03,-187500.03,-187500.03,-187500.03,-187500.03,-187500.03,-187500.03,-136742.88,-175928.38,-187500.03,-134550.52,-187500.03,-187500.03,-185192.66
6422.6846,-187500.03,-187500.03,-187500.03,-187500.03,-187500.03,-187500.03,-187500.03,-187500.03,-187500.03,-137872.52,-176237.58,-187500.03,-136429.36,-187500.03,-187500.03,-187226.28
6422.707,-187500.03,-187500.03,-187500.03,-187500.03,-187500.03,-187500.03,-187500.03,-187500.03,-187500.03,-129066.6,-169169.36,-187500.03,-129984.336,-187500.03,-187500.03,-178842.8
6422.729,-187500.03,-187500.03,-187500.03,-187500.03,-187500.03,-187500.03,-187500.03,-187500.03,-187500.03,-127234.53,-168161.81,-187500.03,-127678.484,-187500.03,-187500.03,-176217.0
6422.7515,-187500.03,-187500.03,-187500.03,-187500.03,-187500.03,-187500.03,-187500.03,-187500.03,-187500.03,-135240.2,-174785.53,-187500.03,-133346.2,-187500.03,-187500.03,-183663.6
6422.774,-187500.03,-187500.03,-187500.03,-187500.03,-187500.03,-187500.03,-187500.03,-187500.03,-187500.03,-138885.23,-177136.25,-187500.03,-137019.95,-187500.03,-187500.03,-187500.03
6422.7964,-187500.03,-187500.03,-187500.03,-187500.03,-187500.03,-187500.03,-187500.03,-187500.03,-187500.03,-130415.63,-170208.42,-187500.03,-131103.34,-187500.03,-187500.03,-180239.34
6422.819,-187500.03,-187500.03,-187500.03,-187500.03,-187500.03,-187500.03,-187500.03,-187500.03,-187500.03,-126820.76,-167748.44,-187500.03,-127539.63,-187500.03,-187500.03,-175968.61
6422.841,-187500.03,-187500.03,-187500.03,-187500.03,-187500.03,-187500.03,-187500.03,-187500.03,-187500.03,-133604.31,-173515.86,-187500.03,-132093.7,-187500.03,-187500.03,-182046.22
6422.8633,-187500.03,-187500.03,-187500.03,-187500.03,-187500.03,-187500.03,-187500.03,-187500.03,-187500.03,-139455.97,-177705.77,-187500.03,-137262.77,-187500.03,-187500.03,-187500.03
6422.8857,-187500.03,-187500.03,-187500.03,-187500.03,-187500.03,-187500.03,-187500.03,-187500.03,-187500.03,-131980.42,-171440.28,-187500.03,-132340.23,-187500.03,-187500.03,-181809.36
6422.908,-187500.03,-187500.03,-187500.03,-187500.03,-187500.03,-187500.03,-187500.03,-187500.03,-187500.03,-126737.836,-167605.73,-187500.03,-127661.8,-187500.03,-187500.03,-176059.52
6422.93,-187500.03,-187500.03,-187500.03,-187500.03,-187500.03,-187500.03,-187500.03,-187500.03,-187500.03,-131986.31,-172234.64,-187500.03,-130902.84,-187500.03,-187500.03,-180498.27
6422.9526,-187500.03,-187500.03,-187500.03,-187500.03,-187500.03,-187500.03,-187500.03,-187500.03,-187500.03,-139509.02,-177878.06,-187500.03,-137120.03,-187500.03,-187500.03,-187500.03
6422.975,-187500.03,-187500.03,-187500.03,-187500.03,-187500.03,-187500.03,-187500.03,-187500.03,-187500.03,-133653.16,-172785.45,-187500.03,-133606.52,-187500.03,-187500.03,-183437.27
6422.9976,-187500.03,-187500.03,-187500.03,-187500.03,-187500.03,-187500.03,-187500.03,-187500.03,-187500.03,-126975.08,-167727.56,-187500.03,-128027.39,-187500.03,-187500.03,-176457.33
6423.02,-187500.03,-187500.03,-187500.03,-187500.03,-187500.03,-187500.03,-187500.03,-187500.03,-187500.03,-130485.0,-171016.03,-187500.03,-129839.08,-187500.03,-187500.03,-179095.92
6423.042,-187500.03,-187500.03,-187500.03,-187500.03,-187500.03,-187500.03,-187500.03,-187500.03,-187500.03,-139062.53,-177649.75,-187500.03,-136612.77,-187500.03,-187500.03,-187500.03
6423.0645,-187500.03,-187500.03,-187500.03,-187500.03,-187500.03,-187500.03,-187500.03,-187500.03,-187500.03,-135341.31,-174168.3,-187500.03,-134827.31,-187500.03,-187500.03,-185036.11
6423.087,-187500.03,-187500.03,-187500.03,-187500.03,-187500.03,-187500.03,-187500.03,-187500.03,-187500.03,-127506.49,-168098.77,-187500.03,-128605.32,-187500.03,-187500.03,-177139.47
6423.1094,-187500.03,-187500.03,-187500.03,-187500.03,-187500.03,-187500.03,-187500.03,-187500.03,-187500.03,-129189.31,-169944.97,-187500.03,-128966.64,-187500.03,-187500.03,-177934.73
6423.1313,-187500.03,-187500.03,-187500.03,-187500.03,-187500.03,-187500.03,-187500.03,-187500.03,-187500.03,-138143.42,-177038.61,-187500.03,-135782.89,-187500.03,-187500.03,-186712.55
6423.154,-187500.03,-187500.03,-187500.03,-187500.03,-187500.03,-187500.03,-187500.03,-187500.03,-187500.03,-136887.25,-175465.95,-187500.03,-135897.98,-187500.03,-187500.03,-186454.02
6423.1763,-187500.03,-187500.03,-187500.03,-187500.03,-187500.03,-187500.03,-187500.03,-187500.03,-187500.03,-128302.945,-168690.95,-187500.03,-129368.17,-187500.03,-187500.03,-178059.06
6423.1987,-187500.03,-187500.03,-187500.03,-187500.03,-187500.03,-187500.03,-187500.03,-187500.03,-187500.03,-128152.59,-169061.47,-187500.03,-128313.23,-187500.03,-187500.03,-177046.14
6423.221,-187500.03,-187500.03,-187500.03,-187500.03,-187500.03,-187500.03,-187500.03,-187500.03,-187500.03,-136884.97,-176134.8,-187500.03,-134727.45,-187500.03,-187500.03,-185389.12
6423.243,-187500.03,-187500.03,-187500.03,-187500.03,-187500.03,-187500.03,-187500.03,-187500.03,-187500.03,-138181.88,-176582.55,-187500.03,-136728.39,-187500.03,-187500.03,-187500.03
6423.2656,-187500.03,-187500.03,-187500.03,-187500.03,-187500.03,-187500.03,-187500.03,-187500.03,-187500.03,-129369.7,-169503.39,-187500.03,-130300.21,-187500.03,-187500.03,-179207.23
6423.288,-187500.03,-187500.03,-187500.03,-187500.03,-187500.03,-187500.03,-187500.03,-187500.03,-187500.03,-127410.664,-168394.39,-187500.03,-127902.13,-187500.03,-187500.03,-176456.8
6423.3105,-187500.03,-187500.03,-187500.03,-187500.03,-187500.03,-187500.03,-187500.03,-187500.03,-187500.03,-135344.38,-174971.3,-187500.03,-133499.75,-187500.03,-187500.03,-183818.53
6423.3325,-187500.03,-187500.03,-187500.03,-187500.03,-187500.03,-187500.03,-187500.03,-187500.03,-187500.03,-139141.73,-177447.58,-187500.03,-137276.45,-187500.03,-187500.03,-187500.03
6423.355,-187500.03,-187500.03,-187500.03,-187500.03,-187500.03,-187500.03,-187500.03,-187500.03,-187500.03,-130706.99,-170538.38,-187500.03,-131402.77,-187500.03,-187500.03,-180579.05
6423.3774,-187500.03,-187500.03,-187500.03,-187500.03,-187500.03,-187500.03,-187500.03,-187500.03,-187500.03,-126996.516,-167983.05,-187500.03,-127757.97,-187500.03,-187500.03,-176197.94
6423.4,-187500.03,-187500.03,-187500.03,-187500.03,-187500.03,-187500.03,-187500.03,-187500.03,-187500.03,-133694.45,-173686.36,-187500.03,-132234.95,-187500.03,-187500.03,-182178.31
6423.4224,-187500.03,-187500.03,-187500.03,-187500.03,-187500.03,-187500.03,-187500.03,-187500.03,-187500.03,-139639.56,-177955.1,-187500.03,-137460.12,-187500.03,-187500.03,-187500.03
6423.4443,-187500.03,-187500.03,-187500.03,-187500.03,-187500.03,-187500.03,-187500.03,-187500.03,-187500.03,-132235.55,-171737.33,-187500.03,-132601.77,-187500.03,-187500.03,-182093.83
6423.467,-187500.03,-187500.03,-187500.03,-187500.03,-187500.03,-187500.03,-187500.03,-187500.03,-187500.03,-126893.52,-167816.19,-187500.03,-127856.85,-187500.03,-187500.03,-176248.66
6423.4893,-187500.03,-187500.03,-187500.03,-187500.03,-187500.03,-187500.03,-187500.03,-187500.03,-187500.03,-132034.38,-172359.14,-187500.03,-131004.375,-187500.03,-187500.03,-180568.5
6423.5117,-187500.03,-187500.03,-187500.03,-187500.03,-187500.03,-187500.03,-187500.03,-187500.03,-187500.03,-139635.86,-178070.6,-187500.03,-137261.75,-187500.03,-187500.03,-187500.03
6423.5337,-187500.03,-187500.03,-187500.03,-187500.03,-187500.03,-187500.03,-187500.03,-187500.03,-187500.03,-133898.56,-173064.38,-187500.03,-133846.44,-187500.03,-187500.03,-183692.88
6423.556,-187500.03,-187500.03,-187500.03,-187500.03,-187500.03,-187500.03,-187500.03,-187500.03,-187500.03,-127117.63,-167918.4,-187500.03,-128202.54,-187500.03,-187500.03,-176622.66
6423.5786,-187500.03,-187500.03,-187500.03,-187500.03,-187500.03,-187500.03,-187500.03,-187500.03,-187500.03,-130484.555,-171090.73,-187500.03,-129894.64,-187500.03,-187500.03,-179110.86
6423.601,-187500.03,-187500.03,-187500.03,-187500.03,-187500.03,-187500.03,-187500.03,-187500.03,-187500.03,-139100.7,-177760.98,-187500.03,-136676.58,-187500.03,-187500.03,-187500.03
6423.6235,-187500.03,-187500.03,-187500.03,-187500.03,-187500.03,-187500.03,-187500.03,-187500.03,-187500.03,-135547.94,-174403.67,-187500.03,-135020.75,-187500.03,-187500.03,-185235.33
6423.6455,-187500.03,-187500.03,-187500.03,-187500.03,-187500.03,-187500.03,-187500.03,-187500.03,-187500.03,-127637.92,-168262.02,-187500.03,-128759.13,-187500.03,-187500.03,-177278.4
6423.668,-187500.03,-187500.03,-187500.03,-187500.03,-187500.03,-187500.03,-187500.03,-187500.03,-187500.03,-129162.73,-169976.55,-187500.03,-128991.766,-187500.03,-187500.03,-177913.06
6423.6904,-187500.03,-187500.03,-187500.03,-187500.03,-187500.03,-187500.03,-187500.03,-187500.03,-187500.03,-138123.19,-177084.66,-187500.03,-135787.66,-187500.03,-187500.03,-186677.72
6423.713,-187500.03,-187500.03,-187500.03,-187500.03,-187500.03,-187500.03,-187500.03,-187500.03,-187500.03,-137064.56,-175665.06,-187500.03,-136049.08,-187500.03,-187500.03,-186611.66
6423.735,-187500.03,-187500.03,-187500.03,-187500.03,-187500.03,-187500.03,-187500.03,-187500.03,-187500.03,-128440.09,-168846.03,-187500.03,-129511.76,-187500.03,-187500.03,-178197.97
6423.7573,-187500.03,-187500.03,-187500.03,-187500.03,-187500.03,-187500.03,-187500.03,-187500.03,-187500.03,-128116.4,-169071.61,-187500.03,-128324.7,-187500.03,-187500.03,-177017.69
6423.78,-187500.03,-187500.03,-187500.03,-187500.03,-187500.03,-187500.03,-187500.03,-187500.03,-187500.03,-136789.36,-176106.64,-187500.03,-134670.69,-187500.03,-187500.03,-185282.84
6423.8022,-187500.03,-187500.03,-187500.03,-187500.03,-187500.03,-187500.03,-187500.03,-187500.03,-187500.03,-138331.28,-176746.72,-187500.03,-136848.67,-187500.03,-187500.03,-187500.03
6423.8247,-187500.03,-187500.03,-187500.03,-187500.03,-187500.03,-187500.03,-187500.03,-187500.03,-187500.03,-129524.37,-169658.53,-187500.03,-130451.8,-187500.03,-187500.03,-179365.69
6423.8467,-187500.03,-187500.03,-187500.03,-187500.03,-187500.03,-187500.03,-187500.03,-187500.03,-187500.03,-127379.28,-168395.03,-187500.03,-127914.73,-187500.03,-187500.03,-176440.22
6423.869,-187500.03,-187500.03,-187500.03,-187500.03,-187500.03,-187500.03,-187500.03,-187500.03,-187500.03,-135201.31,-174892.66,-187500.03,-133402.45,-187500.03,-187500.03,-183674.72
6423.8916,-187500.03,-187500.03,-187500.03,-187500.03,-187500.03,-187500.03,-187500.03,-187500.03,-187500.03,-139220.3,-177549.39,-187500.03,-137328.03,-187500.03,-187500.03,-187500.03
6423.914,-187500.03,-187500.03,-187500.03,-187500.03,-187500.03,-187500.03,-187500.03,-187500.03,-187500.03,-130854.875,-170682.19,-187500.03,-131532.64,-187500.03,-187500.03,-180734.98
6423.936,-187500.03,-187500.03,-187500.03,-187500.03,-187500.03,-187500.03,-187500.03,-187500.03,-187500.03,-126969.516,-167979.64,-187500.03,-127768.055,-187500.03,-187500.03,-176197.39
6423.9585,-187500.03,-187500.03,-187500.03,-187500.03,-187500.03,-187500.03,-187500.03,-187500.03,-187500.03,-133521.66,-173574.4,-187500.03,-132115.97,-187500.03,-187500.03,-182020.73
6423.981,-187500.03,-187500.03,-187500.03,-187500.03,-187500.03,-187500.03,-187500.03,-187500.03,-187500.03,-139653.42,-177999.33,-187500.03,-137459.03,-187500.03,-187500.03,-187500.03
6424.0034,-187500.03,-187500.03,-187500.03,-187500.03,-187500.03,-187500.03,-187500.03,-187500.03,-187500.03,-132377.1,-171869.42,-187500.03,-132714.73,-187500.03,-187500.03,-182244.44
6424.0254,-187500.03,-187500.03,-187500.03,-187500.03,-187500.03,-187500.03,-187500.03,-187500.03,-187500.03,-126889.68,-167823.56,-187500.03,-127873.64,-187500.03,-187500.03,-176274.62
6424.048,-187500.03,-187500.03,-187500.03,-187500.03,-187500.03,-187500.03,-187500.03,-187500.03,-187500.03,-131868.92,-172240.23,-187500.03,-130884.93,-187500.03,-187500.03,-180425.67
6424.0703,-187500.03,-187500.03,-187500.03,-187500.03,-187500.03,-187500.03,-187500.03,-187500.03,-187500.03,-139589.67,-178054.94,-187500.03,-137210.92,-187500.03,-187500.03,-187500.03
6424.093,-187500.03,-187500.03,-187500.03,-187500.03,-187500.03,-187500.03,-187500.03,-187500.03,-187500.03,-134016.23,-173167.78,-187500.03,-133932.48,-187500.03,-187500.03,-183816.23
6424.115,-187500.03,-187500.03,-187500.03,-187500.03,-187500.03,-187500.03,-187500.03,-187500.03,-187500.03,-127123.92,-167923.45,-187500.03,-128223.85,-187500.03,-187500.03,-176652.52
6424.137,-187500.03,-187500.03,-187500.03,-187500.03,-187500.03,-187500.03,-187500.03,-187500.03,-187500.03,-130333.81,-170971.52,-187500.03,-129788.97,-187500.03,-187500.03,-178977.53
6424.1597,-187500.03,-187500.03,-187500.03,-187500.03,-187500.03,-187500.03,-187500.03,-187500.03,-187500.03,-139020.11,-177709.03,-187500.03,-136599.0,-187500.03,-187500.03,-187500.03
6424.182,-187500.03,-187500.03,-187500.03,-187500.03,-187500.03,-187500.03,-187500.03,-187500.03,-187500.03,-135662.17,-174498.75,-187500.03,-135096.7,-187500.03,-187500.03,-185343.0
6424.2046,-187500.03,-187500.03,-187500.03,-187500.03,-187500.03,-187500.03,-187500.03,-187500.03,-187500.03,-127667.43,-168280.62,-187500.03,-128791.6,-187500.03,-187500.03,-177322.89
6424.2266,-187500.03,-187500.03,-187500.03,-187500.03,-187500.03,-187500.03,-187500.03,-187500.03,-187500.03,-129034.19,-169867.88,-187500.03,-128901.11,-187500.03,-187500.03,-177798.92
6424.249,-187500.03,-187500.03,-187500.03,-187500.03,-187500.03,-187500.03,-187500.03,-187500.03,-187500.03,-138004.27,-176994.69,-187500.03,-135682.94,-187500.03,-187500.03,-186550.94
6424.2715,-187500.03,-187500.03,-187500.03,-187500.03,-187500.03,-187500.03,-187500.03,-187500.03,-187500.03,-137162.5,-175739.98,-187500.03,-136105.34,-187500.03,-187500.03,-186693.38
6424.294,-187500.03,-187500.03,-187500.03,-187500.03,-187500.03,-187500.03,-187500.03,-187500.03,-187500.03,-128499.266,-168877.61,-187500.03,-129561.11,-187500.03,-187500.03,-178259.83
6424.3164,-187500.03,-187500.03,-187500.03,-187500.03,-187500.03,-187500.03,-187500.03,-187500.03,-187500.03,-128019.44,-168974.14,-187500.03,-128256.234,-187500.03,-187500.03,-176925.02
6424.3384,-187500.03,-187500.03,-187500.03,-187500.03,-187500.03,-187500.03,-187500.03,-187500.03,-187500.03,-136641.2,-175979.9,-187500.03,-134541.22,-187500.03,-187500.03,-185120.55
6424.361,-187500.03,-187500.03,-187500.03,-187500.03,-187500.03,-187500.03,-187500.03,-187500.03,-187500.03,-138403.69,-176796.95,-187500.03,-136877.55,-187500.03,-187500.03,-187500.03
6424.3833,-187500.03,-187500.03,-187500.03,-187500.03,-187500.03,-187500.03,-187500.03,-187500.03,-187500.03,-129600.016,-169700.4,-187500.03,-130507.35,-187500.03,-187500.03,-179439.67
6424.406,-187500.03,-187500.03,-187500.03,-187500.03,-187500.03,-187500.03,-187500.03,-187500.03,-187500.03,-127309.086,-168319.02,-187500.03,-127866.195,-187500.03,-187500.03,-176378.34
6424.4277,-187500.03,-187500.03,-187500.03,-187500.03,-187500.03,-187500.03,-187500.03,-187500.03,-187500.03,-135042.12,-174755.34,-187500.03,-133270.66,-187500.03,-187500.03,-183510.44
6424.45,-187500.03,-187500.03,-187500.03,-187500.03,-187500.03,-187500.03,-187500.03,-187500.03,-187500.03,-139254.48,-177567.62,-187500.03,-137328.12,-187500.03,-187500.03,-187500.03
6424.4727,-187500.03,-187500.03,-187500.03,-187500.03,-187500.03,-187500.03,-187500.03,-187500.03,-187500.03,-130946.445,-170732.44,-187500.03,-131595.36,-187500.03,-187500.03,-180821.56
6424.495,-187500.03,-187500.03,-187500.03,-187500.03,-187500.03,-187500.03,-187500.03,-187500.03,-187500.03,-126926.42,-167916.83,-187500.03,-127735.11,-187500.03,-187500.03,-176161.55
6424.5176,-187500.03,-187500.03,-187500.03,-187500.03,-187500.03,-187500.03,-187500.03,-187500.03,-187500.03,-133358.1,-173423.4,-187500.03,-131975.78,-187500.03,-187500.03,-181854.69
6424.5396,-187500.03,-187500.03,-187500.03,-187500.03,-187500.03,-187500.03,-187500.03,-187500.03,-187500.03,-139645.4,-177982.5,-187500.03,-137416.6,-187500.03,-187500.03,-187500.03
6424.562,-187500.03,-187500.03,-187500.03,-187500.03,-187500.03,-187500.03,-187500.03,-187500.03,-187500.03,-132484.0,-171935.94,-187500.03,-132778.08,-187500.03,-187500.03,-182342.02
6424.5845,-187500.03,-187500.03,-187500.03,-187500.03,-187500.03,-187500.03,-187500.03,-187500.03,-187500.03,-126870.01,-167784.64,-187500.03,-127858.4,-187500.03,-187500.03,-176263.23
6424.607,-187500.03,-187500.03,-187500.03,-187500.03,-187500.03,-187500.03,-187500.03,-187500.03,-187500.03,-131711.27,-172095.98,-187500.03,-130756.27,-187500.03,-187500.03,-180272.88
6424.629,-187500.03,-187500.03,-187500.03,-187500.03,-187500.03,-187500.03,-187500.03,-187500.03,-187500.03,-139534.28,-178003.36,-187500.03,-137137.14,-187500.03,-187500.03,-187500.03
6424.6514,-187500.03,-187500.03,-187500.03,-187500.03,-187500.03,-187500.03,-187500.03,-187500.03,-187500.03,-134120.22,-173234.44,-187500.03,-133989.97,-187500.03,-187500.03,-183913.75
6424.674,-187500.03,-187500.03,-187500.03,-187500.03,-187500.03,-187500.03,-187500.03,-187500.03,-187500.03,-127122.82,-167900.42,-187500.03,-128218.414,-187500.03,-187500.03,-176664.53
6424.6963,-187500.03,-187500.03,-187500.03,-187500.03,-187500.03,-187500.03,-187500.03,-187500.03,-187500.03,-130197.26,-170842.14,-187500.03,-129674.766,-187500.03,-187500.03,-178853.5
6424.7188,-187500.03,-187500.03,-187500.03,-187500.03,-187500.03,-187500.03,-187500.03,-187500.03,-187500.03,-138920.56,-177620.11,-187500.03,-136495.38,-187500.03,-187500.03,-187500.03
6424.7407,-187500.03,-187500.03,-187500.03,-187500.03,-187500.03,-187500.03,-187500.03,-187500.03,-187500.03,-135742.34,-174547.06,-187500.03,-135136.77,-187500.03,-187500.03,-185418.45
6424.763,-187500.03,-187500.03,-187500.03,-187500.03,-187500.03,-187500.03,-187500.03,-187500.03,-187500.03,-127679.27,-168265.75,-187500.03,-128800.72,-187500.03,-187500.03,-177347.34
6424.7856,-187500.03,-187500.03,-187500.03,-187500.03,-187500.03,-187500.03,-187500.03,-187500.03,-187500.03,-128906.07,-169739.84,-187500.03,-128799.29,-187500.03,-187500.03,-177683.77
6424.808,-187500.03,-187500.03,-187500.03,-187500.03,-187500.03,-187500.03,-187500.03,-187500.03,-187500.03,-137872.52,-176875.1,-187500.03,-135556.08,-187500.03,-187500.03,-186413.92
6424.83,-187500.03,-187500.03,-187500.03,-187500.03,-187500.03,-187500.03,-187500.03,-187500.03,-187500.03,-137240.56,-175787.22,-187500.03,-136136.64,-187500.03,-187500.03,-186761.72
6424.8525,-187500.03,-187500.03,-187500.03,-187500.03,-187500.03,-187500.03,-187500.03,-187500.03,-187500.03,-128534.14,-168882.78,-187500.03,-129585.07,-187500.03,-187500.03,-178308.92
6424.875,-187500.03,-187500.03,-187500.03,-187500.03,-187500.03,-187500.03,-187500.03,-187500.03,-187500.03,-127893.15,-168848.36,-187500.03,-128160.33,-187500.03,-187500.03,-176817.12
6424.8975,-187500.03,-187500.03,-187500.03,-187500.03,-187500.03,-187500.03,-187500.03,-187500.03,-187500.03,-136454.92,-175817.73,-187500.03,-134380.42,-187500.03,-187500.03,-184933.83
6424.92,-187500.03,-187500.03,-187500.03,-187500.03,-187500.03,-187500.03,-187500.03,-187500.03,-187500.03,-138443.56,-176815.62,-187500.03,-136875.52,-187500.03,-187500.03,-187500.03
6424.942,-187500.03,-187500.03,-187500.03,-187500.03,-187500.03,-187500.03,-187500.03,-187500.03,-187500.03,-129661.75,-169723.88,-187500.03,-130545.39,-187500.03,-187500.03,-179502.0
6424.9644,-187500.03,-187500.03,-187500.03,-187500.03,-187500.03,-187500.03,-187500.03,-187500.03,-187500.03,-127215.53,-168212.55,-187500.03,-127791.88,-187500.03,-187500.03,-176294.3
6424.987,-187500.03,-187500.03,-187500.03,-187500.03,-187500.03,-187500.03,-187500.03,-187500.03,-187500.03,-134852.1,-174582.02,-187500.03,-133104.48,-187500.03,-187500.03,-183316.28
6425.0093,-187500.03,-187500.03,-187500.03,-187500.03,-187500.03,-187500.03,-187500.03,-187500.03,-187500.03,-139261.73,-177558.78,-187500.03,-137296.8,-187500.03,-187500.03,-187500.03
6425.0312,-187500.03,-187500.03,-187500.03,-187500.03,-187500.03,-187500.03,-187500.03,-187500.03,-187500.03,-131028.01,-170774.64,-187500.03,-131644.75,-187500.03,-187500.03,-180898.8
6425.0537,-187500.03,-187500.03,-187500.03,-187500.03,-187500.03,-187500.03,-187500.03,-187500.03,-187500.03,-126862.586,-167839.39,-187500.03,-127685.5,-187500.03,-187500.03,-176107.19
6425.076,-187500.03,-187500.03,-187500.03,-187500.03,-187500.03,-187500.03,-187500.03,-187500.03,-187500.03,-133167.92,-173254.02,-187500.03,-131817.0,-187500.03,-187500.03,-181664.19
6425.0986,-187500.03,-187500.03,-187500.03,-187500.03,-187500.03,-187500.03,-187500.03,-187500.03,-187500.03,-139610.02,-177944.58,-187500.03,-137357.38,-187500.03,-187500.03,-187500.03
6425.121,-187500.03,-187500.03,-187500.03,-187500.03,-187500.03,-187500.03,-187500.03,-187500.03,-187500.03,-132582.23,-171992.12,-187500.03,-132838.34,-187500.03,-187500.03,-182431.3
6425.143,-187500.03,-187500.03,-187500.03,-187500.03,-187500.03,-187500.03,-187500.03,-187500.03,-187500.03,-126835.96,-167728.75,-187500.03,-127834.234,-187500.03,-187500.03,-176239.8
6425.1655,-187500.03,-187500.03,-187500.03,-187500.03,-187500.03,-187500.03,-187500.03,-187500.03,-187500.03,-131530.48,-171928.28,-187500.03,-130609.914,-187500.03,-187500.03,-180094.88
6425.188,-187500.03,-187500.03,-187500.03,-187500.03,-187500.03,-187500.03,-187500.03,-187500.03,-187500.03,-139454.67,-177929.83,-187500.03,-137045.4,-187500.03,-187500.03,-187500.03
6425.2104,-187500.03,-187500.03,-187500.03,-187500.03,-187500.03,-187500.03,-187500.03,-187500.03,-187500.03,-134227.34,-173304.4,-187500.03,-134051.84,-187500.03,-187500.03,-184003.83
6425.2324,-187500.03,-187500.03,-187500.03,-187500.03,-187500.03,-187500.03,-187500.03,-187500.03,-187500.03,-127125.055,-167877.1,-187500.03,-128221.664,-187500.03,-187500.03,-176671.78
6425.255,-187500.03,-187500.03,-187500.03,-187500.03,-187500.03,-187500.03,-187500.03,-187500.03,-187500.03,-130041.06,-170691.77,-187500.03,-129550.96,-187500.03,-187500.03,-178700.3
6425.2773,-187500.03,-187500.03,-187500.03,-187500.03,-187500.03,-187500.03,-187500.03,-187500.03,-187500.03,-138815.1,-177523.69,-187500.03,-136386.81,-187500.03,-187500.03,-187449.34
6425.3,-187500.03,-187500.03,-187500.03,-187500.03,-187500.03,-187500.03,-187500.03,-187500.03,-187500.03,-135857.92,-174622.05,-187500.03,-135198.36,-187500.03,-187500.03,-185513.81
6425.3223,-187500.03,-187500.03,-187500.03,-187500.03,-187500.03,-187500.03,-187500.03,-187500.03,-187500.03,-127721.164,-168274.77,-187500.03,-128830.43,-187500.03,-187500.03,-177395.61
6425.344,-187500.03,-187500.03,-187500.03,-187500.03,-187500.03,-187500.03,-187500.03,-187500.03,-187500.03,-128799.78,-169630.97,-187500.03,-128715.14,-187500.03,-187500.03,-177587.53
6425.3667,-187500.03,-187500.03,-187500.03,-187500.03,-187500.03,-187500.03,-187500.03,-187500.03,-187500.03,-137756.3,-176770.81,-187500.03,-135447.67,-187500.03,-187500.03,-186290.94
6425.389,-187500.03,-187500.03,-187500.03,-187500.03,-187500.03,-187500.03,-187500.03,-187500.03,-187500.03,-137324.6,-175839.62,-187500.03,-136177.94,-187500.03,-187500.03,-186830.16
6425.4116,-187500.03,-187500.03,-187500.03,-187500.03,-187500.03,-187500.03,-187500.03,-187500.03,-187500.03,-128599.11,-168909.28,-187500.03,-129633.305,-187500.03,-187500.03,-178377.3
6425.4336,-187500.03,-187500.03,-187500.03,-187500.03,-187500.03,-187500.03,-187500.03,-187500.03,-187500.03,-127838.66,-168777.06,-187500.03,-128118.45,-187500.03,-187500.03,-176772.72
6425.456,-187500.03,-187500.03,-187500.03,-187500.03,-187500.03,-187500.03,-187500.03,-187500.03,-187500.03,-136362.1,-175727.1,-187500.03,-134294.94,-187500.03,-187500.03,-184839.55
6425.4785,-187500.03,-187500.03,-187500.03,-187500.03,-187500.03,-187500.03,-187500.03,-187500.03,-187500.03,-138521.72,-176866.19,-187500.03,-136915.44,-187500.03,-187500.03,-187500.03
6425.501,-187500.03,-187500.03,-187500.03,-187500.03,-187500.03,-187500.03,-187500.03,-187500.03,-187500.03,-129755.88,-169779.7,-187500.03,-130616.89,-187500.03,-187500.03,-179604.14
6425.5234,-187500.03,-187500.03,-187500.03,-187500.03,-187500.03,-187500.03,-187500.03,-187500.03,-187500.03,-127193.805,-168173.8,-187500.03,-127781.7,-187500.03,-187500.03,-176288.12
6425.5454,-187500.03,-187500.03,-187500.03,-187500.03,-187500.03,-187500.03,-187500.03,-187500.03,-187500.03,-134760.55,-174495.39,-187500.03,-133030.39,-187500.03,-187500.03,-183227.78
6425.568,-187500.03,-187500.03,-187500.03,-187500.03,-187500.03,-187500.03,-187500.03,-187500.03,-187500.03,-139319.92,-177597.73,-187500.03,-137327.47,-187500.03,-187500.03,-187500.03
6425.5903,-187500.03,-187500.03,-187500.03,-187500.03,-187500.03,-187500.03,-187500.03,-187500.03,-187500.03,-131150.33,-170856.98,-187500.03,-131740.45,-187500.03,-187500.03,-181022.6
6425.613,-187500.03,-187500.03,-187500.03,-187500.03,-187500.03,-187500.03,-187500.03,-187500.03,-187500.03,-126873.42,-167829.56,-187500.03,-127706.42,-187500.03,-187500.03,-176129.72
6425.635,-187500.03,-187500.03,-187500.03,-187500.03,-187500.03,-187500.03,-187500.03,-187500.03,-187500.03,-133084.66,-173174.72,-187500.03,-131755.69,-187500.03,-187500.03,-181583.77
6425.657,-187500.03,-187500.03,-187500.03,-187500.03,-187500.03,-187500.03,-187500.03,-187500.03,-187500.03,-139646.94,-177969.44,-187500.03,-137372.6,-187500.03,-187500.03,-187500.03
6425.6797,-187500.03,-187500.03,-187500.03,-187500.03,-187500.03,-187500.03,-187500.03,-187500.03,-187500.03,-132723.0,-172094.78,-187500.03,-132946.34,-187500.03,-187500.03,-182568.92
6425.702,-187500.03,-187500.03,-187500.03,-187500.03,-187500.03,-187500.03,-187500.03,-187500.03,-187500.03,-126880.93,-167750.61,-187500.03,-127882.29,-187500.03,-187500.03,-176293.5
6425.724,-187500.03,-187500.03,-187500.03,-187500.03,-187500.03,-187500.03,-187500.03,-187500.03,-187500.03,-131458.16,-171861.28,-187500.03,-130561.04,-187500.03,-187500.03,-180027.0
6425.7466,-187500.03,-187500.03,-187500.03,-187500.03,-187500.03,-187500.03,-187500.03,-187500.03,-187500.03,-139464.28,-177939.84,-187500.03,-137045.16,-187500.03,-187500.03,-187500.03
6425.769,-187500.03,-187500.03,-187500.03,-187500.03,-187500.03,-187500.03,-187500.03,-187500.03,-187500.03,-134376.05,-173419.33,-187500.03,-134165.34,-187500.03,-187500.03,-184147.64
6425.7915,-187500.03,-187500.03,-187500.03,-187500.03,-187500.03,-187500.03,-187500.03,-187500.03,-187500.03,-127200.586,-167930.31,-187500.03,-128295.82,-187500.03,-187500.03,-176760.16
6425.814,-187500.03,-187500.03,-187500.03,-187500.03,-187500.03,-187500.03,-187500.03,-187500.03,-187500.03,-129989.95,-170647.6,-187500.03,-129525.45,-187500.03,-187500.03,-178662.95
6425.836,-187500.03,-187500.03,-187500.03,-187500.03,-187500.03,-187500.03,-187500.03,-187500.03,-187500.03,-138791.95,-177514.4,-187500.03,-136366.45,-187500.03,-187500.03,-187425.11
6425.8584,-187500.03,-187500.03,-187500.03,-187500.03,-187500.03,-187500.03,-187500.03,-187500.03,-187500.03,-135993.52,-174738.58,-187500.03,-135303.36,-187500.03,-187500.03,-185648.05
6425.881,-187500.03,-187500.03,-187500.03,-187500.03,-187500.03,-187500.03,-187500.03,-187500.03,-187500.03,-127813.12,-168349.78,-187500.03,-128920.69,-187500.03,-187500.03,-177501.75
6425.9033,-187500.03,-187500.03,-187500.03,-187500.03,-187500.03,-187500.03,-187500.03,-187500.03,-187500.03,-128753.63,-169595.56,-187500.03,-128700.34,-187500.03,-187500.03,-177556.83
6425.9253,-187500.03,-187500.03,-187500.03,-187500.03,-187500.03,-187500.03,-187500.03,-187500.03,-187500.03,-137692.19,-176735.0,-187500.03,-135401.12,-187500.03,-187500.03,-186227.78
6425.9478,-187500.03,-187500.03,-187500.03,-187500.03,-187500.03,-187500.03,-187500.03,-187500.03,-187500.03,-137447.45,-175952.11,-187500.03,-136269.0,-187500.03,-187500.03,-186949.47
6425.97,-187500.03,-187500.03,-187500.03,-187500.03,-187500.03,-187500.03,-187500.03,-187500.03,-187500.03,-128707.86,-169002.17,-187500.03,-129733.91,-187500.03,-187500.03,-178502.48
6425.9927,-187500.03,-187500.03,-187500.03,-187500.03,-187500.03,-187500.03,-187500.03,-187500.03,-187500.03,-127813.17,-168762.47,-187500.03,-128120.81,-187500.03,-187500.03,-176769.05
6426.015,-187500.03,-187500.03,-187500.03,-187500.03,-187500.03,-187500.03,-187500.03,-187500.03,-187500.03,-136280.81,-175679.05,-187500.03,-134239.42,-187500.03,-187500.03,-184765.16
6426.037,-187500.03,-187500.03,-187500.03,-187500.03,-187500.03,-187500.03,-187500.03,-187500.03,-187500.03,-138611.2,-176955.02,-187500.03,-136979.92,-187500.03,-187500.03,-187500.03
6426.0596,-187500.03,-187500.03,-187500.03,-187500.03,-187500.03,-187500.03,-187500.03,-187500.03,-187500.03,-129871.1,-169879.94,-187500.03,-130719.93,-187500.03,-187500.03,-179725.89
6426.082,-187500.03,-187500.03,-187500.03,-187500.03,-187500.03,-187500.03,-187500.03,-187500.03,-187500.03,-127185.88,-168169.81,-187500.03,-127797.29,-187500.03,-187500.03,-176292.75
6426.1045,-187500.03,-187500.03,-187500.03,-187500.03,-187500.03,-187500.03,-187500.03,-187500.03,-187500.03,-134663.03,-174428.03,-187500.03,-132964.31,-187500.03,-187500.03,-183133.08
6426.1265,-187500.03,-187500.03,-187500.03,-187500.03,-187500.03,-187500.03,-187500.03,-187500.03,-187500.03,-139382.11,-177662.72,-187500.03,-137368.45,-187500.03,-187500.03,-187500.03
6426.149,-187500.03,-187500.03,-187500.03,-187500.03,-187500.03,-187500.03,-187500.03,-187500.03,-187500.03,-131280.94,-170966.4,-187500.03,-131849.53,-187500.03,-187500.03,-181150.98
6426.1714,-187500.03,-187500.03,-187500.03,-187500.03,-187500.03,-187500.03,-187500.03,-187500.03,-187500.03,-126880.484,-167833.81,-187500.03,-127729.92,-187500.03,-187500.03,-176144.0
6426.194,-187500.03,-187500.03,-187500.03,-187500.03,-187500.03,-187500.03,-187500.03,-187500.03,-187500.03,-132962.39,-173081.95,-187500.03,-131669.52,-187500.03,-187500.03,-181461.05
6426.2163,-187500.03,-187500.03,-187500.03,-187500.03,-187500.03,-187500.03,-187500.03,-187500.03,-187500.03,-139663.34,-177995.81,-187500.03,-137373.89,-187500.03,-187500.03,-187500.03
6426.2383,-187500.03,-187500.03,-187500.03,-187500.03,-187500.03,-187500.03,-187500.03,-187500.03,-187500.03,-132863.6,-172208.23,-187500.03,-133056.67,-187500.03,-187500.03,-182699.72
6426.2607,-187500.03,-187500.03,-187500.03,-187500.03,-187500.03,-187500.03,-187500.03,-187500.03,-187500.03,-126906.71,-167765.73,-187500.03,-127920.06,-187500.03,-187500.03,-176326.1
6426.283,-187500.03,-187500.03,-187500.03,-187500.03,-187500.03,-187500.03,-187500.03,-187500.03,-187500.03,-131350.02,-171773.56,-187500.03,-130486.79,-187500.03,-187500.03,-179922.36
6426.3057,-187500.03,-187500.03,-187500.03,-187500.03,-187500.03,-187500.03,-187500.03,-187500.03,-187500.03,-139438.31,-177930.0,-187500.03,-137014.19,-187500.03,-187500.03,-187500.03
6426.3276,-187500.03,-187500.03,-187500.03,-187500.03,-187500.03,-187500.03,-187500.03,-187500.03,-187500.03,-134500.73,-173521.05,-187500.03,-134258.53,-187500.03,-187500.03,-184266.27
6426.35,-187500.03,-187500.03,-187500.03,-187500.03,-187500.03,-187500.03,-187500.03,-187500.03,-187500.03,-127231.57,-167948.97,-187500.03,-128336.37,-187500.03,-187500.03,-176804.25
6426.3726,-187500.03,-187500.03,-187500.03,-187500.03,-187500.03,-187500.03,-187500.03,-187500.03,-187500.03,-129874.85,-170550.89,-187500.03,-129450.516,-187500.03,-187500.03,-178562.17
6426.395,-187500.03,-187500.03,-187500.03,-187500.03,-187500.03,-187500.03,-187500.03,-187500.03,-187500.03,-138713.62,-177460.88,-187500.03,-136298.64,-187500.03,-187500.03,-187345.22
6426.4175,-187500.03,-187500.03,-187500.03,-187500.03,-187500.03,-187500.03,-187500.03,-187500.03,-187500.03,-136124.03,-174846.1,-187500.03,-135395.83,-187500.03,-187500.03,-185776.69
6426.4395,-187500.03,-187500.03,-187500.03,-187500.03,-187500.03,-187500.03,-187500.03,-187500.03,-187500.03,-127868.07,-168388.75,-187500.03,-128977.7,-187500.03,-187500.03,-177577.66
6426.462,-187500.03,-187500.03,-187500.03,-187500.03,-187500.03,-187500.03,-187500.03,-187500.03,-187500.03,-128638.03,-169496.47,-187500.03,-128623.16,-187500.03,-187500.03,-177463.53
6426.4844,-187500.03,-187500.03,-187500.03,-187500.03,-187500.03,-187500.03,-187500.03,-187500.03,-187500.03,-137556.9,-176634.58,-187500.03,-135287.27,-187500.03,-187500.03,-186093.97
6426.507,-187500.03,-187500.03,-187500.03,-187500.03,-187500.03,-187500.03,-187500.03,-187500.03,-187500.03,-137558.36,-176046.78,-187500.03,-136340.14,-187500.03,-187500.03,-187052.39
6426.529,-187500.03,-187500.03,-187500.03,-187500.03,-187500.03,-187500.03,-187500.03,-187500.03,-187500.03,-128783.85,-169058.14,-187500.03,-129805.59,-187500.03,-187500.03,-178590.23
6426.5513,-187500.03,-187500.03,-187500.03,-187500.03,-187500.03,-187500.03,-187500.03,-187500.03,-187500.03,-127715.41,-168674.83,-187500.03,-128059.086,-187500.03,-187500.03,-176686.53
6426.5737,-187500.03,-187500.03,-187500.03,-187500.03,-187500.03,-187500.03,-187500.03,-187500.03,-187500.03,-136105.0,-175542.88,-187500.03,-134095.92,-187500.03,-187500.03,-184587.97
6426.596,-187500.03,-187500.03,-187500.03,-187500.03,-187500.03,-187500.03,-187500.03,-187500.03,-187500.03,-138690.1,-177025.25,-187500.03,-137017.34,-187500.03,-187500.03,-187500.03
6426.6187,-187500.03,-187500.03,-187500.03,-187500.03,-187500.03,-187500.03,-187500.03,-187500.03,-187500.03,-129976.914,-169957.9,-187500.03,-130803.39,-187500.03,-187500.03,-179837.27
6426.6406,-187500.03,-187500.03,-187500.03,-187500.03,-187500.03,-187500.03,-187500.03,-187500.03,-187500.03,-127120.21,-168107.39,-187500.03,-127758.81,-187500.03,-187500.03,-176244.72
6426.663,-187500.03,-187500.03,-187500.03,-187500.03,-187500.03,-187500.03,-187500.03,-187500.03,-187500.03,-134476.77,-174280.95,-187500.03,-132818.94,-187500.03,-187500.03,-182949.05
6426.6855,-187500.03,-187500.03,-187500.03,-187500.03,-187500.03,-187500.03,-187500.03,-187500.03,-187500.03,-139405.84,-177688.92,-187500.03,-137365.58,-187500.03,-187500.03,-187500.03
6426.708,-187500.03,-187500.03,-187500.03,-187500.03,-187500.03,-187500.03,-187500.03,-187500.03,-187500.03,-131396.81,-171050.9,-187500.03,-131938.28,-187500.03,-187500.03,-181263.5
6426.73,-187500.03,-187500.03,-187500.03,-187500.03,-187500.03,-187500.03,-187500.03,-187500.03,-187500.03,-126850.17,-167795.22,-187500.03,-127719.95,-187500.03,-187500.03,-176125.31
6426.7524,-187500.03,-187500.03,-187500.03,-187500.03,-187500.03,-187500.03,-187500.03,-187500.03,-187500.03,-132793.22,-172938.28,-187500.03,-131540.31,-187500.03,-187500.03,-181294.06
6426.775,-187500.03,-187500.03,-187500.03,-187500.03,-187500.03,-187500.03,-187500.03,-187500.03,-187500.03,-139634.75,-177974.97,-187500.03,-137333.12,-187500.03,-187500.03,-187500.03
6426.7974,-187500.03,-187500.03,-187500.03,-187500.03,-187500.03,-187500.03,-187500.03,-187500.03,-187500.03,-132973.44,-172287.14,-187500.03,-133136.14,-187500.03,-187500.03,-182804.9
6426.82,-187500.03,-187500.03,-187500.03,-187500.03,-187500.03,-187500.03,-187500.03,-187500.03,-187500.03,-126888.2,-167736.22,-187500.03,-127916.58,-187500.03,-187500.03,-176319.97
6426.842,-187500.03,-187500.03,-187500.03,-187500.03,-187500.03,-187500.03,-187500.03,-187500.03,-187500.03,-131170.34,-171619.48,-187500.03,-130352.195,-187500.03,-187500.03,-179749.11
6426.8643,-187500.03,-187500.03,-187500.03,-187500.03,-187500.03,-187500.03,-187500.03,-187500.03,-187500.03,-139344.84,-177856.12,-187500.03,-136920.66,-187500.03,-187500.03,-187500.03
6426.8867,-187500.03,-187500.03,-187500.03,-187500.03,-187500.03,-187500.03,-187500.03,-187500.03,-187500.03,-134609.17,-173598.05,-187500.03,-134324.69,-187500.03,-187500.03,-184360.7
6426.909,-187500.03,-187500.03,-187500.03,-187500.03,-187500.03,-187500.03,-187500.03,-187500.03,-187500.03,-127235.16,-167933.73,-187500.03,-128341.836,-187500.03,-187500.03,-176815.31
6426.931,-187500.03,-187500.03,-187500.03,-187500.03,-187500.03,-187500.03,-187500.03,-187500.03,-187500.03,-129728.21,-170416.81,-187500.03,-129335.586,-187500.03,-187500.03,-178420.31
6426.9536,-187500.03,-187500.03,-187500.03,-187500.03,-187500.03,-187500.03,-187500.03,-187500.03,-187500.03,-138589.44,-177356.81,-187500.03,-136180.67,-187500.03,-187500.03,-187205.39
6426.976,-187500.03,-187500.03,-187500.03,-187500.03,-187500.03,-187500.03,-187500.03,-187500.03,-187500.03,-136193.33,-174890.92,-187500.03,-135424.9,-187500.03,-187500.03,-185825.5
6426.9985,-187500.03,-187500.03,-187500.03,-187500.03,-187500.03,-187500.03,-187500.03,-187500.03,-187500.03,-127879.38,-168377.8,-187500.03,-128983.24,-187500.03,-187500.03,-177585.61
6427.021,-187500.03,-187500.03,-187500.03,-187500.03,-187500.03,-187500.03,-187500.03,-187500.03,-187500.03,-128518.445,-169379.47,-187500.03,-128528.234,-187500.03,-187500.03,-177341.75
6427.043,-187500.03,-187500.03,-187500.03,-187500.03,-187500.03,-187500.03,-187500.03,-187500.03,-187500.03,-137412.66,-176507.0,-187500.03,-135156.2,-187500.03,-187500.03,-185930.22
6427.0654,-187500.03,-187500.03,-187500.03,-187500.03,-187500.03,-187500.03,-187500.03,-187500.03,-187500.03,-137608.61,-176074.1,-187500.03,-136350.05,-187500.03,-187500.03,-187072.64
6427.088,-187500.03,-187500.03,-187500.03,-187500.03,-187500.03,-187500.03,-187500.03,-187500.03,-187500.03,-128817.65,-169065.83,-187500.03,-129822.49,-187500.03,-187500.03,-178615.48
6427.1104,-187500.03,-187500.03,-187500.03,-187500.03,-187500.03,-187500.03,-187500.03,-187500.03,-187500.03,-127614.734,-168575.77,-187500.03,-127978.12,-187500.03,-187500.03,-176585.81
6427.1323,-187500.03,-187500.03,-187500.03,-187500.03,-187500.03,-187500.03,-187500.03,-187500.03,-187500.03,-135937.55,-175400.55,-187500.03,-133951.22,-187500.03,-187500.03,-184407.28
6427.155,-187500.03,-187500.03,-187500.03,-187500.03,-187500.03,-187500.03,-187500.03,-187500.03,-187500.03,-138704.55,-177029.95,-187500.03,-137003.27,-187500.03,-187500.03,-187500.03
6427.1772,-187500.03,-187500.03,-187500.03,-187500.03,-187500.03,-187500.03,-187500.03,-187500.03,-187500.03,-130023.26,-169977.25,-187500.03,-130835.58,-187500.03,-187500.03,-179875.53
6427.1997,-187500.03,-187500.03,-187500.03,-187500.03,-187500.03,-187500.03,-187500.03,-187500.03,-187500.03,-127018.47,-168003.56,-187500.03,-127683.49,-187500.03,-187500.03,-176143.61
6427.222,-187500.03,-187500.03,-187500.03,-187500.03,-187500.03,-187500.03,-187500.03,-187500.03,-187500.03,-134263.88,-174095.64,-187500.03,-132641.36,-187500.03,-187500.03,-182723.25
6427.244,-187500.03,-187500.03,-187500.03,-187500.03,-187500.03,-187500.03,-187500.03,-187500.03,-187500.03,-139364.72,-177648.92,-187500.03,-137300.72,-187500.03,-187500.03,-187500.03
6427.2666,-187500.03,-187500.03,-187500.03,-187500.03,-187500.03,-187500.03,-187500.03,-187500.03,-187500.03,-131447.02,-171073.58,-187500.03,-131960.27,-187500.03,-187500.03,-181299.53
6427.289,-187500.03,-187500.03,-187500.03,-187500.03,-187500.03,-187500.03,-187500.03,-187500.03,-187500.03,-126753.87,-167696.66,-187500.03,-127642.41,-187500.03,-187500.03,-176031.05
6427.3115,-187500.03,-187500.03,-187500.03,-187500.03,-187500.03,-187500.03,-187500.03,-187500.03,-187500.03,-132571.58,-172745.03,-187500.03,-131357.66,-187500.03,-187500.03,-181066.1
6427.3335,-187500.03,-187500.03,-187500.03,-187500.03,-187500.03,-187500.03,-187500.03,-187500.03,-187500.03,-139532.9,-177884.94,-187500.03,-137224.05,-187500.03,-187500.03,-187500.03
6427.356,-187500.03,-187500.03,-187500.03,-187500.03,-187500.03,-187500.03,-187500.03,-187500.03,-187500.03,-133003.34,-172291.25,-187500.03,-133137.48,-187500.03,-187500.03,-182814.61
6427.3784,-187500.03,-187500.03,-187500.03,-187500.03,-187500.03,-187500.03,-187500.03,-187500.03,-187500.03,-126795.58,-167634.78,-187500.03,-127838.69,-187500.03,-187500.03,-176224.31
6427.401,-187500.03,-187500.03,-187500.03,-187500.03,-187500.03,-187500.03,-187500.03,-187500.03,-187500.03,-130939.6,-171408.0,-187500.03,-130158.99,-187500.03,-187500.03,-179509.64
6427.4233,-187500.03,-187500.03,-187500.03,-187500.03,-187500.03,-187500.03,-187500.03,-187500.03,-187500.03,-139188.3,-177711.14,-187500.03,-136765.45,-187500.03,-187500.03,-187500.03
6427.4453,-187500.03,-187500.03,-187500.03,-187500.03,-187500.03,-187500.03,-187500.03,-187500.03,-187500.03,-134620.36,-173578.08,-187500.03,-134304.9,-187500.03,-187500.03,-184344.3
6427.468,-187500.03,-187500.03,-187500.03,-187500.03,-187500.03,-187500.03,-187500.03,-187500.03,-187500.03,-127147.586,-167824.66,-187500.03,-128262.49,-187500.03,-187500.03,-176716.17
6427.49,-187500.03,-187500.03,-187500.03,-187500.03,-187500.03,-187500.03,-187500.03,-187500.03,-187500.03,-129483.3,-170180.66,-187500.03,-129129.586,-187500.03,-187500.03,-178159.77
6427.5127,-187500.03,-187500.03,-187500.03,-187500.03,-187500.03,-187500.03,-187500.03,-187500.03,-187500.03,-138374.83,-177155.33,-187500.03,-135976.7,-187500.03,-187500.03,-186951.94
6427.5347,-187500.03,-187500.03,-187500.03,-187500.03,-187500.03,-187500.03,-187500.03,-187500.03,-187500.03,-136185.9,-174847.06,-187500.03,-135376.5,-187500.03,-187500.03,-185773.38
6427.557,-187500.03,-187500.03,-187500.03,-187500.03,-187500.03,-187500.03,-187500.03,-187500.03,-187500.03,-127809.69,-168273.17,-187500.03,-128905.625,-187500.03,-187500.03,-177494.94
6427.5796,-187500.03,-187500.03,-187500.03,-187500.03,-187500.03,-187500.03,-187500.03,-187500.03,-187500.03,-128294.75,-169149.48,-187500.03,-128330.96,-187500.03,-187500.03,-177101.2
6427.602,-187500.03,-187500.03,-187500.03,-187500.03,-187500.03,-187500.03,-187500.03,-187500.03,-187500.03,-137170.9,-176275.39,-187500.03,-134927.72,-187500.03,-187500.03,-185655.58
6427.624,-187500.03,-187500.03,-187500.03,-187500.03,-187500.03,-187500.03,-187500.03,-187500.03,-187500.03,-137565.02,-175999.98,-187500.03,-136268.89,-187500.03,-187500.03,-186989.22
6427.6465,-187500.03,-187500.03,-187500.03,-187500.03,-187500.03,-187500.03,-187500.03,-187500.03,-187500.03,-128760.78,-168970.23,-187500.03,-129750.875,-187500.03,-187500.03,-178538.19
6427.669,-187500.03,-187500.03,-187500.03,-187500.03,-187500.03,-187500.03,-187500.03,-187500.03,-187500.03,-127402.57,-168348.72,-187500.03,-127789.06,-187500.03,-187500.03,-176359.08
6427.6914,-187500.03,-187500.03,-187500.03,-187500.03,-187500.03,-187500.03,-187500.03,-187500.03,-187500.03,-135658.44,-175128.53,-187500.03,-133692.92,-187500.03,-187500.03,-184096.72
6427.714,-187500.03,-187500.03,-187500.03,-187500.03,-187500.03,-187500.03,-187500.03,-187500.03,-187500.03,-138632.53,-176923.88,-187500.03,-136890.12,-187500.03,-187500.03,-187500.03
6427.736,-187500.03,-187500.03,-187500.03,-187500.03,-187500.03,-187500.03,-187500.03,-187500.03,-187500.03,-129991.71,-169892.23,-187500.03,-130771.15,-187500.03,-187500.03,-179820.47
6427.7583,-187500.03,-187500.03,-187500.03,-187500.03,-187500.03,-187500.03,-187500.03,-187500.03,-187500.03,-126842.11,-167800.05,-187500.03,-127516.164,-187500.03,-187500.03,-175959.33
6427.781,-187500.03,-187500.03,-187500.03,-187500.03,-187500.03,-187500.03,-187500.03,-187500.03,-187500.03,-133990.39,-173826.31,-187500.03,-132388.34,-187500.03,-187500.03,-182435.3
6427.803,-187500.03,-187500.03,-187500.03,-187500.03,-187500.03,-187500.03,-187500.03,-187500.03,-187500.03,-139263.42,-177522.3,-187500.03,-137165.53,-187500.03,-187500.03,-187500.03
6427.825,-187500.03,-187500.03,-187500.03,-187500.03,-187500.03,-187500.03,-187500.03,-187500.03,-187500.03,-131432.64,-171004.4,-187500.03,-131909.92,-187500.03,-187500.03,-181270.34
6427.8477,-187500.03,-187500.03,-187500.03,-187500.03,-187500.03,-187500.03,-187500.03,-187500.03,-187500.03,-126613.85,-167519.98,-187500.03,-127508.164,-187500.03,-187500.03,-175892.66
6427.87,-187500.03,-187500.03,-187500.03,-187500.03,-187500.03,-187500.03,-187500.03,-187500.03,-187500.03,-132300.06,-172469.3,-187500.03,-131110.45,-187500.03,-187500.03,-180789.42
6427.8926,-187500.03,-187500.03,-187500.03,-187500.03,-187500.03,-187500.03,-187500.03,-187500.03,-187500.03,-139404.69,-177734.47,-187500.03,-137065.19,-187500.03,-187500.03,-187500.03
6427.915,-187500.03,-187500.03,-187500.03,-187500.03,-187500.03,-187500.03,-187500.03,-187500.03,-187500.03,-133025.98,-172253.11,-187500.03,-133107.53,-187500.03,-187500.03,-182821.31
6427.937,-187500.03,-187500.03,-187500.03,-187500.03,-187500.03,-187500.03,-187500.03,-187500.03,-187500.03,-126706.36,-167501.19,-187500.03,-127741.55,-187500.03,-187500.03,-176139.05
6427.9595,-187500.03,-187500.03,-187500.03,-187500.03,-187500.03,-187500.03,-187500.03,-187500.03,-187500.03,-130702.57,-171160.77,-187500.03,-129943.61,-187500.03,-187500.03,-179272.1
6427.982,-187500.03,-187500.03,-187500.03,-187500.03,-187500.03,-187500.03,-187500.03,-187500.03,-187500.03,-139048.36,-177555.53,-187500.03,-136606.12,-187500.03,-187500.03,-187500.03
6428.0044,-187500.03,-187500.03,-187500.03,-187500.03,-187500.03,-187500.03,-187500.03,-187500.03,-187500.03,-134675.88,-173571.67,-187500.03,-134304.08,-187500.03,-187500.03,-184381.08
6428.0264,-187500.03,-187500.03,-187500.03,-187500.03,-187500.03,-187500.03,-187500.03,-187500.03,-187500.03,-127114.1,-167742.97,-187500.03,-128218.76,-187500.03,-187500.03,-176687.33
6428.049,-187500.03,-187500.03,-187500.03,-187500.03,-187500.03,-187500.03,-187500.03,-187500.03,-187500.03,-129291.38,-169974.27,-187500.03,-128961.38,-187500.03,-187500.03,-177970.67
6428.0713,-187500.03,-187500.03,-187500.03,-187500.03,-187500.03,-187500.03,-187500.03,-187500.03,-187500.03,-138216.39,-176991.38,-187500.03,-135814.69,-187500.03,-187500.03,-186773.61
6428.0938,-187500.03,-187500.03,-187500.03,-187500.03,-187500.03,-187500.03,-187500.03,-187500.03,-187500.03,-136252.69,-174859.89,-187500.03,-135390.81,-187500.03,-187500.03,-185817.48
6428.116,-187500.03,-187500.03,-187500.03,-187500.03,-187500.03,-187500.03,-187500.03,-187500.03,-187500.03,-127819.48,-168233.06,-187500.03,-128902.9,-187500.03,-187500.03,-177504.84
6428.138,-187500.03,-187500.03,-187500.03,-187500.03,-187500.03,-187500.03,-187500.03,-187500.03,-187500.03,-128143.34,-168980.27,-187500.03,-128206.56,-187500.03,-187500.03,-176952.78
6428.1606,-187500.03,-187500.03,-187500.03,-187500.03,-187500.03,-187500.03,-187500.03,-187500.03,-187500.03,-136993.53,-176100.38,-187500.03,-134766.4,-187500.03,-187500.03,-185462.58
6428.183,-187500.03,-187500.03,-187500.03,-187500.03,-187500.03,-187500.03,-187500.03,-187500.03,-187500.03,-137620.62,-176008.83,-187500.03,-136279.23,-187500.03,-187500.03,-187018.08
6428.2056,-187500.03,-187500.03,-187500.03,-187500.03,-187500.03,-187500.03,-187500.03,-187500.03,-187500.03,-128804.74,-168959.6,-187500.03,-129777.52,-187500.03,-187500.03,-178578.28
6428.2275,-187500.03,-187500.03,-187500.03,-187500.03,-187500.03,-187500.03,-187500.03,-187500.03,-187500.03,-127300.99,-168221.72,-187500.03,-127708.75,-187500.03,-187500.03,-176262.33
6428.25,-187500.03,-187500.03,-187500.03,-187500.03,-187500.03,-187500.03,-187500.03,-187500.03,-187500.03,-135486.92,-174960.14,-187500.03,-133543.56,-187500.03,-187500.03,-183919.33
6428.2725,-187500.03,-187500.03,-187500.03,-187500.03,-187500.03,-187500.03,-187500.03,-187500.03,-187500.03,-138653.02,-176914.97,-187500.03,-136877.86,-187500.03,-187500.03,-187500.03
6428.295,-187500.03,-187500.03,-187500.03,-187500.03,-187500.03,-187500.03,-187500.03,-187500.03,-187500.03,-130043.61,-169901.47,-187500.03,-130803.78,-187500.03,-187500.03,-179870.69
6428.3174,-187500.03,-187500.03,-187500.03,-187500.03,-187500.03,-187500.03,-187500.03,-187500.03,-187500.03,-126771.14,-167709.05,-187500.03,-127462.59,-187500.03,-187500.03,-175895.55
6428.3394,-187500.03,-187500.03,-187500.03,-187500.03,-187500.03,-187500.03,-187500.03,-187500.03,-187500.03,-133814.66,-173660.6,-187500.03,-132241.89,-187500.03,-187500.03,-182256.5
6428.362,-187500.03,-187500.03,-187500.03,-187500.03,-187500.03,-187500.03,-187500.03,-187500.03,-187500.03,-139235.53,-177483.05,-187500.03,-137115.6,-187500.03,-187500.03,-187500.03
6428.3843,-187500.03,-187500.03,-187500.03,-187500.03,-187500.03,-187500.03,-187500.03,-187500.03,-187500.03,-131492.08,-171028.55,-187500.03,-131940.64,-187500.03,-187500.03,-181324.75
6428.4067,-187500.03,-187500.03,-187500.03,-187500.03,-187500.03,-187500.03,-187500.03,-187500.03,-187500.03,-126563.66,-167455.5,-187500.03,-127467.7,-187500.03,-187500.03,-175852.89
6428.4287,-187500.03,-187500.03,-187500.03,-187500.03,-187500.03,-187500.03,-187500.03,-187500.03,-187500.03,-132127.77,-172316.67,-187500.03,-130972.55,-187500.03,-187500.03,-180623.83
6428.451,-187500.03,-187500.03,-187500.03,-187500.03,-187500.03,-187500.03,-187500.03,-187500.03,-187500.03,-139345.95,-177684.0,-187500.03,-137000.12,-187500.03,-187500.03,-187500.03
6428.4736,-187500.03,-187500.03,-187500.03,-187500.03,-187500.03,-187500.03,-187500.03,-187500.03,-187500.03,-133101.05,-172301.27,-187500.03,-133158.27,-187500.03,-187500.03,-182891.77
6428.496,-187500.03,-187500.03,-187500.03,-187500.03,-187500.03,-187500.03,-187500.03,-187500.03,-187500.03,-126682.58,-167463.77,-187500.03,-127731.266,-187500.03,-187500.03,-176124.53
6428.5186,-187500.03,-187500.03,-187500.03,-187500.03,-187500.03,-187500.03,-187500.03,-187500.03,-187500.03,-130534.55,-171009.98,-187500.03,-129816.516,-187500.03,-187500.03,-179108.92
6428.5405,-187500.03,-187500.03,-187500.03,-187500.03,-187500.03,-187500.03,-187500.03,-187500.03,-187500.03,-138949.7,-177473.5,-187500.03,-136511.53,-187500.03,-187500.03,-187500.03
6428.563,-187500.03,-187500.03,-187500.03,-187500.03,-187500.03,-187500.03,-187500.03,-187500.03,-187500.03,-134753.53,-173624.58,-187500.03,-134347.95,-187500.03,-187500.03,-184443.03
6428.5854,-187500.03,-187500.03,-187500.03,-187500.03,-187500.03,-187500.03,-187500.03,-187500.03,-187500.03,-127114.36,-167727.73,-187500.03,-128220.37,-187500.03,-187500.03,-176689.12
6428.608,-187500.03,-187500.03,-187500.03,-187500.03,-187500.03,-187500.03,-187500.03,-187500.03,-187500.03,-129157.8,-169853.78,-187500.03,-128858.95,-187500.03,-187500.03,-177838.55
6428.63,-187500.03,-187500.03,-187500.03,-187500.03,-187500.03,-187500.03,-187500.03,-187500.03,-187500.03,-138095.72,-176893.42,-187500.03,-135705.8,-187500.03,-187500.03,-186639.22
6428.6523,-187500.03,-187500.03,-187500.03,-187500.03,-187500.03,-187500.03,-187500.03,-187500.03,-187500.03,-136313.84,-174903.1,-187500.03,-135421.66,-187500.03,-187500.03,-185862.28
6428.675,-187500.03,-187500.03,-187500.03,-187500.03,-187500.03,-187500.03,-187500.03,-187500.03,-187500.03,-127840.02,-168235.33,-187500.03,-128921.77,-187500.03,-187500.03,-177527.48
6428.6973,-187500.03,-187500.03,-187500.03,-187500.03,-187500.03,-187500.03,-187500.03,-187500.03,-187500.03,-128033.64,-168877.6,-187500.03,-128127.53,-187500.03,-187500.03,-176849.56
6428.7197,-187500.03,-187500.03,-187500.03,-187500.03,-187500.03,-187500.03,-187500.03,-187500.03,-187500.03,-136843.62,-175977.12,-187500.03,-134640.02,-187500.03,-187500.03,-185304.38
6428.7417,-187500.03,-187500.03,-187500.03,-187500.03,-187500.03,-187500.03,-187500.03,-187500.03,-187500.03,-137660.98,-176038.92,-187500.03,-136289.45,-187500.03,-187500.03,-187038.78
6428.764,-187500.03,-187500.03,-187500.03,-187500.03,-187500.03,-187500.03,-187500.03,-187500.03,-187500.03,-128846.26,-168982.3,-187500.03,-129807.58,-187500.03,-187500.03,-178618.78
6428.7866,-187500.03,-187500.03,-187500.03,-187500.03,-187500.03,-187500.03,-187500.03,-187500.03,-187500.03,-127205.234,-168131.1,-187500.03,-127639.95,-187500.03,-187500.03,-176172.56
6428.809,-187500.03,-187500.03,-187500.03,-187500.03,-187500.03,-187500.03,-187500.03,-187500.03,-187500.03,-135310.03,-174814.05,-187500.03,-133399.75,-187500.03,-187500.03,-183733.94
6428.831,-187500.03,-187500.03,-187500.03,-187500.03,-187500.03,-187500.03,-187500.03,-187500.03,-187500.03,-138682.14,-176938.16,-187500.03,-136878.27,-187500.03,-187500.03,-187500.03
6428.8535,-187500.03,-187500.03,-187500.03,-187500.03,-187500.03,-187500.03,-187500.03,-187500.03,-187500.03,-130127.82,-169958.73,-187500.03,-130867.484,-187500.03,-187500.03,-179952.12
6428.876,-187500.03,-187500.03,-187500.03,-187500.03,-187500.03,-187500.03,-187500.03,-187500.03,-187500.03,-126701.805,-167637.92,-187500.03,-127415.13,-187500.03,-187500.03,-175835.64
6428.8984,-187500.03,-187500.03,-187500.03,-187500.03,-187500.03,-187500.03,-187500.03,-187500.03,-187500.03,-133625.23,-173501.1,-187500.03,-132088.2,-187500.03,-187500.03,-182064.4
6428.921,-187500.03,-187500.03,-187500.03,-187500.03,-187500.03,-187500.03,-187500.03,-187500.03,-187500.03,-139248.95,-177493.44,-187500.03,-137101.67,-187500.03,-187500.03,-187500.03
6428.943,-187500.03,-187500.03,-187500.03,-187500.03,-187500.03,-187500.03,-187500.03,-187500.03,-187500.03,-131619.98,-171117.11,-187500.03,-132036.98,-187500.03,-187500.03,-181445.7
6428.9653,-187500.03,-187500.03,-187500.03,-187500.03,-187500.03,-187500.03,-187500.03,-187500.03,-187500.03,-126533.94,-167412.75,-187500.03,-127458.27,-187500.03,-187500.03,-175832.39
6428.988,-187500.03,-187500.03,-187500.03,-187500.03,-187500.03,-187500.03,-187500.03,-187500.03,-187500.03,-131949.33,-172160.8,-187500.03,-130834.46,-187500.03,-187500.03,-180443.47
6429.0103,-187500.03,-187500.03,-187500.03,-187500.03,-187500.03,-187500.03,-187500.03,-187500.03,-187500.03,-139303.14,-177648.23,-187500.03,-136942.08,-187500.03,-187500.03,-187500.03
6429.032,-187500.03,-187500.03,-187500.03,-187500.03,-187500.03,-187500.03,-187500.03,-187500.03,-187500.03,-133232.22,-172395.44,-187500.03,-133243.84,-187500.03,-187500.03,-183009.36
6429.0547,-187500.03,-187500.03,-187500.03,-187500.03,-187500.03,-187500.03,-187500.03,-187500.03,-187500.03,-126683.164,-167448.38,-187500.03,-127737.41,-187500.03,-187500.03,-176135.83
6429.077,-187500.03,-187500.03,-187500.03,-187500.03,-187500.03,-187500.03,-187500.03,-187500.03,-187500.03,-130383.13,-170878.66,-187500.03,-129701.97,-187500.03,-187500.03,-178966.9
6429.0996,-187500.03,-187500.03,-187500.03,-187500.03,-187500.03,-187500.03,-187500.03,-187500.03,-187500.03,-138868.88,-177412.92,-187500.03,-136431.38,-187500.03,-187500.03,-187500.03
6429.122,-187500.03,-187500.03,-187500.03,-187500.03,-187500.03,-187500.03,-187500.03,-187500.03,-187500.03,-134879.67,-173722.25,-187500.03,-134432.14,-187500.03,-187500.03,-184559.62
6429.144,-187500.03,-187500.03,-187500.03,-187500.03,-187500.03,-187500.03,-187500.03,-187500.03,-187500.03,-127144.93,-167738.23,-187500.03,-128253.86,-187500.03,-187500.03,-176733.48
6429.1665,-187500.03,-187500.03,-187500.03,-187500.03,-187500.03,-187500.03,-187500.03,-187500.03,-187500.03,-129013.49,-169723.17,-187500.03,-128753.87,-187500.03,-187500.03,-177708.1
6429.189,-187500.03,-187500.03,-187500.03,-187500.03,-187500.03,-187500.03,-187500.03,-187500.03,-187500.03,-137959.23,-176782.45,-187500.03,-135582.81,-187500.03,-187500.03,-186493.08
6429.2114,-187500.03,-187500.03,-187500.03,-187500.03,-187500.03,-187500.03,-187500.03,-187500.03,-187500.03,-136417.83,-174981.12,-187500.03,-135478.44,-187500.03,-187500.03,-185948.88
6429.2334,-187500.03,-187500.03,-187500.03,-187500.03,-187500.03,-187500.03,-187500.03,-187500.03,-187500.03,-127894.67,-168266.19,-187500.03,-128966.57,-187500.03,-187500.03,-177590.03
6429.256,-187500.03,-187500.03,-187500.03,-187500.03,-187500.03,-187500.03,-187500.03,-187500.03,-187500.03,-127937.01,-168787.39,-187500.03,-128056.7,-187500.03,-187500.03,-176764.08
6429.2783,-187500.03,-187500.03,-187500.03,-187500.03,-187500.03,-187500.03,-187500.03,-187500.03,-187500.03,-136716.23,-175873.5,-187500.03,-134529.78,-187500.03,-187500.03,-185172.02
6429.301,-187500.03,-187500.03,-187500.03,-187500.03,-187500.03,-187500.03,-187500.03,-187500.03,-187500.03,-137731.61,-176092.75,-187500.03,-136324.77,-187500.03,-187500.03,-187094.97
6429.3228,-187500.03,-187500.03,-187500.03,-187500.03,-187500.03,-187500.03,-187500.03,-187500.03,-187500.03,-128915.15,-169022.83,-187500.03,-129862.07,-187500.03,-187500.03,-178691.44
6429.345,-187500.03,-187500.03,-187500.03,-187500.03,-187500.03,-187500.03,-187500.03,-187500.03,-187500.03,-127139.23,-168061.84,-187500.03,-127595.63,-187500.03,-187500.03,-176117.11
6429.3677,-187500.03,-187500.03,-187500.03,-187500.03,-187500.03,-187500.03,-187500.03,-187500.03,-187500.03,-135173.61,-174699.73,-187500.03,-133286.72,-187500.03,-187500.03,-183593.75
6429.39,-187500.03,-187500.03,-187500.03,-187500.03,-187500.03,-187500.03,-187500.03,-187500.03,-187500.03,-138722.9,-176969.92,-187500.03,-136888.7,-187500.03,-187500.03,-187500.03
6429.4126,-187500.03,-187500.03,-187500.03,-187500.03,-187500.03,-187500.03,-187500.03,-187500.03,-187500.03,-130220.31,-170021.95,-187500.03,-130937.81,-187500.03,-187500.03,-180038.4
6429.4346,-187500.03,-187500.03,-187500.03,-187500.03,-187500.03,-187500.03,-187500.03,-187500.03,-187500.03,-126669.734,-167598.95,-187500.03,-127402.4,-187500.03,-187500.03,-175807.75
6429.457,-187500.03,-187500.03,-187500.03,-187500.03,-187500.03,-187500.03,-187500.03,-187500.03,-187500.03,-133501.97,-173396.44,-187500.03,-131995.55,-187500.03,-187500.03,-181935.1
6429.4795,-187500.03,-187500.03,-187500.03,-187500.03,-187500.03,-187500.03,-187500.03,-187500.03,-187500.03,-139254.36,-177497.36,-187500.03,-137092.77,-187500.03,-187500.03,-187500.03
6429.502,-187500.03,-187500.03,-187500.03,-187500.03,-187500.03,-187500.03,-187500.03,-187500.03,-187500.03,-131714.3,-171184.84,-187500.03,-132107.9,-187500.03,-187500.03,-181530.73
6429.524,-187500.03,-187500.03,-187500.03,-187500.03,-187500.03,-187500.03,-187500.03,-187500.03,-187500.03,-126521.99,-167392.1,-187500.03,-127458.125,-187500.03,-187500.03,-175824.83
6429.5464,-187500.03,-187500.03,-187500.03,-187500.03,-187500.03,-187500.03,-187500.03,-187500.03,-187500.03,-131830.19,-172060.4,-187500.03,-130744.2,-187500.03,-187500.03,-180323.17
6429.569,-187500.03,-187500.03,-187500.03,-187500.03,-187500.03,-187500.03,-187500.03,-187500.03,-187500.03,-139284.83,-177635.28,-187500.03,-136914.83,-187500.03,-187500.03,-187500.03
6429.5913,-187500.03,-187500.03,-187500.03,-187500.03,-187500.03,-187500.03,-187500.03,-187500.03,-187500.03,-133335.98,-172472.39,-187500.03,-133322.75,-187500.03,-187500.03,-183103.27
6429.614,-187500.03,-187500.03,-187500.03,-187500.03,-187500.03,-187500.03,-187500.03,-187500.03,-187500.03,-126695.14,-167445.92,-187500.03,-127760.37,-187500.03,-187500.03,-176153.3
6429.6357,-187500.03,-187500.03,-187500.03,-187500.03,-187500.03,-187500.03,-187500.03,-187500.03,-187500.03,-130267.44,-170777.84,-187500.03,-129619.72,-187500.03,-187500.03,-178852.55
6429.658,-187500.03,-187500.03,-187500.03,-187500.03,-187500.03,-187500.03,-187500.03,-187500.03,-187500.03,-138813.45,-177371.75,-187500.03,-136376.17,-187500.03,-187500.03,-187462.2
6429.6807,-187500.03,-187500.03,-187500.03,-187500.03,-187500.03,-187500.03,-187500.03,-187500.03,-187500.03,-134993.0,-173811.73,-187500.03,-134510.47,-187500.03,-187500.03,-184660.75
6429.703,-187500.03,-187500.03,-187500.03,-187500.03,-187500.03,-187500.03,-187500.03,-187500.03,-187500.03,-127184.984,-167764.66,-187500.03,-128295.96,-187500.03,-187500.03,-176781.67
6429.725,-187500.03,-187500.03,-187500.03,-187500.03,-187500.03,-187500.03,-187500.03,-187500.03,-187500.03,-128906.58,-169635.36,-187500.03,-128683.05,-187500.03,-187500.03,-177613.31
6429.7476,-187500.03,-187500.03,-187500.03,-187500.03,-187500.03,-187500.03,-187500.03,-187500.03,-187500.03,-137870.47,-176724.34,-187500.03,-135509.0,-187500.03,-187500.03,-186402.92
6429.77,-187500.03,-187500.03,-187500.03,-187500.03,-187500.03,-187500.03,-187500.03,-187500.03,-187500.03,-136538.4,-175086.25,-187500.03,-135565.56,-187500.03,-187500.03,-186066.7
6429.7925,-187500.03,-187500.03,-187500.03,-187500.03,-187500.03,-187500.03,-187500.03,-187500.03,-187500.03,-127968.56,-168322.7,-187500.03,-129039.125,-187500.03,-187500.03,-177679.88
6429.815,-187500.03,-187500.03,-187500.03,-187500.03,-187500.03,-187500.03,-187500.03,-187500.03,-187500.03,-127834.57,-168699.33,-187500.03,-127993.33,-187500.03,-187500.03,-176680.77
6429.837,-187500.03,-187500.03,-187500.03,-187500.03,-187500.03,-187500.03,-187500.03,-187500.03,-187500.03,-136567.06,-175763.53,-187500.03,-134405.9,-187500.03,-187500.03,-185021.77
6429.8594,-187500.03,-187500.03,-187500.03,-187500.03,-187500.03,-187500.03,-187500.03,-187500.03,-187500.03,-137839.77,-176189.12,-187500.03,-136389.98,-187500.03,-187500.03,-187190.52
6429.882,-187500.03,-187500.03,-187500.03,-187500.03,-187500.03,-187500.03,-187500.03,-187500.03,-187500.03,-129026.19,-169110.19,-187500.03,-129958.08,-187500.03,-187500.03,-178814.45
6429.9043,-187500.03,-187500.03,-187500.03,-187500.03,-187500.03,-187500.03,-187500.03,-187500.03,-187500.03,-127084.85,-168014.55,-187500.03,-127571.555,-187500.03,-187500.03,-176083.75
6429.9263,-187500.03,-187500.03,-187500.03,-187500.03,-187500.03,-187500.03,-187500.03,-187500.03,-187500.03,-135041.19,-174602.2,-187500.03,-133186.56,-187500.03,-187500.03,-183468.02
6429.9487,-187500.03,-187500.03,-187500.03,-187500.03,-187500.03,-187500.03,-187500.03,-187500.03,-187500.03,-138771.9,-177018.5,-187500.03,-136913.55,-187500.03,-187500.03,-187500.03
6429.971,-187500.03,-187500.03,-187500.03,-187500.03,-187500.03,-187500.03,-187500.03,-187500.03,-187500.03,-130316.57,-170097.28,-187500.03,-131014.484,-187500.03,-187500.03,-180138.34
6429.9937,-187500.03,-187500.03,-187500.03,-187500.03,-187500.03,-187500.03,-187500.03,-187500.03,-187500.03,-126647.94,-167573.86,-187500.03,-127395.23,-187500.03,-187500.03,-175799.89
6430.016,-187500.03,-187500.03,-187500.03,-187500.03,-187500.03,-187500.03,-187500.03,-187500.03,-187500.03,-133367.48,-173288.75,-187500.03,-131889.53,-187500.03,-187500.03,-181805.39
6430.038,-187500.03,-187500.03,-187500.03,-187500.03,-187500.03,-187500.03,-187500.03,-187500.03,-187500.03,-139271.44,-177519.95,-187500.03,-137086.86,-187500.03,-187500.03,-187500.03
6430.0605,-187500.03,-187500.03,-187500.03,-187500.03,-187500.03,-187500.03,-187500.03,-187500.03,-187500.03,-131839.02,-171284.52,-187500.03,-132202.95,-187500.03,-187500.03,-181654.02
6430.083,-187500.03,-187500.03,-187500.03,-187500.03,-187500.03,-187500.03,-187500.03,-187500.03,-187500.03,-126528.445,-167390.94,-187500.03,-127477.72,-187500.03,-187500.03,-175842.0
6430.1055,-187500.03,-187500.03,-187500.03,-187500.03,-187500.03,-187500.03,-187500.03,-187500.03,-187500.03,-131688.92,-171946.53,-187500.03,-130642.016,-187500.03,-187500.03,-180184.05
6430.1274,-187500.03,-187500.03,-187500.03,-187500.03,-187500.03,-187500.03,-187500.03,-187500.03,-187500.03,-139273.08,-177638.67,-187500.03,-136890.39,-187500.03,-187500.03,-187500.03
6430.15,-187500.03,-187500.03,-187500.03,-187500.03,-187500.03,-187500.03,-187500.03,-187500.03,-187500.03,-133499.45,-172605.6,-187500.03,-133444.39,-187500.03,-187500.03,-183253.56
6430.1724,-187500.03,-187500.03,-187500.03,-187500.03,-187500.03,-187500.03,-187500.03,-187500.03,-187500.03,-126744.125,-167481.56,-187500.03,-127815.01,-187500.03,-187500.03,-176208.17
6430.195,-187500.03,-187500.03,-187500.03,-187500.03,-187500.03,-187500.03,-187500.03,-187500.03,-187500.03,-130149.766,-170682.44,-187500.03,-129539.56,-187500.03,-187500.03,-178736.83
6430.2173,-187500.03,-187500.03,-187500.03,-187500.03,-187500.03,-187500.03,-187500.03,-187500.03,-187500.03,-138760.2,-177341.36,-187500.03,-136323.27,-187500.03,-187500.03,-187387.12
6430.2393,-187500.03,-187500.03,-187500.03,-187500.03,-187500.03,-187500.03,-187500.03,-187500.03,-187500.03,-135150.58,-173940.44,-187500.03,-134625.48,-187500.03,-187500.03,-184798.33
6430.2617,-187500.03,-187500.03,-187500.03,-187500.03,-187500.03,-187500.03,-187500.03,-187500.03,-187500.03,-127261.25,-167818.78,-187500.03,-128370.94,-187500.03,-187500.03,-176859.0
6430.284,-187500.03,-187500.03,-187500.03,-187500.03,-187500.03,-187500.03,-187500.03,-187500.03,-187500.03,-128826.5,-169563.48,-187500.03,-128634.47,-187500.03,-187500.03,-177533.36
6430.3066,-187500.03,-187500.03,-187500.03,-187500.03,-187500.03,-187500.03,-187500.03,-187500.03,-187500.03,-137797.9,-176673.36,-187500.03,-135445.67,-187500.03,-187500.03,-186310.03
6430.3286,-187500.03,-187500.03,-187500.03,-187500.03,-187500.03,-187500.03,-187500.03,-187500.03,-187500.03,-136677.88,-175203.55,-187500.03,-135661.94,-187500.03,-187500.03,-186181.9
6430.351,-187500.03,-187500.03,-187500.03,-187500.03,-187500.03,-187500.03,-187500.03,-187500.03,-187500.03,-128059.48,-168394.27,-187500.03,-129120.78,-187500.03,-187500.03,-177770.77
6430.3735,-187500.03,-187500.03,-187500.03,-187500.03,-187500.03,-187500.03,-187500.03,-187500.03,-187500.03,-127782.15,-168657.3,-187500.03,-127968.3,-187500.03,-187500.03,-176634.23
6430.396,-187500.03,-187500.03,-187500.03,-187500.03,-187500.03,-187500.03,-187500.03,-187500.03,-187500.03,-136476.03,-175703.1,-187500.03,-134335.86,-187500.03,-187500.03,-184921.75
6430.4185,-187500.03,-187500.03,-187500.03,-187500.03,-187500.03,-187500.03,-187500.03,-187500.03,-187500.03,-137959.12,-176295.2,-187500.03,-136473.16,-187500.03,-187500.03,-187291.77
6430.4404,-187500.03,-187500.03,-187500.03,-187500.03,-187500.03,-187500.03,-187500.03,-187500.03,-187500.03,-129144.94,-169206.38,-187500.03,-130063.016,-187500.03,-187500.03,-178936.2
6430.463,-187500.03,-187500.03,-187500.03,-187500.03,-187500.03,-187500.03,-187500.03,-187500.03,-187500.03,-127050.58,-167985.12,-187500.03,-127564.07,-187500.03,-187500.03,-176060.11
6430.4854,-187500.03,-187500.03,-187500.03,-187500.03,-187500.03,-187500.03,-187500.03,-187500.03,-187500.03,-134906.19,-174504.97,-187500.03,-133085.1,-187500.03,-187500.03,-183330.81
6430.508,-187500.03,-187500.03,-187500.03,-187500.03,-187500.03,-187500.03,-187500.03,-187500.03,-187500.03,-138867.48,-177112.6,-187500.03,-136972.55,-187500.03,-187500.03,-187500.03
6430.53,-187500.03,-187500.03,-187500.03,-187500.03,-187500.03,-187500.03,-187500.03,-187500.03,-187500.03,-130475.79,-170229.48,-187500.03,-131147.66,-187500.03,-187500.03,-180303.45
6430.5522,-187500.03,-187500.03,-187500.03,-187500.03,-187500.03,-187500.03,-187500.03,-187500.03,-187500.03,-126644.97,-167572.84,-187500.03,-127418.56,-187500.03,-187500.03,-175819.02
6430.5747,-187500.03,-187500.03,-187500.03,-187500.03,-187500.03,-187500.03,-187500.03,-187500.03,-187500.03,-133243.48,-173201.72,-187500.03,-131808.38,-187500.03,-187500.03,-181693.73
6430.597,-187500.03,-187500.03,-187500.03,-187500.03,-187500.03,-187500.03,-187500.03,-187500.03,-187500.03,-139317.92,-177576.7,-187500.03,-137116.62,-187500.03,-187500.03,-187500.03
6430.6196,-187500.03,-187500.03,-187500.03,-187500.03,-187500.03,-187500.03,-187500.03,-187500.03,-187500.03,-131993.39,-171414.69,-187500.03,-132329.33,-187500.03,-187500.03,-181811.28
6430.6416,-187500.03,-187500.03,-187500.03,-187500.03,-187500.03,-187500.03,-187500.03,-187500.03,-187500.03,-126555.76,-167411.9,-187500.03,-127519.25,-187500.03,-187500.03,-175886.38
6430.664,-187500.03,-187500.03,-187500.03,-187500.03,-187500.03,-187500.03,-187500.03,-187500.03,-187500.03,-131579.47,-171860.66,-187500.03,-130568.195,-187500.03,-187500.03,-180083.14
6430.6865,-187500.03,-187500.03,-187500.03,-187500.03,-187500.03,-187500.03,-187500.03,-187500.03,-187500.03,-139267.38,-177644.77,-187500.03,-136876.25,-187500.03,-187500.03,-187500.03
6430.709,-187500.03,-187500.03,-187500.03,-187500.03,-187500.03,-187500.03,-187500.03,-187500.03,-187500.03,-133653.98,-172730.4,-187500.03,-133564.23,-187500.03,-187500.03,-183402.25
6430.731,-187500.03,-187500.03,-187500.03,-187500.03,-187500.03,-187500.03,-187500.03,-187500.03,-187500.03,-126791.7,-167515.39,-187500.03,-127872.63,-187500.03,-187500.03,-176268.1
6430.7534,-187500.03,-187500.03,-187500.03,-187500.03,-187500.03,-187500.03,-187500.03,-187500.03,-187500.03,-130043.82,-170597.42,-187500.03,-129473.09,-187500.03,-187500.03,-178638.6
6430.776,-187500.03,-187500.03,-187500.03,-187500.03,-187500.03,-187500.03,-187500.03,-187500.03,-187500.03,-138708.0,-177313.73,-187500.03,-136274.83,-187500.03,-187500.03,-187321.12
6430.7983,-187500.03,-187500.03,-187500.03,-187500.03,-187500.03,-187500.03,-187500.03,-187500.03,-187500.03,-135310.36,-174076.08,-187500.03,-134742.53,-187500.03,-187500.03,-184944.3
6430.821,-187500.03,-187500.03,-187500.03,-187500.03,-187500.03,-187500.03,-187500.03,-187500.03,-187500.03,-127334.71,-167876.45,-187500.03,-128446.695,-187500.03,-187500.03,-176942.02
6430.843,-187500.03,-187500.03,-187500.03,-187500.03,-187500.03,-187500.03,-187500.03,-187500.03,-187500.03,-128741.25,-169495.2,-187500.03,-128587.88,-187500.03,-187500.03,-177459.5
6430.865,-187500.03,-187500.03,-187500.03,-187500.03,-187500.03,-187500.03,-187500.03,-187500.03,-187500.03,-137707.58,-176614.86,-187500.03,-135374.17,-187500.03,-187500.03,-186211.31
6430.8877,-187500.03,-187500.03,-187500.03,-187500.03,-187500.03,-187500.03,-187500.03,-187500.03,-187500.03,-136822.67,-175328.84,-187500.03,-135766.16,-187500.03,-187500.03,-186308.69
6430.91,-187500.03,-187500.03,-187500.03,-187500.03,-187500.03,-187500.03,-187500.03,-187500.03,-187500.03,-128168.06,-168479.3,-187500.03,-129222.72,-187500.03,-187500.03,-177881.45
6430.932,-187500.03,-187500.03,-187500.03,-187500.03,-187500.03,-187500.03,-187500.03,-187500.03,-187500.03,-127725.6,-168606.92,-187500.03,-127944.234,-187500.03,-187500.03,-176583.81
6430.9546,-187500.03,-187500.03,-187500.03,-187500.03,-187500.03,-187500.03,-187500.03,-187500.03,-187500.03,-136360.16,-175619.25,-187500.03,-134246.55,-187500.03,-187500.03,-184796.06
6430.977,-187500.03,-187500.03,-187500.03,-187500.03,-187500.03,-187500.03,-187500.03,-187500.03,-187500.03,-138072.47,-176398.06,-187500.03,-136546.94,-187500.03,-187500.03,-187383.02
6430.9995,-187500.03,-187500.03,-187500.03,-187500.03,-187500.03,-187500.03,-187500.03,-187500.03,-187500.03,-129275.55,-169311.7,-187500.03,-130173.695,-187500.03,-187500.03,-179065.8
6431.0215,-187500.03,-187500.03,-187500.03,-187500.03,-187500.03,-187500.03,-187500.03,-187500.03,-187500.03,-127023.336,-167961.61,-187500.03,-127560.54,-187500.03,-187500.03,-176042.39
6431.044,-187500.03,-187500.03,-187500.03,-187500.03,-187500.03,-187500.03,-187500.03,-187500.03,-187500.03,-134785.3,-174416.4,-187500.03,-132993.05,-187500.03,-187500.03,-183205.19
6431.0664,-187500.03,-187500.03,-187500.03,-187500.03,-187500.03,-187500.03,-187500.03,-187500.03,-187500.03,-138947.7,-177188.25,-187500.03,-137020.2,-187500.03,-187500.03,-187500.03
6431.089,-187500.03,-187500.03,-187500.03,-187500.03,-187500.03,-187500.03,-187500.03,-187500.03,-187500.03,-130627.78,-170348.84,-187500.03,-131273.14,-187500.03,-187500.03,-180451.1
6431.1113,-187500.03,-187500.03,-187500.03,-187500.03,-187500.03,-187500.03,-187500.03,-187500.03,-187500.03,-126643.0,-167563.22,-187500.03,-127436.73,-187500.03,-187500.03,-175824.06
6431.1333,-187500.03,-187500.03,-187500.03,-187500.03,-187500.03,-187500.03,-187500.03,-187500.03,-187500.03,-133108.44,-173093.48,-187500.03,-131709.31,-187500.03,-187500.03,-181552.97
6431.156,-187500.03,-187500.03,-187500.03,-187500.03,-187500.03,-187500.03,-187500.03,-187500.03,-187500.03,-139347.73,-177611.14,-187500.03,-137122.44,-187500.03,-187500.03,-187500.03
6431.178,-187500.03,-187500.03,-187500.03,-187500.03,-187500.03,-187500.03,-187500.03,-187500.03,-187500.03,-132159.5,-171548.67,-187500.03,-132458.58,-187500.03,-187500.03,-181964.38
6431.2007,-187500.03,-187500.03,-187500.03,-187500.03,-187500.03,-187500.03,-187500.03,-187500.03,-187500.03,-126587.85,-167433.72,-187500.03,-127563.69,-187500.03,-187500.03,-175923.86
6431.2227,-187500.03,-187500.03,-187500.03,-187500.03,-187500.03,-187500.03,-187500.03,-187500.03,-187500.03,-131497.17,-171798.64,-187500.03,-130519.15,-187500.03,-187500.03,-180004.08
6431.245,-187500.03,-187500.03,-187500.03,-187500.03,-187500.03,-187500.03,-187500.03,-187500.03,-187500.03,-139261.81,-177654.19,-187500.03,-136868.94,-187500.03,-187500.03,-187500.03
6431.2676,-187500.03,-187500.03,-187500.03,-187500.03,-187500.03,-187500.03,-187500.03,-187500.03,-187500.03,-133769.56,-172831.75,-187500.03,-133654.94,-187500.03,-187500.03,-183509.03
6431.29,-187500.03,-187500.03,-187500.03,-187500.03,-187500.03,-187500.03,-187500.03,-187500.03,-187500.03,-126834.47,-167552.67,-187500.03,-127918.39,-187500.03,-187500.03,-176316.66
6431.3125,-187500.03,-187500.03,-187500.03,-187500.03,-187500.03,-187500.03,-187500.03,-187500.03,-187500.03,-129984.5,-170554.33,-187500.03,-129436.48,-187500.03,-187500.03,-178584.77
6431.3345,-187500.03,-187500.03,-187500.03,-187500.03,-187500.03,-187500.03,-187500.03,-187500.03,-187500.03,-138683.3,-177306.67,-187500.03,-136251.67,-187500.03,-187500.03,-187289.75
6431.357,-187500.03,-187500.03,-187500.03,-187500.03,-187500.03,-187500.03,-187500.03,-187500.03,-187500.03,-135426.56,-174178.1,-187500.03,-134831.22,-187500.03,-187500.03,-185054.05
6431.3794,-187500.03,-187500.03,-187500.03,-187500.03,-187500.03,-187500.03,-187500.03,-187500.03,-187500.03,-127400.32,-167933.22,-187500.03,-128513.125,-187500.03,-187500.03,-177015.62
6431.402,-187500.03,-187500.03,-187500.03,-187500.03,-187500.03,-187500.03,-187500.03,-187500.03,-187500.03,-128685.164,-169455.08,-187500.03,-128557.94,-187500.03,-187500.03,-177411.84
6431.424,-187500.03,-187500.03,-187500.03,-187500.03,-187500.03,-187500.03,-187500.03,-187500.03,-187500.03,-137650.34,-176584.3,-187500.03,-135326.72,-187500.03,-187500.03,-186148.11
6431.4463,-187500.03,-187500.03,-187500.03,-187500.03,-187500.03,-187500.03,-187500.03,-187500.03,-187500.03,-136943.75,-175438.83,-187500.03,-135852.1,-187500.03,-187500.03,-186420.67
6431.4688,-187500.03,-187500.03,-187500.03,-187500.03,-187500.03,-187500.03,-187500.03,-187500.03,-187500.03,-128263.38,-168559.1,-187500.03,-129309.25,-187500.03,-187500.03,-177987.31
6431.491,-187500.03,-187500.03,-187500.03,-187500.03,-187500.03,-187500.03,-187500.03,-187500.03,-187500.03,-127679.24,-168571.16,-187500.03,-127925.74,-187500.03,-187500.03,-176553.1
6431.5137,-187500.03,-187500.03,-187500.03,-187500.03,-187500.03,-187500.03,-187500.03,-187500.03,-187500.03,-136266.11,-175557.16,-187500.03,-134176.0,-187500.03,-187500.03,-184701.06
6431.5356,-187500.03,-187500.03,-187500.03,-187500.03,-187500.03,-187500.03,-187500.03,-187500.03,-187500.03,-138188.7,-176504.22,-187500.03,-136629.64,-187500.03,-187500.03,-187484.3
6431.558,-187500.03,-187500.03,-187500.03,-187500.03,-187500.03,-187500.03,-187500.03,-187500.03,-187500.03,-129409.836,-169421.6,-187500.03,-130293.86,-187500.03,-187500.03,-179202.03
6431.5806,-187500.03,-187500.03,-187500.03,-187500.03,-187500.03,-187500.03,-187500.03,-187500.03,-187500.03,-127004.38,-167943.42,-187500.03,-127568.2,-187500.03,-187500.03,-176031.12
6431.603,-187500.03,-187500.03,-187500.03,-187500.03,-187500.03,-187500.03,-187500.03,-187500.03,-187500.03,-134670.77,-174332.7,-187500.03,-132910.34,-187500.03,-187500.03,-183083.2
6431.625,-187500.03,-187500.03,-187500.03,-187500.03,-187500.03,-187500.03,-187500.03,-187500.03,-187500.03,-139026.33,-177264.64,-187500.03,-137069.38,-187500.03,-187500.03,-187500.03
6431.6475,-187500.03,-187500.03,-187500.03,-187500.03,-187500.03,-187500.03,-187500.03,-187500.03,-187500.03,-130779.875,-170473.95,-187500.03,-131399.19,-187500.03,-187500.03,-180595.7
