Tm,Oz,Po7,Po4,Po3,P4,P3,Po8,Pz,Fz,F2,F3,F4,AF3,Cz,AF4,F1
1052.3649,-187500.03,-187500.03,-187500.03,-187500.03,-187500.03,-187500.03,-187500.03,-187500.03,-187500.03,-143728.19,-179495.62,-187500.03,-139901.83,-187500.03,-187500.03,-187500.03
1052.3872,-187500.03,-187500.03,-187500.03,-187500.03,-187500.03,-187500.03,-187500.03,-187500.03,-187500.03,-147273.25,-181756.66,-187500.03,-143574.97,-187500.03,-187500.03,-187500.03
1052.4095,-187500.03,-187500.03,-187500.03,-187500.03,-187500.03,-187500.03,-187500.03,-187500.03,-187500.03,-138793.69,-174819.86,-187500.03,-137506.05,-187500.03,-187500.03,-185382.61
1052.4319,-187500.03,-187500.03,-187500.03,-187500.03,-187500.03,-187500.03,-187500.03,-187500.03,-187500.03,-135264.47,-172420.44,-187500.03,-133913.1,-187500.03,-187500.03,-180584.14
1052.4542,-187500.03,-187500.03,-187500.03,-187500.03,-187500.03,-187500.03,-187500.03,-187500.03,-187500.03,-142108.66,-178228.9,-187500.03,-138623.84,-187500.03,-187500.03,-186522.05
1052.4766,-187500.03,-187500.03,-187500.03,-187500.03,-187500.03,-187500.03,-187500.03,-187500.03,-187500.03,-147809.33,-182285.25,-187500.03,-143794.73,-187500.03,-187500.03,-187500.03
1052.4989,-187500.03,-187500.03,-187500.03,-187500.03,-187500.03,-187500.03,-187500.03,-187500.03,-187500.03,-140251.6,-175956.88,-187500.03,-138672.22,-187500.03,-187500.03,-186854.39
1052.5212,-187500.03,-187500.03,-187500.03,-187500.03,-187500.03,-187500.03,-187500.03,-187500.03,-187500.03,-135135.5,-172233.4,-187500.03,-133978.08,-187500.03,-187500.03,-180696.47
1052.5436,-187500.03,-187500.03,-187500.03,-187500.03,-187500.03,-187500.03,-187500.03,-187500.03,-187500.03,-140529.53,-176973.14,-187500.03,-137417.12,-187500.03,-187500.03,-185019.34
1052.566,-187500.03,-187500.03,-187500.03,-187500.03,-187500.03,-187500.03,-187500.03,-187500.03,-187500.03,-147879.03,-182455.64,-187500.03,-143655.58,-187500.03,-187500.03,-187500.03
1052.5884,-187500.03,-187500.03,-187500.03,-187500.03,-187500.03,-187500.03,-187500.03,-187500.03,-187500.03,-141816.61,-177206.42,-187500.03,-139876.36,-187500.03,-187500.03,-187500.03
1052.6107,-187500.03,-187500.03,-187500.03,-187500.03,-187500.03,-187500.03,-187500.03,-187500.03,-187500.03,-135297.69,-172288.61,-187500.03,-134273.81,-187500.03,-187500.03,-181103.31
1052.633,-187500.03,-187500.03,-187500.03,-187500.03,-187500.03,-187500.03,-187500.03,-187500.03,-187500.03,-139011.0,-175736.81,-187500.03,-136295.38,-187500.03,-187500.03,-183594.88
1052.6554,-187500.03,-187500.03,-187500.03,-187500.03,-187500.03,-187500.03,-187500.03,-187500.03,-187500.03,-147475.55,-182248.84,-187500.03,-143159.52,-187500.03,-187500.03,-187500.03
1052.6777,-187500.03,-187500.03,-187500.03,-187500.03,-187500.03,-187500.03,-187500.03,-187500.03,-187500.03,-143454.45,-178530.36,-187500.03,-141082.53,-187500.03,-187500.03,-187500.03
1052.7001,-187500.03,-187500.03,-187500.03,-187500.03,-187500.03,-187500.03,-187500.03,-187500.03,-187500.03,-135759.84,-172584.8,-187500.03,-134797.95,-187500.03,-187500.03,-181811.16
1052.7224,-187500.03,-187500.03,-187500.03,-187500.03,-187500.03,-187500.03,-187500.03,-187500.03,-187500.03,-137666.05,-174611.97,-187500.03,-135346.2,-187500.03,-187500.03,-182376.03
1052.7448,-187500.03,-187500.03,-187500.03,-187500.03,-187500.03,-187500.03,-187500.03,-187500.03,-187500.03,-146607.83,-181662.92,-187500.03,-142332.97,-187500.03,-187500.03,-187500.03
1052.7672,-187500.03,-187500.03,-187500.03,-187500.03,-187500.03,-187500.03,-187500.03,-187500.03,-187500.03,-145000.94,-179808.67,-187500.03,-142169.48,-187500.03,-187500.03,-187500.03
1052.7896,-187500.03,-187500.03,-187500.03,-187500.03,-187500.03,-187500.03,-187500.03,-187500.03,-187500.03,-136507.64,-173118.7,-187500.03,-135527.78,-187500.03,-187500.03,-182781.62
1052.8119,-187500.03,-187500.03,-187500.03,-187500.03,-187500.03,-187500.03,-187500.03,-187500.03,-187500.03,-136582.3,-173674.05,-187500.03,-134626.28,-187500.03,-187500.03,-181448.25
1052.8342,-187500.03,-187500.03,-187500.03,-187500.03,-187500.03,-187500.03,-187500.03,-187500.03,-187500.03,-145368.69,-180759.81,-187500.03,-141253.94,-187500.03,-187500.03,-187500.03
1052.8566,-187500.03,-187500.03,-187500.03,-187500.03,-187500.03,-187500.03,-187500.03,-187500.03,-187500.03,-146320.14,-180922.27,-187500.03,-143033.34,-187500.03,-187500.03,-187500.03
1052.8789,-187500.03,-187500.03,-187500.03,-187500.03,-187500.03,-187500.03,-187500.03,-187500.03,-187500.03,-137522.33,-173868.3,-187500.03,-136433.61,-187500.03,-187500.03,-183970.92
1052.9012,-187500.03,-187500.03,-187500.03,-187500.03,-187500.03,-187500.03,-187500.03,-187500.03,-187500.03,-135800.73,-172961.03,-187500.03,-134163.34,-187500.03,-187500.03,-180855.81
1052.9236,-187500.03,-187500.03,-187500.03,-187500.03,-187500.03,-187500.03,-187500.03,-187500.03,-187500.03,-143863.19,-179613.62,-187500.03,-140012.58,-187500.03,-187500.03,-187500.03
1052.9459,-187500.03,-187500.03,-187500.03,-187500.03,-187500.03,-187500.03,-187500.03,-187500.03,-187500.03,-147302.34,-181786.88,-187500.03,-143609.66,-187500.03,-187500.03,-187500.03
1052.9683,-187500.03,-187500.03,-187500.03,-187500.03,-187500.03,-187500.03,-187500.03,-187500.03,-187500.03,-138784.44,-174827.45,-187500.03,-137498.94,-187500.03,-187500.03,-185334.11
1052.9907,-187500.03,-187500.03,-187500.03,-187500.03,-187500.03,-187500.03,-187500.03,-187500.03,-187500.03,-135328.14,-172488.7,-187500.03,-133956.4,-187500.03,-187500.03,-180600.81
1053.0131,-187500.03,-187500.03,-187500.03,-187500.03,-187500.03,-187500.03,-187500.03,-187500.03,-187500.03,-142228.23,-178336.48,-187500.03,-138715.67,-187500.03,-187500.03,-186597.17
1053.0354,-187500.03,-187500.03,-187500.03,-187500.03,-187500.03,-187500.03,-187500.03,-187500.03,-187500.03,-147842.81,-182318.42,-187500.03,-143825.9,-187500.03,-187500.03,-187500.03
1053.0577,-187500.03,-187500.03,-187500.03,-187500.03,-187500.03,-187500.03,-187500.03,-187500.03,-187500.03,-140223.31,-175944.16,-187500.03,-138648.61,-187500.03,-187500.03,-186783.0
1053.0801,-187500.03,-187500.03,-187500.03,-187500.03,-187500.03,-187500.03,-187500.03,-187500.03,-187500.03,-135173.88,-172274.25,-187500.03,-134002.05,-187500.03,-187500.03,-180681.4
1053.1024,-187500.03,-187500.03,-187500.03,-187500.03,-187500.03,-187500.03,-187500.03,-187500.03,-187500.03,-140634.19,-177059.33,-187500.03,-137497.19,-187500.03,-187500.03,-185076.62
1053.1248,-187500.03,-187500.03,-187500.03,-187500.03,-187500.03,-187500.03,-187500.03,-187500.03,-187500.03,-147922.61,-182483.14,-187500.03,-143695.64,-187500.03,-187500.03,-187500.03
1053.1471,-187500.03,-187500.03,-187500.03,-187500.03,-187500.03,-187500.03,-187500.03,-187500.03,-187500.03,-141776.97,-177168.89,-187500.03,-139844.7,-187500.03,-187500.03,-187500.03
1053.1694,-187500.03,-187500.03,-187500.03,-187500.03,-187500.03,-187500.03,-187500.03,-187500.03,-187500.03,-135311.86,-172297.19,-187500.03,-134275.0,-187500.03,-187500.03,-181065.25
1053.1919,-187500.03,-187500.03,-187500.03,-187500.03,-187500.03,-187500.03,-187500.03,-187500.03,-187500.03,-139090.83,-175796.84,-187500.03,-136350.14,-187500.03,-187500.03,-183633.19
1053.2142,-187500.03,-187500.03,-187500.03,-187500.03,-187500.03,-187500.03,-187500.03,-187500.03,-187500.03,-147517.97,-182272.1,-187500.03,-143192.98,-187500.03,-187500.03,-187500.03
1053.2366,-187500.03,-187500.03,-187500.03,-187500.03,-187500.03,-187500.03,-187500.03,-187500.03,-187500.03,-143406.44,-178484.69,-187500.03,-141044.3,-187500.03,-187500.03,-187500.03
1053.2589,-187500.03,-187500.03,-187500.03,-187500.03,-187500.03,-187500.03,-187500.03,-187500.03,-187500.03,-135757.61,-172578.05,-187500.03,-134787.22,-187500.03,-187500.03,-181770.7
1053.2812,-187500.03,-187500.03,-187500.03,-187500.03,-187500.03,-187500.03,-187500.03,-187500.03,-187500.03,-137742.3,-174665.89,-187500.03,-135398.67,-187500.03,-187500.03,-182423.39
1053.3036,-187500.03,-187500.03,-187500.03,-187500.03,-187500.03,-187500.03,-187500.03,-187500.03,-187500.03,-146673.66,-181701.0,-187500.03,-142386.75,-187500.03,-187500.03,-187500.03
1053.3259,-187500.03,-187500.03,-187500.03,-187500.03,-187500.03,-187500.03,-187500.03,-187500.03,-187500.03,-144958.05,-179759.64,-187500.03,-142139.36,-187500.03,-187500.03,-187500.03
1053.3483,-187500.03,-187500.03,-187500.03,-187500.03,-187500.03,-187500.03,-187500.03,-187500.03,-187500.03,-136498.03,-173101.12,-187500.03,-135514.55,-187500.03,-187500.03,-182752.44
1053.3706,-187500.03,-187500.03,-187500.03,-187500.03,-187500.03,-187500.03,-187500.03,-187500.03,-187500.03,-136655.86,-173725.3,-187500.03,-134677.03,-187500.03,-187500.03,-181508.92
1053.393,-187500.03,-187500.03,-187500.03,-187500.03,-187500.03,-187500.03,-187500.03,-187500.03,-187500.03,-145451.0,-180814.1,-187500.03,-141319.56,-187500.03,-187500.03,-187500.03
1053.4154,-187500.03,-187500.03,-187500.03,-187500.03,-187500.03,-187500.03,-187500.03,-187500.03,-187500.03,-146294.34,-180893.05,-187500.03,-143018.67,-187500.03,-187500.03,-187500.03
1053.4377,-187500.03,-187500.03,-187500.03,-187500.03,-187500.03,-187500.03,-187500.03,-187500.03,-187500.03,-137503.73,-173850.5,-187500.03,-136415.23,-187500.03,-187500.03,-183951.48
1053.4601,-187500.03,-187500.03,-187500.03,-187500.03,-187500.03,-187500.03,-187500.03,-187500.03,-187500.03,-135865.48,-173010.47,-187500.03,-134207.66,-187500.03,-187500.03,-180920.86
1053.4824,-187500.03,-187500.03,-187500.03,-187500.03,-187500.03,-187500.03,-187500.03,-187500.03,-187500.03,-143970.88,-179692.67,-187500.03,-140098.89,-187500.03,-187500.03,-187500.03
1053.5048,-187500.03,-187500.03,-187500.03,-187500.03,-187500.03,-187500.03,-187500.03,-187500.03,-187500.03,-147306.33,-181782.69,-187500.03,-143620.8,-187500.03,-187500.03,-187500.03
1053.5271,-187500.03,-187500.03,-187500.03,-187500.03,-187500.03,-187500.03,-187500.03,-187500.03,-187500.03,-138760.34,-174807.81,-187500.03,-137477.58,-187500.03,-187500.03,-185320.6
1053.5494,-187500.03,-187500.03,-187500.03,-187500.03,-187500.03,-187500.03,-187500.03,-187500.03,-187500.03,-135391.36,-172543.47,-187500.03,-133999.64,-187500.03,-187500.03,-180670.83
1053.5718,-187500.03,-187500.03,-187500.03,-187500.03,-187500.03,-187500.03,-187500.03,-187500.03,-187500.03,-142366.52,-178447.5,-187500.03,-138828.78,-187500.03,-187500.03,-186743.84
1053.5941,-187500.03,-187500.03,-187500.03,-187500.03,-187500.03,-187500.03,-187500.03,-187500.03,-187500.03,-147886.84,-182349.61,-187500.03,-143874.77,-187500.03,-187500.03,-187500.03
1053.6166,-187500.03,-187500.03,-187500.03,-187500.03,-187500.03,-187500.03,-187500.03,-187500.03,-187500.03,-140214.08,-175942.34,-187500.03,-138648.45,-187500.03,-187500.03,-186788.22
1053.6389,-187500.03,-187500.03,-187500.03,-187500.03,-187500.03,-187500.03,-187500.03,-187500.03,-187500.03,-135222.31,-172324.05,-187500.03,-134038.98,-187500.03,-187500.03,-180740.03
1053.6613,-187500.03,-187500.03,-187500.03,-187500.03,-187500.03,-187500.03,-187500.03,-187500.03,-187500.03,-140725.45,-177142.61,-187500.03,-137569.3,-187500.03,-187500.03,-185177.66
1053.6836,-187500.03,-187500.03,-187500.03,-187500.03,-187500.03,-187500.03,-187500.03,-187500.03,-187500.03,-147977.42,-182535.66,-187500.03,-143743.5,-187500.03,-187500.03,-187500.03
1053.7059,-187500.03,-187500.03,-187500.03,-187500.03,-187500.03,-187500.03,-187500.03,-187500.03,-187500.03,-141794.22,-177195.27,-187500.03,-139862.16,-187500.03,-187500.03,-187500.03
1053.7283,-187500.03,-187500.03,-187500.03,-187500.03,-187500.03,-187500.03,-187500.03,-187500.03,-187500.03,-135356.78,-172348.81,-187500.03,-134312.25,-187500.03,-187500.03,-181123.25
1053.7506,-187500.03,-187500.03,-187500.03,-187500.03,-187500.03,-187500.03,-187500.03,-187500.03,-187500.03,-139200.34,-175899.48,-187500.03,-136441.97,-187500.03,-187500.03,-183754.78
1053.773,-187500.03,-187500.03,-187500.03,-187500.03,-187500.03,-187500.03,-187500.03,-187500.03,-187500.03,-147597.61,-182341.92,-187500.03,-143269.9,-187500.03,-187500.03,-187500.03
1053.7953,-187500.03,-187500.03,-187500.03,-187500.03,-187500.03,-187500.03,-187500.03,-187500.03,-187500.03,-143388.6,-178478.86,-187500.03,-141042.44,-187500.03,-187500.03,-187500.03
1053.8176,-187500.03,-187500.03,-187500.03,-187500.03,-187500.03,-187500.03,-187500.03,-187500.03,-187500.03,-135774.33,-172605.36,-187500.03,-134801.89,-187500.03,-187500.03,-181785.16
1053.8401,-187500.03,-187500.03,-187500.03,-187500.03,-187500.03,-187500.03,-187500.03,-187500.03,-187500.03,-137834.47,-174754.31,-187500.03,-135470.86,-187500.03,-187500.03,-182512.66
1053.8624,-187500.03,-187500.03,-187500.03,-187500.03,-187500.03,-187500.03,-187500.03,-187500.03,-187500.03,-146752.8,-181770.62,-187500.03,-142455.4,-187500.03,-187500.03,-187500.03
1053.8848,-187500.03,-187500.03,-187500.03,-187500.03,-187500.03,-187500.03,-187500.03,-187500.03,-187500.03,-144923.55,-179741.8,-187500.03,-142118.72,-187500.03,-187500.03,-187500.03
1053.9071,-187500.03,-187500.03,-187500.03,-187500.03,-187500.03,-187500.03,-187500.03,-187500.03,-187500.03,-136483.28,-173104.12,-187500.03,-135498.9,-187500.03,-187500.03,-182725.17
1053.9294,-187500.03,-187500.03,-187500.03,-187500.03,-187500.03,-187500.03,-187500.03,-187500.03,-187500.03,-136719.72,-173791.94,-187500.03,-134727.23,-187500.03,-187500.03,-181561.1
1053.9518,-187500.03,-187500.03,-187500.03,-187500.03,-187500.03,-187500.03,-187500.03,-187500.03,-187500.03,-145528.53,-180881.16,-187500.03,-141389.56,-187500.03,-187500.03,-187500.03
1053.9741,-187500.03,-187500.03,-187500.03,-187500.03,-187500.03,-187500.03,-187500.03,-187500.03,-187500.03,-146258.25,-180867.61,-187500.03,-143002.78,-187500.03,-187500.03,-187500.03
1053.9965,-187500.03,-187500.03,-187500.03,-187500.03,-187500.03,-187500.03,-187500.03,-187500.03,-187500.03,-137466.22,-173827.53,-187500.03,-136385.1,-187500.03,-187500.03,-183893.4
1054.0188,-187500.03,-187500.03,-187500.03,-187500.03,-187500.03,-187500.03,-187500.03,-187500.03,-187500.03,-135901.88,-173050.58,-187500.03,-134232.86,-187500.03,-187500.03,-180932.8
1054.0413,-187500.03,-187500.03,-187500.03,-187500.03,-187500.03,-187500.03,-187500.03,-187500.03,-187500.03,-144049.28,-179759.9,-187500.03,-140163.61,-187500.03,-187500.03,-187500.03
1054.0636,-187500.03,-187500.03,-187500.03,-187500.03,-187500.03,-187500.03,-187500.03,-187500.03,-187500.03,-147256.72,-181743.34,-187500.03,-143591.69,-187500.03,-187500.03,-187500.03
1054.0859,-187500.03,-187500.03,-187500.03,-187500.03,-187500.03,-187500.03,-187500.03,-187500.03,-187500.03,-138683.67,-174751.55,-187500.03,-137415.83,-187500.03,-187500.03,-185225.8
1054.1083,-187500.03,-187500.03,-187500.03,-187500.03,-187500.03,-187500.03,-187500.03,-187500.03,-187500.03,-135407.4,-172563.56,-187500.03,-134005.23,-187500.03,-187500.03,-180659.3
1054.1306,-187500.03,-187500.03,-187500.03,-187500.03,-187500.03,-187500.03,-187500.03,-187500.03,-187500.03,-142461.83,-178523.67,-187500.03,-138904.88,-187500.03,-187500.03,-186825.95
1054.153,-187500.03,-187500.03,-187500.03,-187500.03,-187500.03,-187500.03,-187500.03,-187500.03,-187500.03,-147837.12,-182302.67,-187500.03,-143851.14,-187500.03,-187500.03,-187500.03
1054.1753,-187500.03,-187500.03,-187500.03,-187500.03,-187500.03,-187500.03,-187500.03,-187500.03,-187500.03,-140088.12,-175838.28,-187500.03,-138549.34,-187500.03,-187500.03,-186657.95
1054.1976,-187500.03,-187500.03,-187500.03,-187500.03,-187500.03,-187500.03,-187500.03,-187500.03,-187500.03,-135206.86,-172310.19,-187500.03,-134015.45,-187500.03,-187500.03,-180698.94
1054.22,-187500.03,-187500.03,-187500.03,-187500.03,-187500.03,-187500.03,-187500.03,-187500.03,-187500.03,-140814.94,-177208.19,-187500.03,-137636.77,-187500.03,-187500.03,-185260.36
1054.2423,-187500.03,-187500.03,-187500.03,-187500.03,-187500.03,-187500.03,-187500.03,-187500.03,-187500.03,-147954.89,-182504.14,-187500.03,-143741.14,-187500.03,-187500.03,-187500.03
1054.2648,-187500.03,-187500.03,-187500.03,-187500.03,-187500.03,-187500.03,-187500.03,-187500.03,-187500.03,-141650.94,-177075.22,-187500.03,-139754.94,-187500.03,-187500.03,-187500.03
1054.2871,-187500.03,-187500.03,-187500.03,-187500.03,-187500.03,-187500.03,-187500.03,-187500.03,-187500.03,-135311.47,-172311.62,-187500.03,-134266.61,-187500.03,-187500.03,-181063.53
1054.3094,-187500.03,-187500.03,-187500.03,-187500.03,-187500.03,-187500.03,-187500.03,-187500.03,-187500.03,-139276.72,-175956.88,-187500.03,-136496.38,-187500.03,-187500.03,-183831.34
1054.3318,-187500.03,-187500.03,-187500.03,-187500.03,-187500.03,-187500.03,-187500.03,-187500.03,-187500.03,-147606.5,-182336.64,-187500.03,-143288.16,-187500.03,-187500.03,-187500.03
1054.3541,-187500.03,-187500.03,-187500.03,-187500.03,-187500.03,-187500.03,-187500.03,-187500.03,-187500.03,-143240.36,-178354.11,-187500.03,-140930.42,-187500.03,-187500.03,-187500.03
1054.3765,-187500.03,-187500.03,-187500.03,-187500.03,-187500.03,-187500.03,-187500.03,-187500.03,-187500.03,-135704.12,-172549.36,-187500.03,-134731.98,-187500.03,-187500.03,-181713.31
1054.3988,-187500.03,-187500.03,-187500.03,-187500.03,-187500.03,-187500.03,-187500.03,-187500.03,-187500.03,-137894.75,-174803.97,-187500.03,-135508.3,-187500.03,-187500.03,-182581.67
1054.4211,-187500.03,-187500.03,-187500.03,-187500.03,-187500.03,-187500.03,-187500.03,-187500.03,-187500.03,-146792.23,-181794.27,-187500.03,-142493.97,-187500.03,-187500.03,-187500.03
1054.4435,-187500.03,-187500.03,-187500.03,-187500.03,-187500.03,-187500.03,-187500.03,-187500.03,-187500.03,-144788.67,-179627.4,-187500.03,-142019.39,-187500.03,-187500.03,-187500.03
1054.466,-187500.03,-187500.03,-187500.03,-187500.03,-187500.03,-187500.03,-187500.03,-187500.03,-187500.03,-136393.3,-173032.25,-187500.03,-135415.45,-187500.03,-187500.03,-182639.9
1054.4883,-187500.03,-187500.03,-187500.03,-187500.03,-187500.03,-187500.03,-187500.03,-187500.03,-187500.03,-136751.62,-173819.95,-187500.03,-134736.81,-187500.03,-187500.03,-181600.25
1054.5106,-187500.03,-187500.03,-187500.03,-187500.03,-187500.03,-187500.03,-187500.03,-187500.03,-187500.03,-145593.97,-180928.0,-187500.03,-141439.39,-187500.03,-187500.03,-187500.03
1054.533,-187500.03,-187500.03,-187500.03,-187500.03,-187500.03,-187500.03,-187500.03,-187500.03,-187500.03,-146147.84,-180773.64,-187500.03,-142921.0,-187500.03,-187500.03,-187500.03
1054.5553,-187500.03,-187500.03,-187500.03,-187500.03,-187500.03,-187500.03,-187500.03,-187500.03,-187500.03,-137359.1,-173744.67,-187500.03,-136288.67,-187500.03,-187500.03,-183798.31
1054.5776,-187500.03,-187500.03,-187500.03,-187500.03,-187500.03,-187500.03,-187500.03,-187500.03,-187500.03,-135912.53,-173065.0,-187500.03,-134226.69,-187500.03,-187500.03,-180954.78
1054.6,-187500.03,-187500.03,-187500.03,-187500.03,-187500.03,-187500.03,-187500.03,-187500.03,-187500.03,-144115.44,-179811.45,-187500.03,-140215.53,-187500.03,-187500.03,-187500.03
1054.6223,-187500.03,-187500.03,-187500.03,-187500.03,-187500.03,-187500.03,-187500.03,-187500.03,-187500.03,-147173.66,-181674.6,-187500.03,-143536.39,-187500.03,-187500.03,-187500.03
1054.6447,-187500.03,-187500.03,-187500.03,-187500.03,-187500.03,-187500.03,-187500.03,-187500.03,-187500.03,-138572.77,-174668.31,-187500.03,-137322.1,-187500.03,-187500.03,-185134.23
1054.667,-187500.03,-187500.03,-187500.03,-187500.03,-187500.03,-187500.03,-187500.03,-187500.03,-187500.03,-135379.4,-172549.27,-187500.03,-133970.0,-187500.03,-187500.03,-180640.02
1054.6895,-187500.03,-187500.03,-187500.03,-187500.03,-187500.03,-187500.03,-187500.03,-187500.03,-187500.03,-142482.25,-178544.48,-187500.03,-138912.14,-187500.03,-187500.03,-186863.31
1054.7118,-187500.03,-187500.03,-187500.03,-187500.03,-187500.03,-187500.03,-187500.03,-187500.03,-187500.03,-147794.84,-182270.81,-187500.03,-143814.98,-187500.03,-187500.03,-187500.03
1054.7341,-187500.03,-187500.03,-187500.03,-187500.03,-187500.03,-187500.03,-187500.03,-187500.03,-187500.03,-140005.6,-175780.48,-187500.03,-138476.56,-187500.03,-187500.03,-186593.58
1054.7565,-187500.03,-187500.03,-187500.03,-187500.03,-187500.03,-187500.03,-187500.03,-187500.03,-187500.03,-135169.22,-172291.72,-187500.03,-133972.4,-187500.03,-187500.03,-180668.77
1054.7788,-187500.03,-187500.03,-187500.03,-187500.03,-187500.03,-187500.03,-187500.03,-187500.03,-187500.03,-140829.52,-177233.05,-187500.03,-137638.72,-187500.03,-187500.03,-185285.88
1054.8011,-187500.03,-187500.03,-187500.03,-187500.03,-187500.03,-187500.03,-187500.03,-187500.03,-187500.03,-147939.11,-182499.56,-187500.03,-143722.98,-187500.03,-187500.03,-187500.03
1054.8235,-187500.03,-187500.03,-187500.03,-187500.03,-187500.03,-187500.03,-187500.03,-187500.03,-187500.03,-141582.69,-177028.97,-187500.03,-139692.95,-187500.03,-187500.03,-187500.03
1054.8458,-187500.03,-187500.03,-187500.03,-187500.03,-187500.03,-187500.03,-187500.03,-187500.03,-187500.03,-135270.75,-172288.64,-187500.03,-134222.58,-187500.03,-187500.03,-181025.22
1054.8682,-187500.03,-187500.03,-187500.03,-187500.03,-187500.03,-187500.03,-187500.03,-187500.03,-187500.03,-139253.06,-175947.14,-187500.03,-136467.05,-187500.03,-187500.03,-183811.73
1054.8906,-187500.03,-187500.03,-187500.03,-187500.03,-187500.03,-187500.03,-187500.03,-187500.03,-187500.03,-147585.69,-182330.05,-187500.03,-143260.84,-187500.03,-187500.03,-187500.03
1054.913,-187500.03,-187500.03,-187500.03,-187500.03,-187500.03,-187500.03,-187500.03,-187500.03,-187500.03,-143211.45,-178341.5,-187500.03,-140897.28,-187500.03,-187500.03,-187500.03
1054.9353,-187500.03,-187500.03,-187500.03,-187500.03,-187500.03,-187500.03,-187500.03,-187500.03,-187500.03,-135678.11,-172536.89,-187500.03,-134701.03,-187500.03,-187500.03,-181688.64
1054.9576,-187500.03,-187500.03,-187500.03,-187500.03,-187500.03,-187500.03,-187500.03,-187500.03,-187500.03,-137880.89,-174800.58,-187500.03,-135487.72,-187500.03,-187500.03,-182571.52
1054.98,-187500.03,-187500.03,-187500.03,-187500.03,-187500.03,-187500.03,-187500.03,-187500.03,-187500.03,-146791.03,-181799.72,-187500.03,-142486.05,-187500.03,-187500.03,-187500.03
1055.0023,-187500.03,-187500.03,-187500.03,-187500.03,-187500.03,-187500.03,-187500.03,-187500.03,-187500.03,-144769.12,-179617.17,-187500.03,-142001.19,-187500.03,-187500.03,-187500.03
1055.0247,-187500.03,-187500.03,-187500.03,-187500.03,-187500.03,-187500.03,-187500.03,-187500.03,-187500.03,-136377.06,-173026.34,-187500.03,-135400.45,-187500.03,-187500.03,-182631.83
1055.047,-187500.03,-187500.03,-187500.03,-187500.03,-187500.03,-187500.03,-187500.03,-187500.03,-187500.03,-136752.25,-173827.02,-187500.03,-134734.69,-187500.03,-187500.03,-181612.22
1055.0693,-187500.03,-187500.03,-187500.03,-187500.03,-187500.03,-187500.03,-187500.03,-187500.03,-187500.03,-145602.55,-180940.83,-187500.03,-141446.36,-187500.03,-187500.03,-187500.03
1055.0918,-187500.03,-187500.03,-187500.03,-187500.03,-187500.03,-187500.03,-187500.03,-187500.03,-187500.03,-146114.6,-180752.0,-187500.03,-142894.53,-187500.03,-187500.03,-187500.03
1055.1141,-187500.03,-187500.03,-187500.03,-187500.03,-187500.03,-187500.03,-187500.03,-187500.03,-187500.03,-137329.92,-173729.72,-187500.03,-136261.73,-187500.03,-187500.03,-183778.88
1055.1365,-187500.03,-187500.03,-187500.03,-187500.03,-187500.03,-187500.03,-187500.03,-187500.03,-187500.03,-135943.47,-173099.78,-187500.03,-134246.22,-187500.03,-187500.03,-180996.22
1055.1588,-187500.03,-187500.03,-187500.03,-187500.03,-187500.03,-187500.03,-187500.03,-187500.03,-187500.03,-144191.25,-179878.72,-187500.03,-140276.67,-187500.03,-187500.03,-187500.03
1055.1812,-187500.03,-187500.03,-187500.03,-187500.03,-187500.03,-187500.03,-187500.03,-187500.03,-187500.03,-147147.48,-181658.05,-187500.03,-143522.22,-187500.03,-187500.03,-187500.03
1055.2035,-187500.03,-187500.03,-187500.03,-187500.03,-187500.03,-187500.03,-187500.03,-187500.03,-187500.03,-138518.72,-174635.9,-187500.03,-137274.22,-187500.03,-187500.03,-185092.14
1055.2258,-187500.03,-187500.03,-187500.03,-187500.03,-187500.03,-187500.03,-187500.03,-187500.03,-187500.03,-135424.75,-172601.22,-187500.03,-133996.03,-187500.03,-187500.03,-180693.81
1055.2482,-187500.03,-187500.03,-187500.03,-187500.03,-187500.03,-187500.03,-187500.03,-187500.03,-187500.03,-142603.22,-178651.73,-187500.03,-139007.72,-187500.03,-187500.03,-186999.44
1055.2705,-187500.03,-187500.03,-187500.03,-187500.03,-187500.03,-187500.03,-187500.03,-187500.03,-187500.03,-147786.5,-182271.64,-187500.03,-143821.47,-187500.03,-187500.03,-187500.03
1055.2928,-187500.03,-187500.03,-187500.03,-187500.03,-187500.03,-187500.03,-187500.03,-187500.03,-187500.03,-139931.58,-175738.83,-187500.03,-138419.28,-187500.03,-187500.03,-186536.05
1055.3153,-187500.03,-187500.03,-187500.03,-187500.03,-187500.03,-187500.03,-187500.03,-187500.03,-187500.03,-135208.6,-172347.73,-187500.03,-133996.55,-187500.03,-187500.03,-180711.14
1055.3376,-187500.03,-187500.03,-187500.03,-187500.03,-187500.03,-187500.03,-187500.03,-187500.03,-187500.03,-140985.78,-177375.64,-187500.03,-137763.67,-187500.03,-187500.03,-185452.47
1055.36,-187500.03,-187500.03,-187500.03,-187500.03,-187500.03,-187500.03,-187500.03,-187500.03,-187500.03,-147969.6,-182534.72,-187500.03,-143767.86,-187500.03,-187500.03,-187500.03
1055.3823,-187500.03,-187500.03,-187500.03,-187500.03,-187500.03,-187500.03,-187500.03,-187500.03,-187500.03,-141477.7,-176969.16,-187500.03,-139619.53,-187500.03,-187500.03,-187500.03
1055.4047,-187500.03,-187500.03,-187500.03,-187500.03,-187500.03,-187500.03,-187500.03,-187500.03,-187500.03,-135289.2,-172335.14,-187500.03,-134229.55,-187500.03,-187500.03,-181037.94
1055.427,-187500.03,-187500.03,-187500.03,-187500.03,-187500.03,-187500.03,-187500.03,-187500.03,-187500.03,-139422.98,-176109.77,-187500.03,-136600.61,-187500.03,-187500.03,-183987.52
1055.4493,-187500.03,-187500.03,-187500.03,-187500.03,-187500.03,-187500.03,-187500.03,-187500.03,-187500.03,-147664.98,-182408.97,-187500.03,-143346.31,-187500.03,-187500.03,-187500.03
1055.4717,-187500.03,-187500.03,-187500.03,-187500.03,-187500.03,-187500.03,-187500.03,-187500.03,-187500.03,-143103.3,-178280.31,-187500.03,-140829.73,-187500.03,-187500.03,-187500.03
1055.494,-187500.03,-187500.03,-187500.03,-187500.03,-187500.03,-187500.03,-187500.03,-187500.03,-187500.03,-135671.55,-172567.05,-187500.03,-134694.2,-187500.03,-187500.03,-181676.25
1055.5165,-187500.03,-187500.03,-187500.03,-187500.03,-187500.03,-187500.03,-187500.03,-187500.03,-187500.03,-138033.55,-174955.17,-187500.03,-135609.33,-187500.03,-187500.03,-182725.78
1055.5388,-187500.03,-187500.03,-187500.03,-187500.03,-187500.03,-187500.03,-187500.03,-187500.03,-187500.03,-146906.16,-181909.38,-187500.03,-142596.62,-187500.03,-187500.03,-187500.03
1055.5612,-187500.03,-187500.03,-187500.03,-187500.03,-187500.03,-187500.03,-187500.03,-187500.03,-187500.03,-144668.38,-179560.27,-187500.03,-141939.6,-187500.03,-187500.03,-187500.03
1055.5835,-187500.03,-187500.03,-187500.03,-187500.03,-187500.03,-187500.03,-187500.03,-187500.03,-187500.03,-136338.39,-173028.34,-187500.03,-135363.5,-187500.03,-187500.03,-182581.27
1055.6058,-187500.03,-187500.03,-187500.03,-187500.03,-187500.03,-187500.03,-187500.03,-187500.03,-187500.03,-136874.3,-173958.81,-187500.03,-134823.56,-187500.03,-187500.03,-181723.58
1055.6282,-187500.03,-187500.03,-187500.03,-187500.03,-187500.03,-187500.03,-187500.03,-187500.03,-187500.03,-145746.81,-181077.22,-187500.03,-141571.98,-187500.03,-187500.03,-187500.03
1055.6505,-187500.03,-187500.03,-187500.03,-187500.03,-187500.03,-187500.03,-187500.03,-187500.03,-187500.03,-146055.94,-180729.06,-187500.03,-142870.14,-187500.03,-187500.03,-187500.03
1055.6729,-187500.03,-187500.03,-187500.03,-187500.03,-187500.03,-187500.03,-187500.03,-187500.03,-187500.03,-137280.2,-173721.66,-187500.03,-136224.17,-187500.03,-187500.03,-183715.89
1055.6952,-187500.03,-187500.03,-187500.03,-187500.03,-187500.03,-187500.03,-187500.03,-187500.03,-187500.03,-136005.7,-173180.97,-187500.03,-134291.5,-187500.03,-187500.03,-181040.17
1055.7175,-187500.03,-187500.03,-187500.03,-187500.03,-187500.03,-187500.03,-187500.03,-187500.03,-187500.03,-144289.78,-179979.05,-187500.03,-140359.7,-187500.03,-187500.03,-187500.03
1055.74,-187500.03,-187500.03,-187500.03,-187500.03,-187500.03,-187500.03,-187500.03,-187500.03,-187500.03,-147126.4,-181661.8,-187500.03,-143518.9,-187500.03,-187500.03,-187500.03
1055.7623,-187500.03,-187500.03,-187500.03,-187500.03,-187500.03,-187500.03,-187500.03,-187500.03,-187500.03,-138480.33,-174631.7,-187500.03,-137247.7,-187500.03,-187500.03,-185042.97
1055.7847,-187500.03,-187500.03,-187500.03,-187500.03,-187500.03,-187500.03,-187500.03,-187500.03,-187500.03,-135448.12,-172647.62,-187500.03,-134013.8,-187500.03,-187500.03,-180700.38
1055.807,-187500.03,-187500.03,-187500.03,-187500.03,-187500.03,-187500.03,-187500.03,-187500.03,-187500.03,-142673.75,-178729.97,-187500.03,-139066.19,-187500.03,-187500.03,-187058.45
1055.8293,-187500.03,-187500.03,-187500.03,-187500.03,-187500.03,-187500.03,-187500.03,-187500.03,-187500.03,-147789.17,-182289.53,-187500.03,-143832.55,-187500.03,-187500.03,-187500.03
1055.8517,-187500.03,-187500.03,-187500.03,-187500.03,-187500.03,-187500.03,-187500.03,-187500.03,-187500.03,-139898.3,-175730.86,-187500.03,-138397.52,-187500.03,-187500.03,-186498.83
1055.874,-187500.03,-187500.03,-187500.03,-187500.03,-187500.03,-187500.03,-187500.03,-187500.03,-187500.03,-135209.14,-172366.66,-187500.03,-133998.2,-187500.03,-187500.03,-180703.38
1055.8964,-187500.03,-187500.03,-187500.03,-187500.03,-187500.03,-187500.03,-187500.03,-187500.03,-187500.03,-141016.5,-177415.06,-187500.03,-137789.66,-187500.03,-187500.03,-185479.89
1055.9187,-187500.03,-187500.03,-187500.03,-187500.03,-187500.03,-187500.03,-187500.03,-187500.03,-187500.03,-147976.36,-182551.62,-187500.03,-143776.19,-187500.03,-187500.03,-187500.03
1055.9412,-187500.03,-187500.03,-187500.03,-187500.03,-187500.03,-187500.03,-187500.03,-187500.03,-187500.03,-141466.27,-176972.89,-187500.03,-139612.25,-187500.03,-187500.03,-187500.03
1055.9635,-187500.03,-187500.03,-187500.03,-187500.03,-187500.03,-187500.03,-187500.03,-187500.03,-187500.03,-135287.23,-172347.36,-187500.03,-134229.9,-187500.03,-187500.03,-181040.92
1055.9858,-187500.03,-187500.03,-187500.03,-187500.03,-187500.03,-187500.03,-187500.03,-187500.03,-187500.03,-139439.3,-176136.6,-187500.03,-136616.12,-187500.03,-187500.03,-184011.39
1056.0082,-187500.03,-187500.03,-187500.03,-187500.03,-187500.03,-187500.03,-187500.03,-187500.03,-187500.03,-147675.0,-182426.28,-187500.03,-143356.06,-187500.03,-187500.03,-187500.03
1056.0305,-187500.03,-187500.03,-187500.03,-187500.03,-187500.03,-187500.03,-187500.03,-187500.03,-187500.03,-143093.11,-178281.52,-187500.03,-140823.66,-187500.03,-187500.03,-187500.03
1056.0529,-187500.03,-187500.03,-187500.03,-187500.03,-187500.03,-187500.03,-187500.03,-187500.03,-187500.03,-135662.56,-172570.25,-187500.03,-134690.31,-187500.03,-187500.03,-181682.52
1056.0752,-187500.03,-187500.03,-187500.03,-187500.03,-187500.03,-187500.03,-187500.03,-187500.03,-187500.03,-138030.1,-174962.9,-187500.03,-135608.02,-187500.03,-187500.03,-182740.4
1056.0975,-187500.03,-187500.03,-187500.03,-187500.03,-187500.03,-187500.03,-187500.03,-187500.03,-187500.03,-146902.25,-181915.62,-187500.03,-142592.98,-187500.03,-187500.03,-187500.03
1056.1199,-187500.03,-187500.03,-187500.03,-187500.03,-187500.03,-187500.03,-187500.03,-187500.03,-187500.03,-144659.88,-179563.44,-187500.03,-141932.16,-187500.03,-187500.03,-187500.03
1056.1422,-187500.03,-187500.03,-187500.03,-187500.03,-187500.03,-187500.03,-187500.03,-187500.03,-187500.03,-136329.98,-173032.17,-187500.03,-135356.7,-187500.03,-187500.03,-182596.9
1056.1647,-187500.03,-187500.03,-187500.03,-187500.03,-187500.03,-187500.03,-187500.03,-187500.03,-187500.03,-136877.83,-173972.6,-187500.03,-134827.36,-187500.03,-187500.03,-181753.31
1056.187,-187500.03,-187500.03,-187500.03,-187500.03,-187500.03,-187500.03,-187500.03,-187500.03,-187500.03,-145755.97,-181090.84,-187500.03,-141579.06,-187500.03,-187500.03,-187500.03
1056.2094,-187500.03,-187500.03,-187500.03,-187500.03,-187500.03,-187500.03,-187500.03,-187500.03,-187500.03,-146028.8,-180712.25,-187500.03,-142848.23,-187500.03,-187500.03,-187500.03
1056.2317,-187500.03,-187500.03,-187500.03,-187500.03,-187500.03,-187500.03,-187500.03,-187500.03,-187500.03,-137259.42,-173714.25,-187500.03,-136205.19,-187500.03,-187500.03,-183720.44
1056.254,-187500.03,-187500.03,-187500.03,-187500.03,-187500.03,-187500.03,-187500.03,-187500.03,-187500.03,-136019.25,-173202.61,-187500.03,-134299.7,-187500.03,-187500.03,-181082.27
1056.2764,-187500.03,-187500.03,-187500.03,-187500.03,-187500.03,-187500.03,-187500.03,-187500.03,-187500.03,-144332.75,-180019.08,-187500.03,-140392.78,-187500.03,-187500.03,-187500.03
1056.2987,-187500.03,-187500.03,-187500.03,-187500.03,-187500.03,-187500.03,-187500.03,-187500.03,-187500.03,-147101.89,-181644.4,-187500.03,-143501.1,-187500.03,-187500.03,-187500.03
1056.321,-187500.03,-187500.03,-187500.03,-187500.03,-187500.03,-187500.03,-187500.03,-187500.03,-187500.03,-138439.78,-174606.84,-187500.03,-137211.58,-187500.03,-187500.03,-185028.2
1056.3434,-187500.03,-187500.03,-187500.03,-187500.03,-187500.03,-187500.03,-187500.03,-187500.03,-187500.03,-135467.88,-172672.6,-187500.03,-134024.36,-187500.03,-187500.03,-180742.52
1056.3658,-187500.03,-187500.03,-187500.03,-187500.03,-187500.03,-187500.03,-187500.03,-187500.03,-187500.03,-142752.66,-178795.42,-187500.03,-139128.8,-187500.03,-187500.03,-187158.67
1056.3882,-187500.03,-187500.03,-187500.03,-187500.03,-187500.03,-187500.03,-187500.03,-187500.03,-187500.03,-147770.72,-182271.83,-187500.03,-143824.78,-187500.03,-187500.03,-187500.03
1056.4105,-187500.03,-187500.03,-187500.03,-187500.03,-187500.03,-187500.03,-187500.03,-187500.03,-187500.03,-139828.03,-175679.36,-187500.03,-138338.33,-187500.03,-187500.03,-186454.2
1056.4329,-187500.03,-187500.03,-187500.03,-187500.03,-187500.03,-187500.03,-187500.03,-187500.03,-187500.03,-135219.86,-172384.0,-187500.03,-133995.0,-187500.03,-187500.03,-180729.83
1056.4552,-187500.03,-187500.03,-187500.03,-187500.03,-187500.03,-187500.03,-187500.03,-187500.03,-187500.03,-141100.33,-177484.8,-187500.03,-137848.44,-187500.03,-187500.03,-185581.89
1056.4775,-187500.03,-187500.03,-187500.03,-187500.03,-187500.03,-187500.03,-187500.03,-187500.03,-187500.03,-147985.14,-182552.08,-187500.03,-143787.05,-187500.03,-187500.03,-187500.03
1056.4999,-187500.03,-187500.03,-187500.03,-187500.03,-187500.03,-187500.03,-187500.03,-187500.03,-187500.03,-141390.0,-176910.45,-187500.03,-139549.92,-187500.03,-187500.03,-187500.03
1056.5222,-187500.03,-187500.03,-187500.03,-187500.03,-187500.03,-187500.03,-187500.03,-187500.03,-187500.03,-135279.47,-172344.31,-187500.03,-134212.56,-187500.03,-187500.03,-181043.28
1056.5446,-187500.03,-187500.03,-187500.03,-187500.03,-187500.03,-187500.03,-187500.03,-187500.03,-187500.03,-139520.3,-176200.7,-187500.03,-136670.7,-187500.03,-187500.03,-184106.0
1056.5669,-187500.03,-187500.03,-187500.03,-187500.03,-187500.03,-187500.03,-187500.03,-187500.03,-187500.03,-147707.73,-182441.47,-187500.03,-143383.83,-187500.03,-187500.03,-187500.03
1056.5894,-187500.03,-187500.03,-187500.03,-187500.03,-187500.03,-187500.03,-187500.03,-187500.03,-187500.03,-143006.0,-178206.38,-187500.03,-140753.11,-187500.03,-187500.03,-187500.03
1056.6117,-187500.03,-187500.03,-187500.03,-187500.03,-187500.03,-187500.03,-187500.03,-187500.03,-187500.03,-135638.75,-172551.9,-187500.03,-134655.16,-187500.03,-187500.03,-181659.44
1056.634,-187500.03,-187500.03,-187500.03,-187500.03,-187500.03,-187500.03,-187500.03,-187500.03,-187500.03,-138107.31,-175023.9,-187500.03,-135656.03,-187500.03,-187500.03,-182821.67
1056.6564,-187500.03,-187500.03,-187500.03,-187500.03,-187500.03,-187500.03,-187500.03,-187500.03,-187500.03,-146967.92,-181956.7,-187500.03,-142645.47,-187500.03,-187500.03,-187500.03
1056.6787,-187500.03,-187500.03,-187500.03,-187500.03,-187500.03,-187500.03,-187500.03,-187500.03,-187500.03,-144583.1,-179493.6,-187500.03,-141873.55,-187500.03,-187500.03,-187500.03
1056.701,-187500.03,-187500.03,-187500.03,-187500.03,-187500.03,-187500.03,-187500.03,-187500.03,-187500.03,-136296.02,-173005.19,-187500.03,-135317.62,-187500.03,-187500.03,-182556.1
1056.7234,-187500.03,-187500.03,-187500.03,-187500.03,-187500.03,-187500.03,-187500.03,-187500.03,-187500.03,-136944.47,-174025.81,-187500.03,-134868.06,-187500.03,-187500.03,-181814.16
1056.7457,-187500.03,-187500.03,-187500.03,-187500.03,-187500.03,-187500.03,-187500.03,-187500.03,-187500.03,-145845.4,-181151.48,-187500.03,-141648.92,-187500.03,-187500.03,-187500.03
1056.7681,-187500.03,-187500.03,-187500.03,-187500.03,-187500.03,-187500.03,-187500.03,-187500.03,-187500.03,-145976.84,-180659.47,-187500.03,-142809.75,-187500.03,-187500.03,-187500.03
1056.7905,-187500.03,-187500.03,-187500.03,-187500.03,-187500.03,-187500.03,-187500.03,-187500.03,-187500.03,-137213.56,-173675.22,-187500.03,-136157.2,-187500.03,-187500.03,-183665.98
1056.8129,-187500.03,-187500.03,-187500.03,-187500.03,-187500.03,-187500.03,-187500.03,-187500.03,-187500.03,-136073.89,-173247.8,-187500.03,-134330.44,-187500.03,-187500.03,-181124.83
1056.8352,-187500.03,-187500.03,-187500.03,-187500.03,-187500.03,-187500.03,-187500.03,-187500.03,-187500.03,-144429.58,-180089.38,-187500.03,-140467.69,-187500.03,-187500.03,-187500.03
1056.8575,-187500.03,-187500.03,-187500.03,-187500.03,-187500.03,-187500.03,-187500.03,-187500.03,-187500.03,-147069.98,-181609.19,-187500.03,-143482.58,-187500.03,-187500.03,-187500.03
1056.8799,-187500.03,-187500.03,-187500.03,-187500.03,-187500.03,-187500.03,-187500.03,-187500.03,-187500.03,-138385.0,-174561.38,-187500.03,-137161.84,-187500.03,-187500.03,-184961.3
1056.9022,-187500.03,-187500.03,-187500.03,-187500.03,-187500.03,-187500.03,-187500.03,-187500.03,-187500.03,-135503.92,-172702.73,-187500.03,-134041.53,-187500.03,-187500.03,-180762.16
1056.9246,-187500.03,-187500.03,-187500.03,-187500.03,-187500.03,-187500.03,-187500.03,-187500.03,-187500.03,-142843.58,-178862.22,-187500.03,-139196.69,-187500.03,-187500.03,-187235.78
1056.9469,-187500.03,-187500.03,-187500.03,-187500.03,-187500.03,-187500.03,-187500.03,-187500.03,-187500.03,-147767.0,-182258.23,-187500.03,-143827.72,-187500.03,-187500.03,-187500.03
1056.9692,-187500.03,-187500.03,-187500.03,-187500.03,-187500.03,-187500.03,-187500.03,-187500.03,-187500.03,-139768.92,-175628.58,-187500.03,-138287.86,-187500.03,-187500.03,-186389.9
1056.9916,-187500.03,-187500.03,-187500.03,-187500.03,-187500.03,-187500.03,-187500.03,-187500.03,-187500.03,-135245.61,-172406.3,-187500.03,-134006.88,-187500.03,-187500.03,-180742.97
1057.014,-187500.03,-187500.03,-187500.03,-187500.03,-187500.03,-187500.03,-187500.03,-187500.03,-187500.03,-141208.02,-177567.16,-187500.03,-137932.2,-187500.03,-187500.03,-185682.03
1057.0364,-187500.03,-187500.03,-187500.03,-187500.03,-187500.03,-187500.03,-187500.03,-187500.03,-187500.03,-148003.89,-182554.22,-187500.03,-143812.17,-187500.03,-187500.03,-187500.03
1057.0587,-187500.03,-187500.03,-187500.03,-187500.03,-187500.03,-187500.03,-187500.03,-187500.03,-187500.03,-141309.1,-176840.98,-187500.03,-139489.39,-187500.03,-187500.03,-187500.03
1057.081,-187500.03,-187500.03,-187500.03,-187500.03,-187500.03,-187500.03,-187500.03,-187500.03,-187500.03,-135279.84,-172344.17,-187500.03,-134201.88,-187500.03,-187500.03,-181027.52
1057.1034,-187500.03,-187500.03,-187500.03,-187500.03,-187500.03,-187500.03,-187500.03,-187500.03,-187500.03,-139616.5,-176271.5,-187500.03,-136738.61,-187500.03,-187500.03,-184193.42
1057.1257,-187500.03,-187500.03,-187500.03,-187500.03,-187500.03,-187500.03,-187500.03,-187500.03,-187500.03,-147745.69,-182454.89,-187500.03,-143416.72,-187500.03,-187500.03,-187500.03
1057.1481,-187500.03,-187500.03,-187500.03,-187500.03,-187500.03,-187500.03,-187500.03,-187500.03,-187500.03,-142924.75,-178129.53,-187500.03,-140687.12,-187500.03,-187500.03,-187500.03
1057.1704,-187500.03,-187500.03,-187500.03,-187500.03,-187500.03,-187500.03,-187500.03,-187500.03,-187500.03,-135615.58,-172529.77,-187500.03,-134623.3,-187500.03,-187500.03,-181623.67
1057.1927,-187500.03,-187500.03,-187500.03,-187500.03,-187500.03,-187500.03,-187500.03,-187500.03,-187500.03,-138180.22,-175078.14,-187500.03,-135701.55,-187500.03,-187500.03,-182887.81
1057.2152,-187500.03,-187500.03,-187500.03,-187500.03,-187500.03,-187500.03,-187500.03,-187500.03,-187500.03,-147023.81,-181987.7,-187500.03,-142689.0,-187500.03,-187500.03,-187500.03
1057.2375,-187500.03,-187500.03,-187500.03,-187500.03,-187500.03,-187500.03,-187500.03,-187500.03,-187500.03,-144505.73,-179420.83,-187500.03,-141811.81,-187500.03,-187500.03,-187500.03
1057.2599,-187500.03,-187500.03,-187500.03,-187500.03,-187500.03,-187500.03,-187500.03,-187500.03,-187500.03,-136242.9,-172959.56,-187500.03,-135262.73,-187500.03,-187500.03,-182494.53
1057.2822,-187500.03,-187500.03,-187500.03,-187500.03,-187500.03,-187500.03,-187500.03,-187500.03,-187500.03,-136978.14,-174050.69,-187500.03,-134881.4,-187500.03,-187500.03,-181842.05
1057.3046,-187500.03,-187500.03,-187500.03,-187500.03,-187500.03,-187500.03,-187500.03,-187500.03,-187500.03,-145879.17,-181167.58,-187500.03,-141668.95,-187500.03,-187500.03,-187500.03
1057.3269,-187500.03,-187500.03,-187500.03,-187500.03,-187500.03,-187500.03,-187500.03,-187500.03,-187500.03,-145899.6,-180588.44,-187500.03,-142745.58,-187500.03,-187500.03,-187500.03
1057.3492,-187500.03,-187500.03,-187500.03,-187500.03,-187500.03,-187500.03,-187500.03,-187500.03,-187500.03,-137141.97,-173614.42,-187500.03,-136088.14,-187500.03,-187500.03,-183595.58
1057.3716,-187500.03,-187500.03,-187500.03,-187500.03,-187500.03,-187500.03,-187500.03,-187500.03,-187500.03,-136071.1,-173241.0,-187500.03,-134310.78,-187500.03,-187500.03,-181121.53
1057.3939,-187500.03,-187500.03,-187500.03,-187500.03,-187500.03,-187500.03,-187500.03,-187500.03,-187500.03,-144458.45,-180099.55,-187500.03,-140477.27,-187500.03,-187500.03,-187500.03
1057.4163,-187500.03,-187500.03,-187500.03,-187500.03,-187500.03,-187500.03,-187500.03,-187500.03,-187500.03,-146996.3,-181536.14,-187500.03,-143416.6,-187500.03,-187500.03,-187500.03
1057.4387,-187500.03,-187500.03,-187500.03,-187500.03,-187500.03,-187500.03,-187500.03,-187500.03,-187500.03,-138292.56,-174478.9,-187500.03,-137071.77,-187500.03,-187500.03,-184877.4
1057.461,-187500.03,-187500.03,-187500.03,-187500.03,-187500.03,-187500.03,-187500.03,-187500.03,-187500.03,-135482.77,-172680.75,-187500.03,-134003.3,-187500.03,-187500.03,-180743.19
1057.4834,-187500.03,-187500.03,-187500.03,-187500.03,-187500.03,-187500.03,-187500.03,-187500.03,-187500.03,-142870.72,-178874.19,-187500.03,-139200.67,-187500.03,-187500.03,-187277.25
1057.5057,-187500.03,-187500.03,-187500.03,-187500.03,-187500.03,-187500.03,-187500.03,-187500.03,-187500.03,-147700.66,-182192.75,-187500.03,-143763.72,-187500.03,-187500.03,-187500.03
1057.5281,-187500.03,-187500.03,-187500.03,-187500.03,-187500.03,-187500.03,-187500.03,-187500.03,-187500.03,-139662.69,-175536.03,-187500.03,-138185.45,-187500.03,-187500.03,-186293.6
1057.5504,-187500.03,-187500.03,-187500.03,-187500.03,-187500.03,-187500.03,-187500.03,-187500.03,-187500.03,-135201.89,-172365.53,-187500.03,-133947.78,-187500.03,-187500.03,-180693.98
1057.5728,-187500.03,-187500.03,-187500.03,-187500.03,-187500.03,-187500.03,-187500.03,-187500.03,-187500.03,-141231.36,-177575.92,-187500.03,-137928.62,-187500.03,-187500.03,-185710.75
1057.5951,-187500.03,-187500.03,-187500.03,-187500.03,-187500.03,-187500.03,-187500.03,-187500.03,-187500.03,-147952.06,-182497.9,-187500.03,-143755.3,-187500.03,-187500.03,-187500.03
1057.6174,-187500.03,-187500.03,-187500.03,-187500.03,-187500.03,-187500.03,-187500.03,-187500.03,-187500.03,-141198.5,-176739.55,-187500.03,-139378.27,-187500.03,-187500.03,-187500.03
1057.6399,-187500.03,-187500.03,-187500.03,-187500.03,-187500.03,-187500.03,-187500.03,-187500.03,-187500.03,-135232.17,-172297.36,-187500.03,-134136.34,-187500.03,-187500.03,-180971.14
1057.6622,-187500.03,-187500.03,-187500.03,-187500.03,-187500.03,-187500.03,-187500.03,-187500.03,-187500.03,-139645.4,-176287.11,-187500.03,-136737.72,-187500.03,-187500.03,-184221.2
1057.6846,-187500.03,-187500.03,-187500.03,-187500.03,-187500.03,-187500.03,-187500.03,-187500.03,-187500.03,-147727.98,-182430.48,-187500.03,-143390.52,-187500.03,-187500.03,-187500.03
1057.7069,-187500.03,-187500.03,-187500.03,-187500.03,-187500.03,-187500.03,-187500.03,-187500.03,-187500.03,-142829.6,-178046.38,-187500.03,-140597.73,-187500.03,-187500.03,-187500.03
1057.7292,-187500.03,-187500.03,-187500.03,-187500.03,-187500.03,-187500.03,-187500.03,-187500.03,-187500.03,-135569.8,-172486.9,-187500.03,-134564.78,-187500.03,-187500.03,-181566.17
1057.7516,-187500.03,-187500.03,-187500.03,-187500.03,-187500.03,-187500.03,-187500.03,-187500.03,-187500.03,-138213.61,-175097.62,-187500.03,-135706.64,-187500.03,-187500.03,-182914.55
1057.7739,-187500.03,-187500.03,-187500.03,-187500.03,-187500.03,-187500.03,-187500.03,-187500.03,-187500.03,-147037.8,-181986.08,-187500.03,-142686.36,-187500.03,-187500.03,-187500.03
1057.7963,-187500.03,-187500.03,-187500.03,-187500.03,-187500.03,-187500.03,-187500.03,-187500.03,-187500.03,-144422.23,-179344.19,-187500.03,-141732.34,-187500.03,-187500.03,-187500.03
1057.8186,-187500.03,-187500.03,-187500.03,-187500.03,-187500.03,-187500.03,-187500.03,-187500.03,-187500.03,-136198.95,-172918.31,-187500.03,-135205.56,-187500.03,-187500.03,-182442.03
1057.841,-187500.03,-187500.03,-187500.03,-187500.03,-187500.03,-187500.03,-187500.03,-187500.03,-187500.03,-137029.1,-174089.77,-187500.03,-134900.06,-187500.03,-187500.03,-181890.1
1057.8634,-187500.03,-187500.03,-187500.03,-187500.03,-187500.03,-187500.03,-187500.03,-187500.03,-187500.03,-145951.55,-181218.97,-187500.03,-141716.23,-187500.03,-187500.03,-187500.03
1057.8857,-187500.03,-187500.03,-187500.03,-187500.03,-187500.03,-187500.03,-187500.03,-187500.03,-187500.03,-145837.78,-180533.08,-187500.03,-142692.22,-187500.03,-187500.03,-187500.03
1057.9081,-187500.03,-187500.03,-187500.03,-187500.03,-187500.03,-187500.03,-187500.03,-187500.03,-187500.03,-137095.0,-173576.66,-187500.03,-136033.52,-187500.03,-187500.03,-183545.52
1057.9304,-187500.03,-187500.03,-187500.03,-187500.03,-187500.03,-187500.03,-187500.03,-187500.03,-187500.03,-136126.75,-173290.31,-187500.03,-134334.69,-187500.03,-187500.03,-181175.34
1057.9528,-187500.03,-187500.03,-187500.03,-187500.03,-187500.03,-187500.03,-187500.03,-187500.03,-187500.03,-144566.94,-180186.4,-187500.03,-140552.5,-187500.03,-187500.03,-187500.03
1057.9751,-187500.03,-187500.03,-187500.03,-187500.03,-187500.03,-187500.03,-187500.03,-187500.03,-187500.03,-146967.97,-181512.8,-187500.03,-143393.2,-187500.03,-187500.03,-187500.03
1057.9974,-187500.03,-187500.03,-187500.03,-187500.03,-187500.03,-187500.03,-187500.03,-187500.03,-187500.03,-138247.64,-174450.23,-187500.03,-137025.61,-187500.03,-187500.03,-184839.64
1058.0198,-187500.03,-187500.03,-187500.03,-187500.03,-187500.03,-187500.03,-187500.03,-187500.03,-187500.03,-135526.72,-172726.73,-187500.03,-134023.6,-187500.03,-187500.03,-180789.2
1058.0421,-187500.03,-187500.03,-187500.03,-187500.03,-187500.03,-187500.03,-187500.03,-187500.03,-187500.03,-142984.89,-178970.97,-187500.03,-139283.11,-187500.03,-187500.03,-187393.92
1058.0646,-187500.03,-187500.03,-187500.03,-187500.03,-187500.03,-187500.03,-187500.03,-187500.03,-187500.03,-147725.52,-182213.23,-187500.03,-143786.34,-187500.03,-187500.03,-187500.03
1058.0869,-187500.03,-187500.03,-187500.03,-187500.03,-187500.03,-187500.03,-187500.03,-187500.03,-187500.03,-139644.52,-175527.19,-187500.03,-138167.39,-187500.03,-187500.03,-186286.56
1058.1093,-187500.03,-187500.03,-187500.03,-187500.03,-187500.03,-187500.03,-187500.03,-187500.03,-187500.03,-135243.52,-172406.25,-187500.03,-133970.17,-187500.03,-187500.03,-180741.95
1058.1316,-187500.03,-187500.03,-187500.03,-187500.03,-187500.03,-187500.03,-187500.03,-187500.03,-187500.03,-141335.83,-177664.4,-187500.03,-138004.53,-187500.03,-187500.03,-185817.97
1058.1539,-187500.03,-187500.03,-187500.03,-187500.03,-187500.03,-187500.03,-187500.03,-187500.03,-187500.03,-148008.84,-182543.94,-187500.03,-143802.75,-187500.03,-187500.03,-187500.03
1058.1763,-187500.03,-187500.03,-187500.03,-187500.03,-187500.03,-187500.03,-187500.03,-187500.03,-187500.03,-141200.25,-176747.42,-187500.03,-139381.34,-187500.03,-187500.03,-187500.03
1058.1986,-187500.03,-187500.03,-187500.03,-187500.03,-187500.03,-187500.03,-187500.03,-187500.03,-187500.03,-135272.0,-172339.11,-187500.03,-134165.39,-187500.03,-187500.03,-181016.86
1058.221,-187500.03,-187500.03,-187500.03,-187500.03,-187500.03,-187500.03,-187500.03,-187500.03,-187500.03,-139740.0,-176371.38,-187500.03,-136812.19,-187500.03,-187500.03,-184318.8
1058.2433,-187500.03,-187500.03,-187500.03,-187500.03,-187500.03,-187500.03,-187500.03,-187500.03,-187500.03,-147804.42,-182491.6,-187500.03,-143454.22,-187500.03,-187500.03,-187500.03
1058.2656,-187500.03,-187500.03,-187500.03,-187500.03,-187500.03,-187500.03,-187500.03,-187500.03,-187500.03,-142837.55,-178051.86,-187500.03,-140605.8,-187500.03,-187500.03,-187500.03
1058.2881,-187500.03,-187500.03,-187500.03,-187500.03,-187500.03,-187500.03,-187500.03,-187500.03,-187500.03,-135612.64,-172522.86,-187500.03,-134595.14,-187500.03,-187500.03,-181603.25
1058.3104,-187500.03,-187500.03,-187500.03,-187500.03,-187500.03,-187500.03,-187500.03,-187500.03,-187500.03,-138319.08,-175184.19,-187500.03,-135786.94,-187500.03,-187500.03,-183014.39
1058.3328,-187500.03,-187500.03,-187500.03,-187500.03,-187500.03,-187500.03,-187500.03,-187500.03,-187500.03,-147136.45,-182060.88,-187500.03,-142768.7,-187500.03,-187500.03,-187500.03
1058.3551,-187500.03,-187500.03,-187500.03,-187500.03,-187500.03,-187500.03,-187500.03,-187500.03,-187500.03,-144422.03,-179341.38,-187500.03,-141738.64,-187500.03,-187500.03,-187500.03
1058.3774,-187500.03,-187500.03,-187500.03,-187500.03,-187500.03,-187500.03,-187500.03,-187500.03,-187500.03,-136230.27,-172943.78,-187500.03,-135226.12,-187500.03,-187500.03,-182455.56
1058.3998,-187500.03,-187500.03,-187500.03,-187500.03,-187500.03,-187500.03,-187500.03,-187500.03,-187500.03,-137132.88,-174171.56,-187500.03,-134975.42,-187500.03,-187500.03,-181975.27
1058.4221,-187500.03,-187500.03,-187500.03,-187500.03,-187500.03,-187500.03,-187500.03,-187500.03,-187500.03,-146068.53,-181303.14,-187500.03,-141809.53,-187500.03,-187500.03,-187500.03
1058.4445,-187500.03,-187500.03,-187500.03,-187500.03,-187500.03,-187500.03,-187500.03,-187500.03,-187500.03,-145844.22,-180527.9,-187500.03,-142702.9,-187500.03,-187500.03,-187500.03
1058.4668,-187500.03,-187500.03,-187500.03,-187500.03,-187500.03,-187500.03,-187500.03,-187500.03,-187500.03,-137118.19,-173592.97,-187500.03,-136047.16,-187500.03,-187500.03,-183547.58
1058.4893,-187500.03,-187500.03,-187500.03,-187500.03,-187500.03,-187500.03,-187500.03,-187500.03,-187500.03,-136225.48,-173369.17,-187500.03,-134407.12,-187500.03,-187500.03,-181251.3
1058.5116,-187500.03,-187500.03,-187500.03,-187500.03,-187500.03,-187500.03,-187500.03,-187500.03,-187500.03,-144692.64,-180278.55,-187500.03,-140652.81,-187500.03,-187500.03,-187500.03
1058.5339,-187500.03,-187500.03,-187500.03,-187500.03,-187500.03,-187500.03,-187500.03,-187500.03,-187500.03,-146981.28,-181511.42,-187500.03,-143409.75,-187500.03,-187500.03,-187500.03
1058.5563,-187500.03,-187500.03,-187500.03,-187500.03,-187500.03,-187500.03,-187500.03,-187500.03,-187500.03,-138253.1,-174448.36,-187500.03,-137024.67,-187500.03,-187500.03,-184819.3
1058.5786,-187500.03,-187500.03,-187500.03,-187500.03,-187500.03,-187500.03,-187500.03,-187500.03,-187500.03,-135634.0,-172809.03,-187500.03,-134099.55,-187500.03,-187500.03,-180867.02
1058.601,-187500.03,-187500.03,-187500.03,-187500.03,-187500.03,-187500.03,-187500.03,-187500.03,-187500.03,-143169.78,-179109.3,-187500.03,-139429.27,-187500.03,-187500.03,-187500.03
1058.6233,-187500.03,-187500.03,-187500.03,-187500.03,-187500.03,-187500.03,-187500.03,-187500.03,-187500.03,-147747.02,-182216.44,-187500.03,-143816.06,-187500.03,-187500.03,-187500.03
1058.6456,-187500.03,-187500.03,-187500.03,-187500.03,-187500.03,-187500.03,-187500.03,-187500.03,-187500.03,-139596.28,-175485.14,-187500.03,-138125.33,-187500.03,-187500.03,-186215.16
1058.668,-187500.03,-187500.03,-187500.03,-187500.03,-187500.03,-187500.03,-187500.03,-187500.03,-187500.03,-135334.48,-172480.86,-187500.03,-134026.61,-187500.03,-187500.03,-180796.16
1058.6903,-187500.03,-187500.03,-187500.03,-187500.03,-187500.03,-187500.03,-187500.03,-187500.03,-187500.03,-141540.66,-177825.03,-187500.03,-138162.3,-187500.03,-187500.03,-185996.42
1058.7128,-187500.03,-187500.03,-187500.03,-187500.03,-187500.03,-187500.03,-187500.03,-187500.03,-187500.03,-148077.9,-182588.33,-187500.03,-143872.62,-187500.03,-187500.03,-187500.03
1058.7351,-187500.03,-187500.03,-187500.03,-187500.03,-187500.03,-187500.03,-187500.03,-187500.03,-187500.03,-141145.17,-176703.3,-187500.03,-139341.05,-187500.03,-187500.03,-187500.03
1058.7574,-187500.03,-187500.03,-187500.03,-187500.03,-187500.03,-187500.03,-187500.03,-187500.03,-187500.03,-135343.61,-172403.39,-187500.03,-134208.08,-187500.03,-187500.03,-181060.73
1058.7798,-187500.03,-187500.03,-187500.03,-187500.03,-187500.03,-187500.03,-187500.03,-187500.03,-187500.03,-139942.27,-176534.89,-187500.03,-136962.94,-187500.03,-187500.03,-184502.17
1058.8021,-187500.03,-187500.03,-187500.03,-187500.03,-187500.03,-187500.03,-187500.03,-187500.03,-187500.03,-147917.8,-182573.05,-187500.03,-143554.42,-187500.03,-187500.03,-187500.03
1058.8245,-187500.03,-187500.03,-187500.03,-187500.03,-187500.03,-187500.03,-187500.03,-187500.03,-187500.03,-142779.25,-178006.4,-187500.03,-140567.02,-187500.03,-187500.03,-187500.03
1058.8468,-187500.03,-187500.03,-187500.03,-187500.03,-187500.03,-187500.03,-187500.03,-187500.03,-187500.03,-135652.78,-172565.28,-187500.03,-134616.33,-187500.03,-187500.03,-181631.78
1058.8691,-187500.03,-187500.03,-187500.03,-187500.03,-187500.03,-187500.03,-187500.03,-187500.03,-187500.03,-138494.67,-175334.88,-187500.03,-135919.75,-187500.03,-187500.03,-183188.34
1058.8915,-187500.03,-187500.03,-187500.03,-187500.03,-187500.03,-187500.03,-187500.03,-187500.03,-187500.03,-147275.89,-182171.28,-187500.03,-142888.38,-187500.03,-187500.03,-187500.03
1058.914,-187500.03,-187500.03,-187500.03,-187500.03,-187500.03,-187500.03,-187500.03,-187500.03,-187500.03,-144387.55,-179315.95,-187500.03,-141721.22,-187500.03,-187500.03,-187500.03
1058.9363,-187500.03,-187500.03,-187500.03,-187500.03,-187500.03,-187500.03,-187500.03,-187500.03,-187500.03,-136252.02,-172970.97,-187500.03,-135236.81,-187500.03,-187500.03,-182478.06
1058.9586,-187500.03,-187500.03,-187500.03,-187500.03,-187500.03,-187500.03,-187500.03,-187500.03,-187500.03,-137270.6,-174291.69,-187500.03,-135079.22,-187500.03,-187500.03,-182118.58
1058.981,-187500.03,-187500.03,-187500.03,-187500.03,-187500.03,-187500.03,-187500.03,-187500.03,-187500.03,-146212.39,-181418.27,-187500.03,-141930.28,-187500.03,-187500.03,-187500.03
1059.0033,-187500.03,-187500.03,-187500.03,-187500.03,-187500.03,-187500.03,-187500.03,-187500.03,-187500.03,-145843.4,-180531.12,-187500.03,-142714.34,-187500.03,-187500.03,-187500.03
1059.0256,-187500.03,-187500.03,-187500.03,-187500.03,-187500.03,-187500.03,-187500.03,-187500.03,-187500.03,-137130.44,-173612.58,-187500.03,-136054.38,-187500.03,-187500.03,-183565.5
1059.048,-187500.03,-187500.03,-187500.03,-187500.03,-187500.03,-187500.03,-187500.03,-187500.03,-187500.03,-136329.64,-173463.55,-187500.03,-134484.86,-187500.03,-187500.03,-181360.38
1059.0703,-187500.03,-187500.03,-187500.03,-187500.03,-187500.03,-187500.03,-187500.03,-187500.03,-187500.03,-144830.75,-180395.28,-187500.03,-140766.92,-187500.03,-187500.03,-187500.03
1059.0927,-187500.03,-187500.03,-187500.03,-187500.03,-187500.03,-187500.03,-187500.03,-187500.03,-187500.03,-147021.0,-181548.8,-187500.03,-143454.02,-187500.03,-187500.03,-187500.03
1059.115,-187500.03,-187500.03,-187500.03,-187500.03,-187500.03,-187500.03,-187500.03,-187500.03,-187500.03,-138271.11,-174471.73,-187500.03,-137043.27,-187500.03,-187500.03,-184848.62
1059.1375,-187500.03,-187500.03,-187500.03,-187500.03,-187500.03,-187500.03,-187500.03,-187500.03,-187500.03,-135700.55,-172874.14,-187500.03,-134152.7,-187500.03,-187500.03,-180943.95
1059.1598,-187500.03,-187500.03,-187500.03,-187500.03,-187500.03,-187500.03,-187500.03,-187500.03,-187500.03,-143248.14,-179182.11,-187500.03,-139494.05,-187500.03,-187500.03,-187500.03
1059.1821,-187500.03,-187500.03,-187500.03,-187500.03,-187500.03,-187500.03,-187500.03,-187500.03,-187500.03,-147794.31,-182264.94,-187500.03,-143858.88,-187500.03,-187500.03,-187500.03
1059.2045,-187500.03,-187500.03,-187500.03,-187500.03,-187500.03,-187500.03,-187500.03,-187500.03,-187500.03,-139635.23,-175528.53,-187500.03,-138162.83,-187500.03,-187500.03,-186266.27
1059.2268,-187500.03,-187500.03,-187500.03,-187500.03,-187500.03,-187500.03,-187500.03,-187500.03,-187500.03,-135396.34,-172544.67,-187500.03,-134083.22,-187500.03,-187500.03,-180873.92
1059.2491,-187500.03,-187500.03,-187500.03,-187500.03,-187500.03,-187500.03,-187500.03,-187500.03,-187500.03,-141631.94,-177911.58,-187500.03,-138243.25,-187500.03,-187500.03,-186098.31
1059.2715,-187500.03,-187500.03,-187500.03,-187500.03,-187500.03,-187500.03,-187500.03,-187500.03,-187500.03,-148127.97,-182641.7,-187500.03,-143925.62,-187500.03,-187500.03,-187500.03
1059.2938,-187500.03,-187500.03,-187500.03,-187500.03,-187500.03,-187500.03,-187500.03,-187500.03,-187500.03,-141156.95,-176725.39,-187500.03,-139359.36,-187500.03,-187500.03,-187500.03
1059.3162,-187500.03,-187500.03,-187500.03,-187500.03,-187500.03,-187500.03,-187500.03,-187500.03,-187500.03,-135391.92,-172454.22,-187500.03,-134248.86,-187500.03,-187500.03,-181114.89
1059.3386,-187500.03,-187500.03,-187500.03,-187500.03,-187500.03,-187500.03,-187500.03,-187500.03,-187500.03,-140044.72,-176629.4,-187500.03,-137048.81,-187500.03,-187500.03,-184611.88
1059.361,-187500.03,-187500.03,-187500.03,-187500.03,-187500.03,-187500.03,-187500.03,-187500.03,-187500.03,-147983.73,-182636.84,-187500.03,-143619.22,-187500.03,-187500.03,-187500.03
1059.3833,-187500.03,-187500.03,-187500.03,-187500.03,-187500.03,-187500.03,-187500.03,-187500.03,-187500.03,-142796.88,-178033.6,-187500.03,-140592.25,-187500.03,-187500.03,-187500.03
1059.4056,-187500.03,-187500.03,-187500.03,-187500.03,-187500.03,-187500.03,-187500.03,-187500.03,-187500.03,-135704.95,-172620.77,-187500.03,-134662.23,-187500.03,-187500.03,-181684.6
1059.428,-187500.03,-187500.03,-187500.03,-187500.03,-187500.03,-187500.03,-187500.03,-187500.03,-187500.03,-138602.55,-175434.39,-187500.03,-136009.88,-187500.03,-187500.03,-183297.28
1059.4503,-187500.03,-187500.03,-187500.03,-187500.03,-187500.03,-187500.03,-187500.03,-187500.03,-187500.03,-147366.64,-182253.77,-187500.03,-142974.39,-187500.03,-187500.03,-187500.03
1059.4727,-187500.03,-187500.03,-187500.03,-187500.03,-187500.03,-187500.03,-187500.03,-187500.03,-187500.03,-144421.56,-179354.3,-187500.03,-141763.9,-187500.03,-187500.03,-187500.03
1059.495,-187500.03,-187500.03,-187500.03,-187500.03,-187500.03,-187500.03,-187500.03,-187500.03,-187500.03,-136310.86,-173028.6,-187500.03,-135291.38,-187500.03,-187500.03,-182539.02
1059.5173,-187500.03,-187500.03,-187500.03,-187500.03,-187500.03,-187500.03,-187500.03,-187500.03,-187500.03,-137388.03,-174395.06,-187500.03,-135179.27,-187500.03,-187500.03,-182239.11
1059.5397,-187500.03,-187500.03,-187500.03,-187500.03,-187500.03,-187500.03,-187500.03,-187500.03,-187500.03,-146335.4,-181522.16,-187500.03,-142042.8,-187500.03,-187500.03,-187500.03
1059.5621,-187500.03,-187500.03,-187500.03,-187500.03,-187500.03,-187500.03,-187500.03,-187500.03,-187500.03,-145870.6,-180556.75,-187500.03,-142753.81,-187500.03,-187500.03,-187500.03
1059.5845,-187500.03,-187500.03,-187500.03,-187500.03,-187500.03,-187500.03,-187500.03,-187500.03,-187500.03,-137176.89,-173653.75,-187500.03,-136099.44,-187500.03,-187500.03,-183612.53
1059.6068,-187500.03,-187500.03,-187500.03,-187500.03,-187500.03,-187500.03,-187500.03,-187500.03,-187500.03,-136480.67,-173588.27,-187500.03,-134610.34,-187500.03,-187500.03,-181514.11
1059.6292,-187500.03,-187500.03,-187500.03,-187500.03,-187500.03,-187500.03,-187500.03,-187500.03,-187500.03,-145028.73,-180548.6,-187500.03,-140941.9,-187500.03,-187500.03,-187500.03
1059.6515,-187500.03,-187500.03,-187500.03,-187500.03,-187500.03,-187500.03,-187500.03,-187500.03,-187500.03,-147043.73,-181562.17,-187500.03,-143500.53,-187500.03,-187500.03,-187500.03
1059.6738,-187500.03,-187500.03,-187500.03,-187500.03,-187500.03,-187500.03,-187500.03,-187500.03,-187500.03,-138287.95,-174487.48,-187500.03,-137065.23,-187500.03,-187500.03,-184869.36
1059.6962,-187500.03,-187500.03,-187500.03,-187500.03,-187500.03,-187500.03,-187500.03,-187500.03,-187500.03,-135846.25,-172993.4,-187500.03,-134268.66,-187500.03,-187500.03,-181092.19
1059.7185,-187500.03,-187500.03,-187500.03,-187500.03,-187500.03,-187500.03,-187500.03,-187500.03,-187500.03,-143485.89,-179367.12,-187500.03,-139697.02,-187500.03,-187500.03,-187500.03
1059.7408,-187500.03,-187500.03,-187500.03,-187500.03,-187500.03,-187500.03,-187500.03,-187500.03,-187500.03,-147864.89,-182313.05,-187500.03,-143946.56,-187500.03,-187500.03,-187500.03
1059.7633,-187500.03,-187500.03,-187500.03,-187500.03,-187500.03,-187500.03,-187500.03,-187500.03,-187500.03,-139640.11,-175531.7,-187500.03,-138178.8,-187500.03,-187500.03,-186281.1
1059.7856,-187500.03,-187500.03,-187500.03,-187500.03,-187500.03,-187500.03,-187500.03,-187500.03,-187500.03,-135521.06,-172646.42,-187500.03,-134181.19,-187500.03,-187500.03,-181001.19
1059.808,-187500.03,-187500.03,-187500.03,-187500.03,-187500.03,-187500.03,-187500.03,-187500.03,-187500.03,-141877.14,-178102.02,-187500.03,-138444.56,-187500.03,-187500.03,-186340.89
1059.8303,-187500.03,-187500.03,-187500.03,-187500.03,-187500.03,-187500.03,-187500.03,-187500.03,-187500.03,-148238.58,-182717.94,-187500.03,-144038.69,-187500.03,-187500.03,-187500.03
1059.8527,-187500.03,-187500.03,-187500.03,-187500.03,-187500.03,-187500.03,-187500.03,-187500.03,-187500.03,-141157.6,-176726.94,-187500.03,-139374.42,-187500.03,-187500.03,-187500.03
1059.875,-187500.03,-187500.03,-187500.03,-187500.03,-187500.03,-187500.03,-187500.03,-187500.03,-187500.03,-135503.56,-172552.7,-187500.03,-134338.27,-187500.03,-187500.03,-181230.1
1059.8973,-187500.03,-187500.03,-187500.03,-187500.03,-187500.03,-187500.03,-187500.03,-187500.03,-187500.03,-140286.9,-176829.33,-187500.03,-137248.66,-187500.03,-187500.03,-184858.64
1059.9197,-187500.03,-187500.03,-187500.03,-187500.03,-187500.03,-187500.03,-187500.03,-187500.03,-187500.03,-148134.1,-182755.17,-187500.03,-143766.3,-187500.03,-187500.03,-187500.03
1059.942,-187500.03,-187500.03,-187500.03,-187500.03,-187500.03,-187500.03,-187500.03,-187500.03,-187500.03,-142794.23,-178038.84,-187500.03,-140609.89,-187500.03,-187500.03,-187500.03
1059.9644,-187500.03,-187500.03,-187500.03,-187500.03,-187500.03,-187500.03,-187500.03,-187500.03,-187500.03,-135791.22,-172701.8,-187500.03,-134731.44,-187500.03,-187500.03,-181773.7
1059.9868,-187500.03,-187500.03,-187500.03,-187500.03,-187500.03,-187500.03,-187500.03,-187500.03,-187500.03,-138826.75,-175623.48,-187500.03,-136191.81,-187500.03,-187500.03,-183527.19
1060.0092,-187500.03,-187500.03,-187500.03,-187500.03,-187500.03,-187500.03,-187500.03,-187500.03,-187500.03,-147552.75,-182402.11,-187500.03,-143144.66,-187500.03,-187500.03,-187500.03
1060.0315,-187500.03,-187500.03,-187500.03,-187500.03,-187500.03,-187500.03,-187500.03,-187500.03,-187500.03,-144417.38,-179358.2,-187500.03,-141783.48,-187500.03,-187500.03,-187500.03
1060.0538,-187500.03,-187500.03,-187500.03,-187500.03,-187500.03,-187500.03,-187500.03,-187500.03,-187500.03,-136371.2,-173090.64,-187500.03,-135341.52,-187500.03,-187500.03,-182601.17
1060.0762,-187500.03,-187500.03,-187500.03,-187500.03,-187500.03,-187500.03,-187500.03,-187500.03,-187500.03,-137582.17,-174563.78,-187500.03,-135334.31,-187500.03,-187500.03,-182438.5
1060.0985,-187500.03,-187500.03,-187500.03,-187500.03,-187500.03,-187500.03,-187500.03,-187500.03,-187500.03,-146533.44,-181685.62,-187500.03,-142217.73,-187500.03,-187500.03,-187500.03
1060.1208,-187500.03,-187500.03,-187500.03,-187500.03,-187500.03,-187500.03,-187500.03,-187500.03,-187500.03,-145891.42,-180584.48,-187500.03,-142794.05,-187500.03,-187500.03,-187500.03
1060.1432,-187500.03,-187500.03,-187500.03,-187500.03,-187500.03,-187500.03,-187500.03,-187500.03,-187500.03,-137226.55,-173712.31,-187500.03,-136145.62,-187500.03,-187500.03,-183672.8
1060.1655,-187500.03,-187500.03,-187500.03,-187500.03,-187500.03,-187500.03,-187500.03,-187500.03,-187500.03,-136615.45,-173714.45,-187500.03,-134720.47,-187500.03,-187500.03,-181658.64
1060.188,-187500.03,-187500.03,-187500.03,-187500.03,-187500.03,-187500.03,-187500.03,-187500.03,-187500.03,-145184.17,-180687.05,-187500.03,-141077.67,-187500.03,-187500.03,-187500.03
1060.2103,-187500.03,-187500.03,-187500.03,-187500.03,-187500.03,-187500.03,-187500.03,-187500.03,-187500.03,-147106.05,-181626.7,-187500.03,-143569.11,-187500.03,-187500.03,-187500.03
1060.2327,-187500.03,-187500.03,-187500.03,-187500.03,-187500.03,-187500.03,-187500.03,-187500.03,-187500.03,-138343.92,-174550.3,-187500.03,-137120.25,-187500.03,-187500.03,-184939.39
1060.255,-187500.03,-187500.03,-187500.03,-187500.03,-187500.03,-187500.03,-187500.03,-187500.03,-187500.03,-135951.67,-173096.44,-187500.03,-134359.06,-187500.03,-187500.03,-181210.75
1060.2773,-187500.03,-187500.03,-187500.03,-187500.03,-187500.03,-187500.03,-187500.03,-187500.03,-187500.03,-143625.77,-179495.61,-187500.03,-139818.52,-187500.03,-187500.03,-187500.03
1060.2997,-187500.03,-187500.03,-187500.03,-187500.03,-187500.03,-187500.03,-187500.03,-187500.03,-187500.03,-147946.4,-182395.08,-187500.03,-144028.34,-187500.03,-187500.03,-187500.03
1060.322,-187500.03,-187500.03,-187500.03,-187500.03,-187500.03,-187500.03,-187500.03,-187500.03,-187500.03,-139694.83,-175597.34,-187500.03,-138237.45,-187500.03,-187500.03,-186349.52
1060.3444,-187500.03,-187500.03,-187500.03,-187500.03,-187500.03,-187500.03,-187500.03,-187500.03,-187500.03,-135605.62,-172738.81,-187500.03,-134262.69,-187500.03,-187500.03,-181105.39
1060.3667,-187500.03,-187500.03,-187500.03,-187500.03,-187500.03,-187500.03,-187500.03,-187500.03,-187500.03,-141969.84,-178204.4,-187500.03,-138535.88,-187500.03,-187500.03,-186446.78
1060.389,-187500.03,-187500.03,-187500.03,-187500.03,-187500.03,-187500.03,-187500.03,-187500.03,-187500.03,-148312.7,-182807.2,-187500.03,-144117.31,-187500.03,-187500.03,-187500.03
1060.4115,-187500.03,-187500.03,-187500.03,-187500.03,-187500.03,-187500.03,-187500.03,-187500.03,-187500.03,-141221.52,-176807.42,-187500.03,-139445.06,-187500.03,-187500.03,-187500.03
1060.4338,-187500.03,-187500.03,-187500.03,-187500.03,-187500.03,-187500.03,-187500.03,-187500.03,-187500.03,-135569.75,-172632.05,-187500.03,-134409.7,-187500.03,-187500.03,-181326.03
1060.4562,-187500.03,-187500.03,-187500.03,-187500.03,-187500.03,-187500.03,-187500.03,-187500.03,-187500.03,-140360.17,-176914.08,-187500.03,-137325.72,-187500.03,-187500.03,-184956.98
1060.4785,-187500.03,-187500.03,-187500.03,-187500.03,-187500.03,-187500.03,-187500.03,-187500.03,-187500.03,-148193.61,-182829.83,-187500.03,-143834.75,-187500.03,-187500.03,-187500.03
1060.5009,-187500.03,-187500.03,-187500.03,-187500.03,-187500.03,-187500.03,-187500.03,-187500.03,-187500.03,-142814.47,-178084.53,-187500.03,-140647.84,-187500.03,-187500.03,-187500.03
1060.5232,-187500.03,-187500.03,-187500.03,-187500.03,-187500.03,-187500.03,-187500.03,-187500.03,-187500.03,-135828.45,-172766.12,-187500.03,-134780.34,-187500.03,-187500.03,-181848.9
1060.5455,-187500.03,-187500.03,-187500.03,-187500.03,-187500.03,-187500.03,-187500.03,-187500.03,-187500.03,-138885.19,-175706.84,-187500.03,-136257.97,-187500.03,-187500.03,-183625.14
1060.5679,-187500.03,-187500.03,-187500.03,-187500.03,-187500.03,-187500.03,-187500.03,-187500.03,-187500.03,-147592.3,-182470.84,-187500.03,-143198.72,-187500.03,-187500.03,-187500.03
1060.5902,-187500.03,-187500.03,-187500.03,-187500.03,-187500.03,-187500.03,-187500.03,-187500.03,-187500.03,-144414.64,-179395.84,-187500.03,-141803.6,-187500.03,-187500.03,-187500.03
1060.6127,-187500.03,-187500.03,-187500.03,-187500.03,-187500.03,-187500.03,-187500.03,-187500.03,-187500.03,-136380.36,-173141.11,-187500.03,-135367.61,-187500.03,-187500.03,-182647.56
1060.635,-187500.03,-187500.03,-187500.03,-187500.03,-187500.03,-187500.03,-187500.03,-187500.03,-187500.03,-137615.61,-174634.34,-187500.03,-135380.8,-187500.03,-187500.03,-182507.83
1060.6573,-187500.03,-187500.03,-187500.03,-187500.03,-187500.03,-187500.03,-187500.03,-187500.03,-187500.03,-146565.9,-181751.67,-187500.03,-142264.27,-187500.03,-187500.03,-187500.03
1060.6797,-187500.03,-187500.03,-187500.03,-187500.03,-187500.03,-187500.03,-187500.03,-187500.03,-187500.03,-145882.56,-180616.11,-187500.03,-142807.25,-187500.03,-187500.03,-187500.03
1060.702,-187500.03,-187500.03,-187500.03,-187500.03,-187500.03,-187500.03,-187500.03,-187500.03,-187500.03,-137217.3,-173745.48,-187500.03,-136152.66,-187500.03,-187500.03,-183688.56
1060.7244,-187500.03,-187500.03,-187500.03,-187500.03,-187500.03,-187500.03,-187500.03,-187500.03,-187500.03,-136637.98,-173773.84,-187500.03,-134751.64,-187500.03,-187500.03,-181705.12
1060.7467,-187500.03,-187500.03,-187500.03,-187500.03,-187500.03,-187500.03,-187500.03,-187500.03,-187500.03,-145219.16,-180753.2,-187500.03,-141121.38,-187500.03,-187500.03,-187500.03
1060.769,-187500.03,-187500.03,-187500.03,-187500.03,-187500.03,-187500.03,-187500.03,-187500.03,-187500.03,-147078.27,-181640.72,-187500.03,-143564.34,-187500.03,-187500.03,-187500.03
1060.7914,-187500.03,-187500.03,-187500.03,-187500.03,-187500.03,-187500.03,-187500.03,-187500.03,-187500.03,-138305.11,-174560.42,-187500.03,-137101.83,-187500.03,-187500.03,-184914.61
1060.8138,-187500.03,-187500.03,-187500.03,-187500.03,-187500.03,-187500.03,-187500.03,-187500.03,-187500.03,-135972.39,-173155.48,-187500.03,-134386.33,-187500.03,-187500.03,-181240.02
1060.8362,-187500.03,-187500.03,-187500.03,-187500.03,-187500.03,-187500.03,-187500.03,-187500.03,-187500.03,-143672.8,-179568.53,-187500.03,-139871.3,-187500.03,-187500.03,-187500.03
1060.8585,-187500.03,-187500.03,-187500.03,-187500.03,-187500.03,-187500.03,-187500.03,-187500.03,-187500.03,-147882.23,-182373.84,-187500.03,-143996.34,-187500.03,-187500.03,-187500.03
1060.8809,-187500.03,-187500.03,-187500.03,-187500.03,-187500.03,-187500.03,-187500.03,-187500.03,-187500.03,-139592.44,-175549.23,-187500.03,-138162.25,-187500.03,-187500.03,-186249.47
1060.9032,-187500.03,-187500.03,-187500.03,-187500.03,-187500.03,-187500.03,-187500.03,-187500.03,-187500.03,-135587.28,-172757.72,-187500.03,-134245.25,-187500.03,-187500.03,-181074.1
1060.9255,-187500.03,-187500.03,-187500.03,-187500.03,-187500.03,-187500.03,-187500.03,-187500.03,-187500.03,-142018.98,-178268.22,-187500.03,-138576.5,-187500.03,-187500.03,-186494.66
1060.9479,-187500.03,-187500.03,-187500.03,-187500.03,-187500.03,-187500.03,-187500.03,-187500.03,-187500.03,-148253.33,-182776.77,-187500.03,-144081.34,-187500.03,-187500.03,-187500.03
1060.9702,-187500.03,-187500.03,-187500.03,-187500.03,-187500.03,-187500.03,-187500.03,-187500.03,-187500.03,-141067.83,-176709.61,-187500.03,-139321.6,-187500.03,-187500.03,-187500.03
1060.9926,-187500.03,-187500.03,-187500.03,-187500.03,-187500.03,-187500.03,-187500.03,-187500.03,-187500.03,-135507.27,-172613.64,-187500.03,-134347.62,-187500.03,-187500.03,-181241.94
1061.0149,-187500.03,-187500.03,-187500.03,-187500.03,-187500.03,-187500.03,-187500.03,-187500.03,-187500.03,-140397.34,-176972.1,-187500.03,-137348.92,-187500.03,-187500.03,-184988.19
1061.0374,-187500.03,-187500.03,-187500.03,-187500.03,-187500.03,-187500.03,-187500.03,-187500.03,-187500.03,-148150.25,-182812.52,-187500.03,-143805.75,-187500.03,-187500.03,-187500.03
1061.0597,-187500.03,-187500.03,-187500.03,-187500.03,-187500.03,-187500.03,-187500.03,-187500.03,-187500.03,-142646.17,-177972.66,-187500.03,-140512.36,-187500.03,-187500.03,-187500.03
1061.082,-187500.03,-187500.03,-187500.03,-187500.03,-187500.03,-187500.03,-187500.03,-187500.03,-187500.03,-135725.78,-172712.47,-187500.03,-134682.36,-187500.03,-187500.03,-181724.84
1061.1044,-187500.03,-187500.03,-187500.03,-187500.03,-187500.03,-187500.03,-187500.03,-187500.03,-187500.03,-138887.84,-175733.95,-187500.03,-136243.89,-187500.03,-187500.03,-183614.81
1061.1267,-187500.03,-187500.03,-187500.03,-187500.03,-187500.03,-187500.03,-187500.03,-187500.03,-187500.03,-147559.77,-182456.83,-187500.03,-143169.39,-187500.03,-187500.03,-187500.03
1061.149,-187500.03,-187500.03,-187500.03,-187500.03,-187500.03,-187500.03,-187500.03,-187500.03,-187500.03,-144237.52,-179269.77,-187500.03,-141659.33,-187500.03,-187500.03,-187500.03
1061.1714,-187500.03,-187500.03,-187500.03,-187500.03,-187500.03,-187500.03,-187500.03,-187500.03,-187500.03,-136247.2,-173058.58,-187500.03,-135243.69,-187500.03,-187500.03,-182496.5
1061.1937,-187500.03,-187500.03,-187500.03,-187500.03,-187500.03,-187500.03,-187500.03,-187500.03,-187500.03,-137593.36,-174640.67,-187500.03,-135341.38,-187500.03,-187500.03,-182472.94
1061.2161,-187500.03,-187500.03,-187500.03,-187500.03,-187500.03,-187500.03,-187500.03,-187500.03,-187500.03,-146540.47,-181743.97,-187500.03,-142234.14,-187500.03,-187500.03,-187500.03
1061.2385,-187500.03,-187500.03,-187500.03,-187500.03,-187500.03,-187500.03,-187500.03,-187500.03,-187500.03,-145702.52,-180488.38,-187500.03,-142659.77,-187500.03,-187500.03,-187500.03
1061.2609,-187500.03,-187500.03,-187500.03,-187500.03,-187500.03,-187500.03,-187500.03,-187500.03,-187500.03,-137059.88,-173645.39,-187500.03,-136008.22,-187500.03,-187500.03,-183512.94
1061.2832,-187500.03,-187500.03,-187500.03,-187500.03,-187500.03,-187500.03,-187500.03,-187500.03,-187500.03,-136582.52,-173757.08,-187500.03,-134684.6,-187500.03,-187500.03,-181628.1
1061.3055,-187500.03,-187500.03,-187500.03,-187500.03,-187500.03,-187500.03,-187500.03,-187500.03,-187500.03,-145191.81,-180744.48,-187500.03,-141084.27,-187500.03,-187500.03,-187500.03
1061.3279,-187500.03,-187500.03,-187500.03,-187500.03,-187500.03,-187500.03,-187500.03,-187500.03,-187500.03,-146923.6,-181527.11,-187500.03,-143432.73,-187500.03,-187500.03,-187500.03
1061.3502,-187500.03,-187500.03,-187500.03,-187500.03,-187500.03,-187500.03,-187500.03,-187500.03,-187500.03,-138131.5,-174437.58,-187500.03,-136940.11,-187500.03,-187500.03,-184718.86
1061.3726,-187500.03,-187500.03,-187500.03,-187500.03,-187500.03,-187500.03,-187500.03,-187500.03,-187500.03,-135866.36,-173088.03,-187500.03,-134271.52,-187500.03,-187500.03,-181102.2
1061.3949,-187500.03,-187500.03,-187500.03,-187500.03,-187500.03,-187500.03,-187500.03,-187500.03,-187500.03,-143618.6,-179534.06,-187500.03,-139801.47,-187500.03,-187500.03,-187500.03
1061.4172,-187500.03,-187500.03,-187500.03,-187500.03,-187500.03,-187500.03,-187500.03,-187500.03,-187500.03,-147763.33,-182282.61,-187500.03,-143883.64,-187500.03,-187500.03,-187500.03
1061.4396,-187500.03,-187500.03,-187500.03,-187500.03,-187500.03,-187500.03,-187500.03,-187500.03,-187500.03,-139438.22,-175433.69,-187500.03,-138017.42,-187500.03,-187500.03,-186087.06
1061.462,-187500.03,-187500.03,-187500.03,-187500.03,-187500.03,-187500.03,-187500.03,-187500.03,-187500.03,-135471.14,-172673.84,-187500.03,-134126.25,-187500.03,-187500.03,-180933.17
1061.4844,-187500.03,-187500.03,-187500.03,-187500.03,-187500.03,-187500.03,-187500.03,-187500.03,-187500.03,-141957.42,-178220.97,-187500.03,-138502.53,-187500.03,-187500.03,-186423.55
1061.5067,-187500.03,-187500.03,-187500.03,-187500.03,-187500.03,-187500.03,-187500.03,-187500.03,-187500.03,-148140.89,-182679.72,-187500.03,-143973.33,-187500.03,-187500.03,-187500.03
1061.529,-187500.03,-187500.03,-187500.03,-187500.03,-187500.03,-187500.03,-187500.03,-187500.03,-187500.03,-140909.22,-176577.05,-187500.03,-139172.31,-187500.03,-187500.03,-187500.03
1061.5514,-187500.03,-187500.03,-187500.03,-187500.03,-187500.03,-187500.03,-187500.03,-187500.03,-187500.03,-135382.72,-172508.55,-187500.03,-134217.67,-187500.03,-187500.03,-181093.58
1061.5737,-187500.03,-187500.03,-187500.03,-187500.03,-187500.03,-187500.03,-187500.03,-187500.03,-187500.03,-140321.52,-176901.14,-187500.03,-137256.61,-187500.03,-187500.03,-184898.33
1061.5961,-187500.03,-187500.03,-187500.03,-187500.03,-187500.03,-187500.03,-187500.03,-187500.03,-187500.03,-148037.16,-182704.42,-187500.03,-143689.45,-187500.03,-187500.03,-187500.03
1061.6184,-187500.03,-187500.03,-187500.03,-187500.03,-187500.03,-187500.03,-187500.03,-187500.03,-187500.03,-142474.25,-177820.97,-187500.03,-140345.42,-187500.03,-187500.03,-187500.03
1061.6407,-187500.03,-187500.03,-187500.03,-187500.03,-187500.03,-187500.03,-187500.03,-187500.03,-187500.03,-135592.45,-172593.16,-187500.03,-134538.89,-187500.03,-187500.03,-181564.58
1061.6632,-187500.03,-187500.03,-187500.03,-187500.03,-187500.03,-187500.03,-187500.03,-187500.03,-187500.03,-138770.67,-175625.64,-187500.03,-136115.78,-187500.03,-187500.03,-183484.06
1061.6855,-187500.03,-187500.03,-187500.03,-187500.03,-187500.03,-187500.03,-187500.03,-187500.03,-187500.03,-147244.05,-182186.55,-187500.03,-142887.98,-187500.03,-187500.03,-187500.03
1061.7079,-187500.03,-187500.03,-187500.03,-187500.03,-187500.03,-187500.03,-187500.03,-187500.03,-187500.03,-143566.75,-178734.97,-187500.03,-141066.77,-187500.03,-187500.03,-187500.03
1061.7302,-187500.03,-187500.03,-187500.03,-187500.03,-187500.03,-187500.03,-187500.03,-187500.03,-187500.03,-135507.61,-172474.2,-187500.03,-134532.11,-187500.03,-187500.03,-181585.62
1061.7526,-187500.03,-187500.03,-187500.03,-187500.03,-187500.03,-187500.03,-187500.03,-187500.03,-187500.03,-136834.5,-174030.78,-187500.03,-134571.05,-187500.03,-187500.03,-181505.3
1061.7749,-187500.03,-187500.03,-187500.03,-187500.03,-187500.03,-187500.03,-187500.03,-187500.03,-187500.03,-145747.22,-181081.33,-187500.03,-141406.84,-187500.03,-187500.03,-187500.03
1061.7972,-187500.03,-187500.03,-187500.03,-187500.03,-187500.03,-187500.03,-187500.03,-187500.03,-187500.03,-144755.06,-179680.4,-187500.03,-141685.36,-187500.03,-187500.03,-187500.03
1061.8196,-187500.03,-187500.03,-187500.03,-187500.03,-187500.03,-187500.03,-187500.03,-187500.03,-187500.03,-136094.05,-172808.77,-187500.03,-134986.45,-187500.03,-187500.03,-182265.36
1061.8419,-187500.03,-187500.03,-187500.03,-187500.03,-187500.03,-187500.03,-187500.03,-187500.03,-187500.03,-135721.75,-172981.78,-187500.03,-133729.0,-187500.03,-187500.03,-180476.89
1061.8643,-187500.03,-187500.03,-187500.03,-187500.03,-187500.03,-187500.03,-187500.03,-187500.03,-187500.03,-144342.19,-179946.94,-187500.03,-140143.52,-187500.03,-187500.03,-187500.03
1061.8867,-187500.03,-187500.03,-187500.03,-187500.03,-187500.03,-187500.03,-187500.03,-187500.03,-187500.03,-145874.75,-180549.33,-187500.03,-142332.53,-187500.03,-187500.03,-187500.03
1061.909,-187500.03,-187500.03,-187500.03,-187500.03,-187500.03,-187500.03,-187500.03,-187500.03,-187500.03,-137060.44,-173432.38,-187500.03,-135799.97,-187500.03,-187500.03,-183409.4
1061.9314,-187500.03,-187500.03,-187500.03,-187500.03,-187500.03,-187500.03,-187500.03,-187500.03,-187500.03,-134907.7,-172156.86,-187500.03,-133209.05,-187500.03,-187500.03,-179863.8
1061.9537,-187500.03,-187500.03,-187500.03,-187500.03,-187500.03,-187500.03,-187500.03,-187500.03,-187500.03,-142717.92,-178622.31,-187500.03,-138794.6,-187500.03,-187500.03,-187052.47
1061.9761,-187500.03,-187500.03,-187500.03,-187500.03,-187500.03,-187500.03,-187500.03,-187500.03,-187500.03,-146671.72,-181198.95,-187500.03,-142735.58,-187500.03,-187500.03,-187500.03
1061.9984,-187500.03,-187500.03,-187500.03,-187500.03,-187500.03,-187500.03,-187500.03,-187500.03,-187500.03,-138297.97,-174306.78,-187500.03,-136809.84,-187500.03,-187500.03,-184770.72
1062.0208,-187500.03,-187500.03,-187500.03,-187500.03,-187500.03,-187500.03,-187500.03,-187500.03,-187500.03,-134443.64,-171626.45,-187500.03,-132992.34,-187500.03,-187500.03,-179630.0
1062.0431,-187500.03,-187500.03,-187500.03,-187500.03,-187500.03,-187500.03,-187500.03,-187500.03,-187500.03,-141032.64,-177234.11,-187500.03,-137457.23,-187500.03,-187500.03,-185373.17
1062.0654,-187500.03,-187500.03,-187500.03,-187500.03,-187500.03,-187500.03,-187500.03,-187500.03,-187500.03,-147050.81,-181544.14,-187500.03,-142814.11,-187500.03,-187500.03,-187500.03
1062.0879,-187500.03,-187500.03,-187500.03,-187500.03,-187500.03,-187500.03,-187500.03,-187500.03,-187500.03,-139719.0,-175361.64,-187500.03,-137918.97,-187500.03,-187500.03,-186246.78
1062.1102,-187500.03,-187500.03,-187500.03,-187500.03,-187500.03,-187500.03,-187500.03,-187500.03,-187500.03,-134287.08,-171365.11,-187500.03,-133023.72,-187500.03,-187500.03,-179726.16
1062.1326,-187500.03,-187500.03,-187500.03,-187500.03,-187500.03,-187500.03,-187500.03,-187500.03,-187500.03,-139342.06,-175834.08,-187500.03,-136159.62,-187500.03,-187500.03,-183735.55
1062.1549,-187500.03,-187500.03,-187500.03,-187500.03,-187500.03,-187500.03,-187500.03,-187500.03,-187500.03,-146936.22,-181523.77,-187500.03,-142513.94,-187500.03,-187500.03,-187500.03
1062.1772,-187500.03,-187500.03,-187500.03,-187500.03,-187500.03,-187500.03,-187500.03,-187500.03,-187500.03,-141259.33,-176547.9,-187500.03,-139068.73,-187500.03,-187500.03,-187500.03
1062.1996,-187500.03,-187500.03,-187500.03,-187500.03,-187500.03,-187500.03,-187500.03,-187500.03,-187500.03,-134440.77,-171368.7,-187500.03,-133295.34,-187500.03,-187500.03,-180140.64
1062.2219,-187500.03,-187500.03,-187500.03,-187500.03,-187500.03,-187500.03,-187500.03,-187500.03,-187500.03,-137769.53,-174508.03,-187500.03,-134988.73,-187500.03,-187500.03,-182252.3
1062.2443,-187500.03,-187500.03,-187500.03,-187500.03,-187500.03,-187500.03,-187500.03,-187500.03,-187500.03,-146357.58,-181139.94,-187500.03,-141869.89,-187500.03,-187500.03,-187500.03
1062.2666,-187500.03,-187500.03,-187500.03,-187500.03,-187500.03,-187500.03,-187500.03,-187500.03,-187500.03,-142816.12,-177778.56,-187500.03,-140178.83,-187500.03,-187500.03,-187500.03
1062.289,-187500.03,-187500.03,-187500.03,-187500.03,-187500.03,-187500.03,-187500.03,-187500.03,-187500.03,-134894.95,-171626.95,-187500.03,-133790.56,-187500.03,-187500.03,-180857.05
1062.3114,-187500.03,-187500.03,-187500.03,-187500.03,-187500.03,-187500.03,-187500.03,-187500.03,-187500.03,-136416.67,-173343.73,-187500.03,-134026.55,-187500.03,-187500.03,-181037.89
1062.3337,-187500.03,-187500.03,-187500.03,-187500.03,-187500.03,-187500.03,-187500.03,-187500.03,-187500.03,-145348.36,-180412.61,-187500.03,-140930.02,-187500.03,-187500.03,-187500.03
1062.3561,-187500.03,-187500.03,-187500.03,-187500.03,-187500.03,-187500.03,-187500.03,-187500.03,-187500.03,-144266.19,-178958.64,-187500.03,-141164.03,-187500.03,-187500.03,-187500.03
1062.3784,-187500.03,-187500.03,-187500.03,-187500.03,-187500.03,-187500.03,-187500.03,-187500.03,-187500.03,-135645.75,-172139.6,-187500.03,-134502.16,-187500.03,-187500.03,-181849.8
1062.4008,-187500.03,-187500.03,-187500.03,-187500.03,-187500.03,-187500.03,-187500.03,-187500.03,-187500.03,-135336.53,-172382.11,-187500.03,-133305.52,-187500.03,-187500.03,-180132.84
1062.4231,-187500.03,-187500.03,-187500.03,-187500.03,-187500.03,-187500.03,-187500.03,-187500.03,-187500.03,-143989.7,-179388.5,-187500.03,-139761.19,-187500.03,-187500.03,-187500.03
1062.4454,-187500.03,-187500.03,-187500.03,-187500.03,-187500.03,-187500.03,-187500.03,-187500.03,-187500.03,-145460.83,-179961.88,-187500.03,-141914.4,-187500.03,-187500.03,-187500.03
1062.4678,-187500.03,-187500.03,-187500.03,-187500.03,-187500.03,-187500.03,-187500.03,-187500.03,-187500.03,-136659.48,-172877.97,-187500.03,-135386.8,-187500.03,-187500.03,-183056.23
1062.4901,-187500.03,-187500.03,-187500.03,-187500.03,-187500.03,-187500.03,-187500.03,-187500.03,-187500.03,-134580.6,-171678.55,-187500.03,-132855.64,-187500.03,-187500.03,-179578.1
1062.5126,-187500.03,-187500.03,-187500.03,-187500.03,-187500.03,-187500.03,-187500.03,-187500.03,-187500.03,-142443.22,-178194.25,-187500.03,-138493.67,-187500.03,-187500.03,-186864.08
1062.5349,-187500.03,-187500.03,-187500.03,-187500.03,-187500.03,-187500.03,-187500.03,-187500.03,-187500.03,-146305.69,-180708.3,-187500.03,-142372.27,-187500.03,-187500.03,-187500.03
1062.5573,-187500.03,-187500.03,-187500.03,-187500.03,-187500.03,-187500.03,-187500.03,-187500.03,-187500.03,-137902.48,-173810.34,-187500.03,-136413.66,-187500.03,-187500.03,-184426.72
1062.5796,-187500.03,-187500.03,-187500.03,-187500.03,-187500.03,-187500.03,-187500.03,-187500.03,-187500.03,-134122.31,-171203.97,-187500.03,-132650.84,-187500.03,-187500.03,-179339.77
1062.6019,-187500.03,-187500.03,-187500.03,-187500.03,-187500.03,-187500.03,-187500.03,-187500.03,-187500.03,-140760.89,-176859.05,-187500.03,-137162.38,-187500.03,-187500.03,-185157.44
1062.6243,-187500.03,-187500.03,-187500.03,-187500.03,-187500.03,-187500.03,-187500.03,-187500.03,-187500.03,-146721.83,-181130.11,-187500.03,-142482.45,-187500.03,-187500.03,-187500.03
1062.6466,-187500.03,-187500.03,-187500.03,-187500.03,-187500.03,-187500.03,-187500.03,-187500.03,-187500.03,-139358.47,-174934.28,-187500.03,-137557.06,-187500.03,-187500.03,-185933.31
1062.669,-187500.03,-187500.03,-187500.03,-187500.03,-187500.03,-187500.03,-187500.03,-187500.03,-187500.03,-133986.94,-170995.42,-187500.03,-132707.03,-187500.03,-187500.03,-179438.73
1062.6913,-187500.03,-187500.03,-187500.03,-187500.03,-187500.03,-187500.03,-187500.03,-187500.03,-187500.03,-139099.14,-175515.56,-187500.03,-135894.61,-187500.03,-187500.03,-183516.47
1062.7136,-187500.03,-187500.03,-187500.03,-187500.03,-187500.03,-187500.03,-187500.03,-187500.03,-187500.03,-146671.58,-181191.27,-187500.03,-142242.1,-187500.03,-187500.03,-187500.03
1062.7361,-187500.03,-187500.03,-187500.03,-187500.03,-187500.03,-187500.03,-187500.03,-187500.03,-187500.03,-140940.5,-176179.36,-187500.03,-138753.95,-187500.03,-187500.03,-187486.75
1062.7584,-187500.03,-187500.03,-187500.03,-187500.03,-187500.03,-187500.03,-187500.03,-187500.03,-187500.03,-134166.88,-171042.8,-187500.03,-133010.08,-187500.03,-187500.03,-179868.36
1062.7808,-187500.03,-187500.03,-187500.03,-187500.03,-187500.03,-187500.03,-187500.03,-187500.03,-187500.03,-137566.22,-174244.47,-187500.03,-134765.69,-187500.03,-187500.03,-182060.22
1062.8031,-187500.03,-187500.03,-187500.03,-187500.03,-187500.03,-187500.03,-187500.03,-187500.03,-187500.03,-146138.06,-180863.36,-187500.03,-141647.23,-187500.03,-187500.03,-187500.03
1062.8254,-187500.03,-187500.03,-187500.03,-187500.03,-187500.03,-187500.03,-187500.03,-187500.03,-187500.03,-142507.38,-177437.45,-187500.03,-139887.27,-187500.03,-187500.03,-187500.03
1062.8478,-187500.03,-187500.03,-187500.03,-187500.03,-187500.03,-187500.03,-187500.03,-187500.03,-187500.03,-134634.92,-171333.44,-187500.03,-133529.23,-187500.03,-187500.03,-180592.4
1062.8701,-187500.03,-187500.03,-187500.03,-187500.03,-187500.03,-187500.03,-187500.03,-187500.03,-187500.03,-136244.88,-173122.73,-187500.03,-133836.28,-187500.03,-187500.03,-180866.22
1062.8925,-187500.03,-187500.03,-187500.03,-187500.03,-187500.03,-187500.03,-187500.03,-187500.03,-187500.03,-145182.25,-180192.53,-187500.03,-140755.8,-187500.03,-187500.03,-187500.03
1062.9148,-187500.03,-187500.03,-187500.03,-187500.03,-187500.03,-187500.03,-187500.03,-187500.03,-187500.03,-143984.56,-178652.89,-187500.03,-140901.25,-187500.03,-187500.03,-187500.03
1062.9373,-187500.03,-187500.03,-187500.03,-187500.03,-187500.03,-187500.03,-187500.03,-187500.03,-187500.03,-135396.8,-171870.1,-187500.03,-134251.27,-187500.03,-187500.03,-181595.66
1062.9596,-187500.03,-187500.03,-187500.03,-187500.03,-187500.03,-187500.03,-187500.03,-187500.03,-187500.03,-135189.52,-172200.02,-187500.03,-133136.58,-187500.03,-187500.03,-179985.56
1062.9819,-187500.03,-187500.03,-187500.03,-187500.03,-187500.03,-187500.03,-187500.03,-187500.03,-187500.03,-143874.22,-179227.94,-187500.03,-139630.75,-187500.03,-187500.03,-187500.03
1063.0043,-187500.03,-187500.03,-187500.03,-187500.03,-187500.03,-187500.03,-187500.03,-187500.03,-187500.03,-145226.69,-179710.19,-187500.03,-141698.02,-187500.03,-187500.03,-187500.03
1063.0266,-187500.03,-187500.03,-187500.03,-187500.03,-187500.03,-187500.03,-187500.03,-187500.03,-187500.03,-136423.11,-172632.56,-187500.03,-135158.48,-187500.03,-187500.03,-182826.34
1063.049,-187500.03,-187500.03,-187500.03,-187500.03,-187500.03,-187500.03,-187500.03,-187500.03,-187500.03,-134433.97,-171508.67,-187500.03,-132695.27,-187500.03,-187500.03,-179435.88
1063.0713,-187500.03,-187500.03,-187500.03,-187500.03,-187500.03,-187500.03,-187500.03,-187500.03,-187500.03,-142346.94,-178061.89,-187500.03,-138382.11,-187500.03,-187500.03,-186802.0
1063.0936,-187500.03,-187500.03,-187500.03,-187500.03,-187500.03,-187500.03,-187500.03,-187500.03,-187500.03,-146122.62,-180508.28,-187500.03,-142200.52,-187500.03,-187500.03,-187500.03
1063.116,-187500.03,-187500.03,-187500.03,-187500.03,-187500.03,-187500.03,-187500.03,-187500.03,-187500.03,-137692.72,-173599.89,-187500.03,-136211.83,-187500.03,-187500.03,-184238.6
1063.1383,-187500.03,-187500.03,-187500.03,-187500.03,-187500.03,-187500.03,-187500.03,-187500.03,-187500.03,-133998.75,-171068.83,-187500.03,-132512.92,-187500.03,-187500.03,-179230.42
1063.1608,-187500.03,-187500.03,-187500.03,-187500.03,-187500.03,-187500.03,-187500.03,-187500.03,-187500.03,-140712.56,-176781.31,-187500.03,-137092.67,-187500.03,-187500.03,-185144.73
1063.1831,-187500.03,-187500.03,-187500.03,-187500.03,-187500.03,-187500.03,-187500.03,-187500.03,-187500.03,-146584.47,-180978.03,-187500.03,-142356.28,-187500.03,-187500.03,-187500.03
1063.2054,-187500.03,-187500.03,-187500.03,-187500.03,-187500.03,-187500.03,-187500.03,-187500.03,-187500.03,-139156.17,-174736.25,-187500.03,-137370.83,-187500.03,-187500.03,-185766.98
1063.2278,-187500.03,-187500.03,-187500.03,-187500.03,-187500.03,-187500.03,-187500.03,-187500.03,-187500.03,-133869.88,-170868.38,-187500.03,-132577.2,-187500.03,-187500.03,-179340.5
1063.2501,-187500.03,-187500.03,-187500.03,-187500.03,-187500.03,-187500.03,-187500.03,-187500.03,-187500.03,-139077.92,-175460.77,-187500.03,-135844.69,-187500.03,-187500.03,-183530.14
1063.2725,-187500.03,-187500.03,-187500.03,-187500.03,-187500.03,-187500.03,-187500.03,-187500.03,-187500.03,-146578.39,-181072.8,-187500.03,-142148.44,-187500.03,-187500.03,-187500.03
1063.2948,-187500.03,-187500.03,-187500.03,-187500.03,-187500.03,-187500.03,-187500.03,-187500.03,-187500.03,-140749.6,-175993.38,-187500.03,-138578.1,-187500.03,-187500.03,-187344.78
1063.3171,-187500.03,-187500.03,-187500.03,-187500.03,-187500.03,-187500.03,-187500.03,-187500.03,-187500.03,-134047.84,-170921.44,-187500.03,-132880.84,-187500.03,-187500.03,-179772.86
1063.3395,-187500.03,-187500.03,-187500.03,-187500.03,-187500.03,-187500.03,-187500.03,-187500.03,-187500.03,-137546.06,-174200.4,-187500.03,-134717.58,-187500.03,-187500.03,-182071.95
1063.3619,-187500.03,-187500.03,-187500.03,-187500.03,-187500.03,-187500.03,-187500.03,-187500.03,-187500.03,-146084.28,-180784.84,-187500.03,-141583.89,-187500.03,-187500.03,-187500.03
1063.3843,-187500.03,-187500.03,-187500.03,-187500.03,-187500.03,-187500.03,-187500.03,-187500.03,-187500.03,-142361.58,-177289.77,-187500.03,-139749.23,-187500.03,-187500.03,-187500.03
1063.4066,-187500.03,-187500.03,-187500.03,-187500.03,-187500.03,-187500.03,-187500.03,-187500.03,-187500.03,-134528.83,-171219.42,-187500.03,-133410.75,-187500.03,-187500.03,-180503.67
1063.429,-187500.03,-187500.03,-187500.03,-187500.03,-187500.03,-187500.03,-187500.03,-187500.03,-187500.03,-136216.44,-173070.73,-187500.03,-133780.45,-187500.03,-187500.03,-180858.92
1063.4513,-187500.03,-187500.03,-187500.03,-187500.03,-187500.03,-187500.03,-187500.03,-187500.03,-187500.03,-145150.64,-180133.66,-187500.03,-140708.36,-187500.03,-187500.03,-187500.03
1063.4736,-187500.03,-187500.03,-187500.03,-187500.03,-187500.03,-187500.03,-187500.03,-187500.03,-187500.03,-143856.34,-178519.97,-187500.03,-140782.05,-187500.03,-187500.03,-187500.03
1063.496,-187500.03,-187500.03,-187500.03,-187500.03,-187500.03,-187500.03,-187500.03,-187500.03,-187500.03,-135289.92,-171756.64,-187500.03,-134141.2,-187500.03,-187500.03,-181497.88
1063.5183,-187500.03,-187500.03,-187500.03,-187500.03,-187500.03,-187500.03,-187500.03,-187500.03,-187500.03,-135166.1,-172153.02,-187500.03,-133090.56,-187500.03,-187500.03,-179968.3
1063.5406,-187500.03,-187500.03,-187500.03,-187500.03,-187500.03,-187500.03,-187500.03,-187500.03,-187500.03,-143881.2,-179199.28,-187500.03,-139617.73,-187500.03,-187500.03,-187500.03
1063.563,-187500.03,-187500.03,-187500.03,-187500.03,-187500.03,-187500.03,-187500.03,-187500.03,-187500.03,-145121.1,-179592.94,-187500.03,-141601.81,-187500.03,-187500.03,-187500.03
1063.5854,-187500.03,-187500.03,-187500.03,-187500.03,-187500.03,-187500.03,-187500.03,-187500.03,-187500.03,-136321.89,-172524.6,-187500.03,-135052.95,-187500.03,-187500.03,-182722.86
1063.6078,-187500.03,-187500.03,-187500.03,-187500.03,-187500.03,-187500.03,-187500.03,-187500.03,-187500.03,-134418.23,-171471.28,-187500.03,-132653.61,-187500.03,-187500.03,-179413.92
1063.6301,-187500.03,-187500.03,-187500.03,-187500.03,-187500.03,-187500.03,-187500.03,-187500.03,-187500.03,-142380.62,-178059.83,-187500.03,-138387.95,-187500.03,-187500.03,-186848.67
1063.6525,-187500.03,-187500.03,-187500.03,-187500.03,-187500.03,-187500.03,-187500.03,-187500.03,-187500.03,-146041.94,-180417.75,-187500.03,-142127.03,-187500.03,-187500.03,-187500.03
1063.6748,-187500.03,-187500.03,-187500.03,-187500.03,-187500.03,-187500.03,-187500.03,-187500.03,-187500.03,-137593.88,-173502.53,-187500.03,-136113.72,-187500.03,-187500.03,-184135.73
1063.6971,-187500.03,-187500.03,-187500.03,-187500.03,-187500.03,-187500.03,-187500.03,-187500.03,-187500.03,-133982.66,-171040.98,-187500.03,-132475.69,-187500.03,-187500.03,-179201.02
1063.7195,-187500.03,-187500.03,-187500.03,-187500.03,-187500.03,-187500.03,-187500.03,-187500.03,-187500.03,-140771.03,-176811.58,-187500.03,-137121.67,-187500.03,-187500.03,-185203.25
1063.7418,-187500.03,-187500.03,-187500.03,-187500.03,-187500.03,-187500.03,-187500.03,-187500.03,-187500.03,-146554.61,-180937.53,-187500.03,-142326.36,-187500.03,-187500.03,-187500.03
1063.7642,-187500.03,-187500.03,-187500.03,-187500.03,-187500.03,-187500.03,-187500.03,-187500.03,-187500.03,-139076.58,-174666.39,-187500.03,-137295.05,-187500.03,-187500.03,-185689.4
1063.7866,-187500.03,-187500.03,-187500.03,-187500.03,-187500.03,-187500.03,-187500.03,-187500.03,-187500.03,-133862.19,-170862.2,-187500.03,-132553.31,-187500.03,-187500.03,-179324.94
1063.809,-187500.03,-187500.03,-187500.03,-187500.03,-187500.03,-187500.03,-187500.03,-187500.03,-187500.03,-139149.75,-175521.17,-187500.03,-135891.36,-187500.03,-187500.03,-183605.39
1063.8313,-187500.03,-187500.03,-187500.03,-187500.03,-187500.03,-187500.03,-187500.03,-187500.03,-187500.03,-146593.45,-181087.58,-187500.03,-142163.28,-187500.03,-187500.03,-187500.03
1063.8536,-187500.03,-187500.03,-187500.03,-187500.03,-187500.03,-187500.03,-187500.03,-187500.03,-187500.03,-140690.97,-175954.97,-187500.03,-138531.5,-187500.03,-187500.03,-187298.52
1063.876,-187500.03,-187500.03,-187500.03,-187500.03,-187500.03,-187500.03,-187500.03,-187500.03,-187500.03,-134047.12,-170929.75,-187500.03,-132871.27,-187500.03,-187500.03,-179772.9
1063.8983,-187500.03,-187500.03,-187500.03,-187500.03,-187500.03,-187500.03,-187500.03,-187500.03,-187500.03,-137625.6,-174271.9,-187500.03,-134776.05,-187500.03,-187500.03,-182161.05
1063.9207,-187500.03,-187500.03,-187500.03,-187500.03,-187500.03,-187500.03,-187500.03,-187500.03,-187500.03,-146133.48,-180829.39,-187500.03,-141631.45,-187500.03,-187500.03,-187500.03
1063.943,-187500.03,-187500.03,-187500.03,-187500.03,-187500.03,-187500.03,-187500.03,-187500.03,-187500.03,-142303.75,-177255.56,-187500.03,-139710.52,-187500.03,-187500.03,-187500.03
1063.9653,-187500.03,-187500.03,-187500.03,-187500.03,-187500.03,-187500.03,-187500.03,-187500.03,-187500.03,-134529.69,-171239.02,-187500.03,-133407.4,-187500.03,-187500.03,-180512.97
1063.9877,-187500.03,-187500.03,-187500.03,-187500.03,-187500.03,-187500.03,-187500.03,-187500.03,-187500.03,-136319.66,-173174.22,-187500.03,-133860.25,-187500.03,-187500.03,-180976.47
1064.0101,-187500.03,-187500.03,-187500.03,-187500.03,-187500.03,-187500.03,-187500.03,-187500.03,-187500.03,-145253.69,-180229.9,-187500.03,-140802.86,-187500.03,-187500.03,-187500.03
1064.0325,-187500.03,-187500.03,-187500.03,-187500.03,-187500.03,-187500.03,-187500.03,-187500.03,-187500.03,-143819.86,-178506.83,-187500.03,-140769.6,-187500.03,-187500.03,-187500.03
1064.0548,-187500.03,-187500.03,-187500.03,-187500.03,-187500.03,-187500.03,-187500.03,-187500.03,-187500.03,-135293.1,-171780.4,-187500.03,-134143.36,-187500.03,-187500.03,-181510.45
1064.0771,-187500.03,-187500.03,-187500.03,-187500.03,-187500.03,-187500.03,-187500.03,-187500.03,-187500.03,-135270.47,-172258.89,-187500.03,-133171.83,-187500.03,-187500.03,-180084.81
1064.0995,-187500.03,-187500.03,-187500.03,-187500.03,-187500.03,-187500.03,-187500.03,-187500.03,-187500.03,-144018.25,-179325.56,-187500.03,-139737.45,-187500.03,-187500.03,-187500.03
1064.1218,-187500.03,-187500.03,-187500.03,-187500.03,-187500.03,-187500.03,-187500.03,-187500.03,-187500.03,-145121.53,-179610.62,-187500.03,-141620.86,-187500.03,-187500.03,-187500.03
1064.1442,-187500.03,-187500.03,-187500.03,-187500.03,-187500.03,-187500.03,-187500.03,-187500.03,-187500.03,-136326.47,-172552.58,-187500.03,-135062.38,-187500.03,-187500.03,-182742.8
1064.1665,-187500.03,-187500.03,-187500.03,-187500.03,-187500.03,-187500.03,-187500.03,-187500.03,-187500.03,-134504.12,-171565.12,-187500.03,-132724.64,-187500.03,-187500.03,-179512.42
1064.1888,-187500.03,-187500.03,-187500.03,-187500.03,-187500.03,-187500.03,-187500.03,-187500.03,-187500.03,-142508.61,-178183.44,-187500.03,-138501.72,-187500.03,-187500.03,-186989.8
1064.2113,-187500.03,-187500.03,-187500.03,-187500.03,-187500.03,-187500.03,-187500.03,-187500.03,-187500.03,-146075.73,-180465.89,-187500.03,-142175.08,-187500.03,-187500.03,-187500.03
1064.2336,-187500.03,-187500.03,-187500.03,-187500.03,-187500.03,-187500.03,-187500.03,-187500.03,-187500.03,-137600.9,-173532.98,-187500.03,-136131.72,-187500.03,-187500.03,-184156.53
1064.256,-187500.03,-187500.03,-187500.03,-187500.03,-187500.03,-187500.03,-187500.03,-187500.03,-187500.03,-134045.9,-171115.17,-187500.03,-132532.69,-187500.03,-187500.03,-179273.53
1064.2783,-187500.03,-187500.03,-187500.03,-187500.03,-187500.03,-187500.03,-187500.03,-187500.03,-187500.03,-140869.69,-176909.34,-187500.03,-137210.47,-187500.03,-187500.03,-185312.33
1064.3007,-187500.03,-187500.03,-187500.03,-187500.03,-187500.03,-187500.03,-187500.03,-187500.03,-187500.03,-146597.14,-180989.03,-187500.03,-142377.4,-187500.03,-187500.03,-187500.03
1064.323,-187500.03,-187500.03,-187500.03,-187500.03,-187500.03,-187500.03,-187500.03,-187500.03,-187500.03,-139074.86,-174686.05,-187500.03,-137305.55,-187500.03,-187500.03,-185695.9
1064.3453,-187500.03,-187500.03,-187500.03,-187500.03,-187500.03,-187500.03,-187500.03,-187500.03,-187500.03,-133903.89,-170918.67,-187500.03,-132593.5,-187500.03,-187500.03,-179373.34
1064.3677,-187500.03,-187500.03,-187500.03,-187500.03,-187500.03,-187500.03,-187500.03,-187500.03,-187500.03,-139240.9,-175614.47,-187500.03,-135972.39,-187500.03,-187500.03,-183706.84
1064.39,-187500.03,-187500.03,-187500.03,-187500.03,-187500.03,-187500.03,-187500.03,-187500.03,-187500.03,-146631.31,-181133.94,-187500.03,-142209.64,-187500.03,-187500.03,-187500.03
1064.4124,-187500.03,-187500.03,-187500.03,-187500.03,-187500.03,-187500.03,-187500.03,-187500.03,-187500.03,-140651.05,-175942.17,-187500.03,-138509.78,-187500.03,-187500.03,-187262.27
1064.4348,-187500.03,-187500.03,-187500.03,-187500.03,-187500.03,-187500.03,-187500.03,-187500.03,-187500.03,-134067.53,-170969.53,-187500.03,-132887.92,-187500.03,-187500.03,-179788.83
1064.4572,-187500.03,-187500.03,-187500.03,-187500.03,-187500.03,-187500.03,-187500.03,-187500.03,-187500.03,-137720.92,-174369.36,-187500.03,-134854.27,-187500.03,-187500.03,-182258.95
1064.4795,-187500.03,-187500.03,-187500.03,-187500.03,-187500.03,-187500.03,-187500.03,-187500.03,-187500.03,-146191.06,-180890.9,-187500.03,-141690.94,-187500.03,-187500.03,-187500.03
1064.5018,-187500.03,-187500.03,-187500.03,-187500.03,-187500.03,-187500.03,-187500.03,-187500.03,-187500.03,-142251.48,-177232.48,-187500.03,-139683.14,-187500.03,-187500.03,-187500.03
1064.5242,-187500.03,-187500.03,-187500.03,-187500.03,-187500.03,-187500.03,-187500.03,-187500.03,-187500.03,-134523.88,-171254.75,-187500.03,-133404.16,-187500.03,-187500.03,-180499.22
1064.5465,-187500.03,-187500.03,-187500.03,-187500.03,-187500.03,-187500.03,-187500.03,-187500.03,-187500.03,-136396.69,-173252.78,-187500.03,-133923.86,-187500.03,-187500.03,-181048.52
1064.5688,-187500.03,-187500.03,-187500.03,-187500.03,-187500.03,-187500.03,-187500.03,-187500.03,-187500.03,-145327.7,-180298.39,-187500.03,-140873.38,-187500.03,-187500.03,-187500.03
1064.5912,-187500.03,-187500.03,-187500.03,-187500.03,-187500.03,-187500.03,-187500.03,-187500.03,-187500.03,-143776.02,-178483.92,-187500.03,-140748.97,-187500.03,-187500.03,-187500.03
1064.6135,-187500.03,-187500.03,-187500.03,-187500.03,-187500.03,-187500.03,-187500.03,-187500.03,-187500.03,-135279.31,-171788.23,-187500.03,-134134.03,-187500.03,-187500.03,-181485.12
1064.636,-187500.03,-187500.03,-187500.03,-187500.03,-187500.03,-187500.03,-187500.03,-187500.03,-187500.03,-135338.5,-172330.97,-187500.03,-133225.45,-187500.03,-187500.03,-180144.52
1064.6583,-187500.03,-187500.03,-187500.03,-187500.03,-187500.03,-187500.03,-187500.03,-187500.03,-187500.03,-144123.58,-179419.39,-187500.03,-139827.19,-187500.03,-187500.03,-187500.03
1064.6807,-187500.03,-187500.03,-187500.03,-187500.03,-187500.03,-187500.03,-187500.03,-187500.03,-187500.03,-145122.22,-179618.16,-187500.03,-141638.23,-187500.03,-187500.03,-187500.03
1064.703,-187500.03,-187500.03,-187500.03,-187500.03,-187500.03,-187500.03,-187500.03,-187500.03,-187500.03,-136337.5,-172574.89,-187500.03,-135078.23,-187500.03,-187500.03,-182752.47
1064.7253,-187500.03,-187500.03,-187500.03,-187500.03,-187500.03,-187500.03,-187500.03,-187500.03,-187500.03,-134660.03,-171702.28,-187500.03,-132857.11,-187500.03,-187500.03,-179675.31
1064.7477,-187500.03,-187500.03,-187500.03,-187500.03,-187500.03,-187500.03,-187500.03,-187500.03,-187500.03,-142742.5,-178374.81,-187500.03,-138712.25,-187500.03,-187500.03,-187225.52
1064.77,-187500.03,-187500.03,-187500.03,-187500.03,-187500.03,-187500.03,-187500.03,-187500.03,-187500.03,-146193.2,-180558.34,-187500.03,-142311.31,-187500.03,-187500.03,-187500.03
1064.7924,-187500.03,-187500.03,-187500.03,-187500.03,-187500.03,-187500.03,-187500.03,-187500.03,-187500.03,-137682.77,-173610.7,-187500.03,-136230.47,-187500.03,-187500.03,-184274.19
1064.8147,-187500.03,-187500.03,-187500.03,-187500.03,-187500.03,-187500.03,-187500.03,-187500.03,-187500.03,-134297.89,-171333.56,-187500.03,-132761.81,-187500.03,-187500.03,-179574.83
1064.837,-187500.03,-187500.03,-187500.03,-187500.03,-187500.03,-187500.03,-187500.03,-187500.03,-187500.03,-141228.48,-177210.5,-187500.03,-137543.97,-187500.03,-187500.03,-185719.11
1064.8595,-187500.03,-187500.03,-187500.03,-187500.03,-187500.03,-187500.03,-187500.03,-187500.03,-187500.03,-146870.25,-181217.22,-187500.03,-142668.2,-187500.03,-187500.03,-187500.03
1064.8818,-187500.03,-187500.03,-187500.03,-187500.03,-187500.03,-187500.03,-187500.03,-187500.03,-187500.03,-139267.53,-174866.47,-187500.03,-137532.45,-187500.03,-187500.03,-185968.73
1064.9042,-187500.03,-187500.03,-187500.03,-187500.03,-187500.03,-187500.03,-187500.03,-187500.03,-187500.03,-134267.2,-171241.8,-187500.03,-132948.0,-187500.03,-187500.03,-179843.55
1064.9265,-187500.03,-187500.03,-187500.03,-187500.03,-187500.03,-187500.03,-187500.03,-187500.03,-187500.03,-139724.19,-176033.16,-187500.03,-136440.95,-187500.03,-187500.03,-184296.72
1064.9489,-187500.03,-187500.03,-187500.03,-187500.03,-187500.03,-187500.03,-187500.03,-187500.03,-187500.03,-147088.48,-181528.52,-187500.03,-142683.19,-187500.03,-187500.03,-187500.03
1064.9712,-187500.03,-187500.03,-187500.03,-187500.03,-187500.03,-187500.03,-187500.03,-187500.03,-187500.03,-141012.05,-176274.89,-187500.03,-138913.72,-187500.03,-187500.03,-187500.03
1064.9935,-187500.03,-187500.03,-187500.03,-187500.03,-187500.03,-187500.03,-187500.03,-187500.03,-187500.03,-134565.06,-171423.52,-187500.03,-133393.58,-187500.03,-187500.03,-180447.3
1065.0159,-187500.03,-187500.03,-187500.03,-187500.03,-187500.03,-187500.03,-187500.03,-187500.03,-187500.03,-138341.38,-174929.73,-187500.03,-135474.98,-187500.03,-187500.03,-183041.98
1065.0382,-187500.03,-187500.03,-187500.03,-187500.03,-187500.03,-187500.03,-187500.03,-187500.03,-187500.03,-146836.05,-181471.9,-187500.03,-142354.27,-187500.03,-187500.03,-187500.03
1065.0607,-187500.03,-187500.03,-187500.03,-187500.03,-187500.03,-187500.03,-187500.03,-187500.03,-187500.03,-142811.58,-177758.75,-187500.03,-140291.7,-187500.03,-187500.03,-187500.03
1065.083,-187500.03,-187500.03,-187500.03,-187500.03,-187500.03,-187500.03,-187500.03,-187500.03,-187500.03,-135190.62,-171881.72,-187500.03,-134094.58,-187500.03,-187500.03,-181369.67
1065.1053,-187500.03,-187500.03,-187500.03,-187500.03,-187500.03,-187500.03,-187500.03,-187500.03,-187500.03,-137191.34,-173992.17,-187500.03,-134733.22,-187500.03,-187500.03,-182053.55
1065.1277,-187500.03,-187500.03,-187500.03,-187500.03,-187500.03,-187500.03,-187500.03,-187500.03,-187500.03,-146161.52,-181071.86,-187500.03,-141738.61,-187500.03,-187500.03,-187500.03
1065.15,-187500.03,-187500.03,-187500.03,-187500.03,-187500.03,-187500.03,-187500.03,-187500.03,-187500.03,-144518.98,-179197.67,-187500.03,-141558.23,-187500.03,-187500.03,-187500.03
1065.1724,-187500.03,-187500.03,-187500.03,-187500.03,-187500.03,-187500.03,-187500.03,-187500.03,-187500.03,-136080.72,-172569.53,-187500.03,-134988.83,-187500.03,-187500.03,-182521.36
1065.1947,-187500.03,-187500.03,-187500.03,-187500.03,-187500.03,-187500.03,-187500.03,-187500.03,-187500.03,-136253.8,-173219.4,-187500.03,-134180.47,-187500.03,-187500.03,-181294.84
1065.217,-187500.03,-187500.03,-187500.03,-187500.03,-187500.03,-187500.03,-187500.03,-187500.03,-187500.03,-145071.38,-180339.62,-187500.03,-140829.02,-187500.03,-187500.03,-187500.03
1065.2394,-187500.03,-187500.03,-187500.03,-187500.03,-187500.03,-187500.03,-187500.03,-187500.03,-187500.03,-145939.56,-180449.4,-187500.03,-142548.05,-187500.03,-187500.03,-187500.03
1065.2617,-187500.03,-187500.03,-187500.03,-187500.03,-187500.03,-187500.03,-187500.03,-187500.03,-187500.03,-137173.12,-173436.19,-187500.03,-135989.66,-187500.03,-187500.03,-183790.94
1065.2842,-187500.03,-187500.03,-187500.03,-187500.03,-187500.03,-187500.03,-187500.03,-187500.03,-187500.03,-135563.98,-172632.3,-187500.03,-133819.78,-187500.03,-187500.03,-180789.1
1065.3065,-187500.03,-187500.03,-187500.03,-187500.03,-187500.03,-187500.03,-187500.03,-187500.03,-187500.03,-143701.44,-179352.28,-187500.03,-139726.64,-187500.03,-187500.03,-187500.03
1065.3289,-187500.03,-187500.03,-187500.03,-187500.03,-187500.03,-187500.03,-187500.03,-187500.03,-187500.03,-147010.05,-181430.6,-187500.03,-143221.02,-187500.03,-187500.03,-187500.03
1065.3512,-187500.03,-187500.03,-187500.03,-187500.03,-187500.03,-187500.03,-187500.03,-187500.03,-187500.03,-138476.38,-174475.06,-187500.03,-137104.73,-187500.03,-187500.03,-185201.8
1065.3735,-187500.03,-187500.03,-187500.03,-187500.03,-187500.03,-187500.03,-187500.03,-187500.03,-187500.03,-135151.28,-172256.3,-187500.03,-133679.52,-187500.03,-187500.03,-180594.42
1065.3959,-187500.03,-187500.03,-187500.03,-187500.03,-187500.03,-187500.03,-187500.03,-187500.03,-187500.03,-142150.72,-178188.0,-187500.03,-138520.28,-187500.03,-187500.03,-186697.95
1065.4182,-187500.03,-187500.03,-187500.03,-187500.03,-187500.03,-187500.03,-187500.03,-187500.03,-187500.03,-147655.92,-182085.45,-187500.03,-143542.39,-187500.03,-187500.03,-187500.03
1065.4406,-187500.03,-187500.03,-187500.03,-187500.03,-187500.03,-187500.03,-187500.03,-187500.03,-187500.03,-139993.1,-175694.75,-187500.03,-138339.17,-187500.03,-187500.03,-186740.05
1065.4629,-187500.03,-187500.03,-187500.03,-187500.03,-187500.03,-187500.03,-187500.03,-187500.03,-187500.03,-135037.33,-172113.33,-187500.03,-133775.95,-187500.03,-187500.03,-180731.1
1065.4854,-187500.03,-187500.03,-187500.03,-187500.03,-187500.03,-187500.03,-187500.03,-187500.03,-187500.03,-140563.95,-176958.64,-187500.03,-137320.16,-187500.03,-187500.03,-185194.67
1065.5077,-187500.03,-187500.03,-187500.03,-187500.03,-187500.03,-187500.03,-187500.03,-187500.03,-187500.03,-147812.81,-182357.39,-187500.03,-143478.36,-187500.03,-187500.03,-187500.03
1065.53,-187500.03,-187500.03,-187500.03,-187500.03,-187500.03,-187500.03,-187500.03,-187500.03,-187500.03,-141639.36,-177033.47,-187500.03,-139618.36,-187500.03,-187500.03,-187500.03
1065.5524,-187500.03,-187500.03,-187500.03,-187500.03,-187500.03,-187500.03,-187500.03,-187500.03,-187500.03,-135221.56,-172208.6,-187500.03,-134106.58,-187500.03,-187500.03,-181184.56
1065.5747,-187500.03,-187500.03,-187500.03,-187500.03,-187500.03,-187500.03,-187500.03,-187500.03,-187500.03,-139062.1,-175763.84,-187500.03,-136233.83,-187500.03,-187500.03,-183813.48
1065.597,-187500.03,-187500.03,-187500.03,-187500.03,-187500.03,-187500.03,-187500.03,-187500.03,-187500.03,-147477.81,-182232.34,-187500.03,-143056.52,-187500.03,-187500.03,-187500.03
1065.6194,-187500.03,-187500.03,-187500.03,-187500.03,-187500.03,-187500.03,-187500.03,-187500.03,-187500.03,-143319.31,-178414.83,-187500.03,-140873.84,-187500.03,-187500.03,-187500.03
1065.6417,-187500.03,-187500.03,-187500.03,-187500.03,-187500.03,-187500.03,-187500.03,-187500.03,-187500.03,-135709.2,-172548.88,-187500.03,-134663.22,-187500.03,-187500.03,-181932.22
1065.6641,-187500.03,-187500.03,-187500.03,-187500.03,-187500.03,-187500.03,-187500.03,-187500.03,-187500.03,-137759.7,-174698.03,-187500.03,-135330.05,-187500.03,-187500.03,-182651.89
1065.6864,-187500.03,-187500.03,-187500.03,-187500.03,-187500.03,-187500.03,-187500.03,-187500.03,-187500.03,-146688.8,-181730.33,-187500.03,-142303.75,-187500.03,-187500.03,-187500.03
1065.7089,-187500.03,-187500.03,-187500.03,-187500.03,-187500.03,-187500.03,-187500.03,-187500.03,-187500.03,-144895.33,-179734.11,-187500.03,-141994.52,-187500.03,-187500.03,-187500.03
1065.7312,-187500.03,-187500.03,-187500.03,-187500.03,-187500.03,-187500.03,-187500.03,-187500.03,-187500.03,-136467.36,-173110.44,-187500.03,-135407.56,-187500.03,-187500.03,-182916.6
1065.7535,-187500.03,-187500.03,-187500.03,-187500.03,-187500.03,-187500.03,-187500.03,-187500.03,-187500.03,-136711.97,-173808.88,-187500.03,-134646.84,-187500.03,-187500.03,-181760.7
1065.7759,-187500.03,-187500.03,-187500.03,-187500.03,-187500.03,-187500.03,-187500.03,-187500.03,-187500.03,-145551.08,-180925.23,-187500.03,-141316.33,-187500.03,-187500.03,-187500.03
1065.7982,-187500.03,-187500.03,-187500.03,-187500.03,-187500.03,-187500.03,-187500.03,-187500.03,-187500.03,-146281.42,-180913.75,-187500.03,-142926.56,-187500.03,-187500.03,-187500.03
1065.8206,-187500.03,-187500.03,-187500.03,-187500.03,-187500.03,-187500.03,-187500.03,-187500.03,-187500.03,-137495.28,-173884.11,-187500.03,-136334.64,-187500.03,-187500.03,-184113.72
1065.8429,-187500.03,-187500.03,-187500.03,-187500.03,-187500.03,-187500.03,-187500.03,-187500.03,-187500.03,-135950.53,-173126.52,-187500.03,-134208.02,-187500.03,-187500.03,-181181.6
1065.8652,-187500.03,-187500.03,-187500.03,-187500.03,-187500.03,-187500.03,-187500.03,-187500.03,-187500.03,-144123.36,-179859.62,-187500.03,-140148.19,-187500.03,-187500.03,-187500.03
1065.8876,-187500.03,-187500.03,-187500.03,-187500.03,-187500.03,-187500.03,-187500.03,-187500.03,-187500.03,-147336.06,-181850.0,-187500.03,-143572.52,-187500.03,-187500.03,-187500.03
1065.91,-187500.03,-187500.03,-187500.03,-187500.03,-187500.03,-187500.03,-187500.03,-187500.03,-187500.03,-138772.0,-174870.64,-187500.03,-137421.08,-187500.03,-187500.03,-185481.4
1065.9324,-187500.03,-187500.03,-187500.03,-187500.03,-187500.03,-187500.03,-187500.03,-187500.03,-187500.03,-135498.22,-172687.33,-187500.03,-134026.42,-187500.03,-187500.03,-180937.97
1065.9547,-187500.03,-187500.03,-187500.03,-187500.03,-187500.03,-187500.03,-187500.03,-187500.03,-187500.03,-142550.4,-178648.2,-187500.03,-138911.84,-187500.03,-187500.03,-187048.48
1065.977,-187500.03,-187500.03,-187500.03,-187500.03,-187500.03,-187500.03,-187500.03,-187500.03,-187500.03,-147961.72,-182457.97,-187500.03,-143869.44,-187500.03,-187500.03,-187500.03
1065.9994,-187500.03,-187500.03,-187500.03,-187500.03,-187500.03,-187500.03,-187500.03,-187500.03,-187500.03,-140230.53,-176012.75,-187500.03,-138598.86,-187500.03,-187500.03,-186938.73
