Tm,Oz,Po7,Po4,Po3,P4,P3,Po8,Pz,Fz,F2,F3,F4,AF3,Cz,AF4,F1
1378.9686,-187500.03,-187500.03,-187500.03,-187500.03,-187500.03,-187500.03,-187500.03,-187500.03,-187500.03,-135368.05,-173181.92,-187500.03,-134987.58,-187500.03,-187500.03,-182128.3
1378.991,-187500.03,-187500.03,-187500.03,-187500.03,-187500.03,-187500.03,-187500.03,-187500.03,-187500.03,-139151.36,-176676.89,-187500.03,-137063.48,-187500.03,-187500.03,-184678.92
1379.0133,-187500.03,-187500.03,-187500.03,-187500.03,-187500.03,-187500.03,-187500.03,-187500.03,-187500.03,-147591.4,-183137.06,-187500.03,-143886.83,-187500.03,-187500.03,-187500.03
1379.0356,-187500.03,-187500.03,-187500.03,-187500.03,-187500.03,-187500.03,-187500.03,-187500.03,-187500.03,-143479.81,-179365.31,-187500.03,-141737.44,-187500.03,-187500.03,-187500.03
1379.058,-187500.03,-187500.03,-187500.03,-187500.03,-187500.03,-187500.03,-187500.03,-187500.03,-187500.03,-135802.8,-173449.52,-187500.03,-135483.48,-187500.03,-187500.03,-182807.02
1379.0803,-187500.03,-187500.03,-187500.03,-187500.03,-187500.03,-187500.03,-187500.03,-187500.03,-187500.03,-137766.1,-175515.11,-187500.03,-136081.75,-187500.03,-187500.03,-183461.06
1379.1027,-187500.03,-187500.03,-187500.03,-187500.03,-187500.03,-187500.03,-187500.03,-187500.03,-187500.03,-146710.3,-182561.81,-187500.03,-143047.95,-187500.03,-187500.03,-187500.03
1379.125,-187500.03,-187500.03,-187500.03,-187500.03,-187500.03,-187500.03,-187500.03,-187500.03,-187500.03,-145042.22,-180659.23,-187500.03,-142827.66,-187500.03,-187500.03,-187500.03
1379.1475,-187500.03,-187500.03,-187500.03,-187500.03,-187500.03,-187500.03,-187500.03,-187500.03,-187500.03,-136545.14,-173965.66,-187500.03,-136202.98,-187500.03,-187500.03,-183759.56
1379.1698,-187500.03,-187500.03,-187500.03,-187500.03,-187500.03,-187500.03,-187500.03,-187500.03,-187500.03,-136655.8,-174545.05,-187500.03,-135341.47,-187500.03,-187500.03,-182532.38
1379.1921,-187500.03,-187500.03,-187500.03,-187500.03,-187500.03,-187500.03,-187500.03,-187500.03,-187500.03,-145446.0,-181625.16,-187500.03,-141950.27,-187500.03,-187500.03,-187500.03
1379.2145,-187500.03,-187500.03,-187500.03,-187500.03,-187500.03,-187500.03,-187500.03,-187500.03,-187500.03,-146380.53,-181774.05,-187500.03,-143703.9,-187500.03,-187500.03,-187500.03
1379.2368,-187500.03,-187500.03,-187500.03,-187500.03,-187500.03,-187500.03,-187500.03,-187500.03,-187500.03,-137566.81,-174722.98,-187500.03,-137114.23,-187500.03,-187500.03,-184926.86
1379.2592,-187500.03,-187500.03,-187500.03,-187500.03,-187500.03,-187500.03,-187500.03,-187500.03,-187500.03,-135850.36,-173813.67,-187500.03,-134860.53,-187500.03,-187500.03,-181923.67
1379.2815,-187500.03,-187500.03,-187500.03,-187500.03,-187500.03,-187500.03,-187500.03,-187500.03,-187500.03,-143922.02,-180472.83,-187500.03,-140698.3,-187500.03,-187500.03,-187500.03
1379.3038,-187500.03,-187500.03,-187500.03,-187500.03,-187500.03,-187500.03,-187500.03,-187500.03,-187500.03,-147367.0,-182654.9,-187500.03,-144279.78,-187500.03,-187500.03,-187500.03
1379.3262,-187500.03,-187500.03,-187500.03,-187500.03,-187500.03,-187500.03,-187500.03,-187500.03,-187500.03,-138833.16,-175681.66,-187500.03,-138175.61,-187500.03,-187500.03,-186241.42
1379.3485,-187500.03,-187500.03,-187500.03,-187500.03,-187500.03,-187500.03,-187500.03,-187500.03,-187500.03,-135379.53,-173340.8,-187500.03,-134654.45,-187500.03,-187500.03,-181666.45
1379.371,-187500.03,-187500.03,-187500.03,-187500.03,-187500.03,-187500.03,-187500.03,-187500.03,-187500.03,-142294.84,-179198.33,-187500.03,-139412.2,-187500.03,-187500.03,-187500.03
1379.3933,-187500.03,-187500.03,-187500.03,-187500.03,-187500.03,-187500.03,-187500.03,-187500.03,-187500.03,-147915.36,-183189.9,-187500.03,-144503.64,-187500.03,-187500.03,-187500.03
1379.4156,-187500.03,-187500.03,-187500.03,-187500.03,-187500.03,-187500.03,-187500.03,-187500.03,-187500.03,-140288.06,-176813.12,-187500.03,-139336.44,-187500.03,-187500.03,-187500.03
1379.438,-187500.03,-187500.03,-187500.03,-187500.03,-187500.03,-187500.03,-187500.03,-187500.03,-187500.03,-135210.75,-173115.84,-187500.03,-134691.11,-187500.03,-187500.03,-181730.3
1379.4603,-187500.03,-187500.03,-187500.03,-187500.03,-187500.03,-187500.03,-187500.03,-187500.03,-187500.03,-140617.42,-177856.3,-187500.03,-138130.97,-187500.03,-187500.03,-185993.22
1379.4827,-187500.03,-187500.03,-187500.03,-187500.03,-187500.03,-187500.03,-187500.03,-187500.03,-187500.03,-147973.1,-183344.39,-187500.03,-144344.23,-187500.03,-187500.03,-187500.03
1379.505,-187500.03,-187500.03,-187500.03,-187500.03,-187500.03,-187500.03,-187500.03,-187500.03,-187500.03,-141919.17,-178102.55,-187500.03,-140580.45,-187500.03,-187500.03,-187500.03
1379.5273,-187500.03,-187500.03,-187500.03,-187500.03,-187500.03,-187500.03,-187500.03,-187500.03,-187500.03,-135362.12,-173148.75,-187500.03,-134975.75,-187500.03,-187500.03,-182134.19
1379.5497,-187500.03,-187500.03,-187500.03,-187500.03,-187500.03,-187500.03,-187500.03,-187500.03,-187500.03,-139025.92,-176552.61,-187500.03,-136954.48,-187500.03,-187500.03,-184561.36
1379.5721,-187500.03,-187500.03,-187500.03,-187500.03,-187500.03,-187500.03,-187500.03,-187500.03,-187500.03,-147518.55,-183093.08,-187500.03,-143803.6,-187500.03,-187500.03,-187500.03
1379.5945,-187500.03,-187500.03,-187500.03,-187500.03,-187500.03,-187500.03,-187500.03,-187500.03,-187500.03,-143573.45,-179434.72,-187500.03,-141789.52,-187500.03,-187500.03,-187500.03
1379.6168,-187500.03,-187500.03,-187500.03,-187500.03,-187500.03,-187500.03,-187500.03,-187500.03,-187500.03,-135830.25,-173441.14,-187500.03,-135501.8,-187500.03,-187500.03,-182842.23
1379.6392,-187500.03,-187500.03,-187500.03,-187500.03,-187500.03,-187500.03,-187500.03,-187500.03,-187500.03,-137671.48,-175410.8,-187500.03,-136002.36,-187500.03,-187500.03,-183371.6
1379.6615,-187500.03,-187500.03,-187500.03,-187500.03,-187500.03,-187500.03,-187500.03,-187500.03,-187500.03,-146611.67,-182468.48,-187500.03,-142948.89,-187500.03,-187500.03,-187500.03
1379.6838,-187500.03,-187500.03,-187500.03,-187500.03,-187500.03,-187500.03,-187500.03,-187500.03,-187500.03,-145115.0,-180703.77,-187500.03,-142861.4,-187500.03,-187500.03,-187500.03
1379.7062,-187500.03,-187500.03,-187500.03,-187500.03,-187500.03,-187500.03,-187500.03,-187500.03,-187500.03,-136584.17,-173975.34,-187500.03,-136229.89,-187500.03,-187500.03,-183803.92
1379.7285,-187500.03,-187500.03,-187500.03,-187500.03,-187500.03,-187500.03,-187500.03,-187500.03,-187500.03,-136570.89,-174454.12,-187500.03,-135273.03,-187500.03,-187500.03,-182452.02
1379.7509,-187500.03,-187500.03,-187500.03,-187500.03,-187500.03,-187500.03,-187500.03,-187500.03,-187500.03,-145326.73,-181526.14,-187500.03,-141842.36,-187500.03,-187500.03,-187500.03
1379.7732,-187500.03,-187500.03,-187500.03,-187500.03,-187500.03,-187500.03,-187500.03,-187500.03,-187500.03,-146436.27,-181821.34,-187500.03,-143723.98,-187500.03,-187500.03,-187500.03
1379.7957,-187500.03,-187500.03,-187500.03,-187500.03,-187500.03,-187500.03,-187500.03,-187500.03,-187500.03,-137626.08,-174747.64,-187500.03,-137152.39,-187500.03,-187500.03,-184980.33
1379.818,-187500.03,-187500.03,-187500.03,-187500.03,-187500.03,-187500.03,-187500.03,-187500.03,-187500.03,-135789.73,-173740.83,-187500.03,-134810.23,-187500.03,-187500.03,-181864.55
1379.8403,-187500.03,-187500.03,-187500.03,-187500.03,-187500.03,-187500.03,-187500.03,-187500.03,-187500.03,-143788.25,-180354.23,-187500.03,-140578.52,-187500.03,-187500.03,-187500.03
1379.8627,-187500.03,-187500.03,-187500.03,-187500.03,-187500.03,-187500.03,-187500.03,-187500.03,-187500.03,-147398.61,-182675.02,-187500.03,-144276.83,-187500.03,-187500.03,-187500.03
1379.885,-187500.03,-187500.03,-187500.03,-187500.03,-187500.03,-187500.03,-187500.03,-187500.03,-187500.03,-138919.27,-175735.97,-187500.03,-138231.86,-187500.03,-187500.03,-186318.7
1379.9073,-187500.03,-187500.03,-187500.03,-187500.03,-187500.03,-187500.03,-187500.03,-187500.03,-187500.03,-135333.1,-173285.34,-187500.03,-134616.47,-187500.03,-187500.03,-181624.05
1379.9297,-187500.03,-187500.03,-187500.03,-187500.03,-187500.03,-187500.03,-187500.03,-187500.03,-187500.03,-142130.78,-179059.4,-187500.03,-139272.19,-187500.03,-187500.03,-187362.14
1379.952,-187500.03,-187500.03,-187500.03,-187500.03,-187500.03,-187500.03,-187500.03,-187500.03,-187500.03,-147916.22,-183190.86,-187500.03,-144474.89,-187500.03,-187500.03,-187500.03
1379.9744,-187500.03,-187500.03,-187500.03,-187500.03,-187500.03,-187500.03,-187500.03,-187500.03,-187500.03,-140415.7,-176901.9,-187500.03,-139424.77,-187500.03,-187500.03,-187500.03
1379.9968,-187500.03,-187500.03,-187500.03,-187500.03,-187500.03,-187500.03,-187500.03,-187500.03,-187500.03,-135191.67,-173080.42,-187500.03,-134679.92,-187500.03,-187500.03,-181719.78
1380.0192,-187500.03,-187500.03,-187500.03,-187500.03,-187500.03,-187500.03,-187500.03,-187500.03,-187500.03,-140455.0,-177715.12,-187500.03,-137997.9,-187500.03,-187500.03,-185835.55
1380.0415,-187500.03,-187500.03,-187500.03,-187500.03,-187500.03,-187500.03,-187500.03,-187500.03,-187500.03,-147929.81,-183311.45,-187500.03,-144283.3,-187500.03,-187500.03,-187500.03
1380.0638,-187500.03,-187500.03,-187500.03,-187500.03,-187500.03,-187500.03,-187500.03,-187500.03,-187500.03,-142038.17,-178189.83,-187500.03,-140657.84,-187500.03,-187500.03,-187500.03
1380.0862,-187500.03,-187500.03,-187500.03,-187500.03,-187500.03,-187500.03,-187500.03,-187500.03,-187500.03,-135371.22,-173140.11,-187500.03,-134987.64,-187500.03,-187500.03,-182152.95
1380.1085,-187500.03,-187500.03,-187500.03,-187500.03,-187500.03,-187500.03,-187500.03,-187500.03,-187500.03,-138905.97,-176445.8,-187500.03,-136862.02,-187500.03,-187500.03,-184446.84
1380.1309,-187500.03,-187500.03,-187500.03,-187500.03,-187500.03,-187500.03,-187500.03,-187500.03,-187500.03,-147453.44,-183042.39,-187500.03,-143736.19,-187500.03,-187500.03,-187500.03
1380.1532,-187500.03,-187500.03,-187500.03,-187500.03,-187500.03,-187500.03,-187500.03,-187500.03,-187500.03,-143683.02,-179516.92,-187500.03,-141860.83,-187500.03,-187500.03,-187500.03
1380.1755,-187500.03,-187500.03,-187500.03,-187500.03,-187500.03,-187500.03,-187500.03,-187500.03,-187500.03,-135866.28,-173457.16,-187500.03,-135534.48,-187500.03,-187500.03,-182892.36
1380.1979,-187500.03,-187500.03,-187500.03,-187500.03,-187500.03,-187500.03,-187500.03,-187500.03,-187500.03,-137566.67,-175315.17,-187500.03,-135921.5,-187500.03,-187500.03,-183278.73
1380.2203,-187500.03,-187500.03,-187500.03,-187500.03,-187500.03,-187500.03,-187500.03,-187500.03,-187500.03,-146517.19,-182394.31,-187500.03,-142859.02,-187500.03,-187500.03,-187500.03
1380.2427,-187500.03,-187500.03,-187500.03,-187500.03,-187500.03,-187500.03,-187500.03,-187500.03,-187500.03,-145213.6,-180781.33,-187500.03,-142922.36,-187500.03,-187500.03,-187500.03
1380.265,-187500.03,-187500.03,-187500.03,-187500.03,-187500.03,-187500.03,-187500.03,-187500.03,-187500.03,-136645.14,-174013.12,-187500.03,-136281.08,-187500.03,-187500.03,-183876.28
1380.2874,-187500.03,-187500.03,-187500.03,-187500.03,-187500.03,-187500.03,-187500.03,-187500.03,-187500.03,-136491.02,-174378.67,-187500.03,-135212.89,-187500.03,-187500.03,-182384.22
1380.3097,-187500.03,-187500.03,-187500.03,-187500.03,-187500.03,-187500.03,-187500.03,-187500.03,-187500.03,-145216.36,-181438.97,-187500.03,-141740.88,-187500.03,-187500.03,-187500.03
1380.332,-187500.03,-187500.03,-187500.03,-187500.03,-187500.03,-187500.03,-187500.03,-187500.03,-187500.03,-146502.08,-181875.12,-187500.03,-143753.83,-187500.03,-187500.03,-187500.03
1380.3544,-187500.03,-187500.03,-187500.03,-187500.03,-187500.03,-187500.03,-187500.03,-187500.03,-187500.03,-137693.7,-174794.55,-187500.03,-137204.61,-187500.03,-187500.03,-185055.84
1380.3767,-187500.03,-187500.03,-187500.03,-187500.03,-187500.03,-187500.03,-187500.03,-187500.03,-187500.03,-135747.1,-173698.95,-187500.03,-134782.39,-187500.03,-187500.03,-181837.62
1380.399,-187500.03,-187500.03,-187500.03,-187500.03,-187500.03,-187500.03,-187500.03,-187500.03,-187500.03,-143699.64,-180283.72,-187500.03,-140503.55,-187500.03,-187500.03,-187500.03
1380.4215,-187500.03,-187500.03,-187500.03,-187500.03,-187500.03,-187500.03,-187500.03,-187500.03,-187500.03,-147425.14,-182698.92,-187500.03,-144283.94,-187500.03,-187500.03,-187500.03
1380.4438,-187500.03,-187500.03,-187500.03,-187500.03,-187500.03,-187500.03,-187500.03,-187500.03,-187500.03,-138977.1,-175778.47,-187500.03,-138276.1,-187500.03,-187500.03,-186379.9
1380.4662,-187500.03,-187500.03,-187500.03,-187500.03,-187500.03,-187500.03,-187500.03,-187500.03,-187500.03,-135307.0,-173256.92,-187500.03,-134601.05,-187500.03,-187500.03,-181612.1
1380.4885,-187500.03,-187500.03,-187500.03,-187500.03,-187500.03,-187500.03,-187500.03,-187500.03,-187500.03,-142035.58,-178981.25,-187500.03,-139194.1,-187500.03,-187500.03,-187278.27
1380.5109,-187500.03,-187500.03,-187500.03,-187500.03,-187500.03,-187500.03,-187500.03,-187500.03,-187500.03,-147917.3,-183195.62,-187500.03,-144460.88,-187500.03,-187500.03,-187500.03
1380.5332,-187500.03,-187500.03,-187500.03,-187500.03,-187500.03,-187500.03,-187500.03,-187500.03,-187500.03,-140475.16,-176948.9,-187500.03,-139464.77,-187500.03,-187500.03,-187500.03
1380.5555,-187500.03,-187500.03,-187500.03,-187500.03,-187500.03,-187500.03,-187500.03,-187500.03,-187500.03,-135178.16,-173066.31,-187500.03,-134670.1,-187500.03,-187500.03,-181727.94
1380.5779,-187500.03,-187500.03,-187500.03,-187500.03,-187500.03,-187500.03,-187500.03,-187500.03,-187500.03,-140363.97,-177643.05,-187500.03,-137922.27,-187500.03,-187500.03,-185762.81
1380.6002,-187500.03,-187500.03,-187500.03,-187500.03,-187500.03,-187500.03,-187500.03,-187500.03,-187500.03,-147908.66,-183300.52,-187500.03,-144252.14,-187500.03,-187500.03,-187500.03
1380.6227,-187500.03,-187500.03,-187500.03,-187500.03,-187500.03,-187500.03,-187500.03,-187500.03,-187500.03,-142096.73,-178235.38,-187500.03,-140696.8,-187500.03,-187500.03,-187500.03
1380.645,-187500.03,-187500.03,-187500.03,-187500.03,-187500.03,-187500.03,-187500.03,-187500.03,-187500.03,-135369.89,-173132.02,-187500.03,-134988.31,-187500.03,-187500.03,-182170.23
1380.6674,-187500.03,-187500.03,-187500.03,-187500.03,-187500.03,-187500.03,-187500.03,-187500.03,-187500.03,-138813.14,-176364.53,-187500.03,-136783.94,-187500.03,-187500.03,-184367.88
1380.6897,-187500.03,-187500.03,-187500.03,-187500.03,-187500.03,-187500.03,-187500.03,-187500.03,-187500.03,-147395.78,-182997.4,-187500.03,-143672.53,-187500.03,-187500.03,-187500.03
1380.712,-187500.03,-187500.03,-187500.03,-187500.03,-187500.03,-187500.03,-187500.03,-187500.03,-187500.03,-143731.39,-179555.03,-187500.03,-141884.12,-187500.03,-187500.03,-187500.03
1380.7344,-187500.03,-187500.03,-187500.03,-187500.03,-187500.03,-187500.03,-187500.03,-187500.03,-187500.03,-135865.44,-173452.14,-187500.03,-135531.48,-187500.03,-187500.03,-182905.1
1380.7567,-187500.03,-187500.03,-187500.03,-187500.03,-187500.03,-187500.03,-187500.03,-187500.03,-187500.03,-137470.45,-175232.92,-187500.03,-135841.33,-187500.03,-187500.03,-183191.48
1380.779,-187500.03,-187500.03,-187500.03,-187500.03,-187500.03,-187500.03,-187500.03,-187500.03,-187500.03,-146430.23,-182328.6,-187500.03,-142775.0,-187500.03,-187500.03,-187500.03
1380.8014,-187500.03,-187500.03,-187500.03,-187500.03,-187500.03,-187500.03,-187500.03,-187500.03,-187500.03,-145253.64,-180813.86,-187500.03,-142936.39,-187500.03,-187500.03,-187500.03
1380.8237,-187500.03,-187500.03,-187500.03,-187500.03,-187500.03,-187500.03,-187500.03,-187500.03,-187500.03,-136652.73,-174012.92,-187500.03,-136283.53,-187500.03,-187500.03,-183888.66
1380.8462,-187500.03,-187500.03,-187500.03,-187500.03,-187500.03,-187500.03,-187500.03,-187500.03,-187500.03,-136408.12,-174304.42,-187500.03,-135146.45,-187500.03,-187500.03,-182307.47
1380.8685,-187500.03,-187500.03,-187500.03,-187500.03,-187500.03,-187500.03,-187500.03,-187500.03,-187500.03,-145111.03,-181355.17,-187500.03,-141647.48,-187500.03,-187500.03,-187500.03
1380.8909,-187500.03,-187500.03,-187500.03,-187500.03,-187500.03,-187500.03,-187500.03,-187500.03,-187500.03,-146540.08,-181906.12,-187500.03,-143766.8,-187500.03,-187500.03,-187500.03
1380.9132,-187500.03,-187500.03,-187500.03,-187500.03,-187500.03,-187500.03,-187500.03,-187500.03,-187500.03,-137727.02,-174815.28,-187500.03,-137228.78,-187500.03,-187500.03,-185098.97
1380.9355,-187500.03,-187500.03,-187500.03,-187500.03,-187500.03,-187500.03,-187500.03,-187500.03,-187500.03,-135671.77,-173630.12,-187500.03,-134724.0,-187500.03,-187500.03,-181775.25
1380.9579,-187500.03,-187500.03,-187500.03,-187500.03,-187500.03,-187500.03,-187500.03,-187500.03,-187500.03,-143552.27,-180165.5,-187500.03,-140376.78,-187500.03,-187500.03,-187500.03
1380.9802,-187500.03,-187500.03,-187500.03,-187500.03,-187500.03,-187500.03,-187500.03,-187500.03,-187500.03,-147429.58,-182706.67,-187500.03,-144263.58,-187500.03,-187500.03,-187500.03
1381.0026,-187500.03,-187500.03,-187500.03,-187500.03,-187500.03,-187500.03,-187500.03,-187500.03,-187500.03,-139014.75,-175804.62,-187500.03,-138296.98,-187500.03,-187500.03,-186423.94
1381.0249,-187500.03,-187500.03,-187500.03,-187500.03,-187500.03,-187500.03,-187500.03,-187500.03,-187500.03,-135250.0,-173206.14,-187500.03,-134554.45,-187500.03,-187500.03,-181573.17
1381.0474,-187500.03,-187500.03,-187500.03,-187500.03,-187500.03,-187500.03,-187500.03,-187500.03,-187500.03,-141921.75,-178889.33,-187500.03,-139093.81,-187500.03,-187500.03,-187179.19
1381.0697,-187500.03,-187500.03,-187500.03,-187500.03,-187500.03,-187500.03,-187500.03,-187500.03,-187500.03,-147893.28,-183178.23,-187500.03,-144420.8,-187500.03,-187500.03,-187500.03
1381.092,-187500.03,-187500.03,-187500.03,-187500.03,-187500.03,-187500.03,-187500.03,-187500.03,-187500.03,-140491.67,-176956.77,-187500.03,-139464.42,-187500.03,-187500.03,-187500.03
1381.1144,-187500.03,-187500.03,-187500.03,-187500.03,-187500.03,-187500.03,-187500.03,-187500.03,-187500.03,-135139.08,-173026.66,-187500.03,-134634.83,-187500.03,-187500.03,-181701.56
1381.1367,-187500.03,-187500.03,-187500.03,-187500.03,-187500.03,-187500.03,-187500.03,-187500.03,-187500.03,-140264.83,-177556.14,-187500.03,-137837.27,-187500.03,-187500.03,-185673.73
1381.159,-187500.03,-187500.03,-187500.03,-187500.03,-187500.03,-187500.03,-187500.03,-187500.03,-187500.03,-147863.55,-183261.66,-187500.03,-144201.22,-187500.03,-187500.03,-187500.03
1381.1814,-187500.03,-187500.03,-187500.03,-187500.03,-187500.03,-187500.03,-187500.03,-187500.03,-187500.03,-142112.78,-178242.56,-187500.03,-140697.11,-187500.03,-187500.03,-187500.03
1381.2037,-187500.03,-187500.03,-187500.03,-187500.03,-187500.03,-187500.03,-187500.03,-187500.03,-187500.03,-135337.84,-173098.72,-187500.03,-134957.67,-187500.03,-187500.03,-182149.33
1381.2261,-187500.03,-187500.03,-187500.03,-187500.03,-187500.03,-187500.03,-187500.03,-187500.03,-187500.03,-138725.97,-176288.08,-187500.03,-136707.92,-187500.03,-187500.03,-184289.56
1381.2484,-187500.03,-187500.03,-187500.03,-187500.03,-187500.03,-187500.03,-187500.03,-187500.03,-187500.03,-147333.3,-182944.1,-187500.03,-143608.27,-187500.03,-187500.03,-187500.03
1381.2709,-187500.03,-187500.03,-187500.03,-187500.03,-187500.03,-187500.03,-187500.03,-187500.03,-187500.03,-143719.81,-179538.98,-187500.03,-141861.19,-187500.03,-187500.03,-187500.03
1381.2932,-187500.03,-187500.03,-187500.03,-187500.03,-187500.03,-187500.03,-187500.03,-187500.03,-187500.03,-135830.08,-173413.11,-187500.03,-135495.81,-187500.03,-187500.03,-182874.25
1381.3156,-187500.03,-187500.03,-187500.03,-187500.03,-187500.03,-187500.03,-187500.03,-187500.03,-187500.03,-137396.78,-175161.84,-187500.03,-135775.53,-187500.03,-187500.03,-183120.75
1381.3379,-187500.03,-187500.03,-187500.03,-187500.03,-187500.03,-187500.03,-187500.03,-187500.03,-187500.03,-146361.16,-182260.95,-187500.03,-142705.02,-187500.03,-187500.03,-187500.03
1381.3602,-187500.03,-187500.03,-187500.03,-187500.03,-187500.03,-187500.03,-187500.03,-187500.03,-187500.03,-145237.55,-180785.58,-187500.03,-142905.0,-187500.03,-187500.03,-187500.03
1381.3826,-187500.03,-187500.03,-187500.03,-187500.03,-187500.03,-187500.03,-187500.03,-187500.03,-187500.03,-136617.25,-173967.67,-187500.03,-136242.31,-187500.03,-187500.03,-183859.56
1381.4049,-187500.03,-187500.03,-187500.03,-187500.03,-187500.03,-187500.03,-187500.03,-187500.03,-187500.03,-136333.3,-174229.39,-187500.03,-135074.7,-187500.03,-187500.03,-182239.02
1381.4272,-187500.03,-187500.03,-187500.03,-187500.03,-187500.03,-187500.03,-187500.03,-187500.03,-187500.03,-145021.97,-181271.45,-187500.03,-141556.22,-187500.03,-187500.03,-187500.03
1381.4496,-187500.03,-187500.03,-187500.03,-187500.03,-187500.03,-187500.03,-187500.03,-187500.03,-187500.03,-146507.44,-181867.19,-187500.03,-143716.0,-187500.03,-187500.03,-187500.03
1381.472,-187500.03,-187500.03,-187500.03,-187500.03,-187500.03,-187500.03,-187500.03,-187500.03,-187500.03,-137691.3,-174769.78,-187500.03,-137182.1,-187500.03,-187500.03,-185063.92
1381.4944,-187500.03,-187500.03,-187500.03,-187500.03,-187500.03,-187500.03,-187500.03,-187500.03,-187500.03,-135589.69,-173545.77,-187500.03,-134642.92,-187500.03,-187500.03,-181696.27
1381.5167,-187500.03,-187500.03,-187500.03,-187500.03,-187500.03,-187500.03,-187500.03,-187500.03,-187500.03,-143443.77,-180061.23,-187500.03,-140269.67,-187500.03,-187500.03,-187500.03
1381.5391,-187500.03,-187500.03,-187500.03,-187500.03,-187500.03,-187500.03,-187500.03,-187500.03,-187500.03,-147403.48,-182668.14,-187500.03,-144215.22,-187500.03,-187500.03,-187500.03
1381.5614,-187500.03,-187500.03,-187500.03,-187500.03,-187500.03,-187500.03,-187500.03,-187500.03,-187500.03,-139005.94,-175776.47,-187500.03,-138272.0,-187500.03,-187500.03,-186420.02
1381.5837,-187500.03,-187500.03,-187500.03,-187500.03,-187500.03,-187500.03,-187500.03,-187500.03,-187500.03,-135161.78,-173112.66,-187500.03,-134473.36,-187500.03,-187500.03,-181495.52
1381.6061,-187500.03,-187500.03,-187500.03,-187500.03,-187500.03,-187500.03,-187500.03,-187500.03,-187500.03,-141753.44,-178736.36,-187500.03,-138943.84,-187500.03,-187500.03,-187029.31
1381.6284,-187500.03,-187500.03,-187500.03,-187500.03,-187500.03,-187500.03,-187500.03,-187500.03,-187500.03,-147830.52,-183114.64,-187500.03,-144340.25,-187500.03,-187500.03,-187500.03
1381.6508,-187500.03,-187500.03,-187500.03,-187500.03,-187500.03,-187500.03,-187500.03,-187500.03,-187500.03,-140511.98,-176953.94,-187500.03,-139460.97,-187500.03,-187500.03,-187500.03
1381.6731,-187500.03,-187500.03,-187500.03,-187500.03,-187500.03,-187500.03,-187500.03,-187500.03,-187500.03,-135058.44,-172939.27,-187500.03,-134561.2,-187500.03,-187500.03,-181632.84
1381.6956,-187500.03,-187500.03,-187500.03,-187500.03,-187500.03,-187500.03,-187500.03,-187500.03,-187500.03,-140085.36,-177394.1,-187500.03,-137676.47,-187500.03,-187500.03,-185505.83
1381.7179,-187500.03,-187500.03,-187500.03,-187500.03,-187500.03,-187500.03,-187500.03,-187500.03,-187500.03,-147765.36,-183173.47,-187500.03,-144086.75,-187500.03,-187500.03,-187500.03
1381.7402,-187500.03,-187500.03,-187500.03,-187500.03,-187500.03,-187500.03,-187500.03,-187500.03,-187500.03,-142140.45,-178249.22,-187500.03,-140689.47,-187500.03,-187500.03,-187500.03
1381.7626,-187500.03,-187500.03,-187500.03,-187500.03,-187500.03,-187500.03,-187500.03,-187500.03,-187500.03,-135276.95,-173029.83,-187500.03,-134897.2,-187500.03,-187500.03,-182101.56
1381.7849,-187500.03,-187500.03,-187500.03,-187500.03,-187500.03,-187500.03,-187500.03,-187500.03,-187500.03,-138546.61,-176126.31,-187500.03,-136551.0,-187500.03,-187500.03,-184119.48
1381.8073,-187500.03,-187500.03,-187500.03,-187500.03,-187500.03,-187500.03,-187500.03,-187500.03,-187500.03,-147204.28,-182831.11,-187500.03,-143472.83,-187500.03,-187500.03,-187500.03
1381.8296,-187500.03,-187500.03,-187500.03,-187500.03,-187500.03,-187500.03,-187500.03,-187500.03,-187500.03,-143767.34,-179561.06,-187500.03,-141865.16,-187500.03,-187500.03,-187500.03
1381.8519,-187500.03,-187500.03,-187500.03,-187500.03,-187500.03,-187500.03,-187500.03,-187500.03,-187500.03,-135803.83,-173369.17,-187500.03,-135461.66,-187500.03,-187500.03,-182859.31
1381.8743,-187500.03,-187500.03,-187500.03,-187500.03,-187500.03,-187500.03,-187500.03,-187500.03,-187500.03,-137242.58,-175016.84,-187500.03,-135639.19,-187500.03,-187500.03,-182974.61
1381.8967,-187500.03,-187500.03,-187500.03,-187500.03,-187500.03,-187500.03,-187500.03,-187500.03,-187500.03,-146209.45,-182129.94,-187500.03,-142554.05,-187500.03,-187500.03,-187500.03
1381.9191,-187500.03,-187500.03,-187500.03,-187500.03,-187500.03,-187500.03,-187500.03,-187500.03,-187500.03,-145263.64,-180794.92,-187500.03,-142889.4,-187500.03,-187500.03,-187500.03
1381.9414,-187500.03,-187500.03,-187500.03,-187500.03,-187500.03,-187500.03,-187500.03,-187500.03,-187500.03,-136614.62,-173947.67,-187500.03,-136224.31,-187500.03,-187500.03,-183865.14
1381.9637,-187500.03,-187500.03,-187500.03,-187500.03,-187500.03,-187500.03,-187500.03,-187500.03,-187500.03,-136201.69,-174103.22,-187500.03,-134956.97,-187500.03,-187500.03,-182115.67
1381.9861,-187500.03,-187500.03,-187500.03,-187500.03,-187500.03,-187500.03,-187500.03,-187500.03,-187500.03,-144849.8,-181119.11,-187500.03,-141392.38,-187500.03,-187500.03,-187500.03
1382.0084,-187500.03,-187500.03,-187500.03,-187500.03,-187500.03,-187500.03,-187500.03,-187500.03,-187500.03,-146507.0,-181851.97,-187500.03,-143679.62,-187500.03,-187500.03,-187500.03
1382.0308,-187500.03,-187500.03,-187500.03,-187500.03,-187500.03,-187500.03,-187500.03,-187500.03,-187500.03,-137704.05,-174758.17,-187500.03,-137175.83,-187500.03,-187500.03,-185082.02
1382.0531,-187500.03,-187500.03,-187500.03,-187500.03,-187500.03,-187500.03,-187500.03,-187500.03,-187500.03,-135476.23,-173430.1,-187500.03,-134543.19,-187500.03,-187500.03,-181594.22
1382.0754,-187500.03,-187500.03,-187500.03,-187500.03,-187500.03,-187500.03,-187500.03,-187500.03,-187500.03,-143260.66,-179898.73,-187500.03,-140101.72,-187500.03,-187500.03,-187500.03
1382.0978,-187500.03,-187500.03,-187500.03,-187500.03,-187500.03,-187500.03,-187500.03,-187500.03,-187500.03,-147369.69,-182627.6,-187500.03,-144150.58,-187500.03,-187500.03,-187500.03
1382.1202,-187500.03,-187500.03,-187500.03,-187500.03,-187500.03,-187500.03,-187500.03,-187500.03,-187500.03,-139032.62,-175775.39,-187500.03,-138270.22,-187500.03,-187500.03,-186450.81
1382.1426,-187500.03,-187500.03,-187500.03,-187500.03,-187500.03,-187500.03,-187500.03,-187500.03,-187500.03,-135072.75,-173012.45,-187500.03,-134389.98,-187500.03,-187500.03,-181421.36
1382.1649,-187500.03,-187500.03,-187500.03,-187500.03,-187500.03,-187500.03,-187500.03,-187500.03,-187500.03,-141568.45,-178564.88,-187500.03,-138775.89,-187500.03,-187500.03,-186862.52
1382.1873,-187500.03,-187500.03,-187500.03,-187500.03,-187500.03,-187500.03,-187500.03,-187500.03,-187500.03,-147768.7,-183046.95,-187500.03,-144254.73,-187500.03,-187500.03,-187500.03
1382.2096,-187500.03,-187500.03,-187500.03,-187500.03,-187500.03,-187500.03,-187500.03,-187500.03,-187500.03,-140549.6,-176958.34,-187500.03,-139464.62,-187500.03,-187500.03,-187500.03
1382.2319,-187500.03,-187500.03,-187500.03,-187500.03,-187500.03,-187500.03,-187500.03,-187500.03,-187500.03,-134992.52,-172856.02,-187500.03,-134495.39,-187500.03,-187500.03,-181581.88
1382.2543,-187500.03,-187500.03,-187500.03,-187500.03,-187500.03,-187500.03,-187500.03,-187500.03,-187500.03,-139902.69,-177220.33,-187500.03,-137511.81,-187500.03,-187500.03,-185335.75
1382.2766,-187500.03,-187500.03,-187500.03,-187500.03,-187500.03,-187500.03,-187500.03,-187500.03,-187500.03,-147665.67,-183071.92,-187500.03,-143969.98,-187500.03,-187500.03,-187500.03
1382.299,-187500.03,-187500.03,-187500.03,-187500.03,-187500.03,-187500.03,-187500.03,-187500.03,-187500.03,-142171.55,-178245.58,-187500.03,-140681.05,-187500.03,-187500.03,-187500.03
1382.3214,-187500.03,-187500.03,-187500.03,-187500.03,-187500.03,-187500.03,-187500.03,-187500.03,-187500.03,-135231.72,-172959.42,-187500.03,-134844.62,-187500.03,-187500.03,-182062.62
1382.3438,-187500.03,-187500.03,-187500.03,-187500.03,-187500.03,-187500.03,-187500.03,-187500.03,-187500.03,-138377.45,-175957.16,-187500.03,-136398.02,-187500.03,-187500.03,-183953.48
1382.3661,-187500.03,-187500.03,-187500.03,-187500.03,-187500.03,-187500.03,-187500.03,-187500.03,-187500.03,-147074.98,-182704.17,-187500.03,-143333.97,-187500.03,-187500.03,-187500.03
1382.3884,-187500.03,-187500.03,-187500.03,-187500.03,-187500.03,-187500.03,-187500.03,-187500.03,-187500.03,-143798.48,-179558.9,-187500.03,-141854.53,-187500.03,-187500.03,-187500.03
1382.4108,-187500.03,-187500.03,-187500.03,-187500.03,-187500.03,-187500.03,-187500.03,-187500.03,-187500.03,-135775.72,-173314.69,-187500.03,-135421.88,-187500.03,-187500.03,-182833.5
1382.4331,-187500.03,-187500.03,-187500.03,-187500.03,-187500.03,-187500.03,-187500.03,-187500.03,-187500.03,-137075.83,-174851.27,-187500.03,-135489.66,-187500.03,-187500.03,-182807.56
1382.4554,-187500.03,-187500.03,-187500.03,-187500.03,-187500.03,-187500.03,-187500.03,-187500.03,-187500.03,-146042.2,-181974.9,-187500.03,-142386.34,-187500.03,-187500.03,-187500.03
1382.4778,-187500.03,-187500.03,-187500.03,-187500.03,-187500.03,-187500.03,-187500.03,-187500.03,-187500.03,-145289.22,-180792.95,-187500.03,-142870.33,-187500.03,-187500.03,-187500.03
1382.5001,-187500.03,-187500.03,-187500.03,-187500.03,-187500.03,-187500.03,-187500.03,-187500.03,-187500.03,-136614.27,-173917.78,-187500.03,-136207.4,-187500.03,-187500.03,-183860.4
1382.5225,-187500.03,-187500.03,-187500.03,-187500.03,-187500.03,-187500.03,-187500.03,-187500.03,-187500.03,-136064.62,-173960.88,-187500.03,-134836.31,-187500.03,-187500.03,-181974.25
1382.5449,-187500.03,-187500.03,-187500.03,-187500.03,-187500.03,-187500.03,-187500.03,-187500.03,-187500.03,-144668.08,-180951.92,-187500.03,-141221.48,-187500.03,-187500.03,-187500.03
1382.5673,-187500.03,-187500.03,-187500.03,-187500.03,-187500.03,-187500.03,-187500.03,-187500.03,-187500.03,-146514.22,-181837.4,-187500.03,-143648.23,-187500.03,-187500.03,-187500.03
1382.5896,-187500.03,-187500.03,-187500.03,-187500.03,-187500.03,-187500.03,-187500.03,-187500.03,-187500.03,-137721.28,-174744.25,-187500.03,-137172.34,-187500.03,-187500.03,-185094.48
1382.6119,-187500.03,-187500.03,-187500.03,-187500.03,-187500.03,-187500.03,-187500.03,-187500.03,-187500.03,-135372.27,-173316.06,-187500.03,-134451.22,-187500.03,-187500.03,-181491.72
1382.6343,-187500.03,-187500.03,-187500.03,-187500.03,-187500.03,-187500.03,-187500.03,-187500.03,-187500.03,-143082.61,-179733.17,-187500.03,-139939.47,-187500.03,-187500.03,-187500.03
1382.6566,-187500.03,-187500.03,-187500.03,-187500.03,-187500.03,-187500.03,-187500.03,-187500.03,-187500.03,-147341.83,-182587.03,-187500.03,-144095.16,-187500.03,-187500.03,-187500.03
1382.679,-187500.03,-187500.03,-187500.03,-187500.03,-187500.03,-187500.03,-187500.03,-187500.03,-187500.03,-139051.08,-175765.66,-187500.03,-138266.38,-187500.03,-187500.03,-186462.25
1382.7013,-187500.03,-187500.03,-187500.03,-187500.03,-187500.03,-187500.03,-187500.03,-187500.03,-187500.03,-135000.23,-172928.12,-187500.03,-134322.92,-187500.03,-187500.03,-181351.3
1382.7236,-187500.03,-187500.03,-187500.03,-187500.03,-187500.03,-187500.03,-187500.03,-187500.03,-187500.03,-141414.22,-178419.5,-187500.03,-138635.38,-187500.03,-187500.03,-186714.11
1382.7461,-187500.03,-187500.03,-187500.03,-187500.03,-187500.03,-187500.03,-187500.03,-187500.03,-187500.03,-147721.28,-182991.83,-187500.03,-144183.0,-187500.03,-187500.03,-187500.03
1382.7684,-187500.03,-187500.03,-187500.03,-187500.03,-187500.03,-187500.03,-187500.03,-187500.03,-187500.03,-140578.08,-176959.19,-187500.03,-139463.17,-187500.03,-187500.03,-187500.03
1382.7908,-187500.03,-187500.03,-187500.03,-187500.03,-187500.03,-187500.03,-187500.03,-187500.03,-187500.03,-134945.17,-172794.16,-187500.03,-134446.77,-187500.03,-187500.03,-181547.06
1382.8131,-187500.03,-187500.03,-187500.03,-187500.03,-187500.03,-187500.03,-187500.03,-187500.03,-187500.03,-139760.22,-177086.1,-187500.03,-137385.7,-187500.03,-187500.03,-185204.47
1382.8354,-187500.03,-187500.03,-187500.03,-187500.03,-187500.03,-187500.03,-187500.03,-187500.03,-187500.03,-147599.98,-183006.8,-187500.03,-143890.67,-187500.03,-187500.03,-187500.03
1382.8578,-187500.03,-187500.03,-187500.03,-187500.03,-187500.03,-187500.03,-187500.03,-187500.03,-187500.03,-142214.95,-178262.83,-187500.03,-140695.0,-187500.03,-187500.03,-187500.03
1382.8801,-187500.03,-187500.03,-187500.03,-187500.03,-187500.03,-187500.03,-187500.03,-187500.03,-187500.03,-135205.12,-172917.6,-187500.03,-134815.75,-187500.03,-187500.03,-182050.94
1382.9025,-187500.03,-187500.03,-187500.03,-187500.03,-187500.03,-187500.03,-187500.03,-187500.03,-187500.03,-138251.02,-175838.06,-187500.03,-136286.97,-187500.03,-187500.03,-183838.66
1382.9248,-187500.03,-187500.03,-187500.03,-187500.03,-187500.03,-187500.03,-187500.03,-187500.03,-187500.03,-146983.8,-182623.16,-187500.03,-143236.47,-187500.03,-187500.03,-187500.03
1382.9471,-187500.03,-187500.03,-187500.03,-187500.03,-187500.03,-187500.03,-187500.03,-187500.03,-187500.03,-143826.2,-179570.94,-187500.03,-141850.9,-187500.03,-187500.03,-187500.03
1382.9696,-187500.03,-187500.03,-187500.03,-187500.03,-187500.03,-187500.03,-187500.03,-187500.03,-187500.03,-135762.75,-173290.11,-187500.03,-135400.97,-187500.03,-187500.03,-182832.81
1382.992,-187500.03,-187500.03,-187500.03,-187500.03,-187500.03,-187500.03,-187500.03,-187500.03,-187500.03,-136983.5,-174761.73,-187500.03,-135406.36,-187500.03,-187500.03,-182725.16
1383.0143,-187500.03,-187500.03,-187500.03,-187500.03,-187500.03,-187500.03,-187500.03,-187500.03,-187500.03,-145949.12,-181889.94,-187500.03,-142292.25,-187500.03,-187500.03,-187500.03
1383.0366,-187500.03,-187500.03,-187500.03,-187500.03,-187500.03,-187500.03,-187500.03,-187500.03,-187500.03,-145299.64,-180788.78,-187500.03,-142855.95,-187500.03,-187500.03,-187500.03
1383.059,-187500.03,-187500.03,-187500.03,-187500.03,-187500.03,-187500.03,-187500.03,-187500.03,-187500.03,-136605.77,-173894.8,-187500.03,-136188.42,-187500.03,-187500.03,-183858.28
1383.0813,-187500.03,-187500.03,-187500.03,-187500.03,-187500.03,-187500.03,-187500.03,-187500.03,-187500.03,-135993.25,-173887.5,-187500.03,-134767.56,-187500.03,-187500.03,-181909.61
1383.1036,-187500.03,-187500.03,-187500.03,-187500.03,-187500.03,-187500.03,-187500.03,-187500.03,-187500.03,-144570.66,-180863.22,-187500.03,-141122.77,-187500.03,-187500.03,-187500.03
1383.126,-187500.03,-187500.03,-187500.03,-187500.03,-187500.03,-187500.03,-187500.03,-187500.03,-187500.03,-146509.48,-181823.53,-187500.03,-143617.5,-187500.03,-187500.03,-187500.03
1383.1483,-187500.03,-187500.03,-187500.03,-187500.03,-187500.03,-187500.03,-187500.03,-187500.03,-187500.03,-137727.73,-174735.5,-187500.03,-137160.5,-187500.03,-187500.03,-185103.44
1383.1708,-187500.03,-187500.03,-187500.03,-187500.03,-187500.03,-187500.03,-187500.03,-187500.03,-187500.03,-135313.83,-173254.14,-187500.03,-134392.9,-187500.03,-187500.03,-181439.64
1383.1931,-187500.03,-187500.03,-187500.03,-187500.03,-187500.03,-187500.03,-187500.03,-187500.03,-187500.03,-142970.62,-179633.17,-187500.03,-139834.28,-187500.03,-187500.03,-187500.03
1383.2155,-187500.03,-187500.03,-187500.03,-187500.03,-187500.03,-187500.03,-187500.03,-187500.03,-187500.03,-147335.17,-182572.31,-187500.03,-144062.97,-187500.03,-187500.03,-187500.03
1383.2378,-187500.03,-187500.03,-187500.03,-187500.03,-187500.03,-187500.03,-187500.03,-187500.03,-187500.03,-139092.7,-175781.3,-187500.03,-138282.89,-187500.03,-187500.03,-186499.3
1383.2601,-187500.03,-187500.03,-187500.03,-187500.03,-187500.03,-187500.03,-187500.03,-187500.03,-187500.03,-134957.1,-172872.25,-187500.03,-134279.53,-187500.03,-187500.03,-181310.7
1383.2825,-187500.03,-187500.03,-187500.03,-187500.03,-187500.03,-187500.03,-187500.03,-187500.03,-187500.03,-141290.89,-178303.95,-187500.03,-138521.4,-187500.03,-187500.03,-186592.3
1383.3048,-187500.03,-187500.03,-187500.03,-187500.03,-187500.03,-187500.03,-187500.03,-187500.03,-187500.03,-147687.88,-182955.62,-187500.03,-144128.14,-187500.03,-187500.03,-187500.03
1383.3271,-187500.03,-187500.03,-187500.03,-187500.03,-187500.03,-187500.03,-187500.03,-187500.03,-187500.03,-140624.97,-176981.12,-187500.03,-139480.56,-187500.03,-187500.03,-187500.03
1383.3495,-187500.03,-187500.03,-187500.03,-187500.03,-187500.03,-187500.03,-187500.03,-187500.03,-187500.03,-134919.38,-172754.36,-187500.03,-134417.17,-187500.03,-187500.03,-181508.03
1383.3718,-187500.03,-187500.03,-187500.03,-187500.03,-187500.03,-187500.03,-187500.03,-187500.03,-187500.03,-139664.02,-176991.36,-187500.03,-137296.27,-187500.03,-187500.03,-185091.5
1383.3943,-187500.03,-187500.03,-187500.03,-187500.03,-187500.03,-187500.03,-187500.03,-187500.03,-187500.03,-147549.06,-182953.73,-187500.03,-143827.02,-187500.03,-187500.03,-187500.03
1383.4166,-187500.03,-187500.03,-187500.03,-187500.03,-187500.03,-187500.03,-187500.03,-187500.03,-187500.03,-142251.05,-178272.88,-187500.03,-140702.6,-187500.03,-187500.03,-187500.03
1383.439,-187500.03,-187500.03,-187500.03,-187500.03,-187500.03,-187500.03,-187500.03,-187500.03,-187500.03,-135194.28,-172885.03,-187500.03,-134795.6,-187500.03,-187500.03,-182020.86
1383.4613,-187500.03,-187500.03,-187500.03,-187500.03,-187500.03,-187500.03,-187500.03,-187500.03,-187500.03,-138173.2,-175753.52,-187500.03,-136211.73,-187500.03,-187500.03,-183742.27
1383.4836,-187500.03,-187500.03,-187500.03,-187500.03,-187500.03,-187500.03,-187500.03,-187500.03,-187500.03,-146918.14,-182554.31,-187500.03,-143161.52,-187500.03,-187500.03,-187500.03
1383.506,-187500.03,-187500.03,-187500.03,-187500.03,-187500.03,-187500.03,-187500.03,-187500.03,-187500.03,-143866.31,-179581.83,-187500.03,-141859.36,-187500.03,-187500.03,-187500.03
1383.5283,-187500.03,-187500.03,-187500.03,-187500.03,-187500.03,-187500.03,-187500.03,-187500.03,-187500.03,-135771.19,-173268.62,-187500.03,-135396.12,-187500.03,-187500.03,-182827.33
1383.5507,-187500.03,-187500.03,-187500.03,-187500.03,-187500.03,-187500.03,-187500.03,-187500.03,-187500.03,-136908.84,-174673.94,-187500.03,-135338.11,-187500.03,-187500.03,-182638.55
1383.573,-187500.03,-187500.03,-187500.03,-187500.03,-187500.03,-187500.03,-187500.03,-187500.03,-187500.03,-145866.47,-181805.25,-187500.03,-142206.97,-187500.03,-187500.03,-187500.03
1383.5955,-187500.03,-187500.03,-187500.03,-187500.03,-187500.03,-187500.03,-187500.03,-187500.03,-187500.03,-145351.58,-180812.88,-187500.03,-142870.86,-187500.03,-187500.03,-187500.03
1383.6178,-187500.03,-187500.03,-187500.03,-187500.03,-187500.03,-187500.03,-187500.03,-187500.03,-187500.03,-136638.92,-173897.56,-187500.03,-136201.36,-187500.03,-187500.03,-183894.2
1383.6401,-187500.03,-187500.03,-187500.03,-187500.03,-187500.03,-187500.03,-187500.03,-187500.03,-187500.03,-135928.94,-173811.97,-187500.03,-134707.66,-187500.03,-187500.03,-181852.38
1383.6625,-187500.03,-187500.03,-187500.03,-187500.03,-187500.03,-187500.03,-187500.03,-187500.03,-187500.03,-144473.52,-180770.19,-187500.03,-141028.84,-187500.03,-187500.03,-187500.03
1383.6848,-187500.03,-187500.03,-187500.03,-187500.03,-187500.03,-187500.03,-187500.03,-187500.03,-187500.03,-146554.11,-181846.38,-187500.03,-143629.95,-187500.03,-187500.03,-187500.03
1383.7072,-187500.03,-187500.03,-187500.03,-187500.03,-187500.03,-187500.03,-187500.03,-187500.03,-187500.03,-137781.69,-174756.55,-187500.03,-137193.98,-187500.03,-187500.03,-185162.94
1383.7295,-187500.03,-187500.03,-187500.03,-187500.03,-187500.03,-187500.03,-187500.03,-187500.03,-187500.03,-135266.66,-173191.31,-187500.03,-134349.66,-187500.03,-187500.03,-181404.81
1383.7518,-187500.03,-187500.03,-187500.03,-187500.03,-187500.03,-187500.03,-187500.03,-187500.03,-187500.03,-142864.36,-179530.98,-187500.03,-139732.02,-187500.03,-187500.03,-187500.03
1383.7742,-187500.03,-187500.03,-187500.03,-187500.03,-187500.03,-187500.03,-187500.03,-187500.03,-187500.03,-147353.95,-182577.47,-187500.03,-144048.53,-187500.03,-187500.03,-187500.03
1383.7965,-187500.03,-187500.03,-187500.03,-187500.03,-187500.03,-187500.03,-187500.03,-187500.03,-187500.03,-139165.0,-175823.67,-187500.03,-138323.8,-187500.03,-187500.03,-186569.84
1383.819,-187500.03,-187500.03,-187500.03,-187500.03,-187500.03,-187500.03,-187500.03,-187500.03,-187500.03,-134942.06,-172842.61,-187500.03,-134263.11,-187500.03,-187500.03,-181306.9
1383.8413,-187500.03,-187500.03,-187500.03,-187500.03,-187500.03,-187500.03,-187500.03,-187500.03,-187500.03,-141192.86,-178213.52,-187500.03,-138434.34,-187500.03,-187500.03,-186500.28
1383.8636,-187500.03,-187500.03,-187500.03,-187500.03,-187500.03,-187500.03,-187500.03,-187500.03,-187500.03,-147696.62,-182956.81,-187500.03,-144112.8,-187500.03,-187500.03,-187500.03
1383.886,-187500.03,-187500.03,-187500.03,-187500.03,-187500.03,-187500.03,-187500.03,-187500.03,-187500.03,-140731.31,-177051.12,-187500.03,-139552.75,-187500.03,-187500.03,-187500.03
1383.9083,-187500.03,-187500.03,-187500.03,-187500.03,-187500.03,-187500.03,-187500.03,-187500.03,-187500.03,-134933.22,-172744.1,-187500.03,-134428.27,-187500.03,-187500.03,-181532.3
1383.9307,-187500.03,-187500.03,-187500.03,-187500.03,-187500.03,-187500.03,-187500.03,-187500.03,-187500.03,-139568.17,-176899.98,-187500.03,-137213.88,-187500.03,-187500.03,-184999.45
1383.953,-187500.03,-187500.03,-187500.03,-187500.03,-187500.03,-187500.03,-187500.03,-187500.03,-187500.03,-147529.27,-182934.08,-187500.03,-143786.83,-187500.03,-187500.03,-187500.03
1383.9753,-187500.03,-187500.03,-187500.03,-187500.03,-187500.03,-187500.03,-187500.03,-187500.03,-187500.03,-142366.95,-178355.5,-187500.03,-140775.83,-187500.03,-187500.03,-187500.03
1383.9977,-187500.03,-187500.03,-187500.03,-187500.03,-187500.03,-187500.03,-187500.03,-187500.03,-187500.03,-135233.28,-172901.5,-187500.03,-134826.88,-187500.03,-187500.03,-182070.62
1384.0201,-187500.03,-187500.03,-187500.03,-187500.03,-187500.03,-187500.03,-187500.03,-187500.03,-187500.03,-138114.55,-175693.75,-187500.03,-136164.6,-187500.03,-187500.03,-183686.02
1384.0425,-187500.03,-187500.03,-187500.03,-187500.03,-187500.03,-187500.03,-187500.03,-187500.03,-187500.03,-146893.95,-182532.33,-187500.03,-143128.33,-187500.03,-187500.03,-187500.03
1384.0648,-187500.03,-187500.03,-187500.03,-187500.03,-187500.03,-187500.03,-187500.03,-187500.03,-187500.03,-143965.61,-179656.89,-187500.03,-141924.67,-187500.03,-187500.03,-187500.03
1384.0872,-187500.03,-187500.03,-187500.03,-187500.03,-187500.03,-187500.03,-187500.03,-187500.03,-187500.03,-135826.9,-173304.75,-187500.03,-135441.72,-187500.03,-187500.03,-182884.58
1384.1095,-187500.03,-187500.03,-187500.03,-187500.03,-187500.03,-187500.03,-187500.03,-187500.03,-187500.03,-136871.56,-174635.12,-187500.03,-135309.12,-187500.03,-187500.03,-182600.14
1384.1318,-187500.03,-187500.03,-187500.03,-187500.03,-187500.03,-187500.03,-187500.03,-187500.03,-187500.03,-145817.62,-181766.67,-187500.03,-142158.28,-187500.03,-187500.03,-187500.03
1384.1542,-187500.03,-187500.03,-187500.03,-187500.03,-187500.03,-187500.03,-187500.03,-187500.03,-187500.03,-145428.66,-180872.25,-187500.03,-142917.89,-187500.03,-187500.03,-187500.03
1384.1765,-187500.03,-187500.03,-187500.03,-187500.03,-187500.03,-187500.03,-187500.03,-187500.03,-187500.03,-136707.38,-173940.75,-187500.03,-136254.48,-187500.03,-187500.03,-183952.81
1384.1989,-187500.03,-187500.03,-187500.03,-187500.03,-187500.03,-187500.03,-187500.03,-187500.03,-187500.03,-135908.27,-173782.88,-187500.03,-134693.11,-187500.03,-187500.03,-181822.97
1384.2212,-187500.03,-187500.03,-187500.03,-187500.03,-187500.03,-187500.03,-187500.03,-187500.03,-187500.03,-144416.11,-180723.25,-187500.03,-140977.58,-187500.03,-187500.03,-187500.03
1384.2437,-187500.03,-187500.03,-187500.03,-187500.03,-187500.03,-187500.03,-187500.03,-187500.03,-187500.03,-146610.38,-181891.33,-187500.03,-143659.06,-187500.03,-187500.03,-187500.03
1384.266,-187500.03,-187500.03,-187500.03,-187500.03,-187500.03,-187500.03,-187500.03,-187500.03,-187500.03,-137858.27,-174812.25,-187500.03,-137252.1,-187500.03,-187500.03,-185228.66
1384.2883,-187500.03,-187500.03,-187500.03,-187500.03,-187500.03,-187500.03,-187500.03,-187500.03,-187500.03,-135259.39,-173177.1,-187500.03,-134345.7,-187500.03,-187500.03,-181392.25
1384.3107,-187500.03,-187500.03,-187500.03,-187500.03,-187500.03,-187500.03,-187500.03,-187500.03,-187500.03,-142800.31,-179478.39,-187500.03,-139676.44,-187500.03,-187500.03,-187500.03
1384.333,-187500.03,-187500.03,-187500.03,-187500.03,-187500.03,-187500.03,-187500.03,-187500.03,-187500.03,-147393.55,-182610.72,-187500.03,-144066.53,-187500.03,-187500.03,-187500.03
1384.3553,-187500.03,-187500.03,-187500.03,-187500.03,-187500.03,-187500.03,-187500.03,-187500.03,-187500.03,-139243.17,-175880.61,-187500.03,-138383.77,-187500.03,-187500.03,-186638.03
1384.3777,-187500.03,-187500.03,-187500.03,-187500.03,-187500.03,-187500.03,-187500.03,-187500.03,-187500.03,-134934.02,-172827.77,-187500.03,-134259.94,-187500.03,-187500.03,-181300.8
1384.4,-187500.03,-187500.03,-187500.03,-187500.03,-187500.03,-187500.03,-187500.03,-187500.03,-187500.03,-141118.78,-178152.38,-187500.03,-138372.3,-187500.03,-187500.03,-186425.94
1384.4224,-187500.03,-187500.03,-187500.03,-187500.03,-187500.03,-187500.03,-187500.03,-187500.03,-187500.03,-147698.03,-182961.86,-187500.03,-144099.3,-187500.03,-187500.03,-187500.03
1384.4448,-187500.03,-187500.03,-187500.03,-187500.03,-187500.03,-187500.03,-187500.03,-187500.03,-187500.03,-140792.42,-177100.08,-187500.03,-139593.39,-187500.03,-187500.03,-187500.03
1384.4672,-187500.03,-187500.03,-187500.03,-187500.03,-187500.03,-187500.03,-187500.03,-187500.03,-187500.03,-134936.8,-172746.28,-187500.03,-134430.22,-187500.03,-187500.03,-181549.77
1384.4895,-187500.03,-187500.03,-187500.03,-187500.03,-187500.03,-187500.03,-187500.03,-187500.03,-187500.03,-139506.2,-176853.06,-187500.03,-137161.39,-187500.03,-187500.03,-184949.98
1384.5118,-187500.03,-187500.03,-187500.03,-187500.03,-187500.03,-187500.03,-187500.03,-187500.03,-187500.03,-147511.8,-182929.16,-187500.03,-143762.83,-187500.03,-187500.03,-187500.03
1384.5342,-187500.03,-187500.03,-187500.03,-187500.03,-187500.03,-187500.03,-187500.03,-187500.03,-187500.03,-142421.05,-178404.44,-187500.03,-140813.19,-187500.03,-187500.03,-187500.03
1384.5565,-187500.03,-187500.03,-187500.03,-187500.03,-187500.03,-187500.03,-187500.03,-187500.03,-187500.03,-135249.5,-172915.94,-187500.03,-134842.27,-187500.03,-187500.03,-182102.05
1384.5789,-187500.03,-187500.03,-187500.03,-187500.03,-187500.03,-187500.03,-187500.03,-187500.03,-187500.03,-138042.0,-175636.31,-187500.03,-136105.83,-187500.03,-187500.03,-183624.16
1384.6012,-187500.03,-187500.03,-187500.03,-187500.03,-187500.03,-187500.03,-187500.03,-187500.03,-187500.03,-146847.05,-182502.42,-187500.03,-143078.38,-187500.03,-187500.03,-187500.03
1384.6235,-187500.03,-187500.03,-187500.03,-187500.03,-187500.03,-187500.03,-187500.03,-187500.03,-187500.03,-144038.88,-179717.25,-187500.03,-141969.17,-187500.03,-187500.03,-187500.03
1384.6459,-187500.03,-187500.03,-187500.03,-187500.03,-187500.03,-187500.03,-187500.03,-187500.03,-187500.03,-135863.45,-173328.05,-187500.03,-135468.73,-187500.03,-187500.03,-182933.48
1384.6683,-187500.03,-187500.03,-187500.03,-187500.03,-187500.03,-187500.03,-187500.03,-187500.03,-187500.03,-136809.48,-174578.89,-187500.03,-135258.92,-187500.03,-187500.03,-182547.38
1384.6907,-187500.03,-187500.03,-187500.03,-187500.03,-187500.03,-187500.03,-187500.03,-187500.03,-187500.03,-145749.0,-181715.12,-187500.03,-142092.53,-187500.03,-187500.03,-187500.03
1384.713,-187500.03,-187500.03,-187500.03,-187500.03,-187500.03,-187500.03,-187500.03,-187500.03,-187500.03,-145497.95,-180928.39,-187500.03,-142959.72,-187500.03,-187500.03,-187500.03
1384.7354,-187500.03,-187500.03,-187500.03,-187500.03,-187500.03,-187500.03,-187500.03,-187500.03,-187500.03,-136761.81,-173978.36,-187500.03,-136302.33,-187500.03,-187500.03,-184013.47
1384.7577,-187500.03,-187500.03,-187500.03,-187500.03,-187500.03,-187500.03,-187500.03,-187500.03,-187500.03,-135865.2,-173736.72,-187500.03,-134665.72,-187500.03,-187500.03,-181785.55
1384.78,-187500.03,-187500.03,-187500.03,-187500.03,-187500.03,-187500.03,-187500.03,-187500.03,-187500.03,-144326.72,-180645.3,-187500.03,-140898.97,-187500.03,-187500.03,-187500.03
1384.8024,-187500.03,-187500.03,-187500.03,-187500.03,-187500.03,-187500.03,-187500.03,-187500.03,-187500.03,-146654.06,-181921.58,-187500.03,-143675.39,-187500.03,-187500.03,-187500.03
1384.8247,-187500.03,-187500.03,-187500.03,-187500.03,-187500.03,-187500.03,-187500.03,-187500.03,-187500.03,-137922.1,-174851.84,-187500.03,-137297.58,-187500.03,-187500.03,-185286.42
1384.847,-187500.03,-187500.03,-187500.03,-187500.03,-187500.03,-187500.03,-187500.03,-187500.03,-187500.03,-135233.42,-173143.75,-187500.03,-134327.6,-187500.03,-187500.03,-181368.2
1384.8695,-187500.03,-187500.03,-187500.03,-187500.03,-187500.03,-187500.03,-187500.03,-187500.03,-187500.03,-142704.14,-179397.53,-187500.03,-139594.5,-187500.03,-187500.03,-187500.03
1384.8918,-187500.03,-187500.03,-187500.03,-187500.03,-187500.03,-187500.03,-187500.03,-187500.03,-187500.03,-147415.42,-182628.42,-187500.03,-144065.1,-187500.03,-187500.03,-187500.03
1384.9142,-187500.03,-187500.03,-187500.03,-187500.03,-187500.03,-187500.03,-187500.03,-187500.03,-187500.03,-139314.03,-175929.47,-187500.03,-138432.08,-187500.03,-187500.03,-186701.14
1384.9365,-187500.03,-187500.03,-187500.03,-187500.03,-187500.03,-187500.03,-187500.03,-187500.03,-187500.03,-134924.69,-172806.94,-187500.03,-134253.64,-187500.03,-187500.03,-181298.72
1384.9589,-187500.03,-187500.03,-187500.03,-187500.03,-187500.03,-187500.03,-187500.03,-187500.03,-187500.03,-141014.22,-178059.34,-187500.03,-138283.22,-187500.03,-187500.03,-186327.19
1384.9812,-187500.03,-187500.03,-187500.03,-187500.03,-187500.03,-187500.03,-187500.03,-187500.03,-187500.03,-147688.58,-182953.97,-187500.03,-144070.95,-187500.03,-187500.03,-187500.03
1385.0035,-187500.03,-187500.03,-187500.03,-187500.03,-187500.03,-187500.03,-187500.03,-187500.03,-187500.03,-140881.16,-177164.62,-187500.03,-139652.61,-187500.03,-187500.03,-187500.03
1385.0259,-187500.03,-187500.03,-187500.03,-187500.03,-187500.03,-187500.03,-187500.03,-187500.03,-187500.03,-134940.08,-172736.5,-187500.03,-134434.66,-187500.03,-187500.03,-181563.25
1385.0482,-187500.03,-187500.03,-187500.03,-187500.03,-187500.03,-187500.03,-187500.03,-187500.03,-187500.03,-139398.78,-176757.88,-187500.03,-137074.03,-187500.03,-187500.03,-184848.69
1385.0706,-187500.03,-187500.03,-187500.03,-187500.03,-187500.03,-187500.03,-187500.03,-187500.03,-187500.03,-147462.27,-182890.62,-187500.03,-143704.75,-187500.03,-187500.03,-187500.03
1385.093,-187500.03,-187500.03,-187500.03,-187500.03,-187500.03,-187500.03,-187500.03,-187500.03,-187500.03,-142491.77,-178455.86,-187500.03,-140852.58,-187500.03,-187500.03,-187500.03
1385.1154,-187500.03,-187500.03,-187500.03,-187500.03,-187500.03,-187500.03,-187500.03,-187500.03,-187500.03,-135259.88,-172914.6,-187500.03,-134845.42,-187500.03,-187500.03,-182120.38
1385.1377,-187500.03,-187500.03,-187500.03,-187500.03,-187500.03,-187500.03,-187500.03,-187500.03,-187500.03,-137982.5,-175582.17,-187500.03,-136054.42,-187500.03,-187500.03,-183574.39
1385.16,-187500.03,-187500.03,-187500.03,-187500.03,-187500.03,-187500.03,-187500.03,-187500.03,-187500.03,-146790.69,-182457.83,-187500.03,-143021.2,-187500.03,-187500.03,-187500.03
1385.1824,-187500.03,-187500.03,-187500.03,-187500.03,-187500.03,-187500.03,-187500.03,-187500.03,-187500.03,-144065.02,-179737.73,-187500.03,-141978.83,-187500.03,-187500.03,-187500.03
1385.2047,-187500.03,-187500.03,-187500.03,-187500.03,-187500.03,-187500.03,-187500.03,-187500.03,-187500.03,-135863.78,-173325.38,-187500.03,-135468.0,-187500.03,-187500.03,-182946.22
1385.227,-187500.03,-187500.03,-187500.03,-187500.03,-187500.03,-187500.03,-187500.03,-187500.03,-187500.03,-136756.73,-174535.03,-187500.03,-135216.02,-187500.03,-187500.03,-182504.44
1385.2494,-187500.03,-187500.03,-187500.03,-187500.03,-187500.03,-187500.03,-187500.03,-187500.03,-187500.03,-145684.67,-181667.3,-187500.03,-142032.84,-187500.03,-187500.03,-187500.03
1385.2717,-187500.03,-187500.03,-187500.03,-187500.03,-187500.03,-187500.03,-187500.03,-187500.03,-187500.03,-145510.62,-180942.72,-187500.03,-142955.7,-187500.03,-187500.03,-187500.03
1385.2942,-187500.03,-187500.03,-187500.03,-187500.03,-187500.03,-187500.03,-187500.03,-187500.03,-187500.03,-136771.53,-173987.02,-187500.03,-136302.0,-187500.03,-187500.03,-184026.86
1385.3165,-187500.03,-187500.03,-187500.03,-187500.03,-187500.03,-187500.03,-187500.03,-187500.03,-187500.03,-135824.34,-173706.06,-187500.03,-134627.0,-187500.03,-187500.03,-181751.05
1385.3389,-187500.03,-187500.03,-187500.03,-187500.03,-187500.03,-187500.03,-187500.03,-187500.03,-187500.03,-144258.4,-180597.64,-187500.03,-140835.36,-187500.03,-187500.03,-187500.03
1385.3612,-187500.03,-187500.03,-187500.03,-187500.03,-187500.03,-187500.03,-187500.03,-187500.03,-187500.03,-146663.77,-181937.75,-187500.03,-143670.45,-187500.03,-187500.03,-187500.03
1385.3835,-187500.03,-187500.03,-187500.03,-187500.03,-187500.03,-187500.03,-187500.03,-187500.03,-187500.03,-137942.61,-174872.1,-187500.03,-137309.16,-187500.03,-187500.03,-185309.88
1385.4059,-187500.03,-187500.03,-187500.03,-187500.03,-187500.03,-187500.03,-187500.03,-187500.03,-187500.03,-135204.62,-173122.11,-187500.03,-134303.84,-187500.03,-187500.03,-181344.06
1385.4282,-187500.03,-187500.03,-187500.03,-187500.03,-187500.03,-187500.03,-187500.03,-187500.03,-187500.03,-142636.48,-179346.16,-187500.03,-139535.98,-187500.03,-187500.03,-187500.03
1385.4506,-187500.03,-187500.03,-187500.03,-187500.03,-187500.03,-187500.03,-187500.03,-187500.03,-187500.03,-147398.19,-182618.02,-187500.03,-144039.84,-187500.03,-187500.03,-187500.03
1385.4729,-187500.03,-187500.03,-187500.03,-187500.03,-187500.03,-187500.03,-187500.03,-187500.03,-187500.03,-139328.42,-175939.34,-187500.03,-138434.58,-187500.03,-187500.03,-186710.7
1385.4952,-187500.03,-187500.03,-187500.03,-187500.03,-187500.03,-187500.03,-187500.03,-187500.03,-187500.03,-134909.19,-172793.53,-187500.03,-134235.44,-187500.03,-187500.03,-181281.83
1385.5177,-187500.03,-187500.03,-187500.03,-187500.03,-187500.03,-187500.03,-187500.03,-187500.03,-187500.03,-140984.22,-178038.19,-187500.03,-138254.08,-187500.03,-187500.03,-186297.86
1385.54,-187500.03,-187500.03,-187500.03,-187500.03,-187500.03,-187500.03,-187500.03,-187500.03,-187500.03,-147663.16,-182937.72,-187500.03,-144043.81,-187500.03,-187500.03,-187500.03
1385.5624,-187500.03,-187500.03,-187500.03,-187500.03,-187500.03,-187500.03,-187500.03,-187500.03,-187500.03,-140864.11,-177151.94,-187500.03,-139629.98,-187500.03,-187500.03,-187500.03
1385.5847,-187500.03,-187500.03,-187500.03,-187500.03,-187500.03,-187500.03,-187500.03,-187500.03,-187500.03,-134919.06,-172718.84,-187500.03,-134411.17,-187500.03,-187500.03,-181540.08
1385.607,-187500.03,-187500.03,-187500.03,-187500.03,-187500.03,-187500.03,-187500.03,-187500.03,-187500.03,-139365.36,-176729.45,-187500.03,-137042.23,-187500.03,-187500.03,-184816.81
1385.6294,-187500.03,-187500.03,-187500.03,-187500.03,-187500.03,-187500.03,-187500.03,-187500.03,-187500.03,-147435.39,-182867.88,-187500.03,-143675.42,-187500.03,-187500.03,-187500.03
1385.6517,-187500.03,-187500.03,-187500.03,-187500.03,-187500.03,-187500.03,-187500.03,-187500.03,-187500.03,-142503.97,-178465.06,-187500.03,-140853.38,-187500.03,-187500.03,-187500.03
1385.6741,-187500.03,-187500.03,-187500.03,-187500.03,-187500.03,-187500.03,-187500.03,-187500.03,-187500.03,-135244.75,-172899.38,-187500.03,-134828.77,-187500.03,-187500.03,-182112.42
1385.6964,-187500.03,-187500.03,-187500.03,-187500.03,-187500.03,-187500.03,-187500.03,-187500.03,-187500.03,-137899.7,-175512.66,-187500.03,-135983.3,-187500.03,-187500.03,-183497.47
1385.7189,-187500.03,-187500.03,-187500.03,-187500.03,-187500.03,-187500.03,-187500.03,-187500.03,-187500.03,-146719.23,-182404.25,-187500.03,-142950.16,-187500.03,-187500.03,-187500.03
1385.7412,-187500.03,-187500.03,-187500.03,-187500.03,-187500.03,-187500.03,-187500.03,-187500.03,-187500.03,-144104.8,-179772.23,-187500.03,-141993.9,-187500.03,-187500.03,-187500.03
1385.7635,-187500.03,-187500.03,-187500.03,-187500.03,-187500.03,-187500.03,-187500.03,-187500.03,-187500.03,-135869.02,-173325.36,-187500.03,-135466.44,-187500.03,-187500.03,-182962.11
1385.7859,-187500.03,-187500.03,-187500.03,-187500.03,-187500.03,-187500.03,-187500.03,-187500.03,-187500.03,-136661.4,-174450.7,-187500.03,-135133.42,-187500.03,-187500.03,-182419.44
1385.8082,-187500.03,-187500.03,-187500.03,-187500.03,-187500.03,-187500.03,-187500.03,-187500.03,-187500.03,-145579.17,-181581.08,-187500.03,-141928.58,-187500.03,-187500.03,-187500.03
1385.8306,-187500.03,-187500.03,-187500.03,-187500.03,-187500.03,-187500.03,-187500.03,-187500.03,-187500.03,-145560.2,-180978.64,-187500.03,-142969.61,-187500.03,-187500.03,-187500.03
1385.8529,-187500.03,-187500.03,-187500.03,-187500.03,-187500.03,-187500.03,-187500.03,-187500.03,-187500.03,-136797.72,-173995.75,-187500.03,-136315.38,-187500.03,-187500.03,-184066.05
1385.8752,-187500.03,-187500.03,-187500.03,-187500.03,-187500.03,-187500.03,-187500.03,-187500.03,-187500.03,-135731.1,-173616.75,-187500.03,-134549.94,-187500.03,-187500.03,-181672.0
1385.8976,-187500.03,-187500.03,-187500.03,-187500.03,-187500.03,-187500.03,-187500.03,-187500.03,-187500.03,-144120.55,-180480.47,-187500.03,-140709.56,-187500.03,-187500.03,-187500.03
1385.9199,-187500.03,-187500.03,-187500.03,-187500.03,-187500.03,-187500.03,-187500.03,-187500.03,-187500.03,-146689.75,-181951.89,-187500.03,-143662.45,-187500.03,-187500.03,-187500.03
1385.9424,-187500.03,-187500.03,-187500.03,-187500.03,-187500.03,-187500.03,-187500.03,-187500.03,-187500.03,-137988.83,-174892.64,-187500.03,-137333.17,-187500.03,-187500.03,-185358.84
1385.9647,-187500.03,-187500.03,-187500.03,-187500.03,-187500.03,-187500.03,-187500.03,-187500.03,-187500.03,-135128.9,-173039.84,-187500.03,-134236.94,-187500.03,-187500.03,-181278.8
1385.987,-187500.03,-187500.03,-187500.03,-187500.03,-187500.03,-187500.03,-187500.03,-187500.03,-187500.03,-142486.0,-179211.47,-187500.03,-139398.89,-187500.03,-187500.03,-187500.03
1386.0094,-187500.03,-187500.03,-187500.03,-187500.03,-187500.03,-187500.03,-187500.03,-187500.03,-187500.03,-147403.2,-182612.83,-187500.03,-144011.4,-187500.03,-187500.03,-187500.03
1386.0317,-187500.03,-187500.03,-187500.03,-187500.03,-187500.03,-187500.03,-187500.03,-187500.03,-187500.03,-139405.6,-175982.95,-187500.03,-138479.16,-187500.03,-187500.03,-186785.06
1386.0541,-187500.03,-187500.03,-187500.03,-187500.03,-187500.03,-187500.03,-187500.03,-187500.03,-187500.03,-134855.39,-172726.56,-187500.03,-134190.12,-187500.03,-187500.03,-181242.14
1386.0764,-187500.03,-187500.03,-187500.03,-187500.03,-187500.03,-187500.03,-187500.03,-187500.03,-187500.03,-140810.86,-177880.8,-187500.03,-138103.69,-187500.03,-187500.03,-186132.16
1386.0988,-187500.03,-187500.03,-187500.03,-187500.03,-187500.03,-187500.03,-187500.03,-187500.03,-187500.03,-147636.42,-182905.77,-187500.03,-143990.48,-187500.03,-187500.03,-187500.03
1386.1211,-187500.03,-187500.03,-187500.03,-187500.03,-187500.03,-187500.03,-187500.03,-187500.03,-187500.03,-140969.8,-177215.05,-187500.03,-139696.48,-187500.03,-187500.03,-187500.03
1386.1436,-187500.03,-187500.03,-187500.03,-187500.03,-187500.03,-187500.03,-187500.03,-187500.03,-187500.03,-134895.67,-172671.86,-187500.03,-134392.55,-187500.03,-187500.03,-181531.33
1386.1659,-187500.03,-187500.03,-187500.03,-187500.03,-187500.03,-187500.03,-187500.03,-187500.03,-187500.03,-139216.4,-176586.19,-187500.03,-136915.06,-187500.03,-187500.03,-184673.52
1386.1882,-187500.03,-187500.03,-187500.03,-187500.03,-187500.03,-187500.03,-187500.03,-187500.03,-187500.03,-147373.06,-182804.88,-187500.03,-143597.69,-187500.03,-187500.03,-187500.03
1386.2106,-187500.03,-187500.03,-187500.03,-187500.03,-187500.03,-187500.03,-187500.03,-187500.03,-187500.03,-142586.58,-178511.92,-187500.03,-140897.02,-187500.03,-187500.03,-187500.03
1386.2329,-187500.03,-187500.03,-187500.03,-187500.03,-187500.03,-187500.03,-187500.03,-187500.03,-187500.03,-135241.58,-172873.95,-187500.03,-134822.86,-187500.03,-187500.03,-182128.08
1386.2552,-187500.03,-187500.03,-187500.03,-187500.03,-187500.03,-187500.03,-187500.03,-187500.03,-187500.03,-137772.34,-175389.1,-187500.03,-135876.06,-187500.03,-187500.03,-183381.55
1386.2776,-187500.03,-187500.03,-187500.03,-187500.03,-187500.03,-187500.03,-187500.03,-187500.03,-187500.03,-146631.22,-182321.38,-187500.03,-142856.27,-187500.03,-187500.03,-187500.03
1386.2999,-187500.03,-187500.03,-187500.03,-187500.03,-187500.03,-187500.03,-187500.03,-187500.03,-187500.03,-144185.34,-179818.86,-187500.03,-142033.6,-187500.03,-187500.03,-187500.03
1386.3223,-187500.03,-187500.03,-187500.03,-187500.03,-187500.03,-187500.03,-187500.03,-187500.03,-187500.03,-135886.8,-173318.77,-187500.03,-135476.69,-187500.03,-187500.03,-182998.94
1386.3447,-187500.03,-187500.03,-187500.03,-187500.03,-187500.03,-187500.03,-187500.03,-187500.03,-187500.03,-136566.69,-174357.83,-187500.03,-135055.97,-187500.03,-187500.03,-182341.88
1386.3671,-187500.03,-187500.03,-187500.03,-187500.03,-187500.03,-187500.03,-187500.03,-187500.03,-187500.03,-145477.34,-181494.03,-187500.03,-141833.5,-187500.03,-187500.03,-187500.03
1386.3894,-187500.03,-187500.03,-187500.03,-187500.03,-187500.03,-187500.03,-187500.03,-187500.03,-187500.03,-145582.88,-180992.28,-187500.03,-142967.89,-187500.03,-187500.03,-187500.03
1386.4117,-187500.03,-187500.03,-187500.03,-187500.03,-187500.03,-187500.03,-187500.03,-187500.03,-187500.03,-136808.84,-173997.08,-187500.03,-136316.62,-187500.03,-187500.03,-184094.88
1386.4341,-187500.03,-187500.03,-187500.03,-187500.03,-187500.03,-187500.03,-187500.03,-187500.03,-187500.03,-135665.86,-173555.81,-187500.03,-134493.73,-187500.03,-187500.03,-181627.75
1386.4564,-187500.03,-187500.03,-187500.03,-187500.03,-187500.03,-187500.03,-187500.03,-187500.03,-187500.03,-144025.95,-180401.7,-187500.03,-140621.44,-187500.03,-187500.03,-187500.03
1386.4788,-187500.03,-187500.03,-187500.03,-187500.03,-187500.03,-187500.03,-187500.03,-187500.03,-187500.03,-146711.86,-181965.61,-187500.03,-143659.5,-187500.03,-187500.03,-187500.03
1386.5011,-187500.03,-187500.03,-187500.03,-187500.03,-187500.03,-187500.03,-187500.03,-187500.03,-187500.03,-138021.73,-174908.38,-187500.03,-137349.62,-187500.03,-187500.03,-185408.0
1386.5234,-187500.03,-187500.03,-187500.03,-187500.03,-187500.03,-187500.03,-187500.03,-187500.03,-187500.03,-135077.58,-172987.62,-187500.03,-134192.22,-187500.03,-187500.03,-181250.19
1386.5458,-187500.03,-187500.03,-187500.03,-187500.03,-187500.03,-187500.03,-187500.03,-187500.03,-187500.03,-142377.2,-179118.55,-187500.03,-139301.47,-187500.03,-187500.03,-187500.03
1386.5682,-187500.03,-187500.03,-187500.03,-187500.03,-187500.03,-187500.03,-187500.03,-187500.03,-187500.03,-147403.55,-182609.78,-187500.03,-143991.34,-187500.03,-187500.03,-187500.03
1386.5906,-187500.03,-187500.03,-187500.03,-187500.03,-187500.03,-187500.03,-187500.03,-187500.03,-187500.03,-139447.03,-176008.5,-187500.03,-138504.58,-187500.03,-187500.03,-186834.33
1386.6129,-187500.03,-187500.03,-187500.03,-187500.03,-187500.03,-187500.03,-187500.03,-187500.03,-187500.03,-134821.38,-172689.5,-187500.03,-134162.08,-187500.03,-187500.03,-181224.56
1386.6353,-187500.03,-187500.03,-187500.03,-187500.03,-187500.03,-187500.03,-187500.03,-187500.03,-187500.03,-140702.77,-177785.78,-187500.03,-138010.92,-187500.03,-187500.03,-186032.95
1386.6576,-187500.03,-187500.03,-187500.03,-187500.03,-187500.03,-187500.03,-187500.03,-187500.03,-187500.03,-147610.22,-182878.62,-187500.03,-143948.56,-187500.03,-187500.03,-187500.03
1386.6799,-187500.03,-187500.03,-187500.03,-187500.03,-187500.03,-187500.03,-187500.03,-187500.03,-187500.03,-141019.27,-177243.03,-187500.03,-139718.77,-187500.03,-187500.03,-187500.03
1386.7023,-187500.03,-187500.03,-187500.03,-187500.03,-187500.03,-187500.03,-187500.03,-187500.03,-187500.03,-134878.38,-172643.92,-187500.03,-134372.11,-187500.03,-187500.03,-181521.88
1386.7246,-187500.03,-187500.03,-187500.03,-187500.03,-187500.03,-187500.03,-187500.03,-187500.03,-187500.03,-139087.42,-176469.98,-187500.03,-136802.73,-187500.03,-187500.03,-184546.61
1386.747,-187500.03,-187500.03,-187500.03,-187500.03,-187500.03,-187500.03,-187500.03,-187500.03,-187500.03,-147312.5,-182751.9,-187500.03,-143524.67,-187500.03,-187500.03,-187500.03
1386.7694,-187500.03,-187500.03,-187500.03,-187500.03,-187500.03,-187500.03,-187500.03,-187500.03,-187500.03,-142664.81,-178562.81,-187500.03,-140938.69,-187500.03,-187500.03,-187500.03
1386.7917,-187500.03,-187500.03,-187500.03,-187500.03,-187500.03,-187500.03,-187500.03,-187500.03,-187500.03,-135248.53,-172860.77,-187500.03,-134824.06,-187500.03,-187500.03,-182134.86
1386.8141,-187500.03,-187500.03,-187500.03,-187500.03,-187500.03,-187500.03,-187500.03,-187500.03,-187500.03,-137651.19,-175273.19,-187500.03,-135773.92,-187500.03,-187500.03,-183254.16
1386.8364,-187500.03,-187500.03,-187500.03,-187500.03,-187500.03,-187500.03,-187500.03,-187500.03,-187500.03,-146537.64,-182238.4,-187500.03,-142760.08,-187500.03,-187500.03,-187500.03
1386.8588,-187500.03,-187500.03,-187500.03,-187500.03,-187500.03,-187500.03,-187500.03,-187500.03,-187500.03,-144254.19,-179862.62,-187500.03,-142064.67,-187500.03,-187500.03,-187500.03
1386.8811,-187500.03,-187500.03,-187500.03,-187500.03,-187500.03,-187500.03,-187500.03,-187500.03,-187500.03,-135912.28,-173322.11,-187500.03,-135491.39,-187500.03,-187500.03,-183022.03
1386.9034,-187500.03,-187500.03,-187500.03,-187500.03,-187500.03,-187500.03,-187500.03,-187500.03,-187500.03,-136465.36,-174257.7,-187500.03,-134971.8,-187500.03,-187500.03,-182237.23
1386.9258,-187500.03,-187500.03,-187500.03,-187500.03,-187500.03,-187500.03,-187500.03,-187500.03,-187500.03,-145356.62,-181387.5,-187500.03,-141718.12,-187500.03,-187500.03,-187500.03
1386.9481,-187500.03,-187500.03,-187500.03,-187500.03,-187500.03,-187500.03,-187500.03,-187500.03,-187500.03,-145650.97,-181033.17,-187500.03,-142994.33,-187500.03,-187500.03,-187500.03
1386.9705,-187500.03,-187500.03,-187500.03,-187500.03,-187500.03,-187500.03,-187500.03,-187500.03,-187500.03,-136860.84,-174017.2,-187500.03,-136349.56,-187500.03,-187500.03,-184138.48
1386.9929,-187500.03,-187500.03,-187500.03,-187500.03,-187500.03,-187500.03,-187500.03,-187500.03,-187500.03,-135601.06,-173479.98,-187500.03,-134438.6,-187500.03,-187500.03,-181558.45
1387.0153,-187500.03,-187500.03,-187500.03,-187500.03,-187500.03,-187500.03,-187500.03,-187500.03,-187500.03,-143913.44,-180296.61,-187500.03,-140518.69,-187500.03,-187500.03,-187500.03
1387.0376,-187500.03,-187500.03,-187500.03,-187500.03,-187500.03,-187500.03,-187500.03,-187500.03,-187500.03,-146731.89,-181970.48,-187500.03,-143651.67,-187500.03,-187500.03,-187500.03
1387.0599,-187500.03,-187500.03,-187500.03,-187500.03,-187500.03,-187500.03,-187500.03,-187500.03,-187500.03,-138065.23,-174928.36,-187500.03,-137373.11,-187500.03,-187500.03,-185443.81
1387.0823,-187500.03,-187500.03,-187500.03,-187500.03,-187500.03,-187500.03,-187500.03,-187500.03,-187500.03,-135038.28,-172938.86,-187500.03,-134155.42,-187500.03,-187500.03,-181212.67
1387.1046,-187500.03,-187500.03,-187500.03,-187500.03,-187500.03,-187500.03,-187500.03,-187500.03,-187500.03,-142270.56,-179020.05,-187500.03,-139203.92,-187500.03,-187500.03,-187485.25
1387.127,-187500.03,-187500.03,-187500.03,-187500.03,-187500.03,-187500.03,-187500.03,-187500.03,-187500.03,-147401.73,-182599.95,-187500.03,-143966.17,-187500.03,-187500.03,-187500.03
1387.1493,-187500.03,-187500.03,-187500.03,-187500.03,-187500.03,-187500.03,-187500.03,-187500.03,-187500.03,-139500.9,-176039.08,-187500.03,-138532.16,-187500.03,-187500.03,-186880.45
1387.1716,-187500.03,-187500.03,-187500.03,-187500.03,-187500.03,-187500.03,-187500.03,-187500.03,-187500.03,-134791.92,-172650.73,-187500.03,-134133.2,-187500.03,-187500.03,-181203.64
1387.1941,-187500.03,-187500.03,-187500.03,-187500.03,-187500.03,-187500.03,-187500.03,-187500.03,-187500.03,-140580.61,-177677.06,-187500.03,-137902.48,-187500.03,-187500.03,-185916.36
1387.2164,-187500.03,-187500.03,-187500.03,-187500.03,-187500.03,-187500.03,-187500.03,-187500.03,-187500.03,-147588.45,-182857.95,-187500.03,-143904.98,-187500.03,-187500.03,-187500.03
1387.2388,-187500.03,-187500.03,-187500.03,-187500.03,-187500.03,-187500.03,-187500.03,-187500.03,-187500.03,-141105.33,-177302.95,-187500.03,-139771.62,-187500.03,-187500.03,-187500.03
1387.2611,-187500.03,-187500.03,-187500.03,-187500.03,-187500.03,-187500.03,-187500.03,-187500.03,-187500.03,-134876.17,-172629.78,-187500.03,-134370.67,-187500.03,-187500.03,-181539.05
1387.2834,-187500.03,-187500.03,-187500.03,-187500.03,-187500.03,-187500.03,-187500.03,-187500.03,-187500.03,-138983.4,-176375.92,-187500.03,-136717.44,-187500.03,-187500.03,-184456.12
1387.3058,-187500.03,-187500.03,-187500.03,-187500.03,-187500.03,-187500.03,-187500.03,-187500.03,-187500.03,-147266.23,-182710.4,-187500.03,-143467.9,-187500.03,-187500.03,-187500.03
1387.3281,-187500.03,-187500.03,-187500.03,-187500.03,-187500.03,-187500.03,-187500.03,-187500.03,-187500.03,-142756.0,-178626.25,-187500.03,-140993.12,-187500.03,-187500.03,-187500.03
1387.3505,-187500.03,-187500.03,-187500.03,-187500.03,-187500.03,-187500.03,-187500.03,-187500.03,-187500.03,-135268.5,-172864.08,-187500.03,-134838.48,-187500.03,-187500.03,-182174.33
1387.3728,-187500.03,-187500.03,-187500.03,-187500.03,-187500.03,-187500.03,-187500.03,-187500.03,-187500.03,-137565.58,-175194.56,-187500.03,-135703.86,-187500.03,-187500.03,-183184.31
1387.3951,-187500.03,-187500.03,-187500.03,-187500.03,-187500.03,-187500.03,-187500.03,-187500.03,-187500.03,-146464.78,-182178.44,-187500.03,-142684.34,-187500.03,-187500.03,-187500.03
1387.4176,-187500.03,-187500.03,-187500.03,-187500.03,-187500.03,-187500.03,-187500.03,-187500.03,-187500.03,-144341.33,-179927.03,-187500.03,-142112.81,-187500.03,-187500.03,-187500.03
1387.44,-187500.03,-187500.03,-187500.03,-187500.03,-187500.03,-187500.03,-187500.03,-187500.03,-187500.03,-135956.39,-173345.58,-187500.03,-135522.61,-187500.03,-187500.03,-183078.14
1387.4623,-187500.03,-187500.03,-187500.03,-187500.03,-187500.03,-187500.03,-187500.03,-187500.03,-187500.03,-136400.89,-174193.2,-187500.03,-134918.25,-187500.03,-187500.03,-182181.75
1387.4846,-187500.03,-187500.03,-187500.03,-187500.03,-187500.03,-187500.03,-187500.03,-187500.03,-187500.03,-145267.44,-181310.44,-187500.03,-141630.2,-187500.03,-187500.03,-187500.03
1387.507,-187500.03,-187500.03,-187500.03,-187500.03,-187500.03,-187500.03,-187500.03,-187500.03,-187500.03,-145732.98,-181093.17,-187500.03,-143033.72,-187500.03,-187500.03,-187500.03
1387.5293,-187500.03,-187500.03,-187500.03,-187500.03,-187500.03,-187500.03,-187500.03,-187500.03,-187500.03,-136930.98,-174060.92,-187500.03,-136399.16,-187500.03,-187500.03,-184218.12
1387.5516,-187500.03,-187500.03,-187500.03,-187500.03,-187500.03,-187500.03,-187500.03,-187500.03,-187500.03,-135534.7,-173412.06,-187500.03,-134384.36,-187500.03,-187500.03,-181505.8
1387.574,-187500.03,-187500.03,-187500.03,-187500.03,-187500.03,-187500.03,-187500.03,-187500.03,-187500.03,-143780.7,-180186.11,-187500.03,-140397.6,-187500.03,-187500.03,-187500.03
1387.5963,-187500.03,-187500.03,-187500.03,-187500.03,-187500.03,-187500.03,-187500.03,-187500.03,-187500.03,-146785.84,-182013.62,-187500.03,-143667.11,-187500.03,-187500.03,-187500.03
1387.6188,-187500.03,-187500.03,-187500.03,-187500.03,-187500.03,-187500.03,-187500.03,-187500.03,-187500.03,-138150.03,-174987.5,-187500.03,-137434.53,-187500.03,-187500.03,-185528.12
1387.6411,-187500.03,-187500.03,-187500.03,-187500.03,-187500.03,-187500.03,-187500.03,-187500.03,-187500.03,-135000.94,-172899.22,-187500.03,-134130.67,-187500.03,-187500.03,-181184.5
1387.6635,-187500.03,-187500.03,-187500.03,-187500.03,-187500.03,-187500.03,-187500.03,-187500.03,-187500.03,-142161.73,-178930.06,-187500.03,-139113.17,-187500.03,-187500.03,-187379.28
1387.6858,-187500.03,-187500.03,-187500.03,-187500.03,-187500.03,-187500.03,-187500.03,-187500.03,-187500.03,-147415.55,-182612.66,-187500.03,-143957.64,-187500.03,-187500.03,-187500.03
1387.7081,-187500.03,-187500.03,-187500.03,-187500.03,-187500.03,-187500.03,-187500.03,-187500.03,-187500.03,-139577.86,-176094.7,-187500.03,-138584.69,-187500.03,-187500.03,-186945.44
1387.7305,-187500.03,-187500.03,-187500.03,-187500.03,-187500.03,-187500.03,-187500.03,-187500.03,-187500.03,-134775.56,-172628.62,-187500.03,-134120.02,-187500.03,-187500.03,-181187.31
1387.7528,-187500.03,-187500.03,-187500.03,-187500.03,-187500.03,-187500.03,-187500.03,-187500.03,-187500.03,-140489.52,-177600.02,-187500.03,-137824.95,-187500.03,-187500.03,-185820.39
1387.7751,-187500.03,-187500.03,-187500.03,-187500.03,-187500.03,-187500.03,-187500.03,-187500.03,-187500.03,-147571.3,-182847.58,-187500.03,-143875.38,-187500.03,-187500.03,-187500.03
1387.7975,-187500.03,-187500.03,-187500.03,-187500.03,-187500.03,-187500.03,-187500.03,-187500.03,-187500.03,-141176.62,-177357.84,-187500.03,-139817.34,-187500.03,-187500.03,-187500.03
1387.8198,-187500.03,-187500.03,-187500.03,-187500.03,-187500.03,-187500.03,-187500.03,-187500.03,-187500.03,-134872.88,-172620.12,-187500.03,-134367.55,-187500.03,-187500.03,-181529.12
1387.8423,-187500.03,-187500.03,-187500.03,-187500.03,-187500.03,-187500.03,-187500.03,-187500.03,-187500.03,-138898.12,-176303.38,-187500.03,-136647.38,-187500.03,-187500.03,-184360.97
1387.8646,-187500.03,-187500.03,-187500.03,-187500.03,-187500.03,-187500.03,-187500.03,-187500.03,-187500.03,-147224.8,-182681.69,-187500.03,-143421.6,-187500.03,-187500.03,-187500.03
1387.887,-187500.03,-187500.03,-187500.03,-187500.03,-187500.03,-187500.03,-187500.03,-187500.03,-187500.03,-142827.67,-178683.08,-187500.03,-141037.7,-187500.03,-187500.03,-187500.03
1387.9093,-187500.03,-187500.03,-187500.03,-187500.03,-187500.03,-187500.03,-187500.03,-187500.03,-187500.03,-135283.0,-172868.1,-187500.03,-134849.69,-187500.03,-187500.03,-182183.31
1387.9316,-187500.03,-187500.03,-187500.03,-187500.03,-187500.03,-187500.03,-187500.03,-187500.03,-187500.03,-137491.03,-175126.12,-187500.03,-135643.52,-187500.03,-187500.03,-183101.47
1387.954,-187500.03,-187500.03,-187500.03,-187500.03,-187500.03,-187500.03,-187500.03,-187500.03,-187500.03,-146405.1,-182128.97,-187500.03,-142624.4,-187500.03,-187500.03,-187500.03
1387.9763,-187500.03,-187500.03,-187500.03,-187500.03,-187500.03,-187500.03,-187500.03,-187500.03,-187500.03,-144408.53,-179976.62,-187500.03,-142151.97,-187500.03,-187500.03,-187500.03
1387.9987,-187500.03,-187500.03,-187500.03,-187500.03,-187500.03,-187500.03,-187500.03,-187500.03,-187500.03,-135991.53,-173362.78,-187500.03,-135550.67,-187500.03,-187500.03,-183112.7
1388.021,-187500.03,-187500.03,-187500.03,-187500.03,-187500.03,-187500.03,-187500.03,-187500.03,-187500.03,-136339.38,-174132.1,-187500.03,-134870.47,-187500.03,-187500.03,-182120.34
1388.0435,-187500.03,-187500.03,-187500.03,-187500.03,-187500.03,-187500.03,-187500.03,-187500.03,-187500.03,-145191.11,-181246.3,-187500.03,-141561.84,-187500.03,-187500.03,-187500.03
1388.0658,-187500.03,-187500.03,-187500.03,-187500.03,-187500.03,-187500.03,-187500.03,-187500.03,-187500.03,-145781.58,-181128.84,-187500.03,-143060.05,-187500.03,-187500.03,-187500.03
1388.0881,-187500.03,-187500.03,-187500.03,-187500.03,-187500.03,-187500.03,-187500.03,-187500.03,-187500.03,-136979.67,-174089.12,-187500.03,-136437.9,-187500.03,-187500.03,-184269.72
1388.1105,-187500.03,-187500.03,-187500.03,-187500.03,-187500.03,-187500.03,-187500.03,-187500.03,-187500.03,-135496.8,-173369.05,-187500.03,-134358.92,-187500.03,-187500.03,-181472.44
1388.1328,-187500.03,-187500.03,-187500.03,-187500.03,-187500.03,-187500.03,-187500.03,-187500.03,-187500.03,-143695.67,-180112.39,-187500.03,-140326.0,-187500.03,-187500.03,-187500.03
1388.1552,-187500.03,-187500.03,-187500.03,-187500.03,-187500.03,-187500.03,-187500.03,-187500.03,-187500.03,-146830.56,-182045.22,-187500.03,-143687.39,-187500.03,-187500.03,-187500.03
1388.1775,-187500.03,-187500.03,-187500.03,-187500.03,-187500.03,-187500.03,-187500.03,-187500.03,-187500.03,-138227.55,-175036.22,-187500.03,-137492.9,-187500.03,-187500.03,-185599.86
1388.1998,-187500.03,-187500.03,-187500.03,-187500.03,-187500.03,-187500.03,-187500.03,-187500.03,-187500.03,-134973.47,-172858.84,-187500.03,-134110.78,-187500.03,-187500.03,-181160.6
1388.2222,-187500.03,-187500.03,-187500.03,-187500.03,-187500.03,-187500.03,-187500.03,-187500.03,-187500.03,-142045.7,-178826.7,-187500.03,-139011.98,-187500.03,-187500.03,-187262.83
1388.2445,-187500.03,-187500.03,-187500.03,-187500.03,-187500.03,-187500.03,-187500.03,-187500.03,-187500.03,-147437.77,-182627.27,-187500.03,-143951.83,-187500.03,-187500.03,-187500.03
1388.267,-187500.03,-187500.03,-187500.03,-187500.03,-187500.03,-187500.03,-187500.03,-187500.03,-187500.03,-139689.62,-176171.62,-187500.03,-138663.77,-187500.03,-187500.03,-187048.19
1388.2893,-187500.03,-187500.03,-187500.03,-187500.03,-187500.03,-187500.03,-187500.03,-187500.03,-187500.03,-134776.98,-172611.11,-187500.03,-134124.77,-187500.03,-187500.03,-181199.45
1388.3116,-187500.03,-187500.03,-187500.03,-187500.03,-187500.03,-187500.03,-187500.03,-187500.03,-187500.03,-140364.11,-177487.61,-187500.03,-137722.9,-187500.03,-187500.03,-185699.69
1388.334,-187500.03,-187500.03,-187500.03,-187500.03,-187500.03,-187500.03,-187500.03,-187500.03,-187500.03,-147557.88,-182832.6,-187500.03,-143843.19,-187500.03,-187500.03,-187500.03
1388.3563,-187500.03,-187500.03,-187500.03,-187500.03,-187500.03,-187500.03,-187500.03,-187500.03,-187500.03,-141294.33,-177437.56,-187500.03,-139896.83,-187500.03,-187500.03,-187500.03
1388.3787,-187500.03,-187500.03,-187500.03,-187500.03,-187500.03,-187500.03,-187500.03,-187500.03,-187500.03,-134899.44,-172621.2,-187500.03,-134390.62,-187500.03,-187500.03,-181568.34
1388.401,-187500.03,-187500.03,-187500.03,-187500.03,-187500.03,-187500.03,-187500.03,-187500.03,-187500.03,-138783.02,-176194.61,-187500.03,-136551.48,-187500.03,-187500.03,-184252.42
1388.4233,-187500.03,-187500.03,-187500.03,-187500.03,-187500.03,-187500.03,-187500.03,-187500.03,-187500.03,-147169.8,-182634.02,-187500.03,-143352.97,-187500.03,-187500.03,-187500.03
1388.4457,-187500.03,-187500.03,-187500.03,-187500.03,-187500.03,-187500.03,-187500.03,-187500.03,-187500.03,-142933.16,-178759.03,-187500.03,-141101.66,-187500.03,-187500.03,-187500.03
1388.4681,-187500.03,-187500.03,-187500.03,-187500.03,-187500.03,-187500.03,-187500.03,-187500.03,-187500.03,-135319.86,-172881.83,-187500.03,-134879.28,-187500.03,-187500.03,-182232.14
1388.4905,-187500.03,-187500.03,-187500.03,-187500.03,-187500.03,-187500.03,-187500.03,-187500.03,-187500.03,-137383.64,-175024.83,-187500.03,-135558.5,-187500.03,-187500.03,-183001.34
1388.5128,-187500.03,-187500.03,-187500.03,-187500.03,-187500.03,-187500.03,-187500.03,-187500.03,-187500.03,-146315.61,-182055.19,-187500.03,-142535.98,-187500.03,-187500.03,-187500.03
1388.5352,-187500.03,-187500.03,-187500.03,-187500.03,-187500.03,-187500.03,-187500.03,-187500.03,-187500.03,-144504.9,-180046.27,-187500.03,-142206.92,-187500.03,-187500.03,-187500.03
1388.5575,-187500.03,-187500.03,-187500.03,-187500.03,-187500.03,-187500.03,-187500.03,-187500.03,-187500.03,-136043.98,-173386.39,-187500.03,-135589.02,-187500.03,-187500.03,-183169.42
1388.5798,-187500.03,-187500.03,-187500.03,-187500.03,-187500.03,-187500.03,-187500.03,-187500.03,-187500.03,-136255.38,-174044.47,-187500.03,-134802.9,-187500.03,-187500.03,-182039.19
1388.6022,-187500.03,-187500.03,-187500.03,-187500.03,-187500.03,-187500.03,-187500.03,-187500.03,-187500.03,-145073.2,-181146.69,-187500.03,-141451.66,-187500.03,-187500.03,-187500.03
1388.6245,-187500.03,-187500.03,-187500.03,-187500.03,-187500.03,-187500.03,-187500.03,-187500.03,-187500.03,-145863.97,-181189.75,-187500.03,-143101.33,-187500.03,-187500.03,-187500.03
1388.6469,-187500.03,-187500.03,-187500.03,-187500.03,-187500.03,-187500.03,-187500.03,-187500.03,-187500.03,-137056.42,-174134.67,-187500.03,-136495.92,-187500.03,-187500.03,-184341.44
1388.6692,-187500.03,-187500.03,-187500.03,-187500.03,-187500.03,-187500.03,-187500.03,-187500.03,-187500.03,-135441.1,-173305.53,-187500.03,-134317.58,-187500.03,-187500.03,-181416.17
1388.6917,-187500.03,-187500.03,-187500.03,-187500.03,-187500.03,-187500.03,-187500.03,-187500.03,-187500.03,-143569.06,-180003.44,-187500.03,-140214.36,-187500.03,-187500.03,-187500.03
1388.714,-187500.03,-187500.03,-187500.03,-187500.03,-187500.03,-187500.03,-187500.03,-187500.03,-187500.03,-146877.86,-182078.45,-187500.03,-143700.9,-187500.03,-187500.03,-187500.03
1388.7363,-187500.03,-187500.03,-187500.03,-187500.03,-187500.03,-187500.03,-187500.03,-187500.03,-187500.03,-138312.72,-175088.42,-187500.03,-137552.9,-187500.03,-187500.03,-185678.4
1388.7587,-187500.03,-187500.03,-187500.03,-187500.03,-187500.03,-187500.03,-187500.03,-187500.03,-187500.03,-134946.6,-172817.7,-187500.03,-134091.56,-187500.03,-187500.03,-181140.92
1388.781,-187500.03,-187500.03,-187500.03,-187500.03,-187500.03,-187500.03,-187500.03,-187500.03,-187500.03,-141926.12,-178722.16,-187500.03,-138913.39,-187500.03,-187500.03,-187149.08
1388.8033,-187500.03,-187500.03,-187500.03,-187500.03,-187500.03,-187500.03,-187500.03,-187500.03,-187500.03,-147450.02,-182637.2,-187500.03,-143945.03,-187500.03,-187500.03,-187500.03
1388.8257,-187500.03,-187500.03,-187500.03,-187500.03,-187500.03,-187500.03,-187500.03,-187500.03,-187500.03,-139771.53,-176228.14,-187500.03,-138722.97,-187500.03,-187500.03,-187123.6
1388.848,-187500.03,-187500.03,-187500.03,-187500.03,-187500.03,-187500.03,-187500.03,-187500.03,-187500.03,-134762.33,-172586.69,-187500.03,-134118.25,-187500.03,-187500.03,-181196.67
1388.8704,-187500.03,-187500.03,-187500.03,-187500.03,-187500.03,-187500.03,-187500.03,-187500.03,-187500.03,-140244.39,-177384.92,-187500.03,-137625.95,-187500.03,-187500.03,-185588.9
1388.8928,-187500.03,-187500.03,-187500.03,-187500.03,-187500.03,-187500.03,-187500.03,-187500.03,-187500.03,-147531.23,-182815.39,-187500.03,-143803.17,-187500.03,-187500.03,-187500.03
1388.9152,-187500.03,-187500.03,-187500.03,-187500.03,-187500.03,-187500.03,-187500.03,-187500.03,-187500.03,-141379.45,-177502.9,-187500.03,-139955.05,-187500.03,-187500.03,-187500.03
1388.9375,-187500.03,-187500.03,-187500.03,-187500.03,-187500.03,-187500.03,-187500.03,-187500.03,-187500.03,-134896.88,-172611.11,-187500.03,-134393.03,-187500.03,-187500.03,-181584.83
1388.9598,-187500.03,-187500.03,-187500.03,-187500.03,-187500.03,-187500.03,-187500.03,-187500.03,-187500.03,-138669.94,-176101.5,-187500.03,-136463.97,-187500.03,-187500.03,-184153.9
1388.9822,-187500.03,-187500.03,-187500.03,-187500.03,-187500.03,-187500.03,-187500.03,-187500.03,-187500.03,-147111.55,-182596.19,-187500.03,-143294.52,-187500.03,-187500.03,-187500.03
1389.0045,-187500.03,-187500.03,-187500.03,-187500.03,-187500.03,-187500.03,-187500.03,-187500.03,-187500.03,-143021.6,-178832.2,-187500.03,-141161.16,-187500.03,-187500.03,-187500.03
1389.0269,-187500.03,-187500.03,-187500.03,-187500.03,-187500.03,-187500.03,-187500.03,-187500.03,-187500.03,-135340.73,-172892.64,-187500.03,-134900.23,-187500.03,-187500.03,-182273.5
1389.0492,-187500.03,-187500.03,-187500.03,-187500.03,-187500.03,-187500.03,-187500.03,-187500.03,-187500.03,-137292.72,-174947.16,-187500.03,-135490.16,-187500.03,-187500.03,-182928.44
1389.0715,-187500.03,-187500.03,-187500.03,-187500.03,-187500.03,-187500.03,-187500.03,-187500.03,-187500.03,-146225.98,-181991.72,-187500.03,-142453.14,-187500.03,-187500.03,-187500.03
1389.0939,-187500.03,-187500.03,-187500.03,-187500.03,-187500.03,-187500.03,-187500.03,-187500.03,-187500.03,-144561.45,-180099.86,-187500.03,-142236.1,-187500.03,-187500.03,-187500.03
1389.1163,-187500.03,-187500.03,-187500.03,-187500.03,-187500.03,-187500.03,-187500.03,-187500.03,-187500.03,-136073.17,-173412.81,-187500.03,-135612.02,-187500.03,-187500.03,-183218.16
1389.1387,-187500.03,-187500.03,-187500.03,-187500.03,-187500.03,-187500.03,-187500.03,-187500.03,-187500.03,-136194.3,-173998.52,-187500.03,-134758.0,-187500.03,-187500.03,-181998.73
1389.161,-187500.03,-187500.03,-187500.03,-187500.03,-187500.03,-187500.03,-187500.03,-187500.03,-187500.03,-144989.88,-181089.73,-187500.03,-141381.02,-187500.03,-187500.03,-187500.03
1389.1833,-187500.03,-187500.03,-187500.03,-187500.03,-187500.03,-187500.03,-187500.03,-187500.03,-187500.03,-145899.77,-181227.33,-187500.03,-143118.81,-187500.03,-187500.03,-187500.03
1389.2057,-187500.03,-187500.03,-187500.03,-187500.03,-187500.03,-187500.03,-187500.03,-187500.03,-187500.03,-137090.31,-174162.3,-187500.03,-136522.56,-187500.03,-187500.03,-184388.73
1389.228,-187500.03,-187500.03,-187500.03,-187500.03,-187500.03,-187500.03,-187500.03,-187500.03,-187500.03,-135392.02,-173264.66,-187500.03,-134281.53,-187500.03,-187500.03,-181384.33
1389.2504,-187500.03,-187500.03,-187500.03,-187500.03,-187500.03,-187500.03,-187500.03,-187500.03,-187500.03,-143467.56,-179928.89,-187500.03,-140128.97,-187500.03,-187500.03,-187500.03
1389.2727,-187500.03,-187500.03,-187500.03,-187500.03,-187500.03,-187500.03,-187500.03,-187500.03,-187500.03,-146895.3,-182102.27,-187500.03,-143699.92,-187500.03,-187500.03,-187500.03
1389.295,-187500.03,-187500.03,-187500.03,-187500.03,-187500.03,-187500.03,-187500.03,-187500.03,-187500.03,-138367.16,-175132.2,-187500.03,-137591.66,-187500.03,-187500.03,-185738.5
1389.3175,-187500.03,-187500.03,-187500.03,-187500.03,-187500.03,-187500.03,-187500.03,-187500.03,-187500.03,-134909.86,-172782.5,-187500.03,-134065.34,-187500.03,-187500.03,-181115.89
1389.3398,-187500.03,-187500.03,-187500.03,-187500.03,-187500.03,-187500.03,-187500.03,-187500.03,-187500.03,-141806.0,-178624.38,-187500.03,-138813.62,-187500.03,-187500.03,-187036.64
1389.3622,-187500.03,-187500.03,-187500.03,-187500.03,-187500.03,-187500.03,-187500.03,-187500.03,-187500.03,-147447.98,-182636.94,-187500.03,-143923.53,-187500.03,-187500.03,-187500.03
1389.3845,-187500.03,-187500.03,-187500.03,-187500.03,-187500.03,-187500.03,-187500.03,-187500.03,-187500.03,-139846.62,-176278.31,-187500.03,-138772.17,-187500.03,-187500.03,-187187.97
1389.4069,-187500.03,-187500.03,-187500.03,-187500.03,-187500.03,-187500.03,-187500.03,-187500.03,-187500.03,-134744.86,-172556.5,-187500.03,-134104.14,-187500.03,-187500.03,-181184.34
1389.4292,-187500.03,-187500.03,-187500.03,-187500.03,-187500.03,-187500.03,-187500.03,-187500.03,-187500.03,-140133.64,-177284.44,-187500.03,-137534.47,-187500.03,-187500.03,-185480.69
1389.4515,-187500.03,-187500.03,-187500.03,-187500.03,-187500.03,-187500.03,-187500.03,-187500.03,-187500.03,-147499.95,-182787.27,-187500.03,-143762.42,-187500.03,-187500.03,-187500.03
1389.4739,-187500.03,-187500.03,-187500.03,-187500.03,-187500.03,-187500.03,-187500.03,-187500.03,-187500.03,-141457.69,-177557.44,-187500.03,-140007.28,-187500.03,-187500.03,-187500.03
1389.4962,-187500.03,-187500.03,-187500.03,-187500.03,-187500.03,-187500.03,-187500.03,-187500.03,-187500.03,-134895.69,-172595.7,-187500.03,-134395.4,-187500.03,-187500.03,-181591.19
1389.5186,-187500.03,-187500.03,-187500.03,-187500.03,-187500.03,-187500.03,-187500.03,-187500.03,-187500.03,-138561.7,-176001.31,-187500.03,-136378.44,-187500.03,-187500.03,-184048.83
1389.541,-187500.03,-187500.03,-187500.03,-187500.03,-187500.03,-187500.03,-187500.03,-187500.03,-187500.03,-147044.67,-182538.55,-187500.03,-143227.02,-187500.03,-187500.03,-187500.03
1389.5634,-187500.03,-187500.03,-187500.03,-187500.03,-187500.03,-187500.03,-187500.03,-187500.03,-187500.03,-143092.58,-178879.77,-187500.03,-141204.17,-187500.03,-187500.03,-187500.03
1389.5857,-187500.03,-187500.03,-187500.03,-187500.03,-187500.03,-187500.03,-187500.03,-187500.03,-187500.03,-135357.05,-172888.88,-187500.03,-134914.0,-187500.03,-187500.03,-182298.52
1389.608,-187500.03,-187500.03,-187500.03,-187500.03,-187500.03,-187500.03,-187500.03,-187500.03,-187500.03,-137197.42,-174855.03,-187500.03,-135413.47,-187500.03,-187500.03,-182839.89
1389.6304,-187500.03,-187500.03,-187500.03,-187500.03,-187500.03,-187500.03,-187500.03,-187500.03,-187500.03,-146143.47,-181922.44,-187500.03,-142374.19,-187500.03,-187500.03,-187500.03
1389.6527,-187500.03,-187500.03,-187500.03,-187500.03,-187500.03,-187500.03,-187500.03,-187500.03,-187500.03,-144632.78,-180151.64,-187500.03,-142277.1,-187500.03,-187500.03,-187500.03
1389.675,-187500.03,-187500.03,-187500.03,-187500.03,-187500.03,-187500.03,-187500.03,-187500.03,-187500.03,-136110.17,-173428.5,-187500.03,-135643.38,-187500.03,-187500.03,-183266.97
1389.6974,-187500.03,-187500.03,-187500.03,-187500.03,-187500.03,-187500.03,-187500.03,-187500.03,-187500.03,-136121.39,-173925.14,-187500.03,-134705.05,-187500.03,-187500.03,-181936.92
1389.7197,-187500.03,-187500.03,-187500.03,-187500.03,-187500.03,-187500.03,-187500.03,-187500.03,-187500.03,-144890.28,-181006.89,-187500.03,-141294.48,-187500.03,-187500.03,-187500.03
1389.7422,-187500.03,-187500.03,-187500.03,-187500.03,-187500.03,-187500.03,-187500.03,-187500.03,-187500.03,-145945.39,-181261.75,-187500.03,-143137.6,-187500.03,-187500.03,-187500.03
1389.7645,-187500.03,-187500.03,-187500.03,-187500.03,-187500.03,-187500.03,-187500.03,-187500.03,-187500.03,-137139.02,-174193.11,-187500.03,-136557.67,-187500.03,-187500.03,-184447.14
1389.7869,-187500.03,-187500.03,-187500.03,-187500.03,-187500.03,-187500.03,-187500.03,-187500.03,-187500.03,-135348.78,-173222.16,-187500.03,-134247.58,-187500.03,-187500.03,-181356.17
1389.8092,-187500.03,-187500.03,-187500.03,-187500.03,-187500.03,-187500.03,-187500.03,-187500.03,-187500.03,-143390.61,-179866.02,-187500.03,-140061.16,-187500.03,-187500.03,-187500.03
1389.8315,-187500.03,-187500.03,-187500.03,-187500.03,-187500.03,-187500.03,-187500.03,-187500.03,-187500.03,-146912.81,-182116.84,-187500.03,-143700.45,-187500.03,-187500.03,-187500.03
1389.8539,-187500.03,-187500.03,-187500.03,-187500.03,-187500.03,-187500.03,-187500.03,-187500.03,-187500.03,-138410.8,-175164.33,-187500.03,-137624.33,-187500.03,-187500.03,-185784.62
1389.8762,-187500.03,-187500.03,-187500.03,-187500.03,-187500.03,-187500.03,-187500.03,-187500.03,-187500.03,-134887.6,-172759.81,-187500.03,-134050.03,-187500.03,-187500.03,-181103.45
1389.8986,-187500.03,-187500.03,-187500.03,-187500.03,-187500.03,-187500.03,-187500.03,-187500.03,-187500.03,-141738.81,-178570.33,-187500.03,-138756.8,-187500.03,-187500.03,-186974.69
1389.9209,-187500.03,-187500.03,-187500.03,-187500.03,-187500.03,-187500.03,-187500.03,-187500.03,-187500.03,-147450.16,-182642.95,-187500.03,-143913.44,-187500.03,-187500.03,-187500.03
1389.9432,-187500.03,-187500.03,-187500.03,-187500.03,-187500.03,-187500.03,-187500.03,-187500.03,-187500.03,-139902.95,-176326.34,-187500.03,-138813.08,-187500.03,-187500.03,-187247.14
1389.9657,-187500.03,-187500.03,-187500.03,-187500.03,-187500.03,-187500.03,-187500.03,-187500.03,-187500.03,-134742.97,-172556.78,-187500.03,-134106.92,-187500.03,-187500.03,-181198.62
1389.988,-187500.03,-187500.03,-187500.03,-187500.03,-187500.03,-187500.03,-187500.03,-187500.03,-187500.03,-140070.25,-177237.9,-187500.03,-137483.66,-187500.03,-187500.03,-185426.4
1390.0104,-187500.03,-187500.03,-187500.03,-187500.03,-187500.03,-187500.03,-187500.03,-187500.03,-187500.03,-147491.66,-182787.89,-187500.03,-143745.02,-187500.03,-187500.03,-187500.03
1390.0327,-187500.03,-187500.03,-187500.03,-187500.03,-187500.03,-187500.03,-187500.03,-187500.03,-187500.03,-141523.62,-177612.75,-187500.03,-140053.25,-187500.03,-187500.03,-187500.03
1390.055,-187500.03,-187500.03,-187500.03,-187500.03,-187500.03,-187500.03,-187500.03,-187500.03,-187500.03,-134914.8,-172608.47,-187500.03,-134413.33,-187500.03,-187500.03,-181619.83
1390.0774,-187500.03,-187500.03,-187500.03,-187500.03,-187500.03,-187500.03,-187500.03,-187500.03,-187500.03,-138516.56,-175961.48,-187500.03,-136342.38,-187500.03,-187500.03,-184008.06
1390.0997,-187500.03,-187500.03,-187500.03,-187500.03,-187500.03,-187500.03,-187500.03,-187500.03,-187500.03,-147036.5,-182532.38,-187500.03,-143210.97,-187500.03,-187500.03,-187500.03
1390.1221,-187500.03,-187500.03,-187500.03,-187500.03,-187500.03,-187500.03,-187500.03,-187500.03,-187500.03,-143167.23,-178937.36,-187500.03,-141255.0,-187500.03,-187500.03,-187500.03
1390.1444,-187500.03,-187500.03,-187500.03,-187500.03,-187500.03,-187500.03,-187500.03,-187500.03,-187500.03,-135387.47,-172910.75,-187500.03,-134941.22,-187500.03,-187500.03,-182344.11
1390.1669,-187500.03,-187500.03,-187500.03,-187500.03,-187500.03,-187500.03,-187500.03,-187500.03,-187500.03,-137154.67,-174819.7,-187500.03,-135381.77,-187500.03,-187500.03,-182808.86
1390.1892,-187500.03,-187500.03,-187500.03,-187500.03,-187500.03,-187500.03,-187500.03,-187500.03,-187500.03,-146107.3,-181897.05,-187500.03,-142338.17,-187500.03,-187500.03,-187500.03
1390.2115,-187500.03,-187500.03,-187500.03,-187500.03,-187500.03,-187500.03,-187500.03,-187500.03,-187500.03,-144690.64,-180199.47,-187500.03,-142313.31,-187500.03,-187500.03,-187500.03
1390.2339,-187500.03,-187500.03,-187500.03,-187500.03,-187500.03,-187500.03,-187500.03,-187500.03,-187500.03,-136146.8,-173456.7,-187500.03,-135671.56,-187500.03,-187500.03,-183312.3
1390.2562,-187500.03,-187500.03,-187500.03,-187500.03,-187500.03,-187500.03,-187500.03,-187500.03,-187500.03,-136092.48,-173901.19,-187500.03,-134681.83,-187500.03,-187500.03,-181918.31
1390.2786,-187500.03,-187500.03,-187500.03,-187500.03,-187500.03,-187500.03,-187500.03,-187500.03,-187500.03,-144851.22,-180979.11,-187500.03,-141254.98,-187500.03,-187500.03,-187500.03
1390.3009,-187500.03,-187500.03,-187500.03,-187500.03,-187500.03,-187500.03,-187500.03,-187500.03,-187500.03,-145981.42,-181296.7,-187500.03,-143155.84,-187500.03,-187500.03,-187500.03
1390.3232,-187500.03,-187500.03,-187500.03,-187500.03,-187500.03,-187500.03,-187500.03,-187500.03,-187500.03,-137169.06,-174222.31,-187500.03,-136579.64,-187500.03,-187500.03,-184483.17
1390.3456,-187500.03,-187500.03,-187500.03,-187500.03,-187500.03,-187500.03,-187500.03,-187500.03,-187500.03,-135315.48,-173197.61,-187500.03,-134222.8,-187500.03,-187500.03,-181330.38
1390.3679,-187500.03,-187500.03,-187500.03,-187500.03,-187500.03,-187500.03,-187500.03,-187500.03,-187500.03,-143312.73,-179810.38,-187500.03,-139993.47,-187500.03,-187500.03,-187500.03
1390.3904,-187500.03,-187500.03,-187500.03,-187500.03,-187500.03,-187500.03,-187500.03,-187500.03,-187500.03,-146938.64,-182146.94,-187500.03,-143707.0,-187500.03,-187500.03,-187500.03
1390.4127,-187500.03,-187500.03,-187500.03,-187500.03,-187500.03,-187500.03,-187500.03,-187500.03,-187500.03,-138465.2,-175213.25,-187500.03,-137663.03,-187500.03,-187500.03,-185839.39
1390.435,-187500.03,-187500.03,-187500.03,-187500.03,-187500.03,-187500.03,-187500.03,-187500.03,-187500.03,-134865.86,-172745.8,-187500.03,-134035.6,-187500.03,-187500.03,-181090.58
1390.4574,-187500.03,-187500.03,-187500.03,-187500.03,-187500.03,-187500.03,-187500.03,-187500.03,-187500.03,-141647.69,-178506.45,-187500.03,-138682.72,-187500.03,-187500.03,-186887.97
1390.4797,-187500.03,-187500.03,-187500.03,-187500.03,-187500.03,-187500.03,-187500.03,-187500.03,-187500.03,-147456.75,-182660.34,-187500.03,-143906.67,-187500.03,-187500.03,-187500.03
1390.5021,-187500.03,-187500.03,-187500.03,-187500.03,-187500.03,-187500.03,-187500.03,-187500.03,-187500.03,-139961.6,-176378.08,-187500.03,-138857.16,-187500.03,-187500.03,-187299.55
1390.5244,-187500.03,-187500.03,-187500.03,-187500.03,-187500.03,-187500.03,-187500.03,-187500.03,-187500.03,-134733.77,-172549.08,-187500.03,-134105.38,-187500.03,-187500.03,-181194.44
1390.5468,-187500.03,-187500.03,-187500.03,-187500.03,-187500.03,-187500.03,-187500.03,-187500.03,-187500.03,-139981.16,-177167.48,-187500.03,-137413.83,-187500.03,-187500.03,-185334.66
1390.5691,-187500.03,-187500.03,-187500.03,-187500.03,-187500.03,-187500.03,-187500.03,-187500.03,-187500.03,-147473.03,-182779.88,-187500.03,-143719.14,-187500.03,-187500.03,-187500.03
1390.5916,-187500.03,-187500.03,-187500.03,-187500.03,-187500.03,-187500.03,-187500.03,-187500.03,-187500.03,-141582.94,-177661.33,-187500.03,-140092.55,-187500.03,-187500.03,-187500.03
1390.6139,-187500.03,-187500.03,-187500.03,-187500.03,-187500.03,-187500.03,-187500.03,-187500.03,-187500.03,-134916.2,-172607.88,-187500.03,-134415.83,-187500.03,-187500.03,-181624.06
1390.6362,-187500.03,-187500.03,-187500.03,-187500.03,-187500.03,-187500.03,-187500.03,-187500.03,-187500.03,-138428.86,-175890.89,-187500.03,-136271.8,-187500.03,-187500.03,-183918.58
1390.6586,-187500.03,-187500.03,-187500.03,-187500.03,-187500.03,-187500.03,-187500.03,-187500.03,-187500.03,-146985.23,-182496.3,-187500.03,-143155.66,-187500.03,-187500.03,-187500.03
1390.6809,-187500.03,-187500.03,-187500.03,-187500.03,-187500.03,-187500.03,-187500.03,-187500.03,-187500.03,-143223.22,-178982.16,-187500.03,-141287.31,-187500.03,-187500.03,-187500.03
1390.7032,-187500.03,-187500.03,-187500.03,-187500.03,-187500.03,-187500.03,-187500.03,-187500.03,-187500.03,-135406.73,-172921.12,-187500.03,-134958.2,-187500.03,-187500.03,-182359.7
1390.7256,-187500.03,-187500.03,-187500.03,-187500.03,-187500.03,-187500.03,-187500.03,-187500.03,-187500.03,-137087.45,-174757.61,-187500.03,-135330.86,-187500.03,-187500.03,-182734.9
1390.7479,-187500.03,-187500.03,-187500.03,-187500.03,-187500.03,-187500.03,-187500.03,-187500.03,-187500.03,-146042.88,-181843.1,-187500.03,-142277.16,-187500.03,-187500.03,-187500.03
1390.7703,-187500.03,-187500.03,-187500.03,-187500.03,-187500.03,-187500.03,-187500.03,-187500.03,-187500.03,-144758.0,-180249.61,-187500.03,-142352.83,-187500.03,-187500.03,-187500.03
1390.7926,-187500.03,-187500.03,-187500.03,-187500.03,-187500.03,-187500.03,-187500.03,-187500.03,-187500.03,-136187.03,-173481.55,-187500.03,-135705.0,-187500.03,-187500.03,-183354.88
1390.8151,-187500.03,-187500.03,-187500.03,-187500.03,-187500.03,-187500.03,-187500.03,-187500.03,-187500.03,-136017.33,-173830.97,-187500.03,-134626.47,-187500.03,-187500.03,-181848.31
1390.8374,-187500.03,-187500.03,-187500.03,-187500.03,-187500.03,-187500.03,-187500.03,-187500.03,-187500.03,-144729.31,-180881.6,-187500.03,-141149.47,-187500.03,-187500.03,-187500.03
1390.8597,-187500.03,-187500.03,-187500.03,-187500.03,-187500.03,-187500.03,-187500.03,-187500.03,-187500.03,-146048.69,-181351.2,-187500.03,-143191.28,-187500.03,-187500.03,-187500.03
1390.8821,-187500.03,-187500.03,-187500.03,-187500.03,-187500.03,-187500.03,-187500.03,-187500.03,-187500.03,-137242.66,-174273.58,-187500.03,-136640.5,-187500.03,-187500.03,-184563.55
1390.9044,-187500.03,-187500.03,-187500.03,-187500.03,-187500.03,-187500.03,-187500.03,-187500.03,-187500.03,-135259.28,-173142.75,-187500.03,-134187.17,-187500.03,-187500.03,-181290.06
1390.9268,-187500.03,-187500.03,-187500.03,-187500.03,-187500.03,-187500.03,-187500.03,-187500.03,-187500.03,-143177.16,-179700.7,-187500.03,-139882.16,-187500.03,-187500.03,-187500.03
1390.9491,-187500.03,-187500.03,-187500.03,-187500.03,-187500.03,-187500.03,-187500.03,-187500.03,-187500.03,-146979.28,-182182.83,-187500.03,-143719.58,-187500.03,-187500.03,-187500.03
1390.9714,-187500.03,-187500.03,-187500.03,-187500.03,-187500.03,-187500.03,-187500.03,-187500.03,-187500.03,-138547.16,-175274.16,-187500.03,-137725.67,-187500.03,-187500.03,-185930.94
1390.9938,-187500.03,-187500.03,-187500.03,-187500.03,-187500.03,-187500.03,-187500.03,-187500.03,-187500.03,-134817.72,-172700.86,-187500.03,-134004.55,-187500.03,-187500.03,-181069.72
1391.0162,-187500.03,-187500.03,-187500.03,-187500.03,-187500.03,-187500.03,-187500.03,-187500.03,-187500.03,-141494.53,-178384.31,-187500.03,-138557.16,-187500.03,-187500.03,-186753.17
1391.0386,-187500.03,-187500.03,-187500.03,-187500.03,-187500.03,-187500.03,-187500.03,-187500.03,-187500.03,-147448.92,-182662.62,-187500.03,-143878.02,-187500.03,-187500.03,-187500.03
1391.0609,-187500.03,-187500.03,-187500.03,-187500.03,-187500.03,-187500.03,-187500.03,-187500.03,-187500.03,-140053.25,-176451.12,-187500.03,-138919.25,-187500.03,-187500.03,-187390.78
1391.0833,-187500.03,-187500.03,-187500.03,-187500.03,-187500.03,-187500.03,-187500.03,-187500.03,-187500.03,-134709.48,-172524.33,-187500.03,-134090.69,-187500.03,-187500.03,-181194.02
1391.1056,-187500.03,-187500.03,-187500.03,-187500.03,-187500.03,-187500.03,-187500.03,-187500.03,-187500.03,-139835.55,-177048.42,-187500.03,-137297.05,-187500.03,-187500.03,-185206.11
1391.1279,-187500.03,-187500.03,-187500.03,-187500.03,-187500.03,-187500.03,-187500.03,-187500.03,-187500.03,-147428.33,-182750.64,-187500.03,-143663.89,-187500.03,-187500.03,-187500.03
1391.1503,-187500.03,-187500.03,-187500.03,-187500.03,-187500.03,-187500.03,-187500.03,-187500.03,-187500.03,-141680.25,-177739.31,-187500.03,-140157.48,-187500.03,-187500.03,-187500.03
1391.1726,-187500.03,-187500.03,-187500.03,-187500.03,-187500.03,-187500.03,-187500.03,-187500.03,-187500.03,-134910.47,-172597.9,-187500.03,-134416.81,-187500.03,-187500.03,-181642.84
1391.195,-187500.03,-187500.03,-187500.03,-187500.03,-187500.03,-187500.03,-187500.03,-187500.03,-187500.03,-138293.8,-175778.23,-187500.03,-136166.73,-187500.03,-187500.03,-183799.31
1391.2173,-187500.03,-187500.03,-187500.03,-187500.03,-187500.03,-187500.03,-187500.03,-187500.03,-187500.03,-146892.45,-182426.92,-187500.03,-143067.2,-187500.03,-187500.03,-187500.03
1391.2397,-187500.03,-187500.03,-187500.03,-187500.03,-187500.03,-187500.03,-187500.03,-187500.03,-187500.03,-143295.62,-179039.23,-187500.03,-141329.88,-187500.03,-187500.03,-187500.03
1391.2621,-187500.03,-187500.03,-187500.03,-187500.03,-187500.03,-187500.03,-187500.03,-187500.03,-187500.03,-135410.67,-172916.55,-187500.03,-134963.61,-187500.03,-187500.03,-182376.36
1391.2844,-187500.03,-187500.03,-187500.03,-187500.03,-187500.03,-187500.03,-187500.03,-187500.03,-187500.03,-136979.78,-174664.0,-187500.03,-135246.77,-187500.03,-187500.03,-182635.7
1391.3068,-187500.03,-187500.03,-187500.03,-187500.03,-187500.03,-187500.03,-187500.03,-187500.03,-187500.03,-145937.28,-181759.03,-187500.03,-142179.95,-187500.03,-187500.03,-187500.03
1391.3291,-187500.03,-187500.03,-187500.03,-187500.03,-187500.03,-187500.03,-187500.03,-187500.03,-187500.03,-144801.95,-180282.4,-187500.03,-142370.5,-187500.03,-187500.03,-187500.03
1391.3514,-187500.03,-187500.03,-187500.03,-187500.03,-187500.03,-187500.03,-187500.03,-187500.03,-187500.03,-136201.55,-173483.45,-187500.03,-135714.42,-187500.03,-187500.03,-183374.14
1391.3738,-187500.03,-187500.03,-187500.03,-187500.03,-187500.03,-187500.03,-187500.03,-187500.03,-187500.03,-135934.14,-173752.55,-187500.03,-134560.03,-187500.03,-187500.03,-181767.17
1391.3961,-187500.03,-187500.03,-187500.03,-187500.03,-187500.03,-187500.03,-187500.03,-187500.03,-187500.03,-144620.72,-180788.42,-187500.03,-141050.94,-187500.03,-187500.03,-187500.03
1391.4185,-187500.03,-187500.03,-187500.03,-187500.03,-187500.03,-187500.03,-187500.03,-187500.03,-187500.03,-146074.83,-181365.11,-187500.03,-143190.34,-187500.03,-187500.03,-187500.03
1391.4409,-187500.03,-187500.03,-187500.03,-187500.03,-187500.03,-187500.03,-187500.03,-187500.03,-187500.03,-137271.84,-174284.66,-187500.03,-136656.86,-187500.03,-187500.03,-184593.56
1391.4633,-187500.03,-187500.03,-187500.03,-187500.03,-187500.03,-187500.03,-187500.03,-187500.03,-187500.03,-135186.86,-173070.83,-187500.03,-134127.81,-187500.03,-187500.03,-181223.53
1391.4856,-187500.03,-187500.03,-187500.03,-187500.03,-187500.03,-187500.03,-187500.03,-187500.03,-187500.03,-143046.53,-179588.88,-187500.03,-139767.0,-187500.03,-187500.03,-187500.03
1391.5079,-187500.03,-187500.03,-187500.03,-187500.03,-187500.03,-187500.03,-187500.03,-187500.03,-187500.03,-146977.27,-182176.94,-187500.03,-143695.19,-187500.03,-187500.03,-187500.03
1391.5303,-187500.03,-187500.03,-187500.03,-187500.03,-187500.03,-187500.03,-187500.03,-187500.03,-187500.03,-138590.92,-175297.73,-187500.03,-137751.52,-187500.03,-187500.03,-185974.61
1391.5526,-187500.03,-187500.03,-187500.03,-187500.03,-187500.03,-187500.03,-187500.03,-187500.03,-187500.03,-134767.47,-172644.08,-187500.03,-133965.0,-187500.03,-187500.03,-181026.92
1391.575,-187500.03,-187500.03,-187500.03,-187500.03,-187500.03,-187500.03,-187500.03,-187500.03,-187500.03,-141376.02,-178277.31,-187500.03,-138455.86,-187500.03,-187500.03,-186638.88
1391.5973,-187500.03,-187500.03,-187500.03,-187500.03,-187500.03,-187500.03,-187500.03,-187500.03,-187500.03,-147436.72,-182643.84,-187500.03,-143846.36,-187500.03,-187500.03,-187500.03
1391.6196,-187500.03,-187500.03,-187500.03,-187500.03,-187500.03,-187500.03,-187500.03,-187500.03,-187500.03,-140112.94,-176483.34,-187500.03,-138954.4,-187500.03,-187500.03,-187448.8
1391.642,-187500.03,-187500.03,-187500.03,-187500.03,-187500.03,-187500.03,-187500.03,-187500.03,-187500.03,-134671.81,-172474.92,-187500.03,-134058.25,-187500.03,-187500.03,-181171.55
1391.6644,-187500.03,-187500.03,-187500.03,-187500.03,-187500.03,-187500.03,-187500.03,-187500.03,-187500.03,-139709.39,-176934.83,-187500.03,-137188.88,-187500.03,-187500.03,-185091.56
1391.6868,-187500.03,-187500.03,-187500.03,-187500.03,-187500.03,-187500.03,-187500.03,-187500.03,-187500.03,-147373.88,-182701.58,-187500.03,-143597.31,-187500.03,-187500.03,-187500.03
1391.7091,-187500.03,-187500.03,-187500.03,-187500.03,-187500.03,-187500.03,-187500.03,-187500.03,-187500.03,-141737.36,-177772.73,-187500.03,-140186.14,-187500.03,-187500.03,-187500.03
1391.7314,-187500.03,-187500.03,-187500.03,-187500.03,-187500.03,-187500.03,-187500.03,-187500.03,-187500.03,-134896.08,-172569.27,-187500.03,-134404.28,-187500.03,-187500.03,-181644.52
1391.7538,-187500.03,-187500.03,-187500.03,-187500.03,-187500.03,-187500.03,-187500.03,-187500.03,-187500.03,-138179.16,-175671.08,-187500.03,-136071.06,-187500.03,-187500.03,-183694.7
1391.7761,-187500.03,-187500.03,-187500.03,-187500.03,-187500.03,-187500.03,-187500.03,-187500.03,-187500.03,-146824.12,-182365.97,-187500.03,-142993.22,-187500.03,-187500.03,-187500.03
1391.7985,-187500.03,-187500.03,-187500.03,-187500.03,-187500.03,-187500.03,-187500.03,-187500.03,-187500.03,-143366.53,-179085.45,-187500.03,-141367.42,-187500.03,-187500.03,-187500.03
1391.8208,-187500.03,-187500.03,-187500.03,-187500.03,-187500.03,-187500.03,-187500.03,-187500.03,-187500.03,-135422.56,-172909.55,-187500.03,-134970.36,-187500.03,-187500.03,-182405.27
1391.8431,-187500.03,-187500.03,-187500.03,-187500.03,-187500.03,-187500.03,-187500.03,-187500.03,-187500.03,-136868.44,-174558.69,-187500.03,-135155.9,-187500.03,-187500.03,-182537.4
1391.8656,-187500.03,-187500.03,-187500.03,-187500.03,-187500.03,-187500.03,-187500.03,-187500.03,-187500.03,-145834.02,-181671.2,-187500.03,-142080.53,-187500.03,-187500.03,-187500.03
1391.888,-187500.03,-187500.03,-187500.03,-187500.03,-187500.03,-187500.03,-187500.03,-187500.03,-187500.03,-144867.97,-180325.88,-187500.03,-142402.12,-187500.03,-187500.03,-187500.03
1391.9103,-187500.03,-187500.03,-187500.03,-187500.03,-187500.03,-187500.03,-187500.03,-187500.03,-187500.03,-136235.25,-173492.16,-187500.03,-135740.3,-187500.03,-187500.03,-183415.89
1391.9326,-187500.03,-187500.03,-187500.03,-187500.03,-187500.03,-187500.03,-187500.03,-187500.03,-187500.03,-135856.67,-173670.22,-187500.03,-134498.97,-187500.03,-187500.03,-181697.2
1391.955,-187500.03,-187500.03,-187500.03,-187500.03,-187500.03,-187500.03,-187500.03,-187500.03,-187500.03,-144520.55,-180697.06,-187500.03,-140960.22,-187500.03,-187500.03,-187500.03
1391.9773,-187500.03,-187500.03,-187500.03,-187500.03,-187500.03,-187500.03,-187500.03,-187500.03,-187500.03,-146108.94,-181381.53,-187500.03,-143198.12,-187500.03,-187500.03,-187500.03
1391.9996,-187500.03,-187500.03,-187500.03,-187500.03,-187500.03,-187500.03,-187500.03,-187500.03,-187500.03,-137308.86,-174295.31,-187500.03,-136679.25,-187500.03,-187500.03,-184628.69
1392.022,-187500.03,-187500.03,-187500.03,-187500.03,-187500.03,-187500.03,-187500.03,-187500.03,-187500.03,-135137.66,-173009.9,-187500.03,-134087.53,-187500.03,-187500.03,-181177.39
1392.0443,-187500.03,-187500.03,-187500.03,-187500.03,-187500.03,-187500.03,-187500.03,-187500.03,-187500.03,-142951.31,-179497.48,-187500.03,-139682.47,-187500.03,-187500.03,-187500.03
1392.0668,-187500.03,-187500.03,-187500.03,-187500.03,-187500.03,-187500.03,-187500.03,-187500.03,-187500.03,-146994.06,-182176.89,-187500.03,-143690.81,-187500.03,-187500.03,-187500.03
1392.0891,-187500.03,-187500.03,-187500.03,-187500.03,-187500.03,-187500.03,-187500.03,-187500.03,-187500.03,-138641.97,-175318.22,-187500.03,-137784.83,-187500.03,-187500.03,-186018.06
1392.1115,-187500.03,-187500.03,-187500.03,-187500.03,-187500.03,-187500.03,-187500.03,-187500.03,-187500.03,-134743.56,-172603.31,-187500.03,-133945.62,-187500.03,-187500.03,-181005.12
1392.1338,-187500.03,-187500.03,-187500.03,-187500.03,-187500.03,-187500.03,-187500.03,-187500.03,-187500.03,-141286.92,-178190.45,-187500.03,-138378.48,-187500.03,-187500.03,-186550.62
1392.1561,-187500.03,-187500.03,-187500.03,-187500.03,-187500.03,-187500.03,-187500.03,-187500.03,-187500.03,-147424.27,-182624.38,-187500.03,-143819.33,-187500.03,-187500.03,-187500.03
1392.1785,-187500.03,-187500.03,-187500.03,-187500.03,-187500.03,-187500.03,-187500.03,-187500.03,-187500.03,-140159.88,-176508.17,-187500.03,-138982.81,-187500.03,-187500.03,-187486.84
1392.2008,-187500.03,-187500.03,-187500.03,-187500.03,-187500.03,-187500.03,-187500.03,-187500.03,-187500.03,-134665.33,-172456.33,-187500.03,-134054.1,-187500.03,-187500.03,-181167.42
1392.2231,-187500.03,-187500.03,-187500.03,-187500.03,-187500.03,-187500.03,-187500.03,-187500.03,-187500.03,-139629.81,-176859.53,-187500.03,-137121.95,-187500.03,-187500.03,-185011.08
1392.2455,-187500.03,-187500.03,-187500.03,-187500.03,-187500.03,-187500.03,-187500.03,-187500.03,-187500.03,-147351.67,-182678.28,-187500.03,-143565.36,-187500.03,-187500.03,-187500.03
1392.2678,-187500.03,-187500.03,-187500.03,-187500.03,-187500.03,-187500.03,-187500.03,-187500.03,-187500.03,-141792.08,-177808.28,-187500.03,-140219.36,-187500.03,-187500.03,-187500.03
1392.2903,-187500.03,-187500.03,-187500.03,-187500.03,-187500.03,-187500.03,-187500.03,-187500.03,-187500.03,-134897.83,-172559.33,-187500.03,-134403.12,-187500.03,-187500.03,-181647.77
1392.3126,-187500.03,-187500.03,-187500.03,-187500.03,-187500.03,-187500.03,-187500.03,-187500.03,-187500.03,-138105.64,-175603.62,-187500.03,-136009.05,-187500.03,-187500.03,-183621.3
1392.335,-187500.03,-187500.03,-187500.03,-187500.03,-187500.03,-187500.03,-187500.03,-187500.03,-187500.03,-146784.4,-182333.39,-187500.03,-142947.47,-187500.03,-187500.03,-187500.03
1392.3573,-187500.03,-187500.03,-187500.03,-187500.03,-187500.03,-187500.03,-187500.03,-187500.03,-187500.03,-143427.9,-179131.67,-187500.03,-141403.86,-187500.03,-187500.03,-187500.03
1392.3796,-187500.03,-187500.03,-187500.03,-187500.03,-187500.03,-187500.03,-187500.03,-187500.03,-187500.03,-135444.38,-172921.6,-187500.03,-134987.53,-187500.03,-187500.03,-182433.73
1392.402,-187500.03,-187500.03,-187500.03,-187500.03,-187500.03,-187500.03,-187500.03,-187500.03,-187500.03,-136820.53,-174515.1,-187500.03,-135118.17,-187500.03,-187500.03,-182492.92
1392.4243,-187500.03,-187500.03,-187500.03,-187500.03,-187500.03,-187500.03,-187500.03,-187500.03,-187500.03,-145791.14,-181638.86,-187500.03,-142038.28,-187500.03,-187500.03,-187500.03
1392.4467,-187500.03,-187500.03,-187500.03,-187500.03,-187500.03,-187500.03,-187500.03,-187500.03,-187500.03,-144926.23,-180372.34,-187500.03,-142436.66,-187500.03,-187500.03,-187500.03
1392.469,-187500.03,-187500.03,-187500.03,-187500.03,-187500.03,-187500.03,-187500.03,-187500.03,-187500.03,-136275.39,-173520.4,-187500.03,-135770.69,-187500.03,-187500.03,-183456.44
1392.4915,-187500.03,-187500.03,-187500.03,-187500.03,-187500.03,-187500.03,-187500.03,-187500.03,-187500.03,-135819.42,-173636.55,-187500.03,-134470.86,-187500.03,-187500.03,-181661.6
1392.5138,-187500.03,-187500.03,-187500.03,-187500.03,-187500.03,-187500.03,-187500.03,-187500.03,-187500.03,-144448.08,-180643.28,-187500.03,-140894.45,-187500.03,-187500.03,-187500.03
1392.5361,-187500.03,-187500.03,-187500.03,-187500.03,-187500.03,-187500.03,-187500.03,-187500.03,-187500.03,-146175.1,-181440.11,-187500.03,-143237.06,-187500.03,-187500.03,-187500.03
1392.5585,-187500.03,-187500.03,-187500.03,-187500.03,-187500.03,-187500.03,-187500.03,-187500.03,-187500.03,-137382.81,-174354.08,-187500.03,-136739.8,-187500.03,-187500.03,-184701.86
1392.5808,-187500.03,-187500.03,-187500.03,-187500.03,-187500.03,-187500.03,-187500.03,-187500.03,-187500.03,-135117.95,-172990.75,-187500.03,-134078.31,-187500.03,-187500.03,-181160.81
1392.6031,-187500.03,-187500.03,-187500.03,-187500.03,-187500.03,-187500.03,-187500.03,-187500.03,-187500.03,-142874.86,-179440.3,-187500.03,-139619.34,-187500.03,-187500.03,-187500.03
1392.6255,-187500.03,-187500.03,-187500.03,-187500.03,-187500.03,-187500.03,-187500.03,-187500.03,-187500.03,-147048.66,-182228.34,-187500.03,-143720.97,-187500.03,-187500.03,-187500.03
1392.6478,-187500.03,-187500.03,-187500.03,-187500.03,-187500.03,-187500.03,-187500.03,-187500.03,-187500.03,-138736.25,-175394.73,-187500.03,-137859.48,-187500.03,-187500.03,-186100.94
1392.6702,-187500.03,-187500.03,-187500.03,-187500.03,-187500.03,-187500.03,-187500.03,-187500.03,-187500.03,-134749.22,-172606.62,-187500.03,-133958.9,-187500.03,-187500.03,-181013.8
1392.6925,-187500.03,-187500.03,-187500.03,-187500.03,-187500.03,-187500.03,-187500.03,-187500.03,-187500.03,-141202.47,-178125.53,-187500.03,-138312.9,-187500.03,-187500.03,-186459.64
1392.715,-187500.03,-187500.03,-187500.03,-187500.03,-187500.03,-187500.03,-187500.03,-187500.03,-187500.03,-147448.81,-182651.86,-187500.03,-143827.62,-187500.03,-187500.03,-187500.03
1392.7373,-187500.03,-187500.03,-187500.03,-187500.03,-187500.03,-187500.03,-187500.03,-187500.03,-187500.03,-140261.69,-176589.83,-187500.03,-139062.53,-187500.03,-187500.03,-187500.03
1392.7596,-187500.03,-187500.03,-187500.03,-187500.03,-187500.03,-187500.03,-187500.03,-187500.03,-187500.03,-134692.38,-172474.73,-187500.03,-134084.75,-187500.03,-187500.03,-181194.62
1392.782,-187500.03,-187500.03,-187500.03,-187500.03,-187500.03,-187500.03,-187500.03,-187500.03,-187500.03,-139583.42,-176823.56,-187500.03,-137091.86,-187500.03,-187500.03,-184958.95
1392.8043,-187500.03,-187500.03,-187500.03,-187500.03,-187500.03,-187500.03,-187500.03,-187500.03,-187500.03,-147356.36,-182689.94,-187500.03,-143565.53,-187500.03,-187500.03,-187500.03
1392.8267,-187500.03,-187500.03,-187500.03,-187500.03,-187500.03,-187500.03,-187500.03,-187500.03,-187500.03,-141871.19,-177875.14,-187500.03,-140281.06,-187500.03,-187500.03,-187500.03
1392.849,-187500.03,-187500.03,-187500.03,-187500.03,-187500.03,-187500.03,-187500.03,-187500.03,-187500.03,-134936.19,-172590.88,-187500.03,-134440.5,-187500.03,-187500.03,-181685.77
