Tm,Oz,Po7,Po4,Po3,P4,P3,Po8,Pz,Fz,F2,F3,F4,AF3,Cz,AF4,F1
796.5268,-187500.03,-187500.03,-187500.03,-187500.03,-187500.03,-187500.03,-187500.03,-187500.03,-187500.03,-148305.48,-181882.64,-187500.03,-144711.39,-187500.03,-187500.03,-187500.03
796.54913,-187500.03,-187500.03,-187500.03,-187500.03,-187500.03,-187500.03,-187500.03,-187500.03,-187500.03,-139642.97,-174832.05,-187500.03,-138299.86,-187500.03,-187500.03,-185318.55
796.5715,-187500.03,-187500.03,-187500.03,-187500.03,-187500.03,-187500.03,-187500.03,-187500.03,-187500.03,-136787.4,-172969.62,-187500.03,-135129.73,-187500.03,-187500.03,-181068.78
796.5939,-187500.03,-187500.03,-187500.03,-187500.03,-187500.03,-187500.03,-187500.03,-187500.03,-187500.03,-144113.2,-179137.03,-187500.03,-140355.7,-187500.03,-187500.03,-187500.03
796.6162,-187500.03,-187500.03,-187500.03,-187500.03,-187500.03,-187500.03,-187500.03,-187500.03,-187500.03,-149015.25,-182549.61,-187500.03,-145066.5,-187500.03,-187500.03,-187500.03
796.63855,-187500.03,-187500.03,-187500.03,-187500.03,-187500.03,-187500.03,-187500.03,-187500.03,-187500.03,-141039.66,-175919.5,-187500.03,-139460.94,-187500.03,-187500.03,-186755.64
796.6609,-187500.03,-187500.03,-187500.03,-187500.03,-187500.03,-187500.03,-187500.03,-187500.03,-187500.03,-136530.1,-172675.92,-187500.03,-135102.16,-187500.03,-187500.03,-181053.1
796.6832,-187500.03,-187500.03,-187500.03,-187500.03,-187500.03,-187500.03,-187500.03,-187500.03,-187500.03,-142479.66,-177836.39,-187500.03,-139073.53,-187500.03,-187500.03,-185953.89
796.7056,-187500.03,-187500.03,-187500.03,-187500.03,-187500.03,-187500.03,-187500.03,-187500.03,-187500.03,-149265.11,-182852.27,-187500.03,-145058.36,-187500.03,-187500.03,-187500.03
796.72797,-187500.03,-187500.03,-187500.03,-187500.03,-187500.03,-187500.03,-187500.03,-187500.03,-187500.03,-142595.73,-177148.47,-187500.03,-140696.28,-187500.03,-187500.03,-187500.03
796.7503,-187500.03,-187500.03,-187500.03,-187500.03,-187500.03,-187500.03,-187500.03,-187500.03,-187500.03,-136579.64,-172629.25,-187500.03,-135317.14,-187500.03,-187500.03,-181350.98
796.77264,-187500.03,-187500.03,-187500.03,-187500.03,-187500.03,-187500.03,-187500.03,-187500.03,-187500.03,-140887.39,-176539.2,-187500.03,-137861.84,-187500.03,-187500.03,-184450.86
796.795,-187500.03,-187500.03,-187500.03,-187500.03,-187500.03,-187500.03,-187500.03,-187500.03,-187500.03,-149021.61,-182767.27,-187500.03,-144663.23,-187500.03,-187500.03,-187500.03
796.8174,-187500.03,-187500.03,-187500.03,-187500.03,-187500.03,-187500.03,-187500.03,-187500.03,-187500.03,-144245.61,-178475.84,-187500.03,-141944.67,-187500.03,-187500.03,-187500.03
796.8397,-187500.03,-187500.03,-187500.03,-187500.03,-187500.03,-187500.03,-187500.03,-187500.03,-187500.03,-136942.81,-172844.0,-187500.03,-135776.61,-187500.03,-187500.03,-181978.88
796.86206,-187500.03,-187500.03,-187500.03,-187500.03,-187500.03,-187500.03,-187500.03,-187500.03,-187500.03,-139457.58,-175346.81,-187500.03,-136818.81,-187500.03,-187500.03,-183142.34
796.8844,-187500.03,-187500.03,-187500.03,-187500.03,-187500.03,-187500.03,-187500.03,-187500.03,-187500.03,-148292.17,-182289.4,-187500.03,-143917.03,-187500.03,-187500.03,-187500.03
796.90674,-187500.03,-187500.03,-187500.03,-187500.03,-187500.03,-187500.03,-187500.03,-187500.03,-187500.03,-145848.64,-179790.8,-187500.03,-143106.83,-187500.03,-187500.03,-187500.03
796.92914,-187500.03,-187500.03,-187500.03,-187500.03,-187500.03,-187500.03,-187500.03,-187500.03,-187500.03,-137598.89,-173302.67,-187500.03,-136456.86,-187500.03,-187500.03,-182897.16
796.9515,-187500.03,-187500.03,-187500.03,-187500.03,-187500.03,-187500.03,-187500.03,-187500.03,-187500.03,-138268.36,-174328.78,-187500.03,-136002.62,-187500.03,-187500.03,-182115.72
796.9738,-187500.03,-187500.03,-187500.03,-187500.03,-187500.03,-187500.03,-187500.03,-187500.03,-187500.03,-147144.81,-181464.45,-187500.03,-142880.2,-187500.03,-187500.03,-187500.03
796.99615,-187500.03,-187500.03,-187500.03,-187500.03,-187500.03,-187500.03,-187500.03,-187500.03,-187500.03,-147260.78,-180979.33,-187500.03,-144070.95,-187500.03,-187500.03,-187500.03
797.01855,-187500.03,-187500.03,-187500.03,-187500.03,-187500.03,-187500.03,-187500.03,-187500.03,-187500.03,-138523.9,-173986.3,-187500.03,-137324.31,-187500.03,-187500.03,-184036.53
797.0409,-187500.03,-187500.03,-187500.03,-187500.03,-187500.03,-187500.03,-187500.03,-187500.03,-187500.03,-137395.6,-173548.75,-187500.03,-135459.61,-187500.03,-187500.03,-181436.19
797.06323,-187500.03,-187500.03,-187500.03,-187500.03,-187500.03,-187500.03,-187500.03,-187500.03,-187500.03,-145734.81,-180401.31,-187500.03,-141683.4,-187500.03,-187500.03,-187500.03
797.0856,-187500.03,-187500.03,-187500.03,-187500.03,-187500.03,-187500.03,-187500.03,-187500.03,-187500.03,-148343.19,-181922.73,-187500.03,-144744.81,-187500.03,-187500.03,-187500.03
797.1079,-187500.03,-187500.03,-187500.03,-187500.03,-187500.03,-187500.03,-187500.03,-187500.03,-187500.03,-139679.22,-174869.5,-187500.03,-138336.9,-187500.03,-187500.03,-185339.83
797.1303,-187500.03,-187500.03,-187500.03,-187500.03,-187500.03,-187500.03,-187500.03,-187500.03,-187500.03,-136813.89,-172999.17,-187500.03,-135160.02,-187500.03,-187500.03,-181080.92
797.15265,-187500.03,-187500.03,-187500.03,-187500.03,-187500.03,-187500.03,-187500.03,-187500.03,-187500.03,-144128.27,-179155.86,-187500.03,-140375.34,-187500.03,-187500.03,-187500.03
797.175,-187500.03,-187500.03,-187500.03,-187500.03,-187500.03,-187500.03,-187500.03,-187500.03,-187500.03,-149055.17,-182589.36,-187500.03,-145104.61,-187500.03,-187500.03,-187500.03
797.1973,-187500.03,-187500.03,-187500.03,-187500.03,-187500.03,-187500.03,-187500.03,-187500.03,-187500.03,-141094.38,-175970.64,-187500.03,-139514.3,-187500.03,-187500.03,-186799.53
797.21967,-187500.03,-187500.03,-187500.03,-187500.03,-187500.03,-187500.03,-187500.03,-187500.03,-187500.03,-136551.48,-172701.31,-187500.03,-135130.47,-187500.03,-187500.03,-181072.75
797.24207,-187500.03,-187500.03,-187500.03,-187500.03,-187500.03,-187500.03,-187500.03,-187500.03,-187500.03,-142459.9,-177831.06,-187500.03,-139064.8,-187500.03,-187500.03,-185930.62
797.2644,-187500.03,-187500.03,-187500.03,-187500.03,-187500.03,-187500.03,-187500.03,-187500.03,-187500.03,-149290.58,-182887.14,-187500.03,-145077.47,-187500.03,-187500.03,-187500.03
797.28674,-187500.03,-187500.03,-187500.03,-187500.03,-187500.03,-187500.03,-187500.03,-187500.03,-187500.03,-142677.36,-177225.66,-187500.03,-140766.67,-187500.03,-187500.03,-187500.03
797.3091,-187500.03,-187500.03,-187500.03,-187500.03,-187500.03,-187500.03,-187500.03,-187500.03,-187500.03,-136609.75,-172665.23,-187500.03,-135357.3,-187500.03,-187500.03,-181399.0
797.3314,-187500.03,-187500.03,-187500.03,-187500.03,-187500.03,-187500.03,-187500.03,-187500.03,-187500.03,-140861.95,-176532.61,-187500.03,-137855.86,-187500.03,-187500.03,-184439.38
797.3538,-187500.03,-187500.03,-187500.03,-187500.03,-187500.03,-187500.03,-187500.03,-187500.03,-187500.03,-149023.97,-182787.67,-187500.03,-144671.81,-187500.03,-187500.03,-187500.03
797.37616,-187500.03,-187500.03,-187500.03,-187500.03,-187500.03,-187500.03,-187500.03,-187500.03,-187500.03,-144328.89,-178557.2,-187500.03,-142019.11,-187500.03,-187500.03,-187500.03
797.3985,-187500.03,-187500.03,-187500.03,-187500.03,-187500.03,-187500.03,-187500.03,-187500.03,-187500.03,-136978.31,-172883.88,-187500.03,-135822.97,-187500.03,-187500.03,-182042.14
797.42084,-187500.03,-187500.03,-187500.03,-187500.03,-187500.03,-187500.03,-187500.03,-187500.03,-187500.03,-139430.83,-175337.02,-187500.03,-136813.67,-187500.03,-187500.03,-183138.81
797.44324,-187500.03,-187500.03,-187500.03,-187500.03,-187500.03,-187500.03,-187500.03,-187500.03,-187500.03,-148271.47,-182287.8,-187500.03,-143906.22,-187500.03,-187500.03,-187500.03
797.4656,-187500.03,-187500.03,-187500.03,-187500.03,-187500.03,-187500.03,-187500.03,-187500.03,-187500.03,-145920.97,-179862.28,-187500.03,-143169.7,-187500.03,-187500.03,-187500.03
797.4879,-187500.03,-187500.03,-187500.03,-187500.03,-187500.03,-187500.03,-187500.03,-187500.03,-187500.03,-137641.75,-173346.33,-187500.03,-136508.17,-187500.03,-187500.03,-182966.06
797.51025,-187500.03,-187500.03,-187500.03,-187500.03,-187500.03,-187500.03,-187500.03,-187500.03,-187500.03,-138247.53,-174319.56,-187500.03,-136001.11,-187500.03,-187500.03,-182116.34
797.5326,-187500.03,-187500.03,-187500.03,-187500.03,-187500.03,-187500.03,-187500.03,-187500.03,-187500.03,-147114.83,-181451.44,-187500.03,-142860.98,-187500.03,-187500.03,-187500.03
797.555,-187500.03,-187500.03,-187500.03,-187500.03,-187500.03,-187500.03,-187500.03,-187500.03,-187500.03,-147333.02,-181047.39,-187500.03,-144129.92,-187500.03,-187500.03,-187500.03
797.57733,-187500.03,-187500.03,-187500.03,-187500.03,-187500.03,-187500.03,-187500.03,-187500.03,-187500.03,-138588.12,-174044.81,-187500.03,-137390.7,-187500.03,-187500.03,-184126.53
797.5997,-187500.03,-187500.03,-187500.03,-187500.03,-187500.03,-187500.03,-187500.03,-187500.03,-187500.03,-137362.19,-173526.34,-187500.03,-135448.39,-187500.03,-187500.03,-181428.55
797.622,-187500.03,-187500.03,-187500.03,-187500.03,-187500.03,-187500.03,-187500.03,-187500.03,-187500.03,-145652.52,-180346.81,-187500.03,-141619.78,-187500.03,-187500.03,-187500.03
797.64435,-187500.03,-187500.03,-187500.03,-187500.03,-187500.03,-187500.03,-187500.03,-187500.03,-187500.03,-148422.03,-181999.69,-187500.03,-144800.39,-187500.03,-187500.03,-187500.03
797.66675,-187500.03,-187500.03,-187500.03,-187500.03,-187500.03,-187500.03,-187500.03,-187500.03,-187500.03,-139788.69,-174961.9,-187500.03,-138437.75,-187500.03,-187500.03,-185466.34
797.6891,-187500.03,-187500.03,-187500.03,-187500.03,-187500.03,-187500.03,-187500.03,-187500.03,-187500.03,-136791.2,-172981.55,-187500.03,-135162.72,-187500.03,-187500.03,-181086.88
797.7114,-187500.03,-187500.03,-187500.03,-187500.03,-187500.03,-187500.03,-187500.03,-187500.03,-187500.03,-144018.2,-179076.19,-187500.03,-140291.44,-187500.03,-187500.03,-187406.33
797.73376,-187500.03,-187500.03,-187500.03,-187500.03,-187500.03,-187500.03,-187500.03,-187500.03,-187500.03,-149099.47,-182637.36,-187500.03,-145125.92,-187500.03,-187500.03,-187500.03
797.7561,-187500.03,-187500.03,-187500.03,-187500.03,-187500.03,-187500.03,-187500.03,-187500.03,-187500.03,-141209.86,-176067.0,-187500.03,-139609.83,-187500.03,-187500.03,-186914.11
797.7785,-187500.03,-187500.03,-187500.03,-187500.03,-187500.03,-187500.03,-187500.03,-187500.03,-187500.03,-136541.69,-172692.17,-187500.03,-135139.12,-187500.03,-187500.03,-181084.31
797.80084,-187500.03,-187500.03,-187500.03,-187500.03,-187500.03,-187500.03,-187500.03,-187500.03,-187500.03,-142335.25,-177735.6,-187500.03,-138970.44,-187500.03,-187500.03,-185812.78
797.8232,-187500.03,-187500.03,-187500.03,-187500.03,-187500.03,-187500.03,-187500.03,-187500.03,-187500.03,-149281.06,-182891.06,-187500.03,-145055.33,-187500.03,-187500.03,-187500.03
797.8455,-187500.03,-187500.03,-187500.03,-187500.03,-187500.03,-187500.03,-187500.03,-187500.03,-187500.03,-142785.23,-177315.38,-187500.03,-140850.31,-187500.03,-187500.03,-187500.03
797.8679,-187500.03,-187500.03,-187500.03,-187500.03,-187500.03,-187500.03,-187500.03,-187500.03,-187500.03,-136609.06,-172662.36,-187500.03,-135369.53,-187500.03,-187500.03,-181419.69
797.89026,-187500.03,-187500.03,-187500.03,-187500.03,-187500.03,-187500.03,-187500.03,-187500.03,-187500.03,-140726.08,-176424.34,-187500.03,-137751.86,-187500.03,-187500.03,-184313.36
797.9126,-187500.03,-187500.03,-187500.03,-187500.03,-187500.03,-187500.03,-187500.03,-187500.03,-187500.03,-148958.83,-182744.62,-187500.03,-144602.4,-187500.03,-187500.03,-187500.03
797.93494,-187500.03,-187500.03,-187500.03,-187500.03,-187500.03,-187500.03,-187500.03,-187500.03,-187500.03,-144406.9,-178624.22,-187500.03,-142070.52,-187500.03,-187500.03,-187500.03
797.9573,-187500.03,-187500.03,-187500.03,-187500.03,-187500.03,-187500.03,-187500.03,-187500.03,-187500.03,-136982.62,-172886.61,-187500.03,-135834.17,-187500.03,-187500.03,-182071.11
797.9797,-187500.03,-187500.03,-187500.03,-187500.03,-187500.03,-187500.03,-187500.03,-187500.03,-187500.03,-139311.88,-175241.08,-187500.03,-136723.77,-187500.03,-187500.03,-183036.25
798.002,-187500.03,-187500.03,-187500.03,-187500.03,-187500.03,-187500.03,-187500.03,-187500.03,-187500.03,-148175.86,-182219.78,-187500.03,-143816.25,-187500.03,-187500.03,-187500.03
798.02435,-187500.03,-187500.03,-187500.03,-187500.03,-187500.03,-187500.03,-187500.03,-187500.03,-187500.03,-145966.11,-179904.75,-187500.03,-143192.03,-187500.03,-187500.03,-187500.03
798.0467,-187500.03,-187500.03,-187500.03,-187500.03,-187500.03,-187500.03,-187500.03,-187500.03,-187500.03,-137647.55,-173353.3,-187500.03,-136516.66,-187500.03,-187500.03,-182992.0
798.06903,-187500.03,-187500.03,-187500.03,-187500.03,-187500.03,-187500.03,-187500.03,-187500.03,-187500.03,-138146.95,-174238.16,-187500.03,-135925.05,-187500.03,-187500.03,-182033.52
798.09143,-187500.03,-187500.03,-187500.03,-187500.03,-187500.03,-187500.03,-187500.03,-187500.03,-187500.03,-146997.11,-181362.88,-187500.03,-142756.23,-187500.03,-187500.03,-187500.03
798.1138,-187500.03,-187500.03,-187500.03,-187500.03,-187500.03,-187500.03,-187500.03,-187500.03,-187500.03,-147355.98,-181070.5,-187500.03,-144131.61,-187500.03,-187500.03,-187500.03
798.1361,-187500.03,-187500.03,-187500.03,-187500.03,-187500.03,-187500.03,-187500.03,-187500.03,-187500.03,-138604.81,-174058.5,-187500.03,-137402.9,-187500.03,-187500.03,-184158.44
798.15845,-187500.03,-187500.03,-187500.03,-187500.03,-187500.03,-187500.03,-187500.03,-187500.03,-187500.03,-137280.8,-173458.75,-187500.03,-135385.9,-187500.03,-187500.03,-181361.17
798.1808,-187500.03,-187500.03,-187500.03,-187500.03,-187500.03,-187500.03,-187500.03,-187500.03,-187500.03,-145531.38,-180254.8,-187500.03,-141514.06,-187500.03,-187500.03,-187500.03
798.2032,-187500.03,-187500.03,-187500.03,-187500.03,-187500.03,-187500.03,-187500.03,-187500.03,-187500.03,-148441.67,-182019.42,-187500.03,-144796.19,-187500.03,-187500.03,-187500.03
798.2255,-187500.03,-187500.03,-187500.03,-187500.03,-187500.03,-187500.03,-187500.03,-187500.03,-187500.03,-139828.52,-174990.25,-187500.03,-138464.53,-187500.03,-187500.03,-185507.06
798.24786,-187500.03,-187500.03,-187500.03,-187500.03,-187500.03,-187500.03,-187500.03,-187500.03,-187500.03,-136736.61,-172930.95,-187500.03,-135120.27,-187500.03,-187500.03,-181038.28
798.2702,-187500.03,-187500.03,-187500.03,-187500.03,-187500.03,-187500.03,-187500.03,-187500.03,-187500.03,-143895.81,-178976.81,-187500.03,-140185.72,-187500.03,-187500.03,-187289.66
798.2926,-187500.03,-187500.03,-187500.03,-187500.03,-187500.03,-187500.03,-187500.03,-187500.03,-187500.03,-149082.89,-182626.06,-187500.03,-145092.03,-187500.03,-187500.03,-187500.03
798.31494,-187500.03,-187500.03,-187500.03,-187500.03,-187500.03,-187500.03,-187500.03,-187500.03,-187500.03,-141246.52,-176094.39,-187500.03,-139629.3,-187500.03,-187500.03,-186949.9
798.3373,-187500.03,-187500.03,-187500.03,-187500.03,-187500.03,-187500.03,-187500.03,-187500.03,-187500.03,-136511.12,-172665.14,-187500.03,-135113.02,-187500.03,-187500.03,-181064.05
798.3596,-187500.03,-187500.03,-187500.03,-187500.03,-187500.03,-187500.03,-187500.03,-187500.03,-187500.03,-142241.9,-177659.72,-187500.03,-138889.8,-187500.03,-187500.03,-185727.62
798.38196,-187500.03,-187500.03,-187500.03,-187500.03,-187500.03,-187500.03,-187500.03,-187500.03,-187500.03,-149250.4,-182867.47,-187500.03,-145014.6,-187500.03,-187500.03,-187500.03
798.40436,-187500.03,-187500.03,-187500.03,-187500.03,-187500.03,-187500.03,-187500.03,-187500.03,-187500.03,-142812.34,-177334.06,-187500.03,-140861.52,-187500.03,-187500.03,-187500.03
798.4267,-187500.03,-187500.03,-187500.03,-187500.03,-187500.03,-187500.03,-187500.03,-187500.03,-187500.03,-136592.5,-172643.0,-187500.03,-135352.55,-187500.03,-187500.03,-181416.61
798.44904,-187500.03,-187500.03,-187500.03,-187500.03,-187500.03,-187500.03,-187500.03,-187500.03,-187500.03,-140663.4,-176367.61,-187500.03,-137693.58,-187500.03,-187500.03,-184261.17
798.4714,-187500.03,-187500.03,-187500.03,-187500.03,-187500.03,-187500.03,-187500.03,-187500.03,-187500.03,-148922.86,-182712.47,-187500.03,-144558.05,-187500.03,-187500.03,-187500.03
798.4937,-187500.03,-187500.03,-187500.03,-187500.03,-187500.03,-187500.03,-187500.03,-187500.03,-187500.03,-144422.42,-178630.69,-187500.03,-142069.12,-187500.03,-187500.03,-187500.03
798.5161,-187500.03,-187500.03,-187500.03,-187500.03,-187500.03,-187500.03,-187500.03,-187500.03,-187500.03,-136973.67,-172873.14,-187500.03,-135820.16,-187500.03,-187500.03,-182074.69
798.53845,-187500.03,-187500.03,-187500.03,-187500.03,-187500.03,-187500.03,-187500.03,-187500.03,-187500.03,-139268.94,-175201.0,-187500.03,-136681.8,-187500.03,-187500.03,-183005.6
798.5608,-187500.03,-187500.03,-187500.03,-187500.03,-187500.03,-187500.03,-187500.03,-187500.03,-187500.03,-148142.55,-182189.84,-187500.03,-143778.03,-187500.03,-187500.03,-187500.03
798.5831,-187500.03,-187500.03,-187500.03,-187500.03,-187500.03,-187500.03,-187500.03,-187500.03,-187500.03,-145973.38,-179903.48,-187500.03,-143184.36,-187500.03,-187500.03,-187500.03
798.60547,-187500.03,-187500.03,-187500.03,-187500.03,-187500.03,-187500.03,-187500.03,-187500.03,-187500.03,-137643.5,-173339.12,-187500.03,-136502.05,-187500.03,-187500.03,-182997.98
798.62787,-187500.03,-187500.03,-187500.03,-187500.03,-187500.03,-187500.03,-187500.03,-187500.03,-187500.03,-138111.19,-174197.97,-187500.03,-135882.98,-187500.03,-187500.03,-182005.55
798.6502,-187500.03,-187500.03,-187500.03,-187500.03,-187500.03,-187500.03,-187500.03,-187500.03,-187500.03,-146952.6,-181318.7,-187500.03,-142702.8,-187500.03,-187500.03,-187500.03
798.67255,-187500.03,-187500.03,-187500.03,-187500.03,-187500.03,-187500.03,-187500.03,-187500.03,-187500.03,-147359.53,-181064.83,-187500.03,-144115.17,-187500.03,-187500.03,-187500.03
798.6949,-187500.03,-187500.03,-187500.03,-187500.03,-187500.03,-187500.03,-187500.03,-187500.03,-187500.03,-138604.73,-174046.08,-187500.03,-137389.2,-187500.03,-187500.03,-184163.27
798.7173,-187500.03,-187500.03,-187500.03,-187500.03,-187500.03,-187500.03,-187500.03,-187500.03,-187500.03,-137249.02,-173419.7,-187500.03,-135348.39,-187500.03,-187500.03,-181334.19
798.7396,-187500.03,-187500.03,-187500.03,-187500.03,-187500.03,-187500.03,-187500.03,-187500.03,-187500.03,-145472.9,-180195.22,-187500.03,-141451.73,-187500.03,-187500.03,-187500.03
798.76196,-187500.03,-187500.03,-187500.03,-187500.03,-187500.03,-187500.03,-187500.03,-187500.03,-187500.03,-148429.69,-181998.78,-187500.03,-144768.73,-187500.03,-187500.03,-187500.03
798.7843,-187500.03,-187500.03,-187500.03,-187500.03,-187500.03,-187500.03,-187500.03,-187500.03,-187500.03,-139832.11,-174980.03,-187500.03,-138452.06,-187500.03,-187500.03,-185511.75
798.80664,-187500.03,-187500.03,-187500.03,-187500.03,-187500.03,-187500.03,-187500.03,-187500.03,-187500.03,-136711.22,-172895.8,-187500.03,-135085.75,-187500.03,-187500.03,-181014.47
798.82904,-187500.03,-187500.03,-187500.03,-187500.03,-187500.03,-187500.03,-187500.03,-187500.03,-187500.03,-143835.06,-178916.08,-187500.03,-140121.7,-187500.03,-187500.03,-187230.89
798.8514,-187500.03,-187500.03,-187500.03,-187500.03,-187500.03,-187500.03,-187500.03,-187500.03,-187500.03,-149079.75,-182615.73,-187500.03,-145070.92,-187500.03,-187500.03,-187500.03
798.8737,-187500.03,-187500.03,-187500.03,-187500.03,-187500.03,-187500.03,-187500.03,-187500.03,-187500.03,-141281.23,-176108.33,-187500.03,-139643.02,-187500.03,-187500.03,-186981.0
798.89606,-187500.03,-187500.03,-187500.03,-187500.03,-187500.03,-187500.03,-187500.03,-187500.03,-187500.03,-136498.44,-172636.53,-187500.03,-135093.3,-187500.03,-187500.03,-181053.0
798.9184,-187500.03,-187500.03,-187500.03,-187500.03,-187500.03,-187500.03,-187500.03,-187500.03,-187500.03,-142169.53,-177585.7,-187500.03,-138818.67,-187500.03,-187500.03,-185653.95
798.9408,-187500.03,-187500.03,-187500.03,-187500.03,-187500.03,-187500.03,-187500.03,-187500.03,-187500.03,-149234.75,-182845.3,-187500.03,-144981.08,-187500.03,-187500.03,-187500.03
798.96313,-187500.03,-187500.03,-187500.03,-187500.03,-187500.03,-187500.03,-187500.03,-187500.03,-187500.03,-142865.17,-177362.44,-187500.03,-140886.25,-187500.03,-187500.03,-187500.03
798.9855,-187500.03,-187500.03,-187500.03,-187500.03,-187500.03,-187500.03,-187500.03,-187500.03,-187500.03,-136601.66,-172634.25,-187500.03,-135349.83,-187500.03,-187500.03,-181426.31
799.0078,-187500.03,-187500.03,-187500.03,-187500.03,-187500.03,-187500.03,-187500.03,-187500.03,-187500.03,-140608.64,-176309.9,-187500.03,-137639.17,-187500.03,-187500.03,-184203.61
799.0302,-187500.03,-187500.03,-187500.03,-187500.03,-187500.03,-187500.03,-187500.03,-187500.03,-187500.03,-148899.16,-182687.62,-187500.03,-144521.97,-187500.03,-187500.03,-187500.03
799.05255,-187500.03,-187500.03,-187500.03,-187500.03,-187500.03,-187500.03,-187500.03,-187500.03,-187500.03,-144492.08,-178676.6,-187500.03,-142111.03,-187500.03,-187500.03,-187500.03
799.0749,-187500.03,-187500.03,-187500.03,-187500.03,-187500.03,-187500.03,-187500.03,-187500.03,-187500.03,-137001.58,-172879.6,-187500.03,-135838.48,-187500.03,-187500.03,-182102.7
799.0972,-187500.03,-187500.03,-187500.03,-187500.03,-187500.03,-187500.03,-187500.03,-187500.03,-187500.03,-139215.52,-175141.77,-187500.03,-136632.75,-187500.03,-187500.03,-182946.77
799.11957,-187500.03,-187500.03,-187500.03,-187500.03,-187500.03,-187500.03,-187500.03,-187500.03,-187500.03,-148092.88,-182143.27,-187500.03,-143718.84,-187500.03,-187500.03,-187500.03
799.14197,-187500.03,-187500.03,-187500.03,-187500.03,-187500.03,-187500.03,-187500.03,-187500.03,-187500.03,-146064.14,-179969.9,-187500.03,-143236.66,-187500.03,-187500.03,-187500.03
799.1643,-187500.03,-187500.03,-187500.03,-187500.03,-187500.03,-187500.03,-187500.03,-187500.03,-187500.03,-137699.34,-173373.11,-187500.03,-136544.78,-187500.03,-187500.03,-183061.78
799.18665,-187500.03,-187500.03,-187500.03,-187500.03,-187500.03,-187500.03,-187500.03,-187500.03,-187500.03,-138068.6,-174155.11,-187500.03,-135851.92,-187500.03,-187500.03,-181971.83
799.209,-187500.03,-187500.03,-187500.03,-187500.03,-187500.03,-187500.03,-187500.03,-187500.03,-187500.03,-146891.3,-181271.67,-187500.03,-142646.25,-187500.03,-187500.03,-187500.03
799.2313,-187500.03,-187500.03,-187500.03,-187500.03,-187500.03,-187500.03,-187500.03,-187500.03,-187500.03,-147435.98,-181128.86,-187500.03,-144162.95,-187500.03,-187500.03,-187500.03
799.2537,-187500.03,-187500.03,-187500.03,-187500.03,-187500.03,-187500.03,-187500.03,-187500.03,-187500.03,-138673.75,-174097.84,-187500.03,-137446.02,-187500.03,-187500.03,-184246.73
799.27606,-187500.03,-187500.03,-187500.03,-187500.03,-187500.03,-187500.03,-187500.03,-187500.03,-187500.03,-137220.12,-173392.44,-187500.03,-135329.53,-187500.03,-187500.03,-181323.81
799.2984,-187500.03,-187500.03,-187500.03,-187500.03,-187500.03,-187500.03,-187500.03,-187500.03,-187500.03,-145392.31,-180137.2,-187500.03,-141381.81,-187500.03,-187500.03,-187500.03
799.32074,-187500.03,-187500.03,-187500.03,-187500.03,-187500.03,-187500.03,-187500.03,-187500.03,-187500.03,-148478.73,-182047.4,-187500.03,-144793.28,-187500.03,-187500.03,-187500.03
799.3431,-187500.03,-187500.03,-187500.03,-187500.03,-187500.03,-187500.03,-187500.03,-187500.03,-187500.03,-139908.78,-175042.28,-187500.03,-138514.39,-187500.03,-187500.03,-185605.14
799.3655,-187500.03,-187500.03,-187500.03,-187500.03,-187500.03,-187500.03,-187500.03,-187500.03,-187500.03,-136697.03,-172883.84,-187500.03,-135082.5,-187500.03,-187500.03,-181030.06
799.3878,-187500.03,-187500.03,-187500.03,-187500.03,-187500.03,-187500.03,-187500.03,-187500.03,-187500.03,-143759.2,-178863.27,-187500.03,-140061.39,-187500.03,-187500.03,-187176.25
799.41016,-187500.03,-187500.03,-187500.03,-187500.03,-187500.03,-187500.03,-187500.03,-187500.03,-187500.03,-149094.17,-182640.14,-187500.03,-145071.03,-187500.03,-187500.03,-187500.03
799.4325,-187500.03,-187500.03,-187500.03,-187500.03,-187500.03,-187500.03,-187500.03,-187500.03,-187500.03,-141350.5,-176170.48,-187500.03,-139698.39,-187500.03,-187500.03,-187065.92
799.4549,-187500.03,-187500.03,-187500.03,-187500.03,-187500.03,-187500.03,-187500.03,-187500.03,-187500.03,-136492.48,-172633.7,-187500.03,-135096.58,-187500.03,-187500.03,-181077.8
799.47723,-187500.03,-187500.03,-187500.03,-187500.03,-187500.03,-187500.03,-187500.03,-187500.03,-187500.03,-142085.84,-177524.23,-187500.03,-138753.95,-187500.03,-187500.03,-185591.78
799.4996,-187500.03,-187500.03,-187500.03,-187500.03,-187500.03,-187500.03,-187500.03,-187500.03,-187500.03,-149222.6,-182847.92,-187500.03,-144961.6,-187500.03,-187500.03,-187500.03
799.5219,-187500.03,-187500.03,-187500.03,-187500.03,-187500.03,-187500.03,-187500.03,-187500.03,-187500.03,-142947.69,-177435.45,-187500.03,-140950.47,-187500.03,-187500.03,-187500.03
799.54425,-187500.03,-187500.03,-187500.03,-187500.03,-187500.03,-187500.03,-187500.03,-187500.03,-187500.03,-136612.11,-172643.19,-187500.03,-135369.25,-187500.03,-187500.03,-181463.62
799.56665,-187500.03,-187500.03,-187500.03,-187500.03,-187500.03,-187500.03,-187500.03,-187500.03,-187500.03,-140514.6,-176237.8,-187500.03,-137571.66,-187500.03,-187500.03,-184124.58
799.589,-187500.03,-187500.03,-187500.03,-187500.03,-187500.03,-187500.03,-187500.03,-187500.03,-187500.03,-148859.5,-182666.08,-187500.03,-144481.34,-187500.03,-187500.03,-187500.03
799.6113,-187500.03,-187500.03,-187500.03,-187500.03,-187500.03,-187500.03,-187500.03,-187500.03,-187500.03,-144595.28,-178763.14,-187500.03,-142188.98,-187500.03,-187500.03,-187500.03
799.63367,-187500.03,-187500.03,-187500.03,-187500.03,-187500.03,-187500.03,-187500.03,-187500.03,-187500.03,-137036.2,-172902.64,-187500.03,-135877.58,-187500.03,-187500.03,-182153.89
799.656,-187500.03,-187500.03,-187500.03,-187500.03,-187500.03,-187500.03,-187500.03,-187500.03,-187500.03,-139126.36,-175066.97,-187500.03,-136569.77,-187500.03,-187500.03,-182864.9
799.6784,-187500.03,-187500.03,-187500.03,-187500.03,-187500.03,-187500.03,-187500.03,-187500.03,-187500.03,-148022.12,-182094.53,-187500.03,-143653.6,-187500.03,-187500.03,-187500.03
799.70074,-187500.03,-187500.03,-187500.03,-187500.03,-187500.03,-187500.03,-187500.03,-187500.03,-187500.03,-146161.12,-180052.27,-187500.03,-143304.52,-187500.03,-187500.03,-187500.03
799.7231,-187500.03,-187500.03,-187500.03,-187500.03,-187500.03,-187500.03,-187500.03,-187500.03,-187500.03,-137755.53,-173414.83,-187500.03,-136598.16,-187500.03,-187500.03,-183124.88
799.7454,-187500.03,-187500.03,-187500.03,-187500.03,-187500.03,-187500.03,-187500.03,-187500.03,-187500.03,-137996.98,-174092.16,-187500.03,-135802.12,-187500.03,-187500.03,-181901.64
799.76776,-187500.03,-187500.03,-187500.03,-187500.03,-187500.03,-187500.03,-187500.03,-187500.03,-187500.03,-146791.78,-181197.28,-187500.03,-142558.88,-187500.03,-187500.03,-187500.03
799.79016,-187500.03,-187500.03,-187500.03,-187500.03,-187500.03,-187500.03,-187500.03,-187500.03,-187500.03,-147505.22,-181188.81,-187500.03,-144203.86,-187500.03,-187500.03,-187500.03
799.8125,-187500.03,-187500.03,-187500.03,-187500.03,-187500.03,-187500.03,-187500.03,-187500.03,-187500.03,-138743.75,-174148.4,-187500.03,-137504.31,-187500.03,-187500.03,-184313.7
799.83484,-187500.03,-187500.03,-187500.03,-187500.03,-187500.03,-187500.03,-187500.03,-187500.03,-187500.03,-137184.36,-173356.66,-187500.03,-135307.66,-187500.03,-187500.03,-181290.95
799.8572,-187500.03,-187500.03,-187500.03,-187500.03,-187500.03,-187500.03,-187500.03,-187500.03,-187500.03,-145307.56,-180069.81,-187500.03,-141307.52,-187500.03,-187500.03,-187500.03
799.8796,-187500.03,-187500.03,-187500.03,-187500.03,-187500.03,-187500.03,-187500.03,-187500.03,-187500.03,-148523.75,-182087.58,-187500.03,-144813.1,-187500.03,-187500.03,-187500.03
799.9019,-187500.03,-187500.03,-187500.03,-187500.03,-187500.03,-187500.03,-187500.03,-187500.03,-187500.03,-139985.58,-175103.45,-187500.03,-138575.53,-187500.03,-187500.03,-185687.72
799.92426,-187500.03,-187500.03,-187500.03,-187500.03,-187500.03,-187500.03,-187500.03,-187500.03,-187500.03,-136672.62,-172860.67,-187500.03,-135069.16,-187500.03,-187500.03,-181021.8
799.9466,-187500.03,-187500.03,-187500.03,-187500.03,-187500.03,-187500.03,-187500.03,-187500.03,-187500.03,-143657.84,-178783.75,-187500.03,-139977.17,-187500.03,-187500.03,-187083.58
799.96893,-187500.03,-187500.03,-187500.03,-187500.03,-187500.03,-187500.03,-187500.03,-187500.03,-187500.03,-149107.03,-182655.69,-187500.03,-145066.95,-187500.03,-187500.03,-187500.03
799.99133,-187500.03,-187500.03,-187500.03,-187500.03,-187500.03,-187500.03,-187500.03,-187500.03,-187500.03,-141426.25,-176229.52,-187500.03,-139755.7,-187500.03,-187500.03,-187147.11
800.0137,-187500.03,-187500.03,-187500.03,-187500.03,-187500.03,-187500.03,-187500.03,-187500.03,-187500.03,-136487.78,-172626.16,-187500.03,-135097.95,-187500.03,-187500.03,-181096.31
800.036,-187500.03,-187500.03,-187500.03,-187500.03,-187500.03,-187500.03,-187500.03,-187500.03,-187500.03,-142015.75,-177470.6,-187500.03,-138698.08,-187500.03,-187500.03,-185537.55
800.05835,-187500.03,-187500.03,-187500.03,-187500.03,-187500.03,-187500.03,-187500.03,-187500.03,-187500.03,-149211.23,-182846.17,-187500.03,-144941.44,-187500.03,-187500.03,-187500.03
800.0807,-187500.03,-187500.03,-187500.03,-187500.03,-187500.03,-187500.03,-187500.03,-187500.03,-187500.03,-142996.33,-177476.89,-187500.03,-140983.23,-187500.03,-187500.03,-187500.03
800.1031,-187500.03,-187500.03,-187500.03,-187500.03,-187500.03,-187500.03,-187500.03,-187500.03,-187500.03,-136614.11,-172645.2,-187500.03,-135371.94,-187500.03,-187500.03,-181489.7
800.1254,-187500.03,-187500.03,-187500.03,-187500.03,-187500.03,-187500.03,-187500.03,-187500.03,-187500.03,-140461.8,-176196.19,-187500.03,-137527.88,-187500.03,-187500.03,-184089.89
800.14777,-187500.03,-187500.03,-187500.03,-187500.03,-187500.03,-187500.03,-187500.03,-187500.03,-187500.03,-148834.69,-182650.39,-187500.03,-144452.92,-187500.03,-187500.03,-187500.03
800.1701,-187500.03,-187500.03,-187500.03,-187500.03,-187500.03,-187500.03,-187500.03,-187500.03,-187500.03,-144618.92,-178784.2,-187500.03,-142201.23,-187500.03,-187500.03,-187500.03
800.19244,-187500.03,-187500.03,-187500.03,-187500.03,-187500.03,-187500.03,-187500.03,-187500.03,-187500.03,-137041.97,-172909.1,-187500.03,-135881.33,-187500.03,-187500.03,-182181.61
800.21484,-187500.03,-187500.03,-187500.03,-187500.03,-187500.03,-187500.03,-187500.03,-187500.03,-187500.03,-139095.94,-175045.2,-187500.03,-136545.23,-187500.03,-187500.03,-182853.3
800.2372,-187500.03,-187500.03,-187500.03,-187500.03,-187500.03,-187500.03,-187500.03,-187500.03,-187500.03,-148001.06,-182081.92,-187500.03,-143633.14,-187500.03,-187500.03,-187500.03
800.2595,-187500.03,-187500.03,-187500.03,-187500.03,-187500.03,-187500.03,-187500.03,-187500.03,-187500.03,-146179.05,-180067.42,-187500.03,-143315.73,-187500.03,-187500.03,-187500.03
800.28186,-187500.03,-187500.03,-187500.03,-187500.03,-187500.03,-187500.03,-187500.03,-187500.03,-187500.03,-137770.19,-173423.94,-187500.03,-136610.11,-187500.03,-187500.03,-183152.23
800.30426,-187500.03,-187500.03,-187500.03,-187500.03,-187500.03,-187500.03,-187500.03,-187500.03,-187500.03,-137986.25,-174081.56,-187500.03,-135794.27,-187500.03,-187500.03,-181901.42
800.3266,-187500.03,-187500.03,-187500.03,-187500.03,-187500.03,-187500.03,-187500.03,-187500.03,-187500.03,-146780.56,-181187.81,-187500.03,-142545.78,-187500.03,-187500.03,-187500.03
800.34894,-187500.03,-187500.03,-187500.03,-187500.03,-187500.03,-187500.03,-187500.03,-187500.03,-187500.03,-147543.47,-181218.98,-187500.03,-144230.14,-187500.03,-187500.03,-187500.03
800.3713,-187500.03,-187500.03,-187500.03,-187500.03,-187500.03,-187500.03,-187500.03,-187500.03,-187500.03,-138776.03,-174173.83,-187500.03,-137532.69,-187500.03,-187500.03,-184356.7
800.3936,-187500.03,-187500.03,-187500.03,-187500.03,-187500.03,-187500.03,-187500.03,-187500.03,-187500.03,-137172.61,-173344.05,-187500.03,-135301.12,-187500.03,-187500.03,-181286.27
800.416,-187500.03,-187500.03,-187500.03,-187500.03,-187500.03,-187500.03,-187500.03,-187500.03,-187500.03,-145274.34,-180041.83,-187500.03,-141278.75,-187500.03,-187500.03,-187500.03
800.43835,-187500.03,-187500.03,-187500.03,-187500.03,-187500.03,-187500.03,-187500.03,-187500.03,-187500.03,-148567.05,-182121.81,-187500.03,-144842.98,-187500.03,-187500.03,-187500.03
800.4607,-187500.03,-187500.03,-187500.03,-187500.03,-187500.03,-187500.03,-187500.03,-187500.03,-187500.03,-140039.62,-175143.14,-187500.03,-138621.4,-187500.03,-187500.03,-185734.22
800.48303,-187500.03,-187500.03,-187500.03,-187500.03,-187500.03,-187500.03,-187500.03,-187500.03,-187500.03,-136686.77,-172867.38,-187500.03,-135085.88,-187500.03,-187500.03,-181029.75
800.5054,-187500.03,-187500.03,-187500.03,-187500.03,-187500.03,-187500.03,-187500.03,-187500.03,-187500.03,-143638.47,-178764.88,-187500.03,-139961.95,-187500.03,-187500.03,-187047.72
800.5278,-187500.03,-187500.03,-187500.03,-187500.03,-187500.03,-187500.03,-187500.03,-187500.03,-187500.03,-149148.08,-182686.77,-187500.03,-145093.97,-187500.03,-187500.03,-187500.03
800.5501,-187500.03,-187500.03,-187500.03,-187500.03,-187500.03,-187500.03,-187500.03,-187500.03,-187500.03,-141495.36,-176281.53,-187500.03,-139813.06,-187500.03,-187500.03,-187198.44
800.57245,-187500.03,-187500.03,-187500.03,-187500.03,-187500.03,-187500.03,-187500.03,-187500.03,-187500.03,-136511.7,-172642.12,-187500.03,-135126.56,-187500.03,-187500.03,-181114.5
800.5948,-187500.03,-187500.03,-187500.03,-187500.03,-187500.03,-187500.03,-187500.03,-187500.03,-187500.03,-141966.02,-177429.67,-187500.03,-138662.48,-187500.03,-187500.03,-185475.23
800.6171,-187500.03,-187500.03,-187500.03,-187500.03,-187500.03,-187500.03,-187500.03,-187500.03,-187500.03,-149232.73,-182870.36,-187500.03,-144953.55,-187500.03,-187500.03,-187500.03
800.6395,-187500.03,-187500.03,-187500.03,-187500.03,-187500.03,-187500.03,-187500.03,-187500.03,-187500.03,-143095.92,-177559.86,-187500.03,-141065.86,-187500.03,-187500.03,-187500.03
800.66187,-187500.03,-187500.03,-187500.03,-187500.03,-187500.03,-187500.03,-187500.03,-187500.03,-187500.03,-136649.62,-172673.84,-187500.03,-135414.2,-187500.03,-187500.03,-181534.67
800.6842,-187500.03,-187500.03,-187500.03,-187500.03,-187500.03,-187500.03,-187500.03,-187500.03,-187500.03,-140395.5,-176143.58,-187500.03,-137481.64,-187500.03,-187500.03,-184028.8
800.70654,-187500.03,-187500.03,-187500.03,-187500.03,-187500.03,-187500.03,-187500.03,-187500.03,-187500.03,-148813.03,-182642.78,-187500.03,-144426.56,-187500.03,-187500.03,-187500.03
800.72894,-187500.03,-187500.03,-187500.03,-187500.03,-187500.03,-187500.03,-187500.03,-187500.03,-187500.03,-144731.16,-178880.67,-187500.03,-142286.22,-187500.03,-187500.03,-187500.03
800.7513,-187500.03,-187500.03,-187500.03,-187500.03,-187500.03,-187500.03,-187500.03,-187500.03,-187500.03,-137087.53,-172947.81,-187500.03,-135930.2,-187500.03,-187500.03,-182256.02
800.7736,-187500.03,-187500.03,-187500.03,-187500.03,-187500.03,-187500.03,-187500.03,-187500.03,-187500.03,-139023.77,-174990.16,-187500.03,-136499.1,-187500.03,-187500.03,-182803.36
800.79596,-187500.03,-187500.03,-187500.03,-187500.03,-187500.03,-187500.03,-187500.03,-187500.03,-187500.03,-147942.23,-182048.5,-187500.03,-143581.47,-187500.03,-187500.03,-187500.03
800.8183,-187500.03,-187500.03,-187500.03,-187500.03,-187500.03,-187500.03,-187500.03,-187500.03,-187500.03,-146284.27,-180162.1,-187500.03,-143394.88,-187500.03,-187500.03,-187500.03
800.8407,-187500.03,-187500.03,-187500.03,-187500.03,-187500.03,-187500.03,-187500.03,-187500.03,-187500.03,-137831.17,-173476.72,-187500.03,-136672.6,-187500.03,-187500.03,-183244.55
800.86304,-187500.03,-187500.03,-187500.03,-187500.03,-187500.03,-187500.03,-187500.03,-187500.03,-187500.03,-137952.23,-174058.77,-187500.03,-135781.25,-187500.03,-187500.03,-181895.84
800.8854,-187500.03,-187500.03,-187500.03,-187500.03,-187500.03,-187500.03,-187500.03,-187500.03,-187500.03,-146725.62,-181156.78,-187500.03,-142503.8,-187500.03,-187500.03,-187500.03
800.9077,-187500.03,-187500.03,-187500.03,-187500.03,-187500.03,-187500.03,-187500.03,-187500.03,-187500.03,-147608.05,-181283.08,-187500.03,-144276.98,-187500.03,-187500.03,-187500.03
800.93005,-187500.03,-187500.03,-187500.03,-187500.03,-187500.03,-187500.03,-187500.03,-187500.03,-187500.03,-138840.94,-174230.66,-187500.03,-137592.55,-187500.03,-187500.03,-184433.86
800.95245,-187500.03,-187500.03,-187500.03,-187500.03,-187500.03,-187500.03,-187500.03,-187500.03,-187500.03,-137167.05,-173343.7,-187500.03,-135309.4,-187500.03,-187500.03,-181293.86
800.9748,-187500.03,-187500.03,-187500.03,-187500.03,-187500.03,-187500.03,-187500.03,-187500.03,-187500.03,-145227.45,-180014.08,-187500.03,-141246.98,-187500.03,-187500.03,-187500.03
800.99713,-187500.03,-187500.03,-187500.03,-187500.03,-187500.03,-187500.03,-187500.03,-187500.03,-187500.03,-148621.19,-182176.42,-187500.03,-144883.94,-187500.03,-187500.03,-187500.03
801.0195,-187500.03,-187500.03,-187500.03,-187500.03,-187500.03,-187500.03,-187500.03,-187500.03,-187500.03,-140121.06,-175211.5,-187500.03,-138695.12,-187500.03,-187500.03,-185807.73
801.0418,-187500.03,-187500.03,-187500.03,-187500.03,-187500.03,-187500.03,-187500.03,-187500.03,-187500.03,-136698.8,-172878.03,-187500.03,-135110.97,-187500.03,-187500.03,-181041.95
801.0642,-187500.03,-187500.03,-187500.03,-187500.03,-187500.03,-187500.03,-187500.03,-187500.03,-187500.03,-143588.47,-178731.28,-187500.03,-139931.17,-187500.03,-187500.03,-186988.39
801.08655,-187500.03,-187500.03,-187500.03,-187500.03,-187500.03,-187500.03,-187500.03,-187500.03,-187500.03,-149195.19,-182734.7,-187500.03,-145128.97,-187500.03,-187500.03,-187500.03
801.1089,-187500.03,-187500.03,-187500.03,-187500.03,-187500.03,-187500.03,-187500.03,-187500.03,-187500.03,-141606.1,-176372.08,-187500.03,-139909.39,-187500.03,-187500.03,-187287.55
801.1312,-187500.03,-187500.03,-187500.03,-187500.03,-187500.03,-187500.03,-187500.03,-187500.03,-187500.03,-136547.6,-172668.22,-187500.03,-135172.36,-187500.03,-187500.03,-181147.05
801.1536,-187500.03,-187500.03,-187500.03,-187500.03,-187500.03,-187500.03,-187500.03,-187500.03,-187500.03,-141942.31,-177409.92,-187500.03,-138655.56,-187500.03,-187500.03,-185440.23
801.17596,-187500.03,-187500.03,-187500.03,-187500.03,-187500.03,-187500.03,-187500.03,-187500.03,-187500.03,-149267.12,-182900.72,-187500.03,-144981.8,-187500.03,-187500.03,-187500.03
801.1983,-187500.03,-187500.03,-187500.03,-187500.03,-187500.03,-187500.03,-187500.03,-187500.03,-187500.03,-143211.84,-177648.67,-187500.03,-141164.88,-187500.03,-187500.03,-187500.03
801.22064,-187500.03,-187500.03,-187500.03,-187500.03,-187500.03,-187500.03,-187500.03,-187500.03,-187500.03,-136704.08,-172708.45,-187500.03,-135473.77,-187500.03,-187500.03,-181587.61
801.243,-187500.03,-187500.03,-187500.03,-187500.03,-187500.03,-187500.03,-187500.03,-187500.03,-187500.03,-140382.75,-176126.27,-187500.03,-137485.17,-187500.03,-187500.03,-184006.62
801.2654,-187500.03,-187500.03,-187500.03,-187500.03,-187500.03,-187500.03,-187500.03,-187500.03,-187500.03,-148836.12,-182661.34,-187500.03,-144448.03,-187500.03,-187500.03,-187500.03
801.2877,-187500.03,-187500.03,-187500.03,-187500.03,-187500.03,-187500.03,-187500.03,-187500.03,-187500.03,-144849.16,-178974.94,-187500.03,-142387.03,-187500.03,-187500.03,-187500.03
801.31006,-187500.03,-187500.03,-187500.03,-187500.03,-187500.03,-187500.03,-187500.03,-187500.03,-187500.03,-137159.67,-173003.16,-187500.03,-136005.66,-187500.03,-187500.03,-182329.38
801.3324,-187500.03,-187500.03,-187500.03,-187500.03,-187500.03,-187500.03,-187500.03,-187500.03,-187500.03,-139021.48,-174988.83,-187500.03,-136511.98,-187500.03,-187500.03,-182797.9
801.35474,-187500.03,-187500.03,-187500.03,-187500.03,-187500.03,-187500.03,-187500.03,-187500.03,-187500.03,-147948.38,-182061.52,-187500.03,-143589.72,-187500.03,-187500.03,-187500.03
801.37714,-187500.03,-187500.03,-187500.03,-187500.03,-187500.03,-187500.03,-187500.03,-187500.03,-187500.03,-146402.95,-180264.19,-187500.03,-143490.84,-187500.03,-187500.03,-187500.03
801.3995,-187500.03,-187500.03,-187500.03,-187500.03,-187500.03,-187500.03,-187500.03,-187500.03,-187500.03,-137913.66,-173546.75,-187500.03,-136755.03,-187500.03,-187500.03,-183334.58
801.4218,-187500.03,-187500.03,-187500.03,-187500.03,-187500.03,-187500.03,-187500.03,-187500.03,-187500.03,-137929.12,-174043.08,-187500.03,-135779.05,-187500.03,-187500.03,-181878.62
801.44415,-187500.03,-187500.03,-187500.03,-187500.03,-187500.03,-187500.03,-187500.03,-187500.03,-187500.03,-146676.25,-181130.47,-187500.03,-142467.62,-187500.03,-187500.03,-187500.03
801.4665,-187500.03,-187500.03,-187500.03,-187500.03,-187500.03,-187500.03,-187500.03,-187500.03,-187500.03,-147712.42,-181382.45,-187500.03,-144357.69,-187500.03,-187500.03,-187500.03
801.4889,-187500.03,-187500.03,-187500.03,-187500.03,-187500.03,-187500.03,-187500.03,-187500.03,-187500.03,-138941.33,-174321.02,-187500.03,-137689.19,-187500.03,-187500.03,-184544.66
801.5112,-187500.03,-187500.03,-187500.03,-187500.03,-187500.03,-187500.03,-187500.03,-187500.03,-187500.03,-137160.27,-173346.2,-187500.03,-135325.05,-187500.03,-187500.03,-181304.75
801.53357,-187500.03,-187500.03,-187500.03,-187500.03,-187500.03,-187500.03,-187500.03,-187500.03,-187500.03,-145177.3,-179988.23,-187500.03,-141216.64,-187500.03,-187500.03,-187500.03
801.5559,-187500.03,-187500.03,-187500.03,-187500.03,-187500.03,-187500.03,-187500.03,-187500.03,-187500.03,-148689.6,-182247.19,-187500.03,-144938.58,-187500.03,-187500.03,-187500.03
801.5783,-187500.03,-187500.03,-187500.03,-187500.03,-187500.03,-187500.03,-187500.03,-187500.03,-187500.03,-140212.27,-175295.7,-187500.03,-138781.12,-187500.03,-187500.03,-185912.78
801.60065,-187500.03,-187500.03,-187500.03,-187500.03,-187500.03,-187500.03,-187500.03,-187500.03,-187500.03,-136707.02,-172894.38,-187500.03,-135135.78,-187500.03,-187500.03,-181078.28
801.623,-187500.03,-187500.03,-187500.03,-187500.03,-187500.03,-187500.03,-187500.03,-187500.03,-187500.03,-143544.23,-178710.17,-187500.03,-139904.92,-187500.03,-187500.03,-186960.92
801.6453,-187500.03,-187500.03,-187500.03,-187500.03,-187500.03,-187500.03,-187500.03,-187500.03,-187500.03,-149223.58,-182775.9,-187500.03,-145151.17,-187500.03,-187500.03,-187500.03
801.66766,-187500.03,-187500.03,-187500.03,-187500.03,-187500.03,-187500.03,-187500.03,-187500.03,-187500.03,-141682.95,-176446.3,-187500.03,-139978.98,-187500.03,-187500.03,-187375.4
801.69006,-187500.03,-187500.03,-187500.03,-187500.03,-187500.03,-187500.03,-187500.03,-187500.03,-187500.03,-136563.52,-172688.56,-187500.03,-135199.03,-187500.03,-187500.03,-181190.1
801.7124,-187500.03,-187500.03,-187500.03,-187500.03,-187500.03,-187500.03,-187500.03,-187500.03,-187500.03,-141898.14,-177385.44,-187500.03,-138628.94,-187500.03,-187500.03,-185410.38
801.73474,-187500.03,-187500.03,-187500.03,-187500.03,-187500.03,-187500.03,-187500.03,-187500.03,-187500.03,-149282.48,-182929.11,-187500.03,-144991.77,-187500.03,-187500.03,-187500.03
801.7571,-187500.03,-187500.03,-187500.03,-187500.03,-187500.03,-187500.03,-187500.03,-187500.03,-187500.03,-143297.02,-177730.17,-187500.03,-141238.31,-187500.03,-187500.03,-187500.03
801.7794,-187500.03,-187500.03,-187500.03,-187500.03,-187500.03,-187500.03,-187500.03,-187500.03,-187500.03,-136736.03,-172744.67,-187500.03,-135515.75,-187500.03,-187500.03,-181636.28
801.8018,-187500.03,-187500.03,-187500.03,-187500.03,-187500.03,-187500.03,-187500.03,-187500.03,-187500.03,-140346.61,-176109.33,-187500.03,-137470.73,-187500.03,-187500.03,-183977.45
801.82416,-187500.03,-187500.03,-187500.03,-187500.03,-187500.03,-187500.03,-187500.03,-187500.03,-187500.03,-148830.31,-182674.58,-187500.03,-144448.84,-187500.03,-187500.03,-187500.03
801.8465,-187500.03,-187500.03,-187500.03,-187500.03,-187500.03,-187500.03,-187500.03,-187500.03,-187500.03,-144937.81,-179058.89,-187500.03,-142465.8,-187500.03,-187500.03,-187500.03
801.86884,-187500.03,-187500.03,-187500.03,-187500.03,-187500.03,-187500.03,-187500.03,-187500.03,-187500.03,-137211.05,-173052.19,-187500.03,-136067.0,-187500.03,-187500.03,-182381.3
801.89124,-187500.03,-187500.03,-187500.03,-187500.03,-187500.03,-187500.03,-187500.03,-187500.03,-187500.03,-138993.78,-174971.3,-187500.03,-136509.16,-187500.03,-187500.03,-182763.52
801.9136,-187500.03,-187500.03,-187500.03,-187500.03,-187500.03,-187500.03,-187500.03,-187500.03,-187500.03,-147919.92,-182048.81,-187500.03,-143575.45,-187500.03,-187500.03,-187500.03
801.9359,-187500.03,-187500.03,-187500.03,-187500.03,-187500.03,-187500.03,-187500.03,-187500.03,-187500.03,-146466.94,-180324.02,-187500.03,-143548.25,-187500.03,-187500.03,-187500.03
801.95825,-187500.03,-187500.03,-187500.03,-187500.03,-187500.03,-187500.03,-187500.03,-187500.03,-187500.03,-137967.73,-173595.6,-187500.03,-136814.78,-187500.03,-187500.03,-183376.94
801.9806,-187500.03,-187500.03,-187500.03,-187500.03,-187500.03,-187500.03,-187500.03,-187500.03,-187500.03,-137925.72,-174044.7,-187500.03,-135793.69,-187500.03,-187500.03,-181862.22
802.003,-187500.03,-187500.03,-187500.03,-187500.03,-187500.03,-187500.03,-187500.03,-187500.03,-187500.03,-146657.45,-181125.22,-187500.03,-142463.38,-187500.03,-187500.03,-187500.03
802.0253,-187500.03,-187500.03,-187500.03,-187500.03,-187500.03,-187500.03,-187500.03,-187500.03,-187500.03,-147762.72,-181432.44,-187500.03,-144406.69,-187500.03,-187500.03,-187500.03
802.04767,-187500.03,-187500.03,-187500.03,-187500.03,-187500.03,-187500.03,-187500.03,-187500.03,-187500.03,-138988.02,-174365.45,-187500.03,-137744.44,-187500.03,-187500.03,-184584.94
802.07,-187500.03,-187500.03,-187500.03,-187500.03,-187500.03,-187500.03,-187500.03,-187500.03,-187500.03,-137152.92,-173345.7,-187500.03,-135338.06,-187500.03,-187500.03,-181297.92
802.09235,-187500.03,-187500.03,-187500.03,-187500.03,-187500.03,-187500.03,-187500.03,-187500.03,-187500.03,-145135.3,-179966.12,-187500.03,-141195.38,-187500.03,-187500.03,-187500.03
802.11475,-187500.03,-187500.03,-187500.03,-187500.03,-187500.03,-187500.03,-187500.03,-187500.03,-187500.03,-148709.89,-182277.78,-187500.03,-144960.88,-187500.03,-187500.03,-187500.03
802.1371,-187500.03,-187500.03,-187500.03,-187500.03,-187500.03,-187500.03,-187500.03,-187500.03,-187500.03,-140250.2,-175338.36,-187500.03,-138824.19,-187500.03,-187500.03,-185957.22
802.1594,-187500.03,-187500.03,-187500.03,-187500.03,-187500.03,-187500.03,-187500.03,-187500.03,-187500.03,-136692.08,-172892.5,-187500.03,-135141.53,-187500.03,-187500.03,-181078.7
802.18176,-187500.03,-187500.03,-187500.03,-187500.03,-187500.03,-187500.03,-187500.03,-187500.03,-187500.03,-143473.81,-178665.6,-187500.03,-139862.5,-187500.03,-187500.03,-186900.97
802.2041,-187500.03,-187500.03,-187500.03,-187500.03,-187500.03,-187500.03,-187500.03,-187500.03,-187500.03,-149229.9,-182796.12,-187500.03,-145161.89,-187500.03,-187500.03,-187500.03
802.2265,-187500.03,-187500.03,-187500.03,-187500.03,-187500.03,-187500.03,-187500.03,-187500.03,-187500.03,-141736.83,-176498.4,-187500.03,-140034.56,-187500.03,-187500.03,-187439.81
802.24884,-187500.03,-187500.03,-187500.03,-187500.03,-187500.03,-187500.03,-187500.03,-187500.03,-187500.03,-136555.83,-172688.33,-187500.03,-135211.81,-187500.03,-187500.03,-181207.66
802.2712,-187500.03,-187500.03,-187500.03,-187500.03,-187500.03,-187500.03,-187500.03,-187500.03,-187500.03,-141807.98,-177320.78,-187500.03,-138569.62,-187500.03,-187500.03,-185340.05
802.2935,-187500.03,-187500.03,-187500.03,-187500.03,-187500.03,-187500.03,-187500.03,-187500.03,-187500.03,-149248.34,-182913.6,-187500.03,-144964.23,-187500.03,-187500.03,-187500.03
802.3159,-187500.03,-187500.03,-187500.03,-187500.03,-187500.03,-187500.03,-187500.03,-187500.03,-187500.03,-143334.9,-177767.3,-187500.03,-141272.83,-187500.03,-187500.03,-187500.03
802.33826,-187500.03,-187500.03,-187500.03,-187500.03,-187500.03,-187500.03,-187500.03,-187500.03,-187500.03,-136728.88,-172742.52,-187500.03,-135523.14,-187500.03,-187500.03,-181650.42
802.3606,-187500.03,-187500.03,-187500.03,-187500.03,-187500.03,-187500.03,-187500.03,-187500.03,-187500.03,-140285.89,-176065.33,-187500.03,-137434.88,-187500.03,-187500.03,-183933.2
802.38293,-187500.03,-187500.03,-187500.03,-187500.03,-187500.03,-187500.03,-187500.03,-187500.03,-187500.03,-148789.77,-182648.89,-187500.03,-144419.7,-187500.03,-187500.03,-187500.03
802.4053,-187500.03,-187500.03,-187500.03,-187500.03,-187500.03,-187500.03,-187500.03,-187500.03,-187500.03,-144936.95,-179058.98,-187500.03,-142467.6,-187500.03,-187500.03,-187500.03
802.4277,-187500.03,-187500.03,-187500.03,-187500.03,-187500.03,-187500.03,-187500.03,-187500.03,-187500.03,-137192.94,-173034.56,-187500.03,-136058.73,-187500.03,-187500.03,-182377.3
802.45,-187500.03,-187500.03,-187500.03,-187500.03,-187500.03,-187500.03,-187500.03,-187500.03,-187500.03,-138942.67,-174928.25,-187500.03,-136474.39,-187500.03,-187500.03,-182725.75
802.47235,-187500.03,-187500.03,-187500.03,-187500.03,-187500.03,-187500.03,-187500.03,-187500.03,-187500.03,-147865.16,-182006.44,-187500.03,-143532.78,-187500.03,-187500.03,-187500.03
802.4947,-187500.03,-187500.03,-187500.03,-187500.03,-187500.03,-187500.03,-187500.03,-187500.03,-187500.03,-146459.95,-180320.34,-187500.03,-143544.14,-187500.03,-187500.03,-187500.03
802.517,-187500.03,-187500.03,-187500.03,-187500.03,-187500.03,-187500.03,-187500.03,-187500.03,-187500.03,-137947.05,-173577.64,-187500.03,-136806.17,-187500.03,-187500.03,-183373.86
802.5394,-187500.03,-187500.03,-187500.03,-187500.03,-187500.03,-187500.03,-187500.03,-187500.03,-187500.03,-137858.61,-173988.58,-187500.03,-135750.02,-187500.03,-187500.03,-181811.34
802.56177,-187500.03,-187500.03,-187500.03,-187500.03,-187500.03,-187500.03,-187500.03,-187500.03,-187500.03,-146573.47,-181059.23,-187500.03,-142398.38,-187500.03,-187500.03,-187500.03
802.5841,-187500.03,-187500.03,-187500.03,-187500.03,-187500.03,-187500.03,-187500.03,-187500.03,-187500.03,-147769.55,-181438.47,-187500.03,-144410.03,-187500.03,-187500.03,-187500.03
802.60645,-187500.03,-187500.03,-187500.03,-187500.03,-187500.03,-187500.03,-187500.03,-187500.03,-187500.03,-138991.44,-174364.22,-187500.03,-137754.45,-187500.03,-187500.03,-184605.5
802.6288,-187500.03,-187500.03,-187500.03,-187500.03,-187500.03,-187500.03,-187500.03,-187500.03,-187500.03,-137091.33,-173291.4,-187500.03,-135297.9,-187500.03,-187500.03,-181253.19
802.6512,-187500.03,-187500.03,-187500.03,-187500.03,-187500.03,-187500.03,-187500.03,-187500.03,-187500.03,-145031.42,-179882.25,-187500.03,-141111.69,-187500.03,-187500.03,-187500.03
802.6735,-187500.03,-187500.03,-187500.03,-187500.03,-187500.03,-187500.03,-187500.03,-187500.03,-187500.03,-148721.38,-182289.36,-187500.03,-144961.11,-187500.03,-187500.03,-187500.03
802.69586,-187500.03,-187500.03,-187500.03,-187500.03,-187500.03,-187500.03,-187500.03,-187500.03,-187500.03,-140289.47,-175366.47,-187500.03,-138860.78,-187500.03,-187500.03,-186007.52
802.7182,-187500.03,-187500.03,-187500.03,-187500.03,-187500.03,-187500.03,-187500.03,-187500.03,-187500.03,-136651.4,-172855.86,-187500.03,-135120.19,-187500.03,-187500.03,-181055.31
802.7406,-187500.03,-187500.03,-187500.03,-187500.03,-187500.03,-187500.03,-187500.03,-187500.03,-187500.03,-143376.48,-178588.88,-187500.03,-139788.64,-187500.03,-187500.03,-186814.83
802.76294,-187500.03,-187500.03,-187500.03,-187500.03,-187500.03,-187500.03,-187500.03,-187500.03,-187500.03,-149210.66,-182786.52,-187500.03,-145139.86,-187500.03,-187500.03,-187500.03
802.7853,-187500.03,-187500.03,-187500.03,-187500.03,-187500.03,-187500.03,-187500.03,-187500.03,-187500.03,-141764.48,-176526.72,-187500.03,-140059.4,-187500.03,-187500.03,-187469.38
802.8076,-187500.03,-187500.03,-187500.03,-187500.03,-187500.03,-187500.03,-187500.03,-187500.03,-187500.03,-136527.89,-172674.62,-187500.03,-135200.67,-187500.03,-187500.03,-181192.9
802.82996,-187500.03,-187500.03,-187500.03,-187500.03,-187500.03,-187500.03,-187500.03,-187500.03,-187500.03,-141736.19,-177275.5,-187500.03,-138521.52,-187500.03,-187500.03,-185278.81
802.85236,-187500.03,-187500.03,-187500.03,-187500.03,-187500.03,-187500.03,-187500.03,-187500.03,-187500.03,-149219.69,-182907.3,-187500.03,-144943.94,-187500.03,-187500.03,-187500.03
802.8747,-187500.03,-187500.03,-187500.03,-187500.03,-187500.03,-187500.03,-187500.03,-187500.03,-187500.03,-143364.25,-177804.03,-187500.03,-141302.84,-187500.03,-187500.03,-187500.03
802.89703,-187500.03,-187500.03,-187500.03,-187500.03,-187500.03,-187500.03,-187500.03,-187500.03,-187500.03,-136710.47,-172739.0,-187500.03,-135522.95,-187500.03,-187500.03,-181648.19
802.9194,-187500.03,-187500.03,-187500.03,-187500.03,-187500.03,-187500.03,-187500.03,-187500.03,-187500.03,-140203.47,-176010.44,-187500.03,-137379.67,-187500.03,-187500.03,-183864.22
802.9417,-187500.03,-187500.03,-187500.03,-187500.03,-187500.03,-187500.03,-187500.03,-187500.03,-187500.03,-148732.3,-182619.7,-187500.03,-144373.44,-187500.03,-187500.03,-187500.03
802.9641,-187500.03,-187500.03,-187500.03,-187500.03,-187500.03,-187500.03,-187500.03,-187500.03,-187500.03,-145000.67,-179125.38,-187500.03,-142520.06,-187500.03,-187500.03,-187500.03
802.98645,-187500.03,-187500.03,-187500.03,-187500.03,-187500.03,-187500.03,-187500.03,-187500.03,-187500.03,-137202.78,-173053.4,-187500.03,-136081.88,-187500.03,-187500.03,-182409.88
803.0088,-187500.03,-187500.03,-187500.03,-187500.03,-187500.03,-187500.03,-187500.03,-187500.03,-187500.03,-138870.7,-174880.25,-187500.03,-136429.95,-187500.03,-187500.03,-182669.73
803.0311,-187500.03,-187500.03,-187500.03,-187500.03,-187500.03,-187500.03,-187500.03,-187500.03,-187500.03,-147798.2,-181967.9,-187500.03,-143479.8,-187500.03,-187500.03,-187500.03
803.05347,-187500.03,-187500.03,-187500.03,-187500.03,-187500.03,-187500.03,-187500.03,-187500.03,-187500.03,-146529.47,-180387.7,-187500.03,-143598.03,-187500.03,-187500.03,-187500.03
803.07587,-187500.03,-187500.03,-187500.03,-187500.03,-187500.03,-187500.03,-187500.03,-187500.03,-187500.03,-137981.7,-173609.89,-187500.03,-136847.02,-187500.03,-187500.03,-183428.39
803.0982,-187500.03,-187500.03,-187500.03,-187500.03,-187500.03,-187500.03,-187500.03,-187500.03,-187500.03,-137806.17,-173948.92,-187500.03,-135720.78,-187500.03,-187500.03,-181776.86
803.12054,-187500.03,-187500.03,-187500.03,-187500.03,-187500.03,-187500.03,-187500.03,-187500.03,-187500.03,-146490.0,-180998.84,-187500.03,-142333.33,-187500.03,-187500.03,-187500.03
803.1429,-187500.03,-187500.03,-187500.03,-187500.03,-187500.03,-187500.03,-187500.03,-187500.03,-187500.03,-147806.44,-181474.77,-187500.03,-144433.23,-187500.03,-187500.03,-187500.03
803.1653,-187500.03,-187500.03,-187500.03,-187500.03,-187500.03,-187500.03,-187500.03,-187500.03,-187500.03,-139034.6,-174400.03,-187500.03,-137796.53,-187500.03,-187500.03,-184660.25
803.1876,-187500.03,-187500.03,-187500.03,-187500.03,-187500.03,-187500.03,-187500.03,-187500.03,-187500.03,-137046.58,-173256.88,-187500.03,-135275.34,-187500.03,-187500.03,-181223.94
803.20996,-187500.03,-187500.03,-187500.03,-187500.03,-187500.03,-187500.03,-187500.03,-187500.03,-187500.03,-144934.31,-179812.7,-187500.03,-141040.08,-187500.03,-187500.03,-187500.03
803.2323,-187500.03,-187500.03,-187500.03,-187500.03,-187500.03,-187500.03,-187500.03,-187500.03,-187500.03,-148722.75,-182300.97,-187500.03,-144958.4,-187500.03,-187500.03,-187500.03
803.25464,-187500.03,-187500.03,-187500.03,-187500.03,-187500.03,-187500.03,-187500.03,-187500.03,-187500.03,-140328.84,-175402.7,-187500.03,-138899.17,-187500.03,-187500.03,-186050.44
803.27704,-187500.03,-187500.03,-187500.03,-187500.03,-187500.03,-187500.03,-187500.03,-187500.03,-187500.03,-136618.0,-172829.11,-187500.03,-135105.6,-187500.03,-187500.03,-181031.94
803.2994,-187500.03,-187500.03,-187500.03,-187500.03,-187500.03,-187500.03,-187500.03,-187500.03,-187500.03,-143280.92,-178515.75,-187500.03,-139717.36,-187500.03,-187500.03,-186727.17
803.3217,-187500.03,-187500.03,-187500.03,-187500.03,-187500.03,-187500.03,-187500.03,-187500.03,-187500.03,-149190.67,-182777.53,-187500.03,-145118.77,-187500.03,-187500.03,-187500.03
803.34406,-187500.03,-187500.03,-187500.03,-187500.03,-187500.03,-187500.03,-187500.03,-187500.03,-187500.03,-141805.27,-176561.95,-187500.03,-140094.81,-187500.03,-187500.03,-187500.03
803.3664,-187500.03,-187500.03,-187500.03,-187500.03,-187500.03,-187500.03,-187500.03,-187500.03,-187500.03,-136505.0,-172654.98,-187500.03,-135192.88,-187500.03,-187500.03,-181182.58
803.3888,-187500.03,-187500.03,-187500.03,-187500.03,-187500.03,-187500.03,-187500.03,-187500.03,-187500.03,-141651.9,-177208.31,-187500.03,-138460.14,-187500.03,-187500.03,-185199.28
803.41113,-187500.03,-187500.03,-187500.03,-187500.03,-187500.03,-187500.03,-187500.03,-187500.03,-187500.03,-149189.33,-182886.16,-187500.03,-144916.12,-187500.03,-187500.03,-187500.03
803.4335,-187500.03,-187500.03,-187500.03,-187500.03,-187500.03,-187500.03,-187500.03,-187500.03,-187500.03,-143411.69,-177841.62,-187500.03,-141342.98,-187500.03,-187500.03,-187500.03
803.4558,-187500.03,-187500.03,-187500.03,-187500.03,-187500.03,-187500.03,-187500.03,-187500.03,-187500.03,-136709.02,-172734.44,-187500.03,-135532.92,-187500.03,-187500.03,-181656.4
803.47815,-187500.03,-187500.03,-187500.03,-187500.03,-187500.03,-187500.03,-187500.03,-187500.03,-187500.03,-140127.02,-175949.64,-187500.03,-137326.34,-187500.03,-187500.03,-183789.48
803.50055,-187500.03,-187500.03,-187500.03,-187500.03,-187500.03,-187500.03,-187500.03,-187500.03,-187500.03,-148694.34,-182597.14,-187500.03,-144340.62,-187500.03,-187500.03,-187500.03
803.5229,-187500.03,-187500.03,-187500.03,-187500.03,-187500.03,-187500.03,-187500.03,-187500.03,-187500.03,-145053.86,-179173.92,-187500.03,-142561.95,-187500.03,-187500.03,-187500.03
803.5452,-187500.03,-187500.03,-187500.03,-187500.03,-187500.03,-187500.03,-187500.03,-187500.03,-187500.03,-137219.84,-173070.16,-187500.03,-136106.88,-187500.03,-187500.03,-182431.06
803.56757,-187500.03,-187500.03,-187500.03,-187500.03,-187500.03,-187500.03,-187500.03,-187500.03,-187500.03,-138809.55,-174833.44,-187500.03,-136392.78,-187500.03,-187500.03,-182606.05
803.58997,-187500.03,-187500.03,-187500.03,-187500.03,-187500.03,-187500.03,-187500.03,-187500.03,-187500.03,-147750.62,-181938.48,-187500.03,-143443.95,-187500.03,-187500.03,-187500.03
803.6123,-187500.03,-187500.03,-187500.03,-187500.03,-187500.03,-187500.03,-187500.03,-187500.03,-187500.03,-146584.45,-180439.53,-187500.03,-143642.47,-187500.03,-187500.03,-187500.03
803.63464,-187500.03,-187500.03,-187500.03,-187500.03,-187500.03,-187500.03,-187500.03,-187500.03,-187500.03,-138026.2,-173651.25,-187500.03,-136895.92,-187500.03,-187500.03,-183470.25
803.657,-187500.03,-187500.03,-187500.03,-187500.03,-187500.03,-187500.03,-187500.03,-187500.03,-187500.03,-137768.55,-173924.45,-187500.03,-135707.14,-187500.03,-187500.03,-181736.28
803.6793,-187500.03,-187500.03,-187500.03,-187500.03,-187500.03,-187500.03,-187500.03,-187500.03,-187500.03,-146440.03,-180971.89,-187500.03,-142300.11,-187500.03,-187500.03,-187500.03
803.7017,-187500.03,-187500.03,-187500.03,-187500.03,-187500.03,-187500.03,-187500.03,-187500.03,-187500.03,-147870.94,-181539.17,-187500.03,-144487.42,-187500.03,-187500.03,-187500.03
803.72406,-187500.03,-187500.03,-187500.03,-187500.03,-187500.03,-187500.03,-187500.03,-187500.03,-187500.03,-139105.95,-174465.12,-187500.03,-137869.56,-187500.03,-187500.03,-184727.61
803.7464,-187500.03,-187500.03,-187500.03,-187500.03,-187500.03,-187500.03,-187500.03,-187500.03,-187500.03,-137042.6,-173258.4,-187500.03,-135291.38,-187500.03,-187500.03,-181217.6
803.76874,-187500.03,-187500.03,-187500.03,-187500.03,-187500.03,-187500.03,-187500.03,-187500.03,-187500.03,-144895.06,-179791.31,-187500.03,-141019.23,-187500.03,-187500.03,-187500.03
803.7911,-187500.03,-187500.03,-187500.03,-187500.03,-187500.03,-187500.03,-187500.03,-187500.03,-187500.03,-148787.08,-182363.33,-187500.03,-145013.19,-187500.03,-187500.03,-187500.03
803.8135,-187500.03,-187500.03,-187500.03,-187500.03,-187500.03,-187500.03,-187500.03,-187500.03,-187500.03,-140417.38,-175478.56,-187500.03,-138983.9,-187500.03,-187500.03,-186128.0
803.8358,-187500.03,-187500.03,-187500.03,-187500.03,-187500.03,-187500.03,-187500.03,-187500.03,-187500.03,-136641.73,-172852.4,-187500.03,-135145.97,-187500.03,-187500.03,-181057.38
803.85815,-187500.03,-187500.03,-187500.03,-187500.03,-187500.03,-187500.03,-187500.03,-187500.03,-187500.03,-143262.11,-178508.69,-187500.03,-139717.1,-187500.03,-187500.03,-186698.11
803.8805,-187500.03,-187500.03,-187500.03,-187500.03,-187500.03,-187500.03,-187500.03,-187500.03,-187500.03,-149245.67,-182833.72,-187500.03,-145171.08,-187500.03,-187500.03,-187500.03
803.90283,-187500.03,-187500.03,-187500.03,-187500.03,-187500.03,-187500.03,-187500.03,-187500.03,-187500.03,-141899.7,-176646.47,-187500.03,-140187.22,-187500.03,-187500.03,-187500.03
803.92523,-187500.03,-187500.03,-187500.03,-187500.03,-187500.03,-187500.03,-187500.03,-187500.03,-187500.03,-136544.88,-172695.55,-187500.03,-135248.75,-187500.03,-187500.03,-181228.33
803.9476,-187500.03,-187500.03,-187500.03,-187500.03,-187500.03,-187500.03,-187500.03,-187500.03,-187500.03,-141626.0,-177199.06,-187500.03,-138459.25,-187500.03,-187500.03,-185172.38
803.9699,-187500.03,-187500.03,-187500.03,-187500.03,-187500.03,-187500.03,-187500.03,-187500.03,-187500.03,-149214.81,-182923.66,-187500.03,-144946.03,-187500.03,-187500.03,-187500.03
803.99225,-187500.03,-187500.03,-187500.03,-187500.03,-187500.03,-187500.03,-187500.03,-187500.03,-187500.03,-143500.69,-177927.42,-187500.03,-141428.39,-187500.03,-187500.03,-187500.03
804.01465,-187500.03,-187500.03,-187500.03,-187500.03,-187500.03,-187500.03,-187500.03,-187500.03,-187500.03,-136750.25,-172779.62,-187500.03,-135588.7,-187500.03,-187500.03,-181710.12
804.037,-187500.03,-187500.03,-187500.03,-187500.03,-187500.03,-187500.03,-187500.03,-187500.03,-187500.03,-140111.42,-175949.95,-187500.03,-137333.97,-187500.03,-187500.03,-183779.94
804.0593,-187500.03,-187500.03,-187500.03,-187500.03,-187500.03,-187500.03,-187500.03,-187500.03,-187500.03,-148704.84,-182623.34,-187500.03,-144360.36,-187500.03,-187500.03,-187500.03
804.08167,-187500.03,-187500.03,-187500.03,-187500.03,-187500.03,-187500.03,-187500.03,-187500.03,-187500.03,-145123.94,-179245.44,-187500.03,-142632.97,-187500.03,-187500.03,-187500.03
804.104,-187500.03,-187500.03,-187500.03,-187500.03,-187500.03,-187500.03,-187500.03,-187500.03,-187500.03,-137260.34,-173114.86,-187500.03,-136161.48,-187500.03,-187500.03,-182484.62
804.1264,-187500.03,-187500.03,-187500.03,-187500.03,-187500.03,-187500.03,-187500.03,-187500.03,-187500.03,-138795.11,-174834.03,-187500.03,-136401.73,-187500.03,-187500.03,-182602.45
804.14874,-187500.03,-187500.03,-187500.03,-187500.03,-187500.03,-187500.03,-187500.03,-187500.03,-187500.03,-147737.86,-181946.27,-187500.03,-143445.16,-187500.03,-187500.03,-187500.03
804.1711,-187500.03,-187500.03,-187500.03,-187500.03,-187500.03,-187500.03,-187500.03,-187500.03,-187500.03,-146647.03,-180507.03,-187500.03,-143704.22,-187500.03,-187500.03,-187500.03
804.1934,-187500.03,-187500.03,-187500.03,-187500.03,-187500.03,-187500.03,-187500.03,-187500.03,-187500.03,-138070.42,-173699.53,-187500.03,-136951.8,-187500.03,-187500.03,-183524.06
804.21576,-187500.03,-187500.03,-187500.03,-187500.03,-187500.03,-187500.03,-187500.03,-187500.03,-187500.03,-137762.06,-173929.98,-187500.03,-135721.67,-187500.03,-187500.03,-181735.47
804.23816,-187500.03,-187500.03,-187500.03,-187500.03,-187500.03,-187500.03,-187500.03,-187500.03,-187500.03,-146416.67,-180968.4,-187500.03,-142294.61,-187500.03,-187500.03,-187500.03
804.2605,-187500.03,-187500.03,-187500.03,-187500.03,-187500.03,-187500.03,-187500.03,-187500.03,-187500.03,-147910.31,-181584.56,-187500.03,-144529.8,-187500.03,-187500.03,-187500.03
804.28284,-187500.03,-187500.03,-187500.03,-187500.03,-187500.03,-187500.03,-187500.03,-187500.03,-187500.03,-139145.11,-174505.7,-187500.03,-137918.58,-187500.03,-187500.03,-184763.86
804.3052,-187500.03,-187500.03,-187500.03,-187500.03,-187500.03,-187500.03,-187500.03,-187500.03,-187500.03,-137047.64,-173270.33,-187500.03,-135314.11,-187500.03,-187500.03,-181222.25
804.3275,-187500.03,-187500.03,-187500.03,-187500.03,-187500.03,-187500.03,-187500.03,-187500.03,-187500.03,-144876.92,-179786.84,-187500.03,-141018.06,-187500.03,-187500.03,-187500.03
804.3499,-187500.03,-187500.03,-187500.03,-187500.03,-187500.03,-187500.03,-187500.03,-187500.03,-187500.03,-148812.36,-182395.52,-187500.03,-145043.03,-187500.03,-187500.03,-187500.03
804.37225,-187500.03,-187500.03,-187500.03,-187500.03,-187500.03,-187500.03,-187500.03,-187500.03,-187500.03,-140452.42,-175516.36,-187500.03,-139027.0,-187500.03,-187500.03,-186158.62
804.3946,-187500.03,-187500.03,-187500.03,-187500.03,-187500.03,-187500.03,-187500.03,-187500.03,-187500.03,-136642.42,-172860.73,-187500.03,-135163.81,-187500.03,-187500.03,-181058.44
804.41693,-187500.03,-187500.03,-187500.03,-187500.03,-187500.03,-187500.03,-187500.03,-187500.03,-187500.03,-143218.83,-178483.8,-187500.03,-139696.3,-187500.03,-187500.03,-186651.64
804.43933,-187500.03,-187500.03,-187500.03,-187500.03,-187500.03,-187500.03,-187500.03,-187500.03,-187500.03,-149267.84,-182863.89,-187500.03,-145195.39,-187500.03,-187500.03,-187500.03
804.4617,-187500.03,-187500.03,-187500.03,-187500.03,-187500.03,-187500.03,-187500.03,-187500.03,-187500.03,-141967.67,-176706.2,-187500.03,-140254.94,-187500.03,-187500.03,-187500.03
804.484,-187500.03,-187500.03,-187500.03,-187500.03,-187500.03,-187500.03,-187500.03,-187500.03,-187500.03,-136558.45,-172705.66,-187500.03,-135279.58,-187500.03,-187500.03,-181246.03
804.50635,-187500.03,-187500.03,-187500.03,-187500.03,-187500.03,-187500.03,-187500.03,-187500.03,-187500.03,-141573.55,-177157.97,-187500.03,-138431.64,-187500.03,-187500.03,-185117.94
804.5287,-187500.03,-187500.03,-187500.03,-187500.03,-187500.03,-187500.03,-187500.03,-187500.03,-187500.03,-149225.22,-182940.25,-187500.03,-144957.97,-187500.03,-187500.03,-187500.03
804.5511,-187500.03,-187500.03,-187500.03,-187500.03,-187500.03,-187500.03,-187500.03,-187500.03,-187500.03,-143603.64,-178014.19,-187500.03,-141522.69,-187500.03,-187500.03,-187500.03
804.5734,-187500.03,-187500.03,-187500.03,-187500.03,-187500.03,-187500.03,-187500.03,-187500.03,-187500.03,-136792.39,-172815.97,-187500.03,-135647.11,-187500.03,-187500.03,-181766.27
804.59576,-187500.03,-187500.03,-187500.03,-187500.03,-187500.03,-187500.03,-187500.03,-187500.03,-187500.03,-140060.22,-175915.27,-187500.03,-137314.62,-187500.03,-187500.03,-183735.75
804.6181,-187500.03,-187500.03,-187500.03,-187500.03,-187500.03,-187500.03,-187500.03,-187500.03,-187500.03,-148683.9,-182622.12,-187500.03,-144350.89,-187500.03,-187500.03,-187500.03
804.64044,-187500.03,-187500.03,-187500.03,-187500.03,-187500.03,-187500.03,-187500.03,-187500.03,-187500.03,-145222.42,-179335.56,-187500.03,-142720.9,-187500.03,-187500.03,-187500.03
804.66284,-187500.03,-187500.03,-187500.03,-187500.03,-187500.03,-187500.03,-187500.03,-187500.03,-187500.03,-137315.06,-173164.36,-187500.03,-136226.67,-187500.03,-187500.03,-182551.81
804.6852,-187500.03,-187500.03,-187500.03,-187500.03,-187500.03,-187500.03,-187500.03,-187500.03,-187500.03,-138776.83,-174827.05,-187500.03,-136407.52,-187500.03,-187500.03,-182594.95
804.7075,-187500.03,-187500.03,-187500.03,-187500.03,-187500.03,-187500.03,-187500.03,-187500.03,-187500.03,-147715.19,-181941.92,-187500.03,-143438.28,-187500.03,-187500.03,-187500.03
804.72986,-187500.03,-187500.03,-187500.03,-187500.03,-187500.03,-187500.03,-187500.03,-187500.03,-187500.03,-146704.48,-180566.72,-187500.03,-143758.47,-187500.03,-187500.03,-187500.03
804.75226,-187500.03,-187500.03,-187500.03,-187500.03,-187500.03,-187500.03,-187500.03,-187500.03,-187500.03,-138115.61,-173746.8,-187500.03,-137005.95,-187500.03,-187500.03,-183582.98
804.7746,-187500.03,-187500.03,-187500.03,-187500.03,-187500.03,-187500.03,-187500.03,-187500.03,-187500.03,-137756.97,-173936.97,-187500.03,-135738.28,-187500.03,-187500.03,-181746.38
804.79694,-187500.03,-187500.03,-187500.03,-187500.03,-187500.03,-187500.03,-187500.03,-187500.03,-187500.03,-146386.3,-180957.67,-187500.03,-142284.27,-187500.03,-187500.03,-187500.03
804.8193,-187500.03,-187500.03,-187500.03,-187500.03,-187500.03,-187500.03,-187500.03,-187500.03,-187500.03,-147961.05,-181640.44,-187500.03,-144579.73,-187500.03,-187500.03,-187500.03
804.8416,-187500.03,-187500.03,-187500.03,-187500.03,-187500.03,-187500.03,-187500.03,-187500.03,-187500.03,-139199.0,-174561.47,-187500.03,-137981.5,-187500.03,-187500.03,-184836.28
804.864,-187500.03,-187500.03,-187500.03,-187500.03,-187500.03,-187500.03,-187500.03,-187500.03,-187500.03,-137034.16,-173270.78,-187500.03,-135326.66,-187500.03,-187500.03,-181232.33
804.88635,-187500.03,-187500.03,-187500.03,-187500.03,-187500.03,-187500.03,-187500.03,-187500.03,-187500.03,-144818.23,-179754.5,-187500.03,-140987.62,-187500.03,-187500.03,-187500.03
804.9087,-187500.03,-187500.03,-187500.03,-187500.03,-187500.03,-187500.03,-187500.03,-187500.03,-187500.03,-148847.98,-182439.61,-187500.03,-145078.62,-187500.03,-187500.03,-187500.03
804.931,-187500.03,-187500.03,-187500.03,-187500.03,-187500.03,-187500.03,-187500.03,-187500.03,-187500.03,-140523.31,-175580.78,-187500.03,-139102.31,-187500.03,-187500.03,-186239.58
804.95337,-187500.03,-187500.03,-187500.03,-187500.03,-187500.03,-187500.03,-187500.03,-187500.03,-187500.03,-136634.78,-172858.08,-187500.03,-135182.7,-187500.03,-187500.03,-181070.5
804.97577,-187500.03,-187500.03,-187500.03,-187500.03,-187500.03,-187500.03,-187500.03,-187500.03,-187500.03,-143144.48,-178431.48,-187500.03,-139654.67,-187500.03,-187500.03,-186589.28
804.9981,-187500.03,-187500.03,-187500.03,-187500.03,-187500.03,-187500.03,-187500.03,-187500.03,-187500.03,-149268.19,-182874.06,-187500.03,-145199.5,-187500.03,-187500.03,-187500.03
805.02045,-187500.03,-187500.03,-187500.03,-187500.03,-187500.03,-187500.03,-187500.03,-187500.03,-187500.03,-142031.69,-176761.5,-187500.03,-140317.02,-187500.03,-187500.03,-187500.03
805.0428,-187500.03,-187500.03,-187500.03,-187500.03,-187500.03,-187500.03,-187500.03,-187500.03,-187500.03,-136555.78,-172704.44,-187500.03,-135295.72,-187500.03,-187500.03,-181253.81
805.0651,-187500.03,-187500.03,-187500.03,-187500.03,-187500.03,-187500.03,-187500.03,-187500.03,-187500.03,-141510.78,-177111.03,-187500.03,-138396.44,-187500.03,-187500.03,-185059.22
805.0875,-187500.03,-187500.03,-187500.03,-187500.03,-187500.03,-187500.03,-187500.03,-187500.03,-187500.03,-149193.58,-182922.92,-187500.03,-144939.14,-187500.03,-187500.03,-187500.03
805.10986,-187500.03,-187500.03,-187500.03,-187500.03,-187500.03,-187500.03,-187500.03,-187500.03,-187500.03,-143630.36,-178040.52,-187500.03,-141554.55,-187500.03,-187500.03,-187500.03
805.1322,-187500.03,-187500.03,-187500.03,-187500.03,-187500.03,-187500.03,-187500.03,-187500.03,-187500.03,-136778.31,-172806.27,-187500.03,-135653.61,-187500.03,-187500.03,-181749.55
805.15454,-187500.03,-187500.03,-187500.03,-187500.03,-187500.03,-187500.03,-187500.03,-187500.03,-187500.03,-139993.62,-175863.36,-187500.03,-137276.53,-187500.03,-187500.03,-183663.27
805.17694,-187500.03,-187500.03,-187500.03,-187500.03,-187500.03,-187500.03,-187500.03,-187500.03,-187500.03,-148633.72,-182587.44,-187500.03,-144317.89,-187500.03,-187500.03,-187500.03
805.1993,-187500.03,-187500.03,-187500.03,-187500.03,-187500.03,-187500.03,-187500.03,-187500.03,-187500.03,-145253.19,-179363.52,-187500.03,-142751.9,-187500.03,-187500.03,-187500.03
805.2216,-187500.03,-187500.03,-187500.03,-187500.03,-187500.03,-187500.03,-187500.03,-187500.03,-187500.03,-137310.39,-173161.0,-187500.03,-136240.28,-187500.03,-187500.03,-182552.83
805.24396,-187500.03,-187500.03,-187500.03,-187500.03,-187500.03,-187500.03,-187500.03,-187500.03,-187500.03,-138693.19,-174760.52,-187500.03,-136357.31,-187500.03,-187500.03,-182512.86
805.2663,-187500.03,-187500.03,-187500.03,-187500.03,-187500.03,-187500.03,-187500.03,-187500.03,-187500.03,-147630.52,-181881.48,-187500.03,-143376.31,-187500.03,-187500.03,-187500.03
805.2887,-187500.03,-187500.03,-187500.03,-187500.03,-187500.03,-187500.03,-187500.03,-187500.03,-187500.03,-146746.38,-180604.58,-187500.03,-143794.06,-187500.03,-187500.03,-187500.03
805.31104,-187500.03,-187500.03,-187500.03,-187500.03,-187500.03,-187500.03,-187500.03,-187500.03,-187500.03,-138134.56,-173759.31,-187500.03,-137036.97,-187500.03,-187500.03,-183608.9
805.3334,-187500.03,-187500.03,-187500.03,-187500.03,-187500.03,-187500.03,-187500.03,-187500.03,-187500.03,-137692.73,-173881.97,-187500.03,-135702.97,-187500.03,-187500.03,-181690.61
805.3557,-187500.03,-187500.03,-187500.03,-187500.03,-187500.03,-187500.03,-187500.03,-187500.03,-187500.03,-146301.5,-180893.77,-187500.03,-142220.72,-187500.03,-187500.03,-187500.03
805.37805,-187500.03,-187500.03,-187500.03,-187500.03,-187500.03,-187500.03,-187500.03,-187500.03,-187500.03,-147991.84,-181670.78,-187500.03,-144601.67,-187500.03,-187500.03,-187500.03
805.40045,-187500.03,-187500.03,-187500.03,-187500.03,-187500.03,-187500.03,-187500.03,-187500.03,-187500.03,-139233.52,-174590.48,-187500.03,-138021.38,-187500.03,-187500.03,-184884.22
805.4228,-187500.03,-187500.03,-187500.03,-187500.03,-187500.03,-187500.03,-187500.03,-187500.03,-187500.03,-136990.42,-173235.19,-187500.03,-135307.0,-187500.03,-187500.03,-181207.05
805.4451,-187500.03,-187500.03,-187500.03,-187500.03,-187500.03,-187500.03,-187500.03,-187500.03,-187500.03,-144730.06,-179688.62,-187500.03,-140924.67,-187500.03,-187500.03,-187500.03
805.46747,-187500.03,-187500.03,-187500.03,-187500.03,-187500.03,-187500.03,-187500.03,-187500.03,-187500.03,-148855.92,-182453.52,-187500.03,-145085.72,-187500.03,-187500.03,-187500.03
805.4898,-187500.03,-187500.03,-187500.03,-187500.03,-187500.03,-187500.03,-187500.03,-187500.03,-187500.03,-140567.12,-175618.94,-187500.03,-139148.28,-187500.03,-187500.03,-186297.55
805.5122,-187500.03,-187500.03,-187500.03,-187500.03,-187500.03,-187500.03,-187500.03,-187500.03,-187500.03,-136615.47,-172845.47,-187500.03,-135183.95,-187500.03,-187500.03,-181074.77
805.53455,-187500.03,-187500.03,-187500.03,-187500.03,-187500.03,-187500.03,-187500.03,-187500.03,-187500.03,-143083.52,-178391.11,-187500.03,-139618.33,-187500.03,-187500.03,-186547.12
805.5569,-187500.03,-187500.03,-187500.03,-187500.03,-187500.03,-187500.03,-187500.03,-187500.03,-187500.03,-149265.05,-182886.52,-187500.03,-145202.75,-187500.03,-187500.03,-187500.03
805.5792,-187500.03,-187500.03,-187500.03,-187500.03,-187500.03,-187500.03,-187500.03,-187500.03,-187500.03,-142075.94,-176809.73,-187500.03,-140365.45,-187500.03,-187500.03,-187500.03
805.6016,-187500.03,-187500.03,-187500.03,-187500.03,-187500.03,-187500.03,-187500.03,-187500.03,-187500.03,-136554.31,-172714.4,-187500.03,-135316.2,-187500.03,-187500.03,-181279.23
805.62396,-187500.03,-187500.03,-187500.03,-187500.03,-187500.03,-187500.03,-187500.03,-187500.03,-187500.03,-141448.34,-177071.92,-187500.03,-138363.19,-187500.03,-187500.03,-185015.45
805.6463,-187500.03,-187500.03,-187500.03,-187500.03,-187500.03,-187500.03,-187500.03,-187500.03,-187500.03,-149181.64,-182926.66,-187500.03,-144934.33,-187500.03,-187500.03,-187500.03
805.66864,-187500.03,-187500.03,-187500.03,-187500.03,-187500.03,-187500.03,-187500.03,-187500.03,-187500.03,-143707.2,-178110.3,-187500.03,-141623.28,-187500.03,-187500.03,-187500.03
805.691,-187500.03,-187500.03,-187500.03,-187500.03,-187500.03,-187500.03,-187500.03,-187500.03,-187500.03,-136801.75,-172828.92,-187500.03,-135688.77,-187500.03,-187500.03,-181799.28
805.7134,-187500.03,-187500.03,-187500.03,-187500.03,-187500.03,-187500.03,-187500.03,-187500.03,-187500.03,-139939.27,-175824.39,-187500.03,-137245.73,-187500.03,-187500.03,-183627.36
805.7357,-187500.03,-187500.03,-187500.03,-187500.03,-187500.03,-187500.03,-187500.03,-187500.03,-187500.03,-148605.06,-182574.64,-187500.03,-144295.88,-187500.03,-187500.03,-187500.03
805.75806,-187500.03,-187500.03,-187500.03,-187500.03,-187500.03,-187500.03,-187500.03,-187500.03,-187500.03,-145321.62,-179424.58,-187500.03,-142809.66,-187500.03,-187500.03,-187500.03
805.7804,-187500.03,-187500.03,-187500.03,-187500.03,-187500.03,-187500.03,-187500.03,-187500.03,-187500.03,-137345.55,-173192.36,-187500.03,-136283.48,-187500.03,-187500.03,-182601.33
805.80273,-187500.03,-187500.03,-187500.03,-187500.03,-187500.03,-187500.03,-187500.03,-187500.03,-187500.03,-138672.5,-174746.95,-187500.03,-136354.94,-187500.03,-187500.03,-182499.64
805.82513,-187500.03,-187500.03,-187500.03,-187500.03,-187500.03,-187500.03,-187500.03,-187500.03,-187500.03,-147620.61,-181881.67,-187500.03,-143374.84,-187500.03,-187500.03,-187500.03
805.8475,-187500.03,-187500.03,-187500.03,-187500.03,-187500.03,-187500.03,-187500.03,-187500.03,-187500.03,-146796.14,-180653.56,-187500.03,-143842.25,-187500.03,-187500.03,-187500.03
805.8698,-187500.03,-187500.03,-187500.03,-187500.03,-187500.03,-187500.03,-187500.03,-187500.03,-187500.03,-138170.17,-173795.12,-187500.03,-137079.58,-187500.03,-187500.03,-183650.0
805.89215,-187500.03,-187500.03,-187500.03,-187500.03,-187500.03,-187500.03,-187500.03,-187500.03,-187500.03,-137675.25,-173873.97,-187500.03,-135703.19,-187500.03,-187500.03,-181678.58
805.9145,-187500.03,-187500.03,-187500.03,-187500.03,-187500.03,-187500.03,-187500.03,-187500.03,-187500.03,-146270.0,-180879.06,-187500.03,-142204.02,-187500.03,-187500.03,-187500.03
805.9369,-187500.03,-187500.03,-187500.03,-187500.03,-187500.03,-187500.03,-187500.03,-187500.03,-187500.03,-148025.27,-181709.6,-187500.03,-144635.06,-187500.03,-187500.03,-187500.03
805.9592,-187500.03,-187500.03,-187500.03,-187500.03,-187500.03,-187500.03,-187500.03,-187500.03,-187500.03,-139274.9,-174632.0,-187500.03,-138066.17,-187500.03,-187500.03,-184924.0
805.98157,-187500.03,-187500.03,-187500.03,-187500.03,-187500.03,-187500.03,-187500.03,-187500.03,-187500.03,-136986.2,-173239.89,-187500.03,-135318.84,-187500.03,-187500.03,-181203.23
806.0039,-187500.03,-187500.03,-187500.03,-187500.03,-187500.03,-187500.03,-187500.03,-187500.03,-187500.03,-144693.11,-179672.0,-187500.03,-140904.2,-187500.03,-187500.03,-187500.03
806.0263,-187500.03,-187500.03,-187500.03,-187500.03,-187500.03,-187500.03,-187500.03,-187500.03,-187500.03,-148887.48,-182493.17,-187500.03,-145114.61,-187500.03,-187500.03,-187500.03
806.04865,-187500.03,-187500.03,-187500.03,-187500.03,-187500.03,-187500.03,-187500.03,-187500.03,-187500.03,-140623.17,-175673.02,-187500.03,-139203.8,-187500.03,-187500.03,-186347.5
806.071,-187500.03,-187500.03,-187500.03,-187500.03,-187500.03,-187500.03,-187500.03,-187500.03,-187500.03,-136619.17,-172854.1,-187500.03,-135202.47,-187500.03,-187500.03,-181082.27
806.0933,-187500.03,-187500.03,-187500.03,-187500.03,-187500.03,-187500.03,-187500.03,-187500.03,-187500.03,-143024.4,-178353.75,-187500.03,-139580.08,-187500.03,-187500.03,-186483.52
806.11566,-187500.03,-187500.03,-187500.03,-187500.03,-187500.03,-187500.03,-187500.03,-187500.03,-187500.03,-149283.31,-182915.53,-187500.03,-145216.98,-187500.03,-187500.03,-187500.03
806.13806,-187500.03,-187500.03,-187500.03,-187500.03,-187500.03,-187500.03,-187500.03,-187500.03,-187500.03,-142149.02,-176877.6,-187500.03,-140432.86,-187500.03,-187500.03,-187500.03
806.1604,-187500.03,-187500.03,-187500.03,-187500.03,-187500.03,-187500.03,-187500.03,-187500.03,-187500.03,-136575.38,-172737.75,-187500.03,-135349.45,-187500.03,-187500.03,-181302.73
806.18274,-187500.03,-187500.03,-187500.03,-187500.03,-187500.03,-187500.03,-187500.03,-187500.03,-187500.03,-141417.62,-177057.3,-187500.03,-138351.7,-187500.03,-187500.03,-184982.08
806.2051,-187500.03,-187500.03,-187500.03,-187500.03,-187500.03,-187500.03,-187500.03,-187500.03,-187500.03,-149194.38,-182951.73,-187500.03,-144949.33,-187500.03,-187500.03,-187500.03
806.2274,-187500.03,-187500.03,-187500.03,-187500.03,-187500.03,-187500.03,-187500.03,-187500.03,-187500.03,-143764.03,-178168.14,-187500.03,-141675.7,-187500.03,-187500.03,-187500.03
806.2498,-187500.03,-187500.03,-187500.03,-187500.03,-187500.03,-187500.03,-187500.03,-187500.03,-187500.03,-136839.48,-172870.7,-187500.03,-135731.31,-187500.03,-187500.03,-181838.17
806.27216,-187500.03,-187500.03,-187500.03,-187500.03,-187500.03,-187500.03,-187500.03,-187500.03,-187500.03,-139936.58,-175834.75,-187500.03,-137257.08,-187500.03,-187500.03,-183623.5
806.2945,-187500.03,-187500.03,-187500.03,-187500.03,-187500.03,-187500.03,-187500.03,-187500.03,-187500.03,-148623.28,-182604.6,-187500.03,-144317.94,-187500.03,-187500.03,-187500.03
806.31683,-187500.03,-187500.03,-187500.03,-187500.03,-187500.03,-187500.03,-187500.03,-187500.03,-187500.03,-145401.39,-179502.6,-187500.03,-142882.61,-187500.03,-187500.03,-187500.03
806.3392,-187500.03,-187500.03,-187500.03,-187500.03,-187500.03,-187500.03,-187500.03,-187500.03,-187500.03,-137407.89,-173254.9,-187500.03,-136350.47,-187500.03,-187500.03,-182670.8
806.3616,-187500.03,-187500.03,-187500.03,-187500.03,-187500.03,-187500.03,-187500.03,-187500.03,-187500.03,-138672.5,-174759.86,-187500.03,-136372.45,-187500.03,-187500.03,-182506.8
806.3839,-187500.03,-187500.03,-187500.03,-187500.03,-187500.03,-187500.03,-187500.03,-187500.03,-187500.03,-147610.9,-181892.52,-187500.03,-143372.92,-187500.03,-187500.03,-187500.03
806.40625,-187500.03,-187500.03,-187500.03,-187500.03,-187500.03,-187500.03,-187500.03,-187500.03,-187500.03,-146906.69,-180758.2,-187500.03,-143932.64,-187500.03,-187500.03,-187500.03
806.4286,-187500.03,-187500.03,-187500.03,-187500.03,-187500.03,-187500.03,-187500.03,-187500.03,-187500.03,-138270.58,-173887.28,-187500.03,-137179.19,-187500.03,-187500.03,-183763.0
806.451,-187500.03,-187500.03,-187500.03,-187500.03,-187500.03,-187500.03,-187500.03,-187500.03,-187500.03,-137687.69,-173895.34,-187500.03,-135737.31,-187500.03,-187500.03,-181703.83
806.4733,-187500.03,-187500.03,-187500.03,-187500.03,-187500.03,-187500.03,-187500.03,-187500.03,-187500.03,-146249.14,-180880.8,-187500.03,-142201.19,-187500.03,-187500.03,-187500.03
806.49567,-187500.03,-187500.03,-187500.03,-187500.03,-187500.03,-187500.03,-187500.03,-187500.03,-187500.03,-148129.84,-181812.58,-187500.03,-144725.55,-187500.03,-187500.03,-187500.03
806.518,-187500.03,-187500.03,-187500.03,-187500.03,-187500.03,-187500.03,-187500.03,-187500.03,-187500.03,-139383.0,-174730.94,-187500.03,-138172.45,-187500.03,-187500.03,-185037.33
806.54034,-187500.03,-187500.03,-187500.03,-187500.03,-187500.03,-187500.03,-187500.03,-187500.03,-187500.03,-137020.08,-173277.27,-187500.03,-135368.42,-187500.03,-187500.03,-181249.28
806.56274,-187500.03,-187500.03,-187500.03,-187500.03,-187500.03,-187500.03,-187500.03,-187500.03,-187500.03,-144686.77,-179681.84,-187500.03,-140914.03,-187500.03,-187500.03,-187500.03
806.5851,-187500.03,-187500.03,-187500.03,-187500.03,-187500.03,-187500.03,-187500.03,-187500.03,-187500.03,-148961.02,-182570.98,-187500.03,-145180.31,-187500.03,-187500.03,-187500.03
806.6074,-187500.03,-187500.03,-187500.03,-187500.03,-187500.03,-187500.03,-187500.03,-187500.03,-187500.03,-140721.3,-175768.73,-187500.03,-139298.53,-187500.03,-187500.03,-186446.28
806.62976,-187500.03,-187500.03,-187500.03,-187500.03,-187500.03,-187500.03,-187500.03,-187500.03,-187500.03,-136673.17,-172916.38,-187500.03,-135267.3,-187500.03,-187500.03,-181151.11
806.6521,-187500.03,-187500.03,-187500.03,-187500.03,-187500.03,-187500.03,-187500.03,-187500.03,-187500.03,-143048.62,-178393.05,-187500.03,-139616.73,-187500.03,-187500.03,-186511.7
806.6745,-187500.03,-187500.03,-187500.03,-187500.03,-187500.03,-187500.03,-187500.03,-187500.03,-187500.03,-149334.98,-182976.98,-187500.03,-145268.0,-187500.03,-187500.03,-187500.03
806.69684,-187500.03,-187500.03,-187500.03,-187500.03,-187500.03,-187500.03,-187500.03,-187500.03,-187500.03,-142226.22,-176956.53,-187500.03,-140505.64,-187500.03,-187500.03,-187500.03
806.7192,-187500.03,-187500.03,-187500.03,-187500.03,-187500.03,-187500.03,-187500.03,-187500.03,-187500.03,-136623.78,-172792.45,-187500.03,-135402.11,-187500.03,-187500.03,-181362.25
806.7415,-187500.03,-187500.03,-187500.03,-187500.03,-187500.03,-187500.03,-187500.03,-187500.03,-187500.03,-141415.88,-177074.56,-187500.03,-138362.53,-187500.03,-187500.03,-184987.56
806.76385,-187500.03,-187500.03,-187500.03,-187500.03,-187500.03,-187500.03,-187500.03,-187500.03,-187500.03,-149215.34,-182992.77,-187500.03,-144970.08,-187500.03,-187500.03,-187500.03
806.78625,-187500.03,-187500.03,-187500.03,-187500.03,-187500.03,-187500.03,-187500.03,-187500.03,-187500.03,-143857.27,-178265.25,-187500.03,-141759.7,-187500.03,-187500.03,-187500.03
806.8086,-187500.03,-187500.03,-187500.03,-187500.03,-187500.03,-187500.03,-187500.03,-187500.03,-187500.03,-136891.64,-172931.22,-187500.03,-135793.6,-187500.03,-187500.03,-181905.7
806.83093,-187500.03,-187500.03,-187500.03,-187500.03,-187500.03,-187500.03,-187500.03,-187500.03,-187500.03,-139921.33,-175840.61,-187500.03,-137263.12,-187500.03,-187500.03,-183617.62
806.8533,-187500.03,-187500.03,-187500.03,-187500.03,-187500.03,-187500.03,-187500.03,-187500.03,-187500.03,-148614.34,-182621.45,-187500.03,-144319.9,-187500.03,-187500.03,-187500.03
806.8757,-187500.03,-187500.03,-187500.03,-187500.03,-187500.03,-187500.03,-187500.03,-187500.03,-187500.03,-145482.03,-179589.39,-187500.03,-142955.56,-187500.03,-187500.03,-187500.03
806.898,-187500.03,-187500.03,-187500.03,-187500.03,-187500.03,-187500.03,-187500.03,-187500.03,-187500.03,-137458.92,-173313.52,-187500.03,-136408.62,-187500.03,-187500.03,-182734.14
806.92035,-187500.03,-187500.03,-187500.03,-187500.03,-187500.03,-187500.03,-187500.03,-187500.03,-187500.03,-138655.45,-174763.39,-187500.03,-136375.36,-187500.03,-187500.03,-182499.73
806.9427,-187500.03,-187500.03,-187500.03,-187500.03,-187500.03,-187500.03,-187500.03,-187500.03,-187500.03,-147577.6,-181887.73,-187500.03,-143354.6,-187500.03,-187500.03,-187500.03
806.965,-187500.03,-187500.03,-187500.03,-187500.03,-187500.03,-187500.03,-187500.03,-187500.03,-187500.03,-146968.02,-180828.23,-187500.03,-143986.52,-187500.03,-187500.03,-187500.03
806.9874,-187500.03,-187500.03,-187500.03,-187500.03,-187500.03,-187500.03,-187500.03,-187500.03,-187500.03,-138317.73,-173939.55,-187500.03,-137229.78,-187500.03,-187500.03,-183816.03
807.00977,-187500.03,-187500.03,-187500.03,-187500.03,-187500.03,-187500.03,-187500.03,-187500.03,-187500.03,-137677.03,-173899.12,-187500.03,-135740.3,-187500.03,-187500.03,-181698.06
807.0321,-187500.03,-187500.03,-187500.03,-187500.03,-187500.03,-187500.03,-187500.03,-187500.03,-187500.03,-146212.39,-180868.6,-187500.03,-142175.81,-187500.03,-187500.03,-187500.03
807.05444,-187500.03,-187500.03,-187500.03,-187500.03,-187500.03,-187500.03,-187500.03,-187500.03,-187500.03,-148167.31,-181860.02,-187500.03,-144753.36,-187500.03,-187500.03,-187500.03
807.0768,-187500.03,-187500.03,-187500.03,-187500.03,-187500.03,-187500.03,-187500.03,-187500.03,-187500.03,-139425.8,-174779.72,-187500.03,-138214.23,-187500.03,-187500.03,-185088.36
807.0992,-187500.03,-187500.03,-187500.03,-187500.03,-187500.03,-187500.03,-187500.03,-187500.03,-187500.03,-137008.67,-173282.1,-187500.03,-135371.42,-187500.03,-187500.03,-181253.61
807.1215,-187500.03,-187500.03,-187500.03,-187500.03,-187500.03,-187500.03,-187500.03,-187500.03,-187500.03,-144630.42,-179654.1,-187500.03,-140875.38,-187500.03,-187500.03,-187500.03
807.14386,-187500.03,-187500.03,-187500.03,-187500.03,-187500.03,-187500.03,-187500.03,-187500.03,-187500.03,-148986.16,-182609.75,-187500.03,-145198.84,-187500.03,-187500.03,-187500.03
807.1662,-187500.03,-187500.03,-187500.03,-187500.03,-187500.03,-187500.03,-187500.03,-187500.03,-187500.03,-140785.34,-175833.9,-187500.03,-139359.31,-187500.03,-187500.03,-186518.66
807.18854,-187500.03,-187500.03,-187500.03,-187500.03,-187500.03,-187500.03,-187500.03,-187500.03,-187500.03,-136656.9,-172912.98,-187500.03,-135270.56,-187500.03,-187500.03,-181154.34
807.21094,-187500.03,-187500.03,-187500.03,-187500.03,-187500.03,-187500.03,-187500.03,-187500.03,-187500.03,-142954.75,-178330.19,-187500.03,-139549.62,-187500.03,-187500.03,-186429.0
807.2333,-187500.03,-187500.03,-187500.03,-187500.03,-187500.03,-187500.03,-187500.03,-187500.03,-187500.03,-149344.36,-183001.75,-187500.03,-145271.17,-187500.03,-187500.03,-187500.03
807.2556,-187500.03,-187500.03,-187500.03,-187500.03,-187500.03,-187500.03,-187500.03,-187500.03,-187500.03,-142326.58,-177049.0,-187500.03,-140594.64,-187500.03,-187500.03,-187500.03
807.27795,-187500.03,-187500.03,-187500.03,-187500.03,-187500.03,-187500.03,-187500.03,-187500.03,-187500.03,-136625.02,-172801.36,-187500.03,-135424.88,-187500.03,-187500.03,-181396.05
807.30035,-187500.03,-187500.03,-187500.03,-187500.03,-187500.03,-187500.03,-187500.03,-187500.03,-187500.03,-141315.31,-177005.81,-187500.03,-138296.19,-187500.03,-187500.03,-184907.2
807.3227,-187500.03,-187500.03,-187500.03,-187500.03,-187500.03,-187500.03,-187500.03,-187500.03,-187500.03,-149195.38,-182996.52,-187500.03,-144951.77,-187500.03,-187500.03,-187500.03
807.34503,-187500.03,-187500.03,-187500.03,-187500.03,-187500.03,-187500.03,-187500.03,-187500.03,-187500.03,-143956.11,-178357.67,-187500.03,-141842.6,-187500.03,-187500.03,-187500.03
807.3674,-187500.03,-187500.03,-187500.03,-187500.03,-187500.03,-187500.03,-187500.03,-187500.03,-187500.03,-136906.75,-172949.73,-187500.03,-135824.44,-187500.03,-187500.03,-181954.39
807.3897,-187500.03,-187500.03,-187500.03,-187500.03,-187500.03,-187500.03,-187500.03,-187500.03,-187500.03,-139826.33,-175770.56,-187500.03,-137201.42,-187500.03,-187500.03,-183546.78
807.4121,-187500.03,-187500.03,-187500.03,-187500.03,-187500.03,-187500.03,-187500.03,-187500.03,-187500.03,-148554.81,-182587.08,-187500.03,-144267.92,-187500.03,-187500.03,-187500.03
807.43445,-187500.03,-187500.03,-187500.03,-187500.03,-187500.03,-187500.03,-187500.03,-187500.03,-187500.03,-145556.72,-179658.5,-187500.03,-143010.94,-187500.03,-187500.03,-187500.03
807.4568,-187500.03,-187500.03,-187500.03,-187500.03,-187500.03,-187500.03,-187500.03,-187500.03,-187500.03,-137481.72,-173335.34,-187500.03,-136439.66,-187500.03,-187500.03,-182786.58
807.4791,-187500.03,-187500.03,-187500.03,-187500.03,-187500.03,-187500.03,-187500.03,-187500.03,-187500.03,-138577.6,-174703.62,-187500.03,-136324.89,-187500.03,-187500.03,-182445.28
807.50146,-187500.03,-187500.03,-187500.03,-187500.03,-187500.03,-187500.03,-187500.03,-187500.03,-187500.03,-147501.95,-181836.06,-187500.03,-143293.39,-187500.03,-187500.03,-187500.03
807.52386,-187500.03,-187500.03,-187500.03,-187500.03,-187500.03,-187500.03,-187500.03,-187500.03,-187500.03,-147009.94,-180867.66,-187500.03,-144016.75,-187500.03,-187500.03,-187500.03
807.5462,-187500.03,-187500.03,-187500.03,-187500.03,-187500.03,-187500.03,-187500.03,-187500.03,-187500.03,-138336.86,-173954.67,-187500.03,-137256.69,-187500.03,-187500.03,-183861.56
807.56854,-187500.03,-187500.03,-187500.03,-187500.03,-187500.03,-187500.03,-187500.03,-187500.03,-187500.03,-137600.45,-173835.8,-187500.03,-135692.2,-187500.03,-187500.03,-181648.17
807.5909,-187500.03,-187500.03,-187500.03,-187500.03,-187500.03,-187500.03,-187500.03,-187500.03,-187500.03,-146106.61,-180787.1,-187500.03,-142090.83,-187500.03,-187500.03,-187500.03
807.6133,-187500.03,-187500.03,-187500.03,-187500.03,-187500.03,-187500.03,-187500.03,-187500.03,-187500.03,-148174.11,-181868.08,-187500.03,-144751.03,-187500.03,-187500.03,-187500.03
807.6356,-187500.03,-187500.03,-187500.03,-187500.03,-187500.03,-187500.03,-187500.03,-187500.03,-187500.03,-139441.0,-174788.77,-187500.03,-138231.64,-187500.03,-187500.03,-185120.19
807.65796,-187500.03,-187500.03,-187500.03,-187500.03,-187500.03,-187500.03,-187500.03,-187500.03,-187500.03,-136952.25,-173230.86,-187500.03,-135335.47,-187500.03,-187500.03,-181214.83
807.6803,-187500.03,-187500.03,-187500.03,-187500.03,-187500.03,-187500.03,-187500.03,-187500.03,-187500.03,-144546.2,-179582.92,-187500.03,-140809.8,-187500.03,-187500.03,-187500.03
807.70264,-187500.03,-187500.03,-187500.03,-187500.03,-187500.03,-187500.03,-187500.03,-187500.03,-187500.03,-148956.55,-182583.28,-187500.03,-145170.22,-187500.03,-187500.03,-187500.03
807.72504,-187500.03,-187500.03,-187500.03,-187500.03,-187500.03,-187500.03,-187500.03,-187500.03,-187500.03,-140771.31,-175817.19,-187500.03,-139346.67,-187500.03,-187500.03,-186512.14
807.7474,-187500.03,-187500.03,-187500.03,-187500.03,-187500.03,-187500.03,-187500.03,-187500.03,-187500.03,-136606.16,-172864.95,-187500.03,-135229.56,-187500.03,-187500.03,-181110.17
807.7697,-187500.03,-187500.03,-187500.03,-187500.03,-187500.03,-187500.03,-187500.03,-187500.03,-187500.03,-142871.12,-178258.17,-187500.03,-139477.16,-187500.03,-187500.03,-186352.89
807.79205,-187500.03,-187500.03,-187500.03,-187500.03,-187500.03,-187500.03,-187500.03,-187500.03,-187500.03,-149294.17,-182957.89,-187500.03,-145221.22,-187500.03,-187500.03,-187500.03
807.8144,-187500.03,-187500.03,-187500.03,-187500.03,-187500.03,-187500.03,-187500.03,-187500.03,-187500.03,-142291.39,-177012.33,-187500.03,-140559.08,-187500.03,-187500.03,-187500.03
807.8368,-187500.03,-187500.03,-187500.03,-187500.03,-187500.03,-187500.03,-187500.03,-187500.03,-187500.03,-136572.55,-172748.23,-187500.03,-135377.58,-187500.03,-187500.03,-181343.39
807.85913,-187500.03,-187500.03,-187500.03,-187500.03,-187500.03,-187500.03,-187500.03,-187500.03,-187500.03,-141250.89,-176943.03,-187500.03,-138237.8,-187500.03,-187500.03,-184841.8
807.8815,-187500.03,-187500.03,-187500.03,-187500.03,-187500.03,-187500.03,-187500.03,-187500.03,-187500.03,-149144.19,-182943.73,-187500.03,-144901.9,-187500.03,-187500.03,-187500.03
807.9038,-187500.03,-187500.03,-187500.03,-187500.03,-187500.03,-187500.03,-187500.03,-187500.03,-187500.03,-143906.94,-178305.33,-187500.03,-141794.94,-187500.03,-187500.03,-187500.03
807.92615,-187500.03,-187500.03,-187500.03,-187500.03,-187500.03,-187500.03,-187500.03,-187500.03,-187500.03,-136856.88,-172897.33,-187500.03,-135775.67,-187500.03,-187500.03,-181899.72
807.94855,-187500.03,-187500.03,-187500.03,-187500.03,-187500.03,-187500.03,-187500.03,-187500.03,-187500.03,-139770.23,-175714.81,-187500.03,-137146.08,-187500.03,-187500.03,-183487.42
807.9709,-187500.03,-187500.03,-187500.03,-187500.03,-187500.03,-187500.03,-187500.03,-187500.03,-187500.03,-148515.25,-182546.55,-187500.03,-144225.22,-187500.03,-187500.03,-187500.03
807.9932,-187500.03,-187500.03,-187500.03,-187500.03,-187500.03,-187500.03,-187500.03,-187500.03,-187500.03,-145528.61,-179626.81,-187500.03,-142979.05,-187500.03,-187500.03,-187500.03
808.01556,-187500.03,-187500.03,-187500.03,-187500.03,-187500.03,-187500.03,-187500.03,-187500.03,-187500.03,-137442.16,-173293.1,-187500.03,-136400.61,-187500.03,-187500.03,-182750.34
808.03796,-187500.03,-187500.03,-187500.03,-187500.03,-187500.03,-187500.03,-187500.03,-187500.03,-187500.03,-138510.8,-174638.55,-187500.03,-136263.6,-187500.03,-187500.03,-182381.45
808.0603,-187500.03,-187500.03,-187500.03,-187500.03,-187500.03,-187500.03,-187500.03,-187500.03,-187500.03,-147441.3,-181778.34,-187500.03,-143230.72,-187500.03,-187500.03,-187500.03
808.08264,-187500.03,-187500.03,-187500.03,-187500.03,-187500.03,-187500.03,-187500.03,-187500.03,-187500.03,-146994.89,-180845.2,-187500.03,-143988.44,-187500.03,-187500.03,-187500.03
808.105,-187500.03,-187500.03,-187500.03,-187500.03,-187500.03,-187500.03,-187500.03,-187500.03,-187500.03,-138311.28,-173923.42,-187500.03,-137224.72,-187500.03,-187500.03,-183845.2
808.1273,-187500.03,-187500.03,-187500.03,-187500.03,-187500.03,-187500.03,-187500.03,-187500.03,-187500.03,-137543.52,-173779.7,-187500.03,-135636.45,-187500.03,-187500.03,-181602.25
808.1497,-187500.03,-187500.03,-187500.03,-187500.03,-187500.03,-187500.03,-187500.03,-187500.03,-187500.03,-146035.11,-180722.72,-187500.03,-142020.2,-187500.03,-187500.03,-187500.03
808.17206,-187500.03,-187500.03,-187500.03,-187500.03,-187500.03,-187500.03,-187500.03,-187500.03,-187500.03,-148176.98,-181863.64,-187500.03,-144737.89,-187500.03,-187500.03,-187500.03
808.1944,-187500.03,-187500.03,-187500.03,-187500.03,-187500.03,-187500.03,-187500.03,-187500.03,-187500.03,-139450.45,-174784.7,-187500.03,-138231.55,-187500.03,-187500.03,-185146.27
808.21674,-187500.03,-187500.03,-187500.03,-187500.03,-187500.03,-187500.03,-187500.03,-187500.03,-187500.03,-136891.95,-173167.33,-187500.03,-135281.73,-187500.03,-187500.03,-181174.02
808.2391,-187500.03,-187500.03,-187500.03,-187500.03,-187500.03,-187500.03,-187500.03,-187500.03,-187500.03,-144424.3,-179474.83,-187500.03,-140697.94,-187500.03,-187500.03,-187500.03
808.2615,-187500.03,-187500.03,-187500.03,-187500.03,-187500.03,-187500.03,-187500.03,-187500.03,-187500.03,-148960.33,-182577.19,-187500.03,-145147.73,-187500.03,-187500.03,-187500.03
808.2838,-187500.03,-187500.03,-187500.03,-187500.03,-187500.03,-187500.03,-187500.03,-187500.03,-187500.03,-140814.75,-175834.8,-187500.03,-139370.0,-187500.03,-187500.03,-186570.25
808.30615,-187500.03,-187500.03,-187500.03,-187500.03,-187500.03,-187500.03,-187500.03,-187500.03,-187500.03,-136554.98,-172804.39,-187500.03,-135186.7,-187500.03,-187500.03,-181087.14
808.3285,-187500.03,-187500.03,-187500.03,-187500.03,-187500.03,-187500.03,-187500.03,-187500.03,-187500.03,-142734.19,-178134.62,-187500.03,-139359.11,-187500.03,-187500.03,-186235.3
808.3508,-187500.03,-187500.03,-187500.03,-187500.03,-187500.03,-187500.03,-187500.03,-187500.03,-187500.03,-149272.44,-182932.88,-187500.03,-145180.98,-187500.03,-187500.03,-187500.03
808.3732,-187500.03,-187500.03,-187500.03,-187500.03,-187500.03,-187500.03,-187500.03,-187500.03,-187500.03,-142363.77,-177055.64,-187500.03,-140605.69,-187500.03,-187500.03,-187500.03
808.39557,-187500.03,-187500.03,-187500.03,-187500.03,-187500.03,-187500.03,-187500.03,-187500.03,-187500.03,-136548.8,-172711.06,-187500.03,-135359.7,-187500.03,-187500.03,-181344.52
808.4179,-187500.03,-187500.03,-187500.03,-187500.03,-187500.03,-187500.03,-187500.03,-187500.03,-187500.03,-141105.72,-176811.67,-187500.03,-138114.69,-187500.03,-187500.03,-184712.55
808.44025,-187500.03,-187500.03,-187500.03,-187500.03,-187500.03,-187500.03,-187500.03,-187500.03,-187500.03,-149076.4,-182886.05,-187500.03,-144820.33,-187500.03,-187500.03,-187500.03
808.46265,-187500.03,-187500.03,-187500.03,-187500.03,-187500.03,-187500.03,-187500.03,-187500.03,-187500.03,-143979.95,-178353.66,-187500.03,-141831.75,-187500.03,-187500.03,-187500.03
808.485,-187500.03,-187500.03,-187500.03,-187500.03,-187500.03,-187500.03,-187500.03,-187500.03,-187500.03,-136845.86,-172873.4,-187500.03,-135762.75,-187500.03,-187500.03,-181910.72
808.5073,-187500.03,-187500.03,-187500.03,-187500.03,-187500.03,-187500.03,-187500.03,-187500.03,-187500.03,-139661.28,-175613.6,-187500.03,-137052.22,-187500.03,-187500.03,-183392.36
808.52966,-187500.03,-187500.03,-187500.03,-187500.03,-187500.03,-187500.03,-187500.03,-187500.03,-187500.03,-148420.88,-182464.23,-187500.03,-144128.36,-187500.03,-187500.03,-187500.03
808.552,-187500.03,-187500.03,-187500.03,-187500.03,-187500.03,-187500.03,-187500.03,-187500.03,-187500.03,-145549.8,-179633.47,-187500.03,-142975.27,-187500.03,-187500.03,-187500.03
808.5744,-187500.03,-187500.03,-187500.03,-187500.03,-187500.03,-187500.03,-187500.03,-187500.03,-187500.03,-137430.55,-173269.98,-187500.03,-136382.69,-187500.03,-187500.03,-182744.92
808.59674,-187500.03,-187500.03,-187500.03,-187500.03,-187500.03,-187500.03,-187500.03,-187500.03,-187500.03,-138429.25,-174558.88,-187500.03,-136187.75,-187500.03,-187500.03,-182301.03
808.6191,-187500.03,-187500.03,-187500.03,-187500.03,-187500.03,-187500.03,-187500.03,-187500.03,-187500.03,-147347.38,-181695.66,-187500.03,-143135.64,-187500.03,-187500.03,-187500.03
808.6414,-187500.03,-187500.03,-187500.03,-187500.03,-187500.03,-187500.03,-187500.03,-187500.03,-187500.03,-147011.81,-180850.77,-187500.03,-143980.52,-187500.03,-187500.03,-187500.03
808.66376,-187500.03,-187500.03,-187500.03,-187500.03,-187500.03,-187500.03,-187500.03,-187500.03,-187500.03,-138318.31,-173916.3,-187500.03,-137222.84,-187500.03,-187500.03,-183853.83
808.68616,-187500.03,-187500.03,-187500.03,-187500.03,-187500.03,-187500.03,-187500.03,-187500.03,-187500.03,-137483.55,-173717.36,-187500.03,-135581.16,-187500.03,-187500.03,-181540.92
808.7085,-187500.03,-187500.03,-187500.03,-187500.03,-187500.03,-187500.03,-187500.03,-187500.03,-187500.03,-145942.75,-180640.33,-187500.03,-141930.81,-187500.03,-187500.03,-187500.03
808.73083,-187500.03,-187500.03,-187500.03,-187500.03,-187500.03,-187500.03,-187500.03,-187500.03,-187500.03,-148188.45,-181864.55,-187500.03,-144724.53,-187500.03,-187500.03,-187500.03
808.7532,-187500.03,-187500.03,-187500.03,-187500.03,-187500.03,-187500.03,-187500.03,-187500.03,-187500.03,-139474.56,-174789.0,-187500.03,-138240.89,-187500.03,-187500.03,-185162.5
808.7755,-187500.03,-187500.03,-187500.03,-187500.03,-187500.03,-187500.03,-187500.03,-187500.03,-187500.03,-136847.95,-173116.23,-187500.03,-135239.89,-187500.03,-187500.03,-181126.88
808.7979,-187500.03,-187500.03,-187500.03,-187500.03,-187500.03,-187500.03,-187500.03,-187500.03,-187500.03,-144332.78,-179391.89,-187500.03,-140611.02,-187500.03,-187500.03,-187500.03
808.82025,-187500.03,-187500.03,-187500.03,-187500.03,-187500.03,-187500.03,-187500.03,-187500.03,-187500.03,-148966.92,-182579.36,-187500.03,-145132.84,-187500.03,-187500.03,-187500.03
808.8426,-187500.03,-187500.03,-187500.03,-187500.03,-187500.03,-187500.03,-187500.03,-187500.03,-187500.03,-140869.8,-175871.11,-187500.03,-139405.9,-187500.03,-187500.03,-186616.11
808.8649,-187500.03,-187500.03,-187500.03,-187500.03,-187500.03,-187500.03,-187500.03,-187500.03,-187500.03,-136543.0,-172783.73,-187500.03,-135175.58,-187500.03,-187500.03,-181074.95
808.8873,-187500.03,-187500.03,-187500.03,-187500.03,-187500.03,-187500.03,-187500.03,-187500.03,-187500.03,-142675.69,-178077.62,-187500.03,-139305.89,-187500.03,-187500.03,-186175.22
808.90967,-187500.03,-187500.03,-187500.03,-187500.03,-187500.03,-187500.03,-187500.03,-187500.03,-187500.03,-149262.28,-182916.72,-187500.03,-145156.02,-187500.03,-187500.03,-187500.03
808.932,-187500.03,-187500.03,-187500.03,-187500.03,-187500.03,-187500.03,-187500.03,-187500.03,-187500.03,-142414.52,-177085.11,-187500.03,-140633.62,-187500.03,-187500.03,-187500.03
808.95435,-187500.03,-187500.03,-187500.03,-187500.03,-187500.03,-187500.03,-187500.03,-187500.03,-187500.03,-136557.16,-172705.56,-187500.03,-135360.2,-187500.03,-187500.03,-181352.5
808.9767,-187500.03,-187500.03,-187500.03,-187500.03,-187500.03,-187500.03,-187500.03,-187500.03,-187500.03,-141078.47,-176780.38,-187500.03,-138083.72,-187500.03,-187500.03,-184682.88
808.9991,-187500.03,-187500.03,-187500.03,-187500.03,-187500.03,-187500.03,-187500.03,-187500.03,-187500.03,-149073.25,-182877.33,-187500.03,-144803.53,-187500.03,-187500.03,-187500.03
809.0214,-187500.03,-187500.03,-187500.03,-187500.03,-187500.03,-187500.03,-187500.03,-187500.03,-187500.03,-144040.88,-178394.73,-187500.03,-141870.64,-187500.03,-187500.03,-187500.03
809.04376,-187500.03,-187500.03,-187500.03,-187500.03,-187500.03,-187500.03,-187500.03,-187500.03,-187500.03,-136871.06,-172884.52,-187500.03,-135782.23,-187500.03,-187500.03,-181940.58
809.0661,-187500.03,-187500.03,-187500.03,-187500.03,-187500.03,-187500.03,-187500.03,-187500.03,-187500.03,-139629.94,-175580.83,-187500.03,-137024.36,-187500.03,-187500.03,-183362.56
809.08844,-187500.03,-187500.03,-187500.03,-187500.03,-187500.03,-187500.03,-187500.03,-187500.03,-187500.03,-148407.14,-182453.23,-187500.03,-144105.44,-187500.03,-187500.03,-187500.03
809.11084,-187500.03,-187500.03,-187500.03,-187500.03,-187500.03,-187500.03,-187500.03,-187500.03,-187500.03,-145640.06,-179705.81,-187500.03,-143035.86,-187500.03,-187500.03,-187500.03
809.1332,-187500.03,-187500.03,-187500.03,-187500.03,-187500.03,-187500.03,-187500.03,-187500.03,-187500.03,-137487.53,-173312.02,-187500.03,-136430.62,-187500.03,-187500.03,-182819.84
809.1555,-187500.03,-187500.03,-187500.03,-187500.03,-187500.03,-187500.03,-187500.03,-187500.03,-187500.03,-138406.02,-174537.0,-187500.03,-136172.53,-187500.03,-187500.03,-182294.69
809.17786,-187500.03,-187500.03,-187500.03,-187500.03,-187500.03,-187500.03,-187500.03,-187500.03,-187500.03,-147316.16,-181673.6,-187500.03,-143103.39,-187500.03,-187500.03,-187500.03
809.2002,-187500.03,-187500.03,-187500.03,-187500.03,-187500.03,-187500.03,-187500.03,-187500.03,-187500.03,-147096.53,-180923.53,-187500.03,-144037.3,-187500.03,-187500.03,-187500.03
809.2226,-187500.03,-187500.03,-187500.03,-187500.03,-187500.03,-187500.03,-187500.03,-187500.03,-187500.03,-138391.12,-173975.62,-187500.03,-137283.69,-187500.03,-187500.03,-183942.22
809.24493,-187500.03,-187500.03,-187500.03,-187500.03,-187500.03,-187500.03,-187500.03,-187500.03,-187500.03,-137472.53,-173709.33,-187500.03,-135578.69,-187500.03,-187500.03,-181546.52
809.2673,-187500.03,-187500.03,-187500.03,-187500.03,-187500.03,-187500.03,-187500.03,-187500.03,-187500.03,-145905.67,-180615.89,-187500.03,-141896.4,-187500.03,-187500.03,-187500.03
809.2896,-187500.03,-187500.03,-187500.03,-187500.03,-187500.03,-187500.03,-187500.03,-187500.03,-187500.03,-148259.8,-181927.08,-187500.03,-144768.83,-187500.03,-187500.03,-187500.03
809.312,-187500.03,-187500.03,-187500.03,-187500.03,-187500.03,-187500.03,-187500.03,-187500.03,-187500.03,-139561.6,-174860.56,-187500.03,-138308.7,-187500.03,-187500.03,-185255.11
809.33435,-187500.03,-187500.03,-187500.03,-187500.03,-187500.03,-187500.03,-187500.03,-187500.03,-187500.03,-136858.44,-173124.6,-187500.03,-135250.2,-187500.03,-187500.03,-181147.53
809.3567,-187500.03,-187500.03,-187500.03,-187500.03,-187500.03,-187500.03,-187500.03,-187500.03,-187500.03,-144314.56,-179380.53,-187500.03,-140591.3,-187500.03,-187500.03,-187500.03
809.379,-187500.03,-187500.03,-187500.03,-187500.03,-187500.03,-187500.03,-187500.03,-187500.03,-187500.03,-149013.66,-182621.22,-187500.03,-145158.72,-187500.03,-187500.03,-187500.03
809.40137,-187500.03,-187500.03,-187500.03,-187500.03,-187500.03,-187500.03,-187500.03,-187500.03,-187500.03,-140946.58,-175933.31,-187500.03,-139463.02,-187500.03,-187500.03,-186680.0
809.42377,-187500.03,-187500.03,-187500.03,-187500.03,-187500.03,-187500.03,-187500.03,-187500.03,-187500.03,-136574.47,-172806.95,-187500.03,-135200.55,-187500.03,-187500.03,-181101.81
809.4461,-187500.03,-187500.03,-187500.03,-187500.03,-187500.03,-187500.03,-187500.03,-187500.03,-187500.03,-142664.0,-178069.58,-187500.03,-139291.81,-187500.03,-187500.03,-186149.4
809.46844,-187500.03,-187500.03,-187500.03,-187500.03,-187500.03,-187500.03,-187500.03,-187500.03,-187500.03,-149299.84,-182952.77,-187500.03,-145175.08,-187500.03,-187500.03,-187500.03
809.4908,-187500.03,-187500.03,-187500.03,-187500.03,-187500.03,-187500.03,-187500.03,-187500.03,-187500.03,-142491.64,-177150.56,-187500.03,-140690.08,-187500.03,-187500.03,-187500.03
809.5131,-187500.03,-187500.03,-187500.03,-187500.03,-187500.03,-187500.03,-187500.03,-187500.03,-187500.03,-136591.36,-172736.1,-187500.03,-135391.11,-187500.03,-187500.03,-181382.86
809.5355,-187500.03,-187500.03,-187500.03,-187500.03,-187500.03,-187500.03,-187500.03,-187500.03,-187500.03,-141052.84,-176763.97,-187500.03,-138064.7,-187500.03,-187500.03,-184647.05
809.55786,-187500.03,-187500.03,-187500.03,-187500.03,-187500.03,-187500.03,-187500.03,-187500.03,-187500.03,-149097.06,-182903.62,-187500.03,-144816.03,-187500.03,-187500.03,-187500.03
809.5802,-187500.03,-187500.03,-187500.03,-187500.03,-187500.03,-187500.03,-187500.03,-187500.03,-187500.03,-144140.8,-178477.89,-187500.03,-141950.28,-187500.03,-187500.03,-187500.03
809.60254,-187500.03,-187500.03,-187500.03,-187500.03,-187500.03,-187500.03,-187500.03,-187500.03,-187500.03,-136923.48,-172924.45,-187500.03,-135832.1,-187500.03,-187500.03,-181994.61
809.6249,-187500.03,-187500.03,-187500.03,-187500.03,-187500.03,-187500.03,-187500.03,-187500.03,-187500.03,-139602.83,-175557.64,-187500.03,-137006.83,-187500.03,-187500.03,-183331.61
809.6473,-187500.03,-187500.03,-187500.03,-187500.03,-187500.03,-187500.03,-187500.03,-187500.03,-187500.03,-148410.47,-182461.16,-187500.03,-144100.39,-187500.03,-187500.03,-187500.03
809.6696,-187500.03,-187500.03,-187500.03,-187500.03,-187500.03,-187500.03,-187500.03,-187500.03,-187500.03,-145754.98,-179799.56,-187500.03,-143121.38,-187500.03,-187500.03,-187500.03
809.69196,-187500.03,-187500.03,-187500.03,-187500.03,-187500.03,-187500.03,-187500.03,-187500.03,-187500.03,-137563.05,-173371.28,-187500.03,-136498.25,-187500.03,-187500.03,-182904.47
809.7143,-187500.03,-187500.03,-187500.03,-187500.03,-187500.03,-187500.03,-187500.03,-187500.03,-187500.03,-138394.77,-174527.36,-187500.03,-136170.88,-187500.03,-187500.03,-182289.77
809.7367,-187500.03,-187500.03,-187500.03,-187500.03,-187500.03,-187500.03,-187500.03,-187500.03,-187500.03,-147305.42,-181673.02,-187500.03,-143091.23,-187500.03,-187500.03,-187500.03
809.75903,-187500.03,-187500.03,-187500.03,-187500.03,-187500.03,-187500.03,-187500.03,-187500.03,-187500.03,-147193.81,-181008.1,-187500.03,-144109.06,-187500.03,-187500.03,-187500.03
809.7814,-187500.03,-187500.03,-187500.03,-187500.03,-187500.03,-187500.03,-187500.03,-187500.03,-187500.03,-138475.3,-174046.66,-187500.03,-137358.3,-187500.03,-187500.03,-184039.17
809.8037,-187500.03,-187500.03,-187500.03,-187500.03,-187500.03,-187500.03,-187500.03,-187500.03,-187500.03,-137489.19,-173726.44,-187500.03,-135600.92,-187500.03,-187500.03,-181578.11
809.82605,-187500.03,-187500.03,-187500.03,-187500.03,-187500.03,-187500.03,-187500.03,-187500.03,-187500.03,-145903.1,-180625.36,-187500.03,-141896.39,-187500.03,-187500.03,-187500.03
809.84845,-187500.03,-187500.03,-187500.03,-187500.03,-187500.03,-187500.03,-187500.03,-187500.03,-187500.03,-148337.16,-182002.53,-187500.03,-144830.48,-187500.03,-187500.03,-187500.03
809.8708,-187500.03,-187500.03,-187500.03,-187500.03,-187500.03,-187500.03,-187500.03,-187500.03,-187500.03,-139643.06,-174935.45,-187500.03,-138383.89,-187500.03,-187500.03,-185346.5
809.8931,-187500.03,-187500.03,-187500.03,-187500.03,-187500.03,-187500.03,-187500.03,-187500.03,-187500.03,-136898.2,-173166.48,-187500.03,-135297.08,-187500.03,-187500.03,-181204.67
809.91547,-187500.03,-187500.03,-187500.03,-187500.03,-187500.03,-187500.03,-187500.03,-187500.03,-187500.03,-144318.1,-179397.84,-187500.03,-140604.3,-187500.03,-187500.03,-187500.03
809.9378,-187500.03,-187500.03,-187500.03,-187500.03,-187500.03,-187500.03,-187500.03,-187500.03,-187500.03,-149086.86,-182695.88,-187500.03,-145218.48,-187500.03,-187500.03,-187500.03
809.9602,-187500.03,-187500.03,-187500.03,-187500.03,-187500.03,-187500.03,-187500.03,-187500.03,-187500.03,-141040.23,-176021.16,-187500.03,-139545.97,-187500.03,-187500.03,-186778.83
