Tm,Oz,Po7,Po4,Po3,P4,P3,Po8,Pz,Fz,F2,F3,F4,AF3,Cz,AF4,F1
6475.837,-187500.03,-187500.03,-187500.03,-187500.03,-187500.03,-187500.03,-187500.03,-187500.03,-187500.03,-127151.37,-168033.88,-187500.03,-127790.27,-187500.03,-187500.03,-176278.31
6475.8594,-187500.03,-187500.03,-187500.03,-187500.03,-187500.03,-187500.03,-187500.03,-187500.03,-187500.03,-133804.45,-173706.61,-187500.03,-132221.56,-187500.03,-187500.03,-182214.69
6475.882,-187500.03,-187500.03,-187500.03,-187500.03,-187500.03,-187500.03,-187500.03,-187500.03,-187500.03,-139789.22,-178012.17,-187500.03,-137465.27,-187500.03,-187500.03,-187500.03
6475.904,-187500.03,-187500.03,-187500.03,-187500.03,-187500.03,-187500.03,-187500.03,-187500.03,-187500.03,-132421.7,-171816.67,-187500.03,-132642.14,-187500.03,-187500.03,-182202.44
6475.9263,-187500.03,-187500.03,-187500.03,-187500.03,-187500.03,-187500.03,-187500.03,-187500.03,-187500.03,-127055.62,-167869.61,-187500.03,-127885.0,-187500.03,-187500.03,-176337.56
6475.9487,-187500.03,-187500.03,-187500.03,-187500.03,-187500.03,-187500.03,-187500.03,-187500.03,-187500.03,-132175.61,-172396.66,-187500.03,-131012.2,-187500.03,-187500.03,-180641.98
6475.971,-187500.03,-187500.03,-187500.03,-187500.03,-187500.03,-187500.03,-187500.03,-187500.03,-187500.03,-139769.95,-178105.83,-187500.03,-137260.22,-187500.03,-187500.03,-187500.03
6475.9937,-187500.03,-187500.03,-187500.03,-187500.03,-187500.03,-187500.03,-187500.03,-187500.03,-187500.03,-134037.11,-173101.9,-187500.03,-133851.28,-187500.03,-187500.03,-183762.55
6476.0156,-187500.03,-187500.03,-187500.03,-187500.03,-187500.03,-187500.03,-187500.03,-187500.03,-187500.03,-127263.99,-167956.84,-187500.03,-128214.375,-187500.03,-187500.03,-176695.2
6476.038,-187500.03,-187500.03,-187500.03,-187500.03,-187500.03,-187500.03,-187500.03,-187500.03,-187500.03,-130636.23,-171134.95,-187500.03,-129906.91,-187500.03,-187500.03,-179193.6
6476.0605,-187500.03,-187500.03,-187500.03,-187500.03,-187500.03,-187500.03,-187500.03,-187500.03,-187500.03,-139240.84,-177799.88,-187500.03,-136674.7,-187500.03,-187500.03,-187500.03
6476.083,-187500.03,-187500.03,-187500.03,-187500.03,-187500.03,-187500.03,-187500.03,-187500.03,-187500.03,-135677.95,-174434.78,-187500.03,-135015.58,-187500.03,-187500.03,-185301.64
6476.105,-187500.03,-187500.03,-187500.03,-187500.03,-187500.03,-187500.03,-187500.03,-187500.03,-187500.03,-127778.02,-168296.84,-187500.03,-128764.69,-187500.03,-187500.03,-177348.5
6476.1274,-187500.03,-187500.03,-187500.03,-187500.03,-187500.03,-187500.03,-187500.03,-187500.03,-187500.03,-129309.12,-170014.89,-187500.03,-129000.766,-187500.03,-187500.03,-177989.83
6476.15,-187500.03,-187500.03,-187500.03,-187500.03,-187500.03,-187500.03,-187500.03,-187500.03,-187500.03,-138266.75,-177122.12,-187500.03,-135789.38,-187500.03,-187500.03,-186755.52
6476.1724,-187500.03,-187500.03,-187500.03,-187500.03,-187500.03,-187500.03,-187500.03,-187500.03,-187500.03,-137201.75,-175695.06,-187500.03,-136046.97,-187500.03,-187500.03,-186681.25
6476.195,-187500.03,-187500.03,-187500.03,-187500.03,-187500.03,-187500.03,-187500.03,-187500.03,-187500.03,-128585.25,-168875.55,-187500.03,-129519.18,-187500.03,-187500.03,-178267.11
6476.217,-187500.03,-187500.03,-187500.03,-187500.03,-187500.03,-187500.03,-187500.03,-187500.03,-187500.03,-128270.836,-169105.5,-187500.03,-128337.81,-187500.03,-187500.03,-177095.53
6476.2393,-187500.03,-187500.03,-187500.03,-187500.03,-187500.03,-187500.03,-187500.03,-187500.03,-187500.03,-136936.36,-176138.83,-187500.03,-134673.31,-187500.03,-187500.03,-185359.33
6476.2617,-187500.03,-187500.03,-187500.03,-187500.03,-187500.03,-187500.03,-187500.03,-187500.03,-187500.03,-138466.95,-176772.33,-187500.03,-136841.66,-187500.03,-187500.03,-187500.03
6476.284,-187500.03,-187500.03,-187500.03,-187500.03,-187500.03,-187500.03,-187500.03,-187500.03,-187500.03,-129671.27,-169687.55,-187500.03,-130456.36,-187500.03,-187500.03,-179434.0
6476.306,-187500.03,-187500.03,-187500.03,-187500.03,-187500.03,-187500.03,-187500.03,-187500.03,-187500.03,-127542.766,-168433.52,-187500.03,-127933.875,-187500.03,-187500.03,-176524.4
6476.3286,-187500.03,-187500.03,-187500.03,-187500.03,-187500.03,-187500.03,-187500.03,-187500.03,-187500.03,-135365.55,-174932.62,-187500.03,-133420.72,-187500.03,-187500.03,-183764.84
6476.351,-187500.03,-187500.03,-187500.03,-187500.03,-187500.03,-187500.03,-187500.03,-187500.03,-187500.03,-139362.6,-177572.86,-187500.03,-137329.81,-187500.03,-187500.03,-187500.03
6476.3735,-187500.03,-187500.03,-187500.03,-187500.03,-187500.03,-187500.03,-187500.03,-187500.03,-187500.03,-131001.055,-170706.55,-187500.03,-131539.75,-187500.03,-187500.03,-180801.75
6476.396,-187500.03,-187500.03,-187500.03,-187500.03,-187500.03,-187500.03,-187500.03,-187500.03,-187500.03,-127135.19,-168017.48,-187500.03,-127786.17,-187500.03,-187500.03,-176278.27
6476.418,-187500.03,-187500.03,-187500.03,-187500.03,-187500.03,-187500.03,-187500.03,-187500.03,-187500.03,-133690.52,-173618.77,-187500.03,-132132.28,-187500.03,-187500.03,-182108.66
6476.4404,-187500.03,-187500.03,-187500.03,-187500.03,-187500.03,-187500.03,-187500.03,-187500.03,-187500.03,-139807.19,-178036.92,-187500.03,-137464.25,-187500.03,-187500.03,-187500.03
6476.463,-187500.03,-187500.03,-187500.03,-187500.03,-187500.03,-187500.03,-187500.03,-187500.03,-187500.03,-132527.9,-171903.67,-187500.03,-132724.56,-187500.03,-187500.03,-182312.28
6476.4854,-187500.03,-187500.03,-187500.03,-187500.03,-187500.03,-187500.03,-187500.03,-187500.03,-187500.03,-127056.06,-167866.67,-187500.03,-127898.5,-187500.03,-187500.03,-176352.05
6476.5073,-187500.03,-187500.03,-187500.03,-187500.03,-187500.03,-187500.03,-187500.03,-187500.03,-187500.03,-132045.2,-172292.98,-187500.03,-130915.49,-187500.03,-187500.03,-180518.3
6476.53,-187500.03,-187500.03,-187500.03,-187500.03,-187500.03,-187500.03,-187500.03,-187500.03,-187500.03,-139749.39,-178101.44,-187500.03,-137226.42,-187500.03,-187500.03,-187500.03
6476.5522,-187500.03,-187500.03,-187500.03,-187500.03,-187500.03,-187500.03,-187500.03,-187500.03,-187500.03,-134164.23,-173206.02,-187500.03,-133939.88,-187500.03,-187500.03,-183885.33
6476.5747,-187500.03,-187500.03,-187500.03,-187500.03,-187500.03,-187500.03,-187500.03,-187500.03,-187500.03,-127293.21,-167976.77,-187500.03,-128247.234,-187500.03,-187500.03,-176736.45
6476.597,-187500.03,-187500.03,-187500.03,-187500.03,-187500.03,-187500.03,-187500.03,-187500.03,-187500.03,-130530.25,-171047.27,-187500.03,-129833.33,-187500.03,-187500.03,-179094.61
6476.619,-187500.03,-187500.03,-187500.03,-187500.03,-187500.03,-187500.03,-187500.03,-187500.03,-187500.03,-139193.5,-177769.28,-187500.03,-136628.84,-187500.03,-187500.03,-187500.03
6476.6416,-187500.03,-187500.03,-187500.03,-187500.03,-187500.03,-187500.03,-187500.03,-187500.03,-187500.03,-135804.89,-174535.34,-187500.03,-135107.72,-187500.03,-187500.03,-185416.98
6476.664,-187500.03,-187500.03,-187500.03,-187500.03,-187500.03,-187500.03,-187500.03,-187500.03,-187500.03,-127831.33,-168330.81,-187500.03,-128818.11,-187500.03,-187500.03,-177407.3
6476.6865,-187500.03,-187500.03,-187500.03,-187500.03,-187500.03,-187500.03,-187500.03,-187500.03,-187500.03,-129226.1,-169939.2,-187500.03,-128945.07,-187500.03,-187500.03,-177912.53
6476.7085,-187500.03,-187500.03,-187500.03,-187500.03,-187500.03,-187500.03,-187500.03,-187500.03,-187500.03,-138183.48,-177058.6,-187500.03,-135715.34,-187500.03,-187500.03,-186662.08
6476.731,-187500.03,-187500.03,-187500.03,-187500.03,-187500.03,-187500.03,-187500.03,-187500.03,-187500.03,-137311.6,-175782.75,-187500.03,-136119.69,-187500.03,-187500.03,-186777.98
6476.7534,-187500.03,-187500.03,-187500.03,-187500.03,-187500.03,-187500.03,-187500.03,-187500.03,-187500.03,-128659.81,-168927.61,-187500.03,-129586.91,-187500.03,-187500.03,-178349.64
6476.776,-187500.03,-187500.03,-187500.03,-187500.03,-187500.03,-187500.03,-187500.03,-187500.03,-187500.03,-128209.5,-169046.94,-187500.03,-128303.83,-187500.03,-187500.03,-177045.36
6476.798,-187500.03,-187500.03,-187500.03,-187500.03,-187500.03,-187500.03,-187500.03,-187500.03,-187500.03,-136826.72,-176053.17,-187500.03,-134586.31,-187500.03,-187500.03,-185246.27
6476.8203,-187500.03,-187500.03,-187500.03,-187500.03,-187500.03,-187500.03,-187500.03,-187500.03,-187500.03,-138554.02,-176846.1,-187500.03,-136896.2,-187500.03,-187500.03,-187500.03
6476.843,-187500.03,-187500.03,-187500.03,-187500.03,-187500.03,-187500.03,-187500.03,-187500.03,-187500.03,-129764.96,-169759.2,-187500.03,-130536.45,-187500.03,-187500.03,-179534.38
6476.865,-187500.03,-187500.03,-187500.03,-187500.03,-187500.03,-187500.03,-187500.03,-187500.03,-187500.03,-127504.81,-168398.11,-187500.03,-127916.78,-187500.03,-187500.03,-176500.66
6476.8877,-187500.03,-187500.03,-187500.03,-187500.03,-187500.03,-187500.03,-187500.03,-187500.03,-187500.03,-135240.42,-174837.55,-187500.03,-133322.83,-187500.03,-187500.03,-183643.55
6476.9097,-187500.03,-187500.03,-187500.03,-187500.03,-187500.03,-187500.03,-187500.03,-187500.03,-187500.03,-139414.27,-177624.89,-187500.03,-137355.4,-187500.03,-187500.03,-187500.03
6476.932,-187500.03,-187500.03,-187500.03,-187500.03,-187500.03,-187500.03,-187500.03,-187500.03,-187500.03,-131108.5,-170792.64,-187500.03,-131626.1,-187500.03,-187500.03,-180911.55
6476.9546,-187500.03,-187500.03,-187500.03,-187500.03,-187500.03,-187500.03,-187500.03,-187500.03,-187500.03,-127123.67,-168004.48,-187500.03,-127790.6,-187500.03,-187500.03,-176280.1
6476.977,-187500.03,-187500.03,-187500.03,-187500.03,-187500.03,-187500.03,-187500.03,-187500.03,-187500.03,-133577.0,-173529.97,-187500.03,-132047.7,-187500.03,-187500.03,-182001.06
6476.999,-187500.03,-187500.03,-187500.03,-187500.03,-187500.03,-187500.03,-187500.03,-187500.03,-187500.03,-139817.03,-178053.47,-187500.03,-137457.14,-187500.03,-187500.03,-187500.03
6477.0215,-187500.03,-187500.03,-187500.03,-187500.03,-187500.03,-187500.03,-187500.03,-187500.03,-187500.03,-132636.81,-171989.95,-187500.03,-132804.31,-187500.03,-187500.03,-182423.06
6477.044,-187500.03,-187500.03,-187500.03,-187500.03,-187500.03,-187500.03,-187500.03,-187500.03,-187500.03,-127060.5,-167867.16,-187500.03,-127910.586,-187500.03,-187500.03,-176374.36
6477.0664,-187500.03,-187500.03,-187500.03,-187500.03,-187500.03,-187500.03,-187500.03,-187500.03,-187500.03,-131931.53,-172204.47,-187500.03,-130829.055,-187500.03,-187500.03,-180416.86
6477.089,-187500.03,-187500.03,-187500.03,-187500.03,-187500.03,-187500.03,-187500.03,-187500.03,-187500.03,-139716.77,-178086.92,-187500.03,-137184.9,-187500.03,-187500.03,-187500.03
6477.111,-187500.03,-187500.03,-187500.03,-187500.03,-187500.03,-187500.03,-187500.03,-187500.03,-187500.03,-134278.0,-173299.8,-187500.03,-134020.3,-187500.03,-187500.03,-183997.03
6477.1333,-187500.03,-187500.03,-187500.03,-187500.03,-187500.03,-187500.03,-187500.03,-187500.03,-187500.03,-127313.39,-167988.05,-187500.03,-128272.86,-187500.03,-187500.03,-176770.98
6477.156,-187500.03,-187500.03,-187500.03,-187500.03,-187500.03,-187500.03,-187500.03,-187500.03,-187500.03,-130420.445,-170955.52,-187500.03,-129753.35,-187500.03,-187500.03,-178997.38
6477.178,-187500.03,-187500.03,-187500.03,-187500.03,-187500.03,-187500.03,-187500.03,-187500.03,-187500.03,-139121.55,-177719.05,-187500.03,-136558.38,-187500.03,-187500.03,-187500.03
6477.2,-187500.03,-187500.03,-187500.03,-187500.03,-187500.03,-187500.03,-187500.03,-187500.03,-187500.03,-135906.97,-174621.05,-187500.03,-135172.88,-187500.03,-187500.03,-185514.44
6477.2227,-187500.03,-187500.03,-187500.03,-187500.03,-187500.03,-187500.03,-187500.03,-187500.03,-187500.03,-127865.21,-168357.02,-187500.03,-128851.266,-187500.03,-187500.03,-177456.33
6477.245,-187500.03,-187500.03,-187500.03,-187500.03,-187500.03,-187500.03,-187500.03,-187500.03,-187500.03,-129135.95,-169866.75,-187500.03,-128881.37,-187500.03,-187500.03,-177837.08
6477.2676,-187500.03,-187500.03,-187500.03,-187500.03,-187500.03,-187500.03,-187500.03,-187500.03,-187500.03,-138090.45,-176993.83,-187500.03,-135635.56,-187500.03,-187500.03,-186568.9
6477.29,-187500.03,-187500.03,-187500.03,-187500.03,-187500.03,-187500.03,-187500.03,-187500.03,-187500.03,-137401.77,-175860.62,-187500.03,-136176.02,-187500.03,-187500.03,-186862.3
6477.312,-187500.03,-187500.03,-187500.03,-187500.03,-187500.03,-187500.03,-187500.03,-187500.03,-187500.03,-128713.99,-168967.98,-187500.03,-129634.695,-187500.03,-187500.03,-178414.78
6477.3345,-187500.03,-187500.03,-187500.03,-187500.03,-187500.03,-187500.03,-187500.03,-187500.03,-187500.03,-128134.94,-168984.83,-187500.03,-128253.4,-187500.03,-187500.03,-176984.94
6477.357,-187500.03,-187500.03,-187500.03,-187500.03,-187500.03,-187500.03,-187500.03,-187500.03,-187500.03,-136715.56,-175972.48,-187500.03,-134492.14,-187500.03,-187500.03,-185134.38
6477.3794,-187500.03,-187500.03,-187500.03,-187500.03,-187500.03,-187500.03,-187500.03,-187500.03,-187500.03,-138621.53,-176907.33,-187500.03,-136929.23,-187500.03,-187500.03,-187500.03
6477.4014,-187500.03,-187500.03,-187500.03,-187500.03,-187500.03,-187500.03,-187500.03,-187500.03,-187500.03,-129839.41,-169814.19,-187500.03,-130594.94,-187500.03,-187500.03,-179611.27
6477.424,-187500.03,-187500.03,-187500.03,-187500.03,-187500.03,-187500.03,-187500.03,-187500.03,-187500.03,-127453.086,-168348.05,-187500.03,-127884.61,-187500.03,-187500.03,-176456.45
6477.4463,-187500.03,-187500.03,-187500.03,-187500.03,-187500.03,-187500.03,-187500.03,-187500.03,-187500.03,-135124.28,-174743.95,-187500.03,-133228.89,-187500.03,-187500.03,-183520.27
6477.4688,-187500.03,-187500.03,-187500.03,-187500.03,-187500.03,-187500.03,-187500.03,-187500.03,-187500.03,-139455.2,-177660.08,-187500.03,-137368.6,-187500.03,-187500.03,-187500.03
6477.491,-187500.03,-187500.03,-187500.03,-187500.03,-187500.03,-187500.03,-187500.03,-187500.03,-187500.03,-131203.16,-170860.98,-187500.03,-131696.95,-187500.03,-187500.03,-181001.98
6477.513,-187500.03,-187500.03,-187500.03,-187500.03,-187500.03,-187500.03,-187500.03,-187500.03,-187500.03,-127096.38,-167971.81,-187500.03,-127777.484,-187500.03,-187500.03,-176259.75
6477.5356,-187500.03,-187500.03,-187500.03,-187500.03,-187500.03,-187500.03,-187500.03,-187500.03,-187500.03,-133450.67,-173424.53,-187500.03,-131947.67,-187500.03,-187500.03,-181872.6
6477.558,-187500.03,-187500.03,-187500.03,-187500.03,-187500.03,-187500.03,-187500.03,-187500.03,-187500.03,-139821.05,-178058.62,-187500.03,-137442.25,-187500.03,-187500.03,-187500.03
6477.5806,-187500.03,-187500.03,-187500.03,-187500.03,-187500.03,-187500.03,-187500.03,-187500.03,-187500.03,-132741.11,-172067.05,-187500.03,-132880.72,-187500.03,-187500.03,-182520.8
6477.6025,-187500.03,-187500.03,-187500.03,-187500.03,-187500.03,-187500.03,-187500.03,-187500.03,-187500.03,-127059.68,-167854.11,-187500.03,-127917.68,-187500.03,-187500.03,-176379.33
6477.625,-187500.03,-187500.03,-187500.03,-187500.03,-187500.03,-187500.03,-187500.03,-187500.03,-187500.03,-131840.9,-172123.33,-187500.03,-130761.086,-187500.03,-187500.03,-180328.1
6477.6475,-187500.03,-187500.03,-187500.03,-187500.03,-187500.03,-187500.03,-187500.03,-187500.03,-187500.03,-139693.34,-178066.0,-187500.03,-137153.75,-187500.03,-187500.03,-187500.03
6477.67,-187500.03,-187500.03,-187500.03,-187500.03,-187500.03,-187500.03,-187500.03,-187500.03,-187500.03,-134353.55,-173352.9,-187500.03,-134069.81,-187500.03,-187500.03,-184065.95
6477.6924,-187500.03,-187500.03,-187500.03,-187500.03,-187500.03,-187500.03,-187500.03,-187500.03,-187500.03,-127325.4,-167987.72,-187500.03,-128286.03,-187500.03,-187500.03,-176792.11
6477.7144,-187500.03,-187500.03,-187500.03,-187500.03,-187500.03,-187500.03,-187500.03,-187500.03,-187500.03,-130348.31,-170889.84,-187500.03,-129700.01,-187500.03,-187500.03,-178933.42
6477.737,-187500.03,-187500.03,-187500.03,-187500.03,-187500.03,-187500.03,-187500.03,-187500.03,-187500.03,-139077.6,-177682.88,-187500.03,-136516.14,-187500.03,-187500.03,-187500.03
6477.7593,-187500.03,-187500.03,-187500.03,-187500.03,-187500.03,-187500.03,-187500.03,-187500.03,-187500.03,-135974.94,-174669.92,-187500.03,-135216.23,-187500.03,-187500.03,-185580.17
6477.7817,-187500.03,-187500.03,-187500.03,-187500.03,-187500.03,-187500.03,-187500.03,-187500.03,-187500.03,-127896.31,-168369.69,-187500.03,-128877.74,-187500.03,-187500.03,-177496.02
6477.8037,-187500.03,-187500.03,-187500.03,-187500.03,-187500.03,-187500.03,-187500.03,-187500.03,-187500.03,-129075.19,-169805.9,-187500.03,-128837.63,-187500.03,-187500.03,-177787.14
6477.826,-187500.03,-187500.03,-187500.03,-187500.03,-187500.03,-187500.03,-187500.03,-187500.03,-187500.03,-138025.36,-176937.58,-187500.03,-135574.42,-187500.03,-187500.03,-186505.58
6477.8486,-187500.03,-187500.03,-187500.03,-187500.03,-187500.03,-187500.03,-187500.03,-187500.03,-187500.03,-137457.89,-175900.77,-187500.03,-136204.94,-187500.03,-187500.03,-186916.48
6477.871,-187500.03,-187500.03,-187500.03,-187500.03,-187500.03,-187500.03,-187500.03,-187500.03,-187500.03,-128757.79,-168993.97,-187500.03,-129669.96,-187500.03,-187500.03,-178467.92
6477.8936,-187500.03,-187500.03,-187500.03,-187500.03,-187500.03,-187500.03,-187500.03,-187500.03,-187500.03,-128087.92,-168935.34,-187500.03,-128221.57,-187500.03,-187500.03,-176948.48
6477.9155,-187500.03,-187500.03,-187500.03,-187500.03,-187500.03,-187500.03,-187500.03,-187500.03,-187500.03,-136637.42,-175903.02,-187500.03,-134426.83,-187500.03,-187500.03,-185055.92
6477.938,-187500.03,-187500.03,-187500.03,-187500.03,-187500.03,-187500.03,-187500.03,-187500.03,-187500.03,-138664.6,-176935.89,-187500.03,-136951.72,-187500.03,-187500.03,-187500.03
6477.9604,-187500.03,-187500.03,-187500.03,-187500.03,-187500.03,-187500.03,-187500.03,-187500.03,-187500.03,-129891.07,-169844.56,-187500.03,-130634.63,-187500.03,-187500.03,-179666.56
6477.983,-187500.03,-187500.03,-187500.03,-187500.03,-187500.03,-187500.03,-187500.03,-187500.03,-187500.03,-127417.71,-168308.97,-187500.03,-127861.055,-187500.03,-187500.03,-176431.53
6478.005,-187500.03,-187500.03,-187500.03,-187500.03,-187500.03,-187500.03,-187500.03,-187500.03,-187500.03,-135031.22,-174666.78,-187500.03,-133151.22,-187500.03,-187500.03,-183430.95
6478.0273,-187500.03,-187500.03,-187500.03,-187500.03,-187500.03,-187500.03,-187500.03,-187500.03,-187500.03,-139470.06,-177674.05,-187500.03,-137364.02,-187500.03,-187500.03,-187500.03
6478.05,-187500.03,-187500.03,-187500.03,-187500.03,-187500.03,-187500.03,-187500.03,-187500.03,-187500.03,-131264.9,-170907.67,-187500.03,-131740.88,-187500.03,-187500.03,-181063.86
6478.0723,-187500.03,-187500.03,-187500.03,-187500.03,-187500.03,-187500.03,-187500.03,-187500.03,-187500.03,-127076.91,-167949.95,-187500.03,-127767.516,-187500.03,-187500.03,-176247.53
6478.0947,-187500.03,-187500.03,-187500.03,-187500.03,-187500.03,-187500.03,-187500.03,-187500.03,-187500.03,-133355.02,-173344.83,-187500.03,-131872.42,-187500.03,-187500.03,-181777.42
6478.1167,-187500.03,-187500.03,-187500.03,-187500.03,-187500.03,-187500.03,-187500.03,-187500.03,-187500.03,-139818.64,-178058.48,-187500.03,-137425.89,-187500.03,-187500.03,-187500.03
6478.139,-187500.03,-187500.03,-187500.03,-187500.03,-187500.03,-187500.03,-187500.03,-187500.03,-187500.03,-132817.42,-172125.36,-187500.03,-132932.97,-187500.03,-187500.03,-182590.53
6478.1616,-187500.03,-187500.03,-187500.03,-187500.03,-187500.03,-187500.03,-187500.03,-187500.03,-187500.03,-127055.39,-167845.56,-187500.03,-127918.19,-187500.03,-187500.03,-176379.5
6478.184,-187500.03,-187500.03,-187500.03,-187500.03,-187500.03,-187500.03,-187500.03,-187500.03,-187500.03,-131720.27,-172026.34,-187500.03,-130665.78,-187500.03,-187500.03,-180206.61
6478.206,-187500.03,-187500.03,-187500.03,-187500.03,-187500.03,-187500.03,-187500.03,-187500.03,-187500.03,-139659.53,-178047.52,-187500.03,-137109.27,-187500.03,-187500.03,-187500.03
6478.2285,-187500.03,-187500.03,-187500.03,-187500.03,-187500.03,-187500.03,-187500.03,-187500.03,-187500.03,-134465.67,-173442.48,-187500.03,-134145.6,-187500.03,-187500.03,-184165.86
6478.251,-187500.03,-187500.03,-187500.03,-187500.03,-187500.03,-187500.03,-187500.03,-187500.03,-187500.03,-127354.234,-168001.12,-187500.03,-128313.766,-187500.03,-187500.03,-176823.78
6478.2734,-187500.03,-187500.03,-187500.03,-187500.03,-187500.03,-187500.03,-187500.03,-187500.03,-187500.03,-130239.71,-170795.3,-187500.03,-129618.125,-187500.03,-187500.03,-178826.58
6478.296,-187500.03,-187500.03,-187500.03,-187500.03,-187500.03,-187500.03,-187500.03,-187500.03,-187500.03,-139013.64,-177637.52,-187500.03,-136448.23,-187500.03,-187500.03,-187500.03
6478.318,-187500.03,-187500.03,-187500.03,-187500.03,-187500.03,-187500.03,-187500.03,-187500.03,-187500.03,-136093.67,-174766.28,-187500.03,-135289.2,-187500.03,-187500.03,-185680.55
6478.3403,-187500.03,-187500.03,-187500.03,-187500.03,-187500.03,-187500.03,-187500.03,-187500.03,-187500.03,-127955.27,-168411.92,-187500.03,-128925.96,-187500.03,-187500.03,-177556.92
6478.363,-187500.03,-187500.03,-187500.03,-187500.03,-187500.03,-187500.03,-187500.03,-187500.03,-187500.03,-128994.11,-169734.83,-187500.03,-128779.96,-187500.03,-187500.03,-177711.8
6478.3853,-187500.03,-187500.03,-187500.03,-187500.03,-187500.03,-187500.03,-187500.03,-187500.03,-187500.03,-137936.02,-176871.11,-187500.03,-135495.47,-187500.03,-187500.03,-186402.48
6478.407,-187500.03,-187500.03,-187500.03,-187500.03,-187500.03,-187500.03,-187500.03,-187500.03,-187500.03,-137563.08,-175987.5,-187500.03,-136271.39,-187500.03,-187500.03,-186999.28
6478.4297,-187500.03,-187500.03,-187500.03,-187500.03,-187500.03,-187500.03,-187500.03,-187500.03,-187500.03,-128839.24,-169054.0,-187500.03,-129736.125,-187500.03,-187500.03,-178546.14
6478.452,-187500.03,-187500.03,-187500.03,-187500.03,-187500.03,-187500.03,-187500.03,-187500.03,-187500.03,-128044.91,-168894.9,-187500.03,-128194.34,-187500.03,-187500.03,-176908.3
6478.4746,-187500.03,-187500.03,-187500.03,-187500.03,-187500.03,-187500.03,-187500.03,-187500.03,-187500.03,-136542.72,-175831.89,-187500.03,-134344.25,-187500.03,-187500.03,-184951.72
6478.497,-187500.03,-187500.03,-187500.03,-187500.03,-187500.03,-187500.03,-187500.03,-187500.03,-187500.03,-138741.42,-177004.36,-187500.03,-136992.95,-187500.03,-187500.03,-187500.03
6478.519,-187500.03,-187500.03,-187500.03,-187500.03,-187500.03,-187500.03,-187500.03,-187500.03,-187500.03,-129986.88,-169921.08,-187500.03,-130711.88,-187500.03,-187500.03,-179762.27
6478.5415,-187500.03,-187500.03,-187500.03,-187500.03,-187500.03,-187500.03,-187500.03,-187500.03,-187500.03,-127397.33,-168289.28,-187500.03,-127857.48,-187500.03,-187500.03,-176417.77
6478.564,-187500.03,-187500.03,-187500.03,-187500.03,-187500.03,-187500.03,-187500.03,-187500.03,-187500.03,-134932.61,-174592.89,-187500.03,-133077.69,-187500.03,-187500.03,-183328.53
6478.5864,-187500.03,-187500.03,-187500.03,-187500.03,-187500.03,-187500.03,-187500.03,-187500.03,-187500.03,-139530.53,-177731.22,-187500.03,-137398.66,-187500.03,-187500.03,-187500.03
6478.6084,-187500.03,-187500.03,-187500.03,-187500.03,-187500.03,-187500.03,-187500.03,-187500.03,-187500.03,-131379.03,-170997.98,-187500.03,-131830.31,-187500.03,-187500.03,-181175.89
6478.631,-187500.03,-187500.03,-187500.03,-187500.03,-187500.03,-187500.03,-187500.03,-187500.03,-187500.03,-127081.96,-167950.25,-187500.03,-127782.77,-187500.03,-187500.03,-176263.11
6478.6533,-187500.03,-187500.03,-187500.03,-187500.03,-187500.03,-187500.03,-187500.03,-187500.03,-187500.03,-133254.88,-173267.47,-187500.03,-131798.72,-187500.03,-187500.03,-181682.62
6478.676,-187500.03,-187500.03,-187500.03,-187500.03,-187500.03,-187500.03,-187500.03,-187500.03,-187500.03,-139840.02,-178085.77,-187500.03,-137429.45,-187500.03,-187500.03,-187500.03
6478.6978,-187500.03,-187500.03,-187500.03,-187500.03,-187500.03,-187500.03,-187500.03,-187500.03,-187500.03,-132943.8,-172227.89,-187500.03,-133030.02,-187500.03,-187500.03,-182717.48
6478.72,-187500.03,-187500.03,-187500.03,-187500.03,-187500.03,-187500.03,-187500.03,-187500.03,-187500.03,-127083.8,-167864.8,-187500.03,-127953.53,-187500.03,-187500.03,-176421.66
6478.7427,-187500.03,-187500.03,-187500.03,-187500.03,-187500.03,-187500.03,-187500.03,-187500.03,-187500.03,-131635.36,-171955.75,-187500.03,-130608.305,-187500.03,-187500.03,-180132.06
6478.765,-187500.03,-187500.03,-187500.03,-187500.03,-187500.03,-187500.03,-187500.03,-187500.03,-187500.03,-139644.89,-178040.81,-187500.03,-137088.92,-187500.03,-187500.03,-187500.03
6478.7876,-187500.03,-187500.03,-187500.03,-187500.03,-187500.03,-187500.03,-187500.03,-187500.03,-187500.03,-134578.83,-173531.98,-187500.03,-134229.47,-187500.03,-187500.03,-184279.56
6478.8096,-187500.03,-187500.03,-187500.03,-187500.03,-187500.03,-187500.03,-187500.03,-187500.03,-187500.03,-127387.64,-168025.38,-187500.03,-128350.914,-187500.03,-187500.03,-176872.0
6478.832,-187500.03,-187500.03,-187500.03,-187500.03,-187500.03,-187500.03,-187500.03,-187500.03,-187500.03,-130163.016,-170733.31,-187500.03,-129566.266,-187500.03,-187500.03,-178761.27
6478.8545,-187500.03,-187500.03,-187500.03,-187500.03,-187500.03,-187500.03,-187500.03,-187500.03,-187500.03,-138964.75,-177606.7,-187500.03,-136402.55,-187500.03,-187500.03,-187500.03
6478.877,-187500.03,-187500.03,-187500.03,-187500.03,-187500.03,-187500.03,-187500.03,-187500.03,-187500.03,-136197.44,-174852.83,-187500.03,-135363.81,-187500.03,-187500.03,-185776.39
6478.899,-187500.03,-187500.03,-187500.03,-187500.03,-187500.03,-187500.03,-187500.03,-187500.03,-187500.03,-128002.09,-168445.0,-187500.03,-128972.19,-187500.03,-187500.03,-177612.17
6478.9214,-187500.03,-187500.03,-187500.03,-187500.03,-187500.03,-187500.03,-187500.03,-187500.03,-187500.03,-128926.63,-169675.05,-187500.03,-128735.75,-187500.03,-187500.03,-177650.9
6478.944,-187500.03,-187500.03,-187500.03,-187500.03,-187500.03,-187500.03,-187500.03,-187500.03,-187500.03,-137854.7,-176810.28,-187500.03,-135424.23,-187500.03,-187500.03,-186312.84
6478.9663,-187500.03,-187500.03,-187500.03,-187500.03,-187500.03,-187500.03,-187500.03,-187500.03,-187500.03,-137648.7,-176060.55,-187500.03,-136323.31,-187500.03,-187500.03,-187071.06
6478.989,-187500.03,-187500.03,-187500.03,-187500.03,-187500.03,-187500.03,-187500.03,-187500.03,-187500.03,-128903.41,-169101.81,-187500.03,-129789.19,-187500.03,-187500.03,-178612.84
6479.0107,-187500.03,-187500.03,-187500.03,-187500.03,-187500.03,-187500.03,-187500.03,-187500.03,-187500.03,-127984.555,-168839.2,-187500.03,-128154.16,-187500.03,-187500.03,-176853.83
6479.033,-187500.03,-187500.03,-187500.03,-187500.03,-187500.03,-187500.03,-187500.03,-187500.03,-187500.03,-136429.53,-175741.95,-187500.03,-134251.55,-187500.03,-187500.03,-184831.92
6479.0557,-187500.03,-187500.03,-187500.03,-187500.03,-187500.03,-187500.03,-187500.03,-187500.03,-187500.03,-138805.2,-177055.28,-187500.03,-137026.9,-187500.03,-187500.03,-187500.03
6479.078,-187500.03,-187500.03,-187500.03,-187500.03,-187500.03,-187500.03,-187500.03,-187500.03,-187500.03,-130067.484,-169974.67,-187500.03,-130776.6,-187500.03,-187500.03,-179840.6
6479.1,-187500.03,-187500.03,-187500.03,-187500.03,-187500.03,-187500.03,-187500.03,-187500.03,-187500.03,-127358.01,-168244.25,-187500.03,-127835.08,-187500.03,-187500.03,-176385.53
6479.1226,-187500.03,-187500.03,-187500.03,-187500.03,-187500.03,-187500.03,-187500.03,-187500.03,-187500.03,-134810.55,-174488.16,-187500.03,-132976.38,-187500.03,-187500.03,-183203.1
6479.145,-187500.03,-187500.03,-187500.03,-187500.03,-187500.03,-187500.03,-187500.03,-187500.03,-187500.03,-139559.19,-177751.78,-187500.03,-137399.78,-187500.03,-187500.03,-187500.03
6479.1675,-187500.03,-187500.03,-187500.03,-187500.03,-187500.03,-187500.03,-187500.03,-187500.03,-187500.03,-131473.55,-171060.69,-187500.03,-131898.62,-187500.03,-187500.03,-181265.86
6479.19,-187500.03,-187500.03,-187500.03,-187500.03,-187500.03,-187500.03,-187500.03,-187500.03,-187500.03,-127057.984,-167912.9,-187500.03,-127769.86,-187500.03,-187500.03,-176245.5
6479.212,-187500.03,-187500.03,-187500.03,-187500.03,-187500.03,-187500.03,-187500.03,-187500.03,-187500.03,-133128.69,-173154.88,-187500.03,-131699.5,-187500.03,-187500.03,-181556.97
6479.2344,-187500.03,-187500.03,-187500.03,-187500.03,-187500.03,-187500.03,-187500.03,-187500.03,-187500.03,-139830.05,-178075.17,-187500.03,-137403.73,-187500.03,-187500.03,-187500.03
6479.257,-187500.03,-187500.03,-187500.03,-187500.03,-187500.03,-187500.03,-187500.03,-187500.03,-187500.03,-133045.12,-172298.1,-187500.03,-133100.56,-187500.03,-187500.03,-182815.39
6479.2793,-187500.03,-187500.03,-187500.03,-187500.03,-187500.03,-187500.03,-187500.03,-187500.03,-187500.03,-127074.836,-167843.47,-187500.03,-127953.99,-187500.03,-187500.03,-176426.33
6479.3013,-187500.03,-187500.03,-187500.03,-187500.03,-187500.03,-187500.03,-187500.03,-187500.03,-187500.03,-131508.03,-171845.55,-187500.03,-130510.93,-187500.03,-187500.03,-180014.22
6479.3237,-187500.03,-187500.03,-187500.03,-187500.03,-187500.03,-187500.03,-187500.03,-187500.03,-187500.03,-139597.95,-178004.62,-187500.03,-137034.06,-187500.03,-187500.03,-187500.03
6479.346,-187500.03,-187500.03,-187500.03,-187500.03,-187500.03,-187500.03,-187500.03,-187500.03,-187500.03,-134696.61,-173620.27,-187500.03,-134308.48,-187500.03,-187500.03,-184393.31
6479.3687,-187500.03,-187500.03,-187500.03,-187500.03,-187500.03,-187500.03,-187500.03,-187500.03,-187500.03,-127411.29,-168031.64,-187500.03,-128378.52,-187500.03,-187500.03,-176911.53
6479.391,-187500.03,-187500.03,-187500.03,-187500.03,-187500.03,-187500.03,-187500.03,-187500.03,-187500.03,-130051.3,-170632.84,-187500.03,-129486.32,-187500.03,-187500.03,-178664.53
6479.413,-187500.03,-187500.03,-187500.03,-187500.03,-187500.03,-187500.03,-187500.03,-187500.03,-187500.03,-138886.77,-177544.25,-187500.03,-136328.73,-187500.03,-187500.03,-187445.67
6479.4355,-187500.03,-187500.03,-187500.03,-187500.03,-187500.03,-187500.03,-187500.03,-187500.03,-187500.03,-136303.33,-174933.12,-187500.03,-135431.5,-187500.03,-187500.03,-185881.81
6479.458,-187500.03,-187500.03,-187500.03,-187500.03,-187500.03,-187500.03,-187500.03,-187500.03,-187500.03,-128046.484,-168470.16,-187500.03,-129014.74,-187500.03,-187500.03,-177675.61
6479.4805,-187500.03,-187500.03,-187500.03,-187500.03,-187500.03,-187500.03,-187500.03,-187500.03,-187500.03,-128835.01,-169592.55,-187500.03,-128671.914,-187500.03,-187500.03,-177578.62
6479.5024,-187500.03,-187500.03,-187500.03,-187500.03,-187500.03,-187500.03,-187500.03,-187500.03,-187500.03,-137748.02,-176727.98,-187500.03,-135332.53,-187500.03,-187500.03,-186210.08
6479.525,-187500.03,-187500.03,-187500.03,-187500.03,-187500.03,-187500.03,-187500.03,-187500.03,-187500.03,-137733.6,-176129.0,-187500.03,-136373.62,-187500.03,-187500.03,-187152.19
6479.5474,-187500.03,-187500.03,-187500.03,-187500.03,-187500.03,-187500.03,-187500.03,-187500.03,-187500.03,-128967.13,-169143.28,-187500.03,-129844.234,-187500.03,-187500.03,-178688.66
6479.57,-187500.03,-187500.03,-187500.03,-187500.03,-187500.03,-187500.03,-187500.03,-187500.03,-187500.03,-127918.45,-168775.34,-187500.03,-128112.29,-187500.03,-187500.03,-176803.78
6479.5923,-187500.03,-187500.03,-187500.03,-187500.03,-187500.03,-187500.03,-187500.03,-187500.03,-187500.03,-136316.83,-175651.11,-187500.03,-134158.97,-187500.03,-187500.03,-184722.11
6479.6143,-187500.03,-187500.03,-187500.03,-187500.03,-187500.03,-187500.03,-187500.03,-187500.03,-187500.03,-138858.25,-177101.44,-187500.03,-137052.22,-187500.03,-187500.03,-187500.03
6479.6367,-187500.03,-187500.03,-187500.03,-187500.03,-187500.03,-187500.03,-187500.03,-187500.03,-187500.03,-130147.55,-170035.83,-187500.03,-130840.45,-187500.03,-187500.03,-179928.64
6479.659,-187500.03,-187500.03,-187500.03,-187500.03,-187500.03,-187500.03,-187500.03,-187500.03,-187500.03,-127314.9,-168204.86,-187500.03,-127810.41,-187500.03,-187500.03,-176356.92
6479.6816,-187500.03,-187500.03,-187500.03,-187500.03,-187500.03,-187500.03,-187500.03,-187500.03,-187500.03,-134694.78,-174399.23,-187500.03,-132886.52,-187500.03,-187500.03,-183090.89
6479.7036,-187500.03,-187500.03,-187500.03,-187500.03,-187500.03,-187500.03,-187500.03,-187500.03,-187500.03,-139571.92,-177767.28,-187500.03,-137396.89,-187500.03,-187500.03,-187500.03
6479.726,-187500.03,-187500.03,-187500.03,-187500.03,-187500.03,-187500.03,-187500.03,-187500.03,-187500.03,-131542.19,-171112.33,-187500.03,-131952.1,-187500.03,-187500.03,-181334.45
6479.7485,-187500.03,-187500.03,-187500.03,-187500.03,-187500.03,-187500.03,-187500.03,-187500.03,-187500.03,-127043.01,-167895.81,-187500.03,-127766.086,-187500.03,-187500.03,-176238.3
6479.771,-187500.03,-187500.03,-187500.03,-187500.03,-187500.03,-187500.03,-187500.03,-187500.03,-187500.03,-133061.31,-173100.72,-187500.03,-131647.27,-187500.03,-187500.03,-181489.89
6479.7935,-187500.03,-187500.03,-187500.03,-187500.03,-187500.03,-187500.03,-187500.03,-187500.03,-187500.03,-139818.25,-178070.86,-187500.03,-137386.5,-187500.03,-187500.03,-187500.03
6479.8154,-187500.03,-187500.03,-187500.03,-187500.03,-187500.03,-187500.03,-187500.03,-187500.03,-187500.03,-133084.78,-172330.14,-187500.03,-133127.9,-187500.03,-187500.03,-182847.66
6479.838,-187500.03,-187500.03,-187500.03,-187500.03,-187500.03,-187500.03,-187500.03,-187500.03,-187500.03,-127072.664,-167837.52,-187500.03,-127956.52,-187500.03,-187500.03,-176421.48
6479.8604,-187500.03,-187500.03,-187500.03,-187500.03,-187500.03,-187500.03,-187500.03,-187500.03,-187500.03,-131455.73,-171798.44,-187500.03,-130471.96,-187500.03,-187500.03,-179955.73
6479.883,-187500.03,-187500.03,-187500.03,-187500.03,-187500.03,-187500.03,-187500.03,-187500.03,-187500.03,-139576.39,-177988.03,-187500.03,-137012.97,-187500.03,-187500.03,-187500.03
6479.905,-187500.03,-187500.03,-187500.03,-187500.03,-187500.03,-187500.03,-187500.03,-187500.03,-187500.03,-134730.98,-173647.19,-187500.03,-134332.06,-187500.03,-187500.03,-184418.75
6479.9272,-187500.03,-187500.03,-187500.03,-187500.03,-187500.03,-187500.03,-187500.03,-187500.03,-187500.03,-127418.664,-168034.75,-187500.03,-128384.76,-187500.03,-187500.03,-176916.12
6479.9497,-187500.03,-187500.03,-187500.03,-187500.03,-187500.03,-187500.03,-187500.03,-187500.03,-187500.03,-130003.81,-170592.88,-187500.03,-129447.625,-187500.03,-187500.03,-178614.33
6479.972,-187500.03,-187500.03,-187500.03,-187500.03,-187500.03,-187500.03,-187500.03,-187500.03,-187500.03,-138848.08,-177515.97,-187500.03,-136290.81,-187500.03,-187500.03,-187399.53
6479.9946,-187500.03,-187500.03,-187500.03,-187500.03,-187500.03,-187500.03,-187500.03,-187500.03,-187500.03,-136335.48,-174957.28,-187500.03,-135449.78,-187500.03,-187500.03,-185905.33
6480.0166,-187500.03,-187500.03,-187500.03,-187500.03,-187500.03,-187500.03,-187500.03,-187500.03,-187500.03,-128060.836,-168476.92,-187500.03,-129028.336,-187500.03,-187500.03,-177688.84
6480.039,-187500.03,-187500.03,-187500.03,-187500.03,-187500.03,-187500.03,-187500.03,-187500.03,-187500.03,-128795.53,-169557.27,-187500.03,-128645.29,-187500.03,-187500.03,-177540.81
6480.0615,-187500.03,-187500.03,-187500.03,-187500.03,-187500.03,-187500.03,-187500.03,-187500.03,-187500.03,-137705.06,-176695.73,-187500.03,-135295.98,-187500.03,-187500.03,-186164.03
6480.084,-187500.03,-187500.03,-187500.03,-187500.03,-187500.03,-187500.03,-187500.03,-187500.03,-187500.03,-137760.84,-176152.92,-187500.03,-136388.23,-187500.03,-187500.03,-187175.66
6480.106,-187500.03,-187500.03,-187500.03,-187500.03,-187500.03,-187500.03,-187500.03,-187500.03,-187500.03,-128988.73,-169159.89,-187500.03,-129863.305,-187500.03,-187500.03,-178717.45
6480.1284,-187500.03,-187500.03,-187500.03,-187500.03,-187500.03,-187500.03,-187500.03,-187500.03,-187500.03,-127881.42,-168745.48,-187500.03,-128087.95,-187500.03,-187500.03,-176779.42
6480.151,-187500.03,-187500.03,-187500.03,-187500.03,-187500.03,-187500.03,-187500.03,-187500.03,-187500.03,-136249.17,-175602.64,-187500.03,-134104.08,-187500.03,-187500.03,-184660.06
6480.1733,-187500.03,-187500.03,-187500.03,-187500.03,-187500.03,-187500.03,-187500.03,-187500.03,-187500.03,-138878.0,-177121.84,-187500.03,-137057.89,-187500.03,-187500.03,-187500.03
6480.196,-187500.03,-187500.03,-187500.03,-187500.03,-187500.03,-187500.03,-187500.03,-187500.03,-187500.03,-130186.11,-170065.64,-187500.03,-130868.555,-187500.03,-187500.03,-179970.14
6480.218,-187500.03,-187500.03,-187500.03,-187500.03,-187500.03,-187500.03,-187500.03,-187500.03,-187500.03,-127292.5,-168182.86,-187500.03,-127794.695,-187500.03,-187500.03,-176340.45
6480.24,-187500.03,-187500.03,-187500.03,-187500.03,-187500.03,-187500.03,-187500.03,-187500.03,-187500.03,-134622.48,-174340.8,-187500.03,-132825.4,-187500.03,-187500.03,-183020.58
6480.2627,-187500.03,-187500.03,-187500.03,-187500.03,-187500.03,-187500.03,-187500.03,-187500.03,-187500.03,-139593.78,-177787.98,-187500.03,-137400.78,-187500.03,-187500.03,-187500.03
6480.285,-187500.03,-187500.03,-187500.03,-187500.03,-187500.03,-187500.03,-187500.03,-187500.03,-187500.03,-131611.77,-171166.67,-187500.03,-132004.47,-187500.03,-187500.03,-181408.12
6480.307,-187500.03,-187500.03,-187500.03,-187500.03,-187500.03,-187500.03,-187500.03,-187500.03,-187500.03,-127025.73,-167878.6,-187500.03,-127760.42,-187500.03,-187500.03,-176232.83
6480.3296,-187500.03,-187500.03,-187500.03,-187500.03,-187500.03,-187500.03,-187500.03,-187500.03,-187500.03,-132941.61,-173006.44,-187500.03,-131554.5,-187500.03,-187500.03,-181374.45
6480.352,-187500.03,-187500.03,-187500.03,-187500.03,-187500.03,-187500.03,-187500.03,-187500.03,-187500.03,-139817.75,-178078.11,-187500.03,-137367.95,-187500.03,-187500.03,-187500.03
6480.3745,-187500.03,-187500.03,-187500.03,-187500.03,-187500.03,-187500.03,-187500.03,-187500.03,-187500.03,-133193.89,-172416.81,-187500.03,-133205.58,-187500.03,-187500.03,-182952.67
6480.3965,-187500.03,-187500.03,-187500.03,-187500.03,-187500.03,-187500.03,-187500.03,-187500.03,-187500.03,-127080.78,-167839.45,-187500.03,-127970.8,-187500.03,-187500.03,-176440.56
6480.419,-187500.03,-187500.03,-187500.03,-187500.03,-187500.03,-187500.03,-187500.03,-187500.03,-187500.03,-131331.16,-171699.72,-187500.03,-130378.65,-187500.03,-187500.03,-179839.5
6480.4414,-187500.03,-187500.03,-187500.03,-187500.03,-187500.03,-187500.03,-187500.03,-187500.03,-187500.03,-139534.3,-177967.3,-187500.03,-136965.55,-187500.03,-187500.03,-187500.03
6480.464,-187500.03,-187500.03,-187500.03,-187500.03,-187500.03,-187500.03,-187500.03,-187500.03,-187500.03,-134846.45,-173745.03,-187500.03,-134413.88,-187500.03,-187500.03,-184526.81
6480.4863,-187500.03,-187500.03,-187500.03,-187500.03,-187500.03,-187500.03,-187500.03,-187500.03,-187500.03,-127448.75,-168056.66,-187500.03,-128420.02,-187500.03,-187500.03,-176953.58
6480.5083,-187500.03,-187500.03,-187500.03,-187500.03,-187500.03,-187500.03,-187500.03,-187500.03,-187500.03,-129898.0,-170505.25,-187500.03,-129375.516,-187500.03,-187500.03,-178511.97
6480.531,-187500.03,-187500.03,-187500.03,-187500.03,-187500.03,-187500.03,-187500.03,-187500.03,-187500.03,-138772.69,-177463.84,-187500.03,-136223.47,-187500.03,-187500.03,-187308.45
6480.553,-187500.03,-187500.03,-187500.03,-187500.03,-187500.03,-187500.03,-187500.03,-187500.03,-187500.03,-136445.19,-175049.34,-187500.03,-135524.02,-187500.03,-187500.03,-185996.44
6480.5757,-187500.03,-187500.03,-187500.03,-187500.03,-187500.03,-187500.03,-187500.03,-187500.03,-187500.03,-128116.71,-168518.48,-187500.03,-129080.07,-187500.03,-187500.03,-177743.94
6480.5977,-187500.03,-187500.03,-187500.03,-187500.03,-187500.03,-187500.03,-187500.03,-187500.03,-187500.03,-128713.13,-169486.86,-187500.03,-128590.734,-187500.03,-187500.03,-177460.14
6480.62,-187500.03,-187500.03,-187500.03,-187500.03,-187500.03,-187500.03,-187500.03,-187500.03,-187500.03,-137605.38,-176623.6,-187500.03,-135210.78,-187500.03,-187500.03,-186050.16
6480.6426,-187500.03,-187500.03,-187500.03,-187500.03,-187500.03,-187500.03,-187500.03,-187500.03,-187500.03,-137860.17,-176236.89,-187500.03,-136451.67,-187500.03,-187500.03,-187253.89
6480.665,-187500.03,-187500.03,-187500.03,-187500.03,-187500.03,-187500.03,-187500.03,-187500.03,-187500.03,-129068.34,-169216.84,-187500.03,-129932.24,-187500.03,-187500.03,-178793.53
6480.6875,-187500.03,-187500.03,-187500.03,-187500.03,-187500.03,-187500.03,-187500.03,-187500.03,-187500.03,-127828.445,-168692.39,-187500.03,-128058.64,-187500.03,-187500.03,-176727.36
6480.7095,-187500.03,-187500.03,-187500.03,-187500.03,-187500.03,-187500.03,-187500.03,-187500.03,-187500.03,-136134.33,-175511.52,-187500.03,-134012.16,-187500.03,-187500.03,-184534.23
6480.732,-187500.03,-187500.03,-187500.03,-187500.03,-187500.03,-187500.03,-187500.03,-187500.03,-187500.03,-138951.25,-177185.44,-187500.03,-137099.55,-187500.03,-187500.03,-187500.03
6480.7544,-187500.03,-187500.03,-187500.03,-187500.03,-187500.03,-187500.03,-187500.03,-187500.03,-187500.03,-130281.48,-170137.88,-187500.03,-130946.516,-187500.03,-187500.03,-180064.67
6480.777,-187500.03,-187500.03,-187500.03,-187500.03,-187500.03,-187500.03,-187500.03,-187500.03,-187500.03,-127262.77,-168152.05,-187500.03,-127784.375,-187500.03,-187500.03,-176320.86
6480.799,-187500.03,-187500.03,-187500.03,-187500.03,-187500.03,-187500.03,-187500.03,-187500.03,-187500.03,-134493.62,-174238.92,-187500.03,-132727.92,-187500.03,-187500.03,-182893.0
6480.8213,-187500.03,-187500.03,-187500.03,-187500.03,-187500.03,-187500.03,-187500.03,-187500.03,-187500.03,-139612.02,-177810.25,-187500.03,-137401.62,-187500.03,-187500.03,-187500.03
6480.8438,-187500.03,-187500.03,-187500.03,-187500.03,-187500.03,-187500.03,-187500.03,-187500.03,-187500.03,-131707.19,-171241.39,-187500.03,-132078.1,-187500.03,-187500.03,-181501.55
6480.866,-187500.03,-187500.03,-187500.03,-187500.03,-187500.03,-187500.03,-187500.03,-187500.03,-187500.03,-127021.7,-167868.55,-187500.03,-127766.55,-187500.03,-187500.03,-176237.62
6480.8887,-187500.03,-187500.03,-187500.03,-187500.03,-187500.03,-187500.03,-187500.03,-187500.03,-187500.03,-132834.0,-172919.11,-187500.03,-131474.17,-187500.03,-187500.03,-181271.95
6480.9106,-187500.03,-187500.03,-187500.03,-187500.03,-187500.03,-187500.03,-187500.03,-187500.03,-187500.03,-139803.36,-178072.92,-187500.03,-137344.58,-187500.03,-187500.03,-187500.03
6480.933,-187500.03,-187500.03,-187500.03,-187500.03,-187500.03,-187500.03,-187500.03,-187500.03,-187500.03,-133290.83,-172491.38,-187500.03,-133276.97,-187500.03,-187500.03,-183046.23
6480.9556,-187500.03,-187500.03,-187500.03,-187500.03,-187500.03,-187500.03,-187500.03,-187500.03,-187500.03,-127095.05,-167841.86,-187500.03,-127991.98,-187500.03,-187500.03,-176463.06
6480.978,-187500.03,-187500.03,-187500.03,-187500.03,-187500.03,-187500.03,-187500.03,-187500.03,-187500.03,-131235.22,-171617.02,-187500.03,-130310.266,-187500.03,-187500.03,-179747.73
6481.0,-187500.03,-187500.03,-187500.03,-187500.03,-187500.03,-187500.03,-187500.03,-187500.03,-187500.03,-139488.88,-177934.73,-187500.03,-136918.3,-187500.03,-187500.03,-187500.03
6481.0225,-187500.03,-187500.03,-187500.03,-187500.03,-187500.03,-187500.03,-187500.03,-187500.03,-187500.03,-134947.17,-173823.4,-187500.03,-134481.38,-187500.03,-187500.03,-184615.6
6481.045,-187500.03,-187500.03,-187500.03,-187500.03,-187500.03,-187500.03,-187500.03,-187500.03,-187500.03,-127484.1,-168076.9,-187500.03,-128454.08,-187500.03,-187500.03,-176993.73
6481.0674,-187500.03,-187500.03,-187500.03,-187500.03,-187500.03,-187500.03,-187500.03,-187500.03,-187500.03,-129817.91,-170434.12,-187500.03,-129319.13,-187500.03,-187500.03,-178439.31
6481.09,-187500.03,-187500.03,-187500.03,-187500.03,-187500.03,-187500.03,-187500.03,-187500.03,-187500.03,-138703.12,-177411.89,-187500.03,-136160.83,-187500.03,-187500.03,-187233.86
6481.112,-187500.03,-187500.03,-187500.03,-187500.03,-187500.03,-187500.03,-187500.03,-187500.03,-187500.03,-136536.55,-175122.86,-187500.03,-135583.61,-187500.03,-187500.03,-186079.31
6481.1343,-187500.03,-187500.03,-187500.03,-187500.03,-187500.03,-187500.03,-187500.03,-187500.03,-187500.03,-128167.45,-168551.62,-187500.03,-129125.805,-187500.03,-187500.03,-177800.89
6481.1567,-187500.03,-187500.03,-187500.03,-187500.03,-187500.03,-187500.03,-187500.03,-187500.03,-187500.03,-128654.9,-169432.36,-187500.03,-128553.195,-187500.03,-187500.03,-177409.69
6481.179,-187500.03,-187500.03,-187500.03,-187500.03,-187500.03,-187500.03,-187500.03,-187500.03,-187500.03,-137520.61,-176555.78,-187500.03,-135138.2,-187500.03,-187500.03,-185960.48
6481.201,-187500.03,-187500.03,-187500.03,-187500.03,-187500.03,-187500.03,-187500.03,-187500.03,-187500.03,-137935.5,-176297.25,-187500.03,-136496.05,-187500.03,-187500.03,-187316.22
6481.2236,-187500.03,-187500.03,-187500.03,-187500.03,-187500.03,-187500.03,-187500.03,-187500.03,-187500.03,-129136.516,-169264.78,-187500.03,-129988.23,-187500.03,-187500.03,-178862.17
6481.246,-187500.03,-187500.03,-187500.03,-187500.03,-187500.03,-187500.03,-187500.03,-187500.03,-187500.03,-127790.16,-168655.78,-187500.03,-128036.56,-187500.03,-187500.03,-176694.28
6481.2686,-187500.03,-187500.03,-187500.03,-187500.03,-187500.03,-187500.03,-187500.03,-187500.03,-187500.03,-136049.61,-175447.1,-187500.03,-133943.34,-187500.03,-187500.03,-184446.44
6481.291,-187500.03,-187500.03,-187500.03,-187500.03,-187500.03,-187500.03,-187500.03,-187500.03,-187500.03,-139000.72,-177230.2,-187500.03,-137125.48,-187500.03,-187500.03,-187500.03
6481.313,-187500.03,-187500.03,-187500.03,-187500.03,-187500.03,-187500.03,-187500.03,-187500.03,-187500.03,-130358.76,-170194.83,-187500.03,-131008.92,-187500.03,-187500.03,-180140.23
6481.3354,-187500.03,-187500.03,-187500.03,-187500.03,-187500.03,-187500.03,-187500.03,-187500.03,-187500.03,-127240.555,-168126.88,-187500.03,-127777.46,-187500.03,-187500.03,-176304.28
6481.358,-187500.03,-187500.03,-187500.03,-187500.03,-187500.03,-187500.03,-187500.03,-187500.03,-187500.03,-134404.25,-174167.4,-187500.03,-132660.38,-187500.03,-187500.03,-182802.05
6481.3804,-187500.03,-187500.03,-187500.03,-187500.03,-187500.03,-187500.03,-187500.03,-187500.03,-187500.03,-139641.12,-177839.8,-187500.03,-137413.11,-187500.03,-187500.03,-187500.03
6481.4023,-187500.03,-187500.03,-187500.03,-187500.03,-187500.03,-187500.03,-187500.03,-187500.03,-187500.03,-131806.97,-171319.58,-187500.03,-132157.05,-187500.03,-187500.03,-181598.72
6481.425,-187500.03,-187500.03,-187500.03,-187500.03,-187500.03,-187500.03,-187500.03,-187500.03,-187500.03,-127016.01,-167860.64,-187500.03,-127776.07,-187500.03,-187500.03,-176240.62
6481.4473,-187500.03,-187500.03,-187500.03,-187500.03,-187500.03,-187500.03,-187500.03,-187500.03,-187500.03,-132728.67,-172837.38,-187500.03,-131398.22,-187500.03,-187500.03,-181168.16
6481.4697,-187500.03,-187500.03,-187500.03,-187500.03,-187500.03,-187500.03,-187500.03,-187500.03,-187500.03,-139801.8,-178083.55,-187500.03,-137334.52,-187500.03,-187500.03,-187500.03
6481.492,-187500.03,-187500.03,-187500.03,-187500.03,-187500.03,-187500.03,-187500.03,-187500.03,-187500.03,-133412.78,-172592.36,-187500.03,-133373.22,-187500.03,-187500.03,-183162.95
6481.514,-187500.03,-187500.03,-187500.03,-187500.03,-187500.03,-187500.03,-187500.03,-187500.03,-187500.03,-127112.79,-167853.58,-187500.03,-128021.79,-187500.03,-187500.03,-176491.22
6481.5366,-187500.03,-187500.03,-187500.03,-187500.03,-187500.03,-187500.03,-187500.03,-187500.03,-187500.03,-131141.25,-171543.34,-187500.03,-130246.51,-187500.03,-187500.03,-179661.11
6481.559,-187500.03,-187500.03,-187500.03,-187500.03,-187500.03,-187500.03,-187500.03,-187500.03,-187500.03,-139463.8,-177926.11,-187500.03,-136891.02,-187500.03,-187500.03,-187500.03
6481.5815,-187500.03,-187500.03,-187500.03,-187500.03,-187500.03,-187500.03,-187500.03,-187500.03,-187500.03,-135066.61,-173924.7,-187500.03,-134570.33,-187500.03,-187500.03,-184731.56
6481.6035,-187500.03,-187500.03,-187500.03,-187500.03,-187500.03,-187500.03,-187500.03,-187500.03,-187500.03,-127526.805,-168110.17,-187500.03,-128501.66,-187500.03,-187500.03,-177047.81
6481.626,-187500.03,-187500.03,-187500.03,-187500.03,-187500.03,-187500.03,-187500.03,-187500.03,-187500.03,-129737.44,-170369.72,-187500.03,-129269.164,-187500.03,-187500.03,-178368.4
6481.6484,-187500.03,-187500.03,-187500.03,-187500.03,-187500.03,-187500.03,-187500.03,-187500.03,-187500.03,-138645.27,-177375.56,-187500.03,-136110.48,-187500.03,-187500.03,-187170.16
6481.671,-187500.03,-187500.03,-187500.03,-187500.03,-187500.03,-187500.03,-187500.03,-187500.03,-187500.03,-136646.66,-175218.38,-187500.03,-135661.45,-187500.03,-187500.03,-186181.56
6481.6934,-187500.03,-187500.03,-187500.03,-187500.03,-187500.03,-187500.03,-187500.03,-187500.03,-187500.03,-128234.016,-168604.81,-187500.03,-129187.75,-187500.03,-187500.03,-177875.9
6481.7153,-187500.03,-187500.03,-187500.03,-187500.03,-187500.03,-187500.03,-187500.03,-187500.03,-187500.03,-128591.41,-169381.17,-187500.03,-128515.54,-187500.03,-187500.03,-177357.17
6481.738,-187500.03,-187500.03,-187500.03,-187500.03,-187500.03,-187500.03,-187500.03,-187500.03,-187500.03,-137435.9,-176499.6,-187500.03,-135069.75,-187500.03,-187500.03,-185872.88
6481.7603,-187500.03,-187500.03,-187500.03,-187500.03,-187500.03,-187500.03,-187500.03,-187500.03,-187500.03,-138021.62,-176376.23,-187500.03,-136552.47,-187500.03,-187500.03,-187391.38
6481.7827,-187500.03,-187500.03,-187500.03,-187500.03,-187500.03,-187500.03,-187500.03,-187500.03,-187500.03,-129223.51,-169334.83,-187500.03,-130064.79,-187500.03,-187500.03,-178954.88
6481.8047,-187500.03,-187500.03,-187500.03,-187500.03,-187500.03,-187500.03,-187500.03,-187500.03,-187500.03,-127751.53,-168621.31,-187500.03,-128022.016,-187500.03,-187500.03,-176667.12
6481.827,-187500.03,-187500.03,-187500.03,-187500.03,-187500.03,-187500.03,-187500.03,-187500.03,-187500.03,-135946.34,-175370.02,-187500.03,-133864.86,-187500.03,-187500.03,-184341.7
6481.8496,-187500.03,-187500.03,-187500.03,-187500.03,-187500.03,-187500.03,-187500.03,-187500.03,-187500.03,-139065.12,-177290.02,-187500.03,-137164.69,-187500.03,-187500.03,-187500.03
6481.872,-187500.03,-187500.03,-187500.03,-187500.03,-187500.03,-187500.03,-187500.03,-187500.03,-187500.03,-130461.04,-170277.4,-187500.03,-131093.9,-187500.03,-187500.03,-180244.3
6481.8945,-187500.03,-187500.03,-187500.03,-187500.03,-187500.03,-187500.03,-187500.03,-187500.03,-187500.03,-127233.86,-168120.27,-187500.03,-127786.35,-187500.03,-187500.03,-176308.02
6481.9165,-187500.03,-187500.03,-187500.03,-187500.03,-187500.03,-187500.03,-187500.03,-187500.03,-187500.03,-134331.78,-174115.52,-187500.03,-132611.47,-187500.03,-187500.03,-182733.8
6481.939,-187500.03,-187500.03,-187500.03,-187500.03,-187500.03,-187500.03,-187500.03,-187500.03,-187500.03,-139677.33,-177877.92,-187500.03,-137437.03,-187500.03,-187500.03,-187500.03
6481.9614,-187500.03,-187500.03,-187500.03,-187500.03,-187500.03,-187500.03,-187500.03,-187500.03,-187500.03,-131894.97,-171392.88,-187500.03,-132230.98,-187500.03,-187500.03,-181688.23
6481.984,-187500.03,-187500.03,-187500.03,-187500.03,-187500.03,-187500.03,-187500.03,-187500.03,-187500.03,-127028.23,-167869.3,-187500.03,-127798.9,-187500.03,-187500.03,-176261.98
6482.006,-187500.03,-187500.03,-187500.03,-187500.03,-187500.03,-187500.03,-187500.03,-187500.03,-187500.03,-132662.61,-172786.34,-187500.03,-131355.61,-187500.03,-187500.03,-181107.0
6482.0283,-187500.03,-187500.03,-187500.03,-187500.03,-187500.03,-187500.03,-187500.03,-187500.03,-187500.03,-139803.48,-178091.22,-187500.03,-137331.36,-187500.03,-187500.03,-187500.03
6482.051,-187500.03,-187500.03,-187500.03,-187500.03,-187500.03,-187500.03,-187500.03,-187500.03,-187500.03,-133491.98,-172659.47,-187500.03,-133436.9,-187500.03,-187500.03,-183245.25
6482.073,-187500.03,-187500.03,-187500.03,-187500.03,-187500.03,-187500.03,-187500.03,-187500.03,-187500.03,-127136.84,-167875.25,-187500.03,-128053.62,-187500.03,-187500.03,-176528.23
6482.095,-187500.03,-187500.03,-187500.03,-187500.03,-187500.03,-187500.03,-187500.03,-187500.03,-187500.03,-131074.52,-171493.73,-187500.03,-130205.52,-187500.03,-187500.03,-179604.03
6482.1177,-187500.03,-187500.03,-187500.03,-187500.03,-187500.03,-187500.03,-187500.03,-187500.03,-187500.03,-139436.38,-177914.12,-187500.03,-136867.38,-187500.03,-187500.03,-187500.03
6482.14,-187500.03,-187500.03,-187500.03,-187500.03,-187500.03,-187500.03,-187500.03,-187500.03,-187500.03,-135146.78,-173992.61,-187500.03,-134631.47,-187500.03,-187500.03,-184808.48
6482.1626,-187500.03,-187500.03,-187500.03,-187500.03,-187500.03,-187500.03,-187500.03,-187500.03,-187500.03,-127556.92,-168133.0,-187500.03,-128534.54,-187500.03,-187500.03,-177085.77
6482.185,-187500.03,-187500.03,-187500.03,-187500.03,-187500.03,-187500.03,-187500.03,-187500.03,-187500.03,-129678.516,-170322.47,-187500.03,-129232.29,-187500.03,-187500.03,-178316.9
6482.207,-187500.03,-187500.03,-187500.03,-187500.03,-187500.03,-187500.03,-187500.03,-187500.03,-187500.03,-138599.12,-177348.52,-187500.03,-136073.52,-187500.03,-187500.03,-187119.94
6482.2295,-187500.03,-187500.03,-187500.03,-187500.03,-187500.03,-187500.03,-187500.03,-187500.03,-187500.03,-136718.94,-175283.81,-187500.03,-135716.48,-187500.03,-187500.03,-186248.53
6482.252,-187500.03,-187500.03,-187500.03,-187500.03,-187500.03,-187500.03,-187500.03,-187500.03,-187500.03,-128269.82,-168634.95,-187500.03,-129226.97,-187500.03,-187500.03,-177916.95
6482.2744,-187500.03,-187500.03,-187500.03,-187500.03,-187500.03,-187500.03,-187500.03,-187500.03,-187500.03,-128542.41,-169341.17,-187500.03,-128489.67,-187500.03,-187500.03,-177314.1
6482.2964,-187500.03,-187500.03,-187500.03,-187500.03,-187500.03,-187500.03,-187500.03,-187500.03,-187500.03,-137375.42,-176457.95,-187500.03,-135026.11,-187500.03,-187500.03,-185808.81
6482.319,-187500.03,-187500.03,-187500.03,-187500.03,-187500.03,-187500.03,-187500.03,-187500.03,-187500.03,-138079.05,-176428.33,-187500.03,-136596.19,-187500.03,-187500.03,-187441.89
6482.3413,-187500.03,-187500.03,-187500.03,-187500.03,-187500.03,-187500.03,-187500.03,-187500.03,-187500.03,-129266.22,-169372.0,-187500.03,-130108.38,-187500.03,-187500.03,-179003.34
6482.364,-187500.03,-187500.03,-187500.03,-187500.03,-187500.03,-187500.03,-187500.03,-187500.03,-187500.03,-127722.46,-168601.1,-187500.03,-128010.836,-187500.03,-187500.03,-176646.67
6482.386,-187500.03,-187500.03,-187500.03,-187500.03,-187500.03,-187500.03,-187500.03,-187500.03,-187500.03,-135885.94,-175330.73,-187500.03,-133821.08,-187500.03,-187500.03,-184282.81
6482.408,-187500.03,-187500.03,-187500.03,-187500.03,-187500.03,-187500.03,-187500.03,-187500.03,-187500.03,-139099.02,-177326.95,-187500.03,-137188.34,-187500.03,-187500.03,-187500.03
6482.4307,-187500.03,-187500.03,-187500.03,-187500.03,-187500.03,-187500.03,-187500.03,-187500.03,-187500.03,-130507.53,-170318.11,-187500.03,-131139.06,-187500.03,-187500.03,-180293.84
6482.453,-187500.03,-187500.03,-187500.03,-187500.03,-187500.03,-187500.03,-187500.03,-187500.03,-187500.03,-127214.984,-168104.12,-187500.03,-127784.82,-187500.03,-187500.03,-176296.53
6482.4756,-187500.03,-187500.03,-187500.03,-187500.03,-187500.03,-187500.03,-187500.03,-187500.03,-187500.03,-134243.36,-174048.62,-187500.03,-132548.22,-187500.03,-187500.03,-182645.47
6482.4976,-187500.03,-187500.03,-187500.03,-187500.03,-187500.03,-187500.03,-187500.03,-187500.03,-187500.03,-139698.16,-177905.33,-187500.03,-137446.9,-187500.03,-187500.03,-187500.03
6482.52,-187500.03,-187500.03,-187500.03,-187500.03,-187500.03,-187500.03,-187500.03,-187500.03,-187500.03,-131977.08,-171464.06,-187500.03,-132299.58,-187500.03,-187500.03,-181771.55
6482.5425,-187500.03,-187500.03,-187500.03,-187500.03,-187500.03,-187500.03,-187500.03,-187500.03,-187500.03,-127025.35,-167868.83,-187500.03,-127812.445,-187500.03,-187500.03,-176272.17
6482.565,-187500.03,-187500.03,-187500.03,-187500.03,-187500.03,-187500.03,-187500.03,-187500.03,-187500.03,-132568.84,-172715.66,-187500.03,-131293.66,-187500.03,-187500.03,-181021.66
6482.5874,-187500.03,-187500.03,-187500.03,-187500.03,-187500.03,-187500.03,-187500.03,-187500.03,-187500.03,-139802.42,-178101.19,-187500.03,-137327.36,-187500.03,-187500.03,-187500.03
6482.6094,-187500.03,-187500.03,-187500.03,-187500.03,-187500.03,-187500.03,-187500.03,-187500.03,-187500.03,-133584.11,-172736.1,-187500.03,-133512.05,-187500.03,-187500.03,-183335.92
6482.632,-187500.03,-187500.03,-187500.03,-187500.03,-187500.03,-187500.03,-187500.03,-187500.03,-187500.03,-127150.79,-167886.8,-187500.03,-128080.98,-187500.03,-187500.03,-176552.45
6482.6543,-187500.03,-187500.03,-187500.03,-187500.03,-187500.03,-187500.03,-187500.03,-187500.03,-187500.03,-130992.17,-171430.89,-187500.03,-130153.49,-187500.03,-187500.03,-179529.22
6482.677,-187500.03,-187500.03,-187500.03,-187500.03,-187500.03,-187500.03,-187500.03,-187500.03,-187500.03,-139401.52,-177897.98,-187500.03,-136836.42,-187500.03,-187500.03,-187500.03
6482.6987,-187500.03,-187500.03,-187500.03,-187500.03,-187500.03,-187500.03,-187500.03,-187500.03,-187500.03,-135233.42,-174069.0,-187500.03,-134697.47,-187500.03,-187500.03,-184893.42
6482.721,-187500.03,-187500.03,-187500.03,-187500.03,-187500.03,-187500.03,-187500.03,-187500.03,-187500.03,-127586.125,-168159.12,-187500.03,-128570.5,-187500.03,-187500.03,-177128.34
6482.7437,-187500.03,-187500.03,-187500.03,-187500.03,-187500.03,-187500.03,-187500.03,-187500.03,-187500.03,-129608.69,-170270.06,-187500.03,-129192.35,-187500.03,-187500.03,-178260.64
6482.766,-187500.03,-187500.03,-187500.03,-187500.03,-187500.03,-187500.03,-187500.03,-187500.03,-187500.03,-138540.84,-177313.94,-187500.03,-136029.84,-187500.03,-187500.03,-187061.4
6482.7886,-187500.03,-187500.03,-187500.03,-187500.03,-187500.03,-187500.03,-187500.03,-187500.03,-187500.03,-136802.11,-175357.8,-187500.03,-135778.94,-187500.03,-187500.03,-186328.62
6482.8105,-187500.03,-187500.03,-187500.03,-187500.03,-187500.03,-187500.03,-187500.03,-187500.03,-187500.03,-128319.78,-168676.25,-187500.03,-129279.31,-187500.03,-187500.03,-177980.64
6482.833,-187500.03,-187500.03,-187500.03,-187500.03,-187500.03,-187500.03,-187500.03,-187500.03,-187500.03,-128489.44,-169299.25,-187500.03,-128463.1,-187500.03,-187500.03,-177277.73
6482.8555,-187500.03,-187500.03,-187500.03,-187500.03,-187500.03,-187500.03,-187500.03,-187500.03,-187500.03,-137290.94,-176399.95,-187500.03,-134962.64,-187500.03,-187500.03,-185731.06
6482.878,-187500.03,-187500.03,-187500.03,-187500.03,-187500.03,-187500.03,-187500.03,-187500.03,-187500.03,-138148.34,-176494.7,-187500.03,-136645.33,-187500.03,-187500.03,-187500.03
6482.9,-187500.03,-187500.03,-187500.03,-187500.03,-187500.03,-187500.03,-187500.03,-187500.03,-187500.03,-129330.86,-169427.89,-187500.03,-130171.59,-187500.03,-187500.03,-179081.66
6482.9224,-187500.03,-187500.03,-187500.03,-187500.03,-187500.03,-187500.03,-187500.03,-187500.03,-187500.03,-127676.68,-168566.27,-187500.03,-127993.69,-187500.03,-187500.03,-176618.5
6482.945,-187500.03,-187500.03,-187500.03,-187500.03,-187500.03,-187500.03,-187500.03,-187500.03,-187500.03,-135774.47,-175250.61,-187500.03,-133741.64,-187500.03,-187500.03,-184176.75
6482.9673,-187500.03,-187500.03,-187500.03,-187500.03,-187500.03,-187500.03,-187500.03,-187500.03,-187500.03,-139141.83,-177372.02,-187500.03,-137214.12,-187500.03,-187500.03,-187500.03
6482.9897,-187500.03,-187500.03,-187500.03,-187500.03,-187500.03,-187500.03,-187500.03,-187500.03,-187500.03,-130587.164,-170385.27,-187500.03,-131207.5,-187500.03,-187500.03,-180380.61
6483.0117,-187500.03,-187500.03,-187500.03,-187500.03,-187500.03,-187500.03,-187500.03,-187500.03,-187500.03,-127191.914,-168090.22,-187500.03,-127782.914,-187500.03,-187500.03,-176289.2
6483.034,-187500.03,-187500.03,-187500.03,-187500.03,-187500.03,-187500.03,-187500.03,-187500.03,-187500.03,-134149.2,-173985.9,-187500.03,-132484.19,-187500.03,-187500.03,-182558.34
6483.0566,-187500.03,-187500.03,-187500.03,-187500.03,-187500.03,-187500.03,-187500.03,-187500.03,-187500.03,-139705.86,-177928.22,-187500.03,-137449.28,-187500.03,-187500.03,-187500.03
6483.079,-187500.03,-187500.03,-187500.03,-187500.03,-187500.03,-187500.03,-187500.03,-187500.03,-187500.03,-132046.27,-171527.72,-187500.03,-132357.47,-187500.03,-187500.03,-181840.17
6483.101,-187500.03,-187500.03,-187500.03,-187500.03,-187500.03,-187500.03,-187500.03,-187500.03,-187500.03,-127020.48,-167869.34,-187500.03,-127821.0,-187500.03,-187500.03,-176273.88
6483.1235,-187500.03,-187500.03,-187500.03,-187500.03,-187500.03,-187500.03,-187500.03,-187500.03,-187500.03,-132488.62,-172658.67,-187500.03,-131238.03,-187500.03,-187500.03,-180943.25
6483.146,-187500.03,-187500.03,-187500.03,-187500.03,-187500.03,-187500.03,-187500.03,-187500.03,-187500.03,-139786.23,-178101.48,-187500.03,-137308.14,-187500.03,-187500.03,-187500.03
6483.1685,-187500.03,-187500.03,-187500.03,-187500.03,-187500.03,-187500.03,-187500.03,-187500.03,-187500.03,-133659.36,-172805.56,-187500.03,-133569.73,-187500.03,-187500.03,-183407.31
6483.191,-187500.03,-187500.03,-187500.03,-187500.03,-187500.03,-187500.03,-187500.03,-187500.03,-187500.03,-127158.94,-167898.36,-187500.03,-128096.984,-187500.03,-187500.03,-176568.48
6483.213,-187500.03,-187500.03,-187500.03,-187500.03,-187500.03,-187500.03,-187500.03,-187500.03,-187500.03,-130915.06,-171375.86,-187500.03,-130101.71,-187500.03,-187500.03,-179457.03
6483.2354,-187500.03,-187500.03,-187500.03,-187500.03,-187500.03,-187500.03,-187500.03,-187500.03,-187500.03,-139363.92,-177881.28,-187500.03,-136805.33,-187500.03,-187500.03,-187500.03
6483.258,-187500.03,-187500.03,-187500.03,-187500.03,-187500.03,-187500.03,-187500.03,-187500.03,-187500.03,-135307.31,-174136.9,-187500.03,-134756.33,-187500.03,-187500.03,-184961.64
6483.2803,-187500.03,-187500.03,-187500.03,-187500.03,-187500.03,-187500.03,-187500.03,-187500.03,-187500.03,-127608.97,-168180.27,-187500.03,-128603.0,-187500.03,-187500.03,-177157.84
6483.3022,-187500.03,-187500.03,-187500.03,-187500.03,-187500.03,-187500.03,-187500.03,-187500.03,-187500.03,-129542.734,-170221.69,-187500.03,-129152.48,-187500.03,-187500.03,-178201.8
6483.3247,-187500.03,-187500.03,-187500.03,-187500.03,-187500.03,-187500.03,-187500.03,-187500.03,-187500.03,-138480.7,-177278.33,-187500.03,-135980.64,-187500.03,-187500.03,-186997.8
6483.347,-187500.03,-187500.03,-187500.03,-187500.03,-187500.03,-187500.03,-187500.03,-187500.03,-187500.03,-136853.38,-175409.84,-187500.03,-135811.19,-187500.03,-187500.03,-186372.98
6483.3696,-187500.03,-187500.03,-187500.03,-187500.03,-187500.03,-187500.03,-187500.03,-187500.03,-187500.03,-128350.85,-168708.36,-187500.03,-129309.36,-187500.03,-187500.03,-178017.1
6483.392,-187500.03,-187500.03,-187500.03,-187500.03,-187500.03,-187500.03,-187500.03,-187500.03,-187500.03,-128454.086,-169277.28,-187500.03,-128445.77,-187500.03,-187500.03,-177250.66
6483.414,-187500.03,-187500.03,-187500.03,-187500.03,-187500.03,-187500.03,-187500.03,-187500.03,-187500.03,-137242.78,-176370.97,-187500.03,-134927.52,-187500.03,-187500.03,-185681.42
6483.4365,-187500.03,-187500.03,-187500.03,-187500.03,-187500.03,-187500.03,-187500.03,-187500.03,-187500.03,-138190.52,-176537.7,-187500.03,-136674.73,-187500.03,-187500.03,-187500.03
6483.459,-187500.03,-187500.03,-187500.03,-187500.03,-187500.03,-187500.03,-187500.03,-187500.03,-187500.03,-129377.53,-169470.73,-187500.03,-130213.38,-187500.03,-187500.03,-179131.6
6483.4814,-187500.03,-187500.03,-187500.03,-187500.03,-187500.03,-187500.03,-187500.03,-187500.03,-187500.03,-127654.95,-168554.08,-187500.03,-127983.984,-187500.03,-187500.03,-176604.98
6483.5034,-187500.03,-187500.03,-187500.03,-187500.03,-187500.03,-187500.03,-187500.03,-187500.03,-187500.03,-135718.03,-175216.33,-187500.03,-133699.33,-187500.03,-187500.03,-184124.06
6483.526,-187500.03,-187500.03,-187500.03,-187500.03,-187500.03,-187500.03,-187500.03,-187500.03,-187500.03,-139179.02,-177415.3,-187500.03,-137240.2,-187500.03,-187500.03,-187500.03
6483.5483,-187500.03,-187500.03,-187500.03,-187500.03,-187500.03,-187500.03,-187500.03,-187500.03,-187500.03,-130655.375,-170449.28,-187500.03,-131269.88,-187500.03,-187500.03,-180458.92
6483.571,-187500.03,-187500.03,-187500.03,-187500.03,-187500.03,-187500.03,-187500.03,-187500.03,-187500.03,-127172.96,-168079.83,-187500.03,-127783.0,-187500.03,-187500.03,-176285.72
6483.5933,-187500.03,-187500.03,-187500.03,-187500.03,-187500.03,-187500.03,-187500.03,-187500.03,-187500.03,-134058.64,-173920.23,-187500.03,-132418.08,-187500.03,-187500.03,-182474.2
6483.615,-187500.03,-187500.03,-187500.03,-187500.03,-187500.03,-187500.03,-187500.03,-187500.03,-187500.03,-139729.95,-177956.97,-187500.03,-137456.9,-187500.03,-187500.03,-187500.03
6483.6377,-187500.03,-187500.03,-187500.03,-187500.03,-187500.03,-187500.03,-187500.03,-187500.03,-187500.03,-132148.97,-171612.81,-187500.03,-132438.33,-187500.03,-187500.03,-181949.02
6483.66,-187500.03,-187500.03,-187500.03,-187500.03,-187500.03,-187500.03,-187500.03,-187500.03,-187500.03,-127019.914,-167868.14,-187500.03,-127832.92,-187500.03,-187500.03,-176290.02
6483.6826,-187500.03,-187500.03,-187500.03,-187500.03,-187500.03,-187500.03,-187500.03,-187500.03,-187500.03,-132391.27,-172586.78,-187500.03,-131168.97,-187500.03,-187500.03,-180856.83
6483.7046,-187500.03,-187500.03,-187500.03,-187500.03,-187500.03,-187500.03,-187500.03,-187500.03,-187500.03,-139782.05,-178110.11,-187500.03,-137296.66,-187500.03,-187500.03,-187500.03
6483.727,-187500.03,-187500.03,-187500.03,-187500.03,-187500.03,-187500.03,-187500.03,-187500.03,-187500.03,-133767.84,-172896.94,-187500.03,-133652.48,-187500.03,-187500.03,-183513.97
6483.7495,-187500.03,-187500.03,-187500.03,-187500.03,-187500.03,-187500.03,-187500.03,-187500.03,-187500.03,-127181.414,-167914.89,-187500.03,-128125.92,-187500.03,-187500.03,-176600.92
6483.772,-187500.03,-187500.03,-187500.03,-187500.03,-187500.03,-187500.03,-187500.03,-187500.03,-187500.03,-130826.91,-171304.83,-187500.03,-130038.96,-187500.03,-187500.03,-179374.64
6483.7944,-187500.03,-187500.03,-187500.03,-187500.03,-187500.03,-187500.03,-187500.03,-187500.03,-187500.03,-139326.5,-177858.92,-187500.03,-136766.2,-187500.03,-187500.03,-187500.03
6483.8164,-187500.03,-187500.03,-187500.03,-187500.03,-187500.03,-187500.03,-187500.03,-187500.03,-187500.03,-135408.47,-174220.81,-187500.03,-134827.4,-187500.03,-187500.03,-185055.38
6483.839,-187500.03,-187500.03,-187500.03,-187500.03,-187500.03,-187500.03,-187500.03,-187500.03,-187500.03,-127650.234,-168213.69,-187500.03,-128645.46,-187500.03,-187500.03,-177206.94
6483.8613,-187500.03,-187500.03,-187500.03,-187500.03,-187500.03,-187500.03,-187500.03,-187500.03,-187500.03,-129465.58,-170160.53,-187500.03,-129102.5,-187500.03,-187500.03,-178130.83
6483.884,-187500.03,-187500.03,-187500.03,-187500.03,-187500.03,-187500.03,-187500.03,-187500.03,-187500.03,-138414.61,-177235.08,-187500.03,-135924.03,-187500.03,-187500.03,-186921.1
6483.906,-187500.03,-187500.03,-187500.03,-187500.03,-187500.03,-187500.03,-187500.03,-187500.03,-187500.03,-136954.22,-175497.55,-187500.03,-135885.45,-187500.03,-187500.03,-186460.62
6483.928,-187500.03,-187500.03,-187500.03,-187500.03,-187500.03,-187500.03,-187500.03,-187500.03,-187500.03,-128412.5,-168757.61,-187500.03,-129373.69,-187500.03,-187500.03,-178083.39
6483.9507,-187500.03,-187500.03,-187500.03,-187500.03,-187500.03,-187500.03,-187500.03,-187500.03,-187500.03,-128380.984,-169217.44,-187500.03,-128405.484,-187500.03,-187500.03,-177185.47
6483.973,-187500.03,-187500.03,-187500.03,-187500.03,-187500.03,-187500.03,-187500.03,-187500.03,-187500.03,-137133.88,-176295.06,-187500.03,-134842.44,-187500.03,-187500.03,-185565.75
6483.995,-187500.03,-187500.03,-187500.03,-187500.03,-187500.03,-187500.03,-187500.03,-187500.03,-187500.03,-138259.34,-176603.83,-187500.03,-136718.14,-187500.03,-187500.03,-187500.03
6484.0176,-187500.03,-187500.03,-187500.03,-187500.03,-187500.03,-187500.03,-187500.03,-187500.03,-187500.03,-129446.086,-169528.52,-187500.03,-130275.58,-187500.03,-187500.03,-179201.6
6484.04,-187500.03,-187500.03,-187500.03,-187500.03,-187500.03,-187500.03,-187500.03,-187500.03,-187500.03,-127615.63,-168522.25,-187500.03,-127969.59,-187500.03,-187500.03,-176572.55
6484.0625,-187500.03,-187500.03,-187500.03,-187500.03,-187500.03,-187500.03,-187500.03,-187500.03,-187500.03,-135630.1,-175149.67,-187500.03,-133635.39,-187500.03,-187500.03,-184030.33
6484.085,-187500.03,-187500.03,-187500.03,-187500.03,-187500.03,-187500.03,-187500.03,-187500.03,-187500.03,-139213.84,-177447.69,-187500.03,-137259.73,-187500.03,-187500.03,-187500.03
6484.107,-187500.03,-187500.03,-187500.03,-187500.03,-187500.03,-187500.03,-187500.03,-187500.03,-187500.03,-130717.43,-170497.78,-187500.03,-131320.3,-187500.03,-187500.03,-180514.89
6484.1294,-187500.03,-187500.03,-187500.03,-187500.03,-187500.03,-187500.03,-187500.03,-187500.03,-187500.03,-127158.54,-168066.1,-187500.03,-127779.695,-187500.03,-187500.03,-176273.7
6484.152,-187500.03,-187500.03,-187500.03,-187500.03,-187500.03,-187500.03,-187500.03,-187500.03,-187500.03,-133976.67,-173858.55,-187500.03,-132356.78,-187500.03,-187500.03,-182390.66
6484.1743,-187500.03,-187500.03,-187500.03,-187500.03,-187500.03,-187500.03,-187500.03,-187500.03,-187500.03,-139744.44,-177976.75,-187500.03,-137462.81,-187500.03,-187500.03,-187500.03
6484.1963,-187500.03,-187500.03,-187500.03,-187500.03,-187500.03,-187500.03,-187500.03,-187500.03,-187500.03,-132212.77,-171664.78,-187500.03,-132492.95,-187500.03,-187500.03,-182008.94
6484.2188,-187500.03,-187500.03,-187500.03,-187500.03,-187500.03,-187500.03,-187500.03,-187500.03,-187500.03,-127016.01,-167862.45,-187500.03,-127844.02,-187500.03,-187500.03,-176292.66
6484.241,-187500.03,-187500.03,-187500.03,-187500.03,-187500.03,-187500.03,-187500.03,-187500.03,-187500.03,-132307.38,-172518.8,-187500.03,-131113.67,-187500.03,-187500.03,-180775.86
6484.2637,-187500.03,-187500.03,-187500.03,-187500.03,-187500.03,-187500.03,-187500.03,-187500.03,-187500.03,-139769.38,-178106.58,-187500.03,-137284.33,-187500.03,-187500.03,-187500.03
6484.286,-187500.03,-187500.03,-187500.03,-187500.03,-187500.03,-187500.03,-187500.03,-187500.03,-187500.03,-133838.03,-172954.38,-187500.03,-133708.62,-187500.03,-187500.03,-183579.95
6484.308,-187500.03,-187500.03,-187500.03,-187500.03,-187500.03,-187500.03,-187500.03,-187500.03,-187500.03,-127195.54,-167923.53,-187500.03,-128148.41,-187500.03,-187500.03,-176621.36
6484.3306,-187500.03,-187500.03,-187500.03,-187500.03,-187500.03,-187500.03,-187500.03,-187500.03,-187500.03,-130753.5,-171244.34,-187500.03,-129992.16,-187500.03,-187500.03,-179307.23
6484.353,-187500.03,-187500.03,-187500.03,-187500.03,-187500.03,-187500.03,-187500.03,-187500.03,-187500.03,-139299.28,-177843.14,-187500.03,-136744.25,-187500.03,-187500.03,-187500.03
6484.3755,-187500.03,-187500.03,-187500.03,-187500.03,-187500.03,-187500.03,-187500.03,-187500.03,-187500.03,-135485.17,-174283.77,-187500.03,-134889.11,-187500.03,-187500.03,-185125.7
6484.3975,-187500.03,-187500.03,-187500.03,-187500.03,-187500.03,-187500.03,-187500.03,-187500.03,-187500.03,-127681.88,-168236.86,-187500.03,-128684.38,-187500.03,-187500.03,-177243.02
6484.42,-187500.03,-187500.03,-187500.03,-187500.03,-187500.03,-187500.03,-187500.03,-187500.03,-187500.03,-129410.15,-170114.12,-187500.03,-129072.2,-187500.03,-187500.03,-178080.08
6484.4424,-187500.03,-187500.03,-187500.03,-187500.03,-187500.03,-187500.03,-187500.03,-187500.03,-187500.03,-138364.0,-177200.08,-187500.03,-135884.44,-187500.03,-187500.03,-186866.0
6484.465,-187500.03,-187500.03,-187500.03,-187500.03,-187500.03,-187500.03,-187500.03,-187500.03,-187500.03,-137021.28,-175552.86,-187500.03,-135933.77,-187500.03,-187500.03,-186521.56
6484.4873,-187500.03,-187500.03,-187500.03,-187500.03,-187500.03,-187500.03,-187500.03,-187500.03,-187500.03,-128453.734,-168786.94,-187500.03,-129413.14,-187500.03,-187500.03,-178128.98
6484.5093,-187500.03,-187500.03,-187500.03,-187500.03,-187500.03,-187500.03,-187500.03,-187500.03,-187500.03,-128340.54,-169181.72,-187500.03,-128383.99,-187500.03,-187500.03,-177149.97
6484.5317,-187500.03,-187500.03,-187500.03,-187500.03,-187500.03,-187500.03,-187500.03,-187500.03,-187500.03,-137069.8,-176247.95,-187500.03,-134792.47,-187500.03,-187500.03,-185496.66
6484.554,-187500.03,-187500.03,-187500.03,-187500.03,-187500.03,-187500.03,-187500.03,-187500.03,-187500.03,-138320.22,-176656.27,-187500.03,-136759.36,-187500.03,-187500.03,-187500.03
6484.5767,-187500.03,-187500.03,-187500.03,-187500.03,-187500.03,-187500.03,-187500.03,-187500.03,-187500.03,-129504.086,-169571.8,-187500.03,-130327.555,-187500.03,-187500.03,-179259.08
6484.5986,-187500.03,-187500.03,-187500.03,-187500.03,-187500.03,-187500.03,-187500.03,-187500.03,-187500.03,-127577.766,-168485.81,-187500.03,-127949.64,-187500.03,-187500.03,-176538.66
6484.621,-187500.03,-187500.03,-187500.03,-187500.03,-187500.03,-187500.03,-187500.03,-187500.03,-187500.03,-135522.86,-175068.55,-187500.03,-133551.62,-187500.03,-187500.03,-183919.03
6484.6436,-187500.03,-187500.03,-187500.03,-187500.03,-187500.03,-187500.03,-187500.03,-187500.03,-187500.03,-139266.69,-177500.27,-187500.03,-137288.22,-187500.03,-187500.03,-187500.03
6484.666,-187500.03,-187500.03,-187500.03,-187500.03,-187500.03,-187500.03,-187500.03,-187500.03,-187500.03,-130814.97,-170576.94,-187500.03,-131401.84,-187500.03,-187500.03,-180610.42
6484.6885,-187500.03,-187500.03,-187500.03,-187500.03,-187500.03,-187500.03,-187500.03,-187500.03,-187500.03,-127139.27,-168047.23,-187500.03,-127780.32,-187500.03,-187500.03,-176260.88
6484.7104,-187500.03,-187500.03,-187500.03,-187500.03,-187500.03,-187500.03,-187500.03,-187500.03,-187500.03,-133857.12,-173764.62,-187500.03,-132268.75,-187500.03,-187500.03,-182268.92
6484.733,-187500.03,-187500.03,-187500.03,-187500.03,-187500.03,-187500.03,-187500.03,-187500.03,-187500.03,-139760.25,-177996.66,-187500.03,-137460.02,-187500.03,-187500.03,-187500.03
6484.7554,-187500.03,-187500.03,-187500.03,-187500.03,-187500.03,-187500.03,-187500.03,-187500.03,-187500.03,-132325.36,-171753.2,-187500.03,-132579.17,-187500.03,-187500.03,-182116.97
6484.778,-187500.03,-187500.03,-187500.03,-187500.03,-187500.03,-187500.03,-187500.03,-187500.03,-187500.03,-127021.82,-167862.64,-187500.03,-127861.305,-187500.03,-187500.03,-176307.31
6484.8,-187500.03,-187500.03,-187500.03,-187500.03,-187500.03,-187500.03,-187500.03,-187500.03,-187500.03,-132194.25,-172430.67,-187500.03,-131032.05,-187500.03,-187500.03,-180667.03
6484.8223,-187500.03,-187500.03,-187500.03,-187500.03,-187500.03,-187500.03,-187500.03,-187500.03,-187500.03,-139744.48,-178098.8,-187500.03,-137253.25,-187500.03,-187500.03,-187500.03
6484.8447,-187500.03,-187500.03,-187500.03,-187500.03,-187500.03,-187500.03,-187500.03,-187500.03,-187500.03,-133940.0,-173039.36,-187500.03,-133784.72,-187500.03,-187500.03,-183677.75
6484.867,-187500.03,-187500.03,-187500.03,-187500.03,-187500.03,-187500.03,-187500.03,-187500.03,-187500.03,-127219.47,-167939.75,-187500.03,-128181.71,-187500.03,-187500.03,-176654.56
6484.8896,-187500.03,-187500.03,-187500.03,-187500.03,-187500.03,-187500.03,-187500.03,-187500.03,-187500.03,-130677.266,-171183.23,-187500.03,-129945.98,-187500.03,-187500.03,-179239.19
6484.9116,-187500.03,-187500.03,-187500.03,-187500.03,-187500.03,-187500.03,-187500.03,-187500.03,-187500.03,-139248.6,-177811.44,-187500.03,-136701.23,-187500.03,-187500.03,-187500.03
6484.934,-187500.03,-187500.03,-187500.03,-187500.03,-187500.03,-187500.03,-187500.03,-187500.03,-187500.03,-135561.7,-174350.6,-187500.03,-134942.78,-187500.03,-187500.03,-185196.9
6484.9565,-187500.03,-187500.03,-187500.03,-187500.03,-187500.03,-187500.03,-187500.03,-187500.03,-187500.03,-127713.266,-168261.81,-187500.03,-128715.07,-187500.03,-187500.03,-177281.12
6484.979,-187500.03,-187500.03,-187500.03,-187500.03,-187500.03,-187500.03,-187500.03,-187500.03,-187500.03,-129353.95,-170069.27,-187500.03,-129036.2,-187500.03,-187500.03,-178031.83
6485.001,-187500.03,-187500.03,-187500.03,-187500.03,-187500.03,-187500.03,-187500.03,-187500.03,-187500.03,-138302.75,-177159.06,-187500.03,-135833.38,-187500.03,-187500.03,-186800.7
6485.0234,-187500.03,-187500.03,-187500.03,-187500.03,-187500.03,-187500.03,-187500.03,-187500.03,-187500.03,-137094.72,-175617.19,-187500.03,-135985.27,-187500.03,-187500.03,-186586.0
6485.046,-187500.03,-187500.03,-187500.03,-187500.03,-187500.03,-187500.03,-187500.03,-187500.03,-187500.03,-128505.945,-168826.95,-187500.03,-129463.625,-187500.03,-187500.03,-178183.06
6485.0684,-187500.03,-187500.03,-187500.03,-187500.03,-187500.03,-187500.03,-187500.03,-187500.03,-187500.03,-128297.88,-169144.42,-187500.03,-128361.18,-187500.03,-187500.03,-177111.25
6485.091,-187500.03,-187500.03,-187500.03,-187500.03,-187500.03,-187500.03,-187500.03,-187500.03,-187500.03,-136995.66,-176194.3,-187500.03,-134733.36,-187500.03,-187500.03,-185418.05
6485.113,-187500.03,-187500.03,-187500.03,-187500.03,-187500.03,-187500.03,-187500.03,-187500.03,-187500.03,-138383.98,-176713.98,-187500.03,-136799.1,-187500.03,-187500.03,-187500.03
6485.1353,-187500.03,-187500.03,-187500.03,-187500.03,-187500.03,-187500.03,-187500.03,-187500.03,-187500.03,-129575.28,-169630.03,-187500.03,-130390.09,-187500.03,-187500.03,-179331.98
6485.1577,-187500.03,-187500.03,-187500.03,-187500.03,-187500.03,-187500.03,-187500.03,-187500.03,-187500.03,-127548.78,-168463.02,-187500.03,-127941.25,-187500.03,-187500.03,-176517.97
6485.18,-187500.03,-187500.03,-187500.03,-187500.03,-187500.03,-187500.03,-187500.03,-187500.03,-187500.03,-135439.03,-175008.48,-187500.03,-133492.02,-187500.03,-187500.03,-183835.8
6485.202,-187500.03,-187500.03,-187500.03,-187500.03,-187500.03,-187500.03,-187500.03,-187500.03,-187500.03,-139308.72,-177542.39,-187500.03,-137314.97,-187500.03,-187500.03,-187500.03
6485.2246,-187500.03,-187500.03,-187500.03,-187500.03,-187500.03,-187500.03,-187500.03,-187500.03,-187500.03,-130899.35,-170643.52,-187500.03,-131472.64,-187500.03,-187500.03,-180694.11
6485.247,-187500.03,-187500.03,-187500.03,-187500.03,-187500.03,-187500.03,-187500.03,-187500.03,-187500.03,-127127.96,-168034.66,-187500.03,-127783.445,-187500.03,-187500.03,-176256.61
6485.2695,-187500.03,-187500.03,-187500.03,-187500.03,-187500.03,-187500.03,-187500.03,-187500.03,-187500.03,-133770.62,-173700.78,-187500.03,-132207.75,-187500.03,-187500.03,-182185.11
6485.292,-187500.03,-187500.03,-187500.03,-187500.03,-187500.03,-187500.03,-187500.03,-187500.03,-187500.03,-139772.7,-178018.66,-187500.03,-137465.4,-187500.03,-187500.03,-187500.03
6485.314,-187500.03,-187500.03,-187500.03,-187500.03,-187500.03,-187500.03,-187500.03,-187500.03,-187500.03,-132414.6,-171829.5,-187500.03,-132652.45,-187500.03,-187500.03,-182205.4
6485.3364,-187500.03,-187500.03,-187500.03,-187500.03,-187500.03,-187500.03,-187500.03,-187500.03,-187500.03,-127025.766,-167865.73,-187500.03,-127877.46,-187500.03,-187500.03,-176318.89
6485.359,-187500.03,-187500.03,-187500.03,-187500.03,-187500.03,-187500.03,-187500.03,-187500.03,-187500.03,-132114.1,-172369.33,-187500.03,-130976.8,-187500.03,-187500.03,-180589.94
6485.3813,-187500.03,-187500.03,-187500.03,-187500.03,-187500.03,-187500.03,-187500.03,-187500.03,-187500.03,-139738.77,-178103.72,-187500.03,-137241.7,-187500.03,-187500.03,-187500.03
6485.4033,-187500.03,-187500.03,-187500.03,-187500.03,-187500.03,-187500.03,-187500.03,-187500.03,-187500.03,-134047.16,-173127.23,-187500.03,-133867.33,-187500.03,-187500.03,-183780.56
6485.426,-187500.03,-187500.03,-187500.03,-187500.03,-187500.03,-187500.03,-187500.03,-187500.03,-187500.03,-127239.66,-167953.3,-187500.03,-128210.53,-187500.03,-187500.03,-176683.81
6485.448,-187500.03,-187500.03,-187500.03,-187500.03,-187500.03,-187500.03,-187500.03,-187500.03,-187500.03,-130582.72,-171107.67,-187500.03,-129880.695,-187500.03,-187500.03,-179151.66
6485.4707,-187500.03,-187500.03,-187500.03,-187500.03,-187500.03,-187500.03,-187500.03,-187500.03,-187500.03,-139204.86,-177787.36,-187500.03,-136659.45,-187500.03,-187500.03,-187500.03
6485.493,-187500.03,-187500.03,-187500.03,-187500.03,-187500.03,-187500.03,-187500.03,-187500.03,-187500.03,-135674.55,-174446.03,-187500.03,-135026.52,-187500.03,-187500.03,-185304.69
6485.515,-187500.03,-187500.03,-187500.03,-187500.03,-187500.03,-187500.03,-187500.03,-187500.03,-187500.03,-127756.85,-168293.8,-187500.03,-128763.52,-187500.03,-187500.03,-177334.66
6485.5376,-187500.03,-187500.03,-187500.03,-187500.03,-187500.03,-187500.03,-187500.03,-187500.03,-187500.03,-129299.08,-170022.48,-187500.03,-129006.875,-187500.03,-187500.03,-177986.2
6485.56,-187500.03,-187500.03,-187500.03,-187500.03,-187500.03,-187500.03,-187500.03,-187500.03,-187500.03,-138258.75,-177129.81,-187500.03,-135801.33,-187500.03,-187500.03,-186758.81
6485.5825,-187500.03,-187500.03,-187500.03,-187500.03,-187500.03,-187500.03,-187500.03,-187500.03,-187500.03,-137148.86,-175665.98,-187500.03,-136025.95,-187500.03,-187500.03,-186641.64
6485.6045,-187500.03,-187500.03,-187500.03,-187500.03,-187500.03,-187500.03,-187500.03,-187500.03,-187500.03,-128540.62,-168857.34,-187500.03,-129499.11,-187500.03,-187500.03,-178227.77
6485.627,-187500.03,-187500.03,-187500.03,-187500.03,-187500.03,-187500.03,-187500.03,-187500.03,-187500.03,-128262.97,-169118.69,-187500.03,-128343.445,-187500.03,-187500.03,-177087.42
6485.6494,-187500.03,-187500.03,-187500.03,-187500.03,-187500.03,-187500.03,-187500.03,-187500.03,-187500.03,-136944.78,-176161.97,-187500.03,-134697.56,-187500.03,-187500.03,-185370.72
6485.672,-187500.03,-187500.03,-187500.03,-187500.03,-187500.03,-187500.03,-187500.03,-187500.03,-187500.03,-138429.48,-176758.4,-187500.03,-136835.98,-187500.03,-187500.03,-187500.03
6485.694,-187500.03,-187500.03,-187500.03,-187500.03,-187500.03,-187500.03,-187500.03,-187500.03,-187500.03,-129623.12,-169668.05,-187500.03,-130437.984,-187500.03,-187500.03,-179386.4
6485.7163,-187500.03,-187500.03,-187500.03,-187500.03,-187500.03,-187500.03,-187500.03,-187500.03,-187500.03,-127530.29,-168445.4,-187500.03,-127939.95,-187500.03,-187500.03,-176509.69
6485.739,-187500.03,-187500.03,-187500.03,-187500.03,-187500.03,-187500.03,-187500.03,-187500.03,-187500.03,-135384.11,-174968.14,-187500.03,-133454.2,-187500.03,-187500.03,-183786.8
6485.761,-187500.03,-187500.03,-187500.03,-187500.03,-187500.03,-187500.03,-187500.03,-187500.03,-187500.03,-139335.27,-177570.28,-187500.03,-137333.27,-187500.03,-187500.03,-187500.03
6485.7837,-187500.03,-187500.03,-187500.03,-187500.03,-187500.03,-187500.03,-187500.03,-187500.03,-187500.03,-130950.14,-170687.78,-187500.03,-131519.81,-187500.03,-187500.03,-180753.94
6485.8057,-187500.03,-187500.03,-187500.03,-187500.03,-187500.03,-187500.03,-187500.03,-187500.03,-187500.03,-127119.27,-168029.97,-187500.03,-127790.45,-187500.03,-187500.03,-176261.0
6485.828,-187500.03,-187500.03,-187500.03,-187500.03,-187500.03,-187500.03,-187500.03,-187500.03,-187500.03,-133712.3,-173657.73,-187500.03,-132169.84,-187500.03,-187500.03,-182134.33
6485.8506,-187500.03,-187500.03,-187500.03,-187500.03,-187500.03,-187500.03,-187500.03,-187500.03,-187500.03,-139786.9,-178036.55,-187500.03,-137475.95,-187500.03,-187500.03,-187500.03
6485.873,-187500.03,-187500.03,-187500.03,-187500.03,-187500.03,-187500.03,-187500.03,-187500.03,-187500.03,-132474.28,-171879.47,-187500.03,-132706.47,-187500.03,-187500.03,-182267.0
6485.895,-187500.03,-187500.03,-187500.03,-187500.03,-187500.03,-187500.03,-187500.03,-187500.03,-187500.03,-127032.33,-167871.45,-187500.03,-127897.16,-187500.03,-187500.03,-176332.56
6485.9175,-187500.03,-187500.03,-187500.03,-187500.03,-187500.03,-187500.03,-187500.03,-187500.03,-187500.03,-132058.39,-172327.0,-187500.03,-130941.69,-187500.03,-187500.03,-180537.38
6485.94,-187500.03,-187500.03,-187500.03,-187500.03,-187500.03,-187500.03,-187500.03,-187500.03,-187500.03,-139731.52,-178105.2,-187500.03,-137233.84,-187500.03,-187500.03,-187500.03
6485.9624,-187500.03,-187500.03,-187500.03,-187500.03,-187500.03,-187500.03,-187500.03,-187500.03,-187500.03,-134106.3,-173178.69,-187500.03,-133915.81,-187500.03,-187500.03,-183838.9
6485.985,-187500.03,-187500.03,-187500.03,-187500.03,-187500.03,-187500.03,-187500.03,-187500.03,-187500.03,-127259.33,-167969.5,-187500.03,-128237.14,-187500.03,-187500.03,-176709.81
6486.007,-187500.03,-187500.03,-187500.03,-187500.03,-187500.03,-187500.03,-187500.03,-187500.03,-187500.03,-130535.44,-171071.16,-187500.03,-129853.516,-187500.03,-187500.03,-179108.83
6486.0293,-187500.03,-187500.03,-187500.03,-187500.03,-187500.03,-187500.03,-187500.03,-187500.03,-187500.03,-139185.3,-177779.3,-187500.03,-136643.4,-187500.03,-187500.03,-187500.03
6486.052,-187500.03,-187500.03,-187500.03,-187500.03,-187500.03,-187500.03,-187500.03,-187500.03,-187500.03,-135740.78,-174502.5,-187500.03,-135076.02,-187500.03,-187500.03,-185368.5
6486.074,-187500.03,-187500.03,-187500.03,-187500.03,-187500.03,-187500.03,-187500.03,-187500.03,-187500.03,-127788.98,-168319.86,-187500.03,-128797.445,-187500.03,-187500.03,-177373.5
6486.096,-187500.03,-187500.03,-187500.03,-187500.03,-187500.03,-187500.03,-187500.03,-187500.03,-187500.03,-129221.6,-169959.92,-187500.03,-128954.53,-187500.03,-187500.03,-177917.0
6486.1187,-187500.03,-187500.03,-187500.03,-187500.03,-187500.03,-187500.03,-187500.03,-187500.03,-187500.03,-138177.8,-177073.67,-187500.03,-135731.77,-187500.03,-187500.03,-186672.48
6486.141,-187500.03,-187500.03,-187500.03,-187500.03,-187500.03,-187500.03,-187500.03,-187500.03,-187500.03,-137248.81,-175751.7,-187500.03,-136093.94,-187500.03,-187500.03,-186730.66
6486.1636,-187500.03,-187500.03,-187500.03,-187500.03,-187500.03,-187500.03,-187500.03,-187500.03,-187500.03,-128614.664,-168915.2,-187500.03,-129567.95,-187500.03,-187500.03,-178309.12
6486.186,-187500.03,-187500.03,-187500.03,-187500.03,-187500.03,-187500.03,-187500.03,-187500.03,-187500.03,-128199.445,-169065.0,-187500.03,-128307.69,-187500.03,-187500.03,-177036.95
6486.208,-187500.03,-187500.03,-187500.03,-187500.03,-187500.03,-187500.03,-187500.03,-187500.03,-187500.03,-136834.78,-176080.55,-187500.03,-134606.98,-187500.03,-187500.03,-185261.14
6486.2305,-187500.03,-187500.03,-187500.03,-187500.03,-187500.03,-187500.03,-187500.03,-187500.03,-187500.03,-138505.08,-176823.78,-187500.03,-136875.95,-187500.03,-187500.03,-187500.03
6486.253,-187500.03,-187500.03,-187500.03,-187500.03,-187500.03,-187500.03,-187500.03,-187500.03,-187500.03,-129705.77,-169729.69,-187500.03,-130502.08,-187500.03,-187500.03,-179477.81
6486.2754,-187500.03,-187500.03,-187500.03,-187500.03,-187500.03,-187500.03,-187500.03,-187500.03,-187500.03,-127480.984,-168400.02,-187500.03,-127909.555,-187500.03,-187500.03,-176476.23
6486.2974,-187500.03,-187500.03,-187500.03,-187500.03,-187500.03,-187500.03,-187500.03,-187500.03,-187500.03,-135250.75,-174866.75,-187500.03,-133347.88,-187500.03,-187500.03,-183658.25
6486.32,-187500.03,-187500.03,-187500.03,-187500.03,-187500.03,-187500.03,-187500.03,-187500.03,-187500.03,-139368.36,-177606.12,-187500.03,-137342.06,-187500.03,-187500.03,-187500.03
6486.3423,-187500.03,-187500.03,-187500.03,-187500.03,-187500.03,-187500.03,-187500.03,-187500.03,-187500.03,-131034.586,-170752.6,-187500.03,-131582.78,-187500.03,-187500.03,-180839.48
6486.3647,-187500.03,-187500.03,-187500.03,-187500.03,-187500.03,-187500.03,-187500.03,-187500.03,-187500.03,-127094.61,-168001.89,-187500.03,-127777.84,-187500.03,-187500.03,-176248.44
6486.387,-187500.03,-187500.03,-187500.03,-187500.03,-187500.03,-187500.03,-187500.03,-187500.03,-187500.03,-133590.38,-173558.27,-187500.03,-132072.69,-187500.03,-187500.03,-182018.23
6486.409,-187500.03,-187500.03,-187500.03,-187500.03,-187500.03,-187500.03,-187500.03,-187500.03,-187500.03,-139775.45,-178032.97,-187500.03,-137448.81,-187500.03,-187500.03,-187500.03
6486.4316,-187500.03,-187500.03,-187500.03,-187500.03,-187500.03,-187500.03,-187500.03,-187500.03,-187500.03,-132539.39,-171929.5,-187500.03,-132747.39,-187500.03,-187500.03,-182334.86
6486.454,-187500.03,-187500.03,-187500.03,-187500.03,-187500.03,-187500.03,-187500.03,-187500.03,-187500.03,-127017.54,-167853.56,-187500.03,-127888.1,-187500.03,-187500.03,-176330.34
6486.4766,-187500.03,-187500.03,-187500.03,-187500.03,-187500.03,-187500.03,-187500.03,-187500.03,-187500.03,-131951.45,-172238.95,-187500.03,-130859.62,-187500.03,-187500.03,-180438.81
6486.4985,-187500.03,-187500.03,-187500.03,-187500.03,-187500.03,-187500.03,-187500.03,-187500.03,-187500.03,-139698.03,-178080.97,-187500.03,-137193.2,-187500.03,-187500.03,-187500.03
6486.521,-187500.03,-187500.03,-187500.03,-187500.03,-187500.03,-187500.03,-187500.03,-187500.03,-187500.03,-134179.11,-173231.7,-187500.03,-133963.6,-187500.03,-187500.03,-183908.42
6486.5435,-187500.03,-187500.03,-187500.03,-187500.03,-187500.03,-187500.03,-187500.03,-187500.03,-187500.03,-127257.45,-167959.75,-187500.03,-128240.305,-187500.03,-187500.03,-176716.84
6486.566,-187500.03,-187500.03,-187500.03,-187500.03,-187500.03,-187500.03,-187500.03,-187500.03,-187500.03,-130432.98,-170984.3,-187500.03,-129776.82,-187500.03,-187500.03,-179014.16
6486.5884,-187500.03,-187500.03,-187500.03,-187500.03,-187500.03,-187500.03,-187500.03,-187500.03,-187500.03,-139115.19,-177726.73,-187500.03,-136577.3,-187500.03,-187500.03,-187500.03
6486.6104,-187500.03,-187500.03,-187500.03,-187500.03,-187500.03,-187500.03,-187500.03,-187500.03,-187500.03,-135800.33,-174549.98,-187500.03,-135112.53,-187500.03,-187500.03,-185419.28
6486.633,-187500.03,-187500.03,-187500.03,-187500.03,-187500.03,-187500.03,-187500.03,-187500.03,-187500.03,-127805.76,-168327.44,-187500.03,-128815.99,-187500.03,-187500.03,-177393.53
6486.6553,-187500.03,-187500.03,-187500.03,-187500.03,-187500.03,-187500.03,-187500.03,-187500.03,-187500.03,-129172.414,-169914.36,-187500.03,-128922.9,-187500.03,-187500.03,-177869.56
6486.6777,-187500.03,-187500.03,-187500.03,-187500.03,-187500.03,-187500.03,-187500.03,-187500.03,-187500.03,-138131.84,-177037.16,-187500.03,-135694.08,-187500.03,-187500.03,-186618.84
6486.6997,-187500.03,-187500.03,-187500.03,-187500.03,-187500.03,-187500.03,-187500.03,-187500.03,-187500.03,-137287.92,-175782.17,-187500.03,-136115.78,-187500.03,-187500.03,-186758.73
6486.722,-187500.03,-187500.03,-187500.03,-187500.03,-187500.03,-187500.03,-187500.03,-187500.03,-187500.03,-128628.836,-168922.73,-187500.03,-129578.414,-187500.03,-187500.03,-178321.12
6486.7446,-187500.03,-187500.03,-187500.03,-187500.03,-187500.03,-187500.03,-187500.03,-187500.03,-187500.03,-128165.42,-169035.05,-187500.03,-128283.76,-187500.03,-187500.03,-177002.27
6486.767,-187500.03,-187500.03,-187500.03,-187500.03,-187500.03,-187500.03,-187500.03,-187500.03,-187500.03,-136781.86,-176039.17,-187500.03,-134563.36,-187500.03,-187500.03,-185201.22
6486.7896,-187500.03,-187500.03,-187500.03,-187500.03,-187500.03,-187500.03,-187500.03,-187500.03,-187500.03,-138531.78,-176845.98,-187500.03,-136892.3,-187500.03,-187500.03,-187500.03
6486.8115,-187500.03,-187500.03,-187500.03,-187500.03,-187500.03,-187500.03,-187500.03,-187500.03,-187500.03,-129736.88,-169753.16,-187500.03,-130532.65,-187500.03,-187500.03,-179505.94
6486.834,-187500.03,-187500.03,-187500.03,-187500.03,-187500.03,-187500.03,-187500.03,-187500.03,-187500.03,-127462.74,-168385.4,-187500.03,-127905.04,-187500.03,-187500.03,-176458.58
6486.8564,-187500.03,-187500.03,-187500.03,-187500.03,-187500.03,-187500.03,-187500.03,-187500.03,-187500.03,-135201.05,-174828.62,-187500.03,-133310.23,-187500.03,-187500.03,-183603.62
6486.879,-187500.03,-187500.03,-187500.03,-187500.03,-187500.03,-187500.03,-187500.03,-187500.03,-187500.03,-139396.11,-177631.38,-187500.03,-137356.42,-187500.03,-187500.03,-187500.03
6486.901,-187500.03,-187500.03,-187500.03,-187500.03,-187500.03,-187500.03,-187500.03,-187500.03,-187500.03,-131086.55,-170794.22,-187500.03,-131626.2,-187500.03,-187500.03,-180893.0
6486.9233,-187500.03,-187500.03,-187500.03,-187500.03,-187500.03,-187500.03,-187500.03,-187500.03,-187500.03,-127082.62,-167991.97,-187500.03,-127778.65,-187500.03,-187500.03,-176243.83
6486.946,-187500.03,-187500.03,-187500.03,-187500.03,-187500.03,-187500.03,-187500.03,-187500.03,-187500.03,-133529.7,-173513.47,-187500.03,-132031.3,-187500.03,-187500.03,-181960.47
6486.9683,-187500.03,-187500.03,-187500.03,-187500.03,-187500.03,-187500.03,-187500.03,-187500.03,-187500.03,-139789.4,-178052.45,-187500.03,-137456.06,-187500.03,-187500.03,-187500.03
6486.9907,-187500.03,-187500.03,-187500.03,-187500.03,-187500.03,-187500.03,-187500.03,-187500.03,-187500.03,-132612.14,-171991.92,-187500.03,-132808.7,-187500.03,-187500.03,-182410.94
6487.0127,-187500.03,-187500.03,-187500.03,-187500.03,-187500.03,-187500.03,-187500.03,-187500.03,-187500.03,-127022.625,-167860.55,-187500.03,-127903.69,-187500.03,-187500.03,-176348.94
6487.035,-187500.03,-187500.03,-187500.03,-187500.03,-187500.03,-187500.03,-187500.03,-187500.03,-187500.03,-131909.58,-172209.8,-187500.03,-130833.39,-187500.03,-187500.03,-180407.95
6487.0576,-187500.03,-187500.03,-187500.03,-187500.03,-187500.03,-187500.03,-187500.03,-187500.03,-187500.03,-139684.77,-178080.25,-187500.03,-137184.77,-187500.03,-187500.03,-187500.03
6487.08,-187500.03,-187500.03,-187500.03,-187500.03,-187500.03,-187500.03,-187500.03,-187500.03,-187500.03,-134213.4,-173268.81,-187500.03,-133994.14,-187500.03,-187500.03,-183952.1
6487.102,-187500.03,-187500.03,-187500.03,-187500.03,-187500.03,-187500.03,-187500.03,-187500.03,-187500.03,-127262.68,-167972.84,-187500.03,-128254.97,-187500.03,-187500.03,-176737.86
6487.1245,-187500.03,-187500.03,-187500.03,-187500.03,-187500.03,-187500.03,-187500.03,-187500.03,-187500.03,-130401.016,-170966.69,-187500.03,-129760.64,-187500.03,-187500.03,-178993.98
6487.147,-187500.03,-187500.03,-187500.03,-187500.03,-187500.03,-187500.03,-187500.03,-187500.03,-187500.03,-139090.48,-177716.23,-187500.03,-136559.64,-187500.03,-187500.03,-187500.03
6487.1694,-187500.03,-187500.03,-187500.03,-187500.03,-187500.03,-187500.03,-187500.03,-187500.03,-187500.03,-135839.45,-174588.97,-187500.03,-135144.06,-187500.03,-187500.03,-185461.02
6487.192,-187500.03,-187500.03,-187500.03,-187500.03,-187500.03,-187500.03,-187500.03,-187500.03,-187500.03,-127816.38,-168341.1,-187500.03,-128833.2,-187500.03,-187500.03,-177414.98
6487.214,-187500.03,-187500.03,-187500.03,-187500.03,-187500.03,-187500.03,-187500.03,-187500.03,-187500.03,-129114.21,-169873.36,-187500.03,-128886.28,-187500.03,-187500.03,-177821.88
6487.2363,-187500.03,-187500.03,-187500.03,-187500.03,-187500.03,-187500.03,-187500.03,-187500.03,-187500.03,-138066.44,-176994.72,-187500.03,-135640.52,-187500.03,-187500.03,-186552.1
6487.259,-187500.03,-187500.03,-187500.03,-187500.03,-187500.03,-187500.03,-187500.03,-187500.03,-187500.03,-137334.95,-175828.58,-187500.03,-136147.72,-187500.03,-187500.03,-186800.25
6487.2812,-187500.03,-187500.03,-187500.03,-187500.03,-187500.03,-187500.03,-187500.03,-187500.03,-187500.03,-128663.57,-168953.38,-187500.03,-129614.71,-187500.03,-187500.03,-178362.45
6487.303,-187500.03,-187500.03,-187500.03,-187500.03,-187500.03,-187500.03,-187500.03,-187500.03,-187500.03,-128113.92,-168992.47,-187500.03,-128254.445,-187500.03,-187500.03,-176958.06
6487.3257,-187500.03,-187500.03,-187500.03,-187500.03,-187500.03,-187500.03,-187500.03,-187500.03,-187500.03,-136704.7,-175980.52,-187500.03,-134504.2,-187500.03,-187500.03,-185119.22
6487.348,-187500.03,-187500.03,-187500.03,-187500.03,-187500.03,-187500.03,-187500.03,-187500.03,-187500.03,-138565.3,-176876.62,-187500.03,-136911.0,-187500.03,-187500.03,-187500.03
6487.3706,-187500.03,-187500.03,-187500.03,-187500.03,-187500.03,-187500.03,-187500.03,-187500.03,-187500.03,-129778.74,-169785.62,-187500.03,-130569.73,-187500.03,-187500.03,-179548.14
6487.3926,-187500.03,-187500.03,-187500.03,-187500.03,-187500.03,-187500.03,-187500.03,-187500.03,-187500.03,-127420.04,-168346.52,-187500.03,-127878.89,-187500.03,-187500.03,-176420.58
6487.415,-187500.03,-187500.03,-187500.03,-187500.03,-187500.03,-187500.03,-187500.03,-187500.03,-187500.03,-135110.92,-174757.08,-187500.03,-133239.89,-187500.03,-187500.03,-183507.84
6487.4375,-187500.03,-187500.03,-187500.03,-187500.03,-187500.03,-187500.03,-187500.03,-187500.03,-187500.03,-139402.84,-177639.17,-187500.03,-137353.03,-187500.03,-187500.03,-187500.03
6487.46,-187500.03,-187500.03,-187500.03,-187500.03,-187500.03,-187500.03,-187500.03,-187500.03,-187500.03,-131137.77,-170831.38,-187500.03,-131667.86,-187500.03,-187500.03,-180939.97
6487.4824,-187500.03,-187500.03,-187500.03,-187500.03,-187500.03,-187500.03,-187500.03,-187500.03,-187500.03,-127056.34,-167963.77,-187500.03,-127767.07,-187500.03,-187500.03,-176223.31
6487.5044,-187500.03,-187500.03,-187500.03,-187500.03,-187500.03,-187500.03,-187500.03,-187500.03,-187500.03,-133441.06,-173440.12,-187500.03,-131965.36,-187500.03,-187500.03,-181872.36
6487.527,-187500.03,-187500.03,-187500.03,-187500.03,-187500.03,-187500.03,-187500.03,-187500.03,-187500.03,-139777.84,-178045.52,-187500.03,-137437.88,-187500.03,-187500.03,-187500.03
6487.5493,-187500.03,-187500.03,-187500.03,-187500.03,-187500.03,-187500.03,-187500.03,-187500.03,-187500.03,-132674.53,-172040.16,-187500.03,-132854.33,-187500.03,-187500.03,-182468.97
6487.572,-187500.03,-187500.03,-187500.03,-187500.03,-187500.03,-187500.03,-187500.03,-187500.03,-187500.03,-127010.6,-167845.61,-187500.03,-127902.05,-187500.03,-187500.03,-176343.17
6487.5938,-187500.03,-187500.03,-187500.03,-187500.03,-187500.03,-187500.03,-187500.03,-187500.03,-187500.03,-131794.55,-172116.19,-187500.03,-130749.125,-187500.03,-187500.03,-180294.9
6487.616,-187500.03,-187500.03,-187500.03,-187500.03,-187500.03,-187500.03,-187500.03,-187500.03,-187500.03,-139648.6,-178056.66,-187500.03,-137145.83,-187500.03,-187500.03,-187500.03
6487.6387,-187500.03,-187500.03,-187500.03,-187500.03,-187500.03,-187500.03,-187500.03,-187500.03,-187500.03,-134312.66,-173347.22,-187500.03,-134066.81,-187500.03,-187500.03,-184041.1
6487.661,-187500.03,-187500.03,-187500.03,-187500.03,-187500.03,-187500.03,-187500.03,-187500.03,-187500.03,-127282.63,-167983.48,-187500.03,-128281.4,-187500.03,-187500.03,-176764.77
6487.6836,-187500.03,-187500.03,-187500.03,-187500.03,-187500.03,-187500.03,-187500.03,-187500.03,-187500.03,-130298.734,-170881.97,-187500.03,-129687.91,-187500.03,-187500.03,-178897.31
6487.7056,-187500.03,-187500.03,-187500.03,-187500.03,-187500.03,-187500.03,-187500.03,-187500.03,-187500.03,-139035.72,-177679.34,-187500.03,-136507.11,-187500.03,-187500.03,-187500.03
6487.728,-187500.03,-187500.03,-187500.03,-187500.03,-187500.03,-187500.03,-187500.03,-187500.03,-187500.03,-135938.92,-174669.52,-187500.03,-135213.02,-187500.03,-187500.03,-185552.25
6487.7505,-187500.03,-187500.03,-187500.03,-187500.03,-187500.03,-187500.03,-187500.03,-187500.03,-187500.03,-127857.43,-168369.67,-187500.03,-128875.586,-187500.03,-187500.03,-177467.06
6487.773,-187500.03,-187500.03,-187500.03,-187500.03,-187500.03,-187500.03,-187500.03,-187500.03,-187500.03,-129032.18,-169803.5,-187500.03,-128832.86,-187500.03,-187500.03,-177751.02
6487.795,-187500.03,-187500.03,-187500.03,-187500.03,-187500.03,-187500.03,-187500.03,-187500.03,-187500.03,-137985.66,-176937.14,-187500.03,-135572.97,-187500.03,-187500.03,-186468.14
6487.8174,-187500.03,-187500.03,-187500.03,-187500.03,-187500.03,-187500.03,-187500.03,-187500.03,-187500.03,-137425.28,-175905.88,-187500.03,-136209.23,-187500.03,-187500.03,-186884.56
6487.84,-187500.03,-187500.03,-187500.03,-187500.03,-187500.03,-187500.03,-187500.03,-187500.03,-187500.03,-128725.98,-169001.19,-187500.03,-129673.11,-187500.03,-187500.03,-178435.77
6487.8623,-187500.03,-187500.03,-187500.03,-187500.03,-187500.03,-187500.03,-187500.03,-187500.03,-187500.03,-128048.36,-168935.92,-187500.03,-128215.85,-187500.03,-187500.03,-176907.05
6487.885,-187500.03,-187500.03,-187500.03,-187500.03,-187500.03,-187500.03,-187500.03,-187500.03,-187500.03,-136591.98,-175898.69,-187500.03,-134416.77,-187500.03,-187500.03,-185009.44
6487.9067,-187500.03,-187500.03,-187500.03,-187500.03,-187500.03,-187500.03,-187500.03,-187500.03,-187500.03,-138629.58,-176940.23,-187500.03,-136952.94,-187500.03,-187500.03,-187500.03
6487.929,-187500.03,-187500.03,-187500.03,-187500.03,-187500.03,-187500.03,-187500.03,-187500.03,-187500.03,-129860.195,-169853.06,-187500.03,-130641.836,-187500.03,-187500.03,-179637.17
6487.9517,-187500.03,-187500.03,-187500.03,-187500.03,-187500.03,-187500.03,-187500.03,-187500.03,-187500.03,-127383.71,-168315.72,-187500.03,-127867.086,-187500.03,-187500.03,-176397.83
6487.974,-187500.03,-187500.03,-187500.03,-187500.03,-187500.03,-187500.03,-187500.03,-187500.03,-187500.03,-134997.1,-174671.75,-187500.03,-133156.25,-187500.03,-187500.03,-183397.69
6487.996,-187500.03,-187500.03,-187500.03,-187500.03,-187500.03,-187500.03,-187500.03,-187500.03,-187500.03,-139449.27,-177684.77,-187500.03,-137378.9,-187500.03,-187500.03,-187500.03
6488.0186,-187500.03,-187500.03,-187500.03,-187500.03,-187500.03,-187500.03,-187500.03,-187500.03,-187500.03,-131235.5,-170910.31,-187500.03,-131750.52,-187500.03,-187500.03,-181041.55
6488.041,-187500.03,-187500.03,-187500.03,-187500.03,-187500.03,-187500.03,-187500.03,-187500.03,-187500.03,-127039.88,-167950.05,-187500.03,-127771.5,-187500.03,-187500.03,-176219.73
6488.0635,-187500.03,-187500.03,-187500.03,-187500.03,-187500.03,-187500.03,-187500.03,-187500.03,-187500.03,-133315.98,-173345.14,-187500.03,-131875.97,-187500.03,-187500.03,-181749.28
6488.086,-187500.03,-187500.03,-187500.03,-187500.03,-187500.03,-187500.03,-187500.03,-187500.03,-187500.03,-139782.75,-178059.52,-187500.03,-137433.0,-187500.03,-187500.03,-187500.03
6488.108,-187500.03,-187500.03,-187500.03,-187500.03,-187500.03,-187500.03,-187500.03,-187500.03,-187500.03,-132775.31,-172120.64,-187500.03,-132936.36,-187500.03,-187500.03,-182559.62
6488.1304,-187500.03,-187500.03,-187500.03,-187500.03,-187500.03,-187500.03,-187500.03,-187500.03,-187500.03,-127023.164,-167851.42,-187500.03,-127930.1,-187500.03,-187500.03,-176358.8
6488.153,-187500.03,-187500.03,-187500.03,-187500.03,-187500.03,-187500.03,-187500.03,-187500.03,-187500.03,-131712.92,-172050.14,-187500.03,-130697.4,-187500.03,-187500.03,-180213.33
6488.1753,-187500.03,-187500.03,-187500.03,-187500.03,-187500.03,-187500.03,-187500.03,-187500.03,-187500.03,-139632.62,-178051.92,-187500.03,-137129.67,-187500.03,-187500.03,-187500.03
6488.1973,-187500.03,-187500.03,-187500.03,-187500.03,-187500.03,-187500.03,-187500.03,-187500.03,-187500.03,-134394.16,-173416.47,-187500.03,-134130.45,-187500.03,-187500.03,-184115.03
6488.2197,-187500.03,-187500.03,-187500.03,-187500.03,-187500.03,-187500.03,-187500.03,-187500.03,-187500.03,-127303.734,-168001.64,-187500.03,-128309.79,-187500.03,-187500.03,-176789.25
6488.242,-187500.03,-187500.03,-187500.03,-187500.03,-187500.03,-187500.03,-187500.03,-187500.03,-187500.03,-130231.586,-170830.73,-187500.03,-129648.51,-187500.03,-187500.03,-178833.16
6488.2646,-187500.03,-187500.03,-187500.03,-187500.03,-187500.03,-187500.03,-187500.03,-187500.03,-187500.03,-138991.55,-177654.14,-187500.03,-136475.14,-187500.03,-187500.03,-187500.03
6488.287,-187500.03,-187500.03,-187500.03,-187500.03,-187500.03,-187500.03,-187500.03,-187500.03,-187500.03,-136017.11,-174738.62,-187500.03,-135275.83,-187500.03,-187500.03,-185622.95
6488.309,-187500.03,-187500.03,-187500.03,-187500.03,-187500.03,-187500.03,-187500.03,-187500.03,-187500.03,-127895.55,-168402.75,-187500.03,-128919.68,-187500.03,-187500.03,-177511.12
6488.3315,-187500.03,-187500.03,-187500.03,-187500.03,-187500.03,-187500.03,-187500.03,-187500.03,-187500.03,-128977.15,-169764.28,-187500.03,-128806.2,-187500.03,-187500.03,-177707.12
6488.354,-187500.03,-187500.03,-187500.03,-187500.03,-187500.03,-187500.03,-187500.03,-187500.03,-187500.03,-137921.83,-176899.72,-187500.03,-135528.06,-187500.03,-187500.03,-186405.23
6488.3765,-187500.03,-187500.03,-187500.03,-187500.03,-187500.03,-187500.03,-187500.03,-187500.03,-187500.03,-137494.55,-175972.97,-187500.03,-136264.38,-187500.03,-187500.03,-186949.3
6488.3984,-187500.03,-187500.03,-187500.03,-187500.03,-187500.03,-187500.03,-187500.03,-187500.03,-187500.03,-128775.445,-169047.3,-187500.03,-129727.6,-187500.03,-187500.03,-178494.03
6488.421,-187500.03,-187500.03,-187500.03,-187500.03,-187500.03,-187500.03,-187500.03,-187500.03,-187500.03,-128013.72,-168914.02,-187500.03,-128208.89,-187500.03,-187500.03,-176886.0
6488.4434,-187500.03,-187500.03,-187500.03,-187500.03,-187500.03,-187500.03,-187500.03,-187500.03,-187500.03,-136522.7,-175854.19,-187500.03,-134370.9,-187500.03,-187500.03,-184942.92
6488.466,-187500.03,-187500.03,-187500.03,-187500.03,-187500.03,-187500.03,-187500.03,-187500.03,-187500.03,-138676.12,-176986.98,-187500.03,-136987.17,-187500.03,-187500.03,-187500.03
6488.4883,-187500.03,-187500.03,-187500.03,-187500.03,-187500.03,-187500.03,-187500.03,-187500.03,-187500.03,-129918.98,-169905.2,-187500.03,-130696.414,-187500.03,-187500.03,-179700.88
6488.5103,-187500.03,-187500.03,-187500.03,-187500.03,-187500.03,-187500.03,-187500.03,-187500.03,-187500.03,-127377.766,-168316.48,-187500.03,-127875.25,-187500.03,-187500.03,-176401.98
6488.5327,-187500.03,-187500.03,-187500.03,-187500.03,-187500.03,-187500.03,-187500.03,-187500.03,-187500.03,-134949.95,-174643.94,-187500.03,-133128.06,-187500.03,-187500.03,-183355.88
6488.555,-187500.03,-187500.03,-187500.03,-187500.03,-187500.03,-187500.03,-187500.03,-187500.03,-187500.03,-139478.4,-177718.81,-187500.03,-137404.11,-187500.03,-187500.03,-187500.03
6488.5776,-187500.03,-187500.03,-187500.03,-187500.03,-187500.03,-187500.03,-187500.03,-187500.03,-187500.03,-131294.5,-170963.19,-187500.03,-131806.08,-187500.03,-187500.03,-181101.94
6488.5996,-187500.03,-187500.03,-187500.03,-187500.03,-187500.03,-187500.03,-187500.03,-187500.03,-187500.03,-127052.17,-167963.5,-187500.03,-127794.805,-187500.03,-187500.03,-176237.1
6488.622,-187500.03,-187500.03,-187500.03,-187500.03,-187500.03,-187500.03,-187500.03,-187500.03,-187500.03,-133279.02,-173321.94,-187500.03,-131857.28,-187500.03,-187500.03,-181714.08
6488.6445,-187500.03,-187500.03,-187500.03,-187500.03,-187500.03,-187500.03,-187500.03,-187500.03,-187500.03,-139802.38,-178086.86,-187500.03,-137450.11,-187500.03,-187500.03,-187500.03
6488.667,-187500.03,-187500.03,-187500.03,-187500.03,-187500.03,-187500.03,-187500.03,-187500.03,-187500.03,-132852.0,-172188.95,-187500.03,-133002.97,-187500.03,-187500.03,-182638.5
6488.6895,-187500.03,-187500.03,-187500.03,-187500.03,-187500.03,-187500.03,-187500.03,-187500.03,-187500.03,-127040.92,-167869.3,-187500.03,-127958.76,-187500.03,-187500.03,-176386.1
6488.7114,-187500.03,-187500.03,-187500.03,-187500.03,-187500.03,-187500.03,-187500.03,-187500.03,-187500.03,-131651.42,-172006.2,-187500.03,-130663.6,-187500.03,-187500.03,-180157.45
6488.734,-187500.03,-187500.03,-187500.03,-187500.03,-187500.03,-187500.03,-187500.03,-187500.03,-187500.03,-139624.62,-178056.55,-187500.03,-137126.39,-187500.03,-187500.03,-187500.03
6488.7563,-187500.03,-187500.03,-187500.03,-187500.03,-187500.03,-187500.03,-187500.03,-187500.03,-187500.03,-134498.81,-173505.3,-187500.03,-134218.97,-187500.03,-187500.03,-184215.17
6488.779,-187500.03,-187500.03,-187500.03,-187500.03,-187500.03,-187500.03,-187500.03,-187500.03,-187500.03,-127343.82,-168034.17,-187500.03,-128360.52,-187500.03,-187500.03,-176835.88
6488.801,-187500.03,-187500.03,-187500.03,-187500.03,-187500.03,-187500.03,-187500.03,-187500.03,-187500.03,-130175.65,-170787.5,-187500.03,-129620.805,-187500.03,-187500.03,-178783.56
6488.823,-187500.03,-187500.03,-187500.03,-187500.03,-187500.03,-187500.03,-187500.03,-187500.03,-187500.03,-138958.64,-177638.28,-187500.03,-136450.5,-187500.03,-187500.03,-187500.03
6488.8457,-187500.03,-187500.03,-187500.03,-187500.03,-187500.03,-187500.03,-187500.03,-187500.03,-187500.03,-136116.27,-174826.5,-187500.03,-135354.2,-187500.03,-187500.03,-185716.78
6488.868,-187500.03,-187500.03,-187500.03,-187500.03,-187500.03,-187500.03,-187500.03,-187500.03,-187500.03,-127946.29,-168446.92,-187500.03,-128975.67,-187500.03,-187500.03,-177568.55
6488.8906,-187500.03,-187500.03,-187500.03,-187500.03,-187500.03,-187500.03,-187500.03,-187500.03,-187500.03,-128930.49,-169728.25,-187500.03,-128784.76,-187500.03,-187500.03,-177665.22
6488.9126,-187500.03,-187500.03,-187500.03,-187500.03,-187500.03,-187500.03,-187500.03,-187500.03,-187500.03,-137863.38,-176861.9,-187500.03,-135485.23,-187500.03,-187500.03,-186339.55
6488.935,-187500.03,-187500.03,-187500.03,-187500.03,-187500.03,-187500.03,-187500.03,-187500.03,-187500.03,-137577.39,-176046.23,-187500.03,-136324.84,-187500.03,-187500.03,-187019.56
6488.9575,-187500.03,-187500.03,-187500.03,-187500.03,-187500.03,-187500.03,-187500.03,-187500.03,-187500.03,-128845.32,-169102.53,-187500.03,-129793.44,-187500.03,-187500.03,-178566.03
6488.98,-187500.03,-187500.03,-187500.03,-187500.03,-187500.03,-187500.03,-187500.03,-187500.03,-187500.03,-127983.836,-168890.33,-187500.03,-128201.586,-187500.03,-187500.03,-176864.23
6489.002,-187500.03,-187500.03,-187500.03,-187500.03,-187500.03,-187500.03,-187500.03,-187500.03,-187500.03,-136450.38,-175807.52,-187500.03,-134322.61,-187500.03,-187500.03,-184870.53
6489.0244,-187500.03,-187500.03,-187500.03,-187500.03,-187500.03,-187500.03,-187500.03,-187500.03,-187500.03,-138750.1,-177061.55,-187500.03,-137044.84,-187500.03,-187500.03,-187500.03
6489.047,-187500.03,-187500.03,-187500.03,-187500.03,-187500.03,-187500.03,-187500.03,-187500.03,-187500.03,-130012.26,-169986.23,-187500.03,-130785.11,-187500.03,-187500.03,-179797.02
6489.0693,-187500.03,-187500.03,-187500.03,-187500.03,-187500.03,-187500.03,-187500.03,-187500.03,-187500.03,-127357.695,-168301.77,-187500.03,-127882.9,-187500.03,-187500.03,-176388.86
6489.092,-187500.03,-187500.03,-187500.03,-187500.03,-187500.03,-187500.03,-187500.03,-187500.03,-187500.03,-134849.64,-174572.36,-187500.03,-133062.78,-187500.03,-187500.03,-183251.81
6489.114,-187500.03,-187500.03,-187500.03,-187500.03,-187500.03,-187500.03,-187500.03,-187500.03,-187500.03,-139514.75,-177763.36,-187500.03,-137430.12,-187500.03,-187500.03,-187500.03
6489.136,-187500.03,-187500.03,-187500.03,-187500.03,-187500.03,-187500.03,-187500.03,-187500.03,-187500.03,-131402.27,-171057.16,-187500.03,-131901.39,-187500.03,-187500.03,-181206.98
6489.1587,-187500.03,-187500.03,-187500.03,-187500.03,-187500.03,-187500.03,-187500.03,-187500.03,-187500.03,-127053.62,-167969.75,-187500.03,-127818.05,-187500.03,-187500.03,-176245.56
6489.181,-187500.03,-187500.03,-187500.03,-187500.03,-187500.03,-187500.03,-187500.03,-187500.03,-187500.03,-133207.12,-173274.95,-187500.03,-131816.64,-187500.03,-187500.03,-181641.95
6489.203,-187500.03,-187500.03,-187500.03,-187500.03,-187500.03,-187500.03,-187500.03,-187500.03,-187500.03,-139815.52,-178112.1,-187500.03,-137462.94,-187500.03,-187500.03,-187500.03
6489.2256,-187500.03,-187500.03,-187500.03,-187500.03,-187500.03,-187500.03,-187500.03,-187500.03,-187500.03,-132947.53,-172272.7,-187500.03,-133089.17,-187500.03,-187500.03,-182725.39
6489.248,-187500.03,-187500.03,-187500.03,-187500.03,-187500.03,-187500.03,-187500.03,-187500.03,-187500.03,-127062.16,-167889.6,-187500.03,-127998.516,-187500.03,-187500.03,-176407.94
6489.2705,-187500.03,-187500.03,-187500.03,-187500.03,-187500.03,-187500.03,-187500.03,-187500.03,-187500.03,-131591.67,-171966.19,-187500.03,-130635.56,-187500.03,-187500.03,-180096.81
6489.2925,-187500.03,-187500.03,-187500.03,-187500.03,-187500.03,-187500.03,-187500.03,-187500.03,-187500.03,-139614.58,-178064.23,-187500.03,-137122.75,-187500.03,-187500.03,-187500.03
6489.315,-187500.03,-187500.03,-187500.03,-187500.03,-187500.03,-187500.03,-187500.03,-187500.03,-187500.03,-134593.47,-173591.67,-187500.03,-134298.08,-187500.03,-187500.03,-184302.05
6489.3374,-187500.03,-187500.03,-187500.03,-187500.03,-187500.03,-187500.03,-187500.03,-187500.03,-187500.03,-127382.086,-168069.92,-187500.03,-128408.4,-187500.03,-187500.03,-176877.16
6489.36,-187500.03,-187500.03,-187500.03,-187500.03,-187500.03,-187500.03,-187500.03,-187500.03,-187500.03,-130134.67,-170759.75,-187500.03,-129605.81,-187500.03,-187500.03,-178743.33
6489.3823,-187500.03,-187500.03,-187500.03,-187500.03,-187500.03,-187500.03,-187500.03,-187500.03,-187500.03,-138936.42,-177631.34,-187500.03,-136440.84,-187500.03,-187500.03,-187500.03
6489.4043,-187500.03,-187500.03,-187500.03,-187500.03,-187500.03,-187500.03,-187500.03,-187500.03,-187500.03,-136200.39,-174901.34,-187500.03,-135426.52,-187500.03,-187500.03,-185791.12
6489.427,-187500.03,-187500.03,-187500.03,-187500.03,-187500.03,-187500.03,-187500.03,-187500.03,-187500.03,-128001.375,-168494.31,-187500.03,-129036.305,-187500.03,-187500.03,-177623.78
6489.449,-187500.03,-187500.03,-187500.03,-187500.03,-187500.03,-187500.03,-187500.03,-187500.03,-187500.03,-128905.28,-169713.14,-187500.03,-128782.57,-187500.03,-187500.03,-177642.52
6489.4717,-187500.03,-187500.03,-187500.03,-187500.03,-187500.03,-187500.03,-187500.03,-187500.03,-187500.03,-137835.11,-176851.67,-187500.03,-135469.39,-187500.03,-187500.03,-186307.97
6489.4937,-187500.03,-187500.03,-187500.03,-187500.03,-187500.03,-187500.03,-187500.03,-187500.03,-187500.03,-137656.92,-176121.97,-187500.03,-136391.1,-187500.03,-187500.03,-187096.31
6489.516,-187500.03,-187500.03,-187500.03,-187500.03,-187500.03,-187500.03,-187500.03,-187500.03,-187500.03,-128908.234,-169159.98,-187500.03,-129858.66,-187500.03,-187500.03,-178634.8
