Tm,Oz,Po7,Po4,Po3,P4,P3,Po8,Pz,Fz,F2,F3,F4,AF3,Cz,AF4,F1
777.349,-187500.03,-187500.03,-187500.03,-187500.03,-187500.03,-187500.03,-187500.03,-187500.03,-187500.03,-142910.4,-177263.47,-187500.03,-140804.69,-187500.03,-187500.03,-187500.03
777.37134,-187500.03,-187500.03,-187500.03,-187500.03,-187500.03,-187500.03,-187500.03,-187500.03,-187500.03,-136545.98,-172445.2,-187500.03,-135197.28,-187500.03,-187500.03,-181335.78
777.3937,-187500.03,-187500.03,-187500.03,-187500.03,-187500.03,-187500.03,-187500.03,-187500.03,-187500.03,-140418.73,-176018.17,-187500.03,-137375.64,-187500.03,-187500.03,-183972.83
777.4161,-187500.03,-187500.03,-187500.03,-187500.03,-187500.03,-187500.03,-187500.03,-187500.03,-187500.03,-148784.17,-182471.44,-187500.03,-144302.44,-187500.03,-187500.03,-187500.03
777.4384,-187500.03,-187500.03,-187500.03,-187500.03,-187500.03,-187500.03,-187500.03,-187500.03,-187500.03,-144557.28,-178598.53,-187500.03,-142038.23,-187500.03,-187500.03,-187500.03
777.46075,-187500.03,-187500.03,-187500.03,-187500.03,-187500.03,-187500.03,-187500.03,-187500.03,-187500.03,-136979.22,-172721.92,-187500.03,-135711.23,-187500.03,-187500.03,-182042.78
777.4831,-187500.03,-187500.03,-187500.03,-187500.03,-187500.03,-187500.03,-187500.03,-187500.03,-187500.03,-139041.17,-174863.83,-187500.03,-136382.88,-187500.03,-187500.03,-182723.3
777.50543,-187500.03,-187500.03,-187500.03,-187500.03,-187500.03,-187500.03,-187500.03,-187500.03,-187500.03,-147945.84,-181902.84,-187500.03,-143477.58,-187500.03,-187500.03,-187500.03
777.52783,-187500.03,-187500.03,-187500.03,-187500.03,-187500.03,-187500.03,-187500.03,-187500.03,-187500.03,-146130.95,-179894.86,-187500.03,-143167.0,-187500.03,-187500.03,-187500.03
777.5502,-187500.03,-187500.03,-187500.03,-187500.03,-187500.03,-187500.03,-187500.03,-187500.03,-187500.03,-137704.16,-173236.38,-187500.03,-136444.53,-187500.03,-187500.03,-183024.56
777.5725,-187500.03,-187500.03,-187500.03,-187500.03,-187500.03,-187500.03,-187500.03,-187500.03,-187500.03,-137920.48,-173894.31,-187500.03,-135628.98,-187500.03,-187500.03,-181771.6
777.59485,-187500.03,-187500.03,-187500.03,-187500.03,-187500.03,-187500.03,-187500.03,-187500.03,-187500.03,-146709.95,-181000.02,-187500.03,-142383.94,-187500.03,-187500.03,-187500.03
777.6172,-187500.03,-187500.03,-187500.03,-187500.03,-187500.03,-187500.03,-187500.03,-187500.03,-187500.03,-147472.33,-181031.61,-187500.03,-144068.36,-187500.03,-187500.03,-187500.03
777.6396,-187500.03,-187500.03,-187500.03,-187500.03,-187500.03,-187500.03,-187500.03,-187500.03,-187500.03,-138698.02,-173976.73,-187500.03,-137359.61,-187500.03,-187500.03,-184224.97
777.6619,-187500.03,-187500.03,-187500.03,-187500.03,-187500.03,-187500.03,-187500.03,-187500.03,-187500.03,-137106.31,-173155.81,-187500.03,-135136.34,-187500.03,-187500.03,-181157.36
777.68427,-187500.03,-187500.03,-187500.03,-187500.03,-187500.03,-187500.03,-187500.03,-187500.03,-187500.03,-145219.27,-179865.14,-187500.03,-141132.28,-187500.03,-187500.03,-187500.03
777.7066,-187500.03,-187500.03,-187500.03,-187500.03,-187500.03,-187500.03,-187500.03,-187500.03,-187500.03,-148486.55,-181925.75,-187500.03,-144679.06,-187500.03,-187500.03,-187500.03
777.72894,-187500.03,-187500.03,-187500.03,-187500.03,-187500.03,-187500.03,-187500.03,-187500.03,-187500.03,-139946.22,-174933.34,-187500.03,-138438.33,-187500.03,-187500.03,-185596.6
777.75134,-187500.03,-187500.03,-187500.03,-187500.03,-187500.03,-187500.03,-187500.03,-187500.03,-187500.03,-136608.1,-172668.75,-187500.03,-134911.94,-187500.03,-187500.03,-180887.95
777.7737,-187500.03,-187500.03,-187500.03,-187500.03,-187500.03,-187500.03,-187500.03,-187500.03,-187500.03,-143569.62,-178575.52,-187500.03,-139802.05,-187500.03,-187500.03,-186946.9
777.796,-187500.03,-187500.03,-187500.03,-187500.03,-187500.03,-187500.03,-187500.03,-187500.03,-187500.03,-149064.73,-182489.53,-187500.03,-144926.38,-187500.03,-187500.03,-187500.03
777.81836,-187500.03,-187500.03,-187500.03,-187500.03,-187500.03,-187500.03,-187500.03,-187500.03,-187500.03,-141410.61,-176080.55,-187500.03,-139637.06,-187500.03,-187500.03,-187075.08
777.84076,-187500.03,-187500.03,-187500.03,-187500.03,-187500.03,-187500.03,-187500.03,-187500.03,-187500.03,-136430.16,-172440.6,-187500.03,-134947.97,-187500.03,-187500.03,-180959.78
777.8631,-187500.03,-187500.03,-187500.03,-187500.03,-187500.03,-187500.03,-187500.03,-187500.03,-187500.03,-141910.58,-177248.77,-187500.03,-138509.28,-187500.03,-187500.03,-185361.9
777.88544,-187500.03,-187500.03,-187500.03,-187500.03,-187500.03,-187500.03,-187500.03,-187500.03,-187500.03,-149153.22,-182671.44,-187500.03,-144788.42,-187500.03,-187500.03,-187500.03
777.9078,-187500.03,-187500.03,-187500.03,-187500.03,-187500.03,-187500.03,-187500.03,-187500.03,-187500.03,-142990.8,-177341.7,-187500.03,-140875.1,-187500.03,-187500.03,-187500.03
777.9301,-187500.03,-187500.03,-187500.03,-187500.03,-187500.03,-187500.03,-187500.03,-187500.03,-187500.03,-136560.12,-172468.17,-187500.03,-135228.5,-187500.03,-187500.03,-181358.22
777.9525,-187500.03,-187500.03,-187500.03,-187500.03,-187500.03,-187500.03,-187500.03,-187500.03,-187500.03,-140346.2,-175971.98,-187500.03,-137332.23,-187500.03,-187500.03,-183901.1
777.97485,-187500.03,-187500.03,-187500.03,-187500.03,-187500.03,-187500.03,-187500.03,-187500.03,-187500.03,-148750.33,-182463.83,-187500.03,-144278.53,-187500.03,-187500.03,-187500.03
777.9972,-187500.03,-187500.03,-187500.03,-187500.03,-187500.03,-187500.03,-187500.03,-187500.03,-187500.03,-144629.0,-178669.66,-187500.03,-142101.56,-187500.03,-187500.03,-187500.03
778.01953,-187500.03,-187500.03,-187500.03,-187500.03,-187500.03,-187500.03,-187500.03,-187500.03,-187500.03,-136996.55,-172742.56,-187500.03,-135743.34,-187500.03,-187500.03,-182073.61
778.0419,-187500.03,-187500.03,-187500.03,-187500.03,-187500.03,-187500.03,-187500.03,-187500.03,-187500.03,-138969.78,-174813.86,-187500.03,-136341.17,-187500.03,-187500.03,-182662.4
778.0643,-187500.03,-187500.03,-187500.03,-187500.03,-187500.03,-187500.03,-187500.03,-187500.03,-187500.03,-147877.97,-181864.84,-187500.03,-143424.77,-187500.03,-187500.03,-187500.03
778.0866,-187500.03,-187500.03,-187500.03,-187500.03,-187500.03,-187500.03,-187500.03,-187500.03,-187500.03,-146181.81,-179950.25,-187500.03,-143205.19,-187500.03,-187500.03,-187500.03
778.10895,-187500.03,-187500.03,-187500.03,-187500.03,-187500.03,-187500.03,-187500.03,-187500.03,-187500.03,-137732.95,-173266.27,-187500.03,-136477.45,-187500.03,-187500.03,-183072.28
778.1313,-187500.03,-187500.03,-187500.03,-187500.03,-187500.03,-187500.03,-187500.03,-187500.03,-187500.03,-137854.38,-173845.34,-187500.03,-135586.34,-187500.03,-187500.03,-181722.95
778.1536,-187500.03,-187500.03,-187500.03,-187500.03,-187500.03,-187500.03,-187500.03,-187500.03,-187500.03,-146614.62,-180934.98,-187500.03,-142306.48,-187500.03,-187500.03,-187500.03
778.176,-187500.03,-187500.03,-187500.03,-187500.03,-187500.03,-187500.03,-187500.03,-187500.03,-187500.03,-147501.11,-181065.38,-187500.03,-144084.1,-187500.03,-187500.03,-187500.03
778.19836,-187500.03,-187500.03,-187500.03,-187500.03,-187500.03,-187500.03,-187500.03,-187500.03,-187500.03,-138732.8,-174006.8,-187500.03,-137393.92,-187500.03,-187500.03,-184274.64
778.2207,-187500.03,-187500.03,-187500.03,-187500.03,-187500.03,-187500.03,-187500.03,-187500.03,-187500.03,-137053.44,-173112.67,-187500.03,-135103.11,-187500.03,-187500.03,-181122.05
778.24304,-187500.03,-187500.03,-187500.03,-187500.03,-187500.03,-187500.03,-187500.03,-187500.03,-187500.03,-145113.66,-179784.52,-187500.03,-141045.38,-187500.03,-187500.03,-187500.03
778.26544,-187500.03,-187500.03,-187500.03,-187500.03,-187500.03,-187500.03,-187500.03,-187500.03,-187500.03,-148476.97,-181924.05,-187500.03,-144658.06,-187500.03,-187500.03,-187500.03
778.2878,-187500.03,-187500.03,-187500.03,-187500.03,-187500.03,-187500.03,-187500.03,-187500.03,-187500.03,-139976.02,-174955.08,-187500.03,-138458.58,-187500.03,-187500.03,-185635.6
778.3101,-187500.03,-187500.03,-187500.03,-187500.03,-187500.03,-187500.03,-187500.03,-187500.03,-187500.03,-136571.52,-172632.06,-187500.03,-134885.78,-187500.03,-187500.03,-180865.55
778.33246,-187500.03,-187500.03,-187500.03,-187500.03,-187500.03,-187500.03,-187500.03,-187500.03,-187500.03,-143488.64,-178505.7,-187500.03,-139734.44,-187500.03,-187500.03,-186879.34
778.3548,-187500.03,-187500.03,-187500.03,-187500.03,-187500.03,-187500.03,-187500.03,-187500.03,-187500.03,-149030.84,-182459.67,-187500.03,-144888.5,-187500.03,-187500.03,-187500.03
778.3772,-187500.03,-187500.03,-187500.03,-187500.03,-187500.03,-187500.03,-187500.03,-187500.03,-187500.03,-141413.47,-176074.69,-187500.03,-139631.88,-187500.03,-187500.03,-187086.2
778.39954,-187500.03,-187500.03,-187500.03,-187500.03,-187500.03,-187500.03,-187500.03,-187500.03,-187500.03,-136392.08,-172398.31,-187500.03,-134914.28,-187500.03,-187500.03,-180934.34
778.4219,-187500.03,-187500.03,-187500.03,-187500.03,-187500.03,-187500.03,-187500.03,-187500.03,-187500.03,-141825.16,-177172.31,-187500.03,-138434.67,-187500.03,-187500.03,-185291.16
778.4442,-187500.03,-187500.03,-187500.03,-187500.03,-187500.03,-187500.03,-187500.03,-187500.03,-187500.03,-149101.22,-182626.61,-187500.03,-144733.83,-187500.03,-187500.03,-187500.03
778.46655,-187500.03,-187500.03,-187500.03,-187500.03,-187500.03,-187500.03,-187500.03,-187500.03,-187500.03,-143004.55,-177345.14,-187500.03,-140876.36,-187500.03,-187500.03,-187500.03
778.48895,-187500.03,-187500.03,-187500.03,-187500.03,-187500.03,-187500.03,-187500.03,-187500.03,-187500.03,-136528.69,-172429.1,-187500.03,-135201.19,-187500.03,-187500.03,-181344.55
778.5113,-187500.03,-187500.03,-187500.03,-187500.03,-187500.03,-187500.03,-187500.03,-187500.03,-187500.03,-140253.61,-175884.78,-187500.03,-137255.53,-187500.03,-187500.03,-183824.7
778.5336,-187500.03,-187500.03,-187500.03,-187500.03,-187500.03,-187500.03,-187500.03,-187500.03,-187500.03,-148676.4,-182396.86,-187500.03,-144205.89,-187500.03,-187500.03,-187500.03
778.55597,-187500.03,-187500.03,-187500.03,-187500.03,-187500.03,-187500.03,-187500.03,-187500.03,-187500.03,-144643.3,-178671.4,-187500.03,-142101.27,-187500.03,-187500.03,-187500.03
778.5783,-187500.03,-187500.03,-187500.03,-187500.03,-187500.03,-187500.03,-187500.03,-187500.03,-187500.03,-136981.19,-172715.88,-187500.03,-135727.83,-187500.03,-187500.03,-182072.67
778.6007,-187500.03,-187500.03,-187500.03,-187500.03,-187500.03,-187500.03,-187500.03,-187500.03,-187500.03,-138887.12,-174735.45,-187500.03,-136272.8,-187500.03,-187500.03,-182591.62
778.62305,-187500.03,-187500.03,-187500.03,-187500.03,-187500.03,-187500.03,-187500.03,-187500.03,-187500.03,-147796.72,-181796.05,-187500.03,-143351.0,-187500.03,-187500.03,-187500.03
778.6454,-187500.03,-187500.03,-187500.03,-187500.03,-187500.03,-187500.03,-187500.03,-187500.03,-187500.03,-146178.33,-179943.8,-187500.03,-143192.98,-187500.03,-187500.03,-187500.03
778.6677,-187500.03,-187500.03,-187500.03,-187500.03,-187500.03,-187500.03,-187500.03,-187500.03,-187500.03,-137718.02,-173246.95,-187500.03,-136464.6,-187500.03,-187500.03,-183062.55
778.6901,-187500.03,-187500.03,-187500.03,-187500.03,-187500.03,-187500.03,-187500.03,-187500.03,-187500.03,-137803.4,-173796.45,-187500.03,-135544.95,-187500.03,-187500.03,-181675.89
778.71246,-187500.03,-187500.03,-187500.03,-187500.03,-187500.03,-187500.03,-187500.03,-187500.03,-187500.03,-146562.64,-180888.03,-187500.03,-142257.66,-187500.03,-187500.03,-187500.03
778.7348,-187500.03,-187500.03,-187500.03,-187500.03,-187500.03,-187500.03,-187500.03,-187500.03,-187500.03,-147481.69,-181046.52,-187500.03,-144057.31,-187500.03,-187500.03,-187500.03
778.75714,-187500.03,-187500.03,-187500.03,-187500.03,-187500.03,-187500.03,-187500.03,-187500.03,-187500.03,-138715.95,-173990.9,-187500.03,-137373.9,-187500.03,-187500.03,-184261.36
778.7795,-187500.03,-187500.03,-187500.03,-187500.03,-187500.03,-187500.03,-187500.03,-187500.03,-187500.03,-137004.52,-173071.02,-187500.03,-135062.11,-187500.03,-187500.03,-181078.34
778.8019,-187500.03,-187500.03,-187500.03,-187500.03,-187500.03,-187500.03,-187500.03,-187500.03,-187500.03,-145048.0,-179733.27,-187500.03,-140989.23,-187500.03,-187500.03,-187500.03
778.8242,-187500.03,-187500.03,-187500.03,-187500.03,-187500.03,-187500.03,-187500.03,-187500.03,-187500.03,-148468.36,-181919.42,-187500.03,-144646.08,-187500.03,-187500.03,-187500.03
778.84656,-187500.03,-187500.03,-187500.03,-187500.03,-187500.03,-187500.03,-187500.03,-187500.03,-187500.03,-139983.83,-174960.0,-187500.03,-138466.5,-187500.03,-187500.03,-185650.97
778.8689,-187500.03,-187500.03,-187500.03,-187500.03,-187500.03,-187500.03,-187500.03,-187500.03,-187500.03,-136524.28,-172590.53,-187500.03,-134851.52,-187500.03,-187500.03,-180831.77
778.89124,-187500.03,-187500.03,-187500.03,-187500.03,-187500.03,-187500.03,-187500.03,-187500.03,-187500.03,-143387.55,-178425.23,-187500.03,-139649.92,-187500.03,-187500.03,-186789.39
778.91364,-187500.03,-187500.03,-187500.03,-187500.03,-187500.03,-187500.03,-187500.03,-187500.03,-187500.03,-149015.44,-182451.98,-187500.03,-144863.16,-187500.03,-187500.03,-187500.03
778.936,-187500.03,-187500.03,-187500.03,-187500.03,-187500.03,-187500.03,-187500.03,-187500.03,-187500.03,-141451.73,-176104.53,-187500.03,-139660.45,-187500.03,-187500.03,-187133.92
778.9583,-187500.03,-187500.03,-187500.03,-187500.03,-187500.03,-187500.03,-187500.03,-187500.03,-187500.03,-136362.0,-172370.36,-187500.03,-134897.45,-187500.03,-187500.03,-180926.05
778.98065,-187500.03,-187500.03,-187500.03,-187500.03,-187500.03,-187500.03,-187500.03,-187500.03,-187500.03,-141713.88,-177080.28,-187500.03,-138347.8,-187500.03,-187500.03,-185194.02
779.00305,-187500.03,-187500.03,-187500.03,-187500.03,-187500.03,-187500.03,-187500.03,-187500.03,-187500.03,-149067.25,-182600.17,-187500.03,-144695.44,-187500.03,-187500.03,-187500.03
779.0254,-187500.03,-187500.03,-187500.03,-187500.03,-187500.03,-187500.03,-187500.03,-187500.03,-187500.03,-143055.92,-177380.66,-187500.03,-140912.31,-187500.03,-187500.03,-187500.03
779.0477,-187500.03,-187500.03,-187500.03,-187500.03,-187500.03,-187500.03,-187500.03,-187500.03,-187500.03,-136515.98,-172411.58,-187500.03,-135197.34,-187500.03,-187500.03,-181354.88
779.07007,-187500.03,-187500.03,-187500.03,-187500.03,-187500.03,-187500.03,-187500.03,-187500.03,-187500.03,-140149.77,-175797.48,-187500.03,-137173.12,-187500.03,-187500.03,-183735.9
779.0924,-187500.03,-187500.03,-187500.03,-187500.03,-187500.03,-187500.03,-187500.03,-187500.03,-187500.03,-148614.55,-182350.38,-187500.03,-144143.12,-187500.03,-187500.03,-187500.03
779.1148,-187500.03,-187500.03,-187500.03,-187500.03,-187500.03,-187500.03,-187500.03,-187500.03,-187500.03,-144682.31,-178701.8,-187500.03,-142121.31,-187500.03,-187500.03,-187500.03
779.13715,-187500.03,-187500.03,-187500.03,-187500.03,-187500.03,-187500.03,-187500.03,-187500.03,-187500.03,-136973.89,-172705.73,-187500.03,-135723.75,-187500.03,-187500.03,-182082.78
779.1595,-187500.03,-187500.03,-187500.03,-187500.03,-187500.03,-187500.03,-187500.03,-187500.03,-187500.03,-138798.88,-174659.64,-187500.03,-136201.33,-187500.03,-187500.03,-182511.97
779.1818,-187500.03,-187500.03,-187500.03,-187500.03,-187500.03,-187500.03,-187500.03,-187500.03,-187500.03,-147716.92,-181733.03,-187500.03,-143273.69,-187500.03,-187500.03,-187500.03
779.20416,-187500.03,-187500.03,-187500.03,-187500.03,-187500.03,-187500.03,-187500.03,-187500.03,-187500.03,-146214.03,-179970.45,-187500.03,-143206.48,-187500.03,-187500.03,-187500.03
779.22656,-187500.03,-187500.03,-187500.03,-187500.03,-187500.03,-187500.03,-187500.03,-187500.03,-187500.03,-137726.0,-173246.55,-187500.03,-136469.4,-187500.03,-187500.03,-183078.9
779.2489,-187500.03,-187500.03,-187500.03,-187500.03,-187500.03,-187500.03,-187500.03,-187500.03,-187500.03,-137707.67,-173711.6,-187500.03,-135467.75,-187500.03,-187500.03,-181585.48
779.27124,-187500.03,-187500.03,-187500.03,-187500.03,-187500.03,-187500.03,-187500.03,-187500.03,-187500.03,-146433.28,-180787.36,-187500.03,-142140.31,-187500.03,-187500.03,-187500.03
779.2936,-187500.03,-187500.03,-187500.03,-187500.03,-187500.03,-187500.03,-187500.03,-187500.03,-187500.03,-147523.06,-181083.69,-187500.03,-144071.28,-187500.03,-187500.03,-187500.03
779.3159,-187500.03,-187500.03,-187500.03,-187500.03,-187500.03,-187500.03,-187500.03,-187500.03,-187500.03,-138755.05,-174018.31,-187500.03,-137406.5,-187500.03,-187500.03,-184309.72
779.3383,-187500.03,-187500.03,-187500.03,-187500.03,-187500.03,-187500.03,-187500.03,-187500.03,-187500.03,-136924.86,-172998.84,-187500.03,-135001.98,-187500.03,-187500.03,-181010.94
779.36066,-187500.03,-187500.03,-187500.03,-187500.03,-187500.03,-187500.03,-187500.03,-187500.03,-187500.03,-144895.8,-179610.4,-187500.03,-140855.34,-187500.03,-187500.03,-187500.03
779.383,-187500.03,-187500.03,-187500.03,-187500.03,-187500.03,-187500.03,-187500.03,-187500.03,-187500.03,-148483.3,-181932.67,-187500.03,-144632.22,-187500.03,-187500.03,-187500.03
779.40533,-187500.03,-187500.03,-187500.03,-187500.03,-187500.03,-187500.03,-187500.03,-187500.03,-187500.03,-140036.03,-174996.53,-187500.03,-138501.83,-187500.03,-187500.03,-185711.08
779.42773,-187500.03,-187500.03,-187500.03,-187500.03,-187500.03,-187500.03,-187500.03,-187500.03,-187500.03,-136468.78,-172538.53,-187500.03,-134809.53,-187500.03,-187500.03,-180793.67
779.4501,-187500.03,-187500.03,-187500.03,-187500.03,-187500.03,-187500.03,-187500.03,-187500.03,-187500.03,-143239.62,-178305.61,-187500.03,-139523.81,-187500.03,-187500.03,-186650.48
779.4724,-187500.03,-187500.03,-187500.03,-187500.03,-187500.03,-187500.03,-187500.03,-187500.03,-187500.03,-149006.67,-182449.27,-187500.03,-144833.14,-187500.03,-187500.03,-187500.03
779.49475,-187500.03,-187500.03,-187500.03,-187500.03,-187500.03,-187500.03,-187500.03,-187500.03,-187500.03,-141526.22,-176159.73,-187500.03,-139712.69,-187500.03,-187500.03,-187208.7
779.5171,-187500.03,-187500.03,-187500.03,-187500.03,-187500.03,-187500.03,-187500.03,-187500.03,-187500.03,-136341.48,-172343.95,-187500.03,-134886.28,-187500.03,-187500.03,-180924.6
779.5395,-187500.03,-187500.03,-187500.03,-187500.03,-187500.03,-187500.03,-187500.03,-187500.03,-187500.03,-141589.11,-176974.66,-187500.03,-138243.78,-187500.03,-187500.03,-185078.86
779.5618,-187500.03,-187500.03,-187500.03,-187500.03,-187500.03,-187500.03,-187500.03,-187500.03,-187500.03,-149037.52,-182579.84,-187500.03,-144647.86,-187500.03,-187500.03,-187500.03
779.58417,-187500.03,-187500.03,-187500.03,-187500.03,-187500.03,-187500.03,-187500.03,-187500.03,-187500.03,-143149.8,-177453.69,-187500.03,-140972.47,-187500.03,-187500.03,-187500.03
779.6065,-187500.03,-187500.03,-187500.03,-187500.03,-187500.03,-187500.03,-187500.03,-187500.03,-187500.03,-136526.33,-172412.61,-187500.03,-135206.45,-187500.03,-187500.03,-181384.33
779.62885,-187500.03,-187500.03,-187500.03,-187500.03,-187500.03,-187500.03,-187500.03,-187500.03,-187500.03,-140045.64,-175708.5,-187500.03,-137089.14,-187500.03,-187500.03,-183639.08
779.65125,-187500.03,-187500.03,-187500.03,-187500.03,-187500.03,-187500.03,-187500.03,-187500.03,-187500.03,-148567.2,-182315.86,-187500.03,-144087.55,-187500.03,-187500.03,-187500.03
779.6736,-187500.03,-187500.03,-187500.03,-187500.03,-187500.03,-187500.03,-187500.03,-187500.03,-187500.03,-144793.56,-178788.89,-187500.03,-142196.9,-187500.03,-187500.03,-187500.03
779.6959,-187500.03,-187500.03,-187500.03,-187500.03,-187500.03,-187500.03,-187500.03,-187500.03,-187500.03,-137014.52,-172731.31,-187500.03,-135763.95,-187500.03,-187500.03,-182142.2
779.71826,-187500.03,-187500.03,-187500.03,-187500.03,-187500.03,-187500.03,-187500.03,-187500.03,-187500.03,-138708.8,-174580.56,-187500.03,-136134.62,-187500.03,-187500.03,-182433.31
779.7406,-187500.03,-187500.03,-187500.03,-187500.03,-187500.03,-187500.03,-187500.03,-187500.03,-187500.03,-147637.33,-181672.45,-187500.03,-143194.38,-187500.03,-187500.03,-187500.03
779.763,-187500.03,-187500.03,-187500.03,-187500.03,-187500.03,-187500.03,-187500.03,-187500.03,-187500.03,-146315.44,-180053.11,-187500.03,-143269.03,-187500.03,-187500.03,-187500.03
779.78534,-187500.03,-187500.03,-187500.03,-187500.03,-187500.03,-187500.03,-187500.03,-187500.03,-187500.03,-137785.3,-173291.08,-187500.03,-136521.12,-187500.03,-187500.03,-183156.42
779.8077,-187500.03,-187500.03,-187500.03,-187500.03,-187500.03,-187500.03,-187500.03,-187500.03,-187500.03,-137661.73,-173672.4,-187500.03,-135439.4,-187500.03,-187500.03,-181556.14
779.83,-187500.03,-187500.03,-187500.03,-187500.03,-187500.03,-187500.03,-187500.03,-187500.03,-187500.03,-146366.0,-180737.34,-187500.03,-142083.05,-187500.03,-187500.03,-187500.03
779.8524,-187500.03,-187500.03,-187500.03,-187500.03,-187500.03,-187500.03,-187500.03,-187500.03,-187500.03,-147588.23,-181139.6,-187500.03,-144112.66,-187500.03,-187500.03,-187500.03
779.87476,-187500.03,-187500.03,-187500.03,-187500.03,-187500.03,-187500.03,-187500.03,-187500.03,-187500.03,-138814.2,-174063.64,-187500.03,-137456.19,-187500.03,-187500.03,-184380.8
779.8971,-187500.03,-187500.03,-187500.03,-187500.03,-187500.03,-187500.03,-187500.03,-187500.03,-187500.03,-136897.64,-172975.08,-187500.03,-134985.3,-187500.03,-187500.03,-180999.25
779.91943,-187500.03,-187500.03,-187500.03,-187500.03,-187500.03,-187500.03,-187500.03,-187500.03,-187500.03,-144822.7,-179556.23,-187500.03,-140793.3,-187500.03,-187500.03,-187500.03
779.9418,-187500.03,-187500.03,-187500.03,-187500.03,-187500.03,-187500.03,-187500.03,-187500.03,-187500.03,-148525.72,-181974.33,-187500.03,-144654.73,-187500.03,-187500.03,-187500.03
779.9642,-187500.03,-187500.03,-187500.03,-187500.03,-187500.03,-187500.03,-187500.03,-187500.03,-187500.03,-140108.19,-175055.42,-187500.03,-138562.62,-187500.03,-187500.03,-185790.58
779.9865,-187500.03,-187500.03,-187500.03,-187500.03,-187500.03,-187500.03,-187500.03,-187500.03,-187500.03,-136453.98,-172524.62,-187500.03,-134807.11,-187500.03,-187500.03,-180795.14
780.00885,-187500.03,-187500.03,-187500.03,-187500.03,-187500.03,-187500.03,-187500.03,-187500.03,-187500.03,-143163.66,-178245.84,-187500.03,-139463.3,-187500.03,-187500.03,-186578.69
780.0312,-187500.03,-187500.03,-187500.03,-187500.03,-187500.03,-187500.03,-187500.03,-187500.03,-187500.03,-149024.2,-182468.16,-187500.03,-144835.7,-187500.03,-187500.03,-187500.03
780.0535,-187500.03,-187500.03,-187500.03,-187500.03,-187500.03,-187500.03,-187500.03,-187500.03,-187500.03,-141607.77,-176225.95,-187500.03,-139775.33,-187500.03,-187500.03,-187286.4
780.0759,-187500.03,-187500.03,-187500.03,-187500.03,-187500.03,-187500.03,-187500.03,-187500.03,-187500.03,-136343.1,-172345.45,-187500.03,-134895.38,-187500.03,-187500.03,-180937.78
780.09827,-187500.03,-187500.03,-187500.03,-187500.03,-187500.03,-187500.03,-187500.03,-187500.03,-187500.03,-141515.84,-176920.81,-187500.03,-138190.4,-187500.03,-187500.03,-185006.61
780.1206,-187500.03,-187500.03,-187500.03,-187500.03,-187500.03,-187500.03,-187500.03,-187500.03,-187500.03,-149027.67,-182582.88,-187500.03,-144635.12,-187500.03,-187500.03,-187500.03
780.14294,-187500.03,-187500.03,-187500.03,-187500.03,-187500.03,-187500.03,-187500.03,-187500.03,-187500.03,-143232.77,-177526.75,-187500.03,-141042.44,-187500.03,-187500.03,-187500.03
780.1653,-187500.03,-187500.03,-187500.03,-187500.03,-187500.03,-187500.03,-187500.03,-187500.03,-187500.03,-136548.05,-172432.06,-187500.03,-135239.55,-187500.03,-187500.03,-181408.88
780.1877,-187500.03,-187500.03,-187500.03,-187500.03,-187500.03,-187500.03,-187500.03,-187500.03,-187500.03,-139994.47,-175668.78,-187500.03,-137058.73,-187500.03,-187500.03,-183581.77
780.21,-187500.03,-187500.03,-187500.03,-187500.03,-187500.03,-187500.03,-187500.03,-187500.03,-187500.03,-148543.33,-182301.42,-187500.03,-144066.66,-187500.03,-187500.03,-187500.03
780.23236,-187500.03,-187500.03,-187500.03,-187500.03,-187500.03,-187500.03,-187500.03,-187500.03,-187500.03,-144870.8,-178852.72,-187500.03,-142259.22,-187500.03,-187500.03,-187500.03
780.2547,-187500.03,-187500.03,-187500.03,-187500.03,-187500.03,-187500.03,-187500.03,-187500.03,-187500.03,-137055.78,-172762.16,-187500.03,-135808.73,-187500.03,-187500.03,-182181.05
780.2771,-187500.03,-187500.03,-187500.03,-187500.03,-187500.03,-187500.03,-187500.03,-187500.03,-187500.03,-138672.55,-174547.83,-187500.03,-136115.84,-187500.03,-187500.03,-182389.27
780.29944,-187500.03,-187500.03,-187500.03,-187500.03,-187500.03,-187500.03,-187500.03,-187500.03,-187500.03,-147599.22,-181643.83,-187500.03,-143163.98,-187500.03,-187500.03,-187500.03
780.3218,-187500.03,-187500.03,-187500.03,-187500.03,-187500.03,-187500.03,-187500.03,-187500.03,-187500.03,-146407.92,-180126.86,-187500.03,-143341.8,-187500.03,-187500.03,-187500.03
780.3441,-187500.03,-187500.03,-187500.03,-187500.03,-187500.03,-187500.03,-187500.03,-187500.03,-187500.03,-137859.28,-173339.8,-187500.03,-136593.78,-187500.03,-187500.03,-183233.86
780.36646,-187500.03,-187500.03,-187500.03,-187500.03,-187500.03,-187500.03,-187500.03,-187500.03,-187500.03,-137618.03,-173622.92,-187500.03,-135416.8,-187500.03,-187500.03,-181515.66
780.38885,-187500.03,-187500.03,-187500.03,-187500.03,-187500.03,-187500.03,-187500.03,-187500.03,-187500.03,-146283.61,-180667.16,-187500.03,-142011.75,-187500.03,-187500.03,-187500.03
780.4112,-187500.03,-187500.03,-187500.03,-187500.03,-187500.03,-187500.03,-187500.03,-187500.03,-187500.03,-147686.34,-181215.75,-187500.03,-144177.0,-187500.03,-187500.03,-187500.03
780.43353,-187500.03,-187500.03,-187500.03,-187500.03,-187500.03,-187500.03,-187500.03,-187500.03,-187500.03,-138922.08,-174139.81,-187500.03,-137550.27,-187500.03,-187500.03,-184502.23
780.4559,-187500.03,-187500.03,-187500.03,-187500.03,-187500.03,-187500.03,-187500.03,-187500.03,-187500.03,-136871.44,-172940.75,-187500.03,-134980.48,-187500.03,-187500.03,-180992.9
780.4782,-187500.03,-187500.03,-187500.03,-187500.03,-187500.03,-187500.03,-187500.03,-187500.03,-187500.03,-144720.77,-179470.48,-187500.03,-140714.92,-187500.03,-187500.03,-187500.03
780.5006,-187500.03,-187500.03,-187500.03,-187500.03,-187500.03,-187500.03,-187500.03,-187500.03,-187500.03,-148593.31,-182029.4,-187500.03,-144697.62,-187500.03,-187500.03,-187500.03
780.52295,-187500.03,-187500.03,-187500.03,-187500.03,-187500.03,-187500.03,-187500.03,-187500.03,-187500.03,-140230.94,-175147.98,-187500.03,-138666.38,-187500.03,-187500.03,-185924.45
780.5453,-187500.03,-187500.03,-187500.03,-187500.03,-187500.03,-187500.03,-187500.03,-187500.03,-187500.03,-136446.56,-172511.8,-187500.03,-134816.28,-187500.03,-187500.03,-180817.39
780.5676,-187500.03,-187500.03,-187500.03,-187500.03,-187500.03,-187500.03,-187500.03,-187500.03,-187500.03,-143045.05,-178154.67,-187500.03,-139371.75,-187500.03,-187500.03,-186477.6
780.58997,-187500.03,-187500.03,-187500.03,-187500.03,-187500.03,-187500.03,-187500.03,-187500.03,-187500.03,-149041.22,-182494.23,-187500.03,-144834.19,-187500.03,-187500.03,-187500.03
780.61237,-187500.03,-187500.03,-187500.03,-187500.03,-187500.03,-187500.03,-187500.03,-187500.03,-187500.03,-141728.86,-176327.27,-187500.03,-139874.25,-187500.03,-187500.03,-187418.31
780.6347,-187500.03,-187500.03,-187500.03,-187500.03,-187500.03,-187500.03,-187500.03,-187500.03,-187500.03,-136345.58,-172346.27,-187500.03,-134914.0,-187500.03,-187500.03,-180977.97
780.65704,-187500.03,-187500.03,-187500.03,-187500.03,-187500.03,-187500.03,-187500.03,-187500.03,-187500.03,-141387.81,-176822.16,-187500.03,-138094.61,-187500.03,-187500.03,-184902.36
780.6794,-187500.03,-187500.03,-187500.03,-187500.03,-187500.03,-187500.03,-187500.03,-187500.03,-187500.03,-148999.78,-182573.4,-187500.03,-144597.61,-187500.03,-187500.03,-187500.03
780.7018,-187500.03,-187500.03,-187500.03,-187500.03,-187500.03,-187500.03,-187500.03,-187500.03,-187500.03,-143348.38,-177623.75,-187500.03,-141128.05,-187500.03,-187500.03,-187500.03
780.7241,-187500.03,-187500.03,-187500.03,-187500.03,-187500.03,-187500.03,-187500.03,-187500.03,-187500.03,-136564.94,-172443.23,-187500.03,-135263.39,-187500.03,-187500.03,-181459.89
780.74646,-187500.03,-187500.03,-187500.03,-187500.03,-187500.03,-187500.03,-187500.03,-187500.03,-187500.03,-139865.81,-175566.39,-187500.03,-136960.39,-187500.03,-187500.03,-183474.61
780.7688,-187500.03,-187500.03,-187500.03,-187500.03,-187500.03,-187500.03,-187500.03,-187500.03,-187500.03,-148467.0,-182254.56,-187500.03,-143988.72,-187500.03,-187500.03,-187500.03
780.79114,-187500.03,-187500.03,-187500.03,-187500.03,-187500.03,-187500.03,-187500.03,-187500.03,-187500.03,-144970.66,-178940.4,-187500.03,-142325.28,-187500.03,-187500.03,-187500.03
780.81354,-187500.03,-187500.03,-187500.03,-187500.03,-187500.03,-187500.03,-187500.03,-187500.03,-187500.03,-137087.3,-172787.77,-187500.03,-135842.69,-187500.03,-187500.03,-182238.03
780.8359,-187500.03,-187500.03,-187500.03,-187500.03,-187500.03,-187500.03,-187500.03,-187500.03,-187500.03,-138572.31,-174468.31,-187500.03,-136043.36,-187500.03,-187500.03,-182305.34
780.8582,-187500.03,-187500.03,-187500.03,-187500.03,-187500.03,-187500.03,-187500.03,-187500.03,-187500.03,-147502.34,-181577.23,-187500.03,-143076.36,-187500.03,-187500.03,-187500.03
780.88055,-187500.03,-187500.03,-187500.03,-187500.03,-187500.03,-187500.03,-187500.03,-187500.03,-187500.03,-146465.47,-180179.72,-187500.03,-143373.8,-187500.03,-187500.03,-187500.03
780.9029,-187500.03,-187500.03,-187500.03,-187500.03,-187500.03,-187500.03,-187500.03,-187500.03,-187500.03,-137887.28,-173364.03,-187500.03,-136619.88,-187500.03,-187500.03,-183272.7
780.9253,-187500.03,-187500.03,-187500.03,-187500.03,-187500.03,-187500.03,-187500.03,-187500.03,-187500.03,-137545.34,-173567.12,-187500.03,-135364.84,-187500.03,-187500.03,-181449.61
780.94763,-187500.03,-187500.03,-187500.03,-187500.03,-187500.03,-187500.03,-187500.03,-187500.03,-187500.03,-146181.5,-180596.53,-187500.03,-141924.03,-187500.03,-187500.03,-187500.03
780.97,-187500.03,-187500.03,-187500.03,-187500.03,-187500.03,-187500.03,-187500.03,-187500.03,-187500.03,-147729.98,-181259.78,-187500.03,-144200.64,-187500.03,-187500.03,-187500.03
780.9923,-187500.03,-187500.03,-187500.03,-187500.03,-187500.03,-187500.03,-187500.03,-187500.03,-187500.03,-138969.72,-174179.28,-187500.03,-137594.86,-187500.03,-187500.03,-184543.3
781.01465,-187500.03,-187500.03,-187500.03,-187500.03,-187500.03,-187500.03,-187500.03,-187500.03,-187500.03,-136823.75,-172901.55,-187500.03,-134952.95,-187500.03,-187500.03,-180941.98
781.03705,-187500.03,-187500.03,-187500.03,-187500.03,-187500.03,-187500.03,-187500.03,-187500.03,-187500.03,-144614.19,-179390.2,-187500.03,-140625.88,-187500.03,-187500.03,-187500.03
781.0594,-187500.03,-187500.03,-187500.03,-187500.03,-187500.03,-187500.03,-187500.03,-187500.03,-187500.03,-148619.58,-182058.0,-187500.03,-144703.16,-187500.03,-187500.03,-187500.03
781.0817,-187500.03,-187500.03,-187500.03,-187500.03,-187500.03,-187500.03,-187500.03,-187500.03,-187500.03,-140290.94,-175195.17,-187500.03,-138714.48,-187500.03,-187500.03,-185973.86
781.10406,-187500.03,-187500.03,-187500.03,-187500.03,-187500.03,-187500.03,-187500.03,-187500.03,-187500.03,-136416.19,-172482.27,-187500.03,-134800.52,-187500.03,-187500.03,-180785.17
781.12646,-187500.03,-187500.03,-187500.03,-187500.03,-187500.03,-187500.03,-187500.03,-187500.03,-187500.03,-142938.62,-178068.8,-187500.03,-139288.2,-187500.03,-187500.03,-186360.19
781.1488,-187500.03,-187500.03,-187500.03,-187500.03,-187500.03,-187500.03,-187500.03,-187500.03,-187500.03,-149050.1,-182506.38,-187500.03,-144832.31,-187500.03,-187500.03,-187500.03
781.17114,-187500.03,-187500.03,-187500.03,-187500.03,-187500.03,-187500.03,-187500.03,-187500.03,-187500.03,-141803.06,-176383.03,-187500.03,-139936.14,-187500.03,-187500.03,-187478.53
781.1935,-187500.03,-187500.03,-187500.03,-187500.03,-187500.03,-187500.03,-187500.03,-187500.03,-187500.03,-136334.42,-172329.6,-187500.03,-134916.23,-187500.03,-187500.03,-180971.77
781.2158,-187500.03,-187500.03,-187500.03,-187500.03,-187500.03,-187500.03,-187500.03,-187500.03,-187500.03,-141285.39,-176735.2,-187500.03,-138014.73,-187500.03,-187500.03,-184798.02
781.2382,-187500.03,-187500.03,-187500.03,-187500.03,-187500.03,-187500.03,-187500.03,-187500.03,-187500.03,-148976.69,-182559.36,-187500.03,-144567.58,-187500.03,-187500.03,-187500.03
781.26056,-187500.03,-187500.03,-187500.03,-187500.03,-187500.03,-187500.03,-187500.03,-187500.03,-187500.03,-143427.53,-177687.34,-187500.03,-141188.39,-187500.03,-187500.03,-187500.03
781.2829,-187500.03,-187500.03,-187500.03,-187500.03,-187500.03,-187500.03,-187500.03,-187500.03,-187500.03,-136573.44,-172448.1,-187500.03,-135281.97,-187500.03,-187500.03,-181492.83
781.30524,-187500.03,-187500.03,-187500.03,-187500.03,-187500.03,-187500.03,-187500.03,-187500.03,-187500.03,-139769.33,-175489.33,-187500.03,-136892.92,-187500.03,-187500.03,-183397.61
781.3276,-187500.03,-187500.03,-187500.03,-187500.03,-187500.03,-187500.03,-187500.03,-187500.03,-187500.03,-148408.31,-182216.39,-187500.03,-143936.84,-187500.03,-187500.03,-187500.03
781.35,-187500.03,-187500.03,-187500.03,-187500.03,-187500.03,-187500.03,-187500.03,-187500.03,-187500.03,-145051.8,-179009.6,-187500.03,-142387.47,-187500.03,-187500.03,-187500.03
781.3723,-187500.03,-187500.03,-187500.03,-187500.03,-187500.03,-187500.03,-187500.03,-187500.03,-187500.03,-137109.83,-172802.52,-187500.03,-135872.34,-187500.03,-187500.03,-182296.23
781.39465,-187500.03,-187500.03,-187500.03,-187500.03,-187500.03,-187500.03,-187500.03,-187500.03,-187500.03,-138473.44,-174384.75,-187500.03,-135972.95,-187500.03,-187500.03,-182237.33
781.417,-187500.03,-187500.03,-187500.03,-187500.03,-187500.03,-187500.03,-187500.03,-187500.03,-187500.03,-147404.11,-181504.38,-187500.03,-142988.73,-187500.03,-187500.03,-187500.03
781.43933,-187500.03,-187500.03,-187500.03,-187500.03,-187500.03,-187500.03,-187500.03,-187500.03,-187500.03,-146544.8,-180246.31,-187500.03,-143426.17,-187500.03,-187500.03,-187500.03
781.46173,-187500.03,-187500.03,-187500.03,-187500.03,-187500.03,-187500.03,-187500.03,-187500.03,-187500.03,-137934.8,-173395.2,-187500.03,-136665.12,-187500.03,-187500.03,-183350.2
781.4841,-187500.03,-187500.03,-187500.03,-187500.03,-187500.03,-187500.03,-187500.03,-187500.03,-187500.03,-137492.47,-173512.28,-187500.03,-135330.67,-187500.03,-187500.03,-181421.67
781.5064,-187500.03,-187500.03,-187500.03,-187500.03,-187500.03,-187500.03,-187500.03,-187500.03,-187500.03,-146103.39,-180526.47,-187500.03,-141857.9,-187500.03,-187500.03,-187500.03
781.52875,-187500.03,-187500.03,-187500.03,-187500.03,-187500.03,-187500.03,-187500.03,-187500.03,-187500.03,-147770.88,-181285.6,-187500.03,-144222.28,-187500.03,-187500.03,-187500.03
781.55115,-187500.03,-187500.03,-187500.03,-187500.03,-187500.03,-187500.03,-187500.03,-187500.03,-187500.03,-139012.64,-174199.11,-187500.03,-137628.56,-187500.03,-187500.03,-184597.17
781.5735,-187500.03,-187500.03,-187500.03,-187500.03,-187500.03,-187500.03,-187500.03,-187500.03,-187500.03,-136792.05,-172858.31,-187500.03,-134928.88,-187500.03,-187500.03,-180920.7
781.5958,-187500.03,-187500.03,-187500.03,-187500.03,-187500.03,-187500.03,-187500.03,-187500.03,-187500.03,-144538.5,-179318.23,-187500.03,-140559.48,-187500.03,-187500.03,-187500.03
781.61816,-187500.03,-187500.03,-187500.03,-187500.03,-187500.03,-187500.03,-187500.03,-187500.03,-187500.03,-148644.17,-182069.06,-187500.03,-144709.95,-187500.03,-187500.03,-187500.03
781.6405,-187500.03,-187500.03,-187500.03,-187500.03,-187500.03,-187500.03,-187500.03,-187500.03,-187500.03,-140350.52,-175228.31,-187500.03,-138760.28,-187500.03,-187500.03,-186024.1
781.6629,-187500.03,-187500.03,-187500.03,-187500.03,-187500.03,-187500.03,-187500.03,-187500.03,-187500.03,-136413.31,-172462.14,-187500.03,-134801.77,-187500.03,-187500.03,-180778.7
781.68524,-187500.03,-187500.03,-187500.03,-187500.03,-187500.03,-187500.03,-187500.03,-187500.03,-187500.03,-142882.02,-178008.36,-187500.03,-139241.27,-187500.03,-187500.03,-186293.17
781.7076,-187500.03,-187500.03,-187500.03,-187500.03,-187500.03,-187500.03,-187500.03,-187500.03,-187500.03,-149059.16,-182500.48,-187500.03,-144827.83,-187500.03,-187500.03,-187500.03
781.7299,-187500.03,-187500.03,-187500.03,-187500.03,-187500.03,-187500.03,-187500.03,-187500.03,-187500.03,-141871.6,-176420.31,-187500.03,-139984.22,-187500.03,-187500.03,-187500.03
781.75226,-187500.03,-187500.03,-187500.03,-187500.03,-187500.03,-187500.03,-187500.03,-187500.03,-187500.03,-136350.2,-172322.17,-187500.03,-134928.36,-187500.03,-187500.03,-180980.42
781.77466,-187500.03,-187500.03,-187500.03,-187500.03,-187500.03,-187500.03,-187500.03,-187500.03,-187500.03,-141242.0,-176683.77,-187500.03,-137977.81,-187500.03,-187500.03,-184741.28
781.797,-187500.03,-187500.03,-187500.03,-187500.03,-187500.03,-187500.03,-187500.03,-187500.03,-187500.03,-148974.17,-182545.61,-187500.03,-144553.27,-187500.03,-187500.03,-187500.03
781.81934,-187500.03,-187500.03,-187500.03,-187500.03,-187500.03,-187500.03,-187500.03,-187500.03,-187500.03,-143504.61,-177730.77,-187500.03,-141240.33,-187500.03,-187500.03,-187500.03
781.8417,-187500.03,-187500.03,-187500.03,-187500.03,-187500.03,-187500.03,-187500.03,-187500.03,-187500.03,-136600.25,-172445.38,-187500.03,-135301.19,-187500.03,-187500.03,-181510.61
781.8641,-187500.03,-187500.03,-187500.03,-187500.03,-187500.03,-187500.03,-187500.03,-187500.03,-187500.03,-139733.03,-175438.52,-187500.03,-136857.75,-187500.03,-187500.03,-183349.4
781.8864,-187500.03,-187500.03,-187500.03,-187500.03,-187500.03,-187500.03,-187500.03,-187500.03,-187500.03,-148394.72,-182193.73,-187500.03,-143911.31,-187500.03,-187500.03,-187500.03
781.90875,-187500.03,-187500.03,-187500.03,-187500.03,-187500.03,-187500.03,-187500.03,-187500.03,-187500.03,-145130.7,-179063.06,-187500.03,-142437.72,-187500.03,-187500.03,-187500.03
781.9311,-187500.03,-187500.03,-187500.03,-187500.03,-187500.03,-187500.03,-187500.03,-187500.03,-187500.03,-137151.81,-172826.06,-187500.03,-135905.83,-187500.03,-187500.03,-182347.78
781.9534,-187500.03,-187500.03,-187500.03,-187500.03,-187500.03,-187500.03,-187500.03,-187500.03,-187500.03,-138451.05,-174359.77,-187500.03,-135958.16,-187500.03,-187500.03,-182224.27
781.9758,-187500.03,-187500.03,-187500.03,-187500.03,-187500.03,-187500.03,-187500.03,-187500.03,-187500.03,-147387.77,-181492.3,-187500.03,-142973.5,-187500.03,-187500.03,-187500.03
781.99817,-187500.03,-187500.03,-187500.03,-187500.03,-187500.03,-187500.03,-187500.03,-187500.03,-187500.03,-146630.11,-180315.66,-187500.03,-143488.69,-187500.03,-187500.03,-187500.03
782.0205,-187500.03,-187500.03,-187500.03,-187500.03,-187500.03,-187500.03,-187500.03,-187500.03,-187500.03,-137996.84,-173443.48,-187500.03,-136722.03,-187500.03,-187500.03,-183434.92
782.04285,-187500.03,-187500.03,-187500.03,-187500.03,-187500.03,-187500.03,-187500.03,-187500.03,-187500.03,-137455.31,-173483.89,-187500.03,-135310.12,-187500.03,-187500.03,-181409.38
782.0652,-187500.03,-187500.03,-187500.03,-187500.03,-187500.03,-187500.03,-187500.03,-187500.03,-187500.03,-146028.36,-180481.1,-187500.03,-141794.94,-187500.03,-187500.03,-187500.03
782.0876,-187500.03,-187500.03,-187500.03,-187500.03,-187500.03,-187500.03,-187500.03,-187500.03,-187500.03,-147860.66,-181373.66,-187500.03,-144282.58,-187500.03,-187500.03,-187500.03
782.1099,-187500.03,-187500.03,-187500.03,-187500.03,-187500.03,-187500.03,-187500.03,-187500.03,-187500.03,-139118.23,-174291.0,-187500.03,-137722.23,-187500.03,-187500.03,-184728.81
782.13226,-187500.03,-187500.03,-187500.03,-187500.03,-187500.03,-187500.03,-187500.03,-187500.03,-187500.03,-136778.53,-172853.11,-187500.03,-134935.52,-187500.03,-187500.03,-180940.42
782.1546,-187500.03,-187500.03,-187500.03,-187500.03,-187500.03,-187500.03,-187500.03,-187500.03,-187500.03,-144454.9,-179266.19,-187500.03,-140499.47,-187500.03,-187500.03,-187500.03
782.17694,-187500.03,-187500.03,-187500.03,-187500.03,-187500.03,-187500.03,-187500.03,-187500.03,-187500.03,-148720.17,-182149.0,-187500.03,-144763.0,-187500.03,-187500.03,-187500.03
782.19934,-187500.03,-187500.03,-187500.03,-187500.03,-187500.03,-187500.03,-187500.03,-187500.03,-187500.03,-140485.97,-175344.45,-187500.03,-138875.19,-187500.03,-187500.03,-186173.69
782.2217,-187500.03,-187500.03,-187500.03,-187500.03,-187500.03,-187500.03,-187500.03,-187500.03,-187500.03,-136426.2,-172476.22,-187500.03,-134828.12,-187500.03,-187500.03,-180823.67
782.244,-187500.03,-187500.03,-187500.03,-187500.03,-187500.03,-187500.03,-187500.03,-187500.03,-187500.03,-142794.4,-177950.34,-187500.03,-139176.2,-187500.03,-187500.03,-186219.98
782.26636,-187500.03,-187500.03,-187500.03,-187500.03,-187500.03,-187500.03,-187500.03,-187500.03,-187500.03,-149093.97,-182551.19,-187500.03,-144844.03,-187500.03,-187500.03,-187500.03
782.28876,-187500.03,-187500.03,-187500.03,-187500.03,-187500.03,-187500.03,-187500.03,-187500.03,-187500.03,-142010.8,-176546.53,-187500.03,-140099.03,-187500.03,-187500.03,-187500.03
782.3111,-187500.03,-187500.03,-187500.03,-187500.03,-187500.03,-187500.03,-187500.03,-187500.03,-187500.03,-136387.92,-172362.55,-187500.03,-134977.7,-187500.03,-187500.03,-181040.3
782.33344,-187500.03,-187500.03,-187500.03,-187500.03,-187500.03,-187500.03,-187500.03,-187500.03,-187500.03,-141187.44,-176651.84,-187500.03,-137947.19,-187500.03,-187500.03,-184693.78
782.3558,-187500.03,-187500.03,-187500.03,-187500.03,-187500.03,-187500.03,-187500.03,-187500.03,-187500.03,-148982.03,-182570.31,-187500.03,-144558.11,-187500.03,-187500.03,-187500.03
782.3781,-187500.03,-187500.03,-187500.03,-187500.03,-187500.03,-187500.03,-187500.03,-187500.03,-187500.03,-143616.42,-177833.4,-187500.03,-141333.86,-187500.03,-187500.03,-187500.03
782.4005,-187500.03,-187500.03,-187500.03,-187500.03,-187500.03,-187500.03,-187500.03,-187500.03,-187500.03,-136645.78,-172491.69,-187500.03,-135353.8,-187500.03,-187500.03,-181568.9
782.42285,-187500.03,-187500.03,-187500.03,-187500.03,-187500.03,-187500.03,-187500.03,-187500.03,-187500.03,-139692.34,-175417.55,-187500.03,-136838.03,-187500.03,-187500.03,-183312.75
782.4452,-187500.03,-187500.03,-187500.03,-187500.03,-187500.03,-187500.03,-187500.03,-187500.03,-187500.03,-148378.98,-182200.45,-187500.03,-143899.03,-187500.03,-187500.03,-187500.03
782.4675,-187500.03,-187500.03,-187500.03,-187500.03,-187500.03,-187500.03,-187500.03,-187500.03,-187500.03,-145231.55,-179157.38,-187500.03,-142519.34,-187500.03,-187500.03,-187500.03
782.48987,-187500.03,-187500.03,-187500.03,-187500.03,-187500.03,-187500.03,-187500.03,-187500.03,-187500.03,-137213.56,-172881.19,-187500.03,-135967.48,-187500.03,-187500.03,-182412.34
782.51227,-187500.03,-187500.03,-187500.03,-187500.03,-187500.03,-187500.03,-187500.03,-187500.03,-187500.03,-138422.16,-174340.89,-187500.03,-135944.36,-187500.03,-187500.03,-182192.36
782.5346,-187500.03,-187500.03,-187500.03,-187500.03,-187500.03,-187500.03,-187500.03,-187500.03,-187500.03,-147345.58,-181471.33,-187500.03,-142935.1,-187500.03,-187500.03,-187500.03
782.55695,-187500.03,-187500.03,-187500.03,-187500.03,-187500.03,-187500.03,-187500.03,-187500.03,-187500.03,-146711.86,-180393.92,-187500.03,-143546.14,-187500.03,-187500.03,-187500.03
782.5793,-187500.03,-187500.03,-187500.03,-187500.03,-187500.03,-187500.03,-187500.03,-187500.03,-187500.03,-138066.55,-173506.02,-187500.03,-136782.92,-187500.03,-187500.03,-183506.8
782.6016,-187500.03,-187500.03,-187500.03,-187500.03,-187500.03,-187500.03,-187500.03,-187500.03,-187500.03,-137437.28,-173474.84,-187500.03,-135301.94,-187500.03,-187500.03,-181392.92
782.624,-187500.03,-187500.03,-187500.03,-187500.03,-187500.03,-187500.03,-187500.03,-187500.03,-187500.03,-145982.4,-180456.75,-187500.03,-141755.6,-187500.03,-187500.03,-187500.03
782.64636,-187500.03,-187500.03,-187500.03,-187500.03,-187500.03,-187500.03,-187500.03,-187500.03,-187500.03,-147935.5,-181447.86,-187500.03,-144336.77,-187500.03,-187500.03,-187500.03
782.6687,-187500.03,-187500.03,-187500.03,-187500.03,-187500.03,-187500.03,-187500.03,-187500.03,-187500.03,-139200.84,-174364.4,-187500.03,-137795.14,-187500.03,-187500.03,-184812.1
782.69104,-187500.03,-187500.03,-187500.03,-187500.03,-187500.03,-187500.03,-187500.03,-187500.03,-187500.03,-136777.28,-172855.86,-187500.03,-134942.7,-187500.03,-187500.03,-180946.5
782.71344,-187500.03,-187500.03,-187500.03,-187500.03,-187500.03,-187500.03,-187500.03,-187500.03,-187500.03,-144400.08,-179234.11,-187500.03,-140453.08,-187500.03,-187500.03,-187500.03
782.7358,-187500.03,-187500.03,-187500.03,-187500.03,-187500.03,-187500.03,-187500.03,-187500.03,-187500.03,-148768.0,-182204.42,-187500.03,-144790.23,-187500.03,-187500.03,-187500.03
782.7581,-187500.03,-187500.03,-187500.03,-187500.03,-187500.03,-187500.03,-187500.03,-187500.03,-187500.03,-140576.02,-175428.27,-187500.03,-138949.56,-187500.03,-187500.03,-186264.84
782.78046,-187500.03,-187500.03,-187500.03,-187500.03,-187500.03,-187500.03,-187500.03,-187500.03,-187500.03,-136445.02,-172498.44,-187500.03,-134854.58,-187500.03,-187500.03,-180856.56
782.8028,-187500.03,-187500.03,-187500.03,-187500.03,-187500.03,-187500.03,-187500.03,-187500.03,-187500.03,-142737.16,-177914.19,-187500.03,-139135.75,-187500.03,-187500.03,-186163.58
782.8252,-187500.03,-187500.03,-187500.03,-187500.03,-187500.03,-187500.03,-187500.03,-187500.03,-187500.03,-149137.48,-182598.3,-187500.03,-144872.1,-187500.03,-187500.03,-187500.03
782.84753,-187500.03,-187500.03,-187500.03,-187500.03,-187500.03,-187500.03,-187500.03,-187500.03,-187500.03,-142131.72,-176646.97,-187500.03,-140196.27,-187500.03,-187500.03,-187500.03
782.8699,-187500.03,-187500.03,-187500.03,-187500.03,-187500.03,-187500.03,-187500.03,-187500.03,-187500.03,-136432.28,-172395.17,-187500.03,-135021.11,-187500.03,-187500.03,-181098.14
782.8922,-187500.03,-187500.03,-187500.03,-187500.03,-187500.03,-187500.03,-187500.03,-187500.03,-187500.03,-141116.42,-176596.64,-187500.03,-137891.34,-187500.03,-187500.03,-184625.64
782.91455,-187500.03,-187500.03,-187500.03,-187500.03,-187500.03,-187500.03,-187500.03,-187500.03,-187500.03,-149003.02,-182599.64,-187500.03,-144560.06,-187500.03,-187500.03,-187500.03
782.93695,-187500.03,-187500.03,-187500.03,-187500.03,-187500.03,-187500.03,-187500.03,-187500.03,-187500.03,-143776.31,-177966.67,-187500.03,-141456.61,-187500.03,-187500.03,-187500.03
782.9593,-187500.03,-187500.03,-187500.03,-187500.03,-187500.03,-187500.03,-187500.03,-187500.03,-187500.03,-136725.75,-172552.14,-187500.03,-135431.17,-187500.03,-187500.03,-181673.03
782.9816,-187500.03,-187500.03,-187500.03,-187500.03,-187500.03,-187500.03,-187500.03,-187500.03,-187500.03,-139638.94,-175370.14,-187500.03,-136805.5,-187500.03,-187500.03,-183270.23
783.00397,-187500.03,-187500.03,-187500.03,-187500.03,-187500.03,-187500.03,-187500.03,-187500.03,-187500.03,-148374.39,-182204.02,-187500.03,-143886.86,-187500.03,-187500.03,-187500.03
783.0263,-187500.03,-187500.03,-187500.03,-187500.03,-187500.03,-187500.03,-187500.03,-187500.03,-187500.03,-145397.64,-179291.6,-187500.03,-142645.73,-187500.03,-187500.03,-187500.03
783.0487,-187500.03,-187500.03,-187500.03,-187500.03,-187500.03,-187500.03,-187500.03,-187500.03,-187500.03,-137315.16,-172956.95,-187500.03,-136063.25,-187500.03,-187500.03,-182537.02
783.07104,-187500.03,-187500.03,-187500.03,-187500.03,-187500.03,-187500.03,-187500.03,-187500.03,-187500.03,-138388.12,-174307.78,-187500.03,-135930.95,-187500.03,-187500.03,-182174.55
783.0934,-187500.03,-187500.03,-187500.03,-187500.03,-187500.03,-187500.03,-187500.03,-187500.03,-187500.03,-147301.78,-181444.33,-187500.03,-142896.86,-187500.03,-187500.03,-187500.03
783.1157,-187500.03,-187500.03,-187500.03,-187500.03,-187500.03,-187500.03,-187500.03,-187500.03,-187500.03,-146861.58,-180521.06,-187500.03,-143660.22,-187500.03,-187500.03,-187500.03
783.1381,-187500.03,-187500.03,-187500.03,-187500.03,-187500.03,-187500.03,-187500.03,-187500.03,-187500.03,-138184.92,-173600.84,-187500.03,-136895.61,-187500.03,-187500.03,-183643.55
783.16046,-187500.03,-187500.03,-187500.03,-187500.03,-187500.03,-187500.03,-187500.03,-187500.03,-187500.03,-137417.92,-173457.61,-187500.03,-135307.03,-187500.03,-187500.03,-181391.53
783.1828,-187500.03,-187500.03,-187500.03,-187500.03,-187500.03,-187500.03,-187500.03,-187500.03,-187500.03,-145902.55,-180402.92,-187500.03,-141694.69,-187500.03,-187500.03,-187500.03
783.20514,-187500.03,-187500.03,-187500.03,-187500.03,-187500.03,-187500.03,-187500.03,-187500.03,-187500.03,-148048.98,-181550.4,-187500.03,-144416.61,-187500.03,-187500.03,-187500.03
783.2275,-187500.03,-187500.03,-187500.03,-187500.03,-187500.03,-187500.03,-187500.03,-187500.03,-187500.03,-139322.48,-174466.47,-187500.03,-137902.75,-187500.03,-187500.03,-184948.64
783.2499,-187500.03,-187500.03,-187500.03,-187500.03,-187500.03,-187500.03,-187500.03,-187500.03,-187500.03,-136766.52,-172852.62,-187500.03,-134952.67,-187500.03,-187500.03,-180963.98
783.2722,-187500.03,-187500.03,-187500.03,-187500.03,-187500.03,-187500.03,-187500.03,-187500.03,-187500.03,-144293.53,-179164.7,-187500.03,-140373.62,-187500.03,-187500.03,-187500.03
783.29456,-187500.03,-187500.03,-187500.03,-187500.03,-187500.03,-187500.03,-187500.03,-187500.03,-187500.03,-148832.72,-182278.5,-187500.03,-144832.03,-187500.03,-187500.03,-187500.03
783.3169,-187500.03,-187500.03,-187500.03,-187500.03,-187500.03,-187500.03,-187500.03,-187500.03,-187500.03,-140699.95,-175539.84,-187500.03,-139059.44,-187500.03,-187500.03,-186397.34
783.33923,-187500.03,-187500.03,-187500.03,-187500.03,-187500.03,-187500.03,-187500.03,-187500.03,-187500.03,-136438.39,-172502.19,-187500.03,-134871.19,-187500.03,-187500.03,-180881.3
783.36163,-187500.03,-187500.03,-187500.03,-187500.03,-187500.03,-187500.03,-187500.03,-187500.03,-187500.03,-142612.61,-177830.62,-187500.03,-139045.27,-187500.03,-187500.03,-186058.27
783.384,-187500.03,-187500.03,-187500.03,-187500.03,-187500.03,-187500.03,-187500.03,-187500.03,-187500.03,-149135.45,-182622.5,-187500.03,-144858.6,-187500.03,-187500.03,-187500.03
783.4063,-187500.03,-187500.03,-187500.03,-187500.03,-187500.03,-187500.03,-187500.03,-187500.03,-187500.03,-142242.78,-176753.6,-187500.03,-140287.8,-187500.03,-187500.03,-187500.03
783.42865,-187500.03,-187500.03,-187500.03,-187500.03,-187500.03,-187500.03,-187500.03,-187500.03,-187500.03,-136431.05,-172406.55,-187500.03,-135039.39,-187500.03,-187500.03,-181134.98
783.451,-187500.03,-187500.03,-187500.03,-187500.03,-187500.03,-187500.03,-187500.03,-187500.03,-187500.03,-140982.5,-176504.28,-187500.03,-137795.52,-187500.03,-187500.03,-184516.25
783.4734,-187500.03,-187500.03,-187500.03,-187500.03,-187500.03,-187500.03,-187500.03,-187500.03,-187500.03,-148946.47,-182578.1,-187500.03,-144504.84,-187500.03,-187500.03,-187500.03
783.4957,-187500.03,-187500.03,-187500.03,-187500.03,-187500.03,-187500.03,-187500.03,-187500.03,-187500.03,-143884.36,-178066.98,-187500.03,-141540.84,-187500.03,-187500.03,-187500.03
783.51807,-187500.03,-187500.03,-187500.03,-187500.03,-187500.03,-187500.03,-187500.03,-187500.03,-187500.03,-136736.92,-172567.3,-187500.03,-135456.36,-187500.03,-187500.03,-181715.81
783.5404,-187500.03,-187500.03,-187500.03,-187500.03,-187500.03,-187500.03,-187500.03,-187500.03,-187500.03,-139512.23,-175276.84,-187500.03,-136712.97,-187500.03,-187500.03,-183164.08
783.5628,-187500.03,-187500.03,-187500.03,-187500.03,-187500.03,-187500.03,-187500.03,-187500.03,-187500.03,-148272.19,-182142.38,-187500.03,-143792.9,-187500.03,-187500.03,-187500.03
783.58514,-187500.03,-187500.03,-187500.03,-187500.03,-187500.03,-187500.03,-187500.03,-187500.03,-187500.03,-145487.08,-179378.27,-187500.03,-142704.92,-187500.03,-187500.03,-187500.03
783.6075,-187500.03,-187500.03,-187500.03,-187500.03,-187500.03,-187500.03,-187500.03,-187500.03,-187500.03,-137340.23,-172982.27,-187500.03,-136092.94,-187500.03,-187500.03,-182588.55
783.6298,-187500.03,-187500.03,-187500.03,-187500.03,-187500.03,-187500.03,-187500.03,-187500.03,-187500.03,-138273.42,-174218.53,-187500.03,-135848.25,-187500.03,-187500.03,-182078.8
783.65216,-187500.03,-187500.03,-187500.03,-187500.03,-187500.03,-187500.03,-187500.03,-187500.03,-187500.03,-147172.89,-181353.22,-187500.03,-142783.6,-187500.03,-187500.03,-187500.03
783.67456,-187500.03,-187500.03,-187500.03,-187500.03,-187500.03,-187500.03,-187500.03,-187500.03,-187500.03,-146933.58,-180587.34,-187500.03,-143700.31,-187500.03,-187500.03,-187500.03
783.6969,-187500.03,-187500.03,-187500.03,-187500.03,-187500.03,-187500.03,-187500.03,-187500.03,-187500.03,-138234.53,-173637.03,-187500.03,-136937.83,-187500.03,-187500.03,-183709.62
783.71924,-187500.03,-187500.03,-187500.03,-187500.03,-187500.03,-187500.03,-187500.03,-187500.03,-187500.03,-137333.14,-173383.12,-187500.03,-135244.53,-187500.03,-187500.03,-181324.61
783.7416,-187500.03,-187500.03,-187500.03,-187500.03,-187500.03,-187500.03,-187500.03,-187500.03,-187500.03,-145753.97,-180287.39,-187500.03,-141564.62,-187500.03,-187500.03,-187500.03
783.7639,-187500.03,-187500.03,-187500.03,-187500.03,-187500.03,-187500.03,-187500.03,-187500.03,-187500.03,-148077.14,-181579.78,-187500.03,-144417.5,-187500.03,-187500.03,-187500.03
783.7863,-187500.03,-187500.03,-187500.03,-187500.03,-187500.03,-187500.03,-187500.03,-187500.03,-187500.03,-139383.47,-174511.08,-187500.03,-137949.55,-187500.03,-187500.03,-185018.11
783.80865,-187500.03,-187500.03,-187500.03,-187500.03,-187500.03,-187500.03,-187500.03,-187500.03,-187500.03,-136707.95,-172795.86,-187500.03,-134909.53,-187500.03,-187500.03,-180918.92
783.831,-187500.03,-187500.03,-187500.03,-187500.03,-187500.03,-187500.03,-187500.03,-187500.03,-187500.03,-144161.7,-179054.61,-187500.03,-140258.89,-187500.03,-187500.03,-187500.03
783.85333,-187500.03,-187500.03,-187500.03,-187500.03,-187500.03,-187500.03,-187500.03,-187500.03,-187500.03,-148824.56,-182270.3,-187500.03,-144800.92,-187500.03,-187500.03,-187500.03
783.8757,-187500.03,-187500.03,-187500.03,-187500.03,-187500.03,-187500.03,-187500.03,-187500.03,-187500.03,-140752.77,-175571.8,-187500.03,-139086.84,-187500.03,-187500.03,-186453.56
783.8981,-187500.03,-187500.03,-187500.03,-187500.03,-187500.03,-187500.03,-187500.03,-187500.03,-187500.03,-136395.58,-172453.38,-187500.03,-134829.66,-187500.03,-187500.03,-180853.83
783.9204,-187500.03,-187500.03,-187500.03,-187500.03,-187500.03,-187500.03,-187500.03,-187500.03,-187500.03,-142484.88,-177718.7,-187500.03,-138929.22,-187500.03,-187500.03,-185942.62
783.94275,-187500.03,-187500.03,-187500.03,-187500.03,-187500.03,-187500.03,-187500.03,-187500.03,-187500.03,-149095.94,-182588.38,-187500.03,-144801.64,-187500.03,-187500.03,-187500.03
783.9651,-187500.03,-187500.03,-187500.03,-187500.03,-187500.03,-187500.03,-187500.03,-187500.03,-187500.03,-142291.7,-176782.78,-187500.03,-140311.31,-187500.03,-187500.03,-187500.03
783.9875,-187500.03,-187500.03,-187500.03,-187500.03,-187500.03,-187500.03,-187500.03,-187500.03,-187500.03,-136393.39,-172359.9,-187500.03,-135004.0,-187500.03,-187500.03,-181115.0
784.0098,-187500.03,-187500.03,-187500.03,-187500.03,-187500.03,-187500.03,-187500.03,-187500.03,-187500.03,-140856.25,-176388.14,-187500.03,-137682.67,-187500.03,-187500.03,-184400.0
784.03217,-187500.03,-187500.03,-187500.03,-187500.03,-187500.03,-187500.03,-187500.03,-187500.03,-187500.03,-148877.52,-182514.0,-187500.03,-144423.0,-187500.03,-187500.03,-187500.03
784.0545,-187500.03,-187500.03,-187500.03,-187500.03,-187500.03,-187500.03,-187500.03,-187500.03,-187500.03,-143918.33,-178081.42,-187500.03,-141545.08,-187500.03,-187500.03,-187500.03
784.07684,-187500.03,-187500.03,-187500.03,-187500.03,-187500.03,-187500.03,-187500.03,-187500.03,-187500.03,-136715.69,-172532.67,-187500.03,-135428.36,-187500.03,-187500.03,-181709.19
784.09924,-187500.03,-187500.03,-187500.03,-187500.03,-187500.03,-187500.03,-187500.03,-187500.03,-187500.03,-139414.53,-175180.7,-187500.03,-136623.06,-187500.03,-187500.03,-183077.27
784.1216,-187500.03,-187500.03,-187500.03,-187500.03,-187500.03,-187500.03,-187500.03,-187500.03,-187500.03,-148185.34,-182058.31,-187500.03,-143700.23,-187500.03,-187500.03,-187500.03
784.1439,-187500.03,-187500.03,-187500.03,-187500.03,-187500.03,-187500.03,-187500.03,-187500.03,-187500.03,-145484.0,-179357.75,-187500.03,-142678.5,-187500.03,-187500.03,-187500.03
784.16626,-187500.03,-187500.03,-187500.03,-187500.03,-187500.03,-187500.03,-187500.03,-187500.03,-187500.03,-137316.2,-172938.78,-187500.03,-136059.44,-187500.03,-187500.03,-182570.22
784.1886,-187500.03,-187500.03,-187500.03,-187500.03,-187500.03,-187500.03,-187500.03,-187500.03,-187500.03,-138187.25,-174123.23,-187500.03,-135764.03,-187500.03,-187500.03,-181995.92
784.211,-187500.03,-187500.03,-187500.03,-187500.03,-187500.03,-187500.03,-187500.03,-187500.03,-187500.03,-147075.66,-181254.8,-187500.03,-142681.22,-187500.03,-187500.03,-187500.03
784.23334,-187500.03,-187500.03,-187500.03,-187500.03,-187500.03,-187500.03,-187500.03,-187500.03,-187500.03,-146916.23,-180553.78,-187500.03,-143658.42,-187500.03,-187500.03,-187500.03
784.2557,-187500.03,-187500.03,-187500.03,-187500.03,-187500.03,-187500.03,-187500.03,-187500.03,-187500.03,-138217.64,-173601.22,-187500.03,-136907.55,-187500.03,-187500.03,-183700.92
784.278,-187500.03,-187500.03,-187500.03,-187500.03,-187500.03,-187500.03,-187500.03,-187500.03,-187500.03,-137253.03,-173292.56,-187500.03,-135165.38,-187500.03,-187500.03,-181250.17
784.30035,-187500.03,-187500.03,-187500.03,-187500.03,-187500.03,-187500.03,-187500.03,-187500.03,-187500.03,-145647.8,-180178.84,-187500.03,-141457.88,-187500.03,-187500.03,-187500.03
784.32275,-187500.03,-187500.03,-187500.03,-187500.03,-187500.03,-187500.03,-187500.03,-187500.03,-187500.03,-148053.28,-181536.19,-187500.03,-144369.48,-187500.03,-187500.03,-187500.03
784.3451,-187500.03,-187500.03,-187500.03,-187500.03,-187500.03,-187500.03,-187500.03,-187500.03,-187500.03,-139377.14,-174477.66,-187500.03,-137925.33,-187500.03,-187500.03,-185015.77
784.36743,-187500.03,-187500.03,-187500.03,-187500.03,-187500.03,-187500.03,-187500.03,-187500.03,-187500.03,-136632.02,-172703.72,-187500.03,-134833.14,-187500.03,-187500.03,-180849.83
784.3898,-187500.03,-187500.03,-187500.03,-187500.03,-187500.03,-187500.03,-187500.03,-187500.03,-187500.03,-144026.97,-178920.67,-187500.03,-140126.75,-187500.03,-187500.03,-187421.98
784.4122,-187500.03,-187500.03,-187500.03,-187500.03,-187500.03,-187500.03,-187500.03,-187500.03,-187500.03,-148785.48,-182217.2,-187500.03,-144736.95,-187500.03,-187500.03,-187500.03
784.4345,-187500.03,-187500.03,-187500.03,-187500.03,-187500.03,-187500.03,-187500.03,-187500.03,-187500.03,-140764.11,-175556.64,-187500.03,-139076.12,-187500.03,-187500.03,-186468.33
784.45685,-187500.03,-187500.03,-187500.03,-187500.03,-187500.03,-187500.03,-187500.03,-187500.03,-187500.03,-136339.88,-172381.69,-187500.03,-134772.69,-187500.03,-187500.03,-180805.11
784.4792,-187500.03,-187500.03,-187500.03,-187500.03,-187500.03,-187500.03,-187500.03,-187500.03,-187500.03,-142371.97,-177605.78,-187500.03,-138821.08,-187500.03,-187500.03,-185831.92
784.5015,-187500.03,-187500.03,-187500.03,-187500.03,-187500.03,-187500.03,-187500.03,-187500.03,-187500.03,-149051.61,-182535.9,-187500.03,-144738.69,-187500.03,-187500.03,-187500.03
784.5239,-187500.03,-187500.03,-187500.03,-187500.03,-187500.03,-187500.03,-187500.03,-187500.03,-187500.03,-142304.81,-176773.67,-187500.03,-140299.7,-187500.03,-187500.03,-187500.03
784.54626,-187500.03,-187500.03,-187500.03,-187500.03,-187500.03,-187500.03,-187500.03,-187500.03,-187500.03,-136360.8,-172314.31,-187500.03,-134964.78,-187500.03,-187500.03,-181091.7
784.5686,-187500.03,-187500.03,-187500.03,-187500.03,-187500.03,-187500.03,-187500.03,-187500.03,-187500.03,-140756.52,-176292.92,-187500.03,-137587.72,-187500.03,-187500.03,-184309.19
784.59094,-187500.03,-187500.03,-187500.03,-187500.03,-187500.03,-187500.03,-187500.03,-187500.03,-187500.03,-148816.9,-182456.78,-187500.03,-144350.67,-187500.03,-187500.03,-187500.03
784.6133,-187500.03,-187500.03,-187500.03,-187500.03,-187500.03,-187500.03,-187500.03,-187500.03,-187500.03,-143940.42,-178087.55,-187500.03,-141542.48,-187500.03,-187500.03,-187500.03
784.6357,-187500.03,-187500.03,-187500.03,-187500.03,-187500.03,-187500.03,-187500.03,-187500.03,-187500.03,-136694.11,-172501.66,-187500.03,-135402.67,-187500.03,-187500.03,-181703.12
784.658,-187500.03,-187500.03,-187500.03,-187500.03,-187500.03,-187500.03,-187500.03,-187500.03,-187500.03,-139304.14,-175079.3,-187500.03,-136524.44,-187500.03,-187500.03,-182974.61
784.68036,-187500.03,-187500.03,-187500.03,-187500.03,-187500.03,-187500.03,-187500.03,-187500.03,-187500.03,-148107.64,-181990.83,-187500.03,-143615.27,-187500.03,-187500.03,-187500.03
784.7027,-187500.03,-187500.03,-187500.03,-187500.03,-187500.03,-187500.03,-187500.03,-187500.03,-187500.03,-145538.86,-179392.22,-187500.03,-142700.12,-187500.03,-187500.03,-187500.03
784.7251,-187500.03,-187500.03,-187500.03,-187500.03,-187500.03,-187500.03,-187500.03,-187500.03,-187500.03,-137329.97,-172935.78,-187500.03,-136063.97,-187500.03,-187500.03,-182602.5
784.74744,-187500.03,-187500.03,-187500.03,-187500.03,-187500.03,-187500.03,-187500.03,-187500.03,-187500.03,-138097.33,-174038.47,-187500.03,-135686.92,-187500.03,-187500.03,-181922.25
784.7698,-187500.03,-187500.03,-187500.03,-187500.03,-187500.03,-187500.03,-187500.03,-187500.03,-187500.03,-146987.33,-181179.33,-187500.03,-142591.48,-187500.03,-187500.03,-187500.03
784.7921,-187500.03,-187500.03,-187500.03,-187500.03,-187500.03,-187500.03,-187500.03,-187500.03,-187500.03,-146974.38,-180593.25,-187500.03,-143682.44,-187500.03,-187500.03,-187500.03
784.81445,-187500.03,-187500.03,-187500.03,-187500.03,-187500.03,-187500.03,-187500.03,-187500.03,-187500.03,-138252.88,-173615.14,-187500.03,-136930.03,-187500.03,-187500.03,-183749.47
784.83685,-187500.03,-187500.03,-187500.03,-187500.03,-187500.03,-187500.03,-187500.03,-187500.03,-187500.03,-137188.7,-173226.67,-187500.03,-135111.4,-187500.03,-187500.03,-181197.97
784.8592,-187500.03,-187500.03,-187500.03,-187500.03,-187500.03,-187500.03,-187500.03,-187500.03,-187500.03,-145551.72,-180095.1,-187500.03,-141364.88,-187500.03,-187500.03,-187500.03
784.88153,-187500.03,-187500.03,-187500.03,-187500.03,-187500.03,-187500.03,-187500.03,-187500.03,-187500.03,-148102.5,-181569.84,-187500.03,-144384.33,-187500.03,-187500.03,-187500.03
784.9039,-187500.03,-187500.03,-187500.03,-187500.03,-187500.03,-187500.03,-187500.03,-187500.03,-187500.03,-139439.95,-174515.83,-187500.03,-137966.12,-187500.03,-187500.03,-185081.81
784.9262,-187500.03,-187500.03,-187500.03,-187500.03,-187500.03,-187500.03,-187500.03,-187500.03,-187500.03,-136604.14,-172667.03,-187500.03,-134808.72,-187500.03,-187500.03,-180826.61
784.9486,-187500.03,-187500.03,-187500.03,-187500.03,-187500.03,-187500.03,-187500.03,-187500.03,-187500.03,-143945.47,-178844.77,-187500.03,-140052.1,-187500.03,-187500.03,-187330.33
784.97095,-187500.03,-187500.03,-187500.03,-187500.03,-187500.03,-187500.03,-187500.03,-187500.03,-187500.03,-148826.88,-182239.6,-187500.03,-144749.16,-187500.03,-187500.03,-187500.03
784.9933,-187500.03,-187500.03,-187500.03,-187500.03,-187500.03,-187500.03,-187500.03,-187500.03,-187500.03,-140847.48,-175603.45,-187500.03,-139133.17,-187500.03,-187500.03,-186535.9
785.0156,-187500.03,-187500.03,-187500.03,-187500.03,-187500.03,-187500.03,-187500.03,-187500.03,-187500.03,-136332.1,-172355.03,-187500.03,-134766.17,-187500.03,-187500.03,-180797.16
785.03796,-187500.03,-187500.03,-187500.03,-187500.03,-187500.03,-187500.03,-187500.03,-187500.03,-187500.03,-142269.81,-177508.23,-187500.03,-138727.98,-187500.03,-187500.03,-185718.97
785.06036,-187500.03,-187500.03,-187500.03,-187500.03,-187500.03,-187500.03,-187500.03,-187500.03,-187500.03,-149061.73,-182534.23,-187500.03,-144718.48,-187500.03,-187500.03,-187500.03
785.0827,-187500.03,-187500.03,-187500.03,-187500.03,-187500.03,-187500.03,-187500.03,-187500.03,-187500.03,-142407.47,-176839.83,-187500.03,-140365.95,-187500.03,-187500.03,-187500.03
785.10504,-187500.03,-187500.03,-187500.03,-187500.03,-187500.03,-187500.03,-187500.03,-187500.03,-187500.03,-136377.95,-172309.72,-187500.03,-134977.2,-187500.03,-187500.03,-181113.95
785.1274,-187500.03,-187500.03,-187500.03,-187500.03,-187500.03,-187500.03,-187500.03,-187500.03,-187500.03,-140690.77,-176224.48,-187500.03,-137530.33,-187500.03,-187500.03,-184238.47
785.1498,-187500.03,-187500.03,-187500.03,-187500.03,-187500.03,-187500.03,-187500.03,-187500.03,-187500.03,-148811.53,-182443.72,-187500.03,-144328.42,-187500.03,-187500.03,-187500.03
785.1721,-187500.03,-187500.03,-187500.03,-187500.03,-187500.03,-187500.03,-187500.03,-187500.03,-187500.03,-144020.75,-178139.19,-187500.03,-141592.38,-187500.03,-187500.03,-187500.03
785.19446,-187500.03,-187500.03,-187500.03,-187500.03,-187500.03,-187500.03,-187500.03,-187500.03,-187500.03,-136721.73,-172509.31,-187500.03,-135420.45,-187500.03,-187500.03,-181736.28
785.2168,-187500.03,-187500.03,-187500.03,-187500.03,-187500.03,-187500.03,-187500.03,-187500.03,-187500.03,-139253.02,-175025.66,-187500.03,-136477.02,-187500.03,-187500.03,-182925.98
785.23914,-187500.03,-187500.03,-187500.03,-187500.03,-187500.03,-187500.03,-187500.03,-187500.03,-187500.03,-148078.81,-181960.92,-187500.03,-143572.95,-187500.03,-187500.03,-187500.03
785.26154,-187500.03,-187500.03,-187500.03,-187500.03,-187500.03,-187500.03,-187500.03,-187500.03,-187500.03,-145618.6,-179449.31,-187500.03,-142747.12,-187500.03,-187500.03,-187500.03
785.2839,-187500.03,-187500.03,-187500.03,-187500.03,-187500.03,-187500.03,-187500.03,-187500.03,-187500.03,-137370.33,-172960.95,-187500.03,-136093.33,-187500.03,-187500.03,-182655.48
785.3062,-187500.03,-187500.03,-187500.03,-187500.03,-187500.03,-187500.03,-187500.03,-187500.03,-187500.03,-138061.84,-174004.06,-187500.03,-135655.89,-187500.03,-187500.03,-181894.86
785.32855,-187500.03,-187500.03,-187500.03,-187500.03,-187500.03,-187500.03,-187500.03,-187500.03,-187500.03,-146942.19,-181142.89,-187500.03,-142542.95,-187500.03,-187500.03,-187500.03
785.3509,-187500.03,-187500.03,-187500.03,-187500.03,-187500.03,-187500.03,-187500.03,-187500.03,-187500.03,-147042.45,-180646.4,-187500.03,-143721.7,-187500.03,-187500.03,-187500.03
785.3733,-187500.03,-187500.03,-187500.03,-187500.03,-187500.03,-187500.03,-187500.03,-187500.03,-187500.03,-138307.98,-173654.16,-187500.03,-136970.23,-187500.03,-187500.03,-183814.64
785.3956,-187500.03,-187500.03,-187500.03,-187500.03,-187500.03,-187500.03,-187500.03,-187500.03,-187500.03,-137171.48,-173206.64,-187500.03,-135095.42,-187500.03,-187500.03,-181191.98
785.41797,-187500.03,-187500.03,-187500.03,-187500.03,-187500.03,-187500.03,-187500.03,-187500.03,-187500.03,-145505.27,-180060.3,-187500.03,-141319.19,-187500.03,-187500.03,-187500.03
785.4403,-187500.03,-187500.03,-187500.03,-187500.03,-187500.03,-187500.03,-187500.03,-187500.03,-187500.03,-148167.86,-181626.58,-187500.03,-144424.03,-187500.03,-187500.03,-187500.03
785.46265,-187500.03,-187500.03,-187500.03,-187500.03,-187500.03,-187500.03,-187500.03,-187500.03,-187500.03,-139515.06,-174574.38,-187500.03,-138027.42,-187500.03,-187500.03,-185162.34
785.48505,-187500.03,-187500.03,-187500.03,-187500.03,-187500.03,-187500.03,-187500.03,-187500.03,-187500.03,-136605.75,-172664.75,-187500.03,-134814.9,-187500.03,-187500.03,-180841.19
785.5074,-187500.03,-187500.03,-187500.03,-187500.03,-187500.03,-187500.03,-187500.03,-187500.03,-187500.03,-143890.44,-178803.23,-187500.03,-140003.4,-187500.03,-187500.03,-187276.64
785.5297,-187500.03,-187500.03,-187500.03,-187500.03,-187500.03,-187500.03,-187500.03,-187500.03,-187500.03,-148865.64,-182278.97,-187500.03,-144766.64,-187500.03,-187500.03,-187500.03
785.55206,-187500.03,-187500.03,-187500.03,-187500.03,-187500.03,-187500.03,-187500.03,-187500.03,-187500.03,-140931.89,-175677.61,-187500.03,-139198.97,-187500.03,-187500.03,-186623.53
785.57446,-187500.03,-187500.03,-187500.03,-187500.03,-187500.03,-187500.03,-187500.03,-187500.03,-187500.03,-136359.72,-172381.28,-187500.03,-134794.19,-187500.03,-187500.03,-180841.4
785.5968,-187500.03,-187500.03,-187500.03,-187500.03,-187500.03,-187500.03,-187500.03,-187500.03,-187500.03,-142251.97,-177500.55,-187500.03,-138718.27,-187500.03,-187500.03,-185709.39
785.61914,-187500.03,-187500.03,-187500.03,-187500.03,-187500.03,-187500.03,-187500.03,-187500.03,-187500.03,-149087.12,-182564.81,-187500.03,-144736.67,-187500.03,-187500.03,-187500.03
785.6415,-187500.03,-187500.03,-187500.03,-187500.03,-187500.03,-187500.03,-187500.03,-187500.03,-187500.03,-142485.95,-176909.64,-187500.03,-140430.47,-187500.03,-187500.03,-187500.03
785.6638,-187500.03,-187500.03,-187500.03,-187500.03,-187500.03,-187500.03,-187500.03,-187500.03,-187500.03,-136413.72,-172341.53,-187500.03,-135012.66,-187500.03,-187500.03,-181159.2
785.6862,-187500.03,-187500.03,-187500.03,-187500.03,-187500.03,-187500.03,-187500.03,-187500.03,-187500.03,-140659.78,-176203.88,-187500.03,-137508.28,-187500.03,-187500.03,-184208.28
785.70856,-187500.03,-187500.03,-187500.03,-187500.03,-187500.03,-187500.03,-187500.03,-187500.03,-187500.03,-148815.58,-182456.64,-187500.03,-144321.89,-187500.03,-187500.03,-187500.03
785.7309,-187500.03,-187500.03,-187500.03,-187500.03,-187500.03,-187500.03,-187500.03,-187500.03,-187500.03,-144128.45,-178233.27,-187500.03,-141672.88,-187500.03,-187500.03,-187500.03
785.75323,-187500.03,-187500.03,-187500.03,-187500.03,-187500.03,-187500.03,-187500.03,-187500.03,-187500.03,-136779.98,-172560.94,-187500.03,-135475.2,-187500.03,-187500.03,-181805.48
785.7756,-187500.03,-187500.03,-187500.03,-187500.03,-187500.03,-187500.03,-187500.03,-187500.03,-187500.03,-139229.73,-175012.52,-187500.03,-136465.0,-187500.03,-187500.03,-182904.64
785.798,-187500.03,-187500.03,-187500.03,-187500.03,-187500.03,-187500.03,-187500.03,-187500.03,-187500.03,-148067.94,-181965.3,-187500.03,-143561.53,-187500.03,-187500.03,-187500.03
785.8203,-187500.03,-187500.03,-187500.03,-187500.03,-187500.03,-187500.03,-187500.03,-187500.03,-187500.03,-145727.84,-179547.25,-187500.03,-142833.17,-187500.03,-187500.03,-187500.03
785.84265,-187500.03,-187500.03,-187500.03,-187500.03,-187500.03,-187500.03,-187500.03,-187500.03,-187500.03,-137446.4,-173027.06,-187500.03,-136165.97,-187500.03,-187500.03,-182736.48
785.865,-187500.03,-187500.03,-187500.03,-187500.03,-187500.03,-187500.03,-187500.03,-187500.03,-187500.03,-138050.36,-173998.69,-187500.03,-135655.89,-187500.03,-187500.03,-181884.11
785.8873,-187500.03,-187500.03,-187500.03,-187500.03,-187500.03,-187500.03,-187500.03,-187500.03,-187500.03,-146909.77,-181129.06,-187500.03,-142512.98,-187500.03,-187500.03,-187500.03
785.9097,-187500.03,-187500.03,-187500.03,-187500.03,-187500.03,-187500.03,-187500.03,-187500.03,-187500.03,-147131.84,-180731.1,-187500.03,-143784.9,-187500.03,-187500.03,-187500.03
785.93207,-187500.03,-187500.03,-187500.03,-187500.03,-187500.03,-187500.03,-187500.03,-187500.03,-187500.03,-138394.75,-173731.22,-187500.03,-137047.97,-187500.03,-187500.03,-183897.8
785.9544,-187500.03,-187500.03,-187500.03,-187500.03,-187500.03,-187500.03,-187500.03,-187500.03,-187500.03,-137180.12,-173221.33,-187500.03,-135115.66,-187500.03,-187500.03,-181199.52
785.97675,-187500.03,-187500.03,-187500.03,-187500.03,-187500.03,-187500.03,-187500.03,-187500.03,-187500.03,-145471.66,-180046.6,-187500.03,-141297.11,-187500.03,-187500.03,-187500.03
785.99915,-187500.03,-187500.03,-187500.03,-187500.03,-187500.03,-187500.03,-187500.03,-187500.03,-187500.03,-148229.77,-181692.02,-187500.03,-144471.2,-187500.03,-187500.03,-187500.03
786.0215,-187500.03,-187500.03,-187500.03,-187500.03,-187500.03,-187500.03,-187500.03,-187500.03,-187500.03,-139607.11,-174659.45,-187500.03,-138109.45,-187500.03,-187500.03,-185248.67
786.0438,-187500.03,-187500.03,-187500.03,-187500.03,-187500.03,-187500.03,-187500.03,-187500.03,-187500.03,-136623.66,-172687.22,-187500.03,-134841.39,-187500.03,-187500.03,-180861.08
786.06616,-187500.03,-187500.03,-187500.03,-187500.03,-187500.03,-187500.03,-187500.03,-187500.03,-187500.03,-143853.52,-178783.7,-187500.03,-139978.62,-187500.03,-187500.03,-187230.47
786.0885,-187500.03,-187500.03,-187500.03,-187500.03,-187500.03,-187500.03,-187500.03,-187500.03,-187500.03,-148921.45,-182336.84,-187500.03,-144806.2,-187500.03,-187500.03,-187500.03
786.1109,-187500.03,-187500.03,-187500.03,-187500.03,-187500.03,-187500.03,-187500.03,-187500.03,-187500.03,-141051.2,-175779.14,-187500.03,-139301.11,-187500.03,-187500.03,-186732.88
786.13324,-187500.03,-187500.03,-187500.03,-187500.03,-187500.03,-187500.03,-187500.03,-187500.03,-187500.03,-136398.12,-172413.45,-187500.03,-134840.6,-187500.03,-187500.03,-180884.55
786.1556,-187500.03,-187500.03,-187500.03,-187500.03,-187500.03,-187500.03,-187500.03,-187500.03,-187500.03,-142199.05,-177464.25,-187500.03,-138684.9,-187500.03,-187500.03,-185648.45
786.1779,-187500.03,-187500.03,-187500.03,-187500.03,-187500.03,-187500.03,-187500.03,-187500.03,-187500.03,-149134.58,-182615.92,-187500.03,-144768.95,-187500.03,-187500.03,-187500.03
786.20026,-187500.03,-187500.03,-187500.03,-187500.03,-187500.03,-187500.03,-187500.03,-187500.03,-187500.03,-142648.27,-177044.64,-187500.03,-140566.48,-187500.03,-187500.03,-187500.03
786.22266,-187500.03,-187500.03,-187500.03,-187500.03,-187500.03,-187500.03,-187500.03,-187500.03,-187500.03,-136480.86,-172394.19,-187500.03,-135089.25,-187500.03,-187500.03,-181247.14
786.245,-187500.03,-187500.03,-187500.03,-187500.03,-187500.03,-187500.03,-187500.03,-187500.03,-187500.03,-140608.52,-176165.47,-187500.03,-137484.42,-187500.03,-187500.03,-184166.69
786.26733,-187500.03,-187500.03,-187500.03,-187500.03,-187500.03,-187500.03,-187500.03,-187500.03,-187500.03,-148831.94,-182483.1,-187500.03,-144336.33,-187500.03,-187500.03,-187500.03
786.2897,-187500.03,-187500.03,-187500.03,-187500.03,-187500.03,-187500.03,-187500.03,-187500.03,-187500.03,-144295.25,-178372.47,-187500.03,-141813.25,-187500.03,-187500.03,-187500.03
786.312,-187500.03,-187500.03,-187500.03,-187500.03,-187500.03,-187500.03,-187500.03,-187500.03,-187500.03,-136872.69,-172632.16,-187500.03,-135574.58,-187500.03,-187500.03,-181918.0
786.3344,-187500.03,-187500.03,-187500.03,-187500.03,-187500.03,-187500.03,-187500.03,-187500.03,-187500.03,-139195.47,-174982.22,-187500.03,-136459.94,-187500.03,-187500.03,-182879.56
786.35675,-187500.03,-187500.03,-187500.03,-187500.03,-187500.03,-187500.03,-187500.03,-187500.03,-187500.03,-148054.25,-181962.4,-187500.03,-143552.66,-187500.03,-187500.03,-187500.03
786.3791,-187500.03,-187500.03,-187500.03,-187500.03,-187500.03,-187500.03,-187500.03,-187500.03,-187500.03,-145874.38,-179671.6,-187500.03,-142949.16,-187500.03,-187500.03,-187500.03
786.4014,-187500.03,-187500.03,-187500.03,-187500.03,-187500.03,-187500.03,-187500.03,-187500.03,-187500.03,-137553.97,-173113.83,-187500.03,-136269.67,-187500.03,-187500.03,-182861.34
786.4238,-187500.03,-187500.03,-187500.03,-187500.03,-187500.03,-187500.03,-187500.03,-187500.03,-187500.03,-138029.83,-173983.08,-187500.03,-135661.08,-187500.03,-187500.03,-181877.83
786.44617,-187500.03,-187500.03,-187500.03,-187500.03,-187500.03,-187500.03,-187500.03,-187500.03,-187500.03,-146873.02,-181111.45,-187500.03,-142492.61,-187500.03,-187500.03,-187500.03
786.4685,-187500.03,-187500.03,-187500.03,-187500.03,-187500.03,-187500.03,-187500.03,-187500.03,-187500.03,-147261.39,-180845.03,-187500.03,-143892.0,-187500.03,-187500.03,-187500.03
786.49084,-187500.03,-187500.03,-187500.03,-187500.03,-187500.03,-187500.03,-187500.03,-187500.03,-187500.03,-138514.45,-173828.81,-187500.03,-137164.81,-187500.03,-187500.03,-184031.7
786.5132,-187500.03,-187500.03,-187500.03,-187500.03,-187500.03,-187500.03,-187500.03,-187500.03,-187500.03,-137168.27,-173210.58,-187500.03,-135129.69,-187500.03,-187500.03,-181204.55
786.5356,-187500.03,-187500.03,-187500.03,-187500.03,-187500.03,-187500.03,-187500.03,-187500.03,-187500.03,-145400.36,-179999.14,-187500.03,-141246.81,-187500.03,-187500.03,-187500.03
786.5579,-187500.03,-187500.03,-187500.03,-187500.03,-187500.03,-187500.03,-187500.03,-187500.03,-187500.03,-148327.62,-181783.86,-187500.03,-144544.19,-187500.03,-187500.03,-187500.03
786.58026,-187500.03,-187500.03,-187500.03,-187500.03,-187500.03,-187500.03,-187500.03,-187500.03,-187500.03,-139730.31,-174764.4,-187500.03,-138220.38,-187500.03,-187500.03,-185381.62
786.6026,-187500.03,-187500.03,-187500.03,-187500.03,-187500.03,-187500.03,-187500.03,-187500.03,-187500.03,-136636.64,-172702.52,-187500.03,-134874.03,-187500.03,-187500.03,-180896.78
786.62494,-187500.03,-187500.03,-187500.03,-187500.03,-187500.03,-187500.03,-187500.03,-187500.03,-187500.03,-143795.53,-178751.31,-187500.03,-139946.11,-187500.03,-187500.03,-187179.23
786.64734,-187500.03,-187500.03,-187500.03,-187500.03,-187500.03,-187500.03,-187500.03,-187500.03,-187500.03,-148972.97,-182397.02,-187500.03,-144850.28,-187500.03,-187500.03,-187500.03
786.6697,-187500.03,-187500.03,-187500.03,-187500.03,-187500.03,-187500.03,-187500.03,-187500.03,-187500.03,-141149.06,-175870.83,-187500.03,-139391.23,-187500.03,-187500.03,-186833.36
786.692,-187500.03,-187500.03,-187500.03,-187500.03,-187500.03,-187500.03,-187500.03,-187500.03,-187500.03,-136414.7,-172436.12,-187500.03,-134871.19,-187500.03,-187500.03,-180921.2
786.71436,-187500.03,-187500.03,-187500.03,-187500.03,-187500.03,-187500.03,-187500.03,-187500.03,-187500.03,-142131.19,-177422.92,-187500.03,-138640.0,-187500.03,-187500.03,-185589.31
786.7367,-187500.03,-187500.03,-187500.03,-187500.03,-187500.03,-187500.03,-187500.03,-187500.03,-187500.03,-149144.89,-182642.14,-187500.03,-144774.02,-187500.03,-187500.03,-187500.03
786.7591,-187500.03,-187500.03,-187500.03,-187500.03,-187500.03,-187500.03,-187500.03,-187500.03,-187500.03,-142733.52,-177126.28,-187500.03,-140640.6,-187500.03,-187500.03,-187500.03
786.78143,-187500.03,-187500.03,-187500.03,-187500.03,-187500.03,-187500.03,-187500.03,-187500.03,-187500.03,-136504.33,-172422.53,-187500.03,-135123.27,-187500.03,-187500.03,-181277.12
786.8038,-187500.03,-187500.03,-187500.03,-187500.03,-187500.03,-187500.03,-187500.03,-187500.03,-187500.03,-140540.7,-176121.44,-187500.03,-137440.3,-187500.03,-187500.03,-184093.62
786.8261,-187500.03,-187500.03,-187500.03,-187500.03,-187500.03,-187500.03,-187500.03,-187500.03,-187500.03,-148816.05,-182487.67,-187500.03,-144321.42,-187500.03,-187500.03,-187500.03
786.8485,-187500.03,-187500.03,-187500.03,-187500.03,-187500.03,-187500.03,-187500.03,-187500.03,-187500.03,-144374.06,-178448.2,-187500.03,-141879.4,-187500.03,-187500.03,-187500.03
786.87085,-187500.03,-187500.03,-187500.03,-187500.03,-187500.03,-187500.03,-187500.03,-187500.03,-187500.03,-136899.81,-172661.02,-187500.03,-135609.69,-187500.03,-187500.03,-181948.05
786.8932,-187500.03,-187500.03,-187500.03,-187500.03,-187500.03,-187500.03,-187500.03,-187500.03,-187500.03,-139130.08,-174938.67,-187500.03,-136419.84,-187500.03,-187500.03,-182814.98
786.9155,-187500.03,-187500.03,-187500.03,-187500.03,-187500.03,-187500.03,-187500.03,-187500.03,-187500.03,-148000.0,-181936.33,-187500.03,-143509.75,-187500.03,-187500.03,-187500.03
786.93787,-187500.03,-187500.03,-187500.03,-187500.03,-187500.03,-187500.03,-187500.03,-187500.03,-187500.03,-145943.02,-179738.22,-187500.03,-143004.81,-187500.03,-187500.03,-187500.03
786.96027,-187500.03,-187500.03,-187500.03,-187500.03,-187500.03,-187500.03,-187500.03,-187500.03,-187500.03,-137591.28,-173149.0,-187500.03,-136313.31,-187500.03,-187500.03,-182903.6
786.9826,-187500.03,-187500.03,-187500.03,-187500.03,-187500.03,-187500.03,-187500.03,-187500.03,-187500.03,-137977.62,-173944.1,-187500.03,-135630.81,-187500.03,-187500.03,-181827.88
787.00494,-187500.03,-187500.03,-187500.03,-187500.03,-187500.03,-187500.03,-187500.03,-187500.03,-187500.03,-146797.42,-181063.23,-187500.03,-142429.44,-187500.03,-187500.03,-187500.03
787.0273,-187500.03,-187500.03,-187500.03,-187500.03,-187500.03,-187500.03,-187500.03,-187500.03,-187500.03,-147318.31,-180903.33,-187500.03,-143929.17,-187500.03,-187500.03,-187500.03
787.0496,-187500.03,-187500.03,-187500.03,-187500.03,-187500.03,-187500.03,-187500.03,-187500.03,-187500.03,-138563.78,-173875.17,-187500.03,-137210.86,-187500.03,-187500.03,-184092.06
787.072,-187500.03,-187500.03,-187500.03,-187500.03,-187500.03,-187500.03,-187500.03,-187500.03,-187500.03,-137128.39,-173184.0,-187500.03,-135107.25,-187500.03,-187500.03,-181181.25
787.09436,-187500.03,-187500.03,-187500.03,-187500.03,-187500.03,-187500.03,-187500.03,-187500.03,-187500.03,-145304.25,-179934.47,-187500.03,-141169.31,-187500.03,-187500.03,-187500.03
787.1167,-187500.03,-187500.03,-187500.03,-187500.03,-187500.03,-187500.03,-187500.03,-187500.03,-187500.03,-148363.52,-181826.89,-187500.03,-144563.69,-187500.03,-187500.03,-187500.03
787.13904,-187500.03,-187500.03,-187500.03,-187500.03,-187500.03,-187500.03,-187500.03,-187500.03,-187500.03,-139795.31,-174820.64,-187500.03,-138278.88,-187500.03,-187500.03,-185458.83
787.1614,-187500.03,-187500.03,-187500.03,-187500.03,-187500.03,-187500.03,-187500.03,-187500.03,-187500.03,-136600.8,-172673.86,-187500.03,-134858.84,-187500.03,-187500.03,-180883.61
787.1838,-187500.03,-187500.03,-187500.03,-187500.03,-187500.03,-187500.03,-187500.03,-187500.03,-187500.03,-143659.45,-178651.44,-187500.03,-139839.66,-187500.03,-187500.03,-187059.81
787.2061,-187500.03,-187500.03,-187500.03,-187500.03,-187500.03,-187500.03,-187500.03,-187500.03,-187500.03,-148980.44,-182420.08,-187500.03,-144841.12,-187500.03,-187500.03,-187500.03
787.22845,-187500.03,-187500.03,-187500.03,-187500.03,-187500.03,-187500.03,-187500.03,-187500.03,-187500.03,-141238.23,-175948.16,-187500.03,-139463.12,-187500.03,-187500.03,-186934.0
787.2508,-187500.03,-187500.03,-187500.03,-187500.03,-187500.03,-187500.03,-187500.03,-187500.03,-187500.03,-136392.83,-172421.81,-187500.03,-134869.2,-187500.03,-187500.03,-180932.92
787.2732,-187500.03,-187500.03,-187500.03,-187500.03,-187500.03,-187500.03,-187500.03,-187500.03,-187500.03,-141991.36,-177320.23,-187500.03,-138535.02,-187500.03,-187500.03,-185471.62
787.29553,-187500.03,-187500.03,-187500.03,-187500.03,-187500.03,-187500.03,-187500.03,-187500.03,-187500.03,-149116.6,-182637.95,-187500.03,-144739.73,-187500.03,-187500.03,-187500.03
787.3179,-187500.03,-187500.03,-187500.03,-187500.03,-187500.03,-187500.03,-187500.03,-187500.03,-187500.03,-142839.61,-177217.16,-187500.03,-140724.16,-187500.03,-187500.03,-187500.03
787.3402,-187500.03,-187500.03,-187500.03,-187500.03,-187500.03,-187500.03,-187500.03,-187500.03,-187500.03,-136508.0,-172422.62,-187500.03,-135140.28,-187500.03,-187500.03,-181315.03
787.36255,-187500.03,-187500.03,-187500.03,-187500.03,-187500.03,-187500.03,-187500.03,-187500.03,-187500.03,-140417.48,-176021.58,-187500.03,-137348.5,-187500.03,-187500.03,-183995.23
787.38495,-187500.03,-187500.03,-187500.03,-187500.03,-187500.03,-187500.03,-187500.03,-187500.03,-187500.03,-148746.9,-182442.97,-187500.03,-144252.58,-187500.03,-187500.03,-187500.03
787.4073,-187500.03,-187500.03,-187500.03,-187500.03,-187500.03,-187500.03,-187500.03,-187500.03,-187500.03,-144478.02,-178534.88,-187500.03,-141952.56,-187500.03,-187500.03,-187500.03
787.4296,-187500.03,-187500.03,-187500.03,-187500.03,-187500.03,-187500.03,-187500.03,-187500.03,-187500.03,-136929.94,-172680.06,-187500.03,-135643.73,-187500.03,-187500.03,-182004.94
787.45197,-187500.03,-187500.03,-187500.03,-187500.03,-187500.03,-187500.03,-187500.03,-187500.03,-187500.03,-139034.5,-174856.52,-187500.03,-136351.17,-187500.03,-187500.03,-182736.44
787.4743,-187500.03,-187500.03,-187500.03,-187500.03,-187500.03,-187500.03,-187500.03,-187500.03,-187500.03,-147918.95,-181877.94,-187500.03,-143436.75,-187500.03,-187500.03,-187500.03
787.4967,-187500.03,-187500.03,-187500.03,-187500.03,-187500.03,-187500.03,-187500.03,-187500.03,-187500.03,-146031.64,-179812.52,-187500.03,-143065.62,-187500.03,-187500.03,-187500.03
787.51904,-187500.03,-187500.03,-187500.03,-187500.03,-187500.03,-187500.03,-187500.03,-187500.03,-187500.03,-137636.84,-173178.39,-187500.03,-136356.19,-187500.03,-187500.03,-182964.02
787.5414,-187500.03,-187500.03,-187500.03,-187500.03,-187500.03,-187500.03,-187500.03,-187500.03,-187500.03,-137912.55,-173883.22,-187500.03,-135585.86,-187500.03,-187500.03,-181773.58
787.5637,-187500.03,-187500.03,-187500.03,-187500.03,-187500.03,-187500.03,-187500.03,-187500.03,-187500.03,-146706.38,-180989.47,-187500.03,-142349.61,-187500.03,-187500.03,-187500.03
787.5861,-187500.03,-187500.03,-187500.03,-187500.03,-187500.03,-187500.03,-187500.03,-187500.03,-187500.03,-147397.73,-180965.11,-187500.03,-143980.48,-187500.03,-187500.03,-187500.03
787.60846,-187500.03,-187500.03,-187500.03,-187500.03,-187500.03,-187500.03,-187500.03,-187500.03,-187500.03,-138636.77,-173922.78,-187500.03,-137275.72,-187500.03,-187500.03,-184169.02
787.6308,-187500.03,-187500.03,-187500.03,-187500.03,-187500.03,-187500.03,-187500.03,-187500.03,-187500.03,-137088.64,-173138.1,-187500.03,-135084.27,-187500.03,-187500.03,-181144.19
787.65314,-187500.03,-187500.03,-187500.03,-187500.03,-187500.03,-187500.03,-187500.03,-187500.03,-187500.03,-145213.36,-179856.1,-187500.03,-141093.81,-187500.03,-187500.03,-187500.03
787.6755,-187500.03,-187500.03,-187500.03,-187500.03,-187500.03,-187500.03,-187500.03,-187500.03,-187500.03,-148415.38,-181865.47,-187500.03,-144591.89,-187500.03,-187500.03,-187500.03
787.6979,-187500.03,-187500.03,-187500.03,-187500.03,-187500.03,-187500.03,-187500.03,-187500.03,-187500.03,-139874.3,-174873.28,-187500.03,-138342.48,-187500.03,-187500.03,-185529.52
787.7202,-187500.03,-187500.03,-187500.03,-187500.03,-187500.03,-187500.03,-187500.03,-187500.03,-187500.03,-136589.86,-172653.11,-187500.03,-134854.28,-187500.03,-187500.03,-180872.61
787.74255,-187500.03,-187500.03,-187500.03,-187500.03,-187500.03,-187500.03,-187500.03,-187500.03,-187500.03,-143598.12,-178595.92,-187500.03,-139787.34,-187500.03,-187500.03,-186992.16
787.7649,-187500.03,-187500.03,-187500.03,-187500.03,-187500.03,-187500.03,-187500.03,-187500.03,-187500.03,-148999.92,-182433.8,-187500.03,-144847.55,-187500.03,-187500.03,-187500.03
787.78723,-187500.03,-187500.03,-187500.03,-187500.03,-187500.03,-187500.03,-187500.03,-187500.03,-187500.03,-141304.67,-175994.69,-187500.03,-139516.55,-187500.03,-187500.03,-186987.92
787.80963,-187500.03,-187500.03,-187500.03,-187500.03,-187500.03,-187500.03,-187500.03,-187500.03,-187500.03,-136395.44,-172412.39,-187500.03,-134874.5,-187500.03,-187500.03,-180932.48
787.832,-187500.03,-187500.03,-187500.03,-187500.03,-187500.03,-187500.03,-187500.03,-187500.03,-187500.03,-141940.44,-177270.53,-187500.03,-138492.53,-187500.03,-187500.03,-185414.81
787.8543,-187500.03,-187500.03,-187500.03,-187500.03,-187500.03,-187500.03,-187500.03,-187500.03,-187500.03,-149112.39,-182631.47,-187500.03,-144726.14,-187500.03,-187500.03,-187500.03
787.87665,-187500.03,-187500.03,-187500.03,-187500.03,-187500.03,-187500.03,-187500.03,-187500.03,-187500.03,-142898.52,-177262.39,-187500.03,-140766.61,-187500.03,-187500.03,-187500.03
787.899,-187500.03,-187500.03,-187500.03,-187500.03,-187500.03,-187500.03,-187500.03,-187500.03,-187500.03,-136515.98,-172427.45,-187500.03,-135150.61,-187500.03,-187500.03,-181336.89
787.9214,-187500.03,-187500.03,-187500.03,-187500.03,-187500.03,-187500.03,-187500.03,-187500.03,-187500.03,-140361.83,-175979.9,-187500.03,-137306.14,-187500.03,-187500.03,-183949.77
787.9437,-187500.03,-187500.03,-187500.03,-187500.03,-187500.03,-187500.03,-187500.03,-187500.03,-187500.03,-148725.0,-182435.22,-187500.03,-144229.73,-187500.03,-187500.03,-187500.03
787.96606,-187500.03,-187500.03,-187500.03,-187500.03,-187500.03,-187500.03,-187500.03,-187500.03,-187500.03,-144536.38,-178588.48,-187500.03,-141998.19,-187500.03,-187500.03,-187500.03
787.9884,-187500.03,-187500.03,-187500.03,-187500.03,-187500.03,-187500.03,-187500.03,-187500.03,-187500.03,-136947.3,-172696.31,-187500.03,-135666.31,-187500.03,-187500.03,-182046.67
788.0108,-187500.03,-187500.03,-187500.03,-187500.03,-187500.03,-187500.03,-187500.03,-187500.03,-187500.03,-138982.47,-174818.5,-187500.03,-136316.05,-187500.03,-187500.03,-182702.28
788.03314,-187500.03,-187500.03,-187500.03,-187500.03,-187500.03,-187500.03,-187500.03,-187500.03,-187500.03,-147873.84,-181853.27,-187500.03,-143397.02,-187500.03,-187500.03,-187500.03
788.0555,-187500.03,-187500.03,-187500.03,-187500.03,-187500.03,-187500.03,-187500.03,-187500.03,-187500.03,-146081.95,-179865.25,-187500.03,-143101.39,-187500.03,-187500.03,-187500.03
788.0778,-187500.03,-187500.03,-187500.03,-187500.03,-187500.03,-187500.03,-187500.03,-187500.03,-187500.03,-137665.42,-173211.6,-187500.03,-136387.52,-187500.03,-187500.03,-183018.86
788.10016,-187500.03,-187500.03,-187500.03,-187500.03,-187500.03,-187500.03,-187500.03,-187500.03,-187500.03,-137886.9,-173873.31,-187500.03,-135574.72,-187500.03,-187500.03,-181770.27
788.12256,-187500.03,-187500.03,-187500.03,-187500.03,-187500.03,-187500.03,-187500.03,-187500.03,-187500.03,-146680.36,-180982.67,-187500.03,-142334.27,-187500.03,-187500.03,-187500.03
788.1449,-187500.03,-187500.03,-187500.03,-187500.03,-187500.03,-187500.03,-187500.03,-187500.03,-187500.03,-147408.98,-180988.25,-187500.03,-143993.98,-187500.03,-187500.03,-187500.03
788.16724,-187500.03,-187500.03,-187500.03,-187500.03,-187500.03,-187500.03,-187500.03,-187500.03,-187500.03,-138651.1,-173945.9,-187500.03,-137295.03,-187500.03,-187500.03,-184194.98
788.1896,-187500.03,-187500.03,-187500.03,-187500.03,-187500.03,-187500.03,-187500.03,-187500.03,-187500.03,-137076.0,-173138.52,-187500.03,-135084.55,-187500.03,-187500.03,-181143.6
788.2119,-187500.03,-187500.03,-187500.03,-187500.03,-187500.03,-187500.03,-187500.03,-187500.03,-187500.03,-145193.95,-179854.08,-187500.03,-141085.05,-187500.03,-187500.03,-187500.03
788.2343,-187500.03,-187500.03,-187500.03,-187500.03,-187500.03,-187500.03,-187500.03,-187500.03,-187500.03,-148437.88,-181896.4,-187500.03,-144613.2,-187500.03,-187500.03,-187500.03
788.25665,-187500.03,-187500.03,-187500.03,-187500.03,-187500.03,-187500.03,-187500.03,-187500.03,-187500.03,-139909.31,-174913.56,-187500.03,-138379.33,-187500.03,-187500.03,-185572.45
788.279,-187500.03,-187500.03,-187500.03,-187500.03,-187500.03,-187500.03,-187500.03,-187500.03,-187500.03,-136576.8,-172652.97,-187500.03,-134857.86,-187500.03,-187500.03,-180871.0
788.30133,-187500.03,-187500.03,-187500.03,-187500.03,-187500.03,-187500.03,-187500.03,-187500.03,-187500.03,-143545.2,-178566.12,-187500.03,-139753.92,-187500.03,-187500.03,-186939.14
788.32367,-187500.03,-187500.03,-187500.03,-187500.03,-187500.03,-187500.03,-187500.03,-187500.03,-187500.03,-149026.83,-182468.88,-187500.03,-144869.47,-187500.03,-187500.03,-187500.03
788.34607,-187500.03,-187500.03,-187500.03,-187500.03,-187500.03,-187500.03,-187500.03,-187500.03,-187500.03,-141371.6,-176058.95,-187500.03,-139577.52,-187500.03,-187500.03,-187053.48
788.3684,-187500.03,-187500.03,-187500.03,-187500.03,-187500.03,-187500.03,-187500.03,-187500.03,-187500.03,-136395.53,-172421.69,-187500.03,-134889.67,-187500.03,-187500.03,-180945.47
788.39075,-187500.03,-187500.03,-187500.03,-187500.03,-187500.03,-187500.03,-187500.03,-187500.03,-187500.03,-141876.16,-177231.25,-187500.03,-138451.58,-187500.03,-187500.03,-185352.75
788.4131,-187500.03,-187500.03,-187500.03,-187500.03,-187500.03,-187500.03,-187500.03,-187500.03,-187500.03,-149118.27,-182652.78,-187500.03,-144732.2,-187500.03,-187500.03,-187500.03
788.4355,-187500.03,-187500.03,-187500.03,-187500.03,-187500.03,-187500.03,-187500.03,-187500.03,-187500.03,-142967.55,-177330.03,-187500.03,-140830.44,-187500.03,-187500.03,-187500.03
788.4578,-187500.03,-187500.03,-187500.03,-187500.03,-187500.03,-187500.03,-187500.03,-187500.03,-187500.03,-136524.77,-172444.34,-187500.03,-135175.34,-187500.03,-187500.03,-181359.31
788.48016,-187500.03,-187500.03,-187500.03,-187500.03,-187500.03,-187500.03,-187500.03,-187500.03,-187500.03,-140297.11,-175938.83,-187500.03,-137268.03,-187500.03,-187500.03,-183890.22
788.5025,-187500.03,-187500.03,-187500.03,-187500.03,-187500.03,-187500.03,-187500.03,-187500.03,-187500.03,-148703.45,-182432.64,-187500.03,-144214.56,-187500.03,-187500.03,-187500.03
788.52484,-187500.03,-187500.03,-187500.03,-187500.03,-187500.03,-187500.03,-187500.03,-187500.03,-187500.03,-144597.2,-178649.47,-187500.03,-142049.73,-187500.03,-187500.03,-187500.03
788.54724,-187500.03,-187500.03,-187500.03,-187500.03,-187500.03,-187500.03,-187500.03,-187500.03,-187500.03,-136963.69,-172721.97,-187500.03,-135692.66,-187500.03,-187500.03,-182083.06
788.5696,-187500.03,-187500.03,-187500.03,-187500.03,-187500.03,-187500.03,-187500.03,-187500.03,-187500.03,-138912.61,-174774.61,-187500.03,-136271.03,-187500.03,-187500.03,-182649.34
788.5919,-187500.03,-187500.03,-187500.03,-187500.03,-187500.03,-187500.03,-187500.03,-187500.03,-187500.03,-147820.69,-181827.25,-187500.03,-143354.72,-187500.03,-187500.03,-187500.03
788.61426,-187500.03,-187500.03,-187500.03,-187500.03,-187500.03,-187500.03,-187500.03,-187500.03,-187500.03,-146140.16,-179924.4,-187500.03,-143148.78,-187500.03,-187500.03,-187500.03
788.6366,-187500.03,-187500.03,-187500.03,-187500.03,-187500.03,-187500.03,-187500.03,-187500.03,-187500.03,-137688.84,-173236.86,-187500.03,-136420.61,-187500.03,-187500.03,-183061.25
788.659,-187500.03,-187500.03,-187500.03,-187500.03,-187500.03,-187500.03,-187500.03,-187500.03,-187500.03,-137795.52,-173804.02,-187500.03,-135516.8,-187500.03,-187500.03,-181694.17
788.68134,-187500.03,-187500.03,-187500.03,-187500.03,-187500.03,-187500.03,-187500.03,-187500.03,-187500.03,-146561.78,-180900.23,-187500.03,-142238.8,-187500.03,-187500.03,-187500.03
788.7037,-187500.03,-187500.03,-187500.03,-187500.03,-187500.03,-187500.03,-187500.03,-187500.03,-187500.03,-147470.36,-181049.36,-187500.03,-144033.16,-187500.03,-187500.03,-187500.03
788.726,-187500.03,-187500.03,-187500.03,-187500.03,-187500.03,-187500.03,-187500.03,-187500.03,-187500.03,-138703.75,-173993.4,-187500.03,-137346.27,-187500.03,-187500.03,-184268.77
788.74835,-187500.03,-187500.03,-187500.03,-187500.03,-187500.03,-187500.03,-187500.03,-187500.03,-187500.03,-136998.36,-173080.61,-187500.03,-135035.2,-187500.03,-187500.03,-181089.83
788.77075,-187500.03,-187500.03,-187500.03,-187500.03,-187500.03,-187500.03,-187500.03,-187500.03,-187500.03,-145045.33,-179746.67,-187500.03,-140963.84,-187500.03,-187500.03,-187500.03
788.7931,-187500.03,-187500.03,-187500.03,-187500.03,-187500.03,-187500.03,-187500.03,-187500.03,-187500.03,-148472.38,-181938.64,-187500.03,-144627.6,-187500.03,-187500.03,-187500.03
788.8154,-187500.03,-187500.03,-187500.03,-187500.03,-187500.03,-187500.03,-187500.03,-187500.03,-187500.03,-139982.97,-174976.6,-187500.03,-138445.45,-187500.03,-187500.03,-185657.17
788.83777,-187500.03,-187500.03,-187500.03,-187500.03,-187500.03,-187500.03,-187500.03,-187500.03,-187500.03,-136531.1,-172614.64,-187500.03,-134836.23,-187500.03,-187500.03,-180846.81
788.86017,-187500.03,-187500.03,-187500.03,-187500.03,-187500.03,-187500.03,-187500.03,-187500.03,-187500.03,-143396.52,-178450.84,-187500.03,-139637.42,-187500.03,-187500.03,-186800.75
788.8825,-187500.03,-187500.03,-187500.03,-187500.03,-187500.03,-187500.03,-187500.03,-187500.03,-187500.03,-149028.67,-182480.28,-187500.03,-144856.0,-187500.03,-187500.03,-187500.03
788.90485,-187500.03,-187500.03,-187500.03,-187500.03,-187500.03,-187500.03,-187500.03,-187500.03,-187500.03,-141460.36,-176130.2,-187500.03,-139650.39,-187500.03,-187500.03,-187141.12
788.9272,-187500.03,-187500.03,-187500.03,-187500.03,-187500.03,-187500.03,-187500.03,-187500.03,-187500.03,-136372.48,-172399.56,-187500.03,-134887.36,-187500.03,-187500.03,-180942.7
788.9495,-187500.03,-187500.03,-187500.03,-187500.03,-187500.03,-187500.03,-187500.03,-187500.03,-187500.03,-141734.05,-177119.03,-187500.03,-138345.23,-187500.03,-187500.03,-185217.11
788.9719,-187500.03,-187500.03,-187500.03,-187500.03,-187500.03,-187500.03,-187500.03,-187500.03,-187500.03,-149094.88,-182644.39,-187500.03,-144700.69,-187500.03,-187500.03,-187500.03
788.99426,-187500.03,-187500.03,-187500.03,-187500.03,-187500.03,-187500.03,-187500.03,-187500.03,-187500.03,-143074.61,-177416.06,-187500.03,-140912.7,-187500.03,-187500.03,-187500.03
789.0166,-187500.03,-187500.03,-187500.03,-187500.03,-187500.03,-187500.03,-187500.03,-187500.03,-187500.03,-136535.56,-172445.97,-187500.03,-135196.52,-187500.03,-187500.03,-181386.58
789.03894,-187500.03,-187500.03,-187500.03,-187500.03,-187500.03,-187500.03,-187500.03,-187500.03,-187500.03,-140173.55,-175833.72,-187500.03,-137175.02,-187500.03,-187500.03,-183771.86
789.0613,-187500.03,-187500.03,-187500.03,-187500.03,-187500.03,-187500.03,-187500.03,-187500.03,-187500.03,-148643.89,-182390.2,-187500.03,-144152.31,-187500.03,-187500.03,-187500.03
789.0837,-187500.03,-187500.03,-187500.03,-187500.03,-187500.03,-187500.03,-187500.03,-187500.03,-187500.03,-144709.42,-178739.62,-187500.03,-142131.05,-187500.03,-187500.03,-187500.03
789.106,-187500.03,-187500.03,-187500.03,-187500.03,-187500.03,-187500.03,-187500.03,-187500.03,-187500.03,-136997.45,-172741.4,-187500.03,-135731.02,-187500.03,-187500.03,-182127.17
789.12836,-187500.03,-187500.03,-187500.03,-187500.03,-187500.03,-187500.03,-187500.03,-187500.03,-187500.03,-138816.72,-174690.31,-187500.03,-136203.78,-187500.03,-187500.03,-182552.52
789.1507,-187500.03,-187500.03,-187500.03,-187500.03,-187500.03,-187500.03,-187500.03,-187500.03,-187500.03,-147738.27,-181763.88,-187500.03,-143277.97,-187500.03,-187500.03,-187500.03
789.17303,-187500.03,-187500.03,-187500.03,-187500.03,-187500.03,-187500.03,-187500.03,-187500.03,-187500.03,-146237.95,-180001.56,-187500.03,-143213.56,-187500.03,-187500.03,-187500.03
789.19543,-187500.03,-187500.03,-187500.03,-187500.03,-187500.03,-187500.03,-187500.03,-187500.03,-187500.03,-137746.02,-173276.02,-187500.03,-136473.4,-187500.03,-187500.03,-183123.38
789.2178,-187500.03,-187500.03,-187500.03,-187500.03,-187500.03,-187500.03,-187500.03,-187500.03,-187500.03,-137740.11,-173752.66,-187500.03,-135481.61,-187500.03,-187500.03,-181643.48
789.2401,-187500.03,-187500.03,-187500.03,-187500.03,-187500.03,-187500.03,-187500.03,-187500.03,-187500.03,-146478.92,-180837.83,-187500.03,-142168.23,-187500.03,-187500.03,-187500.03
789.26245,-187500.03,-187500.03,-187500.03,-187500.03,-187500.03,-187500.03,-187500.03,-187500.03,-187500.03,-147541.39,-181110.92,-187500.03,-144079.5,-187500.03,-187500.03,-187500.03
789.28485,-187500.03,-187500.03,-187500.03,-187500.03,-187500.03,-187500.03,-187500.03,-187500.03,-187500.03,-138765.88,-174040.39,-187500.03,-137403.94,-187500.03,-187500.03,-184337.12
789.3072,-187500.03,-187500.03,-187500.03,-187500.03,-187500.03,-187500.03,-187500.03,-187500.03,-187500.03,-136962.81,-173044.98,-187500.03,-135019.47,-187500.03,-187500.03,-181066.27
789.3295,-187500.03,-187500.03,-187500.03,-187500.03,-187500.03,-187500.03,-187500.03,-187500.03,-187500.03,-144952.23,-179669.6,-187500.03,-140890.98,-187500.03,-187500.03,-187500.03
789.35187,-187500.03,-187500.03,-187500.03,-187500.03,-187500.03,-187500.03,-187500.03,-187500.03,-187500.03,-148507.66,-181966.2,-187500.03,-144646.06,-187500.03,-187500.03,-187500.03
789.3742,-187500.03,-187500.03,-187500.03,-187500.03,-187500.03,-187500.03,-187500.03,-187500.03,-187500.03,-140049.95,-175025.03,-187500.03,-138502.62,-187500.03,-187500.03,-185731.84
789.3966,-187500.03,-187500.03,-187500.03,-187500.03,-187500.03,-187500.03,-187500.03,-187500.03,-187500.03,-136501.03,-172584.5,-187500.03,-134822.12,-187500.03,-187500.03,-180837.33
789.41895,-187500.03,-187500.03,-187500.03,-187500.03,-187500.03,-187500.03,-187500.03,-187500.03,-187500.03,-143290.27,-178367.2,-187500.03,-139554.62,-187500.03,-187500.03,-186707.67
789.4413,-187500.03,-187500.03,-187500.03,-187500.03,-187500.03,-187500.03,-187500.03,-187500.03,-187500.03,-149032.88,-182490.3,-187500.03,-144849.97,-187500.03,-187500.03,-187500.03
789.4636,-187500.03,-187500.03,-187500.03,-187500.03,-187500.03,-187500.03,-187500.03,-187500.03,-187500.03,-141539.53,-176192.6,-187500.03,-139716.38,-187500.03,-187500.03,-187228.23
789.48596,-187500.03,-187500.03,-187500.03,-187500.03,-187500.03,-187500.03,-187500.03,-187500.03,-187500.03,-136366.97,-172387.19,-187500.03,-134894.66,-187500.03,-187500.03,-180960.58
789.50836,-187500.03,-187500.03,-187500.03,-187500.03,-187500.03,-187500.03,-187500.03,-187500.03,-187500.03,-141639.23,-177035.58,-187500.03,-138273.08,-187500.03,-187500.03,-185136.53
789.5307,-187500.03,-187500.03,-187500.03,-187500.03,-187500.03,-187500.03,-187500.03,-187500.03,-187500.03,-149064.7,-182619.31,-187500.03,-144666.36,-187500.03,-187500.03,-187500.03
789.55304,-187500.03,-187500.03,-187500.03,-187500.03,-187500.03,-187500.03,-187500.03,-187500.03,-187500.03,-143147.52,-177471.16,-187500.03,-140967.69,-187500.03,-187500.03,-187500.03
789.5754,-187500.03,-187500.03,-187500.03,-187500.03,-187500.03,-187500.03,-187500.03,-187500.03,-187500.03,-136543.92,-172447.11,-187500.03,-135211.88,-187500.03,-187500.03,-181410.62
789.5977,-187500.03,-187500.03,-187500.03,-187500.03,-187500.03,-187500.03,-187500.03,-187500.03,-187500.03,-140112.61,-175779.47,-187500.03,-137131.61,-187500.03,-187500.03,-183713.56
789.6201,-187500.03,-187500.03,-187500.03,-187500.03,-187500.03,-187500.03,-187500.03,-187500.03,-187500.03,-148612.42,-182359.14,-187500.03,-144117.94,-187500.03,-187500.03,-187500.03
789.64246,-187500.03,-187500.03,-187500.03,-187500.03,-187500.03,-187500.03,-187500.03,-187500.03,-187500.03,-144769.17,-178777.64,-187500.03,-142172.02,-187500.03,-187500.03,-187500.03
789.6648,-187500.03,-187500.03,-187500.03,-187500.03,-187500.03,-187500.03,-187500.03,-187500.03,-187500.03,-137020.33,-172749.0,-187500.03,-135756.7,-187500.03,-187500.03,-182148.64
789.68713,-187500.03,-187500.03,-187500.03,-187500.03,-187500.03,-187500.03,-187500.03,-187500.03,-187500.03,-138784.3,-174653.06,-187500.03,-136182.56,-187500.03,-187500.03,-182513.53
789.70953,-187500.03,-187500.03,-187500.03,-187500.03,-187500.03,-187500.03,-187500.03,-187500.03,-187500.03,-147711.34,-181733.66,-187500.03,-143250.75,-187500.03,-187500.03,-187500.03
789.7319,-187500.03,-187500.03,-187500.03,-187500.03,-187500.03,-187500.03,-187500.03,-187500.03,-187500.03,-146289.47,-180035.53,-187500.03,-143248.52,-187500.03,-187500.03,-187500.03
789.7542,-187500.03,-187500.03,-187500.03,-187500.03,-187500.03,-187500.03,-187500.03,-187500.03,-187500.03,-137783.89,-173297.83,-187500.03,-136509.08,-187500.03,-187500.03,-183153.02
789.77655,-187500.03,-187500.03,-187500.03,-187500.03,-187500.03,-187500.03,-187500.03,-187500.03,-187500.03,-137718.8,-173725.64,-187500.03,-135469.55,-187500.03,-187500.03,-181611.83
789.7989,-187500.03,-187500.03,-187500.03,-187500.03,-187500.03,-187500.03,-187500.03,-187500.03,-187500.03,-146438.06,-180796.42,-187500.03,-142128.16,-187500.03,-187500.03,-187500.03
789.8213,-187500.03,-187500.03,-187500.03,-187500.03,-187500.03,-187500.03,-187500.03,-187500.03,-187500.03,-147602.4,-181152.45,-187500.03,-144115.98,-187500.03,-187500.03,-187500.03
789.8436,-187500.03,-187500.03,-187500.03,-187500.03,-187500.03,-187500.03,-187500.03,-187500.03,-187500.03,-138829.6,-174083.84,-187500.03,-137455.67,-187500.03,-187500.03,-184390.16
789.86597,-187500.03,-187500.03,-187500.03,-187500.03,-187500.03,-187500.03,-187500.03,-187500.03,-187500.03,-136948.33,-173026.39,-187500.03,-135010.66,-187500.03,-187500.03,-181045.08
789.8883,-187500.03,-187500.03,-187500.03,-187500.03,-187500.03,-187500.03,-187500.03,-187500.03,-187500.03,-144904.19,-179627.81,-187500.03,-140844.67,-187500.03,-187500.03,-187500.03
789.91064,-187500.03,-187500.03,-187500.03,-187500.03,-187500.03,-187500.03,-187500.03,-187500.03,-187500.03,-148560.92,-182007.58,-187500.03,-144673.11,-187500.03,-187500.03,-187500.03
789.93304,-187500.03,-187500.03,-187500.03,-187500.03,-187500.03,-187500.03,-187500.03,-187500.03,-187500.03,-140129.61,-175085.56,-187500.03,-138565.69,-187500.03,-187500.03,-185798.84
789.9554,-187500.03,-187500.03,-187500.03,-187500.03,-187500.03,-187500.03,-187500.03,-187500.03,-187500.03,-136509.42,-172588.33,-187500.03,-134836.05,-187500.03,-187500.03,-180841.4
789.9777,-187500.03,-187500.03,-187500.03,-187500.03,-187500.03,-187500.03,-187500.03,-187500.03,-187500.03,-143254.33,-178337.34,-187500.03,-139523.56,-187500.03,-187500.03,-186653.22
790.00006,-187500.03,-187500.03,-187500.03,-187500.03,-187500.03,-187500.03,-187500.03,-187500.03,-187500.03,-149069.47,-182519.61,-187500.03,-144864.27,-187500.03,-187500.03,-187500.03
790.0224,-187500.03,-187500.03,-187500.03,-187500.03,-187500.03,-187500.03,-187500.03,-187500.03,-187500.03,-141619.78,-176256.2,-187500.03,-139774.36,-187500.03,-187500.03,-187286.1
790.0448,-187500.03,-187500.03,-187500.03,-187500.03,-187500.03,-187500.03,-187500.03,-187500.03,-187500.03,-136392.2,-172409.08,-187500.03,-134918.64,-187500.03,-187500.03,-180981.97
790.06714,-187500.03,-187500.03,-187500.03,-187500.03,-187500.03,-187500.03,-187500.03,-187500.03,-187500.03,-141619.1,-177022.84,-187500.03,-138257.7,-187500.03,-187500.03,-185105.5
790.0895,-187500.03,-187500.03,-187500.03,-187500.03,-187500.03,-187500.03,-187500.03,-187500.03,-187500.03,-149086.3,-182641.12,-187500.03,-144675.14,-187500.03,-187500.03,-187500.03
790.1118,-187500.03,-187500.03,-187500.03,-187500.03,-187500.03,-187500.03,-187500.03,-187500.03,-187500.03,-143216.94,-177529.16,-187500.03,-141020.22,-187500.03,-187500.03,-187500.03
790.1342,-187500.03,-187500.03,-187500.03,-187500.03,-187500.03,-187500.03,-187500.03,-187500.03,-187500.03,-136575.06,-172473.5,-187500.03,-135245.0,-187500.03,-187500.03,-181439.81
790.15656,-187500.03,-187500.03,-187500.03,-187500.03,-187500.03,-187500.03,-187500.03,-187500.03,-187500.03,-140081.33,-175756.48,-187500.03,-137112.52,-187500.03,-187500.03,-183676.06
790.1789,-187500.03,-187500.03,-187500.03,-187500.03,-187500.03,-187500.03,-187500.03,-187500.03,-187500.03,-148611.6,-182367.31,-187500.03,-144113.84,-187500.03,-187500.03,-187500.03
790.20123,-187500.03,-187500.03,-187500.03,-187500.03,-187500.03,-187500.03,-187500.03,-187500.03,-187500.03,-144853.89,-178853.97,-187500.03,-142238.56,-187500.03,-187500.03,-187500.03
790.2236,-187500.03,-187500.03,-187500.03,-187500.03,-187500.03,-187500.03,-187500.03,-187500.03,-187500.03,-137071.2,-172795.72,-187500.03,-135805.8,-187500.03,-187500.03,-182205.53
790.246,-187500.03,-187500.03,-187500.03,-187500.03,-187500.03,-187500.03,-187500.03,-187500.03,-187500.03,-138747.83,-174630.48,-187500.03,-136163.14,-187500.03,-187500.03,-182480.14
790.2683,-187500.03,-187500.03,-187500.03,-187500.03,-187500.03,-187500.03,-187500.03,-187500.03,-187500.03,-147679.5,-181722.03,-187500.03,-143224.53,-187500.03,-187500.03,-187500.03
790.29065,-187500.03,-187500.03,-187500.03,-187500.03,-187500.03,-187500.03,-187500.03,-187500.03,-187500.03,-146388.75,-180124.77,-187500.03,-143326.08,-187500.03,-187500.03,-187500.03
790.313,-187500.03,-187500.03,-187500.03,-187500.03,-187500.03,-187500.03,-187500.03,-187500.03,-187500.03,-137859.78,-173361.17,-187500.03,-136583.73,-187500.03,-187500.03,-183237.34
790.3353,-187500.03,-187500.03,-187500.03,-187500.03,-187500.03,-187500.03,-187500.03,-187500.03,-187500.03,-137691.7,-173704.27,-187500.03,-135464.08,-187500.03,-187500.03,-181592.3
790.3577,-187500.03,-187500.03,-187500.03,-187500.03,-187500.03,-187500.03,-187500.03,-187500.03,-187500.03,-146384.42,-180764.17,-187500.03,-142090.33,-187500.03,-187500.03,-187500.03
790.38007,-187500.03,-187500.03,-187500.03,-187500.03,-187500.03,-187500.03,-187500.03,-187500.03,-187500.03,-147682.73,-181228.31,-187500.03,-144178.23,-187500.03,-187500.03,-187500.03
790.4024,-187500.03,-187500.03,-187500.03,-187500.03,-187500.03,-187500.03,-187500.03,-187500.03,-187500.03,-138919.08,-174160.34,-187500.03,-137541.36,-187500.03,-187500.03,-184482.78
790.42474,-187500.03,-187500.03,-187500.03,-187500.03,-187500.03,-187500.03,-187500.03,-187500.03,-187500.03,-136943.81,-173024.12,-187500.03,-135027.6,-187500.03,-187500.03,-181045.47
790.44714,-187500.03,-187500.03,-187500.03,-187500.03,-187500.03,-187500.03,-187500.03,-187500.03,-187500.03,-144840.84,-179586.98,-187500.03,-140806.66,-187500.03,-187500.03,-187500.03
790.4695,-187500.03,-187500.03,-187500.03,-187500.03,-187500.03,-187500.03,-187500.03,-187500.03,-187500.03,-148621.05,-182068.92,-187500.03,-144724.31,-187500.03,-187500.03,-187500.03
790.4918,-187500.03,-187500.03,-187500.03,-187500.03,-187500.03,-187500.03,-187500.03,-187500.03,-187500.03,-140228.39,-175169.64,-187500.03,-138659.08,-187500.03,-187500.03,-185889.55
790.51416,-187500.03,-187500.03,-187500.03,-187500.03,-187500.03,-187500.03,-187500.03,-187500.03,-187500.03,-136520.86,-172598.81,-187500.03,-134866.16,-187500.03,-187500.03,-180856.53
790.5365,-187500.03,-187500.03,-187500.03,-187500.03,-187500.03,-187500.03,-187500.03,-187500.03,-187500.03,-143188.8,-178293.45,-187500.03,-139484.88,-187500.03,-187500.03,-186582.33
790.5589,-187500.03,-187500.03,-187500.03,-187500.03,-187500.03,-187500.03,-187500.03,-187500.03,-187500.03,-149112.05,-182569.3,-187500.03,-144901.33,-187500.03,-187500.03,-187500.03
790.58124,-187500.03,-187500.03,-187500.03,-187500.03,-187500.03,-187500.03,-187500.03,-187500.03,-187500.03,-141733.1,-176354.64,-187500.03,-139879.77,-187500.03,-187500.03,-187388.27
790.6036,-187500.03,-187500.03,-187500.03,-187500.03,-187500.03,-187500.03,-187500.03,-187500.03,-187500.03,-136427.45,-172440.3,-187500.03,-134971.86,-187500.03,-187500.03,-181026.2
790.6259,-187500.03,-187500.03,-187500.03,-187500.03,-187500.03,-187500.03,-187500.03,-187500.03,-187500.03,-141559.22,-176982.73,-187500.03,-138227.17,-187500.03,-187500.03,-185043.0
790.64825,-187500.03,-187500.03,-187500.03,-187500.03,-187500.03,-187500.03,-187500.03,-187500.03,-187500.03,-149104.27,-182672.56,-187500.03,-144691.89,-187500.03,-187500.03,-187500.03
790.67065,-187500.03,-187500.03,-187500.03,-187500.03,-187500.03,-187500.03,-187500.03,-187500.03,-187500.03,-143339.52,-177638.39,-187500.03,-141127.67,-187500.03,-187500.03,-187500.03
790.693,-187500.03,-187500.03,-187500.03,-187500.03,-187500.03,-187500.03,-187500.03,-187500.03,-187500.03,-136637.05,-172529.06,-187500.03,-135313.8,-187500.03,-187500.03,-181510.45
790.71533,-187500.03,-187500.03,-187500.03,-187500.03,-187500.03,-187500.03,-187500.03,-187500.03,-187500.03,-140062.6,-175749.89,-187500.03,-137114.4,-187500.03,-187500.03,-183661.03
790.7377,-187500.03,-187500.03,-187500.03,-187500.03,-187500.03,-187500.03,-187500.03,-187500.03,-187500.03,-148623.78,-182394.62,-187500.03,-144130.4,-187500.03,-187500.03,-187500.03
790.76,-187500.03,-187500.03,-187500.03,-187500.03,-187500.03,-187500.03,-187500.03,-187500.03,-187500.03,-144954.97,-178949.12,-187500.03,-142329.19,-187500.03,-187500.03,-187500.03
790.7824,-187500.03,-187500.03,-187500.03,-187500.03,-187500.03,-187500.03,-187500.03,-187500.03,-187500.03,-137136.7,-172856.61,-187500.03,-135878.52,-187500.03,-187500.03,-182284.75
