Tm,Oz,Po7,Po4,Po3,P4,P3,Po8,Pz,Fz,F2,F3,F4,AF3,Cz,AF4,F1
5328.142,-187500.03,-187500.03,-187500.03,-187500.03,-187500.03,-187500.03,-187500.03,-187500.03,-168426.27,-80773.734,-120335.945,-161053.0,-80860.77,-144728.38,-151932.69,-130558.086
5328.1646,-187500.03,-187500.03,-187500.03,-187500.03,-187500.03,-187500.03,-187500.03,-187500.03,-160683.5,-73650.55,-114947.06,-140420.0,-75227.95,-139920.48,-137085.3,-123335.164
5328.187,-187500.03,-187500.03,-187500.03,-187500.03,-187500.03,-187500.03,-187500.03,-187500.03,-161563.08,-76602.83,-117819.67,-144877.4,-76590.984,-142030.2,-142819.81,-125399.73
5328.209,-187500.03,-187500.03,-187500.03,-187500.03,-187500.03,-187500.03,-187500.03,-187500.03,-170388.27,-85402.29,-124623.055,-168374.78,-83223.8,-148030.4,-160815.64,-134050.08
5328.2314,-187500.03,-187500.03,-187500.03,-187500.03,-187500.03,-187500.03,-187500.03,-187500.03,-169792.81,-82393.43,-121653.53,-164952.58,-81975.61,-145848.83,-155213.8,-132043.02
5328.254,-187500.03,-187500.03,-187500.03,-187500.03,-187500.03,-187500.03,-187500.03,-187500.03,-161579.2,-74242.24,-115344.7,-142563.16,-75808.945,-140314.11,-138349.34,-124040.37
5328.2764,-187500.03,-187500.03,-187500.03,-187500.03,-187500.03,-187500.03,-187500.03,-187500.03,-160609.38,-75354.305,-116762.54,-142029.34,-75772.664,-141169.11,-140311.11,-124287.11
5328.2983,-187500.03,-187500.03,-187500.03,-187500.03,-187500.03,-187500.03,-187500.03,-187500.03,-169066.55,-84341.36,-123884.8,-165051.42,-82323.38,-147323.38,-158577.56,-132905.7
5328.321,-187500.03,-187500.03,-187500.03,-187500.03,-187500.03,-187500.03,-187500.03,-187500.03,-170935.11,-83882.99,-122890.48,-168287.2,-82952.49,-146881.73,-158193.33,-133360.14
5328.3433,-187500.03,-187500.03,-187500.03,-187500.03,-187500.03,-187500.03,-187500.03,-187500.03,-162717.55,-75129.45,-115979.94,-145438.98,-76592.17,-140905.02,-140220.25,-125006.195
5328.3657,-187500.03,-187500.03,-187500.03,-187500.03,-187500.03,-187500.03,-187500.03,-187500.03,-159982.95,-74384.76,-115905.4,-139985.08,-75186.06,-140493.5,-138374.17,-123463.625
5328.388,-187500.03,-187500.03,-187500.03,-187500.03,-187500.03,-187500.03,-187500.03,-187500.03,-167518.28,-82948.02,-122856.59,-161045.16,-81213.414,-146383.28,-155685.81,-131469.25
5328.41,-187500.03,-187500.03,-187500.03,-187500.03,-187500.03,-187500.03,-187500.03,-187500.03,-171723.9,-85089.38,-123925.5,-170706.42,-83681.0,-147727.3,-160565.95,-134369.8
5328.4326,-187500.03,-187500.03,-187500.03,-187500.03,-187500.03,-187500.03,-187500.03,-187500.03,-164046.03,-76287.27,-116838.76,-148929.25,-77537.0,-141682.55,-142645.31,-126200.766
5328.455,-187500.03,-187500.03,-187500.03,-187500.03,-187500.03,-187500.03,-187500.03,-187500.03,-159706.53,-73741.25,-115296.22,-138835.89,-74853.85,-140039.56,-137100.89,-122973.805
5328.4775,-187500.03,-187500.03,-187500.03,-187500.03,-187500.03,-187500.03,-187500.03,-187500.03,-165887.52,-81359.8,-121644.93,-156729.28,-80005.86,-145305.55,-152426.86,-129888.875
5328.4995,-187500.03,-187500.03,-187500.03,-187500.03,-187500.03,-187500.03,-187500.03,-187500.03,-172082.16,-85894.336,-124667.734,-171962.86,-84102.87,-148305.27,-162096.83,-134980.22
5328.522,-187500.03,-187500.03,-187500.03,-187500.03,-187500.03,-187500.03,-187500.03,-187500.03,-165501.67,-77669.66,-117897.21,-152845.12,-78614.266,-142620.33,-145513.27,-127578.06
5328.5444,-187500.03,-187500.03,-187500.03,-187500.03,-187500.03,-187500.03,-187500.03,-187500.03,-159753.78,-73416.57,-114943.11,-138556.48,-74767.33,-139802.92,-136476.39,-122804.47
5328.567,-187500.03,-187500.03,-187500.03,-187500.03,-187500.03,-187500.03,-187500.03,-187500.03,-164282.61,-79694.414,-120339.92,-152409.83,-78778.93,-144167.61,-149036.98,-128278.09
5328.5894,-187500.03,-187500.03,-187500.03,-187500.03,-187500.03,-187500.03,-187500.03,-187500.03,-171961.95,-86220.875,-125043.914,-171964.64,-84162.414,-148554.44,-162655.27,-135131.92
5328.6113,-187500.03,-187500.03,-187500.03,-187500.03,-187500.03,-187500.03,-187500.03,-187500.03,-167011.67,-79212.51,-119105.39,-157013.38,-79763.7,-143674.1,-148707.33,-129080.79
5328.634,-187500.03,-187500.03,-187500.03,-187500.03,-187500.03,-187500.03,-187500.03,-187500.03,-160104.34,-73398.98,-114843.06,-139117.47,-74913.06,-139780.5,-136494.89,-122944.99
5328.6562,-187500.03,-187500.03,-187500.03,-187500.03,-187500.03,-187500.03,-187500.03,-187500.03,-162802.48,-78061.82,-119031.92,-148333.77,-77616.195,-143050.28,-145736.61,-126738.805
5328.6787,-187500.03,-187500.03,-187500.03,-187500.03,-187500.03,-187500.03,-187500.03,-187500.03,-171380.22,-86055.83,-125036.36,-170710.39,-83869.9,-148468.94,-162214.48,-134813.64
5328.7007,-187500.03,-187500.03,-187500.03,-187500.03,-187500.03,-187500.03,-187500.03,-187500.03,-168518.12,-80869.375,-120422.87,-161239.77,-80949.555,-144809.47,-152102.83,-130644.32
5328.723,-187500.03,-187500.03,-187500.03,-187500.03,-187500.03,-187500.03,-187500.03,-187500.03,-160746.34,-73697.195,-114993.87,-140514.27,-75287.07,-139968.9,-137162.53,-123382.89
5328.7456,-187500.03,-187500.03,-187500.03,-187500.03,-187500.03,-187500.03,-187500.03,-187500.03,-161548.1,-76575.984,-117811.72,-144771.52,-76593.31,-142029.53,-142747.02,-125374.734
5328.768,-187500.03,-187500.03,-187500.03,-187500.03,-187500.03,-187500.03,-187500.03,-187500.03,-170366.77,-85396.09,-124638.52,-168276.61,-83231.04,-148043.08,-160779.06,-134035.77
5328.7905,-187500.03,-187500.03,-187500.03,-187500.03,-187500.03,-187500.03,-187500.03,-187500.03,-169872.02,-82488.25,-121745.29,-165125.33,-82058.555,-145927.62,-155383.45,-132128.34
5328.8125,-187500.03,-187500.03,-187500.03,-187500.03,-187500.03,-187500.03,-187500.03,-187500.03,-161641.36,-74295.71,-115399.734,-142671.73,-75871.484,-140362.69,-138439.8,-124095.82
5328.835,-187500.03,-187500.03,-187500.03,-187500.03,-187500.03,-187500.03,-187500.03,-187500.03,-160616.34,-75352.92,-116776.086,-141981.92,-75794.8,-141181.5,-140289.3,-124290.59
5328.8574,-187500.03,-187500.03,-187500.03,-187500.03,-187500.03,-187500.03,-187500.03,-187500.03,-169066.61,-84347.4,-123910.37,-164993.36,-82344.1,-147342.72,-158567.28,-132911.66
5328.88,-187500.03,-187500.03,-187500.03,-187500.03,-187500.03,-187500.03,-187500.03,-187500.03,-170978.05,-83934.54,-122951.88,-168353.36,-83003.92,-146932.75,-158278.89,-133411.02
5328.902,-187500.03,-187500.03,-187500.03,-187500.03,-187500.03,-187500.03,-187500.03,-187500.03,-162755.38,-75165.26,-116027.82,-145490.95,-76635.375,-140944.17,-140278.77,-125047.016
5328.9243,-187500.03,-187500.03,-187500.03,-187500.03,-187500.03,-187500.03,-187500.03,-187500.03,-159991.8,-74390.21,-115931.17,-139960.8,-75208.04,-140511.95,-138373.69,-123476.38
5328.947,-187500.03,-187500.03,-187500.03,-187500.03,-187500.03,-187500.03,-187500.03,-187500.03,-167507.47,-82940.87,-122877.85,-160983.33,-81223.65,-146393.19,-155663.12,-131466.97
5328.969,-187500.03,-187500.03,-187500.03,-187500.03,-187500.03,-187500.03,-187500.03,-187500.03,-171742.11,-85117.016,-123975.37,-170729.05,-83716.81,-147759.67,-160612.4,-134398.84
5328.991,-187500.03,-187500.03,-187500.03,-187500.03,-187500.03,-187500.03,-187500.03,-187500.03,-164065.98,-76310.336,-116883.15,-148959.33,-77572.54,-141709.98,-142684.3,-126229.78
5329.0137,-187500.03,-187500.03,-187500.03,-187500.03,-187500.03,-187500.03,-187500.03,-187500.03,-159709.9,-73746.26,-115326.24,-138824.27,-74875.49,-140054.62,-137102.73,-122987.93
5329.036,-187500.03,-187500.03,-187500.03,-187500.03,-187500.03,-187500.03,-187500.03,-187500.03,-165875.86,-81354.79,-121666.27,-156687.39,-80015.14,-145313.48,-152407.31,-129891.89
5329.0586,-187500.03,-187500.03,-187500.03,-187500.03,-187500.03,-187500.03,-187500.03,-187500.03,-172089.95,-85913.36,-124707.37,-171979.78,-84126.56,-148329.2,-162126.7,-135005.88
5329.081,-187500.03,-187500.03,-187500.03,-187500.03,-187500.03,-187500.03,-187500.03,-187500.03,-165520.23,-77691.12,-117935.5,-152889.2,-78643.81,-142645.47,-145554.84,-127609.414
5329.103,-187500.03,-187500.03,-187500.03,-187500.03,-187500.03,-187500.03,-187500.03,-187500.03,-159754.33,-73414.69,-114960.37,-138547.55,-74781.836,-139811.48,-136474.12,-122812.61
5329.1255,-187500.03,-187500.03,-187500.03,-187500.03,-187500.03,-187500.03,-187500.03,-187500.03,-164259.38,-79673.6,-120339.03,-152340.44,-78776.54,-144161.0,-148992.95,-128261.984
5329.148,-187500.03,-187500.03,-187500.03,-187500.03,-187500.03,-187500.03,-187500.03,-187500.03,-171966.73,-86236.01,-125070.336,-171972.14,-84182.35,-148570.83,-162680.61,-135145.53
5329.1704,-187500.03,-187500.03,-187500.03,-187500.03,-187500.03,-187500.03,-187500.03,-187500.03,-167055.78,-79258.13,-119149.02,-157119.16,-79809.34,-143707.69,-148794.14,-129124.13
5329.1924,-187500.03,-187500.03,-187500.03,-187500.03,-187500.03,-187500.03,-187500.03,-187500.03,-160121.73,-73407.47,-114853.52,-139139.7,-74933.89,-139787.8,-136505.12,-122955.21
5329.215,-187500.03,-187500.03,-187500.03,-187500.03,-187500.03,-187500.03,-187500.03,-187500.03,-162779.64,-78031.76,-119013.21,-148252.7,-77602.984,-143031.75,-145671.62,-126709.0
5329.2373,-187500.03,-187500.03,-187500.03,-187500.03,-187500.03,-187500.03,-187500.03,-187500.03,-171368.33,-86047.43,-125038.59,-170674.02,-83866.25,-148465.31,-162197.06,-134800.95
5329.26,-187500.03,-187500.03,-187500.03,-187500.03,-187500.03,-187500.03,-187500.03,-187500.03,-168559.16,-80907.64,-120458.164,-161345.78,-80983.35,-144836.95,-152186.22,-130679.38
5329.282,-187500.03,-187500.03,-187500.03,-187500.03,-187500.03,-187500.03,-187500.03,-187500.03,-160769.22,-73703.68,-114999.99,-140558.92,-75304.51,-139973.47,-137182.31,-123392.27
5329.304,-187500.03,-187500.03,-187500.03,-187500.03,-187500.03,-187500.03,-187500.03,-187500.03,-161540.02,-76552.14,-117791.51,-144725.69,-76586.56,-142012.67,-142703.62,-125353.45
5329.3267,-187500.03,-187500.03,-187500.03,-187500.03,-187500.03,-187500.03,-187500.03,-187500.03,-170358.25,-85382.82,-124628.17,-168239.06,-83224.734,-148032.84,-160755.45,-134020.23
5329.349,-187500.03,-187500.03,-187500.03,-187500.03,-187500.03,-187500.03,-187500.03,-187500.03,-169916.56,-82526.914,-121773.67,-165230.06,-82089.85,-145953.19,-155468.34,-132163.08
5329.3716,-187500.03,-187500.03,-187500.03,-187500.03,-187500.03,-187500.03,-187500.03,-187500.03,-161672.5,-74306.39,-115402.86,-142733.47,-75887.87,-140369.66,-138472.6,-124109.86
5329.3936,-187500.03,-187500.03,-187500.03,-187500.03,-187500.03,-187500.03,-187500.03,-187500.03,-160583.1,-75300.71,-116731.47,-141879.19,-75762.49,-141147.89,-140195.48,-124244.77
5329.416,-187500.03,-187500.03,-187500.03,-187500.03,-187500.03,-187500.03,-187500.03,-187500.03,-169001.92,-84285.37,-123866.87,-164833.7,-82294.26,-147305.05,-158452.75,-132849.3
5329.4385,-187500.03,-187500.03,-187500.03,-187500.03,-187500.03,-187500.03,-187500.03,-187500.03,-171014.23,-83981.99,-122994.93,-168475.08,-83031.77,-146968.42,-158389.19,-133452.42
5329.461,-187500.03,-187500.03,-187500.03,-187500.03,-187500.03,-187500.03,-187500.03,-187500.03,-162800.78,-75197.04,-116051.87,-145622.1,-76663.67,-140965.89,-140359.38,-125083.79
5329.4834,-187500.03,-187500.03,-187500.03,-187500.03,-187500.03,-187500.03,-187500.03,-187500.03,-159975.8,-74356.95,-115902.695,-139911.02,-75190.0,-140489.42,-138316.03,-123453.5
5329.5054,-187500.03,-187500.03,-187500.03,-187500.03,-187500.03,-187500.03,-187500.03,-187500.03,-167454.67,-82887.875,-122837.8,-160848.67,-81183.484,-146358.1,-155562.16,-131419.34
5329.528,-187500.03,-187500.03,-187500.03,-187500.03,-187500.03,-187500.03,-187500.03,-187500.03,-171766.08,-85152.484,-124006.305,-170802.78,-83736.28,-147786.36,-160688.17,-134433.66
5329.5503,-187500.03,-187500.03,-187500.03,-187500.03,-187500.03,-187500.03,-187500.03,-187500.03,-164120.12,-76355.4,-116917.04,-149102.7,-77609.086,-141744.28,-142784.27,-126282.06
5329.5728,-187500.03,-187500.03,-187500.03,-187500.03,-187500.03,-187500.03,-187500.03,-187500.03,-159708.34,-73729.11,-115311.24,-138800.3,-74868.984,-140048.5,-137071.16,-122982.48
5329.5947,-187500.03,-187500.03,-187500.03,-187500.03,-187500.03,-187500.03,-187500.03,-187500.03,-165819.11,-81294.71,-121623.43,-156529.19,-79970.34,-145277.14,-152290.72,-129837.08
5329.617,-187500.03,-187500.03,-187500.03,-187500.03,-187500.03,-187500.03,-187500.03,-187500.03,-172096.08,-85935.016,-124733.56,-171999.11,-84136.195,-148349.0,-162170.98,-135021.47
5329.6396,-187500.03,-187500.03,-187500.03,-187500.03,-187500.03,-187500.03,-187500.03,-187500.03,-165589.69,-77758.484,-117992.586,-153067.14,-78695.266,-142694.69,-145694.9,-127675.164
5329.662,-187500.03,-187500.03,-187500.03,-187500.03,-187500.03,-187500.03,-187500.03,-187500.03,-159772.53,-73418.67,-114965.22,-138563.19,-74792.875,-139818.47,-136474.66,-122823.0
5329.6846,-187500.03,-187500.03,-187500.03,-187500.03,-187500.03,-187500.03,-187500.03,-187500.03,-164209.61,-79622.04,-120307.76,-152186.3,-78743.7,-144133.5,-148876.73,-128213.31
5329.7065,-187500.03,-187500.03,-187500.03,-187500.03,-187500.03,-187500.03,-187500.03,-187500.03,-171958.06,-86248.37,-125096.19,-171943.02,-84189.95,-148589.84,-162686.83,-135148.56
5329.729,-187500.03,-187500.03,-187500.03,-187500.03,-187500.03,-187500.03,-187500.03,-187500.03,-167122.28,-79334.93,-119221.93,-157287.53,-79871.125,-143770.72,-148933.17,-129193.75
5329.7515,-187500.03,-187500.03,-187500.03,-187500.03,-187500.03,-187500.03,-187500.03,-187500.03,-160155.89,-73436.555,-114884.93,-139204.14,-74967.0,-139816.4,-136543.81,-122984.65
5329.774,-187500.03,-187500.03,-187500.03,-187500.03,-187500.03,-187500.03,-187500.03,-187500.03,-162766.45,-78020.02,-119014.53,-148182.33,-77605.64,-143033.22,-145616.22,-126695.08
5329.796,-187500.03,-187500.03,-187500.03,-187500.03,-187500.03,-187500.03,-187500.03,-187500.03,-171371.08,-86069.24,-125071.69,-170647.7,-83888.72,-148491.4,-162196.44,-134809.27
5329.8184,-187500.03,-187500.03,-187500.03,-187500.03,-187500.03,-187500.03,-187500.03,-187500.03,-168616.84,-80983.95,-120532.39,-161465.48,-81048.03,-144900.36,-152290.9,-130738.734
5329.841,-187500.03,-187500.03,-187500.03,-187500.03,-187500.03,-187500.03,-187500.03,-187500.03,-160815.58,-73758.73,-115053.46,-140639.34,-75358.04,-140021.88,-137239.62,-123434.48
5329.8633,-187500.03,-187500.03,-187500.03,-187500.03,-187500.03,-187500.03,-187500.03,-187500.03,-161547.34,-76569.234,-117813.84,-144698.4,-76610.74,-142036.88,-142679.12,-125357.555
5329.8857,-187500.03,-187500.03,-187500.03,-187500.03,-187500.03,-187500.03,-187500.03,-187500.03,-170369.78,-85412.414,-124663.22,-168224.56,-83254.24,-148068.34,-160754.06,-134031.28
5329.9077,-187500.03,-187500.03,-187500.03,-187500.03,-187500.03,-187500.03,-187500.03,-187500.03,-169983.33,-82610.016,-121848.89,-165359.92,-82160.81,-146026.12,-155578.7,-132227.9
5329.93,-187500.03,-187500.03,-187500.03,-187500.03,-187500.03,-187500.03,-187500.03,-187500.03,-161742.7,-74378.54,-115465.41,-142855.08,-75958.21,-140435.06,-138562.58,-124172.42
5329.9526,-187500.03,-187500.03,-187500.03,-187500.03,-187500.03,-187500.03,-187500.03,-187500.03,-160614.44,-75329.9,-116756.71,-141886.12,-75801.164,-141182.17,-140198.1,-124266.586
5329.975,-187500.03,-187500.03,-187500.03,-187500.03,-187500.03,-187500.03,-187500.03,-187500.03,-169018.67,-84311.34,-123891.08,-164810.97,-82325.03,-147335.88,-158444.12,-132862.28
5329.997,-187500.03,-187500.03,-187500.03,-187500.03,-187500.03,-187500.03,-187500.03,-187500.03,-171090.38,-84071.484,-123069.49,-168606.97,-83109.16,-147044.47,-158506.75,-133525.42
5330.0195,-187500.03,-187500.03,-187500.03,-187500.03,-187500.03,-187500.03,-187500.03,-187500.03,-162890.89,-75284.5,-116121.02,-145773.67,-76745.26,-141041.9,-140477.34,-125163.42
5330.042,-187500.03,-187500.03,-187500.03,-187500.03,-187500.03,-187500.03,-187500.03,-187500.03,-160016.8,-74390.34,-115925.555,-139922.23,-75230.26,-140528.31,-138322.88,-123484.14
5330.0645,-187500.03,-187500.03,-187500.03,-187500.03,-187500.03,-187500.03,-187500.03,-187500.03,-167462.1,-82899.875,-122850.31,-160779.44,-81202.89,-146385.17,-155522.97,-131426.0
5330.087,-187500.03,-187500.03,-187500.03,-187500.03,-187500.03,-187500.03,-187500.03,-187500.03,-171830.31,-85230.914,-124076.22,-170896.53,-83802.26,-147861.98,-160787.23,-134504.03
5330.109,-187500.03,-187500.03,-187500.03,-187500.03,-187500.03,-187500.03,-187500.03,-187500.03,-164209.66,-76444.516,-116992.49,-149259.69,-77688.01,-141824.64,-142913.27,-126369.875
5330.1313,-187500.03,-187500.03,-187500.03,-187500.03,-187500.03,-187500.03,-187500.03,-187500.03,-159756.12,-73767.18,-115343.72,-138838.12,-74913.04,-140090.58,-137098.61,-123025.555
5330.154,-187500.03,-187500.03,-187500.03,-187500.03,-187500.03,-187500.03,-187500.03,-187500.03,-165826.64,-81303.94,-121637.89,-156466.02,-79990.33,-145299.69,-152252.98,-129849.984
5330.1763,-187500.03,-187500.03,-187500.03,-187500.03,-187500.03,-187500.03,-187500.03,-187500.03,-172146.77,-85998.32,-124792.97,-172063.11,-84191.74,-148408.53,-162243.61,-135083.58
5330.198,-187500.03,-187500.03,-187500.03,-187500.03,-187500.03,-187500.03,-187500.03,-187500.03,-165665.81,-77836.6,-118062.95,-153198.02,-78766.52,-142765.08,-145802.72,-127758.15
5330.2207,-187500.03,-187500.03,-187500.03,-187500.03,-187500.03,-187500.03,-187500.03,-187500.03,-159825.12,-73463.95,-115011.22,-138622.12,-74841.914,-139867.64,-136520.11,-122878.586
5330.243,-187500.03,-187500.03,-187500.03,-187500.03,-187500.03,-187500.03,-187500.03,-187500.03,-164228.12,-79637.51,-120333.46,-152156.66,-78766.52,-144162.66,-148860.64,-128236.86
5330.2656,-187500.03,-187500.03,-187500.03,-187500.03,-187500.03,-187500.03,-187500.03,-187500.03,-171998.52,-86295.77,-125150.55,-171975.67,-84232.305,-148641.4,-162731.34,-135197.92
5330.288,-187500.03,-187500.03,-187500.03,-187500.03,-187500.03,-187500.03,-187500.03,-187500.03,-167190.53,-79405.05,-119293.15,-157394.48,-79933.195,-143837.78,-149028.53,-129267.2
5330.31,-187500.03,-187500.03,-187500.03,-187500.03,-187500.03,-187500.03,-187500.03,-187500.03,-160212.31,-73487.0,-114937.34,-139271.52,-75019.164,-139870.45,-136602.78,-123041.625
5330.3325,-187500.03,-187500.03,-187500.03,-187500.03,-187500.03,-187500.03,-187500.03,-187500.03,-162787.4,-78037.21,-119039.45,-148158.02,-77631.88,-143065.22,-145608.72,-126718.33
5330.355,-187500.03,-187500.03,-187500.03,-187500.03,-187500.03,-187500.03,-187500.03,-187500.03,-171406.23,-86112.18,-125118.586,-170670.9,-83928.95,-148542.2,-162240.33,-134854.02
5330.3774,-187500.03,-187500.03,-187500.03,-187500.03,-187500.03,-187500.03,-187500.03,-187500.03,-168696.72,-81066.01,-120607.48,-161605.6,-81118.6,-144977.55,-152416.34,-130823.67
5330.3994,-187500.03,-187500.03,-187500.03,-187500.03,-187500.03,-187500.03,-187500.03,-187500.03,-160887.33,-73818.92,-115109.05,-140739.58,-75416.67,-140083.69,-137319.94,-123502.586
5330.422,-187500.03,-187500.03,-187500.03,-187500.03,-187500.03,-187500.03,-187500.03,-187500.03,-161566.52,-76576.88,-117826.54,-144660.14,-76629.07,-142060.28,-142652.12,-125371.43
5330.4443,-187500.03,-187500.03,-187500.03,-187500.03,-187500.03,-187500.03,-187500.03,-187500.03,-170381.92,-85433.2,-124690.555,-168184.08,-83276.95,-148098.95,-160746.3,-134049.92
5330.467,-187500.03,-187500.03,-187500.03,-187500.03,-187500.03,-187500.03,-187500.03,-187500.03,-170054.78,-82692.97,-121925.4,-165483.25,-82231.266,-146099.3,-155694.67,-132305.06
5330.4893,-187500.03,-187500.03,-187500.03,-187500.03,-187500.03,-187500.03,-187500.03,-187500.03,-161811.14,-74447.05,-115527.83,-142962.75,-76022.984,-140496.17,-138648.1,-124237.75
5330.511,-187500.03,-187500.03,-187500.03,-187500.03,-187500.03,-187500.03,-187500.03,-187500.03,-160661.31,-75376.59,-116801.81,-141926.55,-75849.69,-141229.64,-140233.6,-124308.83
5330.5337,-187500.03,-187500.03,-187500.03,-187500.03,-187500.03,-187500.03,-187500.03,-187500.03,-169060.58,-84359.195,-123940.21,-164834.64,-82371.93,-147386.67,-158478.48,-132902.83
5330.556,-187500.03,-187500.03,-187500.03,-187500.03,-187500.03,-187500.03,-187500.03,-187500.03,-171150.6,-84140.22,-123135.27,-168681.11,-83171.49,-147110.3,-158581.55,-133585.38
5330.5786,-187500.03,-187500.03,-187500.03,-187500.03,-187500.03,-187500.03,-187500.03,-187500.03,-162956.44,-75356.32,-116189.64,-145856.66,-76813.2,-141110.12,-140553.05,-125224.92
5330.6006,-187500.03,-187500.03,-187500.03,-187500.03,-187500.03,-187500.03,-187500.03,-187500.03,-160075.69,-74453.47,-115989.39,-139982.52,-75296.82,-140592.67,-138378.53,-123536.734
5330.623,-187500.03,-187500.03,-187500.03,-187500.03,-187500.03,-187500.03,-187500.03,-187500.03,-167505.86,-82953.23,-122909.37,-160802.23,-81261.54,-146442.72,-155554.73,-131466.52
5330.6455,-187500.03,-187500.03,-187500.03,-187500.03,-187500.03,-187500.03,-187500.03,-187500.03,-171913.62,-85328.33,-124169.695,-171015.67,-83892.38,-147948.36,-160899.67,-134584.94
5330.668,-187500.03,-187500.03,-187500.03,-187500.03,-187500.03,-187500.03,-187500.03,-187500.03,-164309.58,-76548.72,-117090.24,-149403.86,-77788.75,-141917.6,-143032.77,-126460.79
5330.69,-187500.03,-187500.03,-187500.03,-187500.03,-187500.03,-187500.03,-187500.03,-187500.03,-159830.83,-73839.51,-115413.99,-138902.84,-74989.44,-140161.78,-137153.3,-123085.66
5330.7124,-187500.03,-187500.03,-187500.03,-187500.03,-187500.03,-187500.03,-187500.03,-187500.03,-165863.16,-81344.58,-121685.3,-156437.02,-80037.625,-145350.28,-152241.92,-129875.24
5330.735,-187500.03,-187500.03,-187500.03,-187500.03,-187500.03,-187500.03,-187500.03,-187500.03,-172238.77,-86106.63,-124898.94,-172176.56,-84286.47,-148509.0,-162361.34,-135171.94
5330.7573,-187500.03,-187500.03,-187500.03,-187500.03,-187500.03,-187500.03,-187500.03,-187500.03,-165798.11,-77970.805,-118186.4,-153409.44,-78888.72,-142883.11,-145977.7,-127878.8
5330.78,-187500.03,-187500.03,-187500.03,-187500.03,-187500.03,-187500.03,-187500.03,-187500.03,-159920.58,-73551.35,-115096.016,-138719.02,-74934.54,-139953.38,-136598.84,-122960.58
5330.802,-187500.03,-187500.03,-187500.03,-187500.03,-187500.03,-187500.03,-187500.03,-187500.03,-164275.78,-79685.336,-120388.54,-152128.94,-78825.71,-144220.72,-148853.9,-128278.39
5330.824,-187500.03,-187500.03,-187500.03,-187500.03,-187500.03,-187500.03,-187500.03,-187500.03,-172086.58,-86400.0,-125254.17,-172068.0,-84326.07,-148738.72,-162838.14,-135290.67
5330.8467,-187500.03,-187500.03,-187500.03,-187500.03,-187500.03,-187500.03,-187500.03,-187500.03,-167325.36,-79542.17,-119419.164,-157608.02,-80056.445,-143957.02,-149211.56,-129399.26
5330.869,-187500.03,-187500.03,-187500.03,-187500.03,-187500.03,-187500.03,-187500.03,-187500.03,-160311.25,-73575.87,-115025.97,-139377.9,-75110.49,-139957.36,-136691.16,-123135.414
5330.891,-187500.03,-187500.03,-187500.03,-187500.03,-187500.03,-187500.03,-187500.03,-187500.03,-162833.52,-78078.27,-119095.94,-148133.12,-77686.13,-143122.12,-145601.92,-126764.77
5330.9136,-187500.03,-187500.03,-187500.03,-187500.03,-187500.03,-187500.03,-187500.03,-187500.03,-171469.6,-86186.45,-125207.32,-170703.1,-84001.33,-148622.23,-162294.66,-134925.33
5330.936,-187500.03,-187500.03,-187500.03,-187500.03,-187500.03,-187500.03,-187500.03,-187500.03,-168815.1,-81190.08,-120732.71,-161785.2,-81231.38,-145089.56,-152575.45,-130945.18
5330.9585,-187500.03,-187500.03,-187500.03,-187500.03,-187500.03,-187500.03,-187500.03,-187500.03,-160986.45,-73911.21,-115206.63,-140857.77,-75512.85,-140171.8,-137418.33,-123598.695
5330.981,-187500.03,-187500.03,-187500.03,-187500.03,-187500.03,-187500.03,-187500.03,-187500.03,-161643.48,-76649.125,-117909.82,-144713.8,-76710.34,-142134.67,-142707.88,-125448.18
5331.003,-187500.03,-187500.03,-187500.03,-187500.03,-187500.03,-187500.03,-187500.03,-187500.03,-170462.6,-85515.45,-124784.97,-168249.72,-83363.3,-148183.1,-160820.9,-134133.92
5331.0254,-187500.03,-187500.03,-187500.03,-187500.03,-187500.03,-187500.03,-187500.03,-187500.03,-170163.84,-82801.8,-122038.55,-165624.22,-82335.36,-146201.31,-155825.39,-132414.58
5331.048,-187500.03,-187500.03,-187500.03,-187500.03,-187500.03,-187500.03,-187500.03,-187500.03,-161911.39,-74539.32,-115625.8,-143075.1,-76117.62,-140587.16,-138745.14,-124333.305
5331.0703,-187500.03,-187500.03,-187500.03,-187500.03,-187500.03,-187500.03,-187500.03,-187500.03,-160724.58,-75431.89,-116869.23,-141946.8,-75915.29,-141294.44,-140256.56,-124365.875
5331.0923,-187500.03,-187500.03,-187500.03,-187500.03,-187500.03,-187500.03,-187500.03,-187500.03,-169098.03,-84402.18,-123999.234,-164805.05,-82421.64,-147440.0,-158473.7,-132939.72
5331.1147,-187500.03,-187500.03,-187500.03,-187500.03,-187500.03,-187500.03,-187500.03,-187500.03,-171250.28,-84252.086,-123245.984,-168824.53,-83269.91,-147207.03,-158717.44,-133684.58
5331.137,-187500.03,-187500.03,-187500.03,-187500.03,-187500.03,-187500.03,-187500.03,-187500.03,-163066.86,-75461.016,-116288.55,-146020.98,-76916.02,-141199.75,-140680.86,-125322.91
5331.1597,-187500.03,-187500.03,-187500.03,-187500.03,-187500.03,-187500.03,-187500.03,-187500.03,-160137.12,-74505.5,-116043.42,-140010.92,-75360.32,-140643.77,-138399.36,-123582.96
5331.182,-187500.03,-187500.03,-187500.03,-187500.03,-187500.03,-187500.03,-187500.03,-187500.03,-167531.84,-82980.766,-122945.94,-160750.55,-81298.69,-146476.73,-155526.27,-131480.92
5331.204,-187500.03,-187500.03,-187500.03,-187500.03,-187500.03,-187500.03,-187500.03,-187500.03,-171996.11,-85420.68,-124258.41,-171124.61,-83971.59,-148027.8,-161007.64,-134657.8
5331.2266,-187500.03,-187500.03,-187500.03,-187500.03,-187500.03,-187500.03,-187500.03,-187500.03,-164418.14,-76649.52,-117179.4,-149579.06,-77880.5,-142001.33,-143168.39,-126547.93
5331.249,-187500.03,-187500.03,-187500.03,-187500.03,-187500.03,-187500.03,-187500.03,-187500.03,-159897.03,-73891.7,-115463.01,-138954.56,-75049.97,-140214.33,-137189.6,-123128.08
5331.2715,-187500.03,-187500.03,-187500.03,-187500.03,-187500.03,-187500.03,-187500.03,-187500.03,-165884.73,-81362.414,-121710.89,-156380.78,-80070.91,-145382.12,-152211.2,-129880.43
5331.2935,-187500.03,-187500.03,-187500.03,-187500.03,-187500.03,-187500.03,-187500.03,-187500.03,-172293.84,-86172.06,-124964.54,-172227.4,-84348.78,-148572.47,-162430.45,-135219.5
5331.316,-187500.03,-187500.03,-187500.03,-187500.03,-187500.03,-187500.03,-187500.03,-187500.03,-165894.03,-78065.87,-118273.305,-153561.66,-78978.086,-142967.17,-146110.14,-127960.01
5331.3384,-187500.03,-187500.03,-187500.03,-187500.03,-187500.03,-187500.03,-187500.03,-187500.03,-159991.47,-73611.54,-115152.68,-138792.92,-75001.305,-140013.56,-136660.44,-123010.76
5331.361,-187500.03,-187500.03,-187500.03,-187500.03,-187500.03,-187500.03,-187500.03,-187500.03,-164301.62,-79706.91,-120414.33,-152095.67,-78859.555,-144254.97,-148839.53,-128290.37
5331.3833,-187500.03,-187500.03,-187500.03,-187500.03,-187500.03,-187500.03,-187500.03,-187500.03,-172123.19,-86445.266,-125299.586,-172076.22,-84370.95,-148789.89,-162872.84,-135325.1
5331.4053,-187500.03,-187500.03,-187500.03,-187500.03,-187500.03,-187500.03,-187500.03,-187500.03,-167414.17,-79635.0,-119502.6,-157753.0,-80139.19,-144041.89,-149344.84,-129483.7
5331.4277,-187500.03,-187500.03,-187500.03,-187500.03,-187500.03,-187500.03,-187500.03,-187500.03,-160384.02,-73641.0,-115085.805,-139468.89,-75178.0,-140021.56,-136766.56,-123197.64
5331.45,-187500.03,-187500.03,-187500.03,-187500.03,-187500.03,-187500.03,-187500.03,-187500.03,-162865.02,-78106.32,-119126.96,-148111.81,-77724.89,-143158.16,-145595.45,-126791.3
5331.4727,-187500.03,-187500.03,-187500.03,-187500.03,-187500.03,-187500.03,-187500.03,-187500.03,-171501.42,-86230.13,-125254.98,-170693.72,-84045.984,-148669.02,-162315.97,-134966.5
5331.4946,-187500.03,-187500.03,-187500.03,-187500.03,-187500.03,-187500.03,-187500.03,-187500.03,-168900.22,-81286.484,-120822.34,-161917.61,-81316.234,-145173.22,-152706.38,-131041.6
5331.517,-187500.03,-187500.03,-187500.03,-187500.03,-187500.03,-187500.03,-187500.03,-187500.03,-161061.98,-73983.01,-115274.09,-140954.52,-75584.375,-140239.0,-137505.4,-123679.56
5331.5396,-187500.03,-187500.03,-187500.03,-187500.03,-187500.03,-187500.03,-187500.03,-187500.03,-161665.8,-76667.43,-117935.3,-144673.73,-76740.56,-142166.98,-142690.8,-125479.73
5331.562,-187500.03,-187500.03,-187500.03,-187500.03,-187500.03,-187500.03,-187500.03,-187500.03,-170476.27,-85541.41,-124822.12,-168202.52,-83390.945,-148221.27,-160816.8,-134169.14
5331.5845,-187500.03,-187500.03,-187500.03,-187500.03,-187500.03,-187500.03,-187500.03,-187500.03,-170253.56,-82904.99,-122138.68,-165778.97,-82421.39,-146291.53,-155977.97,-132525.02
5331.6064,-187500.03,-187500.03,-187500.03,-187500.03,-187500.03,-187500.03,-187500.03,-187500.03,-162002.3,-74622.18,-115706.42,-143218.14,-76198.22,-140661.9,-138861.33,-124430.41
5331.629,-187500.03,-187500.03,-187500.03,-187500.03,-187500.03,-187500.03,-187500.03,-187500.03,-160757.42,-75452.66,-116900.85,-141927.42,-75953.58,-141325.48,-140246.1,-124403.94
5331.6514,-187500.03,-187500.03,-187500.03,-187500.03,-187500.03,-187500.03,-187500.03,-187500.03,-169119.67,-84427.39,-124039.74,-164763.67,-82458.79,-147475.4,-158466.81,-132976.83
5331.674,-187500.03,-187500.03,-187500.03,-187500.03,-187500.03,-187500.03,-187500.03,-187500.03,-171357.47,-84365.34,-123356.65,-169004.73,-83370.695,-147306.03,-158888.25,-133807.2
5331.696,-187500.03,-187500.03,-187500.03,-187500.03,-187500.03,-187500.03,-187500.03,-187500.03,-163181.34,-75557.8,-116382.54,-146203.94,-77011.13,-141289.11,-140826.52,-125437.305
5331.7183,-187500.03,-187500.03,-187500.03,-187500.03,-187500.03,-187500.03,-187500.03,-187500.03,-160189.56,-74533.95,-116081.35,-140017.97,-75404.24,-140687.86,-138406.77,-123629.36
5331.7407,-187500.03,-187500.03,-187500.03,-187500.03,-187500.03,-187500.03,-187500.03,-187500.03,-167547.72,-82991.67,-122972.84,-160675.0,-81322.36,-146508.5,-155490.39,-131501.03
5331.763,-187500.03,-187500.03,-187500.03,-187500.03,-187500.03,-187500.03,-187500.03,-187500.03,-172083.95,-85518.54,-124352.87,-171250.28,-84056.0,-148117.89,-161139.23,-134755.0
5331.7856,-187500.03,-187500.03,-187500.03,-187500.03,-187500.03,-187500.03,-187500.03,-187500.03,-164539.11,-76763.586,-117281.87,-149783.53,-77986.05,-142100.25,-143335.14,-126663.58
5331.8076,-187500.03,-187500.03,-187500.03,-187500.03,-187500.03,-187500.03,-187500.03,-187500.03,-159968.06,-73947.266,-115515.586,-139016.48,-75114.01,-140271.12,-137237.73,-123186.95
5331.83,-187500.03,-187500.03,-187500.03,-187500.03,-187500.03,-187500.03,-187500.03,-187500.03,-165913.3,-81387.086,-121739.7,-156343.12,-80104.164,-145416.58,-152194.53,-129903.33
5331.8525,-187500.03,-187500.03,-187500.03,-187500.03,-187500.03,-187500.03,-187500.03,-187500.03,-172362.23,-86248.97,-125034.09,-172308.6,-84413.65,-148642.92,-162518.66,-135288.14
5331.875,-187500.03,-187500.03,-187500.03,-187500.03,-187500.03,-187500.03,-187500.03,-187500.03,-165997.48,-78164.68,-118356.56,-153737.86,-79062.53,-143050.33,-146250.94,-128053.484
5331.897,-187500.03,-187500.03,-187500.03,-187500.03,-187500.03,-187500.03,-187500.03,-187500.03,-160055.67,-73658.86,-115193.74,-138857.78,-75050.01,-140058.84,-136701.8,-123057.805
5331.9194,-187500.03,-187500.03,-187500.03,-187500.03,-187500.03,-187500.03,-187500.03,-187500.03,-164316.4,-79707.76,-120424.99,-152032.2,-78871.51,-144268.61,-148791.23,-128291.234
5331.942,-187500.03,-187500.03,-187500.03,-187500.03,-187500.03,-187500.03,-187500.03,-187500.03,-172171.67,-86493.37,-125353.04,-172112.6,-84413.42,-148835.33,-162920.42,-135367.56
5331.9644,-187500.03,-187500.03,-187500.03,-187500.03,-187500.03,-187500.03,-187500.03,-187500.03,-167508.56,-79721.164,-119582.51,-157916.36,-80214.29,-144110.92,-149476.31,-129567.07
5331.987,-187500.03,-187500.03,-187500.03,-187500.03,-187500.03,-187500.03,-187500.03,-187500.03,-160448.48,-73684.37,-115129.34,-139542.08,-75225.05,-140061.8,-136815.88,-123243.03
5332.009,-187500.03,-187500.03,-187500.03,-187500.03,-187500.03,-187500.03,-187500.03,-187500.03,-162876.16,-78100.51,-119133.664,-148049.75,-77730.14,-143167.33,-145549.2,-126785.74
5332.0312,-187500.03,-187500.03,-187500.03,-187500.03,-187500.03,-187500.03,-187500.03,-187500.03,-171526.5,-86253.42,-125289.2,-170686.16,-84065.836,-148699.95,-162332.06,-134982.94
5332.0537,-187500.03,-187500.03,-187500.03,-187500.03,-187500.03,-187500.03,-187500.03,-187500.03,-168977.42,-81356.625,-120891.9,-162057.0,-81373.03,-145235.7,-152825.33,-131103.83
5332.076,-187500.03,-187500.03,-187500.03,-187500.03,-187500.03,-187500.03,-187500.03,-187500.03,-161124.94,-74024.78,-115320.67,-141045.38,-75627.78,-140281.81,-137567.95,-123718.34
5332.098,-187500.03,-187500.03,-187500.03,-187500.03,-187500.03,-187500.03,-187500.03,-187500.03,-161662.14,-76644.54,-117930.74,-144592.42,-76734.91,-142162.42,-142621.39,-125453.77
5332.1206,-187500.03,-187500.03,-187500.03,-187500.03,-187500.03,-187500.03,-187500.03,-187500.03,-170460.05,-85527.81,-124829.85,-168111.52,-83383.75,-148220.44,-160764.28,-134144.53
5332.143,-187500.03,-187500.03,-187500.03,-187500.03,-187500.03,-187500.03,-187500.03,-187500.03,-170306.45,-82965.08,-122202.38,-165886.89,-82469.516,-146340.6,-156078.55,-132573.95
5332.1655,-187500.03,-187500.03,-187500.03,-187500.03,-187500.03,-187500.03,-187500.03,-187500.03,-162049.8,-74661.72,-115751.39,-143307.42,-76238.766,-140696.02,-138923.67,-124469.14
5332.188,-187500.03,-187500.03,-187500.03,-187500.03,-187500.03,-187500.03,-187500.03,-187500.03,-160766.4,-75452.99,-116915.65,-141906.97,-75963.77,-141333.53,-140224.81,-124407.72
5332.21,-187500.03,-187500.03,-187500.03,-187500.03,-187500.03,-187500.03,-187500.03,-187500.03,-169112.88,-84422.9,-124054.0,-164708.45,-82460.87,-147480.9,-158431.86,-132974.48
5332.2324,-187500.03,-187500.03,-187500.03,-187500.03,-187500.03,-187500.03,-187500.03,-187500.03,-171378.67,-84394.336,-123398.24,-169031.86,-83398.164,-147335.62,-158921.88,-133838.56
5332.255,-187500.03,-187500.03,-187500.03,-187500.03,-187500.03,-187500.03,-187500.03,-187500.03,-163209.33,-75587.8,-116424.2,-146253.22,-77043.56,-141318.7,-140868.48,-125476.125
5332.2773,-187500.03,-187500.03,-187500.03,-187500.03,-187500.03,-187500.03,-187500.03,-187500.03,-160203.95,-74547.21,-116108.305,-140030.58,-75426.26,-140704.61,-138416.97,-123655.94
5332.2993,-187500.03,-187500.03,-187500.03,-187500.03,-187500.03,-187500.03,-187500.03,-187500.03,-167548.92,-82995.56,-122995.69,-160651.61,-81337.805,-146520.84,-155479.02,-131518.94
5332.322,-187500.03,-187500.03,-187500.03,-187500.03,-187500.03,-187500.03,-187500.03,-187500.03,-172107.45,-85546.81,-124394.28,-171282.69,-84088.72,-148146.97,-161179.11,-134795.27
5332.344,-187500.03,-187500.03,-187500.03,-187500.03,-187500.03,-187500.03,-187500.03,-187500.03,-164570.81,-76791.8,-117319.17,-149835.69,-78021.72,-142127.42,-143383.78,-126707.06
5332.3667,-187500.03,-187500.03,-187500.03,-187500.03,-187500.03,-187500.03,-187500.03,-187500.03,-159984.4,-73954.04,-115532.15,-139022.94,-75136.49,-140283.02,-137244.98,-123212.52
5332.3887,-187500.03,-187500.03,-187500.03,-187500.03,-187500.03,-187500.03,-187500.03,-187500.03,-165896.02,-81364.22,-121732.7,-156269.81,-80102.42,-145406.73,-152140.8,-129896.445
5332.411,-187500.03,-187500.03,-187500.03,-187500.03,-187500.03,-187500.03,-187500.03,-187500.03,-172386.52,-86278.72,-125069.35,-172349.62,-84447.84,-148669.44,-162565.88,-135325.47
5332.4336,-187500.03,-187500.03,-187500.03,-187500.03,-187500.03,-187500.03,-187500.03,-187500.03,-166054.73,-78218.51,-118405.71,-153860.58,-79119.46,-143093.78,-146348.39,-128114.1
5332.456,-187500.03,-187500.03,-187500.03,-187500.03,-187500.03,-187500.03,-187500.03,-187500.03,-160081.88,-73673.62,-115205.72,-138884.78,-75079.54,-140075.52,-136718.2,-123079.11
5332.4785,-187500.03,-187500.03,-187500.03,-187500.03,-187500.03,-187500.03,-187500.03,-187500.03,-164288.9,-79679.21,-120397.92,-151927.55,-78863.195,-144253.89,-148712.88,-128260.734
5332.5005,-187500.03,-187500.03,-187500.03,-187500.03,-187500.03,-187500.03,-187500.03,-187500.03,-172182.98,-86523.586,-125373.47,-172127.45,-84440.695,-148861.64,-162956.45,-135384.42
5332.523,-187500.03,-187500.03,-187500.03,-187500.03,-187500.03,-187500.03,-187500.03,-187500.03,-167583.64,-79802.08,-119637.23,-158096.47,-80284.21,-144172.25,-149621.44,-129635.14
5332.5454,-187500.03,-187500.03,-187500.03,-187500.03,-187500.03,-187500.03,-187500.03,-187500.03,-160486.3,-73710.43,-115138.53,-139604.73,-75260.43,-140085.67,-136852.48,-123264.16
5332.568,-187500.03,-187500.03,-187500.03,-187500.03,-187500.03,-187500.03,-187500.03,-187500.03,-162838.95,-78056.766,-119087.58,-147920.14,-77708.51,-143141.58,-145441.44,-126734.26
5332.59,-187500.03,-187500.03,-187500.03,-187500.03,-187500.03,-187500.03,-187500.03,-187500.03,-171508.22,-86251.41,-125283.34,-170621.47,-84065.54,-148703.08,-162301.3,-134961.89
5332.6123,-187500.03,-187500.03,-187500.03,-187500.03,-187500.03,-187500.03,-187500.03,-187500.03,-169050.6,-81438.23,-120952.72,-162231.16,-81438.72,-145296.47,-152969.72,-131168.66
5332.635,-187500.03,-187500.03,-187500.03,-187500.03,-187500.03,-187500.03,-187500.03,-187500.03,-161169.67,-74056.52,-115340.59,-141128.39,-75662.85,-140306.08,-137618.48,-123744.875
5332.657,-187500.03,-187500.03,-187500.03,-187500.03,-187500.03,-187500.03,-187500.03,-187500.03,-161646.84,-76615.055,-117905.37,-144513.56,-76723.195,-142146.3,-142551.48,-125422.164
5332.6797,-187500.03,-187500.03,-187500.03,-187500.03,-187500.03,-187500.03,-187500.03,-187500.03,-170441.52,-85511.12,-124821.67,-168040.02,-83373.53,-148216.02,-160720.05,-134121.23
5332.7017,-187500.03,-187500.03,-187500.03,-187500.03,-187500.03,-187500.03,-187500.03,-187500.03,-170360.69,-83018.09,-122248.875,-166009.81,-82508.2,-146384.23,-156181.4,-132621.3
5332.724,-187500.03,-187500.03,-187500.03,-187500.03,-187500.03,-187500.03,-187500.03,-187500.03,-162094.66,-74687.06,-115773.81,-143390.98,-76260.58,-140718.78,-138976.69,-124498.914
5332.7466,-187500.03,-187500.03,-187500.03,-187500.03,-187500.03,-187500.03,-187500.03,-187500.03,-160745.69,-75411.59,-116883.8,-141820.8,-75934.96,-141309.81,-140147.17,-124374.03
5332.769,-187500.03,-187500.03,-187500.03,-187500.03,-187500.03,-187500.03,-187500.03,-187500.03,-169054.58,-84365.08,-124016.13,-164552.25,-82411.94,-147447.05,-158321.02,-132917.38
5332.791,-187500.03,-187500.03,-187500.03,-187500.03,-187500.03,-187500.03,-187500.03,-187500.03,-171413.23,-84438.164,-123441.65,-169139.23,-83420.09,-147370.0,-159020.95,-133879.61
5332.8135,-187500.03,-187500.03,-187500.03,-187500.03,-187500.03,-187500.03,-187500.03,-187500.03,-163258.95,-75622.305,-116455.65,-146384.98,-77067.55,-141343.88,-140950.38,-125519.88
5332.836,-187500.03,-187500.03,-187500.03,-187500.03,-187500.03,-187500.03,-187500.03,-187500.03,-160187.56,-74509.97,-116082.65,-139968.64,-75398.34,-140680.88,-138345.22,-123633.56
5332.8584,-187500.03,-187500.03,-187500.03,-187500.03,-187500.03,-187500.03,-187500.03,-187500.03,-167478.6,-82924.24,-122947.3,-160467.62,-81273.766,-146472.95,-155332.27,-131455.08
5332.881,-187500.03,-187500.03,-187500.03,-187500.03,-187500.03,-187500.03,-187500.03,-187500.03,-172131.25,-85585.04,-124436.37,-171361.73,-84100.37,-148176.88,-161253.98,-134836.05
5332.903,-187500.03,-187500.03,-187500.03,-187500.03,-187500.03,-187500.03,-187500.03,-187500.03,-164629.47,-76841.37,-117367.56,-149993.06,-78052.56,-142165.89,-143485.56,-126771.805
5332.9253,-187500.03,-187500.03,-187500.03,-187500.03,-187500.03,-187500.03,-187500.03,-187500.03,-159979.36,-73931.1,-115522.555,-138994.48,-75117.38,-140271.34,-137195.31,-123211.12
5332.9478,-187500.03,-187500.03,-187500.03,-187500.03,-187500.03,-187500.03,-187500.03,-187500.03,-165826.0,-81294.016,-121689.43,-156082.92,-80042.97,-145363.52,-151987.47,-129840.375
5332.97,-187500.03,-187500.03,-187500.03,-187500.03,-187500.03,-187500.03,-187500.03,-187500.03,-172395.0,-86309.12,-125107.98,-172375.81,-84456.66,-148696.61,-162606.86,-135358.27
5332.992,-187500.03,-187500.03,-187500.03,-187500.03,-187500.03,-187500.03,-187500.03,-187500.03,-166129.67,-78296.516,-118474.58,-154050.25,-79174.29,-143151.38,-146488.7,-128201.6
5333.0146,-187500.03,-187500.03,-187500.03,-187500.03,-187500.03,-187500.03,-187500.03,-187500.03,-160107.5,-73689.39,-115223.53,-138919.05,-75097.64,-140091.3,-136723.77,-123111.56
5333.037,-187500.03,-187500.03,-187500.03,-187500.03,-187500.03,-187500.03,-187500.03,-187500.03,-164247.8,-79637.305,-120372.13,-151795.17,-78833.05,-144229.27,-148598.8,-128228.16
5333.0596,-187500.03,-187500.03,-187500.03,-187500.03,-187500.03,-187500.03,-187500.03,-187500.03,-172180.55,-86540.91,-125399.305,-172105.17,-84446.84,-148879.31,-162952.4,-135396.0
5333.082,-187500.03,-187500.03,-187500.03,-187500.03,-187500.03,-187500.03,-187500.03,-187500.03,-167652.38,-79881.66,-119709.0,-158257.44,-80342.73,-144233.42,-149745.88,-129709.09
5333.104,-187500.03,-187500.03,-187500.03,-187500.03,-187500.03,-187500.03,-187500.03,-187500.03,-160527.02,-73746.77,-115171.73,-139671.67,-75295.3,-140115.92,-136887.47,-123298.805
5333.1265,-187500.03,-187500.03,-187500.03,-187500.03,-187500.03,-187500.03,-187500.03,-187500.03,-162828.23,-78046.24,-119082.7,-147850.2,-77708.484,-143138.97,-145378.62,-126716.49
5333.149,-187500.03,-187500.03,-187500.03,-187500.03,-187500.03,-187500.03,-187500.03,-187500.03,-171514.7,-86276.42,-125306.78,-170605.33,-84085.86,-148724.73,-162302.3,-134968.27
5333.1714,-187500.03,-187500.03,-187500.03,-187500.03,-187500.03,-187500.03,-187500.03,-187500.03,-169127.98,-81530.72,-121023.125,-162402.28,-81511.09,-145364.16,-153110.64,-131241.44
5333.1934,-187500.03,-187500.03,-187500.03,-187500.03,-187500.03,-187500.03,-187500.03,-187500.03,-161225.42,-74111.484,-115377.72,-141224.45,-75713.945,-140349.28,-137682.17,-123787.34
5333.216,-187500.03,-187500.03,-187500.03,-187500.03,-187500.03,-187500.03,-187500.03,-187500.03,-161654.27,-76626.08,-117907.9,-144473.69,-76738.33,-142160.95,-142516.22,-125417.19
5333.2383,-187500.03,-187500.03,-187500.03,-187500.03,-187500.03,-187500.03,-187500.03,-187500.03,-170448.64,-85537.54,-124840.516,-168000.83,-83393.18,-148242.97,-160704.78,-134122.34
5333.2607,-187500.03,-187500.03,-187500.03,-187500.03,-187500.03,-187500.03,-187500.03,-187500.03,-170447.03,-83123.195,-122330.414,-166174.73,-82589.25,-146466.39,-156329.36,-132699.61
5333.283,-187500.03,-187500.03,-187500.03,-187500.03,-187500.03,-187500.03,-187500.03,-187500.03,-162178.52,-74768.38,-115837.07,-143529.75,-76337.516,-140788.22,-139082.42,-124565.45
5333.305,-187500.03,-187500.03,-187500.03,-187500.03,-187500.03,-187500.03,-187500.03,-187500.03,-160778.88,-75438.53,-116905.52,-141812.48,-75972.516,-141343.6,-140142.06,-124389.79
5333.3276,-187500.03,-187500.03,-187500.03,-187500.03,-187500.03,-187500.03,-187500.03,-187500.03,-169072.6,-84388.44,-124041.77,-164513.02,-82440.26,-147480.67,-158309.06,-132926.77
5333.35,-187500.03,-187500.03,-187500.03,-187500.03,-187500.03,-187500.03,-187500.03,-187500.03,-171495.64,-84529.97,-123522.92,-169269.06,-83497.38,-147452.47,-159148.81,-133957.03
5333.3726,-187500.03,-187500.03,-187500.03,-187500.03,-187500.03,-187500.03,-187500.03,-187500.03,-163338.25,-75695.06,-116518.8,-146506.86,-77137.46,-141412.03,-141052.48,-125589.07
5333.3945,-187500.03,-187500.03,-187500.03,-187500.03,-187500.03,-187500.03,-187500.03,-187500.03,-160219.86,-74532.79,-116105.555,-139966.42,-75431.53,-140714.61,-138349.5,-123660.23
5333.417,-187500.03,-187500.03,-187500.03,-187500.03,-187500.03,-187500.03,-187500.03,-187500.03,-167479.94,-82925.695,-122956.69,-160399.36,-81288.07,-146491.64,-155296.4,-131462.14
5333.4395,-187500.03,-187500.03,-187500.03,-187500.03,-187500.03,-187500.03,-187500.03,-187500.03,-172175.6,-85641.3,-124490.82,-171421.1,-84151.44,-148231.23,-161328.06,-134895.53
5333.462,-187500.03,-187500.03,-187500.03,-187500.03,-187500.03,-187500.03,-187500.03,-187500.03,-164698.3,-76910.1,-117429.01,-150122.78,-78116.05,-142226.53,-143593.67,-126850.56
5333.4844,-187500.03,-187500.03,-187500.03,-187500.03,-187500.03,-187500.03,-187500.03,-187500.03,-160010.16,-73954.58,-115547.43,-139016.77,-75147.53,-140300.72,-137211.81,-123250.836
5333.5063,-187500.03,-187500.03,-187500.03,-187500.03,-187500.03,-187500.03,-187500.03,-187500.03,-165823.6,-81289.66,-121695.336,-156025.83,-80047.55,-145373.52,-151950.66,-129852.82
5333.529,-187500.03,-187500.03,-187500.03,-187500.03,-187500.03,-187500.03,-187500.03,-187500.03,-172413.62,-86332.45,-125137.836,-172390.27,-84477.1,-148725.3,-162633.89,-135396.08
5333.5513,-187500.03,-187500.03,-187500.03,-187500.03,-187500.03,-187500.03,-187500.03,-187500.03,-166176.66,-78336.52,-118516.086,-154143.16,-79210.27,-143190.94,-146561.67,-128260.33
5333.5737,-187500.03,-187500.03,-187500.03,-187500.03,-187500.03,-187500.03,-187500.03,-187500.03,-160135.42,-73699.12,-115240.25,-138953.62,-75113.734,-140110.23,-136741.88,-123144.69
5333.5957,-187500.03,-187500.03,-187500.03,-187500.03,-187500.03,-187500.03,-187500.03,-187500.03,-164252.17,-79627.47,-120377.45,-151764.7,-78835.34,-144237.62,-148575.16,-128241.33
5333.618,-187500.03,-187500.03,-187500.03,-187500.03,-187500.03,-187500.03,-187500.03,-187500.03,-172200.9,-86555.26,-125425.055,-172122.53,-84462.6,-148902.56,-162975.48,-135427.55
5333.6406,-187500.03,-187500.03,-187500.03,-187500.03,-187500.03,-187500.03,-187500.03,-187500.03,-167704.81,-79923.12,-119752.5,-158354.53,-80378.35,-144271.19,-149821.34,-129765.67
5333.663,-187500.03,-187500.03,-187500.03,-187500.03,-187500.03,-187500.03,-187500.03,-187500.03,-160566.36,-73768.12,-115195.77,-139723.9,-75316.805,-140138.22,-136917.83,-123336.42
5333.6855,-187500.03,-187500.03,-187500.03,-187500.03,-187500.03,-187500.03,-187500.03,-187500.03,-162851.89,-78053.62,-119096.516,-147858.77,-77718.164,-143152.3,-145380.6,-126738.89
5333.7075,-187500.03,-187500.03,-187500.03,-187500.03,-187500.03,-187500.03,-187500.03,-187500.03,-171541.95,-86292.31,-125329.34,-170628.53,-84099.16,-148745.42,-162322.67,-134996.0
5333.73,-187500.03,-187500.03,-187500.03,-187500.03,-187500.03,-187500.03,-187500.03,-187500.03,-169173.3,-81565.03,-121058.98,-162468.19,-81537.65,-145397.55,-153161.55,-131284.08
5333.7524,-187500.03,-187500.03,-187500.03,-187500.03,-187500.03,-187500.03,-187500.03,-187500.03,-161273.05,-74145.86,-115410.87,-141288.61,-75742.83,-140382.19,-137726.22,-123827.87
5333.775,-187500.03,-187500.03,-187500.03,-187500.03,-187500.03,-187500.03,-187500.03,-187500.03,-161674.39,-76634.39,-117920.37,-144464.5,-76748.92,-142175.86,-142504.9,-125428.99
5333.797,-187500.03,-187500.03,-187500.03,-187500.03,-187500.03,-187500.03,-187500.03,-187500.03,-170464.52,-85552.4,-124860.36,-167985.81,-83407.555,-148263.47,-160704.84,-134134.36
5333.8193,-187500.03,-187500.03,-187500.03,-187500.03,-187500.03,-187500.03,-187500.03,-187500.03,-170504.36,-83184.73,-122383.32,-166274.06,-82637.22,-146518.47,-156419.62,-132753.12
5333.842,-187500.03,-187500.03,-187500.03,-187500.03,-187500.03,-187500.03,-187500.03,-187500.03,-162238.94,-74824.86,-115880.32,-143634.44,-76384.19,-140835.11,-139160.27,-124614.42
5333.8643,-187500.03,-187500.03,-187500.03,-187500.03,-187500.03,-187500.03,-187500.03,-187500.03,-160792.47,-75447.67,-116910.22,-141790.06,-75984.2,-141359.73,-140119.33,-124391.016
5333.8867,-187500.03,-187500.03,-187500.03,-187500.03,-187500.03,-187500.03,-187500.03,-187500.03,-169061.67,-84392.01,-124046.18,-164436.34,-82441.305,-147493.25,-158265.7,-132913.62
5333.9087,-187500.03,-187500.03,-187500.03,-187500.03,-187500.03,-187500.03,-187500.03,-187500.03,-171559.3,-84617.984,-123593.29,-169395.17,-83558.67,-147521.14,-159272.19,-134019.86
5333.931,-187500.03,-187500.03,-187500.03,-187500.03,-187500.03,-187500.03,-187500.03,-187500.03,-163427.8,-75791.59,-116592.87,-146678.48,-77213.99,-141486.38,-141186.47,-125664.84
5333.9536,-187500.03,-187500.03,-187500.03,-187500.03,-187500.03,-187500.03,-187500.03,-187500.03,-160256.48,-74568.266,-116131.64,-139978.56,-75465.62,-140747.58,-138357.06,-123678.0
5333.976,-187500.03,-187500.03,-187500.03,-187500.03,-187500.03,-187500.03,-187500.03,-187500.03,-167481.9,-82940.984,-122975.69,-160320.19,-81302.89,-146513.61,-155257.56,-131453.64
5333.998,-187500.03,-187500.03,-187500.03,-187500.03,-187500.03,-187500.03,-187500.03,-187500.03,-172245.92,-85734.164,-124574.08,-171524.62,-84221.0,-148309.03,-161444.69,-134959.16
5334.0205,-187500.03,-187500.03,-187500.03,-187500.03,-187500.03,-187500.03,-187500.03,-187500.03,-164798.08,-77015.555,-117520.79,-150287.92,-78203.98,-142314.55,-143734.56,-126933.484
5334.043,-187500.03,-187500.03,-187500.03,-187500.03,-187500.03,-187500.03,-187500.03,-187500.03,-160077.27,-74017.27,-115606.914,-139074.55,-75208.28,-140361.17,-137263.39,-123296.63
5334.0654,-187500.03,-187500.03,-187500.03,-187500.03,-187500.03,-187500.03,-187500.03,-187500.03,-165854.52,-81324.234,-121738.07,-155985.5,-80085.52,-145417.12,-151938.92,-129868.09
5334.088,-187500.03,-187500.03,-187500.03,-187500.03,-187500.03,-187500.03,-187500.03,-187500.03,-172486.47,-86420.25,-125227.125,-172464.34,-84552.07,-148806.3,-162725.86,-135460.73
5334.11,-187500.03,-187500.03,-187500.03,-187500.03,-187500.03,-187500.03,-187500.03,-187500.03,-166287.28,-78451.7,-118626.62,-154308.2,-79311.62,-143291.39,-146708.78,-128358.38
5334.1323,-187500.03,-187500.03,-187500.03,-187500.03,-187500.03,-187500.03,-187500.03,-187500.03,-160224.7,-73784.81,-115326.086,-139046.22,-75197.16,-140189.19,-136823.78,-123219.836
5334.155,-187500.03,-187500.03,-187500.03,-187500.03,-187500.03,-187500.03,-187500.03,-187500.03,-164309.83,-79686.34,-120443.1,-151771.86,-78896.43,-144297.23,-148596.34,-128290.836
5334.1772,-187500.03,-187500.03,-187500.03,-187500.03,-187500.03,-187500.03,-187500.03,-187500.03,-172279.05,-86646.07,-125517.83,-172188.44,-84543.914,-148985.8,-163053.97,-135508.73
5334.199,-187500.03,-187500.03,-187500.03,-187500.03,-187500.03,-187500.03,-187500.03,-187500.03,-167812.84,-80038.12,-119861.82,-158499.77,-80480.75,-144372.3,-149951.66,-129876.54
5334.2217,-187500.03,-187500.03,-187500.03,-187500.03,-187500.03,-187500.03,-187500.03,-187500.03,-160663.72,-73863.625,-115288.445,-139834.88,-75409.31,-140226.78,-137011.36,-123435.28
5334.244,-187500.03,-187500.03,-187500.03,-187500.03,-187500.03,-187500.03,-187500.03,-187500.03,-162895.33,-78096.82,-119146.9,-147833.97,-77771.914,-143205.86,-145365.94,-126788.06
5334.2666,-187500.03,-187500.03,-187500.03,-187500.03,-187500.03,-187500.03,-187500.03,-187500.03,-171593.7,-86362.25,-125404.23,-170639.14,-84166.86,-148817.89,-162356.64,-135066.92
5334.2886,-187500.03,-187500.03,-187500.03,-187500.03,-187500.03,-187500.03,-187500.03,-187500.03,-169304.23,-81708.75,-121186.31,-162691.16,-81663.336,-145518.83,-153352.33,-131430.77
5334.311,-187500.03,-187500.03,-187500.03,-187500.03,-187500.03,-187500.03,-187500.03,-187500.03,-161388.45,-74251.43,-115502.664,-141451.97,-75848.57,-140477.3,-137845.34,-123946.29
5334.3335,-187500.03,-187500.03,-187500.03,-187500.03,-187500.03,-187500.03,-187500.03,-187500.03,-161719.6,-76667.49,-117950.81,-144440.89,-76797.695,-142220.83,-142477.42,-125474.99
5334.356,-187500.03,-187500.03,-187500.03,-187500.03,-187500.03,-187500.03,-187500.03,-187500.03,-170502.44,-85597.51,-124905.84,-167959.27,-83454.84,-148317.44,-160699.31,-134184.94
5334.3784,-187500.03,-187500.03,-187500.03,-187500.03,-187500.03,-187500.03,-187500.03,-187500.03,-170638.23,-83322.99,-122500.734,-166501.88,-82753.625,-146635.77,-156609.05,-132895.16
5334.4004,-187500.03,-187500.03,-187500.03,-187500.03,-187500.03,-187500.03,-187500.03,-187500.03,-162371.6,-74936.51,-115972.63,-143830.53,-76490.266,-140933.48,-139298.42,-124738.92
5334.423,-187500.03,-187500.03,-187500.03,-187500.03,-187500.03,-187500.03,-187500.03,-187500.03,-160873.39,-75503.73,-116955.305,-141834.0,-76048.77,-141418.56,-140142.58,-124460.086
5334.4453,-187500.03,-187500.03,-187500.03,-187500.03,-187500.03,-187500.03,-187500.03,-187500.03,-169116.89,-84436.71,-124085.94,-164419.05,-82491.305,-147545.31,-158262.03,-132963.86
5334.468,-187500.03,-187500.03,-187500.03,-187500.03,-187500.03,-187500.03,-187500.03,-187500.03,-171673.27,-84728.3,-123681.62,-169540.2,-83652.68,-147617.25,-159400.98,-134128.17
5334.4897,-187500.03,-187500.03,-187500.03,-187500.03,-187500.03,-187500.03,-187500.03,-187500.03,-163553.28,-75899.13,-116676.13,-146846.55,-77310.95,-141580.61,-141312.08,-125773.07
5334.512,-187500.03,-187500.03,-187500.03,-187500.03,-187500.03,-187500.03,-187500.03,-187500.03,-160361.89,-74651.414,-116195.63,-140080.22,-75545.59,-140827.16,-138429.81,-123762.16
5334.5347,-187500.03,-187500.03,-187500.03,-187500.03,-187500.03,-187500.03,-187500.03,-187500.03,-167562.2,-83004.1,-123025.44,-160362.3,-81364.06,-146581.11,-155291.8,-131515.7
5334.557,-187500.03,-187500.03,-187500.03,-187500.03,-187500.03,-187500.03,-187500.03,-187500.03,-172345.47,-85823.51,-124646.48,-171625.9,-84298.445,-148395.3,-161534.08,-135043.47
5334.5796,-187500.03,-187500.03,-187500.03,-187500.03,-187500.03,-187500.03,-187500.03,-187500.03,-164905.61,-77106.77,-117593.79,-150417.23,-78285.67,-142400.92,-143834.39,-127021.82
5334.6016,-187500.03,-187500.03,-187500.03,-187500.03,-187500.03,-187500.03,-187500.03,-187500.03,-160165.97,-74087.88,-115663.69,-139155.08,-75277.26,-140433.17,-137324.06,-123367.6
5334.624,-187500.03,-187500.03,-187500.03,-187500.03,-187500.03,-187500.03,-187500.03,-187500.03,-165912.98,-81370.39,-121777.72,-155994.9,-80135.14,-145472.45,-151953.73,-129916.25
5334.6465,-187500.03,-187500.03,-187500.03,-187500.03,-187500.03,-187500.03,-187500.03,-187500.03,-172575.73,-86509.37,-125302.445,-172564.66,-84630.21,-148891.9,-162826.52,-135550.4
5334.669,-187500.03,-187500.03,-187500.03,-187500.03,-187500.03,-187500.03,-187500.03,-187500.03,-166402.33,-78559.39,-118712.94,-154478.08,-79406.61,-143389.73,-146849.11,-128471.46
5334.691,-187500.03,-187500.03,-187500.03,-187500.03,-187500.03,-187500.03,-187500.03,-187500.03,-160303.06,-73849.55,-115376.95,-139118.17,-75260.23,-140258.66,-136880.61,-123294.6
5334.7134,-187500.03,-187500.03,-187500.03,-187500.03,-187500.03,-187500.03,-187500.03,-187500.03,-164323.64,-79694.055,-120452.82,-151688.94,-78913.375,-144329.72,-148542.47,-128308.03
5334.736,-187500.03,-187500.03,-187500.03,-187500.03,-187500.03,-187500.03,-187500.03,-187500.03,-172331.06,-86713.086,-125582.29,-172220.56,-84598.48,-149061.47,-163120.05,-135577.5
5334.7583,-187500.03,-187500.03,-187500.03,-187500.03,-187500.03,-187500.03,-187500.03,-187500.03,-167947.86,-80176.43,-119979.766,-158746.5,-80595.59,-144495.47,-150167.17,-130019.37
5334.781,-187500.03,-187500.03,-187500.03,-187500.03,-187500.03,-187500.03,-187500.03,-187500.03,-160755.38,-73941.61,-115355.88,-139942.73,-75488.46,-140308.42,-137099.64,-123524.76
5334.8027,-187500.03,-187500.03,-187500.03,-187500.03,-187500.03,-187500.03,-187500.03,-187500.03,-162910.22,-78105.14,-119162.03,-147741.38,-77795.875,-143240.06,-145310.98,-126805.055
5334.825,-187500.03,-187500.03,-187500.03,-187500.03,-187500.03,-187500.03,-187500.03,-187500.03,-171631.28,-86416.99,-125464.4,-170622.98,-84216.125,-148886.02,-162392.11,-135119.95
5334.8477,-187500.03,-187500.03,-187500.03,-187500.03,-187500.03,-187500.03,-187500.03,-187500.03,-169440.78,-81853.1,-121315.76,-162933.2,-81782.94,-145648.58,-153573.17,-131572.6
5334.87,-187500.03,-187500.03,-187500.03,-187500.03,-187500.03,-187500.03,-187500.03,-187500.03,-161496.19,-74344.37,-115588.85,-141592.77,-75939.586,-140570.44,-137958.45,-124044.27
5334.892,-187500.03,-187500.03,-187500.03,-187500.03,-187500.03,-187500.03,-187500.03,-187500.03,-161763.39,-76699.836,-117990.84,-144406.94,-76844.01,-142273.03,-142464.23,-125512.0
5334.9146,-187500.03,-187500.03,-187500.03,-187500.03,-187500.03,-187500.03,-187500.03,-187500.03,-170536.73,-85641.83,-124961.37,-167915.56,-83505.48,-148379.98,-160703.7,-134224.14
5334.937,-187500.03,-187500.03,-187500.03,-187500.03,-187500.03,-187500.03,-187500.03,-187500.03,-170747.12,-83447.92,-122618.88,-166663.95,-82863.625,-146753.48,-156774.16,-133009.22
5334.9595,-187500.03,-187500.03,-187500.03,-187500.03,-187500.03,-187500.03,-187500.03,-187500.03,-162475.97,-75042.37,-116070.62,-143976.27,-76590.56,-141035.4,-139423.28,-124836.94
5334.982,-187500.03,-187500.03,-187500.03,-187500.03,-187500.03,-187500.03,-187500.03,-187500.03,-160929.12,-75558.6,-117013.08,-141847.36,-76109.8,-141484.88,-140162.16,-124506.87
5335.004,-187500.03,-187500.03,-187500.03,-187500.03,-187500.03,-187500.03,-187500.03,-187500.03,-169152.12,-84482.555,-124140.88,-164389.28,-82540.68,-147605.98,-158263.3,-132998.19
5335.0264,-187500.03,-187500.03,-187500.03,-187500.03,-187500.03,-187500.03,-187500.03,-187500.03,-171783.19,-84852.93,-123801.625,-169708.36,-83761.02,-147734.02,-159562.6,-134241.05
5335.049,-187500.03,-187500.03,-187500.03,-187500.03,-187500.03,-187500.03,-187500.03,-187500.03,-163669.16,-76010.664,-116780.84,-147021.06,-77416.08,-141686.52,-141452.77,-125882.69
5335.0713,-187500.03,-187500.03,-187500.03,-187500.03,-187500.03,-187500.03,-187500.03,-187500.03,-160416.94,-74696.09,-116247.0,-140086.9,-75601.05,-140886.5,-138436.9,-123810.57
5335.0933,-187500.03,-187500.03,-187500.03,-187500.03,-187500.03,-187500.03,-187500.03,-187500.03,-167564.38,-83012.71,-123054.875,-160250.6,-81386.15,-146615.77,-155224.47,-131524.05
5335.1157,-187500.03,-187500.03,-187500.03,-187500.03,-187500.03,-187500.03,-187500.03,-187500.03,-172442.9,-85943.67,-124765.63,-171775.0,-84397.42,-148505.78,-161687.98,-135157.31
5335.138,-187500.03,-187500.03,-187500.03,-187500.03,-187500.03,-187500.03,-187500.03,-187500.03,-165052.4,-77249.4,-117722.336,-150679.31,-78411.0,-142523.98,-144040.25,-127169.266
5335.1606,-187500.03,-187500.03,-187500.03,-187500.03,-187500.03,-187500.03,-187500.03,-187500.03,-160242.84,-74146.266,-115722.16,-139206.84,-75343.89,-140498.95,-137355.8,-123438.32
5335.183,-187500.03,-187500.03,-187500.03,-187500.03,-187500.03,-187500.03,-187500.03,-187500.03,-165914.11,-81370.164,-121796.5,-155867.64,-80149.625,-145500.4,-151864.39,-129923.12
5335.205,-187500.03,-187500.03,-187500.03,-187500.03,-187500.03,-187500.03,-187500.03,-187500.03,-172649.77,-86605.55,-125402.85,-172649.94,-84705.36,-148986.92,-162929.2,-135641.88
5335.2275,-187500.03,-187500.03,-187500.03,-187500.03,-187500.03,-187500.03,-187500.03,-187500.03,-166550.83,-78707.41,-118847.516,-154752.95,-79527.49,-143516.36,-147066.62,-128620.15
5335.25,-187500.03,-187500.03,-187500.03,-187500.03,-187500.03,-187500.03,-187500.03,-187500.03,-160394.77,-73920.89,-115448.91,-139216.48,-75332.9,-140331.22,-136942.3,-123376.586
5335.2725,-187500.03,-187500.03,-187500.03,-187500.03,-187500.03,-187500.03,-187500.03,-187500.03,-164336.89,-79697.56,-120473.54,-151590.86,-78931.19,-144355.1,-148465.95,-128318.04
5335.2944,-187500.03,-187500.03,-187500.03,-187500.03,-187500.03,-187500.03,-187500.03,-187500.03,-172376.8,-86770.86,-125649.93,-172230.89,-84647.83,-149124.08,-163153.14,-135631.55
5335.317,-187500.03,-187500.03,-187500.03,-187500.03,-187500.03,-187500.03,-187500.03,-187500.03,-168063.1,-80293.04,-120088.375,-158949.45,-80691.164,-144596.19,-150329.34,-130136.04
5335.3394,-187500.03,-187500.03,-187500.03,-187500.03,-187500.03,-187500.03,-187500.03,-187500.03,-160842.02,-74010.56,-115424.32,-140057.62,-75553.95,-140376.16,-137171.12,-123605.16
5335.362,-187500.03,-187500.03,-187500.03,-187500.03,-187500.03,-187500.03,-187500.03,-187500.03,-162950.94,-78129.43,-119199.49,-147731.5,-77826.61,-143279.44,-145292.31,-126842.6
5335.3843,-187500.03,-187500.03,-187500.03,-187500.03,-187500.03,-187500.03,-187500.03,-187500.03,-171669.64,-86451.01,-125513.85,-170618.44,-84248.58,-148932.4,-162393.89,-135161.36
5335.4062,-187500.03,-187500.03,-187500.03,-187500.03,-187500.03,-187500.03,-187500.03,-187500.03,-169518.4,-81928.58,-121395.82,-163043.58,-81846.64,-145721.86,-153663.03,-131653.92
5335.4287,-187500.03,-187500.03,-187500.03,-187500.03,-187500.03,-187500.03,-187500.03,-187500.03,-161569.95,-74405.39,-115654.055,-141691.98,-75998.24,-140632.56,-138026.98,-124116.9
5335.451,-187500.03,-187500.03,-187500.03,-187500.03,-187500.03,-187500.03,-187500.03,-187500.03,-161806.39,-76728.16,-118030.695,-144421.66,-76879.63,-142312.38,-142468.3,-125552.414
5335.4736,-187500.03,-187500.03,-187500.03,-187500.03,-187500.03,-187500.03,-187500.03,-187500.03,-170571.8,-85670.375,-125005.484,-167915.45,-83536.72,-148419.75,-160709.81,-134260.66
5335.4956,-187500.03,-187500.03,-187500.03,-187500.03,-187500.03,-187500.03,-187500.03,-187500.03,-170827.48,-83523.625,-122698.03,-166787.58,-82928.24,-146825.5,-156877.61,-133091.27
5335.518,-187500.03,-187500.03,-187500.03,-187500.03,-187500.03,-187500.03,-187500.03,-187500.03,-162555.27,-75103.79,-116133.09,-144090.8,-76650.086,-141096.66,-139502.47,-124911.01
5335.5405,-187500.03,-187500.03,-187500.03,-187500.03,-187500.03,-187500.03,-187500.03,-187500.03,-160959.62,-75570.12,-117033.31,-141827.78,-76133.67,-141511.52,-140136.03,-124532.06
5335.563,-187500.03,-187500.03,-187500.03,-187500.03,-187500.03,-187500.03,-187500.03,-187500.03,-169156.94,-84485.28,-124158.07,-164320.39,-82552.51,-147626.6,-158216.67,-133006.33
5335.5854,-187500.03,-187500.03,-187500.03,-187500.03,-187500.03,-187500.03,-187500.03,-187500.03,-171859.72,-84936.79,-123881.35,-169839.78,-83832.28,-147809.02,-159680.8,-134324.38
5335.6074,-187500.03,-187500.03,-187500.03,-187500.03,-187500.03,-187500.03,-187500.03,-187500.03,-163764.11,-76094.15,-116853.625,-147193.77,-77497.75,-141759.0,-141577.05,-125970.945
5335.63,-187500.03,-187500.03,-187500.03,-187500.03,-187500.03,-187500.03,-187500.03,-187500.03,-160451.31,-74713.62,-116262.82,-140090.77,-75636.37,-140912.89,-138426.36,-123833.12
5335.6523,-187500.03,-187500.03,-187500.03,-187500.03,-187500.03,-187500.03,-187500.03,-187500.03,-167554.55,-83003.25,-123051.86,-160152.23,-81393.414,-146623.36,-155155.47,-131510.23
5335.675,-187500.03,-187500.03,-187500.03,-187500.03,-187500.03,-187500.03,-187500.03,-187500.03,-172503.9,-86018.73,-124829.516,-171872.31,-84461.7,-148572.88,-161788.34,-135218.34
5335.697,-187500.03,-187500.03,-187500.03,-187500.03,-187500.03,-187500.03,-187500.03,-187500.03,-165148.7,-77342.2,-117794.87,-150861.47,-78496.47,-142602.67,-144181.83,-127251.97
5335.719,-187500.03,-187500.03,-187500.03,-187500.03,-187500.03,-187500.03,-187500.03,-187500.03,-160290.33,-74179.97,-115745.734,-139242.86,-75387.5,-140536.53,-137376.4,-123465.14
5335.7417,-187500.03,-187500.03,-187500.03,-187500.03,-187500.03,-187500.03,-187500.03,-187500.03,-165916.36,-81368.78,-121796.81,-155786.33,-80163.69,-145514.7,-151810.25,-129910.83
5335.764,-187500.03,-187500.03,-187500.03,-187500.03,-187500.03,-187500.03,-187500.03,-187500.03,-172694.25,-86660.13,-125451.79,-172690.19,-84756.52,-149040.3,-162985.23,-135679.06
5335.7866,-187500.03,-187500.03,-187500.03,-187500.03,-187500.03,-187500.03,-187500.03,-187500.03,-166630.3,-78788.09,-118916.25,-154888.45,-79602.63,-143586.19,-147180.84,-128686.28
5335.8086,-187500.03,-187500.03,-187500.03,-187500.03,-187500.03,-187500.03,-187500.03,-187500.03,-160446.97,-73965.75,-115487.35,-139266.69,-75382.875,-140376.0,-136981.7,-123411.41
5335.831,-187500.03,-187500.03,-187500.03,-187500.03,-187500.03,-187500.03,-187500.03,-187500.03,-164352.48,-79711.29,-120491.0,-151543.77,-78954.73,-144379.36,-148437.78,-128322.7
5335.8535,-187500.03,-187500.03,-187500.03,-187500.03,-187500.03,-187500.03,-187500.03,-187500.03,-172419.84,-86823.63,-125703.22,-172264.16,-84695.93,-149176.06,-163200.42,-135671.94
5335.876,-187500.03,-187500.03,-187500.03,-187500.03,-187500.03,-187500.03,-187500.03,-187500.03,-168151.64,-80382.78,-120171.01,-159097.4,-80770.41,-144673.66,-150455.34,-130216.734
5335.898,-187500.03,-187500.03,-187500.03,-187500.03,-187500.03,-187500.03,-187500.03,-187500.03,-160909.39,-74066.22,-115479.125,-140133.8,-75613.21,-140429.12,-137228.58,-123658.06
5335.9204,-187500.03,-187500.03,-187500.03,-187500.03,-187500.03,-187500.03,-187500.03,-187500.03,-162948.05,-78118.81,-119201.44,-147634.02,-77833.09,-143284.17,-145217.55,-126828.88
5335.943,-187500.03,-187500.03,-187500.03,-187500.03,-187500.03,-187500.03,-187500.03,-187500.03,-171685.9,-86480.42,-125553.055,-170588.5,-84276.66,-148964.2,-162394.97,-135180.62
5335.9653,-187500.03,-187500.03,-187500.03,-187500.03,-187500.03,-187500.03,-187500.03,-187500.03,-169627.86,-82043.49,-121499.87,-163258.84,-81941.1,-145811.94,-153842.97,-131762.8
5335.9873,-187500.03,-187500.03,-187500.03,-187500.03,-187500.03,-187500.03,-187500.03,-187500.03,-161657.9,-74477.67,-115719.9,-141831.39,-76067.33,-140693.42,-138120.19,-124195.71
5336.01,-187500.03,-187500.03,-187500.03,-187500.03,-187500.03,-187500.03,-187500.03,-187500.03,-161805.94,-76712.96,-118026.27,-144329.56,-76879.44,-142314.44,-142383.1,-125548.39
5336.032,-187500.03,-187500.03,-187500.03,-187500.03,-187500.03,-187500.03,-187500.03,-187500.03,-170556.52,-85667.71,-125016.21,-167814.47,-83532.61,-148430.5,-160645.55,-134261.16
5336.0547,-187500.03,-187500.03,-187500.03,-187500.03,-187500.03,-187500.03,-187500.03,-187500.03,-170921.11,-83630.76,-122791.64,-166981.64,-83005.484,-146909.86,-157039.4,-133198.67
5336.077,-187500.03,-187500.03,-187500.03,-187500.03,-187500.03,-187500.03,-187500.03,-187500.03,-162648.78,-75182.266,-116199.7,-144261.75,-76719.51,-141160.1,-139613.81,-125002.58
5336.099,-187500.03,-187500.03,-187500.03,-187500.03,-187500.03,-187500.03,-187500.03,-187500.03,-160986.94,-75578.3,-117043.59,-141812.1,-76152.31,-141526.27,-140105.4,-124557.92
5336.1216,-187500.03,-187500.03,-187500.03,-187500.03,-187500.03,-187500.03,-187500.03,-187500.03,-169151.33,-84477.98,-124160.57,-164234.78,-82551.5,-147630.58,-158154.8,-133010.7
5336.144,-187500.03,-187500.03,-187500.03,-187500.03,-187500.03,-187500.03,-187500.03,-187500.03,-171927.31,-85009.7,-123946.664,-169957.06,-83886.99,-147870.12,-159784.81,-134403.53
5336.1665,-187500.03,-187500.03,-187500.03,-187500.03,-187500.03,-187500.03,-187500.03,-187500.03,-163844.53,-76161.54,-116909.88,-147334.33,-77553.32,-141815.44,-141675.36,-126051.484
5336.1885,-187500.03,-187500.03,-187500.03,-187500.03,-187500.03,-187500.03,-187500.03,-187500.03,-160489.48,-74733.82,-116279.38,-140112.22,-75656.305,-140935.0,-138427.6,-123868.88
5336.211,-187500.03,-187500.03,-187500.03,-187500.03,-187500.03,-187500.03,-187500.03,-187500.03,-167566.48,-83007.32,-123059.1,-160111.02,-81397.7,-146635.88,-155121.2,-131525.31
5336.2334,-187500.03,-187500.03,-187500.03,-187500.03,-187500.03,-187500.03,-187500.03,-187500.03,-172558.0,-86071.74,-124876.45,-171951.23,-84502.07,-148618.64,-161855.42,-135277.45
5336.256,-187500.03,-187500.03,-187500.03,-187500.03,-187500.03,-187500.03,-187500.03,-187500.03,-165214.4,-77396.07,-117839.766,-150970.31,-78542.74,-142647.42,-144257.5,-127315.805
5336.2783,-187500.03,-187500.03,-187500.03,-187500.03,-187500.03,-187500.03,-187500.03,-187500.03,-160329.22,-74203.06,-115765.01,-139275.58,-75413.695,-140559.92,-137389.62,-123500.44
5336.3003,-187500.03,-187500.03,-187500.03,-187500.03,-187500.03,-187500.03,-187500.03,-187500.03,-165916.73,-81361.586,-121792.45,-155727.45,-80162.21,-145515.2,-151758.98,-129908.77
5336.3228,-187500.03,-187500.03,-187500.03,-187500.03,-187500.03,-187500.03,-187500.03,-187500.03,-172738.77,-86709.8,-125493.14,-172753.25,-84791.52,-149080.0,-163044.95,-135723.94
5336.345,-187500.03,-187500.03,-187500.03,-187500.03,-187500.03,-187500.03,-187500.03,-187500.03,-166718.38,-78869.41,-118977.586,-155054.38,-79667.7,-143648.14,-147304.73,-128766.43
5336.3677,-187500.03,-187500.03,-187500.03,-187500.03,-187500.03,-187500.03,-187500.03,-187500.03,-160499.89,-74000.91,-115508.836,-139322.97,-75417.83,-140405.61,-137011.12,-123450.52
5336.3896,-187500.03,-187500.03,-187500.03,-187500.03,-187500.03,-187500.03,-187500.03,-187500.03,-164338.34,-79686.97,-120468.266,-151433.9,-78943.484,-144369.77,-148348.64,-128300.07
5336.412,-187500.03,-187500.03,-187500.03,-187500.03,-187500.03,-187500.03,-187500.03,-187500.03,-172444.98,-86861.3,-125736.836,-172273.0,-84724.875,-149211.47,-163233.95,-135702.94
5336.4346,-187500.03,-187500.03,-187500.03,-187500.03,-187500.03,-187500.03,-187500.03,-187500.03,-168249.72,-80483.984,-120251.81,-159298.34,-80852.73,-144752.34,-150620.69,-130314.516
5336.457,-187500.03,-187500.03,-187500.03,-187500.03,-187500.03,-187500.03,-187500.03,-187500.03,-160971.56,-74114.99,-115516.21,-140218.12,-75661.484,-140471.73,-137285.62,-123711.34
5336.4795,-187500.03,-187500.03,-187500.03,-187500.03,-187500.03,-187500.03,-187500.03,-187500.03,-162955.05,-78118.77,-119201.55,-147573.44,-77841.055,-143294.6,-145170.92,-126832.45
5336.5015,-187500.03,-187500.03,-187500.03,-187500.03,-187500.03,-187500.03,-187500.03,-187500.03,-171708.39,-86514.84,-125586.05,-170582.62,-84304.484,-149000.31,-162414.05,-135212.36
5336.524,-187500.03,-187500.03,-187500.03,-187500.03,-187500.03,-187500.03,-187500.03,-187500.03,-169708.05,-82131.11,-121573.16,-163408.17,-82011.62,-145885.58,-153975.86,-131849.5
5336.5464,-187500.03,-187500.03,-187500.03,-187500.03,-187500.03,-187500.03,-187500.03,-187500.03,-161715.83,-74528.79,-115764.875,-141908.69,-76117.77,-140742.64,-138183.94,-124255.08
5336.569,-187500.03,-187500.03,-187500.03,-187500.03,-187500.03,-187500.03,-187500.03,-187500.03,-161817.17,-76720.2,-118039.44,-144285.33,-76897.43,-142334.33,-142357.84,-125563.25
5336.591,-187500.03,-187500.03,-187500.03,-187500.03,-187500.03,-187500.03,-187500.03,-187500.03,-170563.23,-85685.77,-125045.41,-167771.4,-83555.56,-148458.8,-160638.53,-134278.86
5336.6133,-187500.03,-187500.03,-187500.03,-187500.03,-187500.03,-187500.03,-187500.03,-187500.03,-171002.48,-83724.7,-122880.266,-167137.02,-83085.89,-146990.05,-157187.22,-133289.3
5336.6357,-187500.03,-187500.03,-187500.03,-187500.03,-187500.03,-187500.03,-187500.03,-187500.03,-162721.33,-75251.18,-116263.72,-144377.98,-76788.125,-141222.72,-139709.98,-125075.875
5336.658,-187500.03,-187500.03,-187500.03,-187500.03,-187500.03,-187500.03,-187500.03,-187500.03,-161004.73,-75590.19,-117060.13,-141779.6,-76177.37,-141550.0,-140085.66,-124575.266
5336.6807,-187500.03,-187500.03,-187500.03,-187500.03,-187500.03,-187500.03,-187500.03,-187500.03,-169146.53,-84482.805,-124177.336,-164159.9,-82565.47,-147651.81,-158115.62,-133013.05
5336.7026,-187500.03,-187500.03,-187500.03,-187500.03,-187500.03,-187500.03,-187500.03,-187500.03,-172001.78,-85099.625,-124030.22,-170095.48,-83961.13,-147949.48,-159914.23,-134484.97
5336.725,-187500.03,-187500.03,-187500.03,-187500.03,-187500.03,-187500.03,-187500.03,-187500.03,-163930.16,-76242.01,-116981.56,-147484.16,-77628.4,-141888.12,-141787.33,-126130.72
5336.7476,-187500.03,-187500.03,-187500.03,-187500.03,-187500.03,-187500.03,-187500.03,-187500.03,-160529.27,-74762.1,-116309.38,-140122.89,-75697.19,-140973.69,-138430.44,-123898.99
5336.77,-187500.03,-187500.03,-187500.03,-187500.03,-187500.03,-187500.03,-187500.03,-187500.03,-167567.28,-83008.93,-123072.16,-160031.94,-81416.305,-146657.11,-155066.28,-131523.16
5336.792,-187500.03,-187500.03,-187500.03,-187500.03,-187500.03,-187500.03,-187500.03,-187500.03,-172619.48,-86147.25,-124946.26,-172047.47,-84568.43,-148688.16,-161949.0,-135340.33
5336.8145,-187500.03,-187500.03,-187500.03,-187500.03,-187500.03,-187500.03,-187500.03,-187500.03,-165304.3,-77483.76,-117912.164,-151136.34,-78622.805,-142724.08,-144380.97,-127397.43
5336.837,-187500.03,-187500.03,-187500.03,-187500.03,-187500.03,-187500.03,-187500.03,-187500.03,-160381.28,-74244.03,-115797.84,-139325.42,-75459.336,-140603.67,-137417.86,-123540.36
5336.8594,-187500.03,-187500.03,-187500.03,-187500.03,-187500.03,-187500.03,-187500.03,-187500.03,-165937.39,-81376.625,-121807.49,-155701.56,-80184.74,-145541.62,-151738.06,-129922.51
5336.882,-187500.03,-187500.03,-187500.03,-187500.03,-187500.03,-187500.03,-187500.03,-187500.03,-172783.64,-86758.5,-125536.38,-172801.36,-84836.54,-149130.31,-163091.17,-135769.8
5336.904,-187500.03,-187500.03,-187500.03,-187500.03,-187500.03,-187500.03,-187500.03,-187500.03,-166782.44,-78929.555,-119025.22,-155156.4,-79723.38,-143703.27,-147382.38,-128827.8
5336.9263,-187500.03,-187500.03,-187500.03,-187500.03,-187500.03,-187500.03,-187500.03,-187500.03,-160544.73,-74034.91,-115534.29,-139366.34,-75456.57,-140441.94,-137039.66,-123491.43
5336.9487,-187500.03,-187500.03,-187500.03,-187500.03,-187500.03,-187500.03,-187500.03,-187500.03,-164356.72,-79697.32,-120475.06,-151417.12,-78961.43,-144388.84,-148332.78,-128317.55
5336.971,-187500.03,-187500.03,-187500.03,-187500.03,-187500.03,-187500.03,-187500.03,-187500.03,-172470.06,-86887.12,-125758.29,-172286.77,-84748.836,-149242.3,-163248.97,-135732.2
5336.993,-187500.03,-187500.03,-187500.03,-187500.03,-187500.03,-187500.03,-187500.03,-187500.03,-168310.1,-80538.62,-120293.9,-159403.4,-80898.5,-144802.86,-150700.75,-130375.38
5337.0156,-187500.03,-187500.03,-187500.03,-187500.03,-187500.03,-187500.03,-187500.03,-187500.03,-161012.06,-74139.38,-115533.04,-140265.67,-75688.87,-140502.25,-137310.52,-123749.97
5337.038,-187500.03,-187500.03,-187500.03,-187500.03,-187500.03,-187500.03,-187500.03,-187500.03,-162951.97,-78101.445,-119186.53,-147511.84,-77836.94,-143296.73,-145112.92,-126830.55
5337.0605,-187500.03,-187500.03,-187500.03,-187500.03,-187500.03,-187500.03,-187500.03,-187500.03,-171702.31,-86509.55,-125586.09,-170529.27,-84303.766,-149011.94,-162379.44,-135217.6
5337.083,-187500.03,-187500.03,-187500.03,-187500.03,-187500.03,-187500.03,-187500.03,-187500.03,-169772.08,-82195.84,-121628.73,-163540.1,-82065.375,-145944.17,-154085.25,-131924.16
5337.105,-187500.03,-187500.03,-187500.03,-187500.03,-187500.03,-187500.03,-187500.03,-187500.03,-161766.31,-74564.4,-115792.875,-141989.66,-76156.6,-140778.72,-138233.31,-124307.16
5337.1274,-187500.03,-187500.03,-187500.03,-187500.03,-187500.03,-187500.03,-187500.03,-187500.03,-161813.55,-76702.586,-118023.97,-144219.47,-76893.54,-142330.92,-142295.25,-125561.54
5337.15,-187500.03,-187500.03,-187500.03,-187500.03,-187500.03,-187500.03,-187500.03,-187500.03,-170552.78,-85678.42,-125042.945,-167698.86,-83551.02,-148462.77,-160587.47,-134280.03
5337.1724,-187500.03,-187500.03,-187500.03,-187500.03,-187500.03,-187500.03,-187500.03,-187500.03,-171067.39,-83795.11,-122940.44,-167262.14,-83138.52,-147048.47,-157292.05,-133366.33
5337.1943,-187500.03,-187500.03,-187500.03,-187500.03,-187500.03,-187500.03,-187500.03,-187500.03,-162781.88,-75298.83,-116303.59,-144480.45,-76829.91,-141264.25,-139774.67,-125139.04
5337.217,-187500.03,-187500.03,-187500.03,-187500.03,-187500.03,-187500.03,-187500.03,-187500.03,-160999.86,-75571.99,-117050.37,-141708.75,-76170.59,-141546.88,-140018.12,-124575.42
5337.2393,-187500.03,-187500.03,-187500.03,-187500.03,-187500.03,-187500.03,-187500.03,-187500.03,-169106.27,-84448.67,-124163.88,-164014.2,-82541.484,-147639.69,-158010.31,-132989.66
5337.2617,-187500.03,-187500.03,-187500.03,-187500.03,-187500.03,-187500.03,-187500.03,-187500.03,-172045.38,-85164.086,-124096.76,-170183.42,-84006.445,-148004.33,-160004.14,-134551.23
5337.284,-187500.03,-187500.03,-187500.03,-187500.03,-187500.03,-187500.03,-187500.03,-187500.03,-163997.19,-76310.23,-117044.95,-147626.06,-77686.78,-141941.88,-141891.8,-126207.14
5337.306,-187500.03,-187500.03,-187500.03,-187500.03,-187500.03,-187500.03,-187500.03,-187500.03,-160544.33,-74772.336,-116323.44,-140112.17,-75716.09,-140987.77,-138413.94,-123920.586
5337.3286,-187500.03,-187500.03,-187500.03,-187500.03,-187500.03,-187500.03,-187500.03,-187500.03,-167546.16,-82994.47,-123069.31,-159936.38,-81410.625,-146655.45,-154997.84,-131514.17
5337.351,-187500.03,-187500.03,-187500.03,-187500.03,-187500.03,-187500.03,-187500.03,-187500.03,-172654.86,-86201.766,-125001.73,-172106.56,-84610.7,-148738.33,-162014.95,-135393.08
5337.3735,-187500.03,-187500.03,-187500.03,-187500.03,-187500.03,-187500.03,-187500.03,-187500.03,-165378.88,-77565.164,-117985.57,-151284.14,-78691.04,-142792.39,-144499.17,-127478.164
5337.3955,-187500.03,-187500.03,-187500.03,-187500.03,-187500.03,-187500.03,-187500.03,-187500.03,-160413.2,-74274.805,-115826.83,-139344.27,-75494.43,-140636.11,-137426.44,-123571.0
5337.418,-187500.03,-187500.03,-187500.03,-187500.03,-187500.03,-187500.03,-187500.03,-187500.03,-165914.3,-81363.88,-121803.54,-155584.52,-80185.234,-145545.67,-151648.64,-129901.93
5337.4404,-187500.03,-187500.03,-187500.03,-187500.03,-187500.03,-187500.03,-187500.03,-187500.03,-172817.6,-86821.02,-125593.555,-172845.17,-84885.875,-149186.97,-163147.45,-135812.1
5337.463,-187500.03,-187500.03,-187500.03,-187500.03,-187500.03,-187500.03,-187500.03,-187500.03,-166886.73,-79045.34,-119120.55,-155370.98,-79819.36,-143797.28,-147552.64,-128927.09
5337.4854,-187500.03,-187500.03,-187500.03,-187500.03,-187500.03,-187500.03,-187500.03,-187500.03,-160602.17,-74086.92,-115573.74,-139436.89,-75510.68,-140493.03,-137080.9,-123534.14
5337.5073,-187500.03,-187500.03,-187500.03,-187500.03,-187500.03,-187500.03,-187500.03,-187500.03,-164341.08,-79684.734,-120465.96,-151299.52,-78962.73,-144397.92,-148236.3,-128291.8
5337.53,-187500.03,-187500.03,-187500.03,-187500.03,-187500.03,-187500.03,-187500.03,-187500.03,-172491.7,-86934.32,-125799.555,-172284.7,-84783.91,-149291.92,-163266.28,-135753.4
5337.5522,-187500.03,-187500.03,-187500.03,-187500.03,-187500.03,-187500.03,-187500.03,-187500.03,-168418.12,-80661.53,-120388.72,-159626.64,-80994.14,-144901.83,-150879.11,-130473.78
5337.5747,-187500.03,-187500.03,-187500.03,-187500.03,-187500.03,-187500.03,-187500.03,-187500.03,-161086.77,-74208.2,-115577.83,-140379.22,-75753.375,-140560.94,-137383.52,-123804.53
5337.5967,-187500.03,-187500.03,-187500.03,-187500.03,-187500.03,-187500.03,-187500.03,-187500.03,-162944.72,-78092.555,-119169.85,-147410.8,-77840.36,-143301.62,-145028.72,-126808.24
5337.619,-187500.03,-187500.03,-187500.03,-187500.03,-187500.03,-187500.03,-187500.03,-187500.03,-171703.58,-86533.22,-125601.63,-170473.77,-84321.42,-149040.39,-162358.31,-135219.4
5337.6416,-187500.03,-187500.03,-187500.03,-187500.03,-187500.03,-187500.03,-187500.03,-187500.03,-169853.9,-82296.76,-121703.85,-163704.9,-82139.336,-146025.66,-154228.84,-132005.69
5337.664,-187500.03,-187500.03,-187500.03,-187500.03,-187500.03,-187500.03,-187500.03,-187500.03,-161835.27,-74629.4,-115837.0,-142104.17,-76209.64,-140834.92,-138313.44,-124364.87
5337.686,-187500.03,-187500.03,-187500.03,-187500.03,-187500.03,-187500.03,-187500.03,-187500.03,-161830.28,-76712.87,-118027.414,-144190.06,-76906.15,-142351.98,-142266.33,-125571.3
5337.7085,-187500.03,-187500.03,-187500.03,-187500.03,-187500.03,-187500.03,-187500.03,-187500.03,-170559.33,-85691.74,-125055.016,-167657.69,-83563.03,-148488.12,-160567.5,-134293.2
5337.731,-187500.03,-187500.03,-187500.03,-187500.03,-187500.03,-187500.03,-187500.03,-187500.03,-171105.05,-83840.21,-122976.18,-167320.44,-83173.55,-147092.42,-157349.28,-133413.72
5337.7534,-187500.03,-187500.03,-187500.03,-187500.03,-187500.03,-187500.03,-187500.03,-187500.03,-162822.2,-75336.27,-116332.94,-144547.16,-76865.13,-141301.39,-139826.97,-125186.61
5337.776,-187500.03,-187500.03,-187500.03,-187500.03,-187500.03,-187500.03,-187500.03,-187500.03,-161021.44,-75586.54,-117061.92,-141720.31,-76190.17,-141568.56,-140023.02,-124603.92
5337.798,-187500.03,-187500.03,-187500.03,-187500.03,-187500.03,-187500.03,-187500.03,-187500.03,-169118.58,-84459.36,-124174.92,-164004.5,-82553.67,-147657.92,-158004.73,-133013.27
5337.8203,-187500.03,-187500.03,-187500.03,-187500.03,-187500.03,-187500.03,-187500.03,-187500.03,-172082.22,-85199.76,-124128.19,-170242.16,-84035.39,-148038.56,-160053.4,-134599.75
5337.843,-187500.03,-187500.03,-187500.03,-187500.03,-187500.03,-187500.03,-187500.03,-187500.03,-164040.84,-76342.92,-117073.48,-147696.86,-77715.79,-141973.75,-141940.22,-126257.88
5337.865,-187500.03,-187500.03,-187500.03,-187500.03,-187500.03,-187500.03,-187500.03,-187500.03,-160546.58,-74758.79,-116315.64,-140072.03,-75710.8,-140987.94,-138372.3,-123928.41
5337.887,-187500.03,-187500.03,-187500.03,-187500.03,-187500.03,-187500.03,-187500.03,-187500.03,-167499.02,-82947.17,-123042.02,-159787.84,-81375.305,-146632.2,-154884.7,-131482.3
5337.9097,-187500.03,-187500.03,-187500.03,-187500.03,-187500.03,-187500.03,-187500.03,-187500.03,-172681.69,-86242.29,-125048.79,-172165.14,-84638.484,-148775.08,-162077.88,-135442.31
5337.932,-187500.03,-187500.03,-187500.03,-187500.03,-187500.03,-187500.03,-187500.03,-187500.03,-165443.2,-77620.51,-118039.39,-151435.23,-78740.305,-142836.33,-144603.97,-127549.16
5337.9546,-187500.03,-187500.03,-187500.03,-187500.03,-187500.03,-187500.03,-187500.03,-187500.03,-160424.56,-74265.87,-115827.39,-139337.06,-75499.7,-140635.53,-137400.89,-123582.266
5337.977,-187500.03,-187500.03,-187500.03,-187500.03,-187500.03,-187500.03,-187500.03,-187500.03,-165866.95,-81310.24,-121772.695,-155434.28,-80150.57,-145514.92,-151531.92,-129862.63
5337.999,-187500.03,-187500.03,-187500.03,-187500.03,-187500.03,-187500.03,-187500.03,-187500.03,-172825.58,-86839.86,-125623.67,-172860.44,-84899.24,-149206.33,-163180.22,-135836.28
5338.0215,-187500.03,-187500.03,-187500.03,-187500.03,-187500.03,-187500.03,-187500.03,-187500.03,-166940.06,-79094.984,-119168.375,-155508.52,-79863.26,-143836.86,-147655.19,-128985.555
5338.044,-187500.03,-187500.03,-187500.03,-187500.03,-187500.03,-187500.03,-187500.03,-187500.03,-160621.2,-74091.37,-115583.82,-139469.45,-75526.87,-140501.0,-137091.64,-123550.64
5338.0664,-187500.03,-187500.03,-187500.03,-187500.03,-187500.03,-187500.03,-187500.03,-187500.03,-164317.12,-79654.41,-120450.63,-151219.6,-78951.42,-144381.66,-148172.05,-128267.484
5338.0884,-187500.03,-187500.03,-187500.03,-187500.03,-187500.03,-187500.03,-187500.03,-187500.03,-172496.75,-86947.64,-125821.14,-172286.72,-84801.54,-149305.69,-163284.34,-135763.14
5338.111,-187500.03,-187500.03,-187500.03,-187500.03,-187500.03,-187500.03,-187500.03,-187500.03,-168456.36,-80703.125,-120427.63,-159718.22,-81037.016,-144933.97,-150955.12,-130509.32
5338.1333,-187500.03,-187500.03,-187500.03,-187500.03,-187500.03,-187500.03,-187500.03,-187500.03,-161111.8,-74229.766,-115598.734,-140423.44,-75783.91,-140579.98,-137416.45,-123820.47
5338.156,-187500.03,-187500.03,-187500.03,-187500.03,-187500.03,-187500.03,-187500.03,-187500.03,-162948.56,-78096.305,-119178.08,-147395.34,-77857.26,-143311.27,-145021.39,-126804.17
5338.178,-187500.03,-187500.03,-187500.03,-187500.03,-187500.03,-187500.03,-187500.03,-187500.03,-171721.69,-86560.58,-125630.914,-170501.1,-84353.63,-149067.39,-162392.45,-135233.89
5338.2,-187500.03,-187500.03,-187500.03,-187500.03,-187500.03,-187500.03,-187500.03,-187500.03,-169899.34,-82347.23,-121746.54,-163798.25,-82189.2,-146067.11,-154304.36,-132038.81
5338.2227,-187500.03,-187500.03,-187500.03,-187500.03,-187500.03,-187500.03,-187500.03,-187500.03,-161874.52,-74666.55,-115866.35,-142163.2,-76252.625,-140866.0,-138358.05,-124383.195
5338.245,-187500.03,-187500.03,-187500.03,-187500.03,-187500.03,-187500.03,-187500.03,-187500.03,-161839.8,-76720.85,-118031.73,-144167.11,-76928.586,-142362.92,-142250.45,-125558.18
5338.2676,-187500.03,-187500.03,-187500.03,-187500.03,-187500.03,-187500.03,-187500.03,-187500.03,-170560.11,-85703.55,-125066.99,-167623.16,-83582.52,-148501.8,-160558.19,-134279.12
5338.2896,-187500.03,-187500.03,-187500.03,-187500.03,-187500.03,-187500.03,-187500.03,-187500.03,-171181.73,-83929.89,-123051.21,-167480.66,-83251.31,-147162.69,-157495.88,-133475.58
5338.312,-187500.03,-187500.03,-187500.03,-187500.03,-187500.03,-187500.03,-187500.03,-187500.03,-162898.77,-75407.055,-116390.2,-144683.84,-76934.82,-141359.23,-139934.02,-125236.36
5338.3345,-187500.03,-187500.03,-187500.03,-187500.03,-187500.03,-187500.03,-187500.03,-187500.03,-161038.72,-75594.08,-117068.58,-141689.83,-76210.625,-141583.31,-140000.89,-124593.62
5338.357,-187500.03,-187500.03,-187500.03,-187500.03,-187500.03,-187500.03,-187500.03,-187500.03,-169097.8,-84447.016,-124172.35,-163893.08,-82550.67,-147660.34,-157940.31,-132979.23
5338.3794,-187500.03,-187500.03,-187500.03,-187500.03,-187500.03,-187500.03,-187500.03,-187500.03,-172153.1,-85287.266,-124205.9,-170380.73,-84104.7,-148109.78,-160193.94,-134664.06
5338.4014,-187500.03,-187500.03,-187500.03,-187500.03,-187500.03,-187500.03,-187500.03,-187500.03,-164130.53,-76424.375,-117144.42,-147867.84,-77793.42,-142040.22,-142076.2,-126330.36
5338.424,-187500.03,-187500.03,-187500.03,-187500.03,-187500.03,-187500.03,-187500.03,-187500.03,-160582.3,-74778.82,-116338.234,-140085.1,-75746.086,-141012.72,-138382.64,-123948.73
5338.4463,-187500.03,-187500.03,-187500.03,-187500.03,-187500.03,-187500.03,-187500.03,-187500.03,-167482.0,-82927.32,-123039.5,-159678.42,-81374.73,-146631.34,-154813.94,-131464.27
5338.4688,-187500.03,-187500.03,-187500.03,-187500.03,-187500.03,-187500.03,-187500.03,-187500.03,-172729.16,-86301.56,-125111.695,-172240.52,-84688.75,-148828.88,-162164.95,-135499.94
5338.4907,-187500.03,-187500.03,-187500.03,-187500.03,-187500.03,-187500.03,-187500.03,-187500.03,-165524.73,-77695.27,-118110.56,-151592.47,-78808.055,-142899.95,-144728.6,-127633.23
5338.513,-187500.03,-187500.03,-187500.03,-187500.03,-187500.03,-187500.03,-187500.03,-187500.03,-160472.53,-74295.375,-115862.86,-139389.6,-75537.32,-140668.97,-137436.88,-123631.71
5338.5356,-187500.03,-187500.03,-187500.03,-187500.03,-187500.03,-187500.03,-187500.03,-187500.03,-165869.1,-81299.54,-121780.38,-155376.88,-80157.09,-145521.28,-151488.2,-129875.305
5338.558,-187500.03,-187500.03,-187500.03,-187500.03,-187500.03,-187500.03,-187500.03,-187500.03,-172859.16,-86875.805,-125672.94,-172895.5,-84936.234,-149245.22,-163225.5,-135891.39
5338.5806,-187500.03,-187500.03,-187500.03,-187500.03,-187500.03,-187500.03,-187500.03,-187500.03,-167016.64,-79164.32,-119241.24,-155650.6,-79928.77,-143897.3,-147768.89,-129077.34
5338.6025,-187500.03,-187500.03,-187500.03,-187500.03,-187500.03,-187500.03,-187500.03,-187500.03,-160676.92,-74128.766,-115629.46,-139532.48,-75572.055,-140539.89,-137134.34,-123614.695
5338.625,-187500.03,-187500.03,-187500.03,-187500.03,-187500.03,-187500.03,-187500.03,-187500.03,-164330.66,-79652.62,-120463.75,-151177.75,-78965.55,-144392.55,-148134.47,-128290.875
5338.6475,-187500.03,-187500.03,-187500.03,-187500.03,-187500.03,-187500.03,-187500.03,-187500.03,-172527.11,-86978.445,-125862.27,-172303.31,-84834.82,-149339.39,-163307.27,-135812.58
5338.67,-187500.03,-187500.03,-187500.03,-187500.03,-187500.03,-187500.03,-187500.03,-187500.03,-168553.55,-80791.81,-120511.27,-159904.08,-81117.484,-145007.1,-151098.7,-130617.766
5338.692,-187500.03,-187500.03,-187500.03,-187500.03,-187500.03,-187500.03,-187500.03,-187500.03,-161186.67,-74279.46,-115648.195,-140525.84,-75841.62,-140626.11,-137477.39,-123894.63
5338.7144,-187500.03,-187500.03,-187500.03,-187500.03,-187500.03,-187500.03,-187500.03,-187500.03,-162960.81,-78085.086,-119177.86,-147334.55,-77867.29,-143314.39,-144955.78,-126812.2
5338.737,-187500.03,-187500.03,-187500.03,-187500.03,-187500.03,-187500.03,-187500.03,-187500.03,-171730.3,-86567.33,-125649.17,-170448.83,-84366.98,-149083.06,-162355.98,-135245.06
5338.7593,-187500.03,-187500.03,-187500.03,-187500.03,-187500.03,-187500.03,-187500.03,-187500.03,-170008.36,-82453.78,-121839.01,-164011.12,-82277.96,-146149.84,-154473.56,-132144.1
5338.7817,-187500.03,-187500.03,-187500.03,-187500.03,-187500.03,-187500.03,-187500.03,-187500.03,-161967.77,-74735.14,-115922.32,-142314.61,-76323.79,-140922.44,-138452.11,-124459.8
5338.8037,-187500.03,-187500.03,-187500.03,-187500.03,-187500.03,-187500.03,-187500.03,-187500.03,-161855.75,-76713.2,-118026.07,-144112.14,-76941.195,-142369.16,-142188.33,-125557.78
5338.826,-187500.03,-187500.03,-187500.03,-187500.03,-187500.03,-187500.03,-187500.03,-187500.03,-170552.73,-85697.64,-125068.1,-167530.69,-83587.055,-148512.2,-160491.75,-134267.06
5338.8486,-187500.03,-187500.03,-187500.03,-187500.03,-187500.03,-187500.03,-187500.03,-187500.03,-171280.06,-84037.516,-123139.08,-167674.84,-83338.22,-147250.69,-157657.19,-133568.3
5338.871,-187500.03,-187500.03,-187500.03,-187500.03,-187500.03,-187500.03,-187500.03,-187500.03,-162998.67,-75490.14,-116451.336,-144858.9,-77014.7,-141428.34,-140050.03,-125312.195
5338.893,-187500.03,-187500.03,-187500.03,-187500.03,-187500.03,-187500.03,-187500.03,-187500.03,-161075.53,-75611.664,-117075.58,-141682.33,-76243.77,-141607.7,-139979.86,-124604.3
5338.9155,-187500.03,-187500.03,-187500.03,-187500.03,-187500.03,-187500.03,-187500.03,-187500.03,-169102.0,-84452.02,-124173.54,-163816.86,-82569.83,-147678.05,-157887.25,-132968.9
5338.938,-187500.03,-187500.03,-187500.03,-187500.03,-187500.03,-187500.03,-187500.03,-187500.03,-172229.1,-85376.516,-124274.19,-170505.78,-84182.555,-148186.28,-160311.56,-134730.67
5338.9604,-187500.03,-187500.03,-187500.03,-187500.03,-187500.03,-187500.03,-187500.03,-187500.03,-164226.56,-76515.33,-117209.94,-148034.88,-77879.07,-142118.55,-142205.22,-126406.38
5338.983,-187500.03,-187500.03,-187500.03,-187500.03,-187500.03,-187500.03,-187500.03,-187500.03,-160640.3,-74824.98,-116369.42,-140134.69,-75799.625,-141062.42,-138420.11,-123985.72
5339.005,-187500.03,-187500.03,-187500.03,-187500.03,-187500.03,-187500.03,-187500.03,-187500.03,-167510.84,-82954.03,-123058.23,-159656.84,-81409.06,-146667.6,-154807.36,-131478.75
5339.0273,-187500.03,-187500.03,-187500.03,-187500.03,-187500.03,-187500.03,-187500.03,-187500.03,-172798.23,-86379.98,-125172.8,-172329.03,-84756.52,-148899.3,-162259.52,-135561.4
5339.05,-187500.03,-187500.03,-187500.03,-187500.03,-187500.03,-187500.03,-187500.03,-187500.03,-165622.23,-77791.695,-118184.41,-151746.9,-78895.45,-142981.98,-144864.03,-127718.586
5339.0723,-187500.03,-187500.03,-187500.03,-187500.03,-187500.03,-187500.03,-187500.03,-187500.03,-160527.25,-74342.51,-115898.58,-139420.22,-75592.96,-140718.11,-137471.77,-123674.04
5339.094,-187500.03,-187500.03,-187500.03,-187500.03,-187500.03,-187500.03,-187500.03,-187500.03,-165874.52,-81307.586,-121791.96,-155291.62,-80181.21,-145546.62,-151442.89,-129877.79
5339.1167,-187500.03,-187500.03,-187500.03,-187500.03,-187500.03,-187500.03,-187500.03,-187500.03,-172904.25,-86939.46,-125735.52,-172932.14,-84994.836,-149310.53,-163292.44,-135945.72
5339.139,-187500.03,-187500.03,-187500.03,-187500.03,-187500.03,-187500.03,-187500.03,-187500.03,-167121.19,-79275.07,-119341.05,-155841.11,-80026.336,-143993.5,-147940.19,-129184.26
5339.1616,-187500.03,-187500.03,-187500.03,-187500.03,-187500.03,-187500.03,-187500.03,-187500.03,-160737.33,-74179.79,-115682.664,-139591.52,-75632.66,-140595.06,-137187.05,-123671.41
5339.184,-187500.03,-187500.03,-187500.03,-187500.03,-187500.03,-187500.03,-187500.03,-187500.03,-164318.9,-79639.36,-120472.24,-151053.81,-78974.59,-144404.98,-148055.55,-128283.62
5339.206,-187500.03,-187500.03,-187500.03,-187500.03,-187500.03,-187500.03,-187500.03,-187500.03,-172545.5,-87017.02,-125919.03,-172282.88,-84873.53,-149388.2,-163333.81,-135850.9
5339.2285,-187500.03,-187500.03,-187500.03,-187500.03,-187500.03,-187500.03,-187500.03,-187500.03,-168653.8,-80903.484,-120623.73,-160098.98,-81215.49,-145105.67,-151279.44,-130734.15
5339.251,-187500.03,-187500.03,-187500.03,-187500.03,-187500.03,-187500.03,-187500.03,-187500.03,-161260.16,-74344.34,-115722.38,-140624.92,-75914.914,-140692.05,-137562.86,-123975.27
5339.2734,-187500.03,-187500.03,-187500.03,-187500.03,-187500.03,-187500.03,-187500.03,-187500.03,-162980.9,-78100.734,-119216.55,-147286.97,-77903.7,-143347.66,-144935.47,-126844.93
5339.2954,-187500.03,-187500.03,-187500.03,-187500.03,-187500.03,-187500.03,-187500.03,-187500.03,-171760.66,-86609.37,-125711.62,-170444.55,-84416.04,-149133.58,-162387.14,-135298.31
5339.318,-187500.03,-187500.03,-187500.03,-187500.03,-187500.03,-187500.03,-187500.03,-187500.03,-170106.08,-82558.85,-121947.37,-164186.38,-82376.94,-146243.14,-154637.8,-132262.47
5339.3403,-187500.03,-187500.03,-187500.03,-187500.03,-187500.03,-187500.03,-187500.03,-187500.03,-162050.06,-74805.53,-115999.85,-142433.56,-76403.875,-140990.5,-138552.92,-124552.47
5339.363,-187500.03,-187500.03,-187500.03,-187500.03,-187500.03,-187500.03,-187500.03,-187500.03,-161903.75,-76749.125,-118078.17,-144130.6,-76996.445,-142414.08,-142215.6,-125616.086
5339.3853,-187500.03,-187500.03,-187500.03,-187500.03,-187500.03,-187500.03,-187500.03,-187500.03,-170605.22,-85747.35,-125134.945,-167561.52,-83650.875,-148567.56,-160541.56,-134333.72
5339.407,-187500.03,-187500.03,-187500.03,-187500.03,-187500.03,-187500.03,-187500.03,-187500.03,-171378.72,-84132.93,-123240.84,-167822.64,-83437.97,-147337.72,-157799.28,-133677.9
5339.4297,-187500.03,-187500.03,-187500.03,-187500.03,-187500.03,-187500.03,-187500.03,-187500.03,-163094.72,-75570.83,-116538.914,-144988.69,-77108.36,-141504.81,-140163.81,-125410.8
5339.452,-187500.03,-187500.03,-187500.03,-187500.03,-187500.03,-187500.03,-187500.03,-187500.03,-161132.75,-75651.875,-117130.07,-141705.95,-76306.65,-141655.67,-140010.7,-124661.9
5339.4746,-187500.03,-187500.03,-187500.03,-187500.03,-187500.03,-187500.03,-187500.03,-187500.03,-169145.38,-84489.35,-124228.86,-163814.39,-82625.89,-147725.12,-157912.36,-133018.72
5339.4966,-187500.03,-187500.03,-187500.03,-187500.03,-187500.03,-187500.03,-187500.03,-187500.03,-172332.95,-85479.914,-124380.83,-170666.69,-84286.29,-148280.33,-160469.98,-134842.73
5339.519,-187500.03,-187500.03,-187500.03,-187500.03,-187500.03,-187500.03,-187500.03,-187500.03,-164340.19,-76611.95,-117307.91,-148207.69,-77984.77,-142207.06,-142351.1,-126517.34
5339.5415,-187500.03,-187500.03,-187500.03,-187500.03,-187500.03,-187500.03,-187500.03,-187500.03,-160695.8,-74860.02,-116416.76,-140147.03,-75858.3,-141105.92,-138436.27,-124033.234
5339.564,-187500.03,-187500.03,-187500.03,-187500.03,-187500.03,-187500.03,-187500.03,-187500.03,-167529.52,-82969.234,-123096.09,-159588.75,-81445.805,-146698.45,-154779.1,-131495.98
5339.586,-187500.03,-187500.03,-187500.03,-187500.03,-187500.03,-187500.03,-187500.03,-187500.03,-172876.94,-86467.64,-125269.58,-172433.89,-84843.49,-148980.73,-162377.16,-135641.55
5339.6084,-187500.03,-187500.03,-187500.03,-187500.03,-187500.03,-187500.03,-187500.03,-187500.03,-165733.03,-77895.39,-118290.734,-151926.84,-79003.37,-143074.47,-145019.17,-127819.88
5339.631,-187500.03,-187500.03,-187500.03,-187500.03,-187500.03,-187500.03,-187500.03,-187500.03,-160595.66,-74394.55,-115962.69,-139473.98,-75665.22,-140775.28,-137521.95,-123728.11
5339.6533,-187500.03,-187500.03,-187500.03,-187500.03,-187500.03,-187500.03,-187500.03,-187500.03,-165899.86,-81328.44,-121835.055,-155239.73,-80223.055,-145582.2,-151424.23,-129894.69
5339.676,-187500.03,-187500.03,-187500.03,-187500.03,-187500.03,-187500.03,-187500.03,-187500.03,-172984.31,-87029.56,-125835.57,-173032.06,-85083.24,-149394.78,-163408.16,-136024.12
5339.6978,-187500.03,-187500.03,-187500.03,-187500.03,-187500.03,-187500.03,-187500.03,-187500.03,-167246.28,-79393.984,-119460.49,-156043.95,-80146.01,-144098.89,-148116.89,-129297.984
5339.72,-187500.03,-187500.03,-187500.03,-187500.03,-187500.03,-187500.03,-187500.03,-187500.03,-160822.34,-74247.12,-115759.62,-139671.0,-75718.75,-140664.92,-137260.22,-123742.305
5339.7427,-187500.03,-187500.03,-187500.03,-187500.03,-187500.03,-187500.03,-187500.03,-187500.03,-164347.27,-79659.39,-120515.945,-150997.17,-79022.07,-144442.5,-148033.38,-128305.7
5339.765,-187500.03,-187500.03,-187500.03,-187500.03,-187500.03,-187500.03,-187500.03,-187500.03,-172607.56,-87089.086,-126009.125,-172327.95,-84954.0,-149464.17,-163412.77,-135916.58
5339.787,-187500.03,-187500.03,-187500.03,-187500.03,-187500.03,-187500.03,-187500.03,-187500.03,-168780.11,-81029.52,-120753.41,-160310.08,-81339.7,-145217.95,-151474.0,-130857.44
5339.8096,-187500.03,-187500.03,-187500.03,-187500.03,-187500.03,-187500.03,-187500.03,-187500.03,-161352.47,-74420.27,-115808.57,-140731.22,-76006.15,-140769.88,-137658.58,-124058.805
5339.832,-187500.03,-187500.03,-187500.03,-187500.03,-187500.03,-187500.03,-187500.03,-187500.03,-162991.7,-78100.016,-119244.305,-147184.64,-77934.08,-143375.77,-144875.72,-126854.0
5339.8545,-187500.03,-187500.03,-187500.03,-187500.03,-187500.03,-187500.03,-187500.03,-187500.03,-171782.92,-86646.81,-125777.87,-170393.4,-84465.44,-149191.33,-162397.14,-135336.98
5339.877,-187500.03,-187500.03,-187500.03,-187500.03,-187500.03,-187500.03,-187500.03,-187500.03,-170232.61,-82698.94,-122091.31,-164418.45,-82504.18,-146369.34,-154861.56,-132404.17
5339.899,-187500.03,-187500.03,-187500.03,-187500.03,-187500.03,-187500.03,-187500.03,-187500.03,-162155.14,-74900.3,-116102.45,-142592.98,-76508.89,-141083.69,-138690.05,-124662.34
5339.9214,-187500.03,-187500.03,-187500.03,-187500.03,-187500.03,-187500.03,-187500.03,-187500.03,-161913.3,-76747.984,-118104.414,-144038.38,-77028.9,-142441.12,-142159.1,-125633.11
5339.944,-187500.03,-187500.03,-187500.03,-187500.03,-187500.03,-187500.03,-187500.03,-187500.03,-170597.03,-85756.516,-125174.69,-167452.22,-83678.61,-148602.33,-160501.31,-134350.2
5339.9663,-187500.03,-187500.03,-187500.03,-187500.03,-187500.03,-187500.03,-187500.03,-187500.03,-171479.02,-84254.55,-123364.27,-168012.02,-83544.99,-147446.66,-157988.72,-133803.34
5339.9883,-187500.03,-187500.03,-187500.03,-187500.03,-187500.03,-187500.03,-187500.03,-187500.03,-163199.34,-75668.91,-116637.69,-145167.12,-77208.67,-141595.02,-140309.89,-125524.94
5340.0107,-187500.03,-187500.03,-187500.03,-187500.03,-187500.03,-187500.03,-187500.03,-187500.03,-161178.5,-75685.23,-117176.49,-141712.0,-76360.875,-141702.89,-140021.97,-124715.63
5340.033,-187500.03,-187500.03,-187500.03,-187500.03,-187500.03,-187500.03,-187500.03,-187500.03,-169162.86,-84510.586,-124269.695,-163759.14,-82663.17,-147765.12,-157893.11,-133053.17
5340.0557,-187500.03,-187500.03,-187500.03,-187500.03,-187500.03,-187500.03,-187500.03,-187500.03,-172416.27,-85574.24,-124478.28,-170787.5,-84376.37,-148370.36,-160592.88,-134944.22
5340.078,-187500.03,-187500.03,-187500.03,-187500.03,-187500.03,-187500.03,-187500.03,-187500.03,-164439.06,-76705.586,-117399.84,-148358.28,-78081.29,-142293.64,-142474.72,-126620.93
5340.1,-187500.03,-187500.03,-187500.03,-187500.03,-187500.03,-187500.03,-187500.03,-187500.03,-160762.03,-74914.47,-116475.945,-140196.97,-75929.28,-141166.4,-138478.12,-124099.04
5340.1226,-187500.03,-187500.03,-187500.03,-187500.03,-187500.03,-187500.03,-187500.03,-187500.03,-167561.22,-82999.23,-123136.53,-159557.62,-81493.82,-146743.69,-154769.34,-131533.62
5340.145,-187500.03,-187500.03,-187500.03,-187500.03,-187500.03,-187500.03,-187500.03,-187500.03,-172958.97,-86557.625,-125356.36,-172543.05,-84931.94,-149068.64,-162488.12,-135734.75
5340.1675,-187500.03,-187500.03,-187500.03,-187500.03,-187500.03,-187500.03,-187500.03,-187500.03,-165843.83,-77999.08,-118385.06,-152100.42,-79106.83,-143171.97,-145162.7,-127931.055
5340.1895,-187500.03,-187500.03,-187500.03,-187500.03,-187500.03,-187500.03,-187500.03,-187500.03,-160678.67,-74462.02,-116027.68,-139559.14,-75744.08,-140847.05,-137591.02,-123805.65
5340.212,-187500.03,-187500.03,-187500.03,-187500.03,-187500.03,-187500.03,-187500.03,-187500.03,-165944.19,-81361.96,-121875.375,-155221.97,-80273.99,-145631.12,-151420.58,-129934.36
5340.2344,-187500.03,-187500.03,-187500.03,-187500.03,-187500.03,-187500.03,-187500.03,-187500.03,-173058.34,-87105.516,-125912.15,-173101.62,-85159.414,-149472.75,-163486.97,-136098.02
5340.257,-187500.03,-187500.03,-187500.03,-187500.03,-187500.03,-187500.03,-187500.03,-187500.03,-167355.7,-79497.695,-119555.94,-156207.97,-80245.74,-144192.81,-148257.05,-129400.984
5340.2793,-187500.03,-187500.03,-187500.03,-187500.03,-187500.03,-187500.03,-187500.03,-187500.03,-160915.73,-74325.99,-115834.695,-139776.8,-75803.22,-140740.28,-137349.5,-123823.98
5340.3013,-187500.03,-187500.03,-187500.03,-187500.03,-187500.03,-187500.03,-187500.03,-187500.03,-164409.08,-79708.49,-120568.16,-151016.86,-79082.76,-144500.83,-148062.3,-128359.03
5340.3237,-187500.03,-187500.03,-187500.03,-187500.03,-187500.03,-187500.03,-187500.03,-187500.03,-172683.75,-87162.664,-126084.03,-172392.72,-85027.875,-149542.36,-163492.83,-135992.22
5340.346,-187500.03,-187500.03,-187500.03,-187500.03,-187500.03,-187500.03,-187500.03,-187500.03,-168895.95,-81137.62,-120852.805,-160477.36,-81441.336,-145319.17,-151625.44,-130967.664
5340.3687,-187500.03,-187500.03,-187500.03,-187500.03,-187500.03,-187500.03,-187500.03,-187500.03,-161450.66,-74502.04,-115888.48,-140840.56,-76093.86,-140851.9,-137755.67,-124146.086
5340.3906,-187500.03,-187500.03,-187500.03,-187500.03,-187500.03,-187500.03,-187500.03,-187500.03,-163061.36,-78156.44,-119304.73,-147222.16,-78001.734,-143437.33,-144921.31,-126913.56
5340.413,-187500.03,-187500.03,-187500.03,-187500.03,-187500.03,-187500.03,-187500.03,-187500.03,-171855.7,-86718.42,-125852.125,-170451.44,-84541.27,-149261.98,-162470.9,-135407.75
5340.4355,-187500.03,-187500.03,-187500.03,-187500.03,-187500.03,-187500.03,-187500.03,-187500.03,-170335.4,-82798.49,-122186.516,-164554.77,-82604.45,-146458.8,-154990.77,-132502.8
5340.458,-187500.03,-187500.03,-187500.03,-187500.03,-187500.03,-187500.03,-187500.03,-187500.03,-162255.34,-74987.72,-116191.34,-142703.67,-76605.29,-141165.67,-138792.38,-124752.31
5340.4805,-187500.03,-187500.03,-187500.03,-187500.03,-187500.03,-187500.03,-187500.03,-187500.03,-162016.94,-76839.266,-118197.84,-144148.2,-77127.875,-142526.31,-142265.31,-125727.66
5340.5024,-187500.03,-187500.03,-187500.03,-187500.03,-187500.03,-187500.03,-187500.03,-187500.03,-170693.17,-85842.55,-125264.125,-167544.64,-83771.484,-148684.08,-160595.28,-134440.72
5340.525,-187500.03,-187500.03,-187500.03,-187500.03,-187500.03,-187500.03,-187500.03,-187500.03,-171570.03,-84336.76,-123451.734,-168092.77,-83637.46,-147528.81,-158075.27,-133890.52
5340.5474,-187500.03,-187500.03,-187500.03,-187500.03,-187500.03,-187500.03,-187500.03,-187500.03,-163291.7,-75754.445,-116729.77,-145252.42,-77307.11,-141680.2,-140401.77,-125613.93
5340.57,-187500.03,-187500.03,-187500.03,-187500.03,-187500.03,-187500.03,-187500.03,-187500.03,-161261.61,-75761.516,-117261.53,-141778.3,-76452.23,-141779.33,-140098.89,-124793.75
5340.592,-187500.03,-187500.03,-187500.03,-187500.03,-187500.03,-187500.03,-187500.03,-187500.03,-169226.9,-84573.33,-124344.35,-163785.64,-82740.87,-147830.94,-157944.34,-133114.83
5340.6143,-187500.03,-187500.03,-187500.03,-187500.03,-187500.03,-187500.03,-187500.03,-187500.03,-172509.1,-85671.24,-124579.805,-170898.67,-84476.234,-148458.97,-160715.33,-135036.98
5340.6367,-187500.03,-187500.03,-187500.03,-187500.03,-187500.03,-187500.03,-187500.03,-187500.03,-164547.47,-76809.63,-117505.01,-148501.73,-78191.7,-142388.98,-142611.22,-126723.42
5340.659,-187500.03,-187500.03,-187500.03,-187500.03,-187500.03,-187500.03,-187500.03,-187500.03,-160844.39,-74988.3,-116555.97,-140264.25,-76017.555,-141241.45,-138552.97,-124172.6
5340.6816,-187500.03,-187500.03,-187500.03,-187500.03,-187500.03,-187500.03,-187500.03,-187500.03,-167606.64,-83042.8,-123193.63,-159538.9,-81555.28,-146797.19,-154785.66,-131575.02
5340.7036,-187500.03,-187500.03,-187500.03,-187500.03,-187500.03,-187500.03,-187500.03,-187500.03,-173054.28,-86660.35,-125462.875,-172660.28,-85034.4,-149164.12,-162624.95,-135831.45
5340.726,-187500.03,-187500.03,-187500.03,-187500.03,-187500.03,-187500.03,-187500.03,-187500.03,-165974.36,-78121.56,-118504.82,-152304.98,-79232.23,-143279.72,-145344.78,-128051.89
5340.7485,-187500.03,-187500.03,-187500.03,-187500.03,-187500.03,-187500.03,-187500.03,-187500.03,-160768.11,-74534.06,-116105.266,-139638.94,-75835.72,-140919.73,-137667.7,-123879.34
5340.771,-187500.03,-187500.03,-187500.03,-187500.03,-187500.03,-187500.03,-187500.03,-187500.03,-165973.61,-81385.3,-121917.28,-155159.8,-80324.484,-145672.16,-151400.69,-129958.21
5340.793,-187500.03,-187500.03,-187500.03,-187500.03,-187500.03,-187500.03,-187500.03,-187500.03,-173127.73,-87187.836,-126000.08,-173165.38,-85243.21,-149553.44,-163587.3,-136173.42
5340.8154,-187500.03,-187500.03,-187500.03,-187500.03,-187500.03,-187500.03,-187500.03,-187500.03,-167482.61,-79623.71,-119671.766,-156423.61,-80367.29,-144301.86,-148451.62,-129523.305
5340.838,-187500.03,-187500.03,-187500.03,-187500.03,-187500.03,-187500.03,-187500.03,-187500.03,-161008.14,-74402.016,-115911.66,-139881.84,-75894.52,-140818.19,-137441.39,-123904.086
5340.8604,-187500.03,-187500.03,-187500.03,-187500.03,-187500.03,-187500.03,-187500.03,-187500.03,-164454.0,-79741.93,-120615.97,-150998.61,-79138.62,-144549.6,-148068.72,-128395.93
5340.883,-187500.03,-187500.03,-187500.03,-187500.03,-187500.03,-187500.03,-187500.03,-187500.03,-172739.44,-87222.75,-126154.98,-172419.8,-85096.29,-149607.88,-163548.45,-136050.38
5340.905,-187500.03,-187500.03,-187500.03,-187500.03,-187500.03,-187500.03,-187500.03,-187500.03,-168991.45,-81233.82,-120951.47,-160616.31,-81540.664,-145408.34,-151757.94,-131063.73
5340.9272,-187500.03,-187500.03,-187500.03,-187500.03,-187500.03,-187500.03,-187500.03,-187500.03,-161531.97,-74571.44,-115963.06,-140934.73,-76177.3,-140919.73,-137840.88,-124219.984
5340.9497,-187500.03,-187500.03,-187500.03,-187500.03,-187500.03,-187500.03,-187500.03,-187500.03,-163106.6,-78189.2,-119351.484,-147223.1,-78056.234,-143480.47,-144939.38,-126954.01
5340.972,-187500.03,-187500.03,-187500.03,-187500.03,-187500.03,-187500.03,-187500.03,-187500.03,-171897.36,-86756.67,-125906.6,-170454.2,-84594.18,-149312.31,-162504.3,-135452.98
5340.994,-187500.03,-187500.03,-187500.03,-187500.03,-187500.03,-187500.03,-187500.03,-187500.03,-170419.73,-82877.414,-122273.055,-164674.52,-82686.91,-146537.88,-155111.08,-132589.23
5341.0166,-187500.03,-187500.03,-187500.03,-187500.03,-187500.03,-187500.03,-187500.03,-187500.03,-162333.89,-75050.99,-116261.73,-142801.9,-76679.66,-141231.88,-138878.89,-124825.05
5341.039,-187500.03,-187500.03,-187500.03,-187500.03,-187500.03,-187500.03,-187500.03,-187500.03,-162036.67,-76843.984,-118222.164,-144099.44,-77156.04,-142550.78,-142237.12,-125741.555
5341.0615,-187500.03,-187500.03,-187500.03,-187500.03,-187500.03,-187500.03,-187500.03,-187500.03,-170692.73,-85843.78,-125290.555,-167464.69,-83787.914,-148705.6,-160563.56,-134445.06
5341.084,-187500.03,-187500.03,-187500.03,-187500.03,-187500.03,-187500.03,-187500.03,-187500.03,-171661.73,-84435.87,-123554.016,-168261.3,-83726.13,-147616.47,-158242.6,-133988.6
5341.106,-187500.03,-187500.03,-187500.03,-187500.03,-187500.03,-187500.03,-187500.03,-187500.03,-163388.73,-75832.39,-116808.18,-145419.14,-77388.83,-141750.23,-140534.67,-125699.85
5341.1284,-187500.03,-187500.03,-187500.03,-187500.03,-187500.03,-187500.03,-187500.03,-187500.03,-161287.61,-75760.71,-117279.63,-141742.39,-76477.53,-141798.72,-140073.53,-124807.03
5341.151,-187500.03,-187500.03,-187500.03,-187500.03,-187500.03,-187500.03,-187500.03,-187500.03,-169213.58,-84553.32,-124355.66,-163666.1,-82741.914,-147838.97,-157878.8,-133104.28
5341.1733,-187500.03,-187500.03,-187500.03,-187500.03,-187500.03,-187500.03,-187500.03,-187500.03,-172590.53,-85757.81,-124673.88,-171041.25,-84552.19,-148539.47,-160865.06,-135126.84
5341.1953,-187500.03,-187500.03,-187500.03,-187500.03,-187500.03,-187500.03,-187500.03,-187500.03,-164651.6,-76893.72,-117588.36,-148694.77,-78276.84,-142461.81,-142763.08,-126817.9
5341.218,-187500.03,-187500.03,-187500.03,-187500.03,-187500.03,-187500.03,-187500.03,-187500.03,-160879.83,-74993.016,-116574.875,-140260.69,-76048.53,-141257.88,-138548.77,-124193.74
5341.24,-187500.03,-187500.03,-187500.03,-187500.03,-187500.03,-187500.03,-187500.03,-187500.03,-167592.62,-83013.87,-123191.83,-159418.88,-81555.086,-146791.88,-154713.17,-131557.55
5341.2627,-187500.03,-187500.03,-187500.03,-187500.03,-187500.03,-187500.03,-187500.03,-187500.03,-173094.3,-86704.03,-125517.38,-172706.81,-85081.45,-149208.38,-162699.2,-135878.36
5341.2847,-187500.03,-187500.03,-187500.03,-187500.03,-187500.03,-187500.03,-187500.03,-187500.03,-166050.83,-78188.11,-118570.805,-152446.78,-79303.68,-143338.67,-145469.64,-128126.266
5341.307,-187500.03,-187500.03,-187500.03,-187500.03,-187500.03,-187500.03,-187500.03,-187500.03,-160805.8,-74550.9,-116130.66,-139664.19,-75872.84,-140945.33,-137692.86,-123910.19
5341.3296,-187500.03,-187500.03,-187500.03,-187500.03,-187500.03,-187500.03,-187500.03,-187500.03,-165969.4,-81367.59,-121916.37,-155085.1,-80329.0,-145672.23,-151358.89,-129953.18
5341.352,-187500.03,-187500.03,-187500.03,-187500.03,-187500.03,-187500.03,-187500.03,-187500.03,-173155.95,-87215.08,-126036.48,-173185.7,-85279.04,-149586.89,-163634.23,-136211.33
5341.3745,-187500.03,-187500.03,-187500.03,-187500.03,-187500.03,-187500.03,-187500.03,-187500.03,-167552.53,-79684.04,-119732.24,-156548.92,-80434.766,-144357.92,-148567.73,-129598.22
5341.3965,-187500.03,-187500.03,-187500.03,-187500.03,-187500.03,-187500.03,-187500.03,-187500.03,-161049.44,-74422.42,-115937.586,-139919.72,-75935.836,-140843.33,-137479.67,-123943.695
5341.419,-187500.03,-187500.03,-187500.03,-187500.03,-187500.03,-187500.03,-187500.03,-187500.03,-164439.58,-79712.27,-120603.47,-150896.52,-79138.125,-144539.84,-148005.05,-128384.266
5341.4414,-187500.03,-187500.03,-187500.03,-187500.03,-187500.03,-187500.03,-187500.03,-187500.03,-172745.83,-87231.4,-126176.625,-172392.22,-85115.67,-149625.36,-163562.4,-136070.36
5341.464,-187500.03,-187500.03,-187500.03,-187500.03,-187500.03,-187500.03,-187500.03,-187500.03,-169069.73,-81307.07,-121019.33,-160775.9,-81610.85,-145468.75,-151904.4,-131148.22
5341.486,-187500.03,-187500.03,-187500.03,-187500.03,-187500.03,-187500.03,-187500.03,-187500.03,-161588.19,-74603.89,-115998.54,-141010.38,-76225.195,-140953.44,-137902.69,-124272.06
5341.5083,-187500.03,-187500.03,-187500.03,-187500.03,-187500.03,-187500.03,-187500.03,-187500.03,-163093.33,-78155.56,-119338.695,-147115.4,-78052.09,-143470.02,-144866.11,-126939.53
5341.531,-187500.03,-187500.03,-187500.03,-187500.03,-187500.03,-187500.03,-187500.03,-187500.03,-171892.81,-86753.65,-125924.62,-170389.4,-84602.85,-149323.77,-162490.8,-135460.23
5341.553,-187500.03,-187500.03,-187500.03,-187500.03,-187500.03,-187500.03,-187500.03,-187500.03,-170505.47,-82962.44,-122358.98,-164849.89,-82764.336,-146610.27,-155277.64,-132683.97
5341.5757,-187500.03,-187500.03,-187500.03,-187500.03,-187500.03,-187500.03,-187500.03,-187500.03,-162403.86,-75096.99,-116315.8,-142914.52,-76739.266,-141276.64,-138971.23,-124891.01
5341.5977,-187500.03,-187500.03,-187500.03,-187500.03,-187500.03,-187500.03,-187500.03,-187500.03,-162033.31,-76815.62,-118218.12,-144011.31,-77160.84,-142544.39,-142177.55,-125734.42
5341.62,-187500.03,-187500.03,-187500.03,-187500.03,-187500.03,-187500.03,-187500.03,-187500.03,-170669.36,-85817.65,-125294.52,-167342.42,-83785.83,-148703.64,-160503.33,-134432.11
