Tm,Oz,Po7,Po4,Po3,P4,P3,Po8,Pz,Fz,F2,F3,F4,AF3,Cz,AF4,F1
5270.5415,-187500.03,-187500.03,-187500.03,-187500.03,-187500.03,-187500.03,-187500.03,-187500.03,-162267.55,-77781.17,-117692.0,-153501.7,-76085.586,-141356.38,-148843.33,-126211.23
5270.564,-187500.03,-187500.03,-187500.03,-187500.03,-187500.03,-187500.03,-187500.03,-187500.03,-168102.0,-81824.76,-120314.04,-167653.53,-79884.0,-143998.0,-157529.44,-130888.23
5270.5864,-187500.03,-187500.03,-187500.03,-187500.03,-187500.03,-187500.03,-187500.03,-187500.03,-161232.12,-73412.12,-113435.87,-147721.98,-74186.18,-138219.88,-140517.4,-123261.81
5270.609,-187500.03,-187500.03,-187500.03,-187500.03,-187500.03,-187500.03,-187500.03,-187500.03,-155740.86,-69517.86,-110774.98,-134268.34,-70551.19,-135667.72,-132215.52,-118788.445
5270.631,-187500.03,-187500.03,-187500.03,-187500.03,-187500.03,-187500.03,-187500.03,-187500.03,-160656.12,-76131.03,-116405.695,-149162.5,-74856.24,-140238.14,-145469.11,-124612.836
5270.6533,-187500.03,-187500.03,-187500.03,-187500.03,-187500.03,-187500.03,-187500.03,-187500.03,-168100.7,-82274.12,-120779.6,-167969.19,-80036.06,-144331.5,-158327.3,-131156.8
5270.676,-187500.03,-187500.03,-187500.03,-187500.03,-187500.03,-187500.03,-187500.03,-187500.03,-162759.48,-74942.55,-114620.414,-151900.36,-75345.88,-139256.6,-143671.98,-124757.41
5270.698,-187500.03,-187500.03,-187500.03,-187500.03,-187500.03,-187500.03,-187500.03,-187500.03,-156044.22,-69445.59,-110619.836,-134662.31,-70659.88,-135603.66,-132099.56,-118866.05
5270.7207,-187500.03,-187500.03,-187500.03,-187500.03,-187500.03,-187500.03,-187500.03,-187500.03,-159150.7,-74494.26,-115093.25,-145007.72,-73675.555,-139122.53,-142133.16,-123043.63
5270.7427,-187500.03,-187500.03,-187500.03,-187500.03,-187500.03,-187500.03,-187500.03,-187500.03,-167630.06,-82236.52,-120866.15,-167012.83,-79828.73,-144334.25,-158123.19,-130936.1
5270.765,-187500.03,-187500.03,-187500.03,-187500.03,-187500.03,-187500.03,-187500.03,-187500.03,-164304.6,-76611.37,-115939.08,-156196.14,-76558.77,-140396.47,-147069.55,-126323.836
5270.7876,-187500.03,-187500.03,-187500.03,-187500.03,-187500.03,-187500.03,-187500.03,-187500.03,-156658.44,-69702.1,-110734.55,-135918.77,-71011.79,-135763.6,-132648.38,-119244.6
5270.81,-187500.03,-187500.03,-187500.03,-187500.03,-187500.03,-187500.03,-187500.03,-187500.03,-157869.95,-72995.016,-113863.45,-141339.39,-72636.47,-138097.11,-139082.11,-121633.04
5270.832,-187500.03,-187500.03,-187500.03,-187500.03,-187500.03,-187500.03,-187500.03,-187500.03,-166730.72,-81707.63,-120562.59,-164855.89,-79280.73,-143999.42,-156921.16,-130250.88
5270.8545,-187500.03,-187500.03,-187500.03,-187500.03,-187500.03,-187500.03,-187500.03,-187500.03,-165715.27,-78258.41,-117265.69,-160197.66,-77702.914,-141524.34,-150392.66,-127820.91
5270.877,-187500.03,-187500.03,-187500.03,-187500.03,-187500.03,-187500.03,-187500.03,-187500.03,-157527.44,-70257.97,-111098.01,-137939.67,-71568.98,-136127.36,-133809.6,-119901.16
5270.8994,-187500.03,-187500.03,-187500.03,-187500.03,-187500.03,-187500.03,-187500.03,-187500.03,-156879.58,-71722.305,-112790.59,-138363.72,-71789.43,-137225.72,-136495.83,-120477.5
5270.9214,-187500.03,-187500.03,-187500.03,-187500.03,-187500.03,-187500.03,-187500.03,-187500.03,-165483.34,-80742.484,-119903.57,-161714.12,-78437.414,-143368.89,-154850.67,-129181.73
5270.944,-187500.03,-187500.03,-187500.03,-187500.03,-187500.03,-187500.03,-187500.03,-187500.03,-166909.61,-79784.16,-118527.13,-163658.23,-78715.9,-142583.36,-153435.58,-129178.13
5270.9663,-187500.03,-187500.03,-187500.03,-187500.03,-187500.03,-187500.03,-187500.03,-187500.03,-158625.3,-71094.555,-111696.5,-140667.78,-72319.766,-136686.86,-135556.61,-120827.055
5270.989,-187500.03,-187500.03,-187500.03,-187500.03,-187500.03,-187500.03,-187500.03,-187500.03,-156209.62,-70724.52,-111919.414,-136190.47,-71172.586,-136539.78,-134480.16,-119628.94
5271.011,-187500.03,-187500.03,-187500.03,-187500.03,-187500.03,-187500.03,-187500.03,-187500.03,-164001.66,-79441.44,-118955.81,-157885.94,-77383.664,-142503.3,-152128.81,-127839.625
5271.033,-187500.03,-187500.03,-187500.03,-187500.03,-187500.03,-187500.03,-187500.03,-187500.03,-167772.42,-81047.05,-119603.27,-166256.84,-79500.69,-143469.64,-155919.61,-130269.63
5271.0557,-187500.03,-187500.03,-187500.03,-187500.03,-187500.03,-187500.03,-187500.03,-187500.03,-159912.34,-72189.15,-112509.2,-143997.73,-73233.734,-137424.95,-137843.77,-121994.69
5271.078,-187500.03,-187500.03,-187500.03,-187500.03,-187500.03,-187500.03,-187500.03,-187500.03,-155868.42,-70020.37,-111270.36,-134850.44,-70791.984,-136054.0,-133078.3,-119102.53
5271.1006,-187500.03,-187500.03,-187500.03,-187500.03,-187500.03,-187500.03,-187500.03,-187500.03,-162379.62,-77891.32,-117783.664,-153610.72,-76189.75,-141463.81,-148939.0,-126309.84
5271.1226,-187500.03,-187500.03,-187500.03,-187500.03,-187500.03,-187500.03,-187500.03,-187500.03,-168224.3,-81947.18,-120415.36,-167791.12,-79999.13,-144112.58,-157650.81,-130999.59
5271.145,-187500.03,-187500.03,-187500.03,-187500.03,-187500.03,-187500.03,-187500.03,-187500.03,-161353.2,-73532.15,-113533.54,-147854.77,-74302.01,-138332.47,-140631.83,-123371.78
5271.1675,-187500.03,-187500.03,-187500.03,-187500.03,-187500.03,-187500.03,-187500.03,-187500.03,-155855.97,-69632.21,-110867.914,-134382.97,-70661.72,-135775.2,-132318.84,-118894.08
5271.19,-187500.03,-187500.03,-187500.03,-187500.03,-187500.03,-187500.03,-187500.03,-187500.03,-160763.92,-76241.36,-116496.016,-149260.69,-74960.984,-140342.34,-145564.23,-124715.945
5271.2124,-187500.03,-187500.03,-187500.03,-187500.03,-187500.03,-187500.03,-187500.03,-187500.03,-168222.06,-82401.66,-120885.75,-168104.62,-80150.66,-144447.17,-158455.69,-131278.44
5271.2344,-187500.03,-187500.03,-187500.03,-187500.03,-187500.03,-187500.03,-187500.03,-187500.03,-162888.8,-75074.62,-114732.71,-152052.27,-75465.62,-139375.84,-143808.23,-124887.38
5271.257,-187500.03,-187500.03,-187500.03,-187500.03,-187500.03,-187500.03,-187500.03,-187500.03,-156164.98,-69565.69,-110726.34,-134785.11,-70770.75,-135715.98,-132212.44,-118987.305
5271.2793,-187500.03,-187500.03,-187500.03,-187500.03,-187500.03,-187500.03,-187500.03,-187500.03,-159249.45,-74592.23,-115184.125,-145075.64,-73770.11,-139220.19,-142203.75,-123145.65
5271.302,-187500.03,-187500.03,-187500.03,-187500.03,-187500.03,-187500.03,-187500.03,-187500.03,-167737.52,-82348.8,-120970.8,-167104.48,-79932.15,-144442.05,-158219.56,-131052.15
5271.3237,-187500.03,-187500.03,-187500.03,-187500.03,-187500.03,-187500.03,-187500.03,-187500.03,-164432.69,-76742.734,-116058.73,-156344.78,-76675.63,-140517.12,-147208.02,-126461.21
5271.346,-187500.03,-187500.03,-187500.03,-187500.03,-187500.03,-187500.03,-187500.03,-187500.03,-156779.8,-69823.875,-110848.65,-136045.98,-71122.97,-135879.92,-132766.8,-119375.69
5271.3687,-187500.03,-187500.03,-187500.03,-187500.03,-187500.03,-187500.03,-187500.03,-187500.03,-157968.52,-73092.805,-113960.57,-141406.4,-72729.99,-138199.52,-139152.28,-121742.38
5271.391,-187500.03,-187500.03,-187500.03,-187500.03,-187500.03,-187500.03,-187500.03,-187500.03,-166831.23,-81813.56,-120669.88,-164932.56,-79377.914,-144109.64,-157005.38,-130367.695
5271.4136,-187500.03,-187500.03,-187500.03,-187500.03,-187500.03,-187500.03,-187500.03,-187500.03,-165847.88,-78395.086,-117395.57,-160359.78,-77823.37,-141655.02,-150541.83,-127969.28
5271.4355,-187500.03,-187500.03,-187500.03,-187500.03,-187500.03,-187500.03,-187500.03,-187500.03,-157650.9,-70379.15,-111214.62,-138078.6,-71681.41,-136246.94,-133932.81,-120037.64
5271.458,-187500.03,-187500.03,-187500.03,-187500.03,-187500.03,-187500.03,-187500.03,-187500.03,-156978.69,-71820.45,-112888.25,-138445.86,-71884.914,-137327.89,-136575.45,-120591.734
5271.4805,-187500.03,-187500.03,-187500.03,-187500.03,-187500.03,-187500.03,-187500.03,-187500.03,-165579.64,-80843.72,-120006.19,-161794.4,-78534.0,-143473.23,-154935.17,-129298.52
5271.503,-187500.03,-187500.03,-187500.03,-187500.03,-187500.03,-187500.03,-187500.03,-187500.03,-167035.31,-79915.695,-118651.05,-163814.66,-78835.63,-142708.75,-153578.45,-129324.42
5271.525,-187500.03,-187500.03,-187500.03,-187500.03,-187500.03,-187500.03,-187500.03,-187500.03,-158748.33,-71217.29,-111808.44,-140816.38,-72433.27,-136804.39,-135684.88,-120966.195
5271.5474,-187500.03,-187500.03,-187500.03,-187500.03,-187500.03,-187500.03,-187500.03,-187500.03,-156306.0,-70818.67,-112005.016,-136274.38,-71262.51,-136635.92,-134556.47,-119738.836
5271.57,-187500.03,-187500.03,-187500.03,-187500.03,-187500.03,-187500.03,-187500.03,-187500.03,-164072.25,-79516.984,-119027.54,-157917.1,-77455.26,-142584.67,-152169.77,-127926.766
5271.5923,-187500.03,-187500.03,-187500.03,-187500.03,-187500.03,-187500.03,-187500.03,-187500.03,-167882.72,-81168.51,-119711.28,-166401.16,-79605.68,-143581.67,-156054.22,-130398.336
5271.6147,-187500.03,-187500.03,-187500.03,-187500.03,-187500.03,-187500.03,-187500.03,-187500.03,-160037.97,-72314.875,-112616.18,-144179.28,-73347.836,-137538.16,-137991.61,-122128.71
5271.6367,-187500.03,-187500.03,-187500.03,-187500.03,-187500.03,-187500.03,-187500.03,-187500.03,-155966.83,-70112.55,-111348.62,-134954.9,-70882.375,-136141.03,-133162.3,-119202.22
5271.659,-187500.03,-187500.03,-187500.03,-187500.03,-187500.03,-187500.03,-187500.03,-187500.03,-162447.44,-77956.34,-117842.32,-153641.2,-76256.49,-141531.86,-148971.48,-126377.42
5271.6816,-187500.03,-187500.03,-187500.03,-187500.03,-187500.03,-187500.03,-187500.03,-187500.03,-168320.81,-82047.734,-120502.87,-167904.45,-80085.68,-144203.98,-157757.42,-131095.02
5271.704,-187500.03,-187500.03,-187500.03,-187500.03,-187500.03,-187500.03,-187500.03,-187500.03,-161473.12,-73647.8,-113628.914,-148031.4,-74400.734,-138433.2,-140773.77,-123480.836
5271.726,-187500.03,-187500.03,-187500.03,-187500.03,-187500.03,-187500.03,-187500.03,-187500.03,-155955.03,-69721.21,-110942.1,-134496.95,-70742.695,-135859.48,-132406.8,-118976.195
5271.7485,-187500.03,-187500.03,-187500.03,-187500.03,-187500.03,-187500.03,-187500.03,-187500.03,-160830.56,-76299.12,-116550.85,-149290.14,-75018.27,-140407.05,-145591.14,-124764.74
5271.771,-187500.03,-187500.03,-187500.03,-187500.03,-187500.03,-187500.03,-187500.03,-187500.03,-168298.5,-82477.92,-120960.164,-168167.27,-80219.234,-144525.61,-158521.19,-131341.05
5271.7935,-187500.03,-187500.03,-187500.03,-187500.03,-187500.03,-187500.03,-187500.03,-187500.03,-162993.64,-75178.65,-114824.35,-152196.48,-75555.63,-139472.14,-143929.66,-124976.48
5271.816,-187500.03,-187500.03,-187500.03,-187500.03,-187500.03,-187500.03,-187500.03,-187500.03,-156259.06,-69655.39,-110804.77,-134898.19,-70853.83,-135802.53,-132302.39,-119064.375
5271.838,-187500.03,-187500.03,-187500.03,-187500.03,-187500.03,-187500.03,-187500.03,-187500.03,-159335.36,-74676.16,-115260.17,-145164.64,-73848.31,-139303.16,-142281.08,-123216.95
5271.8604,-187500.03,-187500.03,-187500.03,-187500.03,-187500.03,-187500.03,-187500.03,-187500.03,-167823.03,-82437.28,-121052.79,-167195.45,-80011.43,-144528.38,-158304.98,-131129.1
5271.883,-187500.03,-187500.03,-187500.03,-187500.03,-187500.03,-187500.03,-187500.03,-187500.03,-164515.2,-76830.93,-116139.15,-156437.88,-76752.5,-140602.22,-147292.88,-126539.695
5271.9053,-187500.03,-187500.03,-187500.03,-187500.03,-187500.03,-187500.03,-187500.03,-187500.03,-156858.39,-69908.586,-110928.96,-136131.42,-71197.53,-135965.9,-132845.12,-119454.81
5271.9272,-187500.03,-187500.03,-187500.03,-187500.03,-187500.03,-187500.03,-187500.03,-187500.03,-158054.61,-73187.46,-114050.31,-141513.48,-72811.195,-138292.11,-139251.12,-121833.016
5271.9497,-187500.03,-187500.03,-187500.03,-187500.03,-187500.03,-187500.03,-187500.03,-187500.03,-166912.84,-81902.09,-120755.28,-165024.6,-79457.69,-144196.94,-157092.86,-130456.445
5271.972,-187500.03,-187500.03,-187500.03,-187500.03,-187500.03,-187500.03,-187500.03,-187500.03,-165919.7,-78475.73,-117476.44,-160424.31,-77898.875,-141736.98,-150612.7,-128053.76
5271.9946,-187500.03,-187500.03,-187500.03,-187500.03,-187500.03,-187500.03,-187500.03,-187500.03,-157721.77,-70460.51,-111296.805,-138144.0,-71756.664,-136330.42,-134008.23,-120125.99
5272.017,-187500.03,-187500.03,-187500.03,-187500.03,-187500.03,-187500.03,-187500.03,-187500.03,-157056.28,-71909.28,-112976.914,-138533.08,-71964.22,-137417.25,-136668.92,-120688.37
5272.039,-187500.03,-187500.03,-187500.03,-187500.03,-187500.03,-187500.03,-187500.03,-187500.03,-165658.22,-80930.664,-120091.375,-161883.55,-78612.37,-143561.16,-155027.42,-129395.484
5272.0615,-187500.03,-187500.03,-187500.03,-187500.03,-187500.03,-187500.03,-187500.03,-187500.03,-167108.78,-79995.54,-118732.34,-163884.62,-78908.91,-142792.81,-153658.33,-129417.586
5272.084,-187500.03,-187500.03,-187500.03,-187500.03,-187500.03,-187500.03,-187500.03,-187500.03,-158820.6,-71295.01,-111890.016,-140881.42,-72506.49,-136888.3,-135763.62,-121059.875
5272.1064,-187500.03,-187500.03,-187500.03,-187500.03,-187500.03,-187500.03,-187500.03,-187500.03,-156382.25,-70902.69,-112092.57,-136351.53,-71341.45,-136722.75,-134646.9,-119837.5
5272.1284,-187500.03,-187500.03,-187500.03,-187500.03,-187500.03,-187500.03,-187500.03,-187500.03,-164165.94,-79618.82,-119128.57,-158036.42,-77552.31,-142683.64,-152290.81,-128041.69
5272.151,-187500.03,-187500.03,-187500.03,-187500.03,-187500.03,-187500.03,-187500.03,-187500.03,-167973.7,-81264.96,-119806.3,-166506.58,-79700.36,-143675.92,-156160.4,-130507.57
5272.1733,-187500.03,-187500.03,-187500.03,-187500.03,-187500.03,-187500.03,-187500.03,-187500.03,-160113.42,-72398.24,-112701.23,-144243.2,-73429.33,-137622.72,-138067.34,-122222.9
5272.196,-187500.03,-187500.03,-187500.03,-187500.03,-187500.03,-187500.03,-187500.03,-187500.03,-156039.08,-70197.91,-111436.44,-135015.89,-70961.586,-136227.61,-133240.22,-119294.82
5272.2183,-187500.03,-187500.03,-187500.03,-187500.03,-187500.03,-187500.03,-187500.03,-187500.03,-162538.95,-78062.22,-117943.52,-153754.44,-76349.97,-141631.66,-149087.55,-126487.09
5272.24,-187500.03,-187500.03,-187500.03,-187500.03,-187500.03,-187500.03,-187500.03,-187500.03,-168407.98,-82146.4,-120595.695,-167998.89,-80177.08,-144299.77,-157853.14,-131197.77
5272.2627,-187500.03,-187500.03,-187500.03,-187500.03,-187500.03,-187500.03,-187500.03,-187500.03,-161551.53,-73739.04,-113717.5,-148101.9,-74488.96,-138525.19,-140855.03,-123576.57
5272.285,-187500.03,-187500.03,-187500.03,-187500.03,-187500.03,-187500.03,-187500.03,-187500.03,-156036.89,-69817.26,-111037.97,-134579.22,-70836.69,-135955.4,-132500.16,-119076.0
5272.3076,-187500.03,-187500.03,-187500.03,-187500.03,-187500.03,-187500.03,-187500.03,-187500.03,-160938.47,-76421.086,-116665.83,-149440.97,-75132.51,-140518.8,-145736.78,-124888.75
5272.3296,-187500.03,-187500.03,-187500.03,-187500.03,-187500.03,-187500.03,-187500.03,-187500.03,-168393.83,-82580.445,-121055.54,-168281.75,-80321.24,-144622.88,-158626.25,-131446.19
5272.352,-187500.03,-187500.03,-187500.03,-187500.03,-187500.03,-187500.03,-187500.03,-187500.03,-163064.75,-75259.086,-114904.59,-152243.53,-75637.95,-139556.73,-143989.97,-125056.71
5272.3745,-187500.03,-187500.03,-187500.03,-187500.03,-187500.03,-187500.03,-187500.03,-187500.03,-156333.08,-69742.78,-110891.74,-134963.45,-70935.75,-135891.39,-132381.72,-119146.92
5272.397,-187500.03,-187500.03,-187500.03,-187500.03,-187500.03,-187500.03,-187500.03,-187500.03,-159420.56,-74773.5,-115355.19,-145264.4,-73938.1,-139398.75,-142382.55,-123307.984
5272.4194,-187500.03,-187500.03,-187500.03,-187500.03,-187500.03,-187500.03,-187500.03,-187500.03,-167903.05,-82522.805,-121137.43,-167281.36,-80096.61,-144616.52,-158387.97,-131209.44
5272.4414,-187500.03,-187500.03,-187500.03,-187500.03,-187500.03,-187500.03,-187500.03,-187500.03,-164593.05,-76913.055,-116223.8,-156513.4,-76836.67,-140689.81,-147372.58,-126616.95
5272.464,-187500.03,-187500.03,-187500.03,-187500.03,-187500.03,-187500.03,-187500.03,-187500.03,-156937.56,-69991.18,-111012.96,-136211.78,-71279.875,-136050.14,-132929.56,-119530.7
5272.4863,-187500.03,-187500.03,-187500.03,-187500.03,-187500.03,-187500.03,-187500.03,-187500.03,-158120.42,-73257.0,-114122.98,-141565.1,-72882.875,-138365.52,-139310.53,-121894.555
5272.509,-187500.03,-187500.03,-187500.03,-187500.03,-187500.03,-187500.03,-187500.03,-187500.03,-166973.84,-81969.53,-120824.06,-165080.17,-79522.7,-144266.7,-157154.52,-130512.94
5272.531,-187500.03,-187500.03,-187500.03,-187500.03,-187500.03,-187500.03,-187500.03,-187500.03,-165996.23,-78557.805,-117556.91,-160525.81,-77972.44,-141818.19,-150708.48,-128126.77
5272.553,-187500.03,-187500.03,-187500.03,-187500.03,-187500.03,-187500.03,-187500.03,-187500.03,-157797.62,-70535.984,-111373.086,-138239.53,-71826.58,-136408.62,-134095.27,-120196.54
5272.5757,-187500.03,-187500.03,-187500.03,-187500.03,-187500.03,-187500.03,-187500.03,-187500.03,-157109.95,-71960.53,-113034.766,-138572.75,-72016.61,-137478.78,-136711.83,-120737.336
5272.598,-187500.03,-187500.03,-187500.03,-187500.03,-187500.03,-187500.03,-187500.03,-187500.03,-165700.23,-80976.375,-120146.555,-161904.53,-78658.48,-143617.4,-155059.69,-129436.54
5272.62,-187500.03,-187500.03,-187500.03,-187500.03,-187500.03,-187500.03,-187500.03,-187500.03,-167164.9,-80060.195,-118800.13,-163952.2,-78967.914,-142858.7,-153728.42,-129474.58
5272.6426,-187500.03,-187500.03,-187500.03,-187500.03,-187500.03,-187500.03,-187500.03,-187500.03,-158880.11,-71360.32,-111956.13,-140963.27,-72566.8,-136952.61,-135839.1,-121119.51
5272.665,-187500.03,-187500.03,-187500.03,-187500.03,-187500.03,-187500.03,-187500.03,-187500.03,-156429.64,-70954.08,-112147.33,-136401.66,-71392.8,-136778.4,-134695.62,-119886.875
5272.6875,-187500.03,-187500.03,-187500.03,-187500.03,-187500.03,-187500.03,-187500.03,-187500.03,-164203.03,-79661.22,-119177.5,-158064.31,-77596.34,-142733.75,-152324.56,-128083.5
5272.71,-187500.03,-187500.03,-187500.03,-187500.03,-187500.03,-187500.03,-187500.03,-187500.03,-168009.17,-81308.74,-119856.43,-166538.66,-79743.23,-143726.8,-156199.02,-130550.445
5272.732,-187500.03,-187500.03,-187500.03,-187500.03,-187500.03,-187500.03,-187500.03,-187500.03,-160159.69,-72452.29,-112760.125,-144303.69,-73479.69,-137682.58,-138128.9,-122279.05
5272.7544,-187500.03,-187500.03,-187500.03,-187500.03,-187500.03,-187500.03,-187500.03,-187500.03,-156080.23,-70244.54,-111488.16,-135061.73,-71007.66,-136281.75,-133286.58,-119345.72
5272.777,-187500.03,-187500.03,-187500.03,-187500.03,-187500.03,-187500.03,-187500.03,-187500.03,-162557.86,-78090.66,-117981.32,-153747.38,-76381.44,-141670.56,-149094.61,-126517.984
5272.7993,-187500.03,-187500.03,-187500.03,-187500.03,-187500.03,-187500.03,-187500.03,-187500.03,-168447.77,-82202.1,-120656.375,-168054.23,-80227.945,-144356.42,-157916.36,-131253.19
5272.8213,-187500.03,-187500.03,-187500.03,-187500.03,-187500.03,-187500.03,-187500.03,-187500.03,-161614.1,-73811.234,-113789.086,-148208.08,-74554.74,-138592.97,-140952.55,-123651.18
5272.8438,-187500.03,-187500.03,-187500.03,-187500.03,-187500.03,-187500.03,-187500.03,-187500.03,-156074.17,-69859.51,-111081.914,-134613.86,-70880.336,-136002.44,-132537.44,-119122.555
5272.866,-187500.03,-187500.03,-187500.03,-187500.03,-187500.03,-187500.03,-187500.03,-187500.03,-160930.31,-76424.664,-116678.61,-149363.69,-75143.53,-140540.52,-145693.95,-124892.77
5272.8887,-187500.03,-187500.03,-187500.03,-187500.03,-187500.03,-187500.03,-187500.03,-187500.03,-168418.77,-82629.76,-121105.85,-168303.55,-80361.14,-144676.8,-158674.86,-131489.67
5272.911,-187500.03,-187500.03,-187500.03,-187500.03,-187500.03,-187500.03,-187500.03,-187500.03,-163131.8,-75339.84,-114976.62,-152376.03,-75705.55,-139629.77,-144109.55,-125135.88
5272.933,-187500.03,-187500.03,-187500.03,-187500.03,-187500.03,-187500.03,-187500.03,-187500.03,-156381.58,-69793.03,-110938.91,-135027.11,-70985.88,-135943.36,-132440.16,-119201.5
5272.9556,-187500.03,-187500.03,-187500.03,-187500.03,-187500.03,-187500.03,-187500.03,-187500.03,-159437.11,-74794.734,-115380.664,-145240.23,-73965.055,-139430.56,-142381.31,-123332.734
5272.978,-187500.03,-187500.03,-187500.03,-187500.03,-187500.03,-187500.03,-187500.03,-187500.03,-167937.08,-82572.11,-121185.984,-167313.19,-80140.555,-144666.27,-158441.2,-131258.39
5273.0005,-187500.03,-187500.03,-187500.03,-187500.03,-187500.03,-187500.03,-187500.03,-187500.03,-164648.11,-76980.195,-116283.99,-156604.92,-76893.67,-140750.56,-147462.92,-126685.47
5273.0225,-187500.03,-187500.03,-187500.03,-187500.03,-187500.03,-187500.03,-187500.03,-187500.03,-156982.31,-70042.72,-111061.305,-136270.12,-71327.555,-136102.7,-132988.03,-119589.33
5273.045,-187500.03,-187500.03,-187500.03,-187500.03,-187500.03,-187500.03,-187500.03,-187500.03,-158150.19,-73292.445,-114158.43,-141582.42,-72918.35,-138407.58,-139338.81,-121939.44
5273.0674,-187500.03,-187500.03,-187500.03,-187500.03,-187500.03,-187500.03,-187500.03,-187500.03,-167012.69,-82017.43,-120870.555,-165118.17,-79567.55,-144317.45,-157205.06,-130569.37
5273.09,-187500.03,-187500.03,-187500.03,-187500.03,-187500.03,-187500.03,-187500.03,-187500.03,-166044.11,-78612.34,-117607.89,-160587.66,-78024.734,-141873.06,-150774.52,-128190.81
5273.1123,-187500.03,-187500.03,-187500.03,-187500.03,-187500.03,-187500.03,-187500.03,-187500.03,-157839.78,-70584.4,-111418.555,-138286.52,-71875.7,-136458.52,-134146.84,-120255.1
5273.1343,-187500.03,-187500.03,-187500.03,-187500.03,-187500.03,-187500.03,-187500.03,-187500.03,-157142.7,-72001.26,-113074.17,-138599.08,-72060.4,-137523.08,-136746.94,-120787.36
5273.1567,-187500.03,-187500.03,-187500.03,-187500.03,-187500.03,-187500.03,-187500.03,-187500.03,-165735.06,-81023.13,-120192.0,-161940.2,-78706.47,-143665.5,-155105.39,-129490.39
5273.179,-187500.03,-187500.03,-187500.03,-187500.03,-187500.03,-187500.03,-187500.03,-187500.03,-167213.19,-80117.305,-118855.21,-164019.88,-79024.76,-142915.72,-153796.75,-129539.38
5273.2017,-187500.03,-187500.03,-187500.03,-187500.03,-187500.03,-187500.03,-187500.03,-187500.03,-158922.17,-71406.03,-112002.29,-141011.9,-72614.38,-137001.75,-135887.9,-121174.16
5273.2236,-187500.03,-187500.03,-187500.03,-187500.03,-187500.03,-187500.03,-187500.03,-187500.03,-156458.75,-70985.03,-112182.71,-136419.27,-71428.49,-136817.25,-134718.95,-119926.77
5273.246,-187500.03,-187500.03,-187500.03,-187500.03,-187500.03,-187500.03,-187500.03,-187500.03,-164215.16,-79679.55,-119204.234,-158046.42,-77619.26,-142762.27,-152322.38,-128105.805
5273.2686,-187500.03,-187500.03,-187500.03,-187500.03,-187500.03,-187500.03,-187500.03,-187500.03,-168053.2,-81361.63,-119911.75,-166606.0,-79791.195,-143778.73,-156266.89,-130602.72
5273.291,-187500.03,-187500.03,-187500.03,-187500.03,-187500.03,-187500.03,-187500.03,-187500.03,-160216.12,-72507.836,-112816.09,-144395.83,-73533.85,-137734.98,-138203.88,-122335.62
5273.3135,-187500.03,-187500.03,-187500.03,-187500.03,-187500.03,-187500.03,-187500.03,-187500.03,-156113.06,-70272.43,-111521.1,-135087.5,-71042.37,-136315.55,-133305.83,-119376.02
5273.3354,-187500.03,-187500.03,-187500.03,-187500.03,-187500.03,-187500.03,-187500.03,-187500.03,-162563.38,-78097.984,-117998.82,-153708.67,-76397.06,-141690.05,-149071.03,-126522.21
5273.358,-187500.03,-187500.03,-187500.03,-187500.03,-187500.03,-187500.03,-187500.03,-187500.03,-168480.27,-82244.03,-120700.44,-168096.23,-80263.17,-144397.06,-157961.95,-131284.12
5273.3804,-187500.03,-187500.03,-187500.03,-187500.03,-187500.03,-187500.03,-187500.03,-187500.03,-161659.42,-73858.89,-113836.25,-148286.62,-74595.016,-138637.5,-141012.97,-123690.36
5273.403,-187500.03,-187500.03,-187500.03,-187500.03,-187500.03,-187500.03,-187500.03,-187500.03,-156109.83,-69894.33,-111119.484,-134658.98,-70912.234,-136038.25,-132568.28,-119152.4
5273.425,-187500.03,-187500.03,-187500.03,-187500.03,-187500.03,-187500.03,-187500.03,-187500.03,-160948.17,-76443.24,-116705.68,-149361.39,-75163.086,-140564.31,-145688.95,-124905.555
5273.4473,-187500.03,-187500.03,-187500.03,-187500.03,-187500.03,-187500.03,-187500.03,-187500.03,-168445.19,-82663.1,-121145.62,-168325.77,-80390.31,-144709.77,-158695.92,-131512.47
5273.4697,-187500.03,-187500.03,-187500.03,-187500.03,-187500.03,-187500.03,-187500.03,-187500.03,-163165.44,-75381.734,-115020.31,-152422.45,-75742.05,-139668.97,-144146.33,-125168.63
5273.492,-187500.03,-187500.03,-187500.03,-187500.03,-187500.03,-187500.03,-187500.03,-187500.03,-156418.97,-69838.336,-110983.03,-135084.83,-71026.164,-135985.22,-132485.19,-119241.87
5273.5146,-187500.03,-187500.03,-187500.03,-187500.03,-187500.03,-187500.03,-187500.03,-187500.03,-159487.9,-74852.71,-115432.52,-145331.78,-74017.07,-139482.06,-142451.5,-123387.16
5273.5366,-187500.03,-187500.03,-187500.03,-187500.03,-187500.03,-187500.03,-187500.03,-187500.03,-167969.5,-82609.03,-121217.85,-167354.9,-80177.81,-144702.5,-158466.61,-131290.33
5273.559,-187500.03,-187500.03,-187500.03,-187500.03,-187500.03,-187500.03,-187500.03,-187500.03,-164656.83,-76996.87,-116299.48,-156585.47,-76913.61,-140774.3,-147444.72,-126695.39
5273.5815,-187500.03,-187500.03,-187500.03,-187500.03,-187500.03,-187500.03,-187500.03,-187500.03,-157007.17,-70081.52,-111093.336,-136301.33,-71361.73,-136141.97,-133013.78,-119618.43
5273.604,-187500.03,-187500.03,-187500.03,-187500.03,-187500.03,-187500.03,-187500.03,-187500.03,-158198.75,-73353.49,-114204.586,-141675.88,-72970.36,-138460.39,-139409.66,-121990.87
5273.626,-187500.03,-187500.03,-187500.03,-187500.03,-187500.03,-187500.03,-187500.03,-187500.03,-167055.0,-82066.94,-120905.58,-165189.25,-79615.195,-144362.03,-157253.48,-130611.21
5273.6484,-187500.03,-187500.03,-187500.03,-187500.03,-187500.03,-187500.03,-187500.03,-187500.03,-166080.1,-78655.5,-117637.58,-160634.55,-78068.08,-141913.27,-150806.53,-128224.76
5273.671,-187500.03,-187500.03,-187500.03,-187500.03,-187500.03,-187500.03,-187500.03,-187500.03,-157879.64,-70630.58,-111449.82,-138336.52,-71919.0,-136500.22,-134182.61,-120291.734
5273.6934,-187500.03,-187500.03,-187500.03,-187500.03,-187500.03,-187500.03,-187500.03,-187500.03,-157189.39,-72053.72,-113108.26,-138660.33,-72106.29,-137567.47,-136790.7,-120829.9
5273.716,-187500.03,-187500.03,-187500.03,-187500.03,-187500.03,-187500.03,-187500.03,-187500.03,-165776.73,-81070.03,-120220.05,-161983.56,-78746.07,-143705.28,-155134.14,-129526.06
5273.738,-187500.03,-187500.03,-187500.03,-187500.03,-187500.03,-187500.03,-187500.03,-187500.03,-167275.88,-80186.375,-118901.66,-164114.1,-79077.95,-142970.19,-153868.39,-129595.1
5273.7603,-187500.03,-187500.03,-187500.03,-187500.03,-187500.03,-187500.03,-187500.03,-187500.03,-158994.14,-71478.85,-112054.305,-141117.31,-72675.63,-137062.95,-135963.4,-121238.59
5273.7827,-187500.03,-187500.03,-187500.03,-187500.03,-187500.03,-187500.03,-187500.03,-187500.03,-156513.6,-71039.26,-112221.12,-136468.38,-71477.734,-136868.62,-134751.83,-119974.0
5273.805,-187500.03,-187500.03,-187500.03,-187500.03,-187500.03,-187500.03,-187500.03,-187500.03,-164257.66,-79727.336,-119238.74,-158063.88,-77662.53,-142810.16,-152338.88,-128143.836
5273.827,-187500.03,-187500.03,-187500.03,-187500.03,-187500.03,-187500.03,-187500.03,-187500.03,-168135.52,-81454.97,-119982.2,-166727.86,-79865.56,-143857.5,-156372.42,-130683.7
5273.8496,-187500.03,-187500.03,-187500.03,-187500.03,-187500.03,-187500.03,-187500.03,-187500.03,-160309.81,-72600.69,-112884.16,-144537.94,-73611.875,-137813.69,-138310.88,-122422.01
5273.872,-187500.03,-187500.03,-187500.03,-187500.03,-187500.03,-187500.03,-187500.03,-187500.03,-156183.23,-70337.19,-111567.86,-135156.42,-71100.66,-136375.67,-133354.61,-119438.55
5273.8945,-187500.03,-187500.03,-187500.03,-187500.03,-187500.03,-187500.03,-187500.03,-187500.03,-162617.58,-78150.195,-118039.484,-153743.11,-76446.88,-141743.33,-149097.42,-126575.516
5273.917,-187500.03,-187500.03,-187500.03,-187500.03,-187500.03,-187500.03,-187500.03,-187500.03,-168548.17,-82316.83,-120760.9,-168173.78,-80328.914,-144467.16,-158030.11,-131359.72
5273.939,-187500.03,-187500.03,-187500.03,-187500.03,-187500.03,-187500.03,-187500.03,-187500.03,-161746.22,-73945.5,-113906.37,-148410.81,-74673.336,-138717.3,-141111.19,-123784.055
5273.9614,-187500.03,-187500.03,-187500.03,-187500.03,-187500.03,-187500.03,-187500.03,-187500.03,-156180.38,-69958.92,-111171.39,-134736.66,-70974.64,-136103.3,-132625.22,-119227.81
5273.984,-187500.03,-187500.03,-187500.03,-187500.03,-187500.03,-187500.03,-187500.03,-187500.03,-161003.92,-76496.77,-116748.88,-149406.72,-75215.82,-140621.92,-145723.56,-124969.52
5274.0063,-187500.03,-187500.03,-187500.03,-187500.03,-187500.03,-187500.03,-187500.03,-187500.03,-168514.75,-82734.48,-121202.9,-168409.47,-80454.15,-144778.58,-158767.45,-131592.44
5274.0283,-187500.03,-187500.03,-187500.03,-187500.03,-187500.03,-187500.03,-187500.03,-187500.03,-163270.84,-75479.766,-115098.43,-152589.31,-75828.01,-139755.98,-144277.4,-125277.91
5274.051,-187500.03,-187500.03,-187500.03,-187500.03,-187500.03,-187500.03,-187500.03,-187500.03,-156499.06,-69902.78,-111034.39,-135172.61,-71090.516,-136050.83,-132546.45,-119320.234
5274.073,-187500.03,-187500.03,-187500.03,-187500.03,-187500.03,-187500.03,-187500.03,-187500.03,-159511.1,-74865.586,-115444.77,-145280.56,-74039.195,-139511.94,-142408.56,-123409.625
5274.0957,-187500.03,-187500.03,-187500.03,-187500.03,-187500.03,-187500.03,-187500.03,-187500.03,-168014.4,-82661.92,-121266.02,-167373.67,-80223.234,-144760.44,-158499.19,-131342.3
5274.118,-187500.03,-187500.03,-187500.03,-187500.03,-187500.03,-187500.03,-187500.03,-187500.03,-164784.5,-77126.65,-116402.99,-156822.58,-77019.11,-140881.62,-147635.97,-126821.164
5274.14,-187500.03,-187500.03,-187500.03,-187500.03,-187500.03,-187500.03,-187500.03,-187500.03,-157106.62,-70163.04,-111154.58,-136438.88,-71439.11,-136213.86,-133106.56,-119702.63
5274.1626,-187500.03,-187500.03,-187500.03,-187500.03,-187500.03,-187500.03,-187500.03,-187500.03,-158240.77,-73379.53,-114224.055,-141654.97,-73005.3,-138495.02,-139388.38,-122015.836
5274.185,-187500.03,-187500.03,-187500.03,-187500.03,-187500.03,-187500.03,-187500.03,-187500.03,-167097.27,-82110.08,-120944.0,-165178.48,-79656.52,-144410.14,-157260.0,-130642.82
5274.2075,-187500.03,-187500.03,-187500.03,-187500.03,-187500.03,-187500.03,-187500.03,-187500.03,-166191.12,-78767.87,-117730.76,-160807.9,-78160.52,-142010.5,-150954.9,-128323.51
5274.2295,-187500.03,-187500.03,-187500.03,-187500.03,-187500.03,-187500.03,-187500.03,-187500.03,-157986.25,-70722.94,-111525.04,-138491.61,-72003.31,-136583.38,-134295.2,-120377.14
5274.252,-187500.03,-187500.03,-187500.03,-187500.03,-187500.03,-187500.03,-187500.03,-187500.03,-157261.05,-72110.4,-113156.4,-138713.56,-72165.875,-137627.45,-136829.36,-120880.3
5274.2744,-187500.03,-187500.03,-187500.03,-187500.03,-187500.03,-187500.03,-187500.03,-187500.03,-165837.7,-81126.375,-120270.79,-162015.88,-78803.695,-143765.62,-155171.31,-129571.52
5274.297,-187500.03,-187500.03,-187500.03,-187500.03,-187500.03,-187500.03,-187500.03,-187500.03,-167364.88,-80277.1,-118976.805,-164231.6,-79161.68,-143053.64,-153975.38,-129673.195
5274.319,-187500.03,-187500.03,-187500.03,-187500.03,-187500.03,-187500.03,-187500.03,-187500.03,-159085.58,-71566.49,-112123.8,-141243.5,-72759.625,-137142.42,-136066.83,-121316.72
5274.3413,-187500.03,-187500.03,-187500.03,-187500.03,-187500.03,-187500.03,-187500.03,-187500.03,-156597.14,-71117.984,-112284.75,-136566.5,-71554.42,-136941.5,-134836.27,-120044.61
5274.364,-187500.03,-187500.03,-187500.03,-187500.03,-187500.03,-187500.03,-187500.03,-187500.03,-164343.69,-79809.68,-119307.72,-158165.52,-77741.27,-142887.25,-152430.11,-128219.695
5274.386,-187500.03,-187500.03,-187500.03,-187500.03,-187500.03,-187500.03,-187500.03,-187500.03,-168207.98,-81523.66,-120041.414,-166791.88,-79935.66,-143927.88,-156433.72,-130747.85
5274.4087,-187500.03,-187500.03,-187500.03,-187500.03,-187500.03,-187500.03,-187500.03,-187500.03,-160383.62,-72675.27,-112950.38,-144609.28,-73684.23,-137888.8,-138382.19,-122491.73
5274.4307,-187500.03,-187500.03,-187500.03,-187500.03,-187500.03,-187500.03,-187500.03,-187500.03,-156269.23,-70423.85,-111644.22,-135258.03,-71181.22,-136458.28,-133450.47,-119520.46
5274.453,-187500.03,-187500.03,-187500.03,-187500.03,-187500.03,-187500.03,-187500.03,-187500.03,-162716.23,-78247.31,-118124.15,-153866.08,-76537.45,-141833.69,-149212.08,-126668.99
5274.4756,-187500.03,-187500.03,-187500.03,-187500.03,-187500.03,-187500.03,-187500.03,-187500.03,-168643.89,-82407.31,-120840.2,-168278.75,-80417.914,-144554.48,-158129.75,-131449.39
5274.498,-187500.03,-187500.03,-187500.03,-187500.03,-187500.03,-187500.03,-187500.03,-187500.03,-161840.81,-74035.625,-113988.51,-148507.81,-74763.125,-138807.02,-141206.75,-123874.29
5274.52,-187500.03,-187500.03,-187500.03,-187500.03,-187500.03,-187500.03,-187500.03,-187500.03,-156278.89,-70052.914,-111257.53,-134843.6,-71066.73,-136195.08,-132728.02,-119321.8
5274.5425,-187500.03,-187500.03,-187500.03,-187500.03,-187500.03,-187500.03,-187500.03,-187500.03,-161111.42,-76598.695,-116842.445,-149531.62,-75316.16,-140719.72,-145841.92,-125073.555
5274.565,-187500.03,-187500.03,-187500.03,-187500.03,-187500.03,-187500.03,-187500.03,-187500.03,-168623.0,-82837.445,-121298.81,-168531.67,-80557.57,-144879.64,-158882.73,-131700.48
5274.5874,-187500.03,-187500.03,-187500.03,-187500.03,-187500.03,-187500.03,-187500.03,-187500.03,-163375.34,-75580.4,-115193.56,-152699.55,-75929.58,-139856.77,-144382.14,-125384.836
5274.61,-187500.03,-187500.03,-187500.03,-187500.03,-187500.03,-187500.03,-187500.03,-187500.03,-156600.28,-69999.43,-111127.555,-135277.39,-71187.81,-136147.45,-132645.11,-119424.664
5274.632,-187500.03,-187500.03,-187500.03,-187500.03,-187500.03,-187500.03,-187500.03,-187500.03,-159611.38,-74963.71,-115541.78,-145383.23,-74139.38,-139609.27,-142508.83,-123518.01
5274.6543,-187500.03,-187500.03,-187500.03,-187500.03,-187500.03,-187500.03,-187500.03,-187500.03,-168126.7,-82774.305,-121376.1,-167507.78,-80334.74,-144867.8,-158627.61,-131467.42
5274.677,-187500.03,-187500.03,-187500.03,-187500.03,-187500.03,-187500.03,-187500.03,-187500.03,-164902.2,-77240.52,-116514.55,-156963.5,-77134.2,-140991.11,-147766.02,-126952.04
5274.699,-187500.03,-187500.03,-187500.03,-187500.03,-187500.03,-187500.03,-187500.03,-187500.03,-157220.75,-70269.93,-111261.445,-136564.94,-71549.98,-136321.0,-133224.25,-119828.78
5274.721,-187500.03,-187500.03,-187500.03,-187500.03,-187500.03,-187500.03,-187500.03,-187500.03,-158341.27,-73474.86,-114323.836,-141746.55,-73107.17,-138596.11,-139481.53,-122132.375
5274.7437,-187500.03,-187500.03,-187500.03,-187500.03,-187500.03,-187500.03,-187500.03,-187500.03,-167205.16,-82220.25,-121057.26,-165297.23,-79768.11,-144521.61,-157381.78,-130773.26
5274.766,-187500.03,-187500.03,-187500.03,-187500.03,-187500.03,-187500.03,-187500.03,-187500.03,-166314.78,-78893.33,-117853.09,-160968.12,-78283.68,-142131.0,-151103.7,-128467.71
5274.7886,-187500.03,-187500.03,-187500.03,-187500.03,-187500.03,-187500.03,-187500.03,-187500.03,-158106.66,-70841.65,-111642.336,-138628.86,-72123.37,-136700.22,-134422.92,-120513.39
5274.811,-187500.03,-187500.03,-187500.03,-187500.03,-187500.03,-187500.03,-187500.03,-187500.03,-157379.84,-72227.7,-113273.97,-138838.66,-72284.05,-137742.61,-136951.16,-121011.44
5274.833,-187500.03,-187500.03,-187500.03,-187500.03,-187500.03,-187500.03,-187500.03,-187500.03,-165971.86,-81259.055,-120400.56,-162173.45,-78935.64,-143892.86,-155321.88,-129715.625
5274.8555,-187500.03,-187500.03,-187500.03,-187500.03,-187500.03,-187500.03,-187500.03,-187500.03,-167487.23,-80394.23,-119093.37,-164354.19,-79283.34,-143171.47,-154094.11,-129801.305
5274.878,-187500.03,-187500.03,-187500.03,-187500.03,-187500.03,-187500.03,-187500.03,-187500.03,-159205.1,-71682.66,-112242.8,-141351.2,-72878.79,-137261.55,-136178.48,-121441.664
5274.9004,-187500.03,-187500.03,-187500.03,-187500.03,-187500.03,-187500.03,-187500.03,-187500.03,-156714.28,-71233.43,-112404.16,-136669.66,-71672.57,-137059.23,-134944.45,-120165.914
5274.9224,-187500.03,-187500.03,-187500.03,-187500.03,-187500.03,-187500.03,-187500.03,-187500.03,-164454.69,-79925.62,-119428.53,-158260.33,-77860.38,-143004.86,-152536.72,-128338.43
5274.945,-187500.03,-187500.03,-187500.03,-187500.03,-187500.03,-187500.03,-187500.03,-187500.03,-168338.42,-81662.04,-120178.3,-166948.81,-80070.46,-144058.1,-156589.22,-130886.125
5274.9673,-187500.03,-187500.03,-187500.03,-187500.03,-187500.03,-187500.03,-187500.03,-187500.03,-160523.42,-72818.125,-113089.52,-144783.1,-73824.89,-138021.95,-138544.4,-122634.46
5274.9897,-187500.03,-187500.03,-187500.03,-187500.03,-187500.03,-187500.03,-187500.03,-187500.03,-156390.39,-70546.0,-111767.484,-135379.69,-71309.266,-136579.22,-133570.44,-119643.33
5275.012,-187500.03,-187500.03,-187500.03,-187500.03,-187500.03,-187500.03,-187500.03,-187500.03,-162812.4,-78352.055,-118236.87,-153930.72,-76650.22,-141944.36,-149297.88,-126771.36
5275.034,-187500.03,-187500.03,-187500.03,-187500.03,-187500.03,-187500.03,-187500.03,-187500.03,-168774.56,-82553.31,-120986.625,-168440.22,-80558.84,-144695.23,-158299.33,-131588.34
5275.0566,-187500.03,-187500.03,-187500.03,-187500.03,-187500.03,-187500.03,-187500.03,-187500.03,-161984.64,-74184.664,-114134.086,-148700.05,-74907.32,-138947.83,-141385.27,-124017.48
5275.079,-187500.03,-187500.03,-187500.03,-187500.03,-187500.03,-187500.03,-187500.03,-187500.03,-156405.23,-70179.72,-111386.14,-134975.34,-71195.945,-136321.67,-132858.19,-119443.62
5275.1016,-187500.03,-187500.03,-187500.03,-187500.03,-187500.03,-187500.03,-187500.03,-187500.03,-161210.78,-76703.44,-116955.5,-149593.94,-75427.84,-140832.02,-145927.77,-125170.08
5275.1235,-187500.03,-187500.03,-187500.03,-187500.03,-187500.03,-187500.03,-187500.03,-187500.03,-168748.34,-82975.76,-121439.07,-168671.7,-80694.41,-145015.52,-159041.0,-131828.3
5275.146,-187500.03,-187500.03,-187500.03,-187500.03,-187500.03,-187500.03,-187500.03,-187500.03,-163517.73,-75727.96,-115338.65,-152882.47,-76076.9,-139998.44,-144563.4,-125524.49
5275.1685,-187500.03,-187500.03,-187500.03,-187500.03,-187500.03,-187500.03,-187500.03,-187500.03,-156736.3,-70136.445,-111265.555,-135428.05,-71328.02,-136282.6,-132800.25,-119556.336
5275.191,-187500.03,-187500.03,-187500.03,-187500.03,-187500.03,-187500.03,-187500.03,-187500.03,-159739.08,-75094.47,-115674.03,-145508.61,-74272.57,-139740.56,-142648.4,-123643.89
5275.2134,-187500.03,-187500.03,-187500.03,-187500.03,-187500.03,-187500.03,-187500.03,-187500.03,-168255.16,-82908.305,-121509.766,-167638.9,-80469.15,-145001.73,-158774.38,-131597.75
5275.2354,-187500.03,-187500.03,-187500.03,-187500.03,-187500.03,-187500.03,-187500.03,-187500.03,-165032.23,-77373.48,-116649.24,-157099.31,-77269.02,-141126.11,-147913.62,-127084.85
5275.258,-187500.03,-187500.03,-187500.03,-187500.03,-187500.03,-187500.03,-187500.03,-187500.03,-157349.9,-70401.09,-111399.016,-136695.39,-71684.086,-136454.66,-133367.81,-119963.43
5275.2803,-187500.03,-187500.03,-187500.03,-187500.03,-187500.03,-187500.03,-187500.03,-187500.03,-158474.19,-73609.87,-114466.77,-141883.94,-73246.27,-138732.89,-139632.95,-122273.52
5275.3027,-187500.03,-187500.03,-187500.03,-187500.03,-187500.03,-187500.03,-187500.03,-187500.03,-167335.9,-82353.42,-121198.56,-165428.67,-79907.94,-144658.5,-157528.77,-130914.87
5275.3247,-187500.03,-187500.03,-187500.03,-187500.03,-187500.03,-187500.03,-187500.03,-187500.03,-166436.64,-79017.65,-117988.09,-161082.47,-78416.56,-142261.33,-151236.53,-128602.68
5275.347,-187500.03,-187500.03,-187500.03,-187500.03,-187500.03,-187500.03,-187500.03,-187500.03,-158225.48,-70962.88,-111775.086,-138742.05,-72251.125,-136826.52,-134553.92,-120647.26
5275.3696,-187500.03,-187500.03,-187500.03,-187500.03,-187500.03,-187500.03,-187500.03,-187500.03,-157493.94,-72344.375,-113403.14,-138940.28,-72408.69,-137867.2,-137072.14,-121143.6
5275.392,-187500.03,-187500.03,-187500.03,-187500.03,-187500.03,-187500.03,-187500.03,-187500.03,-166074.73,-81371.06,-120527.09,-162255.84,-79055.42,-144015.03,-155431.72,-129843.875
5275.4146,-187500.03,-187500.03,-187500.03,-187500.03,-187500.03,-187500.03,-187500.03,-187500.03,-167618.3,-80535.84,-119243.48,-164517.67,-79426.28,-143313.72,-154268.14,-129960.13
5275.4365,-187500.03,-187500.03,-187500.03,-187500.03,-187500.03,-187500.03,-187500.03,-187500.03,-159340.42,-71819.4,-112388.15,-141516.11,-73023.02,-137399.02,-136342.55,-121597.9
5275.459,-187500.03,-187500.03,-187500.03,-187500.03,-187500.03,-187500.03,-187500.03,-187500.03,-156833.94,-71353.34,-112536.43,-136787.22,-71805.63,-137184.6,-135070.64,-120305.55
5275.4814,-187500.03,-187500.03,-187500.03,-187500.03,-187500.03,-187500.03,-187500.03,-187500.03,-164558.83,-80035.26,-119551.734,-158343.94,-77982.984,-143121.58,-152641.47,-128465.56
5275.504,-187500.03,-187500.03,-187500.03,-187500.03,-187500.03,-187500.03,-187500.03,-187500.03,-168478.25,-81812.555,-120332.88,-167125.58,-80222.92,-144204.3,-156772.25,-131050.945
5275.526,-187500.03,-187500.03,-187500.03,-187500.03,-187500.03,-187500.03,-187500.03,-187500.03,-160663.66,-72956.75,-113231.95,-144956.14,-73970.445,-138159.47,-138709.61,-122790.43
5275.5483,-187500.03,-187500.03,-187500.03,-187500.03,-187500.03,-187500.03,-187500.03,-187500.03,-156515.11,-70665.12,-111896.414,-135495.67,-71440.36,-136704.86,-133693.16,-119779.74
5275.571,-187500.03,-187500.03,-187500.03,-187500.03,-187500.03,-187500.03,-187500.03,-187500.03,-162924.56,-78462.83,-118359.875,-154016.06,-76773.95,-142065.33,-149400.77,-126896.62
5275.5933,-187500.03,-187500.03,-187500.03,-187500.03,-187500.03,-187500.03,-187500.03,-187500.03,-168897.86,-82683.016,-121125.14,-168564.94,-80694.54,-144827.34,-158437.89,-131728.42
5275.6157,-187500.03,-187500.03,-187500.03,-187500.03,-187500.03,-187500.03,-187500.03,-187500.03,-162122.62,-74325.01,-114281.03,-148863.39,-75054.234,-139086.81,-141546.47,-124167.01
5275.6377,-187500.03,-187500.03,-187500.03,-187500.03,-187500.03,-187500.03,-187500.03,-187500.03,-156536.44,-70309.65,-111525.06,-135112.66,-71336.83,-136452.17,-132997.78,-119581.75
5275.66,-187500.03,-187500.03,-187500.03,-187500.03,-187500.03,-187500.03,-187500.03,-187500.03,-161332.69,-76826.77,-117088.766,-149709.23,-75562.78,-140957.42,-146053.12,-125299.71
5275.6826,-187500.03,-187500.03,-187500.03,-187500.03,-187500.03,-187500.03,-187500.03,-187500.03,-168865.92,-83100.414,-121572.69,-168781.03,-80828.32,-145141.97,-159166.25,-131956.33
5275.705,-187500.03,-187500.03,-187500.03,-187500.03,-187500.03,-187500.03,-187500.03,-187500.03,-163647.5,-75864.35,-115481.695,-153027.12,-76218.43,-140132.66,-144713.05,-125662.086
5275.727,-187500.03,-187500.03,-187500.03,-187500.03,-187500.03,-187500.03,-187500.03,-187500.03,-156862.36,-70264.74,-111402.484,-135561.89,-71465.125,-136411.2,-132935.64,-119684.63
5275.7495,-187500.03,-187500.03,-187500.03,-187500.03,-187500.03,-187500.03,-187500.03,-187500.03,-159849.1,-75204.4,-115797.82,-145599.38,-74396.805,-139858.0,-142751.27,-123752.56
5275.772,-187500.03,-187500.03,-187500.03,-187500.03,-187500.03,-187500.03,-187500.03,-187500.03,-168361.66,-83021.0,-121637.125,-167726.12,-80593.29,-145121.81,-158884.5,-131706.0
5275.7944,-187500.03,-187500.03,-187500.03,-187500.03,-187500.03,-187500.03,-187500.03,-187500.03,-165175.92,-77521.914,-116801.766,-157283.66,-77420.91,-141269.0,-148097.67,-127226.22
5275.817,-187500.03,-187500.03,-187500.03,-187500.03,-187500.03,-187500.03,-187500.03,-187500.03,-157487.02,-70532.164,-111532.73,-136854.28,-71825.91,-136583.28,-133519.88,-120088.82
5275.839,-187500.03,-187500.03,-187500.03,-187500.03,-187500.03,-187500.03,-187500.03,-187500.03,-158571.47,-73701.15,-114566.86,-141942.58,-73355.7,-138834.22,-139708.05,-122358.734
5275.8613,-187500.03,-187500.03,-187500.03,-187500.03,-187500.03,-187500.03,-187500.03,-187500.03,-167421.11,-82444.52,-121301.05,-165474.38,-80011.336,-144760.33,-157608.39,-130997.125
5275.884,-187500.03,-187500.03,-187500.03,-187500.03,-187500.03,-187500.03,-187500.03,-187500.03,-166577.83,-79165.125,-118133.54,-161279.83,-78563.17,-142402.05,-151431.17,-128740.445
5275.9062,-187500.03,-187500.03,-187500.03,-187500.03,-187500.03,-187500.03,-187500.03,-187500.03,-158367.28,-71095.18,-111906.89,-138924.17,-72393.57,-136957.14,-134718.19,-120777.055
5275.928,-187500.03,-187500.03,-187500.03,-187500.03,-187500.03,-187500.03,-187500.03,-187500.03,-157590.2,-72428.87,-113497.4,-139001.95,-72515.75,-137964.73,-137145.34,-121230.055
5275.9507,-187500.03,-187500.03,-187500.03,-187500.03,-187500.03,-187500.03,-187500.03,-187500.03,-166146.97,-81442.3,-120614.58,-162272.69,-79146.68,-144102.3,-155486.5,-129916.3
5275.973,-187500.03,-187500.03,-187500.03,-187500.03,-187500.03,-187500.03,-187500.03,-187500.03,-167746.36,-80668.14,-119378.91,-164686.42,-79560.55,-143442.56,-154444.8,-130091.266
5275.9956,-187500.03,-187500.03,-187500.03,-187500.03,-187500.03,-187500.03,-187500.03,-187500.03,-159477.78,-71945.71,-112514.75,-141702.97,-73155.43,-137523.39,-136510.5,-121729.42
5276.018,-187500.03,-187500.03,-187500.03,-187500.03,-187500.03,-187500.03,-187500.03,-187500.03,-156938.4,-71440.97,-112631.336,-136874.58,-71908.38,-137283.55,-135163.28,-120402.51
5276.04,-187500.03,-187500.03,-187500.03,-187500.03,-187500.03,-187500.03,-187500.03,-187500.03,-164638.36,-80104.43,-119634.836,-158372.98,-78068.97,-143208.94,-152702.17,-128542.734
5276.0625,-187500.03,-187500.03,-187500.03,-187500.03,-187500.03,-187500.03,-187500.03,-187500.03,-168575.81,-81905.38,-120434.31,-167217.81,-80324.11,-144306.11,-156885.8,-131148.48
5276.085,-187500.03,-187500.03,-187500.03,-187500.03,-187500.03,-187500.03,-187500.03,-187500.03,-160779.33,-73063.88,-113343.44,-145100.62,-74086.23,-138270.27,-138849.88,-122903.555
5276.1074,-187500.03,-187500.03,-187500.03,-187500.03,-187500.03,-187500.03,-187500.03,-187500.03,-156617.72,-70756.89,-111995.516,-135603.5,-71546.29,-136803.72,-133802.14,-119879.836
5276.1294,-187500.03,-187500.03,-187500.03,-187500.03,-187500.03,-187500.03,-187500.03,-187500.03,-163014.23,-78543.79,-118450.44,-154093.25,-76869.29,-142154.42,-149491.92,-126986.055
5276.152,-187500.03,-187500.03,-187500.03,-187500.03,-187500.03,-187500.03,-187500.03,-187500.03,-168994.55,-82772.92,-121222.17,-168662.56,-80794.01,-144922.11,-158546.5,-131824.6
5276.1743,-187500.03,-187500.03,-187500.03,-187500.03,-187500.03,-187500.03,-187500.03,-187500.03,-162231.78,-74423.36,-114383.625,-148990.05,-75159.336,-139186.48,-141668.77,-124271.37
5276.197,-187500.03,-187500.03,-187500.03,-187500.03,-187500.03,-187500.03,-187500.03,-187500.03,-156630.58,-70389.43,-111612.63,-135195.73,-71427.71,-136541.53,-133080.97,-119670.664
5276.2188,-187500.03,-187500.03,-187500.03,-187500.03,-187500.03,-187500.03,-187500.03,-187500.03,-161398.69,-76883.28,-117160.13,-149727.34,-75634.195,-141032.56,-146092.55,-125366.77
5276.241,-187500.03,-187500.03,-187500.03,-187500.03,-187500.03,-187500.03,-187500.03,-187500.03,-168956.81,-83190.56,-121673.92,-168875.08,-80922.06,-145240.22,-159277.31,-132053.83
5276.2637,-187500.03,-187500.03,-187500.03,-187500.03,-187500.03,-187500.03,-187500.03,-187500.03,-163780.89,-75988.02,-115606.62,-153231.05,-76341.96,-140252.14,-144893.77,-125794.04
5276.286,-187500.03,-187500.03,-187500.03,-187500.03,-187500.03,-187500.03,-187500.03,-187500.03,-156966.0,-70348.055,-111492.2,-135673.16,-71562.65,-136502.31,-133032.03,-119780.59
5276.3086,-187500.03,-187500.03,-187500.03,-187500.03,-187500.03,-187500.03,-187500.03,-187500.03,-159897.97,-75240.49,-115852.16,-145575.89,-74454.875,-139915.89,-142754.03,-123800.22
5276.3306,-187500.03,-187500.03,-187500.03,-187500.03,-187500.03,-187500.03,-187500.03,-187500.03,-168429.14,-83092.08,-121724.19,-167769.67,-80671.74,-145203.89,-158959.06,-131782.39
5276.353,-187500.03,-187500.03,-187500.03,-187500.03,-187500.03,-187500.03,-187500.03,-187500.03,-165295.42,-77639.35,-116921.53,-157473.23,-77534.45,-141380.56,-148269.11,-127348.42
5276.3755,-187500.03,-187500.03,-187500.03,-187500.03,-187500.03,-187500.03,-187500.03,-187500.03,-157588.48,-70619.31,-111626.83,-136981.7,-71921.59,-136674.48,-133624.88,-120186.01
5276.398,-187500.03,-187500.03,-187500.03,-187500.03,-187500.03,-187500.03,-187500.03,-187500.03,-158636.97,-73754.99,-114635.69,-141967.92,-73424.68,-138901.06,-139741.92,-122422.75
5276.42,-187500.03,-187500.03,-187500.03,-187500.03,-187500.03,-187500.03,-187500.03,-187500.03,-167493.34,-82515.31,-121386.72,-165522.6,-80090.44,-144839.14,-157678.08,-131074.88
5276.4424,-187500.03,-187500.03,-187500.03,-187500.03,-187500.03,-187500.03,-187500.03,-187500.03,-166688.38,-79273.91,-118245.56,-161436.08,-78670.81,-142504.5,-151579.44,-128853.78
5276.465,-187500.03,-187500.03,-187500.03,-187500.03,-187500.03,-187500.03,-187500.03,-187500.03,-158467.55,-71185.93,-112000.5,-139049.25,-72491.164,-137045.97,-134828.67,-120874.11
5276.4873,-187500.03,-187500.03,-187500.03,-187500.03,-187500.03,-187500.03,-187500.03,-187500.03,-157663.55,-72493.06,-113569.44,-139053.02,-72591.56,-138034.84,-137202.92,-121300.65
5276.51,-187500.03,-187500.03,-187500.03,-187500.03,-187500.03,-187500.03,-187500.03,-187500.03,-166217.55,-81509.77,-120690.375,-162323.05,-79223.125,-144175.17,-155554.61,-129989.43
5276.5317,-187500.03,-187500.03,-187500.03,-187500.03,-187500.03,-187500.03,-187500.03,-187500.03,-167833.05,-80751.72,-119465.766,-164791.64,-79648.57,-143525.84,-154552.4,-130179.625
5276.554,-187500.03,-187500.03,-187500.03,-187500.03,-187500.03,-187500.03,-187500.03,-187500.03,-159561.27,-72021.375,-112594.37,-141804.19,-73239.12,-137599.39,-136605.6,-121810.33
5276.5767,-187500.03,-187500.03,-187500.03,-187500.03,-187500.03,-187500.03,-187500.03,-187500.03,-156998.98,-71492.62,-112691.26,-136917.83,-71973.945,-137342.66,-135211.9,-120460.71
5276.599,-187500.03,-187500.03,-187500.03,-187500.03,-187500.03,-187500.03,-187500.03,-187500.03,-164688.7,-80150.5,-119692.836,-158397.0,-78128.38,-143264.56,-152744.55,-128595.76
5276.621,-187500.03,-187500.03,-187500.03,-187500.03,-187500.03,-187500.03,-187500.03,-187500.03,-168649.34,-81976.164,-120512.75,-167306.81,-80402.27,-144379.02,-156980.83,-131227.08
5276.6436,-187500.03,-187500.03,-187500.03,-187500.03,-187500.03,-187500.03,-187500.03,-187500.03,-160855.95,-73131.25,-113416.71,-145195.97,-74164.63,-138340.36,-138940.48,-122982.34
5276.666,-187500.03,-187500.03,-187500.03,-187500.03,-187500.03,-187500.03,-187500.03,-187500.03,-156674.25,-70801.88,-112048.72,-135647.9,-71605.92,-136857.25,-133850.95,-119937.836
5276.6885,-187500.03,-187500.03,-187500.03,-187500.03,-187500.03,-187500.03,-187500.03,-187500.03,-163055.72,-78578.37,-118497.58,-154102.45,-76918.08,-142202.3,-149521.38,-127033.1
5276.711,-187500.03,-187500.03,-187500.03,-187500.03,-187500.03,-187500.03,-187500.03,-187500.03,-169056.5,-82831.55,-121289.29,-168730.75,-80859.74,-144987.78,-158625.56,-131895.17
5276.733,-187500.03,-187500.03,-187500.03,-187500.03,-187500.03,-187500.03,-187500.03,-187500.03,-162297.16,-74480.84,-114446.055,-149076.17,-75224.266,-139248.72,-141750.05,-124341.13
5276.7554,-187500.03,-187500.03,-187500.03,-187500.03,-187500.03,-187500.03,-187500.03,-187500.03,-156684.44,-70434.65,-111665.586,-135252.1,-71484.88,-136593.34,-133138.11,-119728.42
5276.778,-187500.03,-187500.03,-187500.03,-187500.03,-187500.03,-187500.03,-187500.03,-187500.03,-161444.62,-76921.01,-117209.766,-149761.34,-75685.83,-141077.97,-146139.61,-125417.14
5276.8003,-187500.03,-187500.03,-187500.03,-187500.03,-187500.03,-187500.03,-187500.03,-187500.03,-168998.97,-83225.336,-121721.95,-168904.36,-80970.48,-145282.61,-159320.16,-132100.9
5276.8223,-187500.03,-187500.03,-187500.03,-187500.03,-187500.03,-187500.03,-187500.03,-187500.03,-163801.33,-76004.63,-115639.164,-153217.84,-76373.55,-140280.44,-144899.53,-125821.086
5276.8447,-187500.03,-187500.03,-187500.03,-187500.03,-187500.03,-187500.03,-187500.03,-187500.03,-157000.72,-70383.8,-111541.82,-135706.3,-71604.47,-136543.7,-133077.23,-119824.67
5276.867,-187500.03,-187500.03,-187500.03,-187500.03,-187500.03,-187500.03,-187500.03,-187500.03,-159980.98,-75319.84,-115935.91,-145721.1,-74531.32,-139988.2,-142885.86,-123891.1
5276.8896,-187500.03,-187500.03,-187500.03,-187500.03,-187500.03,-187500.03,-187500.03,-187500.03,-168501.78,-83144.336,-121782.46,-167870.97,-80734.64,-145256.38,-159041.44,-131854.98
5276.912,-187500.03,-187500.03,-187500.03,-187500.03,-187500.03,-187500.03,-187500.03,-187500.03,-165297.38,-77625.76,-116930.56,-157394.53,-77547.75,-141388.52,-148217.84,-127356.89
5276.934,-187500.03,-187500.03,-187500.03,-187500.03,-187500.03,-187500.03,-187500.03,-187500.03,-157605.78,-70638.805,-111663.664,-136967.4,-71953.67,-136704.64,-133640.14,-120219.6
5276.9565,-187500.03,-187500.03,-187500.03,-187500.03,-187500.03,-187500.03,-187500.03,-187500.03,-158695.4,-73813.6,-114703.45,-142067.83,-73489.46,-138959.39,-139840.92,-122495.52
5276.979,-187500.03,-187500.03,-187500.03,-187500.03,-187500.03,-187500.03,-187500.03,-187500.03,-167556.6,-82566.3,-121444.34,-165626.3,-80153.83,-144890.34,-157765.7,-131143.5
5277.0015,-187500.03,-187500.03,-187500.03,-187500.03,-187500.03,-187500.03,-187500.03,-187500.03,-166702.05,-79273.98,-118262.59,-161410.77,-78694.44,-142519.4,-151564.64,-128872.055
5277.0234,-187500.03,-187500.03,-187500.03,-187500.03,-187500.03,-187500.03,-187500.03,-187500.03,-158483.45,-71199.945,-112029.65,-139041.73,-72518.74,-137070.36,-134839.56,-120900.91
5277.046,-187500.03,-187500.03,-187500.03,-187500.03,-187500.03,-187500.03,-187500.03,-187500.03,-157692.61,-72520.84,-113609.38,-139085.78,-72631.555,-138070.17,-137240.81,-121340.5
5277.0684,-187500.03,-187500.03,-187500.03,-187500.03,-187500.03,-187500.03,-187500.03,-187500.03,-166243.14,-81531.44,-120724.17,-162347.75,-79258.35,-144204.84,-155583.05,-130022.375
5277.091,-187500.03,-187500.03,-187500.03,-187500.03,-187500.03,-187500.03,-187500.03,-187500.03,-167870.5,-80785.4,-119509.69,-164842.2,-79694.39,-143563.5,-154602.42,-130224.305
5277.1133,-187500.03,-187500.03,-187500.03,-187500.03,-187500.03,-187500.03,-187500.03,-187500.03,-159598.0,-72051.52,-112634.24,-141849.06,-73284.58,-137634.88,-136646.03,-121852.266
5277.1353,-187500.03,-187500.03,-187500.03,-187500.03,-187500.03,-187500.03,-187500.03,-187500.03,-157024.73,-71511.82,-112720.79,-136932.62,-72010.04,-137369.42,-135227.03,-120489.7
5277.1577,-187500.03,-187500.03,-187500.03,-187500.03,-187500.03,-187500.03,-187500.03,-187500.03,-164706.53,-80167.266,-119721.72,-158393.19,-78159.07,-143289.28,-152750.23,-128618.41
5277.18,-187500.03,-187500.03,-187500.03,-187500.03,-187500.03,-187500.03,-187500.03,-187500.03,-168704.6,-82033.08,-120572.67,-167400.77,-80460.81,-144431.7,-157067.38,-131287.03
5277.2026,-187500.03,-187500.03,-187500.03,-187500.03,-187500.03,-187500.03,-187500.03,-187500.03,-160916.12,-73183.93,-113471.07,-145296.78,-74222.55,-138390.06,-139020.72,-123039.39
5277.2246,-187500.03,-187500.03,-187500.03,-187500.03,-187500.03,-187500.03,-187500.03,-187500.03,-156705.2,-70822.25,-112077.95,-135660.88,-71640.12,-136886.11,-133863.2,-119962.49
5277.247,-187500.03,-187500.03,-187500.03,-187500.03,-187500.03,-187500.03,-187500.03,-187500.03,-163055.52,-78577.25,-118513.27,-154040.64,-76933.5,-142216.58,-149484.47,-127031.71
5277.2695,-187500.03,-187500.03,-187500.03,-187500.03,-187500.03,-187500.03,-187500.03,-187500.03,-169104.38,-82890.29,-121353.89,-168805.92,-80916.0,-145041.34,-158708.5,-131947.8
5277.292,-187500.03,-187500.03,-187500.03,-187500.03,-187500.03,-187500.03,-187500.03,-187500.03,-162373.78,-74556.98,-114521.22,-149220.31,-75299.7,-139313.17,-141871.62,-124417.125
5277.3145,-187500.03,-187500.03,-187500.03,-187500.03,-187500.03,-187500.03,-187500.03,-187500.03,-156726.69,-70467.125,-111703.74,-135291.3,-71529.55,-136627.67,-133173.84,-119766.664
5277.3364,-187500.03,-187500.03,-187500.03,-187500.03,-187500.03,-187500.03,-187500.03,-187500.03,-161441.08,-76914.86,-117217.695,-149690.55,-75696.625,-141086.5,-146094.47,-125415.51
5277.359,-187500.03,-187500.03,-187500.03,-187500.03,-187500.03,-187500.03,-187500.03,-187500.03,-169032.72,-83271.3,-121773.85,-168941.66,-81012.875,-145328.73,-159376.12,-132147.56
5277.3813,-187500.03,-187500.03,-187500.03,-187500.03,-187500.03,-187500.03,-187500.03,-187500.03,-163894.27,-76098.445,-115726.65,-153400.4,-76458.125,-140360.45,-145054.94,-125921.625
5277.404,-187500.03,-187500.03,-187500.03,-187500.03,-187500.03,-187500.03,-187500.03,-187500.03,-157058.44,-70428.66,-111588.25,-135773.6,-71661.016,-136590.2,-133131.17,-119884.51
5277.426,-187500.03,-187500.03,-187500.03,-187500.03,-187500.03,-187500.03,-187500.03,-187500.03,-159962.42,-75294.875,-115929.23,-145593.6,-74534.516,-139987.39,-142797.02,-123879.74
5277.448,-187500.03,-187500.03,-187500.03,-187500.03,-187500.03,-187500.03,-187500.03,-187500.03,-168502.89,-83166.17,-121818.24,-167824.92,-80761.305,-145287.8,-159043.64,-131879.5
5277.4707,-187500.03,-187500.03,-187500.03,-187500.03,-187500.03,-187500.03,-187500.03,-187500.03,-165396.98,-77740.06,-117034.67,-157612.19,-77644.914,-141480.83,-148411.97,-127475.07
5277.493,-187500.03,-187500.03,-187500.03,-187500.03,-187500.03,-187500.03,-187500.03,-187500.03,-157672.27,-70696.43,-111719.99,-137077.75,-72016.74,-136757.77,-133726.17,-120293.97
5277.5156,-187500.03,-187500.03,-187500.03,-187500.03,-187500.03,-187500.03,-187500.03,-187500.03,-158691.56,-73802.92,-114707.055,-141988.45,-73497.99,-138966.47,-139786.16,-122502.9
5277.5376,-187500.03,-187500.03,-187500.03,-187500.03,-187500.03,-187500.03,-187500.03,-187500.03,-167548.28,-82573.984,-121466.96,-165554.25,-80164.625,-144909.86,-157737.72,-131160.17
5277.56,-187500.03,-187500.03,-187500.03,-187500.03,-187500.03,-187500.03,-187500.03,-187500.03,-166777.16,-79365.24,-118350.305,-161562.12,-78769.836,-142596.98,-151708.72,-128972.63
5277.5825,-187500.03,-187500.03,-187500.03,-187500.03,-187500.03,-187500.03,-187500.03,-187500.03,-158551.97,-71262.484,-112092.81,-139160.47,-72584.44,-137128.56,-134935.61,-120983.695
5277.605,-187500.03,-187500.03,-187500.03,-187500.03,-187500.03,-187500.03,-187500.03,-187500.03,-157715.77,-72536.42,-113636.41,-139075.75,-72662.42,-138095.3,-137240.47,-121376.016
5277.627,-187500.03,-187500.03,-187500.03,-187500.03,-187500.03,-187500.03,-187500.03,-187500.03,-166257.7,-81554.68,-120762.62,-162323.16,-79290.05,-144236.45,-155587.53,-130057.914
5277.6494,-187500.03,-187500.03,-187500.03,-187500.03,-187500.03,-187500.03,-187500.03,-187500.03,-167919.77,-80847.516,-119578.31,-164922.22,-79752.125,-143620.84,-154688.62,-130295.055
5277.672,-187500.03,-187500.03,-187500.03,-187500.03,-187500.03,-187500.03,-187500.03,-187500.03,-159646.33,-72104.14,-112693.83,-141922.73,-73337.734,-137685.53,-136717.17,-121916.8
5277.6943,-187500.03,-187500.03,-187500.03,-187500.03,-187500.03,-187500.03,-187500.03,-187500.03,-157073.3,-71563.9,-112781.805,-136998.89,-72063.91,-137421.11,-135296.84,-120554.61
5277.717,-187500.03,-187500.03,-187500.03,-187500.03,-187500.03,-187500.03,-187500.03,-187500.03,-164766.17,-80228.195,-119788.57,-158480.06,-78222.06,-143348.05,-152835.12,-128691.195
5277.739,-187500.03,-187500.03,-187500.03,-187500.03,-187500.03,-187500.03,-187500.03,-187500.03,-168733.88,-82062.06,-120614.914,-167406.72,-80501.89,-144468.78,-157085.2,-131327.97
5277.761,-187500.03,-187500.03,-187500.03,-187500.03,-187500.03,-187500.03,-187500.03,-187500.03,-160937.58,-73212.81,-113515.99,-145290.23,-74261.195,-138427.2,-139038.11,-123076.445
5277.7837,-187500.03,-187500.03,-187500.03,-187500.03,-187500.03,-187500.03,-187500.03,-187500.03,-156752.36,-70879.58,-112145.52,-135724.92,-71700.02,-136942.42,-133935.45,-120024.2
5277.806,-187500.03,-187500.03,-187500.03,-187500.03,-187500.03,-187500.03,-187500.03,-187500.03,-163126.95,-78651.66,-118592.086,-154158.58,-77007.71,-142284.44,-149590.55,-127110.57
5277.828,-187500.03,-187500.03,-187500.03,-187500.03,-187500.03,-187500.03,-187500.03,-187500.03,-169139.08,-82921.555,-121397.05,-168820.81,-80959.86,-145080.36,-158727.92,-131985.56
5277.8506,-187500.03,-187500.03,-187500.03,-187500.03,-187500.03,-187500.03,-187500.03,-187500.03,-162393.56,-74582.39,-114561.74,-149201.84,-75336.05,-139350.1,-141879.19,-124444.51
5277.873,-187500.03,-187500.03,-187500.03,-187500.03,-187500.03,-187500.03,-187500.03,-187500.03,-156768.27,-70519.42,-111765.61,-135341.81,-71585.266,-136683.95,-133235.17,-119815.84
5277.8955,-187500.03,-187500.03,-187500.03,-187500.03,-187500.03,-187500.03,-187500.03,-187500.03,-161514.8,-76995.89,-117300.78,-149815.39,-75775.93,-141162.61,-146208.95,-125491.9
5277.9175,-187500.03,-187500.03,-187500.03,-187500.03,-187500.03,-187500.03,-187500.03,-187500.03,-169088.42,-83327.29,-121834.38,-169009.23,-81077.875,-145386.86,-159436.81,-132200.05
5277.94,-187500.03,-187500.03,-187500.03,-187500.03,-187500.03,-187500.03,-187500.03,-187500.03,-163920.47,-76130.586,-115769.45,-153389.5,-76502.0,-140401.84,-145066.55,-125948.77
5277.9624,-187500.03,-187500.03,-187500.03,-187500.03,-187500.03,-187500.03,-187500.03,-187500.03,-157098.53,-70479.55,-111645.94,-135805.88,-71715.734,-136644.73,-133183.53,-119927.555
5277.985,-187500.03,-187500.03,-187500.03,-187500.03,-187500.03,-187500.03,-187500.03,-187500.03,-160023.05,-75364.55,-116000.39,-145683.98,-74603.29,-140054.33,-142888.16,-123941.234
5278.0073,-187500.03,-187500.03,-187500.03,-187500.03,-187500.03,-187500.03,-187500.03,-187500.03,-168566.45,-83231.016,-121883.83,-167910.03,-80829.97,-145352.92,-159123.61,-131938.86
5278.0293,-187500.03,-187500.03,-187500.03,-187500.03,-187500.03,-187500.03,-187500.03,-187500.03,-165453.17,-77795.37,-117094.62,-157664.4,-77707.68,-141541.95,-148469.92,-127526.445
5278.052,-187500.03,-187500.03,-187500.03,-187500.03,-187500.03,-187500.03,-187500.03,-187500.03,-157732.27,-70755.44,-111782.73,-137134.16,-72082.21,-136822.34,-133789.55,-120348.08
5278.074,-187500.03,-187500.03,-187500.03,-187500.03,-187500.03,-187500.03,-187500.03,-187500.03,-158749.56,-73861.836,-114768.74,-142041.19,-73562.88,-139030.22,-139846.22,-122554.58
5278.0967,-187500.03,-187500.03,-187500.03,-187500.03,-187500.03,-187500.03,-187500.03,-187500.03,-167611.31,-82639.68,-121534.35,-165617.0,-80235.39,-144978.5,-157808.66,-131218.38
5278.1187,-187500.03,-187500.03,-187500.03,-187500.03,-187500.03,-187500.03,-187500.03,-187500.03,-166858.73,-79449.35,-118430.73,-161674.27,-78854.63,-142676.16,-151819.67,-129049.62
5278.141,-187500.03,-187500.03,-187500.03,-187500.03,-187500.03,-187500.03,-187500.03,-187500.03,-158627.36,-71334.91,-112162.734,-139249.73,-72661.88,-137198.98,-135022.4,-121051.18
5278.1636,-187500.03,-187500.03,-187500.03,-187500.03,-187500.03,-187500.03,-187500.03,-187500.03,-157762.95,-72581.64,-113684.75,-139090.97,-72716.47,-138147.55,-137270.2,-121417.12
5278.186,-187500.03,-187500.03,-187500.03,-187500.03,-187500.03,-187500.03,-187500.03,-187500.03,-166298.6,-81602.4,-120815.75,-162328.94,-79339.02,-144290.62,-155616.77,-130098.46
5278.2085,-187500.03,-187500.03,-187500.03,-187500.03,-187500.03,-187500.03,-187500.03,-187500.03,-168022.0,-80958.516,-119682.42,-165083.52,-79847.414,-143718.52,-154841.1,-130397.98
5278.2305,-187500.03,-187500.03,-187500.03,-187500.03,-187500.03,-187500.03,-187500.03,-187500.03,-159759.8,-72208.97,-112791.62,-142094.97,-73438.65,-137778.47,-136860.78,-122021.87
5278.253,-187500.03,-187500.03,-187500.03,-187500.03,-187500.03,-187500.03,-187500.03,-187500.03,-157116.77,-71592.24,-112817.62,-136978.84,-72111.14,-137461.83,-135287.22,-120587.42
5278.2754,-187500.03,-187500.03,-187500.03,-187500.03,-187500.03,-187500.03,-187500.03,-187500.03,-164757.72,-80225.16,-119807.75,-158347.39,-78237.95,-143368.89,-152759.08,-128686.664
5278.298,-187500.03,-187500.03,-187500.03,-187500.03,-187500.03,-187500.03,-187500.03,-187500.03,-168830.03,-82178.56,-120730.38,-167565.73,-80600.15,-144571.5,-157251.69,-131436.95
5278.32,-187500.03,-187500.03,-187500.03,-187500.03,-187500.03,-187500.03,-187500.03,-187500.03,-161073.62,-73340.8,-113635.13,-145536.33,-74379.44,-138535.89,-139237.27,-123209.46
5278.3423,-187500.03,-187500.03,-187500.03,-187500.03,-187500.03,-187500.03,-187500.03,-187500.03,-156814.19,-70921.016,-112194.41,-135755.16,-71756.664,-136992.64,-133959.5,-120078.32
5278.3647,-187500.03,-187500.03,-187500.03,-187500.03,-187500.03,-187500.03,-187500.03,-187500.03,-163128.0,-78650.14,-118611.77,-154044.1,-77024.99,-142307.11,-149522.06,-127115.3
5278.387,-187500.03,-187500.03,-187500.03,-187500.03,-187500.03,-187500.03,-187500.03,-187500.03,-169222.72,-83019.77,-121498.08,-168937.81,-81044.34,-145171.39,-158858.86,-132082.08
5278.4097,-187500.03,-187500.03,-187500.03,-187500.03,-187500.03,-187500.03,-187500.03,-187500.03,-162530.62,-74712.48,-114684.766,-149448.25,-75455.83,-139463.22,-142082.4,-124585.03
5278.4316,-187500.03,-187500.03,-187500.03,-187500.03,-187500.03,-187500.03,-187500.03,-187500.03,-156848.47,-70579.08,-111831.32,-135414.02,-71658.516,-136749.05,-133294.27,-119894.09
5278.454,-187500.03,-187500.03,-187500.03,-187500.03,-187500.03,-187500.03,-187500.03,-187500.03,-161524.38,-76996.76,-117324.43,-149711.14,-75800.516,-141188.31,-146145.47,-125506.15
5278.4766,-187500.03,-187500.03,-187500.03,-187500.03,-187500.03,-187500.03,-187500.03,-187500.03,-169150.45,-83401.2,-121920.19,-169062.08,-81148.15,-145463.2,-159517.61,-132275.92
5278.499,-187500.03,-187500.03,-187500.03,-187500.03,-187500.03,-187500.03,-187500.03,-187500.03,-164055.61,-76262.73,-115898.29,-153633.97,-76623.73,-140518.36,-145274.97,-126087.47
5278.521,-187500.03,-187500.03,-187500.03,-187500.03,-187500.03,-187500.03,-187500.03,-187500.03,-157192.64,-70552.77,-111725.13,-135925.25,-71800.13,-136721.78,-133276.97,-120016.16
5278.5435,-187500.03,-187500.03,-187500.03,-187500.03,-187500.03,-187500.03,-187500.03,-187500.03,-160044.64,-75370.22,-116026.875,-145614.88,-74632.86,-140085.8,-142844.7,-123959.99
5278.566,-187500.03,-187500.03,-187500.03,-187500.03,-187500.03,-187500.03,-187500.03,-187500.03,-168608.2,-83278.83,-121947.195,-167914.98,-80881.914,-145412.88,-159159.9,-131988.64
5278.5884,-187500.03,-187500.03,-187500.03,-187500.03,-187500.03,-187500.03,-187500.03,-187500.03,-165561.98,-77906.81,-117204.98,-157853.9,-77809.266,-141643.78,-148638.6,-127638.875
5278.611,-187500.03,-187500.03,-187500.03,-187500.03,-187500.03,-187500.03,-187500.03,-187500.03,-157824.08,-70836.57,-111867.78,-137262.16,-72168.36,-136903.14,-133895.92,-120436.37
5278.633,-187500.03,-187500.03,-187500.03,-187500.03,-187500.03,-187500.03,-187500.03,-187500.03,-158791.73,-73894.47,-114815.234,-142035.7,-73611.586,-139077.83,-139853.34,-122592.555
5278.6553,-187500.03,-187500.03,-187500.03,-187500.03,-187500.03,-187500.03,-187500.03,-187500.03,-167653.31,-82686.44,-121593.9,-165622.88,-80286.98,-145034.94,-157840.22,-131261.56
5278.6777,-187500.03,-187500.03,-187500.03,-187500.03,-187500.03,-187500.03,-187500.03,-187500.03,-166943.31,-79538.94,-118523.53,-161795.39,-78937.78,-142762.84,-151937.7,-129134.74
5278.7,-187500.03,-187500.03,-187500.03,-187500.03,-187500.03,-187500.03,-187500.03,-187500.03,-158711.34,-71415.8,-112248.63,-139359.17,-72742.51,-137281.64,-135123.77,-121132.36
5278.722,-187500.03,-187500.03,-187500.03,-187500.03,-187500.03,-187500.03,-187500.03,-187500.03,-157818.81,-72630.59,-113745.5,-139118.23,-72774.85,-138209.94,-137306.23,-121467.14
5278.7446,-187500.03,-187500.03,-187500.03,-187500.03,-187500.03,-187500.03,-187500.03,-187500.03,-166347.55,-81650.28,-120878.4,-162340.19,-79397.25,-144353.66,-155648.67,-130142.75
5278.767,-187500.03,-187500.03,-187500.03,-187500.03,-187500.03,-187500.03,-187500.03,-187500.03,-168102.36,-81038.02,-119770.516,-165178.66,-79931.03,-143803.86,-154940.69,-130473.375
5278.7896,-187500.03,-187500.03,-187500.03,-187500.03,-187500.03,-187500.03,-187500.03,-187500.03,-159840.28,-72283.72,-112876.555,-142187.64,-73520.86,-137861.12,-136953.14,-122096.3
5278.812,-187500.03,-187500.03,-187500.03,-187500.03,-187500.03,-187500.03,-187500.03,-187500.03,-157185.62,-71655.3,-112893.836,-137039.12,-72183.67,-137536.23,-135353.39,-120649.41
5278.834,-187500.03,-187500.03,-187500.03,-187500.03,-187500.03,-187500.03,-187500.03,-187500.03,-164823.12,-80286.664,-119882.23,-158397.1,-78305.875,-143441.45,-152818.45,-128743.93
5278.8564,-187500.03,-187500.03,-187500.03,-187500.03,-187500.03,-187500.03,-187500.03,-187500.03,-168910.98,-82256.68,-120817.96,-167656.61,-80679.45,-144656.27,-157343.11,-131510.2
5278.879,-187500.03,-187500.03,-187500.03,-187500.03,-187500.03,-187500.03,-187500.03,-187500.03,-161152.64,-73416.93,-113721.92,-145621.98,-74458.695,-138619.84,-139323.81,-123283.555
5278.9014,-187500.03,-187500.03,-187500.03,-187500.03,-187500.03,-187500.03,-187500.03,-187500.03,-156884.38,-70988.39,-112274.516,-135818.61,-71830.664,-137070.28,-134029.22,-120144.75
5278.9233,-187500.03,-187500.03,-187500.03,-187500.03,-187500.03,-187500.03,-187500.03,-187500.03,-163183.92,-78704.99,-118682.32,-154072.7,-77088.53,-142374.61,-149565.66,-127167.61
5278.946,-187500.03,-187500.03,-187500.03,-187500.03,-187500.03,-187500.03,-187500.03,-187500.03,-169300.3,-83102.38,-121589.56,-169026.83,-81126.65,-145256.75,-158953.39,-132159.66
5278.9683,-187500.03,-187500.03,-187500.03,-187500.03,-187500.03,-187500.03,-187500.03,-187500.03,-162617.31,-74800.09,-114778.016,-149560.45,-75543.07,-139550.23,-142188.58,-124669.79
5278.9907,-187500.03,-187500.03,-187500.03,-187500.03,-187500.03,-187500.03,-187500.03,-187500.03,-156923.2,-70649.984,-111911.52,-135488.44,-71734.195,-136825.58,-133368.25,-119966.47
5279.013,-187500.03,-187500.03,-187500.03,-187500.03,-187500.03,-187500.03,-187500.03,-187500.03,-161582.88,-77051.945,-117391.93,-149742.98,-75861.984,-141253.83,-146184.73,-125562.875
5279.035,-187500.03,-187500.03,-187500.03,-187500.03,-187500.03,-187500.03,-187500.03,-187500.03,-169228.12,-83481.02,-122005.15,-169149.11,-81222.805,-145543.53,-159603.64,-132354.56
5279.0576,-187500.03,-187500.03,-187500.03,-187500.03,-187500.03,-187500.03,-187500.03,-187500.03,-164151.28,-76353.61,-115989.93,-153762.42,-76709.18,-140605.84,-145386.0,-126182.24
5279.08,-187500.03,-187500.03,-187500.03,-187500.03,-187500.03,-187500.03,-187500.03,-187500.03,-157274.58,-70624.79,-111802.13,-136007.44,-71876.04,-136796.16,-133350.98,-120096.18
5279.1025,-187500.03,-187500.03,-187500.03,-187500.03,-187500.03,-187500.03,-187500.03,-187500.03,-160111.3,-75431.53,-116094.13,-145655.88,-74700.3,-140151.92,-142889.05,-124025.75
5279.1245,-187500.03,-187500.03,-187500.03,-187500.03,-187500.03,-187500.03,-187500.03,-187500.03,-168686.19,-83358.65,-122028.15,-167993.27,-80958.0,-145488.2,-159237.9,-132066.62
5279.147,-187500.03,-187500.03,-187500.03,-187500.03,-187500.03,-187500.03,-187500.03,-187500.03,-165658.19,-77998.27,-117293.89,-157980.62,-77896.04,-141727.6,-148749.22,-127731.4
5279.1694,-187500.03,-187500.03,-187500.03,-187500.03,-187500.03,-187500.03,-187500.03,-187500.03,-157905.75,-70907.56,-111939.77,-137347.17,-72241.67,-136973.05,-133969.78,-120511.92
5279.192,-187500.03,-187500.03,-187500.03,-187500.03,-187500.03,-187500.03,-187500.03,-187500.03,-158857.94,-73950.1,-114874.87,-142079.19,-73672.38,-139137.33,-139893.8,-122651.92
5279.2144,-187500.03,-187500.03,-187500.03,-187500.03,-187500.03,-187500.03,-187500.03,-187500.03,-167722.38,-82750.37,-121660.24,-165677.94,-80352.83,-145100.53,-157892.89,-131324.53
5279.2363,-187500.03,-187500.03,-187500.03,-187500.03,-187500.03,-187500.03,-187500.03,-187500.03,-167040.98,-79629.21,-118609.09,-161927.1,-79025.13,-142846.88,-152047.62,-129222.44
5279.259,-187500.03,-187500.03,-187500.03,-187500.03,-187500.03,-187500.03,-187500.03,-187500.03,-158796.61,-71486.79,-112318.01,-139455.52,-72818.68,-137351.28,-135197.86,-121203.17
5279.2812,-187500.03,-187500.03,-187500.03,-187500.03,-187500.03,-187500.03,-187500.03,-187500.03,-157888.95,-72690.05,-113805.65,-139177.4,-72842.04,-138271.5,-137353.39,-121524.48
5279.3037,-187500.03,-187500.03,-187500.03,-187500.03,-187500.03,-187500.03,-187500.03,-187500.03,-166414.38,-81713.0,-120939.42,-162399.94,-79460.93,-144415.67,-155698.75,-130197.8
5279.3257,-187500.03,-187500.03,-187500.03,-187500.03,-187500.03,-187500.03,-187500.03,-187500.03,-168193.38,-81126.16,-119847.94,-165306.9,-80009.125,-143881.98,-155043.17,-130551.89
5279.348,-187500.03,-187500.03,-187500.03,-187500.03,-187500.03,-187500.03,-187500.03,-187500.03,-159922.81,-72356.625,-112939.164,-142289.3,-73587.56,-137929.39,-137027.38,-122163.04
5279.3706,-187500.03,-187500.03,-187500.03,-187500.03,-187500.03,-187500.03,-187500.03,-187500.03,-157267.17,-71727.78,-112957.42,-137127.94,-72249.27,-137606.0,-135424.69,-120716.7
5279.393,-187500.03,-187500.03,-187500.03,-187500.03,-187500.03,-187500.03,-187500.03,-187500.03,-164910.88,-80366.35,-119951.516,-158498.38,-78377.38,-143516.67,-152900.7,-128816.945
5279.4155,-187500.03,-187500.03,-187500.03,-187500.03,-187500.03,-187500.03,-187500.03,-187500.03,-168991.62,-82329.91,-120881.484,-167737.7,-80745.59,-144726.03,-157409.4,-131574.92
5279.4375,-187500.03,-187500.03,-187500.03,-187500.03,-187500.03,-187500.03,-187500.03,-187500.03,-161224.67,-73483.06,-113780.125,-145685.16,-74518.42,-138685.1,-139377.7,-123341.54
5279.46,-187500.03,-187500.03,-187500.03,-187500.03,-187500.03,-187500.03,-187500.03,-187500.03,-156959.6,-71060.2,-112337.055,-135893.06,-71894.26,-137139.25,-134093.25,-120208.9
5279.4824,-187500.03,-187500.03,-187500.03,-187500.03,-187500.03,-187500.03,-187500.03,-187500.03,-163257.97,-78775.06,-118742.086,-154147.61,-77150.83,-142442.47,-149626.19,-127230.41
5279.505,-187500.03,-187500.03,-187500.03,-187500.03,-187500.03,-187500.03,-187500.03,-187500.03,-169373.34,-83170.664,-121648.414,-169102.17,-81186.26,-145323.61,-159015.25,-132220.45
5279.527,-187500.03,-187500.03,-187500.03,-187500.03,-187500.03,-187500.03,-187500.03,-187500.03,-162696.34,-74872.02,-114840.16,-149652.73,-75605.38,-139620.39,-142262.83,-124736.664
5279.5493,-187500.03,-187500.03,-187500.03,-187500.03,-187500.03,-187500.03,-187500.03,-187500.03,-156998.19,-70718.53,-111971.375,-135566.38,-71794.95,-136893.38,-133430.56,-120031.086
5279.572,-187500.03,-187500.03,-187500.03,-187500.03,-187500.03,-187500.03,-187500.03,-187500.03,-161643.6,-77110.26,-117442.98,-149790.83,-75914.625,-141313.38,-146225.14,-125614.93
5279.594,-187500.03,-187500.03,-187500.03,-187500.03,-187500.03,-187500.03,-187500.03,-187500.03,-169293.88,-83548.39,-122065.164,-169211.05,-81283.195,-145609.7,-159662.47,-132413.2
5279.616,-187500.03,-187500.03,-187500.03,-187500.03,-187500.03,-187500.03,-187500.03,-187500.03,-164236.31,-76440.11,-116063.555,-153879.67,-76784.1,-140684.36,-145485.55,-126259.1
5279.6387,-187500.03,-187500.03,-187500.03,-187500.03,-187500.03,-187500.03,-187500.03,-187500.03,-157351.44,-70699.96,-111864.78,-136098.25,-71942.43,-136866.7,-133424.77,-120163.34
5279.661,-187500.03,-187500.03,-187500.03,-187500.03,-187500.03,-187500.03,-187500.03,-187500.03,-160161.17,-75479.1,-116136.24,-145676.84,-74744.84,-140203.64,-142909.73,-124066.25
5279.6836,-187500.03,-187500.03,-187500.03,-187500.03,-187500.03,-187500.03,-187500.03,-187500.03,-168738.03,-83414.73,-122081.34,-168019.42,-81007.17,-145549.84,-159273.98,-132114.14
5279.706,-187500.03,-187500.03,-187500.03,-187500.03,-187500.03,-187500.03,-187500.03,-187500.03,-165752.42,-78096.484,-117378.27,-158120.05,-77976.99,-141817.94,-148870.38,-127820.72
5279.728,-187500.03,-187500.03,-187500.03,-187500.03,-187500.03,-187500.03,-187500.03,-187500.03,-157993.0,-70989.664,-112008.75,-137458.97,-72315.63,-137051.83,-134057.25,-120590.04
5279.7505,-187500.03,-187500.03,-187500.03,-187500.03,-187500.03,-187500.03,-187500.03,-187500.03,-158918.05,-74005.38,-114924.13,-142113.94,-73726.72,-139197.44,-139927.22,-122703.98
5279.773,-187500.03,-187500.03,-187500.03,-187500.03,-187500.03,-187500.03,-187500.03,-187500.03,-167778.78,-82808.62,-121716.37,-165712.05,-80406.09,-145162.75,-157936.6,-131378.39
5279.7954,-187500.03,-187500.03,-187500.03,-187500.03,-187500.03,-187500.03,-187500.03,-187500.03,-167139.61,-79730.17,-118701.27,-162069.0,-79110.336,-142939.47,-152175.88,-129320.695
5279.8174,-187500.03,-187500.03,-187500.03,-187500.03,-187500.03,-187500.03,-187500.03,-187500.03,-158897.69,-71580.44,-112403.73,-139590.12,-72902.19,-137440.16,-135308.11,-121300.11
5279.84,-187500.03,-187500.03,-187500.03,-187500.03,-187500.03,-187500.03,-187500.03,-187500.03,-157961.4,-72753.52,-113867.836,-139228.28,-72902.21,-138340.58,-137400.81,-121592.336
5279.8623,-187500.03,-187500.03,-187500.03,-187500.03,-187500.03,-187500.03,-187500.03,-187500.03,-166473.53,-81770.375,-120999.91,-162418.2,-79513.32,-144480.39,-155732.12,-130256.25
5279.885,-187500.03,-187500.03,-187500.03,-187500.03,-187500.03,-187500.03,-187500.03,-187500.03,-168298.11,-81233.98,-119949.8,-165449.98,-80100.66,-143981.66,-155178.27,-130657.95
5279.907,-187500.03,-187500.03,-187500.03,-187500.03,-187500.03,-187500.03,-187500.03,-187500.03,-160042.34,-72468.81,-113041.4,-142467.6,-73690.375,-138031.23,-137174.06,-122278.6
5279.929,-187500.03,-187500.03,-187500.03,-187500.03,-187500.03,-187500.03,-187500.03,-187500.03,-157331.39,-71779.88,-113009.73,-137154.28,-72310.29,-137667.55,-135449.02,-120775.54
5279.9517,-187500.03,-187500.03,-187500.03,-187500.03,-187500.03,-187500.03,-187500.03,-187500.03,-164924.92,-80384.586,-119982.766,-158411.17,-78405.61,-143554.47,-152854.78,-128835.766
5279.974,-187500.03,-187500.03,-187500.03,-187500.03,-187500.03,-187500.03,-187500.03,-187500.03,-169092.97,-82449.82,-120994.16,-167895.16,-80843.41,-144832.08,-157567.44,-131686.2
5279.9966,-187500.03,-187500.03,-187500.03,-187500.03,-187500.03,-187500.03,-187500.03,-187500.03,-161367.95,-73621.49,-113900.6,-145940.67,-74638.94,-138803.2,-139577.56,-123479.36
5280.0186,-187500.03,-187500.03,-187500.03,-187500.03,-187500.03,-187500.03,-187500.03,-187500.03,-157047.08,-71130.41,-112402.234,-135976.75,-71968.375,-137212.98,-134153.28,-120285.72
5280.041,-187500.03,-187500.03,-187500.03,-187500.03,-187500.03,-187500.03,-187500.03,-187500.03,-163298.02,-78809.016,-118784.89,-154111.69,-77194.414,-142492.92,-149612.94,-127267.21
5280.0635,-187500.03,-187500.03,-187500.03,-187500.03,-187500.03,-187500.03,-187500.03,-187500.03,-169465.81,-83271.36,-121747.73,-169214.53,-81277.19,-145420.61,-159133.7,-132316.98
5280.086,-187500.03,-187500.03,-187500.03,-187500.03,-187500.03,-187500.03,-187500.03,-187500.03,-162828.53,-75000.81,-114957.46,-149866.23,-75723.914,-139736.83,-142438.27,-124864.5
5280.1084,-187500.03,-187500.03,-187500.03,-187500.03,-187500.03,-187500.03,-187500.03,-187500.03,-157095.89,-70802.4,-112051.89,-135667.75,-71884.94,-136981.08,-133512.86,-120119.06
5280.1304,-187500.03,-187500.03,-187500.03,-187500.03,-187500.03,-187500.03,-187500.03,-187500.03,-161699.95,-77158.18,-117498.414,-149782.4,-75973.336,-141376.45,-146237.44,-125665.56
5280.153,-187500.03,-187500.03,-187500.03,-187500.03,-187500.03,-187500.03,-187500.03,-187500.03,-169374.25,-83632.3,-122152.31,-169279.47,-81362.01,-145696.78,-159747.27,-132493.14
5280.1753,-187500.03,-187500.03,-187500.03,-187500.03,-187500.03,-187500.03,-187500.03,-187500.03,-164351.14,-76551.83,-116170.33,-154041.53,-76887.234,-140790.92,-145626.98,-126369.39
5280.1978,-187500.03,-187500.03,-187500.03,-187500.03,-187500.03,-187500.03,-187500.03,-187500.03,-157450.55,-70789.1,-111953.164,-136210.69,-72032.1,-136959.14,-133519.0,-120256.55
5280.2197,-187500.03,-187500.03,-187500.03,-187500.03,-187500.03,-187500.03,-187500.03,-187500.03,-160260.33,-75570.78,-116229.12,-145786.06,-74836.33,-140298.08,-143010.36,-124162.48
5280.242,-187500.03,-187500.03,-187500.03,-187500.03,-187500.03,-187500.03,-187500.03,-187500.03,-168843.39,-83512.42,-122180.32,-168142.03,-81106.71,-145646.6,-159385.47,-132215.78
5280.2646,-187500.03,-187500.03,-187500.03,-187500.03,-187500.03,-187500.03,-187500.03,-187500.03,-165834.39,-78174.74,-117461.086,-158187.25,-78061.64,-141899.86,-148935.14,-127900.62
5280.287,-187500.03,-187500.03,-187500.03,-187500.03,-187500.03,-187500.03,-187500.03,-187500.03,-158081.56,-71079.96,-112100.016,-137547.62,-72405.375,-137142.75,-134142.78,-120679.67
5280.3096,-187500.03,-187500.03,-187500.03,-187500.03,-187500.03,-187500.03,-187500.03,-187500.03,-159016.4,-74105.65,-115022.15,-142227.69,-73822.21,-139295.75,-140032.88,-122804.85
5280.3315,-187500.03,-187500.03,-187500.03,-187500.03,-187500.03,-187500.03,-187500.03,-187500.03,-167877.53,-82908.44,-121814.42,-165821.7,-80500.88,-145260.84,-158039.94,-131479.58
5280.354,-187500.03,-187500.03,-187500.03,-187500.03,-187500.03,-187500.03,-187500.03,-187500.03,-167220.94,-79814.555,-118787.46,-162139.58,-79191.55,-143026.56,-152245.52,-129403.28
5280.3765,-187500.03,-187500.03,-187500.03,-187500.03,-187500.03,-187500.03,-187500.03,-187500.03,-158983.73,-71673.375,-112497.02,-139682.69,-72989.23,-137533.9,-135395.83,-121388.22
5280.399,-187500.03,-187500.03,-187500.03,-187500.03,-187500.03,-187500.03,-187500.03,-187500.03,-158060.34,-72858.58,-113969.89,-139353.28,-73000.38,-138441.73,-137514.5,-121692.445
5280.421,-187500.03,-187500.03,-187500.03,-187500.03,-187500.03,-187500.03,-187500.03,-187500.03,-166580.52,-81879.945,-121106.81,-162554.34,-79619.67,-144586.36,-155856.45,-130364.67
5280.4434,-187500.03,-187500.03,-187500.03,-187500.03,-187500.03,-187500.03,-187500.03,-187500.03,-168372.66,-81310.195,-120031.625,-165497.73,-80182.305,-144065.14,-155231.64,-130733.234
5280.466,-187500.03,-187500.03,-187500.03,-187500.03,-187500.03,-187500.03,-187500.03,-187500.03,-160118.58,-72554.15,-113132.414,-142521.75,-73773.52,-138121.92,-137239.92,-122357.81
5280.4883,-187500.03,-187500.03,-187500.03,-187500.03,-187500.03,-187500.03,-187500.03,-187500.03,-157435.16,-71892.96,-113122.336,-137283.23,-72412.22,-137776.67,-135571.64,-120880.57
5280.5107,-187500.03,-187500.03,-187500.03,-187500.03,-187500.03,-187500.03,-187500.03,-187500.03,-165050.08,-80512.086,-120107.266,-158584.98,-78522.94,-143674.7,-153008.75,-128959.33
5280.5327,-187500.03,-187500.03,-187500.03,-187500.03,-187500.03,-187500.03,-187500.03,-187500.03,-169197.05,-82549.13,-121098.61,-167999.34,-80945.93,-144935.39,-157663.11,-131785.7
5280.555,-187500.03,-187500.03,-187500.03,-187500.03,-187500.03,-187500.03,-187500.03,-187500.03,-161466.06,-73722.516,-114009.68,-146023.6,-74744.266,-138909.42,-139666.42,-123576.39
5280.5776,-187500.03,-187500.03,-187500.03,-187500.03,-187500.03,-187500.03,-187500.03,-187500.03,-157154.6,-71243.914,-112518.62,-136088.98,-72081.836,-137324.69,-134267.36,-120391.35
5280.6,-187500.03,-187500.03,-187500.03,-187500.03,-187500.03,-187500.03,-187500.03,-187500.03,-163406.06,-78922.74,-118901.52,-154225.17,-77308.23,-142603.94,-149731.31,-127374.89
5280.622,-187500.03,-187500.03,-187500.03,-187500.03,-187500.03,-187500.03,-187500.03,-187500.03,-169578.55,-83389.086,-121869.586,-169338.27,-81393.57,-145535.66,-159261.23,-132430.77
5280.6445,-187500.03,-187500.03,-187500.03,-187500.03,-187500.03,-187500.03,-187500.03,-187500.03,-162943.16,-75117.445,-115078.74,-149994.3,-75839.164,-139851.19,-142562.88,-124977.15
5280.667,-187500.03,-187500.03,-187500.03,-187500.03,-187500.03,-187500.03,-187500.03,-187500.03,-157202.34,-70908.08,-112161.99,-135777.9,-71989.61,-137086.95,-133618.14,-120221.1
5280.6895,-187500.03,-187500.03,-187500.03,-187500.03,-187500.03,-187500.03,-187500.03,-187500.03,-161783.38,-77243.39,-117594.86,-149831.45,-76063.87,-141470.55,-146299.78,-125749.75
5280.712,-187500.03,-187500.03,-187500.03,-187500.03,-187500.03,-187500.03,-187500.03,-187500.03,-169481.22,-83749.87,-122278.89,-169396.56,-81476.38,-145814.72,-159876.55,-132610.38
5280.734,-187500.03,-187500.03,-187500.03,-187500.03,-187500.03,-187500.03,-187500.03,-187500.03,-164493.17,-76697.984,-116317.336,-154251.69,-77028.41,-140926.83,-145815.83,-126516.31
5280.7563,-187500.03,-187500.03,-187500.03,-187500.03,-187500.03,-187500.03,-187500.03,-187500.03,-157569.6,-70902.29,-112071.31,-136347.45,-72152.89,-137070.94,-133640.22,-120372.96
5280.779,-187500.03,-187500.03,-187500.03,-187500.03,-187500.03,-187500.03,-187500.03,-187500.03,-160310.53,-75621.08,-116299.08,-145747.16,-74905.664,-140366.58,-143002.42,-124214.555
5280.8013,-187500.03,-187500.03,-187500.03,-187500.03,-187500.03,-187500.03,-187500.03,-187500.03,-168910.33,-83602.39,-122289.17,-168168.25,-81194.95,-145744.36,-159456.39,-132300.78
5280.823,-187500.03,-187500.03,-187500.03,-187500.03,-187500.03,-187500.03,-187500.03,-187500.03,-165996.23,-78351.68,-117637.84,-158463.9,-78219.17,-142059.16,-149189.03,-128074.81
5280.8457,-187500.03,-187500.03,-187500.03,-187500.03,-187500.03,-187500.03,-187500.03,-187500.03,-158219.08,-71209.805,-112236.07,-137737.8,-72536.24,-137269.56,-134303.4,-120815.79
5280.868,-187500.03,-187500.03,-187500.03,-187500.03,-187500.03,-187500.03,-187500.03,-187500.03,-159074.34,-74157.33,-115097.65,-142205.75,-73893.555,-139369.73,-140036.81,-122863.99
5280.8906,-187500.03,-187500.03,-187500.03,-187500.03,-187500.03,-187500.03,-187500.03,-187500.03,-167930.6,-82978.94,-121913.98,-165807.12,-80578.96,-145349.73,-158080.6,-131549.8
5280.913,-187500.03,-187500.03,-187500.03,-187500.03,-187500.03,-187500.03,-187500.03,-187500.03,-167371.75,-79981.586,-118960.04,-162389.7,-79345.62,-143181.17,-152485.28,-129568.53
5280.935,-187500.03,-187500.03,-187500.03,-187500.03,-187500.03,-187500.03,-187500.03,-187500.03,-159126.45,-71809.164,-112637.95,-139886.77,-73129.37,-137665.06,-135570.39,-121529.62
5280.9575,-187500.03,-187500.03,-187500.03,-187500.03,-187500.03,-187500.03,-187500.03,-187500.03,-158131.1,-72921.25,-114051.43,-139360.11,-73082.836,-138522.02,-137540.19,-121761.96
5280.98,-187500.03,-187500.03,-187500.03,-187500.03,-187500.03,-187500.03,-187500.03,-187500.03,-166620.69,-81933.45,-121188.75,-162503.2,-79684.84,-144661.45,-155864.95,-130417.63
5281.0024,-187500.03,-187500.03,-187500.03,-187500.03,-187500.03,-187500.03,-187500.03,-187500.03,-168514.42,-81471.16,-120196.78,-165727.89,-80325.11,-144213.27,-155463.3,-130888.445
5281.0244,-187500.03,-187500.03,-187500.03,-187500.03,-187500.03,-187500.03,-187500.03,-187500.03,-160267.97,-72697.65,-113276.63,-142759.62,-73914.56,-138255.89,-137440.66,-122503.86
5281.047,-187500.03,-187500.03,-187500.03,-187500.03,-187500.03,-187500.03,-187500.03,-187500.03,-157508.03,-71955.39,-113201.17,-137312.56,-72495.05,-137854.88,-135610.7,-120949.01
5281.0693,-187500.03,-187500.03,-187500.03,-187500.03,-187500.03,-187500.03,-187500.03,-187500.03,-165063.45,-80535.04,-120162.336,-158477.06,-78568.555,-143727.1,-152969.36,-128982.125
5281.092,-187500.03,-187500.03,-187500.03,-187500.03,-187500.03,-187500.03,-187500.03,-187500.03,-169295.48,-82673.68,-121235.555,-168139.23,-81061.375,-145057.61,-157833.25,-131903.6
5281.1143,-187500.03,-187500.03,-187500.03,-187500.03,-187500.03,-187500.03,-187500.03,-187500.03,-161595.98,-73853.97,-114143.27,-146246.38,-74872.49,-139033.8,-139861.88,-123710.27
5281.136,-187500.03,-187500.03,-187500.03,-187500.03,-187500.03,-187500.03,-187500.03,-187500.03,-157237.25,-71317.16,-112606.19,-136165.66,-72171.76,-137413.47,-134344.4,-120475.484
5281.1587,-187500.03,-187500.03,-187500.03,-187500.03,-187500.03,-187500.03,-187500.03,-187500.03,-163434.48,-78953.61,-118960.664,-154167.86,-77360.82,-142666.08,-149723.03,-127415.164
5281.181,-187500.03,-187500.03,-187500.03,-187500.03,-187500.03,-187500.03,-187500.03,-187500.03,-169654.62,-83484.35,-121982.305,-169422.8,-81488.97,-145641.48,-159381.19,-132528.48
5281.2036,-187500.03,-187500.03,-187500.03,-187500.03,-187500.03,-187500.03,-187500.03,-187500.03,-163055.9,-75238.26,-115206.125,-150179.56,-75960.53,-139972.34,-142735.48,-125102.4
5281.2256,-187500.03,-187500.03,-187500.03,-187500.03,-187500.03,-187500.03,-187500.03,-187500.03,-157287.19,-70993.93,-112259.875,-135876.61,-72090.1,-137182.94,-133716.39,-120314.29
5281.248,-187500.03,-187500.03,-187500.03,-187500.03,-187500.03,-187500.03,-187500.03,-187500.03,-161833.53,-77301.26,-117671.46,-149845.81,-76139.48,-141545.98,-146344.53,-125812.914
5281.2705,-187500.03,-187500.03,-187500.03,-187500.03,-187500.03,-187500.03,-187500.03,-187500.03,-169545.61,-83833.375,-122377.89,-169454.34,-81566.1,-145907.7,-159969.22,-132693.58
5281.293,-187500.03,-187500.03,-187500.03,-187500.03,-187500.03,-187500.03,-187500.03,-187500.03,-164585.16,-76805.38,-116432.61,-154384.16,-77136.19,-141035.36,-145956.16,-126623.39
5281.315,-187500.03,-187500.03,-187500.03,-187500.03,-187500.03,-187500.03,-187500.03,-187500.03,-157648.08,-70990.4,-112169.234,-136441.84,-72247.37,-137166.47,-133741.83,-120462.766
5281.3374,-187500.03,-187500.03,-187500.03,-187500.03,-187500.03,-187500.03,-187500.03,-187500.03,-160358.72,-75680.4,-116373.71,-145764.77,-74977.93,-140444.27,-143048.5,-124276.0
5281.36,-187500.03,-187500.03,-187500.03,-187500.03,-187500.03,-187500.03,-187500.03,-187500.03,-168964.48,-83677.07,-122377.46,-168210.61,-81275.15,-145832.36,-159536.75,-132374.98
5281.3823,-187500.03,-187500.03,-187500.03,-187500.03,-187500.03,-187500.03,-187500.03,-187500.03,-166090.95,-78461.02,-117750.25,-158615.02,-78327.65,-142168.17,-149343.12,-128183.055
5281.405,-187500.03,-187500.03,-187500.03,-187500.03,-187500.03,-187500.03,-187500.03,-187500.03,-158299.78,-71294.67,-112328.89,-137841.14,-72632.6,-137360.77,-134409.11,-120904.15
5281.427,-187500.03,-187500.03,-187500.03,-187500.03,-187500.03,-187500.03,-187500.03,-187500.03,-159127.05,-74216.516,-115170.29,-142235.12,-73971.766,-139442.52,-140091.92,-122926.53
5281.449,-187500.03,-187500.03,-187500.03,-187500.03,-187500.03,-187500.03,-187500.03,-187500.03,-167977.94,-83041.14,-121992.68,-165830.69,-80656.09,-145424.66,-158143.98,-131613.27
5281.4717,-187500.03,-187500.03,-187500.03,-187500.03,-187500.03,-187500.03,-187500.03,-187500.03,-167461.22,-80086.04,-119071.75,-162532.2,-79452.55,-143283.92,-152638.22,-129673.27
5281.494,-187500.03,-187500.03,-187500.03,-187500.03,-187500.03,-187500.03,-187500.03,-187500.03,-159203.94,-71889.875,-112728.37,-139996.3,-73222.31,-137749.94,-135680.17,-121614.53
5281.516,-187500.03,-187500.03,-187500.03,-187500.03,-187500.03,-187500.03,-187500.03,-187500.03,-158183.14,-72976.375,-114121.35,-139395.62,-73157.69,-138590.02,-137598.19,-121821.87
5281.5386,-187500.03,-187500.03,-187500.03,-187500.03,-187500.03,-187500.03,-187500.03,-187500.03,-166657.2,-81981.76,-121255.23,-162505.33,-79752.91,-144725.06,-155909.92,-130470.086
5281.561,-187500.03,-187500.03,-187500.03,-187500.03,-187500.03,-187500.03,-187500.03,-187500.03,-168595.56,-81569.61,-120302.88,-165852.95,-80429.83,-144310.12,-155608.53,-130989.03
5281.5835,-187500.03,-187500.03,-187500.03,-187500.03,-187500.03,-187500.03,-187500.03,-187500.03,-160352.0,-72784.93,-113372.875,-142886.02,-74017.72,-138344.1,-137567.06,-122598.37
5281.606,-187500.03,-187500.03,-187500.03,-187500.03,-187500.03,-187500.03,-187500.03,-187500.03,-157563.67,-72013.17,-113274.59,-137352.9,-72575.54,-137923.03,-135672.17,-121014.74
5281.628,-187500.03,-187500.03,-187500.03,-187500.03,-187500.03,-187500.03,-187500.03,-187500.03,-165097.97,-80580.97,-120226.914,-158476.34,-78633.29,-143787.05,-153007.14,-129033.3
5281.6504,-187500.03,-187500.03,-187500.03,-187500.03,-187500.03,-187500.03,-187500.03,-187500.03,-169365.56,-82761.56,-121332.79,-168240.53,-81151.61,-145145.55,-157955.23,-131993.94
5281.673,-187500.03,-187500.03,-187500.03,-187500.03,-187500.03,-187500.03,-187500.03,-187500.03,-161681.38,-73944.43,-114240.46,-146384.84,-74969.12,-139122.78,-139995.72,-123807.57
5281.6953,-187500.03,-187500.03,-187500.03,-187500.03,-187500.03,-187500.03,-187500.03,-187500.03,-157290.58,-71371.01,-112673.05,-136215.47,-72242.01,-137475.25,-134404.92,-120537.42
5281.7173,-187500.03,-187500.03,-187500.03,-187500.03,-187500.03,-187500.03,-187500.03,-187500.03,-163462.8,-78990.086,-119015.54,-154160.8,-77415.92,-142715.1,-149746.3,-127457.11
5281.7397,-187500.03,-187500.03,-187500.03,-187500.03,-187500.03,-187500.03,-187500.03,-187500.03,-169706.12,-83554.38,-122065.27,-169484.5,-81564.516,-145712.42,-159468.5,-132599.48
5281.762,-187500.03,-187500.03,-187500.03,-187500.03,-187500.03,-187500.03,-187500.03,-187500.03,-163136.11,-75326.86,-115301.05,-150314.3,-76052.84,-140053.88,-142867.8,-125194.49
5281.7847,-187500.03,-187500.03,-187500.03,-187500.03,-187500.03,-187500.03,-187500.03,-187500.03,-157339.0,-71045.336,-112323.58,-135930.88,-72156.94,-137238.22,-133779.64,-120373.47
5281.807,-187500.03,-187500.03,-187500.03,-187500.03,-187500.03,-187500.03,-187500.03,-187500.03,-161858.92,-77330.47,-117719.23,-149835.3,-76188.54,-141587.83,-146363.5,-125848.73
5281.829,-187500.03,-187500.03,-187500.03,-187500.03,-187500.03,-187500.03,-187500.03,-187500.03,-169575.42,-83874.57,-122437.37,-169471.56,-81619.66,-145958.03,-160016.06,-132739.84
5281.8516,-187500.03,-187500.03,-187500.03,-187500.03,-187500.03,-187500.03,-187500.03,-187500.03,-164632.9,-76859.97,-116502.92,-154459.47,-77199.734,-141094.33,-146039.58,-126684.305
5281.874,-187500.03,-187500.03,-187500.03,-187500.03,-187500.03,-187500.03,-187500.03,-187500.03,-157689.39,-71032.42,-112229.61,-136497.0,-72304.21,-137215.88,-133801.3,-120512.766
5281.8965,-187500.03,-187500.03,-187500.03,-187500.03,-187500.03,-187500.03,-187500.03,-187500.03,-160413.2,-75735.9,-116445.75,-145846.48,-75045.516,-140501.94,-143132.4,-124339.34
5281.9185,-187500.03,-187500.03,-187500.03,-187500.03,-187500.03,-187500.03,-187500.03,-187500.03,-169013.03,-83722.42,-122439.42,-168273.16,-81336.84,-145882.52,-159599.53,-132429.7
5281.941,-187500.03,-187500.03,-187500.03,-187500.03,-187500.03,-187500.03,-187500.03,-187500.03,-166110.05,-78479.8,-117790.26,-158608.17,-78367.14,-142198.33,-149356.2,-128211.88
5281.9634,-187500.03,-187500.03,-187500.03,-187500.03,-187500.03,-187500.03,-187500.03,-187500.03,-158321.19,-71318.48,-112370.65,-137856.42,-72672.7,-137393.66,-134440.81,-120936.516
5281.986,-187500.03,-187500.03,-187500.03,-187500.03,-187500.03,-187500.03,-187500.03,-187500.03,-159151.95,-74242.76,-115214.82,-142267.89,-74012.29,-139478.53,-140132.14,-122962.14
5282.0083,-187500.03,-187500.03,-187500.03,-187500.03,-187500.03,-187500.03,-187500.03,-187500.03,-168000.2,-83064.74,-122033.23,-165861.44,-80693.625,-145459.55,-158178.98,-131646.45
5282.0303,-187500.03,-187500.03,-187500.03,-187500.03,-187500.03,-187500.03,-187500.03,-187500.03,-167478.06,-80104.88,-119109.34,-162545.83,-79486.43,-143314.98,-152663.6,-129701.67
5282.0527,-187500.03,-187500.03,-187500.03,-187500.03,-187500.03,-187500.03,-187500.03,-187500.03,-159230.34,-71918.22,-112774.19,-140034.92,-73264.484,-137787.06,-135726.7,-121653.78
5282.075,-187500.03,-187500.03,-187500.03,-187500.03,-187500.03,-187500.03,-187500.03,-187500.03,-158198.23,-72991.55,-114155.234,-139411.27,-73190.19,-138615.53,-137622.28,-121848.33
5282.0977,-187500.03,-187500.03,-187500.03,-187500.03,-187500.03,-187500.03,-187500.03,-187500.03,-166669.4,-81996.82,-121289.086,-162518.8,-79785.49,-144750.72,-155932.64,-130494.805
5282.1196,-187500.03,-187500.03,-187500.03,-187500.03,-187500.03,-187500.03,-187500.03,-187500.03,-168602.27,-81580.63,-120334.336,-165859.36,-80458.77,-144333.6,-155625.39,-131010.59
5282.142,-187500.03,-187500.03,-187500.03,-187500.03,-187500.03,-187500.03,-187500.03,-187500.03,-160360.6,-72798.055,-113403.34,-142905.38,-74045.1,-138367.56,-137592.69,-122621.7
5282.1646,-187500.03,-187500.03,-187500.03,-187500.03,-187500.03,-187500.03,-187500.03,-187500.03,-157566.22,-72016.08,-113293.44,-137360.31,-72594.875,-137938.55,-135681.48,-121028.42
5282.187,-187500.03,-187500.03,-187500.03,-187500.03,-187500.03,-187500.03,-187500.03,-187500.03,-165100.1,-80584.19,-120246.05,-158482.06,-78653.13,-143801.62,-153015.94,-129046.484
5282.2095,-187500.03,-187500.03,-187500.03,-187500.03,-187500.03,-187500.03,-187500.03,-187500.03,-169376.5,-82774.64,-121359.45,-168271.14,-81179.8,-145164.0,-157986.05,-132015.92
5282.2314,-187500.03,-187500.03,-187500.03,-187500.03,-187500.03,-187500.03,-187500.03,-187500.03,-161693.61,-73955.96,-114265.336,-146414.48,-74997.87,-139136.52,-140025.23,-123828.516
5282.254,-187500.03,-187500.03,-187500.03,-187500.03,-187500.03,-187500.03,-187500.03,-187500.03,-157282.5,-71359.875,-112677.65,-136191.95,-72253.61,-137471.98,-134390.22,-120534.9
5282.2764,-187500.03,-187500.03,-187500.03,-187500.03,-187500.03,-187500.03,-187500.03,-187500.03,-163433.34,-78964.83,-119009.32,-154091.02,-77411.9,-142701.16,-149700.39,-127434.92
5282.299,-187500.03,-187500.03,-187500.03,-187500.03,-187500.03,-187500.03,-187500.03,-187500.03,-169708.42,-83567.86,-122089.53,-169511.53,-81585.86,-145726.02,-159503.23,-132610.98
5282.321,-187500.03,-187500.03,-187500.03,-187500.03,-187500.03,-187500.03,-187500.03,-187500.03,-163161.39,-75353.234,-115332.66,-150401.39,-76086.95,-140076.33,-142938.1,-125223.484
5282.3433,-187500.03,-187500.03,-187500.03,-187500.03,-187500.03,-187500.03,-187500.03,-187500.03,-157334.97,-71032.375,-112320.445,-135932.53,-72164.086,-137233.34,-133774.9,-120367.664
5282.3657,-187500.03,-187500.03,-187500.03,-187500.03,-187500.03,-187500.03,-187500.03,-187500.03,-161800.53,-77269.586,-117679.555,-149705.16,-76156.22,-141549.69,-146261.89,-125791.86
5282.388,-187500.03,-187500.03,-187500.03,-187500.03,-187500.03,-187500.03,-187500.03,-187500.03,-169562.72,-83875.75,-122449.7,-169474.28,-81628.734,-145962.94,-160037.58,-132737.36
5282.4106,-187500.03,-187500.03,-187500.03,-187500.03,-187500.03,-187500.03,-187500.03,-187500.03,-164682.53,-76908.42,-116547.23,-154619.73,-77251.52,-141128.4,-146165.77,-126735.6
5282.4326,-187500.03,-187500.03,-187500.03,-187500.03,-187500.03,-187500.03,-187500.03,-187500.03,-157697.02,-71021.18,-112221.2,-136528.28,-72317.266,-137206.8,-133811.89,-120514.445
5282.455,-187500.03,-187500.03,-187500.03,-187500.03,-187500.03,-187500.03,-187500.03,-187500.03,-160326.58,-75637.21,-116367.41,-145644.31,-74986.914,-140431.72,-142967.6,-124251.63
5282.4775,-187500.03,-187500.03,-187500.03,-187500.03,-187500.03,-187500.03,-187500.03,-187500.03,-168950.3,-83677.76,-122410.45,-168164.66,-81304.875,-145849.58,-159539.12,-132383.69
5282.5,-187500.03,-187500.03,-187500.03,-187500.03,-187500.03,-187500.03,-187500.03,-187500.03,-166155.64,-78534.24,-117837.29,-158787.92,-78413.73,-142232.44,-149504.4,-128268.66
5282.522,-187500.03,-187500.03,-187500.03,-187500.03,-187500.03,-187500.03,-187500.03,-187500.03,-158342.81,-71323.125,-112376.5,-137941.55,-72695.164,-137394.06,-134490.22,-120958.35
5282.5444,-187500.03,-187500.03,-187500.03,-187500.03,-187500.03,-187500.03,-187500.03,-187500.03,-159091.38,-74166.336,-115156.164,-142129.36,-73973.93,-139423.64,-140015.02,-122904.336
5282.567,-187500.03,-187500.03,-187500.03,-187500.03,-187500.03,-187500.03,-187500.03,-187500.03,-167936.86,-83011.32,-121998.984,-165735.89,-80661.95,-145420.38,-158101.42,-131600.53
5282.5894,-187500.03,-187500.03,-187500.03,-187500.03,-187500.03,-187500.03,-187500.03,-187500.03,-167506.36,-80143.77,-119143.7,-162673.4,-79524.23,-143337.33,-152777.69,-129747.18
5282.612,-187500.03,-187500.03,-187500.03,-187500.03,-187500.03,-187500.03,-187500.03,-187500.03,-159248.5,-71923.02,-112775.44,-140117.31,-73285.5,-137783.61,-135777.27,-121676.11
5282.634,-187500.03,-187500.03,-187500.03,-187500.03,-187500.03,-187500.03,-187500.03,-187500.03,-158151.53,-72928.81,-114102.1,-139314.67,-73159.836,-138568.56,-137533.67,-121806.445
5282.6562,-187500.03,-187500.03,-187500.03,-187500.03,-187500.03,-187500.03,-187500.03,-187500.03,-166599.47,-81931.016,-121239.94,-162381.2,-79741.33,-144702.34,-155833.16,-130439.95
5282.6787,-187500.03,-187500.03,-187500.03,-187500.03,-187500.03,-187500.03,-187500.03,-187500.03,-168598.97,-81588.19,-120343.09,-165910.86,-80465.77,-144334.23,-155674.88,-131023.01
5282.701,-187500.03,-187500.03,-187500.03,-187500.03,-187500.03,-187500.03,-187500.03,-187500.03,-160362.88,-72796.484,-113401.78,-142964.36,-74053.73,-138360.33,-137627.98,-122632.164
5282.723,-187500.03,-187500.03,-187500.03,-187500.03,-187500.03,-187500.03,-187500.03,-187500.03,-157549.45,-71993.12,-113274.375,-137355.25,-72590.78,-137915.22,-135668.69,-121019.64
5282.7456,-187500.03,-187500.03,-187500.03,-187500.03,-187500.03,-187500.03,-187500.03,-187500.03,-165072.98,-80556.836,-120224.5,-158448.17,-78645.086,-143775.9,-152989.34,-129029.734
5282.768,-187500.03,-187500.03,-187500.03,-187500.03,-187500.03,-187500.03,-187500.03,-187500.03,-169351.06,-82753.805,-121342.35,-168249.33,-81174.26,-145144.23,-157970.83,-132002.16
5282.7905,-187500.03,-187500.03,-187500.03,-187500.03,-187500.03,-187500.03,-187500.03,-187500.03,-161670.47,-73938.99,-114249.6,-146406.31,-74994.69,-139121.14,-140019.4,-123819.375
5282.813,-187500.03,-187500.03,-187500.03,-187500.03,-187500.03,-187500.03,-187500.03,-187500.03,-157269.44,-71350.58,-112667.99,-136206.97,-72257.09,-137463.77,-134399.9,-120534.83
5282.835,-187500.03,-187500.03,-187500.03,-187500.03,-187500.03,-187500.03,-187500.03,-187500.03,-163417.88,-78949.875,-118994.234,-154095.02,-77409.95,-142689.72,-149698.89,-127428.59
5282.8574,-187500.03,-187500.03,-187500.03,-187500.03,-187500.03,-187500.03,-187500.03,-187500.03,-169688.88,-83547.695,-122070.016,-169499.56,-81578.93,-145711.12,-159491.11,-132598.89
5282.88,-187500.03,-187500.03,-187500.03,-187500.03,-187500.03,-187500.03,-187500.03,-187500.03,-163138.28,-75332.05,-115314.69,-150373.4,-76081.27,-140062.95,-142918.2,-125212.31
5282.9023,-187500.03,-187500.03,-187500.03,-187500.03,-187500.03,-187500.03,-187500.03,-187500.03,-157329.2,-71030.586,-112318.44,-135949.61,-72172.805,-137231.75,-133791.0,-120375.06
5282.9243,-187500.03,-187500.03,-187500.03,-187500.03,-187500.03,-187500.03,-187500.03,-187500.03,-161814.98,-77284.625,-117688.23,-149769.36,-76177.836,-141558.55,-146309.1,-125814.75
5282.947,-187500.03,-187500.03,-187500.03,-187500.03,-187500.03,-187500.03,-187500.03,-187500.03,-169558.34,-83868.0,-122438.305,-169481.64,-81632.33,-145955.92,-160034.27,-132735.08
5282.969,-187500.03,-187500.03,-187500.03,-187500.03,-187500.03,-187500.03,-187500.03,-187500.03,-164654.72,-76885.984,-116525.44,-154565.77,-77241.6,-141113.92,-146125.14,-126716.15
5282.9917,-187500.03,-187500.03,-187500.03,-187500.03,-187500.03,-187500.03,-187500.03,-187500.03,-157690.98,-71025.4,-112222.414,-136533.97,-72326.695,-137211.98,-133822.84,-120520.055
5283.014,-187500.03,-187500.03,-187500.03,-187500.03,-187500.03,-187500.03,-187500.03,-187500.03,-160342.05,-75660.46,-116382.78,-145699.02,-75013.0,-140450.92,-143011.84,-124275.46
5283.036,-187500.03,-187500.03,-187500.03,-187500.03,-187500.03,-187500.03,-187500.03,-187500.03,-168967.14,-83698.93,-122423.664,-168209.5,-81331.01,-145868.66,-159575.55,-132403.94
5283.0586,-187500.03,-187500.03,-187500.03,-187500.03,-187500.03,-187500.03,-187500.03,-187500.03,-166172.86,-78555.26,-117851.91,-158823.47,-78442.47,-142253.95,-149539.0,-128289.58
5283.081,-187500.03,-187500.03,-187500.03,-187500.03,-187500.03,-187500.03,-187500.03,-187500.03,-158353.95,-71337.25,-112382.92,-137962.73,-72717.92,-137408.6,-134512.11,-120972.164
5283.1035,-187500.03,-187500.03,-187500.03,-187500.03,-187500.03,-187500.03,-187500.03,-187500.03,-159099.14,-74178.695,-115159.9,-142139.98,-73994.65,-139436.22,-140026.44,-122913.945
5283.1255,-187500.03,-187500.03,-187500.03,-187500.03,-187500.03,-187500.03,-187500.03,-187500.03,-167948.83,-83031.8,-122010.89,-165752.47,-80686.805,-145439.73,-158121.98,-131614.39
5283.148,-187500.03,-187500.03,-187500.03,-187500.03,-187500.03,-187500.03,-187500.03,-187500.03,-167546.05,-80191.38,-119177.41,-162757.83,-79568.35,-143376.55,-152853.81,-129788.445
5283.1704,-187500.03,-187500.03,-187500.03,-187500.03,-187500.03,-187500.03,-187500.03,-187500.03,-159281.64,-71957.266,-112797.92,-140179.5,-73323.164,-137815.03,-135829.98,-121709.95
5283.193,-187500.03,-187500.03,-187500.03,-187500.03,-187500.03,-187500.03,-187500.03,-187500.03,-158159.27,-72937.59,-114103.89,-139305.5,-73179.375,-138582.67,-137532.03,-121814.71
5283.215,-187500.03,-187500.03,-187500.03,-187500.03,-187500.03,-187500.03,-187500.03,-187500.03,-166596.42,-81937.74,-121243.83,-162344.44,-79756.375,-144716.27,-155820.34,-130439.77
5283.2373,-187500.03,-187500.03,-187500.03,-187500.03,-187500.03,-187500.03,-187500.03,-187500.03,-168656.55,-81660.25,-120398.15,-166032.48,-80528.29,-144393.6,-155792.83,-131085.52
5283.26,-187500.03,-187500.03,-187500.03,-187500.03,-187500.03,-187500.03,-187500.03,-187500.03,-160428.94,-72861.84,-113449.836,-143089.38,-74119.64,-138416.56,-137731.88,-122697.61
5283.282,-187500.03,-187500.03,-187500.03,-187500.03,-187500.03,-187500.03,-187500.03,-187500.03,-157567.27,-72005.46,-113280.586,-137339.62,-72618.25,-137936.9,-135664.27,-121035.15
5283.3047,-187500.03,-187500.03,-187500.03,-187500.03,-187500.03,-187500.03,-187500.03,-187500.03,-165050.98,-80543.375,-120213.1,-158341.47,-78644.33,-143780.44,-152929.53,-129010.516
5283.3267,-187500.03,-187500.03,-187500.03,-187500.03,-187500.03,-187500.03,-187500.03,-187500.03,-169410.67,-82834.07,-121407.484,-168363.9,-81238.36,-145215.64,-158098.66,-132069.58
5283.349,-187500.03,-187500.03,-187500.03,-187500.03,-187500.03,-187500.03,-187500.03,-187500.03,-161761.83,-74028.6,-114319.48,-146591.52,-75077.34,-139200.25,-140173.62,-123907.26
5283.3716,-187500.03,-187500.03,-187500.03,-187500.03,-187500.03,-187500.03,-187500.03,-187500.03,-157308.92,-71379.9,-112689.54,-136235.67,-72299.54,-137501.2,-134428.7,-120569.164
5283.394,-187500.03,-187500.03,-187500.03,-187500.03,-187500.03,-187500.03,-187500.03,-187500.03,-163413.53,-78947.73,-118996.36,-154011.06,-77425.58,-142705.89,-149655.47,-127425.77
5283.416,-187500.03,-187500.03,-187500.03,-187500.03,-187500.03,-187500.03,-187500.03,-187500.03,-169739.92,-83618.35,-122134.32,-169573.02,-81642.81,-145776.94,-159588.67,-132660.55
5283.4385,-187500.03,-187500.03,-187500.03,-187500.03,-187500.03,-187500.03,-187500.03,-187500.03,-163241.2,-75437.88,-115401.81,-150578.97,-76179.84,-140149.48,-143093.66,-125316.25
5283.461,-187500.03,-187500.03,-187500.03,-187500.03,-187500.03,-187500.03,-187500.03,-187500.03,-157381.2,-71074.734,-112353.46,-135997.83,-72232.664,-137277.83,-133834.36,-120425.53
5283.4834,-187500.03,-187500.03,-187500.03,-187500.03,-187500.03,-187500.03,-187500.03,-187500.03,-161797.64,-77271.414,-117682.19,-149640.56,-76189.57,-141568.52,-146229.08,-125804.24
5283.506,-187500.03,-187500.03,-187500.03,-187500.03,-187500.03,-187500.03,-187500.03,-187500.03,-169594.11,-83932.19,-122500.445,-169507.86,-81691.43,-146021.73,-160103.4,-132791.97
5283.528,-187500.03,-187500.03,-187500.03,-187500.03,-187500.03,-187500.03,-187500.03,-187500.03,-164787.17,-77028.9,-116647.43,-154838.9,-77366.52,-141233.14,-146364.84,-126858.445
5283.5503,-187500.03,-187500.03,-187500.03,-187500.03,-187500.03,-187500.03,-187500.03,-187500.03,-157777.48,-71099.32,-112287.21,-136651.23,-72411.7,-137284.14,-133921.22,-120606.13
5283.5728,-187500.03,-187500.03,-187500.03,-187500.03,-187500.03,-187500.03,-187500.03,-187500.03,-160351.22,-75663.766,-116394.23,-145611.08,-75043.664,-140475.52,-142965.39,-124288.56
5283.595,-187500.03,-187500.03,-187500.03,-187500.03,-187500.03,-187500.03,-187500.03,-187500.03,-168996.55,-83746.445,-122476.52,-168192.34,-81385.14,-145925.62,-159611.9,-132449.11
5283.617,-187500.03,-187500.03,-187500.03,-187500.03,-187500.03,-187500.03,-187500.03,-187500.03,-166286.8,-78682.98,-117965.19,-159034.81,-78557.914,-142364.84,-149741.45,-128414.6
5283.6396,-187500.03,-187500.03,-187500.03,-187500.03,-187500.03,-187500.03,-187500.03,-187500.03,-158450.2,-71429.07,-112466.984,-138100.14,-72817.01,-137497.11,-134634.3,-121071.516
5283.662,-187500.03,-187500.03,-187500.03,-187500.03,-187500.03,-187500.03,-187500.03,-187500.03,-159141.86,-74218.17,-115204.06,-142126.4,-74051.625,-139490.11,-140038.98,-122959.164
5283.6846,-187500.03,-187500.03,-187500.03,-187500.03,-187500.03,-187500.03,-187500.03,-187500.03,-167989.55,-83086.49,-122070.73,-165748.05,-80747.07,-145504.44,-158159.97,-131664.1
5283.707,-187500.03,-187500.03,-187500.03,-187500.03,-187500.03,-187500.03,-187500.03,-187500.03,-167644.33,-80305.4,-119283.516,-162911.83,-79674.19,-143480.16,-153011.52,-129894.164
5283.729,-187500.03,-187500.03,-187500.03,-187500.03,-187500.03,-187500.03,-187500.03,-187500.03,-159376.77,-72054.586,-112889.81,-140315.25,-73427.86,-137906.95,-135955.5,-121807.16
5283.7515,-187500.03,-187500.03,-187500.03,-187500.03,-187500.03,-187500.03,-187500.03,-187500.03,-158223.52,-73003.8,-114172.47,-139349.75,-73262.68,-138654.11,-137592.0,-121882.44
5283.774,-187500.03,-187500.03,-187500.03,-187500.03,-187500.03,-187500.03,-187500.03,-187500.03,-166649.0,-82002.766,-121312.78,-162365.81,-79832.75,-144787.81,-155874.64,-130501.625
5283.7964,-187500.03,-187500.03,-187500.03,-187500.03,-187500.03,-187500.03,-187500.03,-187500.03,-168745.62,-81766.58,-120500.41,-166150.47,-80632.85,-144495.81,-155926.28,-131185.61
5283.8184,-187500.03,-187500.03,-187500.03,-187500.03,-187500.03,-187500.03,-187500.03,-187500.03,-160529.27,-72968.51,-113551.58,-143229.14,-74230.195,-138520.05,-137869.17,-122803.6
5283.841,-187500.03,-187500.03,-187500.03,-187500.03,-187500.03,-187500.03,-187500.03,-187500.03,-157643.78,-72085.03,-113361.55,-137405.52,-72712.0,-138024.28,-135742.86,-121116.71
5283.8633,-187500.03,-187500.03,-187500.03,-187500.03,-187500.03,-187500.03,-187500.03,-187500.03,-165108.34,-80611.17,-120288.83,-158363.06,-78725.6,-143861.3,-152982.55,-129076.81
5283.8857,-187500.03,-187500.03,-187500.03,-187500.03,-187500.03,-187500.03,-187500.03,-187500.03,-169495.52,-82936.17,-121512.85,-168465.75,-81342.83,-145318.84,-158220.2,-132166.17
5283.908,-187500.03,-187500.03,-187500.03,-187500.03,-187500.03,-187500.03,-187500.03,-187500.03,-161863.98,-74140.48,-114433.445,-146734.22,-75195.63,-139308.6,-140314.98,-124017.836
5283.93,-187500.03,-187500.03,-187500.03,-187500.03,-187500.03,-187500.03,-187500.03,-187500.03,-157386.33,-71462.516,-112779.44,-136302.44,-72398.02,-137589.45,-134507.12,-120652.0
5283.9526,-187500.03,-187500.03,-187500.03,-187500.03,-187500.03,-187500.03,-187500.03,-187500.03,-163464.05,-79012.57,-119073.49,-154015.34,-77505.26,-142784.94,-149694.36,-127486.96
