Tm,Oz,Po7,Po4,Po3,P4,P3,Po8,Pz,Fz,F2,F3,F4,AF3,Cz,AF4,F1
5663.2173,-187500.03,-187500.03,-187500.03,-187500.03,-187500.03,-187500.03,-187500.03,-187500.03,-187500.03,-135975.72,-175245.83,-187500.03,-136152.11,-187500.03,-187500.03,-186369.3
5663.2393,-187500.03,-187500.03,-187500.03,-187500.03,-187500.03,-187500.03,-187500.03,-187500.03,-187500.03,-128218.37,-169324.1,-187500.03,-130205.375,-187500.03,-187500.03,-178658.19
5663.2617,-187500.03,-187500.03,-187500.03,-187500.03,-187500.03,-187500.03,-187500.03,-187500.03,-187500.03,-130158.766,-171401.19,-187500.03,-130794.66,-187500.03,-187500.03,-179713.95
5663.284,-187500.03,-187500.03,-187500.03,-187500.03,-187500.03,-187500.03,-187500.03,-187500.03,-187500.03,-139151.39,-178424.95,-187500.03,-137413.03,-187500.03,-187500.03,-187500.03
5663.3066,-187500.03,-187500.03,-187500.03,-187500.03,-187500.03,-187500.03,-187500.03,-187500.03,-187500.03,-137527.52,-176515.69,-187500.03,-137184.89,-187500.03,-187500.03,-187500.03
5663.3286,-187500.03,-187500.03,-187500.03,-187500.03,-187500.03,-187500.03,-187500.03,-187500.03,-187500.03,-128962.46,-169836.97,-187500.03,-130880.18,-187500.03,-187500.03,-179496.23
5663.351,-187500.03,-187500.03,-187500.03,-187500.03,-187500.03,-187500.03,-187500.03,-187500.03,-187500.03,-129057.5,-170449.14,-187500.03,-130096.66,-187500.03,-187500.03,-178764.48
5663.3735,-187500.03,-187500.03,-187500.03,-187500.03,-187500.03,-187500.03,-187500.03,-187500.03,-187500.03,-137896.17,-177523.52,-187500.03,-136390.81,-187500.03,-187500.03,-187095.28
5663.396,-187500.03,-187500.03,-187500.03,-187500.03,-187500.03,-187500.03,-187500.03,-187500.03,-187500.03,-138854.16,-177635.55,-187500.03,-138012.28,-187500.03,-187500.03,-187500.03
5663.418,-187500.03,-187500.03,-187500.03,-187500.03,-187500.03,-187500.03,-187500.03,-187500.03,-187500.03,-129978.59,-170579.62,-187500.03,-131726.7,-187500.03,-187500.03,-180571.44
5663.4404,-187500.03,-187500.03,-187500.03,-187500.03,-187500.03,-187500.03,-187500.03,-187500.03,-187500.03,-128254.65,-169722.89,-187500.03,-129635.336,-187500.03,-187500.03,-178120.62
5663.463,-187500.03,-187500.03,-187500.03,-187500.03,-187500.03,-187500.03,-187500.03,-187500.03,-187500.03,-136382.88,-176390.14,-187500.03,-135218.61,-187500.03,-187500.03,-185575.98
5663.4854,-187500.03,-187500.03,-187500.03,-187500.03,-187500.03,-187500.03,-187500.03,-187500.03,-187500.03,-139841.66,-178508.45,-187500.03,-138568.83,-187500.03,-187500.03,-187500.03
5663.508,-187500.03,-187500.03,-187500.03,-187500.03,-187500.03,-187500.03,-187500.03,-187500.03,-187500.03,-131246.52,-171532.7,-187500.03,-132729.44,-187500.03,-187500.03,-181862.44
5663.53,-187500.03,-187500.03,-187500.03,-187500.03,-187500.03,-187500.03,-187500.03,-187500.03,-187500.03,-127768.38,-169240.64,-187500.03,-129424.19,-187500.03,-187500.03,-177797.88
5663.5522,-187500.03,-187500.03,-187500.03,-187500.03,-187500.03,-187500.03,-187500.03,-187500.03,-187500.03,-134728.03,-175111.75,-187500.03,-133985.02,-187500.03,-187500.03,-183962.16
5663.5747,-187500.03,-187500.03,-187500.03,-187500.03,-187500.03,-187500.03,-187500.03,-187500.03,-187500.03,-140390.5,-179052.64,-187500.03,-138793.98,-187500.03,-187500.03,-187500.03
5663.597,-187500.03,-187500.03,-187500.03,-187500.03,-187500.03,-187500.03,-187500.03,-187500.03,-187500.03,-132719.81,-172664.44,-187500.03,-133841.75,-187500.03,-187500.03,-183307.58
5663.619,-187500.03,-187500.03,-187500.03,-187500.03,-187500.03,-187500.03,-187500.03,-187500.03,-187500.03,-127603.01,-169009.8,-187500.03,-129453.52,-187500.03,-187500.03,-177783.14
5663.6416,-187500.03,-187500.03,-187500.03,-187500.03,-187500.03,-187500.03,-187500.03,-187500.03,-187500.03,-133065.64,-173791.89,-187500.03,-132782.22,-187500.03,-187500.03,-182374.86
5663.664,-187500.03,-187500.03,-187500.03,-187500.03,-187500.03,-187500.03,-187500.03,-187500.03,-187500.03,-140459.9,-179225.61,-187500.03,-138662.84,-187500.03,-187500.03,-187500.03
5663.6865,-187500.03,-187500.03,-187500.03,-187500.03,-187500.03,-187500.03,-187500.03,-187500.03,-187500.03,-134332.73,-173928.81,-187500.03,-135005.56,-187500.03,-187500.03,-184842.36
5663.709,-187500.03,-187500.03,-187500.03,-187500.03,-187500.03,-187500.03,-187500.03,-187500.03,-187500.03,-127758.086,-169038.75,-187500.03,-129716.37,-187500.03,-187500.03,-178073.19
5663.731,-187500.03,-187500.03,-187500.03,-187500.03,-187500.03,-187500.03,-187500.03,-187500.03,-187500.03,-131515.77,-172529.23,-187500.03,-131697.86,-187500.03,-187500.03,-180930.14
5663.7534,-187500.03,-187500.03,-187500.03,-187500.03,-187500.03,-187500.03,-187500.03,-187500.03,-187500.03,-140038.77,-179009.56,-187500.03,-138191.97,-187500.03,-187500.03,-187500.03
5663.776,-187500.03,-187500.03,-187500.03,-187500.03,-187500.03,-187500.03,-187500.03,-187500.03,-187500.03,-135971.55,-175236.72,-187500.03,-136143.83,-187500.03,-187500.03,-186360.11
5663.7983,-187500.03,-187500.03,-187500.03,-187500.03,-187500.03,-187500.03,-187500.03,-187500.03,-187500.03,-128210.81,-169312.64,-187500.03,-130193.01,-187500.03,-187500.03,-178643.88
5663.8203,-187500.03,-187500.03,-187500.03,-187500.03,-187500.03,-187500.03,-187500.03,-187500.03,-187500.03,-130151.375,-171390.25,-187500.03,-130782.766,-187500.03,-187500.03,-179699.33
5663.843,-187500.03,-187500.03,-187500.03,-187500.03,-187500.03,-187500.03,-187500.03,-187500.03,-187500.03,-139157.78,-178424.3,-187500.03,-137410.73,-187500.03,-187500.03,-187500.03
5663.865,-187500.03,-187500.03,-187500.03,-187500.03,-187500.03,-187500.03,-187500.03,-187500.03,-187500.03,-137515.7,-176501.83,-187500.03,-137171.22,-187500.03,-187500.03,-187500.03
5663.8877,-187500.03,-187500.03,-187500.03,-187500.03,-187500.03,-187500.03,-187500.03,-187500.03,-187500.03,-128949.76,-169824.56,-187500.03,-130866.06,-187500.03,-187500.03,-179477.28
5663.91,-187500.03,-187500.03,-187500.03,-187500.03,-187500.03,-187500.03,-187500.03,-187500.03,-187500.03,-129049.41,-170439.23,-187500.03,-130085.45,-187500.03,-187500.03,-178748.56
5663.932,-187500.03,-187500.03,-187500.03,-187500.03,-187500.03,-187500.03,-187500.03,-187500.03,-187500.03,-137899.17,-177521.05,-187500.03,-136386.31,-187500.03,-187500.03,-187089.31
5663.9546,-187500.03,-187500.03,-187500.03,-187500.03,-187500.03,-187500.03,-187500.03,-187500.03,-187500.03,-138845.94,-177623.6,-187500.03,-138002.34,-187500.03,-187500.03,-187500.03
5663.977,-187500.03,-187500.03,-187500.03,-187500.03,-187500.03,-187500.03,-187500.03,-187500.03,-187500.03,-129969.3,-170568.0,-187500.03,-131715.61,-187500.03,-187500.03,-180557.67
5663.9995,-187500.03,-187500.03,-187500.03,-187500.03,-187500.03,-187500.03,-187500.03,-187500.03,-187500.03,-128255.516,-169719.62,-187500.03,-129630.31,-187500.03,-187500.03,-178117.39
5664.0215,-187500.03,-187500.03,-187500.03,-187500.03,-187500.03,-187500.03,-187500.03,-187500.03,-187500.03,-136394.31,-176396.22,-187500.03,-135222.78,-187500.03,-187500.03,-185585.48
5664.044,-187500.03,-187500.03,-187500.03,-187500.03,-187500.03,-187500.03,-187500.03,-187500.03,-187500.03,-139836.16,-178500.56,-187500.03,-138564.4,-187500.03,-187500.03,-187500.03
5664.0664,-187500.03,-187500.03,-187500.03,-187500.03,-187500.03,-187500.03,-187500.03,-187500.03,-187500.03,-131227.08,-171514.7,-187500.03,-132712.81,-187500.03,-187500.03,-181838.95
5664.089,-187500.03,-187500.03,-187500.03,-187500.03,-187500.03,-187500.03,-187500.03,-187500.03,-187500.03,-127782.85,-169248.98,-187500.03,-129428.74,-187500.03,-187500.03,-177802.52
5664.1113,-187500.03,-187500.03,-187500.03,-187500.03,-187500.03,-187500.03,-187500.03,-187500.03,-187500.03,-134775.77,-175144.5,-187500.03,-134016.23,-187500.03,-187500.03,-184002.48
5664.1333,-187500.03,-187500.03,-187500.03,-187500.03,-187500.03,-187500.03,-187500.03,-187500.03,-187500.03,-140389.9,-179045.23,-187500.03,-138793.5,-187500.03,-187500.03,-187500.03
5664.156,-187500.03,-187500.03,-187500.03,-187500.03,-187500.03,-187500.03,-187500.03,-187500.03,-187500.03,-132677.66,-172630.4,-187500.03,-133806.52,-187500.03,-187500.03,-183261.75
5664.178,-187500.03,-187500.03,-187500.03,-187500.03,-187500.03,-187500.03,-187500.03,-187500.03,-187500.03,-127609.555,-169018.19,-187500.03,-129450.695,-187500.03,-187500.03,-177778.92
5664.2007,-187500.03,-187500.03,-187500.03,-187500.03,-187500.03,-187500.03,-187500.03,-187500.03,-187500.03,-133111.38,-173830.95,-187500.03,-132813.69,-187500.03,-187500.03,-182412.52
5664.2227,-187500.03,-187500.03,-187500.03,-187500.03,-187500.03,-187500.03,-187500.03,-187500.03,-187500.03,-140471.05,-179233.5,-187500.03,-138674.23,-187500.03,-187500.03,-187500.03
5664.245,-187500.03,-187500.03,-187500.03,-187500.03,-187500.03,-187500.03,-187500.03,-187500.03,-187500.03,-134293.56,-173898.9,-187500.03,-134974.55,-187500.03,-187500.03,-184798.7
5664.2676,-187500.03,-187500.03,-187500.03,-187500.03,-187500.03,-187500.03,-187500.03,-187500.03,-187500.03,-127756.58,-169043.7,-187500.03,-129709.14,-187500.03,-187500.03,-178063.48
5664.29,-187500.03,-187500.03,-187500.03,-187500.03,-187500.03,-187500.03,-187500.03,-187500.03,-187500.03,-131553.9,-172565.55,-187500.03,-131722.55,-187500.03,-187500.03,-180963.23
5664.3125,-187500.03,-187500.03,-187500.03,-187500.03,-187500.03,-187500.03,-187500.03,-187500.03,-187500.03,-140061.2,-179029.5,-187500.03,-138209.72,-187500.03,-187500.03,-187500.03
5664.3345,-187500.03,-187500.03,-187500.03,-187500.03,-187500.03,-187500.03,-187500.03,-187500.03,-187500.03,-135938.47,-175213.14,-187500.03,-136118.53,-187500.03,-187500.03,-186327.95
5664.357,-187500.03,-187500.03,-187500.03,-187500.03,-187500.03,-187500.03,-187500.03,-187500.03,-187500.03,-128201.9,-169310.19,-187500.03,-130180.36,-187500.03,-187500.03,-178630.92
5664.3794,-187500.03,-187500.03,-187500.03,-187500.03,-187500.03,-187500.03,-187500.03,-187500.03,-187500.03,-130179.67,-171416.3,-187500.03,-130799.04,-187500.03,-187500.03,-179723.4
5664.402,-187500.03,-187500.03,-187500.03,-187500.03,-187500.03,-187500.03,-187500.03,-187500.03,-187500.03,-139175.9,-178438.36,-187500.03,-137423.61,-187500.03,-187500.03,-187500.03
5664.424,-187500.03,-187500.03,-187500.03,-187500.03,-187500.03,-187500.03,-187500.03,-187500.03,-187500.03,-137508.23,-176494.97,-187500.03,-137165.86,-187500.03,-187500.03,-187500.03
5664.4463,-187500.03,-187500.03,-187500.03,-187500.03,-187500.03,-187500.03,-187500.03,-187500.03,-187500.03,-128947.83,-169823.39,-187500.03,-130862.086,-187500.03,-187500.03,-179477.9
5664.4688,-187500.03,-187500.03,-187500.03,-187500.03,-187500.03,-187500.03,-187500.03,-187500.03,-187500.03,-129062.414,-170449.86,-187500.03,-130091.53,-187500.03,-187500.03,-178764.92
5664.491,-187500.03,-187500.03,-187500.03,-187500.03,-187500.03,-187500.03,-187500.03,-187500.03,-187500.03,-137907.75,-177527.67,-187500.03,-136389.98,-187500.03,-187500.03,-187103.92
5664.5137,-187500.03,-187500.03,-187500.03,-187500.03,-187500.03,-187500.03,-187500.03,-187500.03,-187500.03,-138861.5,-177635.55,-187500.03,-138010.56,-187500.03,-187500.03,-187500.03
5664.5356,-187500.03,-187500.03,-187500.03,-187500.03,-187500.03,-187500.03,-187500.03,-187500.03,-187500.03,-129980.25,-170575.52,-187500.03,-131723.23,-187500.03,-187500.03,-180575.34
5664.558,-187500.03,-187500.03,-187500.03,-187500.03,-187500.03,-187500.03,-187500.03,-187500.03,-187500.03,-128255.14,-169718.73,-187500.03,-129632.61,-187500.03,-187500.03,-178122.5
5664.5806,-187500.03,-187500.03,-187500.03,-187500.03,-187500.03,-187500.03,-187500.03,-187500.03,-187500.03,-136375.53,-176380.58,-187500.03,-135208.03,-187500.03,-187500.03,-185568.66
5664.603,-187500.03,-187500.03,-187500.03,-187500.03,-187500.03,-187500.03,-187500.03,-187500.03,-187500.03,-139850.7,-178513.58,-187500.03,-138568.86,-187500.03,-187500.03,-187500.03
5664.625,-187500.03,-187500.03,-187500.03,-187500.03,-187500.03,-187500.03,-187500.03,-187500.03,-187500.03,-131261.88,-171540.84,-187500.03,-132734.88,-187500.03,-187500.03,-181874.4
5664.6475,-187500.03,-187500.03,-187500.03,-187500.03,-187500.03,-187500.03,-187500.03,-187500.03,-187500.03,-127776.28,-169242.78,-187500.03,-129423.125,-187500.03,-187500.03,-177801.58
5664.67,-187500.03,-187500.03,-187500.03,-187500.03,-187500.03,-187500.03,-187500.03,-187500.03,-187500.03,-134726.11,-175108.62,-187500.03,-133976.3,-187500.03,-187500.03,-183955.95
5664.6924,-187500.03,-187500.03,-187500.03,-187500.03,-187500.03,-187500.03,-187500.03,-187500.03,-187500.03,-140400.78,-179061.27,-187500.03,-138791.84,-187500.03,-187500.03,-187500.03
5664.715,-187500.03,-187500.03,-187500.03,-187500.03,-187500.03,-187500.03,-187500.03,-187500.03,-187500.03,-132741.06,-172682.1,-187500.03,-133850.33,-187500.03,-187500.03,-183323.25
5664.737,-187500.03,-187500.03,-187500.03,-187500.03,-187500.03,-187500.03,-187500.03,-187500.03,-187500.03,-127617.445,-169023.38,-187500.03,-129460.68,-187500.03,-187500.03,-177793.97
5664.7593,-187500.03,-187500.03,-187500.03,-187500.03,-187500.03,-187500.03,-187500.03,-187500.03,-187500.03,-133070.16,-173798.69,-187500.03,-132783.27,-187500.03,-187500.03,-182377.19
5664.7817,-187500.03,-187500.03,-187500.03,-187500.03,-187500.03,-187500.03,-187500.03,-187500.03,-187500.03,-140465.73,-179233.66,-187500.03,-138662.7,-187500.03,-187500.03,-187500.03
5664.804,-187500.03,-187500.03,-187500.03,-187500.03,-187500.03,-187500.03,-187500.03,-187500.03,-187500.03,-134354.8,-173949.56,-187500.03,-135017.45,-187500.03,-187500.03,-184861.36
5664.826,-187500.03,-187500.03,-187500.03,-187500.03,-187500.03,-187500.03,-187500.03,-187500.03,-187500.03,-127768.96,-169050.42,-187500.03,-129720.54,-187500.03,-187500.03,-178084.11
5664.8486,-187500.03,-187500.03,-187500.03,-187500.03,-187500.03,-187500.03,-187500.03,-187500.03,-187500.03,-131511.92,-172531.3,-187500.03,-131692.0,-187500.03,-187500.03,-180929.06
5664.871,-187500.03,-187500.03,-187500.03,-187500.03,-187500.03,-187500.03,-187500.03,-187500.03,-187500.03,-140029.19,-179008.69,-187500.03,-138179.72,-187500.03,-187500.03,-187500.03
5664.8936,-187500.03,-187500.03,-187500.03,-187500.03,-187500.03,-187500.03,-187500.03,-187500.03,-187500.03,-135983.86,-175251.6,-187500.03,-136147.05,-187500.03,-187500.03,-186371.05
5664.916,-187500.03,-187500.03,-187500.03,-187500.03,-187500.03,-187500.03,-187500.03,-187500.03,-187500.03,-128225.95,-169326.14,-187500.03,-130199.164,-187500.03,-187500.03,-178656.47
5664.938,-187500.03,-187500.03,-187500.03,-187500.03,-187500.03,-187500.03,-187500.03,-187500.03,-187500.03,-130156.16,-171394.66,-187500.03,-130780.53,-187500.03,-187500.03,-179702.8
5664.9604,-187500.03,-187500.03,-187500.03,-187500.03,-187500.03,-187500.03,-187500.03,-187500.03,-187500.03,-139153.72,-178422.28,-187500.03,-137400.81,-187500.03,-187500.03,-187500.03
5664.983,-187500.03,-187500.03,-187500.03,-187500.03,-187500.03,-187500.03,-187500.03,-187500.03,-187500.03,-137533.95,-176517.45,-187500.03,-137175.95,-187500.03,-187500.03,-187500.03
5665.0054,-187500.03,-187500.03,-187500.03,-187500.03,-187500.03,-187500.03,-187500.03,-187500.03,-187500.03,-128965.484,-169836.27,-187500.03,-130870.625,-187500.03,-187500.03,-179492.7
5665.0273,-187500.03,-187500.03,-187500.03,-187500.03,-187500.03,-187500.03,-187500.03,-187500.03,-187500.03,-129053.12,-170441.86,-187500.03,-130082.91,-187500.03,-187500.03,-178753.0
5665.05,-187500.03,-187500.03,-187500.03,-187500.03,-187500.03,-187500.03,-187500.03,-187500.03,-187500.03,-137896.8,-177519.72,-187500.03,-136379.66,-187500.03,-187500.03,-187088.05
5665.0723,-187500.03,-187500.03,-187500.03,-187500.03,-187500.03,-187500.03,-187500.03,-187500.03,-187500.03,-138848.84,-177625.83,-187500.03,-137997.7,-187500.03,-187500.03,-187500.03
5665.0947,-187500.03,-187500.03,-187500.03,-187500.03,-187500.03,-187500.03,-187500.03,-187500.03,-187500.03,-129975.16,-170570.19,-187500.03,-131715.12,-187500.03,-187500.03,-180560.33
5665.117,-187500.03,-187500.03,-187500.03,-187500.03,-187500.03,-187500.03,-187500.03,-187500.03,-187500.03,-128266.734,-169725.39,-187500.03,-129634.56,-187500.03,-187500.03,-178123.27
5665.139,-187500.03,-187500.03,-187500.03,-187500.03,-187500.03,-187500.03,-187500.03,-187500.03,-187500.03,-136406.8,-176403.02,-187500.03,-135226.08,-187500.03,-187500.03,-185592.62
5665.1616,-187500.03,-187500.03,-187500.03,-187500.03,-187500.03,-187500.03,-187500.03,-187500.03,-187500.03,-139829.3,-178494.27,-187500.03,-138550.84,-187500.03,-187500.03,-187500.03
5665.184,-187500.03,-187500.03,-187500.03,-187500.03,-187500.03,-187500.03,-187500.03,-187500.03,-187500.03,-131229.98,-171516.39,-187500.03,-132705.8,-187500.03,-187500.03,-181835.52
5665.2065,-187500.03,-187500.03,-187500.03,-187500.03,-187500.03,-187500.03,-187500.03,-187500.03,-187500.03,-127786.56,-169250.47,-187500.03,-129424.914,-187500.03,-187500.03,-177801.72
5665.2285,-187500.03,-187500.03,-187500.03,-187500.03,-187500.03,-187500.03,-187500.03,-187500.03,-187500.03,-134768.6,-175137.14,-187500.03,-134006.0,-187500.03,-187500.03,-183993.44
5665.251,-187500.03,-187500.03,-187500.03,-187500.03,-187500.03,-187500.03,-187500.03,-187500.03,-187500.03,-140389.83,-179043.75,-187500.03,-138786.14,-187500.03,-187500.03,-187500.03
5665.2734,-187500.03,-187500.03,-187500.03,-187500.03,-187500.03,-187500.03,-187500.03,-187500.03,-187500.03,-132703.98,-172647.84,-187500.03,-133820.55,-187500.03,-187500.03,-183286.45
5665.296,-187500.03,-187500.03,-187500.03,-187500.03,-187500.03,-187500.03,-187500.03,-187500.03,-187500.03,-127616.75,-169019.75,-187500.03,-129453.97,-187500.03,-187500.03,-177789.64
5665.318,-187500.03,-187500.03,-187500.03,-187500.03,-187500.03,-187500.03,-187500.03,-187500.03,-187500.03,-133096.36,-173815.5,-187500.03,-132796.14,-187500.03,-187500.03,-182402.06
5665.3403,-187500.03,-187500.03,-187500.03,-187500.03,-187500.03,-187500.03,-187500.03,-187500.03,-187500.03,-140473.2,-179236.55,-187500.03,-138667.67,-187500.03,-187500.03,-187500.03
5665.363,-187500.03,-187500.03,-187500.03,-187500.03,-187500.03,-187500.03,-187500.03,-187500.03,-187500.03,-134333.12,-173928.56,-187500.03,-134998.44,-187500.03,-187500.03,-184846.39
5665.3853,-187500.03,-187500.03,-187500.03,-187500.03,-187500.03,-187500.03,-187500.03,-187500.03,-187500.03,-127766.86,-169046.77,-187500.03,-129715.65,-187500.03,-187500.03,-178085.88
5665.4077,-187500.03,-187500.03,-187500.03,-187500.03,-187500.03,-187500.03,-187500.03,-187500.03,-187500.03,-131537.36,-172550.7,-187500.03,-131709.12,-187500.03,-187500.03,-180958.39
5665.4297,-187500.03,-187500.03,-187500.03,-187500.03,-187500.03,-187500.03,-187500.03,-187500.03,-187500.03,-140043.78,-179019.73,-187500.03,-138190.45,-187500.03,-187500.03,-187500.03
5665.452,-187500.03,-187500.03,-187500.03,-187500.03,-187500.03,-187500.03,-187500.03,-187500.03,-187500.03,-135970.62,-175242.7,-187500.03,-136136.69,-187500.03,-187500.03,-186365.73
5665.4746,-187500.03,-187500.03,-187500.03,-187500.03,-187500.03,-187500.03,-187500.03,-187500.03,-187500.03,-128214.11,-169318.81,-187500.03,-130185.26,-187500.03,-187500.03,-178650.84
5665.497,-187500.03,-187500.03,-187500.03,-187500.03,-187500.03,-187500.03,-187500.03,-187500.03,-187500.03,-130158.88,-171398.52,-187500.03,-130777.51,-187500.03,-187500.03,-179711.3
5665.519,-187500.03,-187500.03,-187500.03,-187500.03,-187500.03,-187500.03,-187500.03,-187500.03,-187500.03,-139159.27,-178428.64,-187500.03,-137402.64,-187500.03,-187500.03,-187500.03
5665.5415,-187500.03,-187500.03,-187500.03,-187500.03,-187500.03,-187500.03,-187500.03,-187500.03,-187500.03,-137516.0,-176505.03,-187500.03,-137161.9,-187500.03,-187500.03,-187500.03
5665.564,-187500.03,-187500.03,-187500.03,-187500.03,-187500.03,-187500.03,-187500.03,-187500.03,-187500.03,-128954.5,-169829.23,-187500.03,-130858.586,-187500.03,-187500.03,-179483.05
5665.5864,-187500.03,-187500.03,-187500.03,-187500.03,-187500.03,-187500.03,-187500.03,-187500.03,-187500.03,-129065.93,-170453.39,-187500.03,-130087.734,-187500.03,-187500.03,-178766.14
5665.609,-187500.03,-187500.03,-187500.03,-187500.03,-187500.03,-187500.03,-187500.03,-187500.03,-187500.03,-137917.53,-177535.8,-187500.03,-136392.11,-187500.03,-187500.03,-187111.83
5665.631,-187500.03,-187500.03,-187500.03,-187500.03,-187500.03,-187500.03,-187500.03,-187500.03,-187500.03,-138854.44,-177630.12,-187500.03,-138001.81,-187500.03,-187500.03,-187500.03
5665.6533,-187500.03,-187500.03,-187500.03,-187500.03,-187500.03,-187500.03,-187500.03,-187500.03,-187500.03,-129975.11,-170571.47,-187500.03,-131713.58,-187500.03,-187500.03,-180563.08
5665.676,-187500.03,-187500.03,-187500.03,-187500.03,-187500.03,-187500.03,-187500.03,-187500.03,-187500.03,-128264.055,-169726.11,-187500.03,-129630.984,-187500.03,-187500.03,-178122.14
5665.698,-187500.03,-187500.03,-187500.03,-187500.03,-187500.03,-187500.03,-187500.03,-187500.03,-187500.03,-136398.47,-176398.2,-187500.03,-135216.38,-187500.03,-187500.03,-185583.78
5665.72,-187500.03,-187500.03,-187500.03,-187500.03,-187500.03,-187500.03,-187500.03,-187500.03,-187500.03,-139841.39,-178504.05,-187500.03,-138556.23,-187500.03,-187500.03,-187500.03
5665.7427,-187500.03,-187500.03,-187500.03,-187500.03,-187500.03,-187500.03,-187500.03,-187500.03,-187500.03,-131241.66,-171523.38,-187500.03,-132711.5,-187500.03,-187500.03,-181846.42
5665.765,-187500.03,-187500.03,-187500.03,-187500.03,-187500.03,-187500.03,-187500.03,-187500.03,-187500.03,-127779.37,-169242.66,-187500.03,-129416.375,-187500.03,-187500.03,-177794.9
5665.7876,-187500.03,-187500.03,-187500.03,-187500.03,-187500.03,-187500.03,-187500.03,-187500.03,-187500.03,-134745.39,-175119.81,-187500.03,-133982.38,-187500.03,-187500.03,-183970.66
5665.81,-187500.03,-187500.03,-187500.03,-187500.03,-187500.03,-187500.03,-187500.03,-187500.03,-187500.03,-140393.23,-179050.64,-187500.03,-138780.48,-187500.03,-187500.03,-187500.03
5665.832,-187500.03,-187500.03,-187500.03,-187500.03,-187500.03,-187500.03,-187500.03,-187500.03,-187500.03,-132712.36,-172655.7,-187500.03,-133820.38,-187500.03,-187500.03,-183293.88
5665.8545,-187500.03,-187500.03,-187500.03,-187500.03,-187500.03,-187500.03,-187500.03,-187500.03,-187500.03,-127615.32,-169017.69,-187500.03,-129446.51,-187500.03,-187500.03,-177786.33
5665.877,-187500.03,-187500.03,-187500.03,-187500.03,-187500.03,-187500.03,-187500.03,-187500.03,-187500.03,-133086.83,-173807.4,-187500.03,-132784.52,-187500.03,-187500.03,-182390.47
5665.8994,-187500.03,-187500.03,-187500.03,-187500.03,-187500.03,-187500.03,-187500.03,-187500.03,-187500.03,-140463.27,-179227.73,-187500.03,-138655.67,-187500.03,-187500.03,-187500.03
5665.9214,-187500.03,-187500.03,-187500.03,-187500.03,-187500.03,-187500.03,-187500.03,-187500.03,-187500.03,-134318.02,-173917.16,-187500.03,-134984.9,-187500.03,-187500.03,-184826.27
5665.944,-187500.03,-187500.03,-187500.03,-187500.03,-187500.03,-187500.03,-187500.03,-187500.03,-187500.03,-127759.71,-169042.25,-187500.03,-129705.99,-187500.03,-187500.03,-178071.34
5665.9663,-187500.03,-187500.03,-187500.03,-187500.03,-187500.03,-187500.03,-187500.03,-187500.03,-187500.03,-131536.64,-172549.53,-187500.03,-131700.53,-187500.03,-187500.03,-180949.94
5665.989,-187500.03,-187500.03,-187500.03,-187500.03,-187500.03,-187500.03,-187500.03,-187500.03,-187500.03,-140049.9,-179022.47,-187500.03,-138187.86,-187500.03,-187500.03,-187500.03
5666.011,-187500.03,-187500.03,-187500.03,-187500.03,-187500.03,-187500.03,-187500.03,-187500.03,-187500.03,-135951.88,-175225.66,-187500.03,-136118.69,-187500.03,-187500.03,-186344.38
5666.033,-187500.03,-187500.03,-187500.03,-187500.03,-187500.03,-187500.03,-187500.03,-187500.03,-187500.03,-128204.45,-169311.56,-187500.03,-130176.516,-187500.03,-187500.03,-178638.55
5666.0557,-187500.03,-187500.03,-187500.03,-187500.03,-187500.03,-187500.03,-187500.03,-187500.03,-187500.03,-130169.93,-171408.72,-187500.03,-130785.555,-187500.03,-187500.03,-179720.69
5666.078,-187500.03,-187500.03,-187500.03,-187500.03,-187500.03,-187500.03,-187500.03,-187500.03,-187500.03,-139166.45,-178435.11,-187500.03,-137409.39,-187500.03,-187500.03,-187500.03
5666.1006,-187500.03,-187500.03,-187500.03,-187500.03,-187500.03,-187500.03,-187500.03,-187500.03,-187500.03,-137495.45,-176489.16,-187500.03,-137146.81,-187500.03,-187500.03,-187500.03
5666.1226,-187500.03,-187500.03,-187500.03,-187500.03,-187500.03,-187500.03,-187500.03,-187500.03,-187500.03,-128937.02,-169816.36,-187500.03,-130842.54,-187500.03,-187500.03,-179467.77
5666.145,-187500.03,-187500.03,-187500.03,-187500.03,-187500.03,-187500.03,-187500.03,-187500.03,-187500.03,-129061.92,-170450.58,-187500.03,-130080.086,-187500.03,-187500.03,-178763.23
5666.1675,-187500.03,-187500.03,-187500.03,-187500.03,-187500.03,-187500.03,-187500.03,-187500.03,-187500.03,-137911.4,-177532.33,-187500.03,-136384.61,-187500.03,-187500.03,-187111.7
5666.19,-187500.03,-187500.03,-187500.03,-187500.03,-187500.03,-187500.03,-187500.03,-187500.03,-187500.03,-138824.66,-177609.4,-187500.03,-137978.23,-187500.03,-187500.03,-187500.03
5666.2124,-187500.03,-187500.03,-187500.03,-187500.03,-187500.03,-187500.03,-187500.03,-187500.03,-187500.03,-129949.734,-170555.08,-187500.03,-131692.36,-187500.03,-187500.03,-180543.38
5666.2344,-187500.03,-187500.03,-187500.03,-187500.03,-187500.03,-187500.03,-187500.03,-187500.03,-187500.03,-128260.64,-169724.58,-187500.03,-129623.74,-187500.03,-187500.03,-178122.42
5666.257,-187500.03,-187500.03,-187500.03,-187500.03,-187500.03,-187500.03,-187500.03,-187500.03,-187500.03,-136399.81,-176399.05,-187500.03,-135215.16,-187500.03,-187500.03,-185592.4
5666.2793,-187500.03,-187500.03,-187500.03,-187500.03,-187500.03,-187500.03,-187500.03,-187500.03,-187500.03,-139822.17,-178489.34,-187500.03,-138541.92,-187500.03,-187500.03,-187500.03
5666.302,-187500.03,-187500.03,-187500.03,-187500.03,-187500.03,-187500.03,-187500.03,-187500.03,-187500.03,-131214.62,-171503.39,-187500.03,-132689.97,-187500.03,-187500.03,-181828.06
5666.3237,-187500.03,-187500.03,-187500.03,-187500.03,-187500.03,-187500.03,-187500.03,-187500.03,-187500.03,-127769.04,-169236.08,-187500.03,-129405.45,-187500.03,-187500.03,-177791.64
5666.346,-187500.03,-187500.03,-187500.03,-187500.03,-187500.03,-187500.03,-187500.03,-187500.03,-187500.03,-134749.67,-175125.03,-187500.03,-133984.72,-187500.03,-187500.03,-183982.28
5666.3687,-187500.03,-187500.03,-187500.03,-187500.03,-187500.03,-187500.03,-187500.03,-187500.03,-187500.03,-140382.9,-179044.42,-187500.03,-138774.86,-187500.03,-187500.03,-187500.03
5666.391,-187500.03,-187500.03,-187500.03,-187500.03,-187500.03,-187500.03,-187500.03,-187500.03,-187500.03,-132688.2,-172638.1,-187500.03,-133803.27,-187500.03,-187500.03,-183275.19
5666.4136,-187500.03,-187500.03,-187500.03,-187500.03,-187500.03,-187500.03,-187500.03,-187500.03,-187500.03,-127600.28,-169006.75,-187500.03,-129435.0,-187500.03,-187500.03,-177774.4
5666.4355,-187500.03,-187500.03,-187500.03,-187500.03,-187500.03,-187500.03,-187500.03,-187500.03,-187500.03,-133090.77,-173810.55,-187500.03,-132787.62,-187500.03,-187500.03,-182397.64
5666.458,-187500.03,-187500.03,-187500.03,-187500.03,-187500.03,-187500.03,-187500.03,-187500.03,-187500.03,-140458.45,-179222.25,-187500.03,-138652.16,-187500.03,-187500.03,-187500.03
5666.4805,-187500.03,-187500.03,-187500.03,-187500.03,-187500.03,-187500.03,-187500.03,-187500.03,-187500.03,-134295.89,-173897.67,-187500.03,-134965.22,-187500.03,-187500.03,-184806.38
5666.503,-187500.03,-187500.03,-187500.03,-187500.03,-187500.03,-187500.03,-187500.03,-187500.03,-187500.03,-127745.586,-169029.62,-187500.03,-129691.24,-187500.03,-187500.03,-178056.03
5666.525,-187500.03,-187500.03,-187500.03,-187500.03,-187500.03,-187500.03,-187500.03,-187500.03,-187500.03,-131534.03,-172546.36,-187500.03,-131697.77,-187500.03,-187500.03,-180945.16
5666.5474,-187500.03,-187500.03,-187500.03,-187500.03,-187500.03,-187500.03,-187500.03,-187500.03,-187500.03,-140039.47,-179011.47,-187500.03,-138182.33,-187500.03,-187500.03,-187500.03
5666.57,-187500.03,-187500.03,-187500.03,-187500.03,-187500.03,-187500.03,-187500.03,-187500.03,-187500.03,-135934.48,-175207.8,-187500.03,-136105.92,-187500.03,-187500.03,-186323.81
5666.5923,-187500.03,-187500.03,-187500.03,-187500.03,-187500.03,-187500.03,-187500.03,-187500.03,-187500.03,-128194.586,-169298.27,-187500.03,-130166.484,-187500.03,-187500.03,-178623.9
5666.6147,-187500.03,-187500.03,-187500.03,-187500.03,-187500.03,-187500.03,-187500.03,-187500.03,-187500.03,-130168.2,-171401.97,-187500.03,-130780.37,-187500.03,-187500.03,-179714.22
5666.6367,-187500.03,-187500.03,-187500.03,-187500.03,-187500.03,-187500.03,-187500.03,-187500.03,-187500.03,-139163.34,-178425.84,-187500.03,-137402.02,-187500.03,-187500.03,-187500.03
5666.659,-187500.03,-187500.03,-187500.03,-187500.03,-187500.03,-187500.03,-187500.03,-187500.03,-187500.03,-137494.39,-176482.3,-187500.03,-137141.92,-187500.03,-187500.03,-187500.03
5666.6816,-187500.03,-187500.03,-187500.03,-187500.03,-187500.03,-187500.03,-187500.03,-187500.03,-187500.03,-128937.27,-169809.16,-187500.03,-130840.39,-187500.03,-187500.03,-179463.75
5666.704,-187500.03,-187500.03,-187500.03,-187500.03,-187500.03,-187500.03,-187500.03,-187500.03,-187500.03,-129051.016,-170433.05,-187500.03,-130070.195,-187500.03,-187500.03,-178749.83
5666.726,-187500.03,-187500.03,-187500.03,-187500.03,-187500.03,-187500.03,-187500.03,-187500.03,-187500.03,-137900.19,-177514.62,-187500.03,-136374.64,-187500.03,-187500.03,-187097.03
5666.7485,-187500.03,-187500.03,-187500.03,-187500.03,-187500.03,-187500.03,-187500.03,-187500.03,-187500.03,-138822.75,-177599.61,-187500.03,-137973.42,-187500.03,-187500.03,-187500.03
5666.771,-187500.03,-187500.03,-187500.03,-187500.03,-187500.03,-187500.03,-187500.03,-187500.03,-187500.03,-129945.875,-170544.11,-187500.03,-131685.02,-187500.03,-187500.03,-180537.19
5666.7935,-187500.03,-187500.03,-187500.03,-187500.03,-187500.03,-187500.03,-187500.03,-187500.03,-187500.03,-128263.3,-169721.64,-187500.03,-129622.445,-187500.03,-187500.03,-178124.77
5666.816,-187500.03,-187500.03,-187500.03,-187500.03,-187500.03,-187500.03,-187500.03,-187500.03,-187500.03,-136419.27,-176410.22,-187500.03,-135229.94,-187500.03,-187500.03,-185613.67
5666.838,-187500.03,-187500.03,-187500.03,-187500.03,-187500.03,-187500.03,-187500.03,-187500.03,-187500.03,-139807.17,-178472.92,-187500.03,-138533.3,-187500.03,-187500.03,-187500.03
5666.8604,-187500.03,-187500.03,-187500.03,-187500.03,-187500.03,-187500.03,-187500.03,-187500.03,-187500.03,-131197.84,-171489.75,-187500.03,-132679.11,-187500.03,-187500.03,-181813.98
5666.883,-187500.03,-187500.03,-187500.03,-187500.03,-187500.03,-187500.03,-187500.03,-187500.03,-187500.03,-127779.68,-169246.84,-187500.03,-129415.336,-187500.03,-187500.03,-177802.45
5666.9053,-187500.03,-187500.03,-187500.03,-187500.03,-187500.03,-187500.03,-187500.03,-187500.03,-187500.03,-134780.92,-175150.53,-187500.03,-134012.2,-187500.03,-187500.03,-184012.8
5666.9272,-187500.03,-187500.03,-187500.03,-187500.03,-187500.03,-187500.03,-187500.03,-187500.03,-187500.03,-140373.33,-179036.14,-187500.03,-138772.75,-187500.03,-187500.03,-187500.03
5666.9497,-187500.03,-187500.03,-187500.03,-187500.03,-187500.03,-187500.03,-187500.03,-187500.03,-187500.03,-132668.31,-172625.81,-187500.03,-133788.45,-187500.03,-187500.03,-183253.22
5666.972,-187500.03,-187500.03,-187500.03,-187500.03,-187500.03,-187500.03,-187500.03,-187500.03,-187500.03,-127607.766,-169018.28,-187500.03,-129437.875,-187500.03,-187500.03,-177777.53
5666.9946,-187500.03,-187500.03,-187500.03,-187500.03,-187500.03,-187500.03,-187500.03,-187500.03,-187500.03,-133132.39,-173847.88,-187500.03,-132818.7,-187500.03,-187500.03,-182434.92
5667.0166,-187500.03,-187500.03,-187500.03,-187500.03,-187500.03,-187500.03,-187500.03,-187500.03,-187500.03,-140460.06,-179226.17,-187500.03,-138660.44,-187500.03,-187500.03,-187500.03
5667.039,-187500.03,-187500.03,-187500.03,-187500.03,-187500.03,-187500.03,-187500.03,-187500.03,-187500.03,-134268.0,-173882.06,-187500.03,-134951.47,-187500.03,-187500.03,-184776.34
5667.0615,-187500.03,-187500.03,-187500.03,-187500.03,-187500.03,-187500.03,-187500.03,-187500.03,-187500.03,-127745.93,-169036.88,-187500.03,-129695.59,-187500.03,-187500.03,-178051.28
5667.084,-187500.03,-187500.03,-187500.03,-187500.03,-187500.03,-187500.03,-187500.03,-187500.03,-187500.03,-131564.1,-172575.03,-187500.03,-131725.39,-187500.03,-187500.03,-180972.06
5667.1064,-187500.03,-187500.03,-187500.03,-187500.03,-187500.03,-187500.03,-187500.03,-187500.03,-187500.03,-140050.61,-179022.39,-187500.03,-138200.03,-187500.03,-187500.03,-187500.03
5667.1284,-187500.03,-187500.03,-187500.03,-187500.03,-187500.03,-187500.03,-187500.03,-187500.03,-187500.03,-135924.16,-175205.36,-187500.03,-136107.5,-187500.03,-187500.03,-186316.5
5667.151,-187500.03,-187500.03,-187500.03,-187500.03,-187500.03,-187500.03,-187500.03,-187500.03,-187500.03,-128194.93,-169306.25,-187500.03,-130174.8,-187500.03,-187500.03,-178626.03
5667.1733,-187500.03,-187500.03,-187500.03,-187500.03,-187500.03,-187500.03,-187500.03,-187500.03,-187500.03,-130177.88,-171417.78,-187500.03,-130797.71,-187500.03,-187500.03,-179724.86
5667.196,-187500.03,-187500.03,-187500.03,-187500.03,-187500.03,-187500.03,-187500.03,-187500.03,-187500.03,-139174.97,-178442.67,-187500.03,-137423.56,-187500.03,-187500.03,-187500.03
5667.218,-187500.03,-187500.03,-187500.03,-187500.03,-187500.03,-187500.03,-187500.03,-187500.03,-187500.03,-137489.28,-176485.36,-187500.03,-137151.02,-187500.03,-187500.03,-187500.03
5667.24,-187500.03,-187500.03,-187500.03,-187500.03,-187500.03,-187500.03,-187500.03,-187500.03,-187500.03,-128935.81,-169816.64,-187500.03,-130851.25,-187500.03,-187500.03,-179462.3
5667.2627,-187500.03,-187500.03,-187500.03,-187500.03,-187500.03,-187500.03,-187500.03,-187500.03,-187500.03,-129071.35,-170458.81,-187500.03,-130097.92,-187500.03,-187500.03,-178769.7
5667.285,-187500.03,-187500.03,-187500.03,-187500.03,-187500.03,-187500.03,-187500.03,-187500.03,-187500.03,-137927.56,-177543.17,-187500.03,-136408.4,-187500.03,-187500.03,-187123.84
5667.3076,-187500.03,-187500.03,-187500.03,-187500.03,-187500.03,-187500.03,-187500.03,-187500.03,-187500.03,-138821.12,-177606.12,-187500.03,-137988.2,-187500.03,-187500.03,-187500.03
5667.3296,-187500.03,-187500.03,-187500.03,-187500.03,-187500.03,-187500.03,-187500.03,-187500.03,-187500.03,-129942.89,-170551.52,-187500.03,-131698.48,-187500.03,-187500.03,-180533.4
5667.352,-187500.03,-187500.03,-187500.03,-187500.03,-187500.03,-187500.03,-187500.03,-187500.03,-187500.03,-128259.66,-169727.62,-187500.03,-129635.734,-187500.03,-187500.03,-178117.58
5667.3745,-187500.03,-187500.03,-187500.03,-187500.03,-187500.03,-187500.03,-187500.03,-187500.03,-187500.03,-136412.78,-176413.2,-187500.03,-135239.77,-187500.03,-187500.03,-185601.53
5667.397,-187500.03,-187500.03,-187500.03,-187500.03,-187500.03,-187500.03,-187500.03,-187500.03,-187500.03,-139814.5,-178487.55,-187500.03,-138553.84,-187500.03,-187500.03,-187500.03
5667.419,-187500.03,-187500.03,-187500.03,-187500.03,-187500.03,-187500.03,-187500.03,-187500.03,-187500.03,-131206.61,-171504.95,-187500.03,-132702.25,-187500.03,-187500.03,-181817.52
5667.4414,-187500.03,-187500.03,-187500.03,-187500.03,-187500.03,-187500.03,-187500.03,-187500.03,-187500.03,-127770.664,-169245.83,-187500.03,-129424.83,-187500.03,-187500.03,-177789.31
5667.464,-187500.03,-187500.03,-187500.03,-187500.03,-187500.03,-187500.03,-187500.03,-187500.03,-187500.03,-134760.86,-175140.83,-187500.03,-134009.9,-187500.03,-187500.03,-183989.55
5667.4863,-187500.03,-187500.03,-187500.03,-187500.03,-187500.03,-187500.03,-187500.03,-187500.03,-187500.03,-140380.89,-179046.97,-187500.03,-138790.14,-187500.03,-187500.03,-187500.03
5667.509,-187500.03,-187500.03,-187500.03,-187500.03,-187500.03,-187500.03,-187500.03,-187500.03,-187500.03,-132676.36,-172635.58,-187500.03,-133812.11,-187500.03,-187500.03,-183263.94
5667.531,-187500.03,-187500.03,-187500.03,-187500.03,-187500.03,-187500.03,-187500.03,-187500.03,-187500.03,-127594.12,-169009.73,-187500.03,-129448.97,-187500.03,-187500.03,-177770.23
5667.553,-187500.03,-187500.03,-187500.03,-187500.03,-187500.03,-187500.03,-187500.03,-187500.03,-187500.03,-133096.95,-173824.84,-187500.03,-132811.55,-187500.03,-187500.03,-182407.42
5667.5757,-187500.03,-187500.03,-187500.03,-187500.03,-187500.03,-187500.03,-187500.03,-187500.03,-187500.03,-140458.27,-179231.5,-187500.03,-138673.56,-187500.03,-187500.03,-187500.03
5667.598,-187500.03,-187500.03,-187500.03,-187500.03,-187500.03,-187500.03,-187500.03,-187500.03,-187500.03,-134275.58,-173892.34,-187500.03,-134970.38,-187500.03,-187500.03,-184795.03
5667.62,-187500.03,-187500.03,-187500.03,-187500.03,-187500.03,-187500.03,-187500.03,-187500.03,-187500.03,-127735.65,-169033.2,-187500.03,-129701.85,-187500.03,-187500.03,-178055.23
5667.6426,-187500.03,-187500.03,-187500.03,-187500.03,-187500.03,-187500.03,-187500.03,-187500.03,-187500.03,-131531.78,-172555.08,-187500.03,-131715.08,-187500.03,-187500.03,-180956.12
5667.665,-187500.03,-187500.03,-187500.03,-187500.03,-187500.03,-187500.03,-187500.03,-187500.03,-187500.03,-140035.05,-179017.56,-187500.03,-138200.73,-187500.03,-187500.03,-187500.03
5667.6875,-187500.03,-187500.03,-187500.03,-187500.03,-187500.03,-187500.03,-187500.03,-187500.03,-187500.03,-135910.1,-175201.4,-187500.03,-136112.25,-187500.03,-187500.03,-186319.11
5667.71,-187500.03,-187500.03,-187500.03,-187500.03,-187500.03,-187500.03,-187500.03,-187500.03,-187500.03,-128176.555,-169300.36,-187500.03,-130178.69,-187500.03,-187500.03,-178624.02
5667.732,-187500.03,-187500.03,-187500.03,-187500.03,-187500.03,-187500.03,-187500.03,-187500.03,-187500.03,-130158.125,-171410.86,-187500.03,-130800.336,-187500.03,-187500.03,-179721.1
5667.7544,-187500.03,-187500.03,-187500.03,-187500.03,-187500.03,-187500.03,-187500.03,-187500.03,-187500.03,-139161.1,-178440.73,-187500.03,-137429.73,-187500.03,-187500.03,-187500.03
5667.777,-187500.03,-187500.03,-187500.03,-187500.03,-187500.03,-187500.03,-187500.03,-187500.03,-187500.03,-137457.81,-176468.8,-187500.03,-137144.75,-187500.03,-187500.03,-187500.03
5667.7993,-187500.03,-187500.03,-187500.03,-187500.03,-187500.03,-187500.03,-187500.03,-187500.03,-187500.03,-128904.12,-169801.72,-187500.03,-130845.55,-187500.03,-187500.03,-179447.83
5667.8213,-187500.03,-187500.03,-187500.03,-187500.03,-187500.03,-187500.03,-187500.03,-187500.03,-187500.03,-129055.53,-170458.19,-187500.03,-130105.195,-187500.03,-187500.03,-178768.6
5667.8438,-187500.03,-187500.03,-187500.03,-187500.03,-187500.03,-187500.03,-187500.03,-187500.03,-187500.03,-137921.61,-177549.7,-187500.03,-136423.83,-187500.03,-187500.03,-187130.78
5667.866,-187500.03,-187500.03,-187500.03,-187500.03,-187500.03,-187500.03,-187500.03,-187500.03,-187500.03,-138794.0,-177595.58,-187500.03,-137989.64,-187500.03,-187500.03,-187500.03
5667.8887,-187500.03,-187500.03,-187500.03,-187500.03,-187500.03,-187500.03,-187500.03,-187500.03,-187500.03,-129915.086,-170541.62,-187500.03,-131698.58,-187500.03,-187500.03,-180512.52
5667.911,-187500.03,-187500.03,-187500.03,-187500.03,-187500.03,-187500.03,-187500.03,-187500.03,-187500.03,-128250.67,-169730.03,-187500.03,-129648.46,-187500.03,-187500.03,-178112.05
5667.933,-187500.03,-187500.03,-187500.03,-187500.03,-187500.03,-187500.03,-187500.03,-187500.03,-187500.03,-136406.33,-176414.47,-187500.03,-135256.2,-187500.03,-187500.03,-185599.75
5667.9556,-187500.03,-187500.03,-187500.03,-187500.03,-187500.03,-187500.03,-187500.03,-187500.03,-187500.03,-139789.0,-178473.7,-187500.03,-138556.77,-187500.03,-187500.03,-187500.03
5667.978,-187500.03,-187500.03,-187500.03,-187500.03,-187500.03,-187500.03,-187500.03,-187500.03,-187500.03,-131173.0,-171486.8,-187500.03,-132697.73,-187500.03,-187500.03,-181787.78
5668.0005,-187500.03,-187500.03,-187500.03,-187500.03,-187500.03,-187500.03,-187500.03,-187500.03,-187500.03,-127757.55,-169245.45,-187500.03,-129436.72,-187500.03,-187500.03,-177778.77
5668.0225,-187500.03,-187500.03,-187500.03,-187500.03,-187500.03,-187500.03,-187500.03,-187500.03,-187500.03,-134757.89,-175147.58,-187500.03,-134031.5,-187500.03,-187500.03,-183989.34
5668.045,-187500.03,-187500.03,-187500.03,-187500.03,-187500.03,-187500.03,-187500.03,-187500.03,-187500.03,-140359.2,-179039.42,-187500.03,-138799.14,-187500.03,-187500.03,-187500.03
5668.0674,-187500.03,-187500.03,-187500.03,-187500.03,-187500.03,-187500.03,-187500.03,-187500.03,-187500.03,-132641.86,-172619.22,-187500.03,-133810.33,-187500.03,-187500.03,-183232.92
5668.09,-187500.03,-187500.03,-187500.03,-187500.03,-187500.03,-187500.03,-187500.03,-187500.03,-187500.03,-127580.164,-169011.17,-187500.03,-129462.016,-187500.03,-187500.03,-177758.25
5668.1123,-187500.03,-187500.03,-187500.03,-187500.03,-187500.03,-187500.03,-187500.03,-187500.03,-187500.03,-133093.53,-173832.45,-187500.03,-132833.86,-187500.03,-187500.03,-182407.14
5668.1343,-187500.03,-187500.03,-187500.03,-187500.03,-187500.03,-187500.03,-187500.03,-187500.03,-187500.03,-140438.86,-179226.1,-187500.03,-138685.58,-187500.03,-187500.03,-187500.03
5668.1567,-187500.03,-187500.03,-187500.03,-187500.03,-187500.03,-187500.03,-187500.03,-187500.03,-187500.03,-134247.61,-173884.33,-187500.03,-134979.89,-187500.03,-187500.03,-184772.9
5668.179,-187500.03,-187500.03,-187500.03,-187500.03,-187500.03,-187500.03,-187500.03,-187500.03,-187500.03,-127716.305,-169032.36,-187500.03,-129718.96,-187500.03,-187500.03,-178043.05
5668.2017,-187500.03,-187500.03,-187500.03,-187500.03,-187500.03,-187500.03,-187500.03,-187500.03,-187500.03,-131527.39,-172564.3,-187500.03,-131743.73,-187500.03,-187500.03,-180958.75
5668.2236,-187500.03,-187500.03,-187500.03,-187500.03,-187500.03,-187500.03,-187500.03,-187500.03,-187500.03,-140019.6,-179017.25,-187500.03,-138221.31,-187500.03,-187500.03,-187500.03
5668.246,-187500.03,-187500.03,-187500.03,-187500.03,-187500.03,-187500.03,-187500.03,-187500.03,-187500.03,-135882.14,-175193.2,-187500.03,-136122.39,-187500.03,-187500.03,-186301.08
5668.2686,-187500.03,-187500.03,-187500.03,-187500.03,-187500.03,-187500.03,-187500.03,-187500.03,-187500.03,-128152.07,-169295.78,-187500.03,-130190.555,-187500.03,-187500.03,-178608.69
5668.291,-187500.03,-187500.03,-187500.03,-187500.03,-187500.03,-187500.03,-187500.03,-187500.03,-187500.03,-130175.695,-171439.72,-187500.03,-130844.95,-187500.03,-187500.03,-179747.25
5668.3135,-187500.03,-187500.03,-187500.03,-187500.03,-187500.03,-187500.03,-187500.03,-187500.03,-187500.03,-139161.45,-178450.8,-187500.03,-137464.28,-187500.03,-187500.03,-187500.03
5668.3354,-187500.03,-187500.03,-187500.03,-187500.03,-187500.03,-187500.03,-187500.03,-187500.03,-187500.03,-137403.72,-176438.17,-187500.03,-137139.56,-187500.03,-187500.03,-187500.03
5668.358,-187500.03,-187500.03,-187500.03,-187500.03,-187500.03,-187500.03,-187500.03,-187500.03,-187500.03,-128866.57,-169788.3,-187500.03,-130850.016,-187500.03,-187500.03,-179416.1
5668.3804,-187500.03,-187500.03,-187500.03,-187500.03,-187500.03,-187500.03,-187500.03,-187500.03,-187500.03,-129066.555,-170483.73,-187500.03,-130147.76,-187500.03,-187500.03,-178784.28
5668.403,-187500.03,-187500.03,-187500.03,-187500.03,-187500.03,-187500.03,-187500.03,-187500.03,-187500.03,-137925.17,-177565.81,-187500.03,-136464.86,-187500.03,-187500.03,-187143.72
5668.425,-187500.03,-187500.03,-187500.03,-187500.03,-187500.03,-187500.03,-187500.03,-187500.03,-187500.03,-138750.6,-177575.31,-187500.03,-137993.17,-187500.03,-187500.03,-187500.03
5668.4473,-187500.03,-187500.03,-187500.03,-187500.03,-187500.03,-187500.03,-187500.03,-187500.03,-187500.03,-129880.086,-170529.53,-187500.03,-131703.66,-187500.03,-187500.03,-180485.52
5668.4697,-187500.03,-187500.03,-187500.03,-187500.03,-187500.03,-187500.03,-187500.03,-187500.03,-187500.03,-128243.445,-169742.11,-187500.03,-129676.94,-187500.03,-187500.03,-178113.7
5668.492,-187500.03,-187500.03,-187500.03,-187500.03,-187500.03,-187500.03,-187500.03,-187500.03,-187500.03,-136403.53,-176428.16,-187500.03,-135289.73,-187500.03,-187500.03,-185606.53
5668.5146,-187500.03,-187500.03,-187500.03,-187500.03,-187500.03,-187500.03,-187500.03,-187500.03,-187500.03,-139769.83,-178474.02,-187500.03,-138577.6,-187500.03,-187500.03,-187500.03
5668.5366,-187500.03,-187500.03,-187500.03,-187500.03,-187500.03,-187500.03,-187500.03,-187500.03,-187500.03,-131152.64,-171486.5,-187500.03,-132718.7,-187500.03,-187500.03,-181774.98
5668.559,-187500.03,-187500.03,-187500.03,-187500.03,-187500.03,-187500.03,-187500.03,-187500.03,-187500.03,-127742.4,-169249.03,-187500.03,-129462.0,-187500.03,-187500.03,-177768.67
5668.5815,-187500.03,-187500.03,-187500.03,-187500.03,-187500.03,-187500.03,-187500.03,-187500.03,-187500.03,-134750.03,-175155.0,-187500.03,-134061.98,-187500.03,-187500.03,-183984.55
5668.604,-187500.03,-187500.03,-187500.03,-187500.03,-187500.03,-187500.03,-187500.03,-187500.03,-187500.03,-140337.42,-179034.89,-187500.03,-138816.98,-187500.03,-187500.03,-187500.03
5668.626,-187500.03,-187500.03,-187500.03,-187500.03,-187500.03,-187500.03,-187500.03,-187500.03,-187500.03,-132623.8,-172619.33,-187500.03,-133830.16,-187500.03,-187500.03,-183214.33
5668.6484,-187500.03,-187500.03,-187500.03,-187500.03,-187500.03,-187500.03,-187500.03,-187500.03,-187500.03,-127566.76,-169016.5,-187500.03,-129487.01,-187500.03,-187500.03,-177744.4
5668.671,-187500.03,-187500.03,-187500.03,-187500.03,-187500.03,-187500.03,-187500.03,-187500.03,-187500.03,-133102.97,-173854.34,-187500.03,-132875.52,-187500.03,-187500.03,-182414.06
5668.6934,-187500.03,-187500.03,-187500.03,-187500.03,-187500.03,-187500.03,-187500.03,-187500.03,-187500.03,-140418.88,-179221.05,-187500.03,-138705.31,-187500.03,-187500.03,-187500.03
5668.7153,-187500.03,-187500.03,-187500.03,-187500.03,-187500.03,-187500.03,-187500.03,-187500.03,-187500.03,-134199.06,-173856.55,-187500.03,-134974.34,-187500.03,-187500.03,-184719.78
5668.738,-187500.03,-187500.03,-187500.03,-187500.03,-187500.03,-187500.03,-187500.03,-187500.03,-187500.03,-127692.48,-169025.64,-187500.03,-129731.58,-187500.03,-187500.03,-178012.25
5668.7603,-187500.03,-187500.03,-187500.03,-187500.03,-187500.03,-187500.03,-187500.03,-187500.03,-187500.03,-131542.02,-172587.7,-187500.03,-131785.83,-187500.03,-187500.03,-180966.3
5668.7827,-187500.03,-187500.03,-187500.03,-187500.03,-187500.03,-187500.03,-187500.03,-187500.03,-187500.03,-140013.1,-179020.86,-187500.03,-138249.34,-187500.03,-187500.03,-187500.03
5668.805,-187500.03,-187500.03,-187500.03,-187500.03,-187500.03,-187500.03,-187500.03,-187500.03,-187500.03,-135829.19,-175162.6,-187500.03,-136114.69,-187500.03,-187500.03,-186243.73
5668.827,-187500.03,-187500.03,-187500.03,-187500.03,-187500.03,-187500.03,-187500.03,-187500.03,-187500.03,-128120.29,-169283.58,-187500.03,-130194.664,-187500.03,-187500.03,-178569.56
5668.8496,-187500.03,-187500.03,-187500.03,-187500.03,-187500.03,-187500.03,-187500.03,-187500.03,-187500.03,-130164.695,-171442.86,-187500.03,-130865.336,-187500.03,-187500.03,-179730.72
5668.872,-187500.03,-187500.03,-187500.03,-187500.03,-187500.03,-187500.03,-187500.03,-187500.03,-187500.03,-139152.16,-178452.36,-187500.03,-137487.67,-187500.03,-187500.03,-187500.03
5668.8945,-187500.03,-187500.03,-187500.03,-187500.03,-187500.03,-187500.03,-187500.03,-187500.03,-187500.03,-137384.36,-176433.55,-187500.03,-137156.06,-187500.03,-187500.03,-187500.03
5668.9165,-187500.03,-187500.03,-187500.03,-187500.03,-187500.03,-187500.03,-187500.03,-187500.03,-187500.03,-128847.06,-169783.81,-187500.03,-130865.44,-187500.03,-187500.03,-179402.02
5668.939,-187500.03,-187500.03,-187500.03,-187500.03,-187500.03,-187500.03,-187500.03,-187500.03,-187500.03,-129037.42,-170471.06,-187500.03,-130153.7,-187500.03,-187500.03,-178761.67
5668.9614,-187500.03,-187500.03,-187500.03,-187500.03,-187500.03,-187500.03,-187500.03,-187500.03,-187500.03,-137900.73,-177557.7,-187500.03,-136472.36,-187500.03,-187500.03,-187127.16
5668.984,-187500.03,-187500.03,-187500.03,-187500.03,-187500.03,-187500.03,-187500.03,-187500.03,-187500.03,-138733.23,-177572.19,-187500.03,-138005.2,-187500.03,-187500.03,-187500.03
5669.0063,-187500.03,-187500.03,-187500.03,-187500.03,-187500.03,-187500.03,-187500.03,-187500.03,-187500.03,-129858.625,-170523.98,-187500.03,-131716.69,-187500.03,-187500.03,-180477.88
5669.0283,-187500.03,-187500.03,-187500.03,-187500.03,-187500.03,-187500.03,-187500.03,-187500.03,-187500.03,-128217.19,-169733.55,-187500.03,-129688.35,-187500.03,-187500.03,-178102.83
5669.051,-187500.03,-187500.03,-187500.03,-187500.03,-187500.03,-187500.03,-187500.03,-187500.03,-187500.03,-136387.38,-176428.0,-187500.03,-135305.53,-187500.03,-187500.03,-185605.58
5669.073,-187500.03,-187500.03,-187500.03,-187500.03,-187500.03,-187500.03,-187500.03,-187500.03,-187500.03,-139738.84,-178462.83,-187500.03,-138579.5,-187500.03,-187500.03,-187500.03
5669.0957,-187500.03,-187500.03,-187500.03,-187500.03,-187500.03,-187500.03,-187500.03,-187500.03,-187500.03,-131125.78,-171481.53,-187500.03,-132722.72,-187500.03,-187500.03,-181762.69
5669.1177,-187500.03,-187500.03,-187500.03,-187500.03,-187500.03,-187500.03,-187500.03,-187500.03,-187500.03,-127727.92,-169255.39,-187500.03,-129475.15,-187500.03,-187500.03,-177768.86
5669.14,-187500.03,-187500.03,-187500.03,-187500.03,-187500.03,-187500.03,-187500.03,-187500.03,-187500.03,-134745.9,-175168.08,-187500.03,-134081.75,-187500.03,-187500.03,-183995.2
5669.1626,-187500.03,-187500.03,-187500.03,-187500.03,-187500.03,-187500.03,-187500.03,-187500.03,-187500.03,-140322.27,-179038.69,-187500.03,-138830.61,-187500.03,-187500.03,-187500.03
5669.185,-187500.03,-187500.03,-187500.03,-187500.03,-187500.03,-187500.03,-187500.03,-187500.03,-187500.03,-132599.8,-172617.72,-187500.03,-133839.97,-187500.03,-187500.03,-183204.7
5669.2075,-187500.03,-187500.03,-187500.03,-187500.03,-187500.03,-187500.03,-187500.03,-187500.03,-187500.03,-127551.51,-169019.7,-187500.03,-129503.234,-187500.03,-187500.03,-177738.81
5669.2295,-187500.03,-187500.03,-187500.03,-187500.03,-187500.03,-187500.03,-187500.03,-187500.03,-187500.03,-133086.84,-173855.86,-187500.03,-132889.2,-187500.03,-187500.03,-182405.22
5669.252,-187500.03,-187500.03,-187500.03,-187500.03,-187500.03,-187500.03,-187500.03,-187500.03,-187500.03,-140410.58,-179228.55,-187500.03,-138721.67,-187500.03,-187500.03,-187500.03
5669.2744,-187500.03,-187500.03,-187500.03,-187500.03,-187500.03,-187500.03,-187500.03,-187500.03,-187500.03,-134201.44,-173872.19,-187500.03,-135001.12,-187500.03,-187500.03,-184726.05
5669.297,-187500.03,-187500.03,-187500.03,-187500.03,-187500.03,-187500.03,-187500.03,-187500.03,-187500.03,-127692.59,-169038.12,-187500.03,-129760.234,-187500.03,-187500.03,-178015.38
5669.319,-187500.03,-187500.03,-187500.03,-187500.03,-187500.03,-187500.03,-187500.03,-187500.03,-187500.03,-131526.02,-172585.2,-187500.03,-131800.33,-187500.03,-187500.03,-180951.95
5669.3413,-187500.03,-187500.03,-187500.03,-187500.03,-187500.03,-187500.03,-187500.03,-187500.03,-187500.03,-140002.6,-179021.3,-187500.03,-138261.97,-187500.03,-187500.03,-187500.03
5669.364,-187500.03,-187500.03,-187500.03,-187500.03,-187500.03,-187500.03,-187500.03,-187500.03,-187500.03,-135841.16,-175177.75,-187500.03,-136143.53,-187500.03,-187500.03,-186253.11
5669.386,-187500.03,-187500.03,-187500.03,-187500.03,-187500.03,-187500.03,-187500.03,-187500.03,-187500.03,-128128.336,-169293.83,-187500.03,-130224.75,-187500.03,-187500.03,-178576.06
5669.4087,-187500.03,-187500.03,-187500.03,-187500.03,-187500.03,-187500.03,-187500.03,-187500.03,-187500.03,-130146.25,-171429.86,-187500.03,-130871.73,-187500.03,-187500.03,-179710.62
5669.4307,-187500.03,-187500.03,-187500.03,-187500.03,-187500.03,-187500.03,-187500.03,-187500.03,-187500.03,-139133.97,-178441.5,-187500.03,-137487.64,-187500.03,-187500.03,-187500.03
5669.453,-187500.03,-187500.03,-187500.03,-187500.03,-187500.03,-187500.03,-187500.03,-187500.03,-187500.03,-137386.77,-176437.5,-187500.03,-137170.38,-187500.03,-187500.03,-187500.03
5669.4756,-187500.03,-187500.03,-187500.03,-187500.03,-187500.03,-187500.03,-187500.03,-187500.03,-187500.03,-128850.52,-169787.81,-187500.03,-130885.6,-187500.03,-187500.03,-179405.44
5669.498,-187500.03,-187500.03,-187500.03,-187500.03,-187500.03,-187500.03,-187500.03,-187500.03,-187500.03,-129026.83,-170463.72,-187500.03,-130165.1,-187500.03,-187500.03,-178754.17
5669.52,-187500.03,-187500.03,-187500.03,-187500.03,-187500.03,-187500.03,-187500.03,-187500.03,-187500.03,-137887.33,-177548.64,-187500.03,-136476.16,-187500.03,-187500.03,-187117.11
5669.5425,-187500.03,-187500.03,-187500.03,-187500.03,-187500.03,-187500.03,-187500.03,-187500.03,-187500.03,-138720.2,-177562.8,-187500.03,-138007.88,-187500.03,-187500.03,-187500.03
5669.565,-187500.03,-187500.03,-187500.03,-187500.03,-187500.03,-187500.03,-187500.03,-187500.03,-187500.03,-129848.69,-170517.28,-187500.03,-131723.2,-187500.03,-187500.03,-180474.1
5669.5874,-187500.03,-187500.03,-187500.03,-187500.03,-187500.03,-187500.03,-187500.03,-187500.03,-187500.03,-128211.7,-169729.55,-187500.03,-129697.25,-187500.03,-187500.03,-178105.66
5669.61,-187500.03,-187500.03,-187500.03,-187500.03,-187500.03,-187500.03,-187500.03,-187500.03,-187500.03,-136377.73,-176421.58,-187500.03,-135308.52,-187500.03,-187500.03,-185607.23
5669.632,-187500.03,-187500.03,-187500.03,-187500.03,-187500.03,-187500.03,-187500.03,-187500.03,-187500.03,-139724.98,-178452.5,-187500.03,-138578.2,-187500.03,-187500.03,-187500.03
5669.6543,-187500.03,-187500.03,-187500.03,-187500.03,-187500.03,-187500.03,-187500.03,-187500.03,-187500.03,-131109.19,-171467.84,-187500.03,-132720.62,-187500.03,-187500.03,-181759.61
5669.677,-187500.03,-187500.03,-187500.03,-187500.03,-187500.03,-187500.03,-187500.03,-187500.03,-187500.03,-127717.23,-169244.75,-187500.03,-129479.484,-187500.03,-187500.03,-177770.5
5669.699,-187500.03,-187500.03,-187500.03,-187500.03,-187500.03,-187500.03,-187500.03,-187500.03,-187500.03,-134734.56,-175156.19,-187500.03,-134085.47,-187500.03,-187500.03,-183997.78
5669.721,-187500.03,-187500.03,-187500.03,-187500.03,-187500.03,-187500.03,-187500.03,-187500.03,-187500.03,-140310.02,-179024.7,-187500.03,-138831.98,-187500.03,-187500.03,-187500.03
5669.7437,-187500.03,-187500.03,-187500.03,-187500.03,-187500.03,-187500.03,-187500.03,-187500.03,-187500.03,-132579.42,-172596.89,-187500.03,-133835.89,-187500.03,-187500.03,-183200.0
5669.766,-187500.03,-187500.03,-187500.03,-187500.03,-187500.03,-187500.03,-187500.03,-187500.03,-187500.03,-127542.164,-169010.8,-187500.03,-129508.734,-187500.03,-187500.03,-177745.38
5669.7886,-187500.03,-187500.03,-187500.03,-187500.03,-187500.03,-187500.03,-187500.03,-187500.03,-187500.03,-133075.89,-173847.0,-187500.03,-132892.34,-187500.03,-187500.03,-182412.78
5669.811,-187500.03,-187500.03,-187500.03,-187500.03,-187500.03,-187500.03,-187500.03,-187500.03,-187500.03,-140399.27,-179218.12,-187500.03,-138722.61,-187500.03,-187500.03,-187500.03
5669.833,-187500.03,-187500.03,-187500.03,-187500.03,-187500.03,-187500.03,-187500.03,-187500.03,-187500.03,-134187.75,-173857.22,-187500.03,-135002.47,-187500.03,-187500.03,-184732.45
5669.8555,-187500.03,-187500.03,-187500.03,-187500.03,-187500.03,-187500.03,-187500.03,-187500.03,-187500.03,-127681.48,-169025.48,-187500.03,-129764.93,-187500.03,-187500.03,-178020.61
5669.878,-187500.03,-187500.03,-187500.03,-187500.03,-187500.03,-187500.03,-187500.03,-187500.03,-187500.03,-131519.72,-172579.19,-187500.03,-131808.67,-187500.03,-187500.03,-180960.98
5669.9004,-187500.03,-187500.03,-187500.03,-187500.03,-187500.03,-187500.03,-187500.03,-187500.03,-187500.03,-140001.92,-179021.44,-187500.03,-138273.52,-187500.03,-187500.03,-187500.03
5669.9224,-187500.03,-187500.03,-187500.03,-187500.03,-187500.03,-187500.03,-187500.03,-187500.03,-187500.03,-135834.6,-175171.5,-187500.03,-136152.78,-187500.03,-187500.03,-186263.55
5669.945,-187500.03,-187500.03,-187500.03,-187500.03,-187500.03,-187500.03,-187500.03,-187500.03,-187500.03,-128122.26,-169288.11,-187500.03,-130237.43,-187500.03,-187500.03,-178584.77
5669.9673,-187500.03,-187500.03,-187500.03,-187500.03,-187500.03,-187500.03,-187500.03,-187500.03,-187500.03,-130149.24,-171433.97,-187500.03,-130892.02,-187500.03,-187500.03,-179728.44
5669.9897,-187500.03,-187500.03,-187500.03,-187500.03,-187500.03,-187500.03,-187500.03,-187500.03,-187500.03,-139143.9,-178449.77,-187500.03,-137511.22,-187500.03,-187500.03,-187500.03
5670.012,-187500.03,-187500.03,-187500.03,-187500.03,-187500.03,-187500.03,-187500.03,-187500.03,-187500.03,-137392.17,-176440.8,-187500.03,-137192.48,-187500.03,-187500.03,-187500.03
5670.034,-187500.03,-187500.03,-187500.03,-187500.03,-187500.03,-187500.03,-187500.03,-187500.03,-187500.03,-128849.4,-169787.45,-187500.03,-130905.09,-187500.03,-187500.03,-179413.81
5670.0566,-187500.03,-187500.03,-187500.03,-187500.03,-187500.03,-187500.03,-187500.03,-187500.03,-187500.03,-129034.77,-170471.84,-187500.03,-130190.06,-187500.03,-187500.03,-178768.5
5670.079,-187500.03,-187500.03,-187500.03,-187500.03,-187500.03,-187500.03,-187500.03,-187500.03,-187500.03,-137899.03,-177555.8,-187500.03,-136499.22,-187500.03,-187500.03,-187136.77
5670.1016,-187500.03,-187500.03,-187500.03,-187500.03,-187500.03,-187500.03,-187500.03,-187500.03,-187500.03,-138731.02,-177565.95,-187500.03,-138029.92,-187500.03,-187500.03,-187500.03
5670.1235,-187500.03,-187500.03,-187500.03,-187500.03,-187500.03,-187500.03,-187500.03,-187500.03,-187500.03,-129851.28,-170514.86,-187500.03,-131741.98,-187500.03,-187500.03,-180482.89
5670.146,-187500.03,-187500.03,-187500.03,-187500.03,-187500.03,-187500.03,-187500.03,-187500.03,-187500.03,-128220.6,-169736.17,-187500.03,-129720.26,-187500.03,-187500.03,-178119.19
5670.1685,-187500.03,-187500.03,-187500.03,-187500.03,-187500.03,-187500.03,-187500.03,-187500.03,-187500.03,-136396.72,-176435.12,-187500.03,-135337.3,-187500.03,-187500.03,-185634.23
5670.191,-187500.03,-187500.03,-187500.03,-187500.03,-187500.03,-187500.03,-187500.03,-187500.03,-187500.03,-139730.23,-178451.86,-187500.03,-138597.27,-187500.03,-187500.03,-187500.03
5670.2134,-187500.03,-187500.03,-187500.03,-187500.03,-187500.03,-187500.03,-187500.03,-187500.03,-187500.03,-131099.5,-171456.14,-187500.03,-132730.19,-187500.03,-187500.03,-181759.75
5670.2354,-187500.03,-187500.03,-187500.03,-187500.03,-187500.03,-187500.03,-187500.03,-187500.03,-187500.03,-127718.625,-169245.9,-187500.03,-129496.2,-187500.03,-187500.03,-177783.14
5670.258,-187500.03,-187500.03,-187500.03,-187500.03,-187500.03,-187500.03,-187500.03,-187500.03,-187500.03,-134748.2,-175167.77,-187500.03,-134108.67,-187500.03,-187500.03,-184028.33
5670.2803,-187500.03,-187500.03,-187500.03,-187500.03,-187500.03,-187500.03,-187500.03,-187500.03,-187500.03,-140301.39,-179017.64,-187500.03,-138837.55,-187500.03,-187500.03,-187500.03
5670.3027,-187500.03,-187500.03,-187500.03,-187500.03,-187500.03,-187500.03,-187500.03,-187500.03,-187500.03,-132561.98,-172584.36,-187500.03,-133834.94,-187500.03,-187500.03,-183205.77
5670.3247,-187500.03,-187500.03,-187500.03,-187500.03,-187500.03,-187500.03,-187500.03,-187500.03,-187500.03,-127534.94,-169007.95,-187500.03,-129514.19,-187500.03,-187500.03,-177758.92
5670.347,-187500.03,-187500.03,-187500.03,-187500.03,-187500.03,-187500.03,-187500.03,-187500.03,-187500.03,-133087.56,-173858.16,-187500.03,-132911.42,-187500.03,-187500.03,-182446.14
5670.3696,-187500.03,-187500.03,-187500.03,-187500.03,-187500.03,-187500.03,-187500.03,-187500.03,-187500.03,-140393.4,-179213.4,-187500.03,-138730.25,-187500.03,-187500.03,-187500.03
5670.392,-187500.03,-187500.03,-187500.03,-187500.03,-187500.03,-187500.03,-187500.03,-187500.03,-187500.03,-134168.84,-173843.53,-187500.03,-135000.33,-187500.03,-187500.03,-184738.83
5670.414,-187500.03,-187500.03,-187500.03,-187500.03,-187500.03,-187500.03,-187500.03,-187500.03,-187500.03,-127668.63,-169021.39,-187500.03,-129765.734,-187500.03,-187500.03,-178032.19
5670.4365,-187500.03,-187500.03,-187500.03,-187500.03,-187500.03,-187500.03,-187500.03,-187500.03,-187500.03,-131526.66,-172592.14,-187500.03,-131822.05,-187500.03,-187500.03,-180991.7
5670.459,-187500.03,-187500.03,-187500.03,-187500.03,-187500.03,-187500.03,-187500.03,-187500.03,-187500.03,-139993.2,-179017.83,-187500.03,-138274.4,-187500.03,-187500.03,-187500.03
5670.4814,-187500.03,-187500.03,-187500.03,-187500.03,-187500.03,-187500.03,-187500.03,-187500.03,-187500.03,-135797.44,-175146.4,-187500.03,-136131.33,-187500.03,-187500.03,-186248.53
5670.504,-187500.03,-187500.03,-187500.03,-187500.03,-187500.03,-187500.03,-187500.03,-187500.03,-187500.03,-128107.234,-169283.78,-187500.03,-130230.29,-187500.03,-187500.03,-178585.97
5670.526,-187500.03,-187500.03,-187500.03,-187500.03,-187500.03,-187500.03,-187500.03,-187500.03,-187500.03,-130177.44,-171464.12,-187500.03,-130917.82,-187500.03,-187500.03,-179769.42
5670.5483,-187500.03,-187500.03,-187500.03,-187500.03,-187500.03,-187500.03,-187500.03,-187500.03,-187500.03,-139161.64,-178466.64,-187500.03,-137532.66,-187500.03,-187500.03,-187500.03
5670.571,-187500.03,-187500.03,-187500.03,-187500.03,-187500.03,-187500.03,-187500.03,-187500.03,-187500.03,-137349.45,-176409.52,-187500.03,-137167.98,-187500.03,-187500.03,-187500.03
5670.5933,-187500.03,-187500.03,-187500.03,-187500.03,-187500.03,-187500.03,-187500.03,-187500.03,-187500.03,-128827.99,-169776.58,-187500.03,-130891.19,-187500.03,-187500.03,-179403.06
5670.615,-187500.03,-187500.03,-187500.03,-187500.03,-187500.03,-187500.03,-187500.03,-187500.03,-187500.03,-129066.88,-170506.23,-187500.03,-130216.66,-187500.03,-187500.03,-178809.02
5670.6377,-187500.03,-187500.03,-187500.03,-187500.03,-187500.03,-187500.03,-187500.03,-187500.03,-187500.03,-137938.33,-177590.62,-187500.03,-136538.3,-187500.03,-187500.03,-187189.84
5670.66,-187500.03,-187500.03,-187500.03,-187500.03,-187500.03,-187500.03,-187500.03,-187500.03,-187500.03,-138688.67,-177535.02,-187500.03,-138012.39,-187500.03,-187500.03,-187500.03
5670.6826,-187500.03,-187500.03,-187500.03,-187500.03,-187500.03,-187500.03,-187500.03,-187500.03,-187500.03,-129821.7,-170496.94,-187500.03,-131727.94,-187500.03,-187500.03,-180463.3
5670.705,-187500.03,-187500.03,-187500.03,-187500.03,-187500.03,-187500.03,-187500.03,-187500.03,-187500.03,-128243.85,-169760.81,-187500.03,-129744.22,-187500.03,-187500.03,-178148.47
5670.727,-187500.03,-187500.03,-187500.03,-187500.03,-187500.03,-187500.03,-187500.03,-187500.03,-187500.03,-136442.9,-176472.27,-187500.03,-135381.42,-187500.03,-187500.03,-185690.0
5670.7495,-187500.03,-187500.03,-187500.03,-187500.03,-187500.03,-187500.03,-187500.03,-187500.03,-187500.03,-139711.89,-178435.52,-187500.03,-138596.23,-187500.03,-187500.03,-187500.03
5670.772,-187500.03,-187500.03,-187500.03,-187500.03,-187500.03,-187500.03,-187500.03,-187500.03,-187500.03,-131075.69,-171438.44,-187500.03,-132720.12,-187500.03,-187500.03,-181747.95
5670.7944,-187500.03,-187500.03,-187500.03,-187500.03,-187500.03,-187500.03,-187500.03,-187500.03,-187500.03,-127736.46,-169264.05,-187500.03,-129516.23,-187500.03,-187500.03,-177811.02
5670.8164,-187500.03,-187500.03,-187500.03,-187500.03,-187500.03,-187500.03,-187500.03,-187500.03,-187500.03,-134796.12,-175207.2,-187500.03,-134153.81,-187500.03,-187500.03,-184089.61
5670.839,-187500.03,-187500.03,-187500.03,-187500.03,-187500.03,-187500.03,-187500.03,-187500.03,-187500.03,-140298.58,-179012.94,-187500.03,-138848.31,-187500.03,-187500.03,-187500.03
5670.8613,-187500.03,-187500.03,-187500.03,-187500.03,-187500.03,-187500.03,-187500.03,-187500.03,-187500.03,-132535.72,-172563.92,-187500.03,-133823.97,-187500.03,-187500.03,-183196.06
5670.884,-187500.03,-187500.03,-187500.03,-187500.03,-187500.03,-187500.03,-187500.03,-187500.03,-187500.03,-127542.945,-169017.33,-187500.03,-129525.44,-187500.03,-187500.03,-177778.5
5670.9062,-187500.03,-187500.03,-187500.03,-187500.03,-187500.03,-187500.03,-187500.03,-187500.03,-187500.03,-133135.3,-173897.48,-187500.03,-132952.45,-187500.03,-187500.03,-182506.66
5670.928,-187500.03,-187500.03,-187500.03,-187500.03,-187500.03,-187500.03,-187500.03,-187500.03,-187500.03,-140405.61,-179220.72,-187500.03,-138748.1,-187500.03,-187500.03,-187500.03
5670.9507,-187500.03,-187500.03,-187500.03,-187500.03,-187500.03,-187500.03,-187500.03,-187500.03,-187500.03,-134136.61,-173820.89,-187500.03,-134982.0,-187500.03,-187500.03,-184729.08
5670.973,-187500.03,-187500.03,-187500.03,-187500.03,-187500.03,-187500.03,-187500.03,-187500.03,-187500.03,-127666.805,-169026.33,-187500.03,-129767.51,-187500.03,-187500.03,-178046.77
5670.9956,-187500.03,-187500.03,-187500.03,-187500.03,-187500.03,-187500.03,-187500.03,-187500.03,-187500.03,-131563.06,-172628.1,-187500.03,-131855.78,-187500.03,-187500.03,-181044.84
5671.0176,-187500.03,-187500.03,-187500.03,-187500.03,-187500.03,-187500.03,-187500.03,-187500.03,-187500.03,-140017.48,-179041.03,-187500.03,-138304.64,-187500.03,-187500.03,-187500.03
5671.04,-187500.03,-187500.03,-187500.03,-187500.03,-187500.03,-187500.03,-187500.03,-187500.03,-187500.03,-135777.94,-175135.83,-187500.03,-136127.97,-187500.03,-187500.03,-186252.19
5671.0625,-187500.03,-187500.03,-187500.03,-187500.03,-187500.03,-187500.03,-187500.03,-187500.03,-187500.03,-128099.17,-169284.53,-187500.03,-130232.04,-187500.03,-187500.03,-178595.9
5671.085,-187500.03,-187500.03,-187500.03,-187500.03,-187500.03,-187500.03,-187500.03,-187500.03,-187500.03,-130188.945,-171481.72,-187500.03,-130935.34,-187500.03,-187500.03,-179799.83
5671.1074,-187500.03,-187500.03,-187500.03,-187500.03,-187500.03,-187500.03,-187500.03,-187500.03,-187500.03,-139170.75,-178480.58,-187500.03,-137549.64,-187500.03,-187500.03,-187500.03
5671.1294,-187500.03,-187500.03,-187500.03,-187500.03,-187500.03,-187500.03,-187500.03,-187500.03,-187500.03,-137336.56,-176406.39,-187500.03,-137167.88,-187500.03,-187500.03,-187500.03
5671.152,-187500.03,-187500.03,-187500.03,-187500.03,-187500.03,-187500.03,-187500.03,-187500.03,-187500.03,-128822.52,-169780.08,-187500.03,-130894.54,-187500.03,-187500.03,-179413.27
5671.1743,-187500.03,-187500.03,-187500.03,-187500.03,-187500.03,-187500.03,-187500.03,-187500.03,-187500.03,-129067.85,-170512.6,-187500.03,-130223.44,-187500.03,-187500.03,-178823.0
5671.197,-187500.03,-187500.03,-187500.03,-187500.03,-187500.03,-187500.03,-187500.03,-187500.03,-187500.03,-137947.28,-177603.08,-187500.03,-136552.2,-187500.03,-187500.03,-187213.22
5671.2188,-187500.03,-187500.03,-187500.03,-187500.03,-187500.03,-187500.03,-187500.03,-187500.03,-187500.03,-138688.55,-177538.86,-187500.03,-138019.56,-187500.03,-187500.03,-187500.03
5671.241,-187500.03,-187500.03,-187500.03,-187500.03,-187500.03,-187500.03,-187500.03,-187500.03,-187500.03,-129817.58,-170497.47,-187500.03,-131731.25,-187500.03,-187500.03,-180473.23
5671.2637,-187500.03,-187500.03,-187500.03,-187500.03,-187500.03,-187500.03,-187500.03,-187500.03,-187500.03,-128238.914,-169760.1,-187500.03,-129745.04,-187500.03,-187500.03,-178156.61
5671.286,-187500.03,-187500.03,-187500.03,-187500.03,-187500.03,-187500.03,-187500.03,-187500.03,-187500.03,-136438.98,-176471.77,-187500.03,-135381.81,-187500.03,-187500.03,-185698.36
5671.3086,-187500.03,-187500.03,-187500.03,-187500.03,-187500.03,-187500.03,-187500.03,-187500.03,-187500.03,-139698.88,-178426.94,-187500.03,-138590.02,-187500.03,-187500.03,-187500.03
5671.3306,-187500.03,-187500.03,-187500.03,-187500.03,-187500.03,-187500.03,-187500.03,-187500.03,-187500.03,-131065.07,-171432.58,-187500.03,-132715.84,-187500.03,-187500.03,-181746.48
5671.353,-187500.03,-187500.03,-187500.03,-187500.03,-187500.03,-187500.03,-187500.03,-187500.03,-187500.03,-127733.555,-169263.78,-187500.03,-129518.46,-187500.03,-187500.03,-177814.89
5671.3755,-187500.03,-187500.03,-187500.03,-187500.03,-187500.03,-187500.03,-187500.03,-187500.03,-187500.03,-134796.58,-175210.5,-187500.03,-134160.44,-187500.03,-187500.03,-184096.81
5671.398,-187500.03,-187500.03,-187500.03,-187500.03,-187500.03,-187500.03,-187500.03,-187500.03,-187500.03,-140289.1,-179008.17,-187500.03,-138847.83,-187500.03,-187500.03,-187500.03
5671.42,-187500.03,-187500.03,-187500.03,-187500.03,-187500.03,-187500.03,-187500.03,-187500.03,-187500.03,-132522.19,-172556.16,-187500.03,-133818.16,-187500.03,-187500.03,-183187.81
5671.4424,-187500.03,-187500.03,-187500.03,-187500.03,-187500.03,-187500.03,-187500.03,-187500.03,-187500.03,-127541.734,-169019.17,-187500.03,-129528.0,-187500.03,-187500.03,-177781.06
5671.465,-187500.03,-187500.03,-187500.03,-187500.03,-187500.03,-187500.03,-187500.03,-187500.03,-187500.03,-133128.55,-173896.31,-187500.03,-132953.12,-187500.03,-187500.03,-182506.16
5671.4873,-187500.03,-187500.03,-187500.03,-187500.03,-187500.03,-187500.03,-187500.03,-187500.03,-187500.03,-140397.39,-179219.17,-187500.03,-138749.33,-187500.03,-187500.03,-187500.03
5671.51,-187500.03,-187500.03,-187500.03,-187500.03,-187500.03,-187500.03,-187500.03,-187500.03,-187500.03,-134123.06,-173814.6,-187500.03,-134980.44,-187500.03,-187500.03,-184721.19
5671.5317,-187500.03,-187500.03,-187500.03,-187500.03,-187500.03,-187500.03,-187500.03,-187500.03,-187500.03,-127665.55,-169029.98,-187500.03,-129773.734,-187500.03,-187500.03,-178049.77
5671.554,-187500.03,-187500.03,-187500.03,-187500.03,-187500.03,-187500.03,-187500.03,-187500.03,-187500.03,-131563.8,-172632.97,-187500.03,-131862.1,-187500.03,-187500.03,-181052.14
5671.5767,-187500.03,-187500.03,-187500.03,-187500.03,-187500.03,-187500.03,-187500.03,-187500.03,-187500.03,-140019.48,-179046.38,-187500.03,-138309.73,-187500.03,-187500.03,-187500.03
5671.599,-187500.03,-187500.03,-187500.03,-187500.03,-187500.03,-187500.03,-187500.03,-187500.03,-187500.03,-135766.05,-175130.81,-187500.03,-136122.88,-187500.03,-187500.03,-186253.42
5671.621,-187500.03,-187500.03,-187500.03,-187500.03,-187500.03,-187500.03,-187500.03,-187500.03,-187500.03,-128092.11,-169286.17,-187500.03,-130230.96,-187500.03,-187500.03,-178603.83
5671.6436,-187500.03,-187500.03,-187500.03,-187500.03,-187500.03,-187500.03,-187500.03,-187500.03,-187500.03,-130178.836,-171481.44,-187500.03,-130931.336,-187500.03,-187500.03,-179805.39
5671.666,-187500.03,-187500.03,-187500.03,-187500.03,-187500.03,-187500.03,-187500.03,-187500.03,-187500.03,-139159.4,-178480.39,-187500.03,-137544.36,-187500.03,-187500.03,-187500.03
5671.6885,-187500.03,-187500.03,-187500.03,-187500.03,-187500.03,-187500.03,-187500.03,-187500.03,-187500.03,-137319.23,-176401.45,-187500.03,-137157.77,-187500.03,-187500.03,-187500.03
5671.711,-187500.03,-187500.03,-187500.03,-187500.03,-187500.03,-187500.03,-187500.03,-187500.03,-187500.03,-128806.94,-169775.88,-187500.03,-130883.58,-187500.03,-187500.03,-179414.88
5671.733,-187500.03,-187500.03,-187500.03,-187500.03,-187500.03,-187500.03,-187500.03,-187500.03,-187500.03,-129052.92,-170509.1,-187500.03,-130212.01,-187500.03,-187500.03,-178826.84
5671.7554,-187500.03,-187500.03,-187500.03,-187500.03,-187500.03,-187500.03,-187500.03,-187500.03,-187500.03,-137934.12,-177600.48,-187500.03,-136539.69,-187500.03,-187500.03,-187218.36
5671.778,-187500.03,-187500.03,-187500.03,-187500.03,-187500.03,-187500.03,-187500.03,-187500.03,-187500.03,-138675.44,-177537.16,-187500.03,-138007.98,-187500.03,-187500.03,-187500.03
5671.8003,-187500.03,-187500.03,-187500.03,-187500.03,-187500.03,-187500.03,-187500.03,-187500.03,-187500.03,-129804.03,-170497.64,-187500.03,-131719.55,-187500.03,-187500.03,-180477.66
5671.8223,-187500.03,-187500.03,-187500.03,-187500.03,-187500.03,-187500.03,-187500.03,-187500.03,-187500.03,-128229.88,-169763.66,-187500.03,-129736.08,-187500.03,-187500.03,-178162.67
5671.8447,-187500.03,-187500.03,-187500.03,-187500.03,-187500.03,-187500.03,-187500.03,-187500.03,-187500.03,-136438.36,-176481.56,-187500.03,-135380.66,-187500.03,-187500.03,-185712.31
5671.867,-187500.03,-187500.03,-187500.03,-187500.03,-187500.03,-187500.03,-187500.03,-187500.03,-187500.03,-139701.17,-178435.45,-187500.03,-138592.38,-187500.03,-187500.03,-187500.03
5671.8896,-187500.03,-187500.03,-187500.03,-187500.03,-187500.03,-187500.03,-187500.03,-187500.03,-187500.03,-131051.41,-171427.08,-187500.03,-132704.94,-187500.03,-187500.03,-181746.02
5671.912,-187500.03,-187500.03,-187500.03,-187500.03,-187500.03,-187500.03,-187500.03,-187500.03,-187500.03,-127718.85,-169256.27,-187500.03,-129503.37,-187500.03,-187500.03,-177810.16
5671.934,-187500.03,-187500.03,-187500.03,-187500.03,-187500.03,-187500.03,-187500.03,-187500.03,-187500.03,-134790.17,-175209.08,-187500.03,-134150.42,-187500.03,-187500.03,-184098.55
5671.9565,-187500.03,-187500.03,-187500.03,-187500.03,-187500.03,-187500.03,-187500.03,-187500.03,-187500.03,-140288.73,-179009.92,-187500.03,-138843.03,-187500.03,-187500.03,-187500.03
5671.979,-187500.03,-187500.03,-187500.03,-187500.03,-187500.03,-187500.03,-187500.03,-187500.03,-187500.03,-132509.0,-172545.56,-187500.03,-133805.86,-187500.03,-187500.03,-183179.72
5672.0015,-187500.03,-187500.03,-187500.03,-187500.03,-187500.03,-187500.03,-187500.03,-187500.03,-187500.03,-127528.22,-169006.42,-187500.03,-129514.89,-187500.03,-187500.03,-177771.58
5672.0234,-187500.03,-187500.03,-187500.03,-187500.03,-187500.03,-187500.03,-187500.03,-187500.03,-187500.03,-133132.34,-173895.88,-187500.03,-132954.19,-187500.03,-187500.03,-182513.81
5672.046,-187500.03,-187500.03,-187500.03,-187500.03,-187500.03,-187500.03,-187500.03,-187500.03,-187500.03,-140390.33,-179208.06,-187500.03,-138744.69,-187500.03,-187500.03,-187500.03
5672.0684,-187500.03,-187500.03,-187500.03,-187500.03,-187500.03,-187500.03,-187500.03,-187500.03,-187500.03,-134084.97,-173779.08,-187500.03,-134950.92,-187500.03,-187500.03,-184691.0
5672.091,-187500.03,-187500.03,-187500.03,-187500.03,-187500.03,-187500.03,-187500.03,-187500.03,-187500.03,-127641.83,-169006.38,-187500.03,-129750.836,-187500.03,-187500.03,-178029.66
5672.1133,-187500.03,-187500.03,-187500.03,-187500.03,-187500.03,-187500.03,-187500.03,-187500.03,-187500.03,-131566.39,-172629.73,-187500.03,-131858.56,-187500.03,-187500.03,-181059.17
5672.1353,-187500.03,-187500.03,-187500.03,-187500.03,-187500.03,-187500.03,-187500.03,-187500.03,-187500.03,-140006.45,-179028.9,-187500.03,-138300.17,-187500.03,-187500.03,-187500.03
5672.1577,-187500.03,-187500.03,-187500.03,-187500.03,-187500.03,-187500.03,-187500.03,-187500.03,-187500.03,-135721.84,-175091.45,-187500.03,-136091.27,-187500.03,-187500.03,-186221.03
5672.18,-187500.03,-187500.03,-187500.03,-187500.03,-187500.03,-187500.03,-187500.03,-187500.03,-187500.03,-128061.625,-169258.6,-187500.03,-130203.96,-187500.03,-187500.03,-178580.52
5672.2026,-187500.03,-187500.03,-187500.03,-187500.03,-187500.03,-187500.03,-187500.03,-187500.03,-187500.03,-130180.41,-171480.58,-187500.03,-130927.086,-187500.03,-187500.03,-179815.52
5672.2246,-187500.03,-187500.03,-187500.03,-187500.03,-187500.03,-187500.03,-187500.03,-187500.03,-187500.03,-139156.5,-178473.72,-187500.03,-137540.06,-187500.03,-187500.03,-187500.03
5672.247,-187500.03,-187500.03,-187500.03,-187500.03,-187500.03,-187500.03,-187500.03,-187500.03,-187500.03,-137277.12,-176364.12,-187500.03,-137125.4,-187500.03,-187500.03,-187500.03
5672.2695,-187500.03,-187500.03,-187500.03,-187500.03,-187500.03,-187500.03,-187500.03,-187500.03,-187500.03,-128772.05,-169746.28,-187500.03,-130852.836,-187500.03,-187500.03,-179396.16
5672.292,-187500.03,-187500.03,-187500.03,-187500.03,-187500.03,-187500.03,-187500.03,-187500.03,-187500.03,-129049.09,-170506.4,-187500.03,-130205.26,-187500.03,-187500.03,-178839.73
5672.314,-187500.03,-187500.03,-187500.03,-187500.03,-187500.03,-187500.03,-187500.03,-187500.03,-187500.03,-137929.25,-177595.25,-187500.03,-136537.95,-187500.03,-187500.03,-187235.53
5672.3364,-187500.03,-187500.03,-187500.03,-187500.03,-187500.03,-187500.03,-187500.03,-187500.03,-187500.03,-138616.3,-177488.3,-187500.03,-137967.75,-187500.03,-187500.03,-187500.03
5672.359,-187500.03,-187500.03,-187500.03,-187500.03,-187500.03,-187500.03,-187500.03,-187500.03,-187500.03,-129748.87,-170453.36,-187500.03,-131675.9,-187500.03,-187500.03,-180440.69
5672.3813,-187500.03,-187500.03,-187500.03,-187500.03,-187500.03,-187500.03,-187500.03,-187500.03,-187500.03,-128226.33,-169761.64,-187500.03,-129731.13,-187500.03,-187500.03,-178176.81
5672.404,-187500.03,-187500.03,-187500.03,-187500.03,-187500.03,-187500.03,-187500.03,-187500.03,-187500.03,-136452.52,-176488.62,-187500.03,-135395.56,-187500.03,-187500.03,-185750.48
5672.426,-187500.03,-187500.03,-187500.03,-187500.03,-187500.03,-187500.03,-187500.03,-187500.03,-187500.03,-139629.31,-178374.27,-187500.03,-138547.6,-187500.03,-187500.03,-187500.03
5672.448,-187500.03,-187500.03,-187500.03,-187500.03,-187500.03,-187500.03,-187500.03,-187500.03,-187500.03,-130971.39,-171364.62,-187500.03,-132645.67,-187500.03,-187500.03,-181690.0
5672.4707,-187500.03,-187500.03,-187500.03,-187500.03,-187500.03,-187500.03,-187500.03,-187500.03,-187500.03,-127701.77,-169246.86,-187500.03,-129487.89,-187500.03,-187500.03,-177813.34
5672.493,-187500.03,-187500.03,-187500.03,-187500.03,-187500.03,-187500.03,-187500.03,-187500.03,-187500.03,-134814.36,-175227.0,-187500.03,-134171.58,-187500.03,-187500.03,-184146.8
5672.515,-187500.03,-187500.03,-187500.03,-187500.03,-187500.03,-187500.03,-187500.03,-187500.03,-187500.03,-140234.83,-178963.0,-187500.03,-138814.39,-187500.03,-187500.03,-187500.03
5672.5376,-187500.03,-187500.03,-187500.03,-187500.03,-187500.03,-187500.03,-187500.03,-187500.03,-187500.03,-132423.61,-172479.45,-187500.03,-133746.31,-187500.03,-187500.03,-183121.38
5672.56,-187500.03,-187500.03,-187500.03,-187500.03,-187500.03,-187500.03,-187500.03,-187500.03,-187500.03,-127497.08,-168987.94,-187500.03,-129491.42,-187500.03,-187500.03,-177763.34
5672.5825,-187500.03,-187500.03,-187500.03,-187500.03,-187500.03,-187500.03,-187500.03,-187500.03,-187500.03,-133147.73,-173910.34,-187500.03,-132966.48,-187500.03,-187500.03,-182553.77
5672.605,-187500.03,-187500.03,-187500.03,-187500.03,-187500.03,-187500.03,-187500.03,-187500.03,-187500.03,-140354.86,-179176.39,-187500.03,-138721.97,-187500.03,-187500.03,-187500.03
5672.627,-187500.03,-187500.03,-187500.03,-187500.03,-187500.03,-187500.03,-187500.03,-187500.03,-187500.03,-134014.61,-173724.48,-187500.03,-134898.03,-187500.03,-187500.03,-184646.03
5672.6494,-187500.03,-187500.03,-187500.03,-187500.03,-187500.03,-187500.03,-187500.03,-187500.03,-187500.03,-127602.84,-168979.83,-187500.03,-129719.29,-187500.03,-187500.03,-178012.08
5672.672,-187500.03,-187500.03,-187500.03,-187500.03,-187500.03,-187500.03,-187500.03,-187500.03,-187500.03,-131572.38,-172636.53,-187500.03,-131864.34,-187500.03,-187500.03,-181084.73
5672.6943,-187500.03,-187500.03,-187500.03,-187500.03,-187500.03,-187500.03,-187500.03,-187500.03,-187500.03,-139986.72,-179008.27,-187500.03,-138291.08,-187500.03,-187500.03,-187500.03
5672.7163,-187500.03,-187500.03,-187500.03,-187500.03,-187500.03,-187500.03,-187500.03,-187500.03,-187500.03,-135654.69,-175034.44,-187500.03,-136044.7,-187500.03,-187500.03,-186174.7
5672.739,-187500.03,-187500.03,-187500.03,-187500.03,-187500.03,-187500.03,-187500.03,-187500.03,-187500.03,-128012.82,-169218.06,-187500.03,-130165.336,-187500.03,-187500.03,-178549.33
5672.761,-187500.03,-187500.03,-187500.03,-187500.03,-187500.03,-187500.03,-187500.03,-187500.03,-187500.03,-130169.72,-171468.89,-187500.03,-130916.58,-187500.03,-187500.03,-179819.55
5672.7837,-187500.03,-187500.03,-187500.03,-187500.03,-187500.03,-187500.03,-187500.03,-187500.03,-187500.03,-139147.78,-178458.58,-187500.03,-137535.56,-187500.03,-187500.03,-187500.03
5672.806,-187500.03,-187500.03,-187500.03,-187500.03,-187500.03,-187500.03,-187500.03,-187500.03,-187500.03,-137208.86,-176304.0,-187500.03,-137079.14,-187500.03,-187500.03,-187500.03
5672.828,-187500.03,-187500.03,-187500.03,-187500.03,-187500.03,-187500.03,-187500.03,-187500.03,-187500.03,-128711.0,-169696.83,-187500.03,-130809.14,-187500.03,-187500.03,-179353.84
5672.8506,-187500.03,-187500.03,-187500.03,-187500.03,-187500.03,-187500.03,-187500.03,-187500.03,-187500.03,-129026.74,-170487.73,-187500.03,-130189.57,-187500.03,-187500.03,-178833.2
5672.873,-187500.03,-187500.03,-187500.03,-187500.03,-187500.03,-187500.03,-187500.03,-187500.03,-187500.03,-137924.38,-177585.11,-187500.03,-136536.86,-187500.03,-187500.03,-187247.73
5672.8955,-187500.03,-187500.03,-187500.03,-187500.03,-187500.03,-187500.03,-187500.03,-187500.03,-187500.03,-138557.11,-177434.73,-187500.03,-137925.94,-187500.03,-187500.03,-187500.03
5672.9175,-187500.03,-187500.03,-187500.03,-187500.03,-187500.03,-187500.03,-187500.03,-187500.03,-187500.03,-129687.055,-170402.42,-187500.03,-131628.38,-187500.03,-187500.03,-180397.05
5672.94,-187500.03,-187500.03,-187500.03,-187500.03,-187500.03,-187500.03,-187500.03,-187500.03,-187500.03,-128179.79,-169724.83,-187500.03,-129694.06,-187500.03,-187500.03,-178146.9
5672.9624,-187500.03,-187500.03,-187500.03,-187500.03,-187500.03,-187500.03,-187500.03,-187500.03,-187500.03,-136422.8,-176463.11,-187500.03,-135369.45,-187500.03,-187500.03,-185736.39
5672.985,-187500.03,-187500.03,-187500.03,-187500.03,-187500.03,-187500.03,-187500.03,-187500.03,-187500.03,-139582.42,-178334.1,-187500.03,-138508.84,-187500.03,-187500.03,-187500.03
5673.0073,-187500.03,-187500.03,-187500.03,-187500.03,-187500.03,-187500.03,-187500.03,-187500.03,-187500.03,-130923.586,-171325.38,-187500.03,-132607.62,-187500.03,-187500.03,-181660.11
5673.0293,-187500.03,-187500.03,-187500.03,-187500.03,-187500.03,-187500.03,-187500.03,-187500.03,-187500.03,-127656.71,-169208.0,-187500.03,-129450.8,-187500.03,-187500.03,-177784.95
5673.052,-187500.03,-187500.03,-187500.03,-187500.03,-187500.03,-187500.03,-187500.03,-187500.03,-187500.03,-134778.1,-175194.1,-187500.03,-134136.2,-187500.03,-187500.03,-184125.45
5673.074,-187500.03,-187500.03,-187500.03,-187500.03,-187500.03,-187500.03,-187500.03,-187500.03,-187500.03,-140192.89,-178922.47,-187500.03,-138770.66,-187500.03,-187500.03,-187500.03
5673.0967,-187500.03,-187500.03,-187500.03,-187500.03,-187500.03,-187500.03,-187500.03,-187500.03,-187500.03,-132376.67,-172435.81,-187500.03,-133698.97,-187500.03,-187500.03,-183090.88
5673.1187,-187500.03,-187500.03,-187500.03,-187500.03,-187500.03,-187500.03,-187500.03,-187500.03,-187500.03,-127452.59,-168944.23,-187500.03,-129445.15,-187500.03,-187500.03,-177735.95
5673.141,-187500.03,-187500.03,-187500.03,-187500.03,-187500.03,-187500.03,-187500.03,-187500.03,-187500.03,-133105.83,-173867.3,-187500.03,-132920.95,-187500.03,-187500.03,-182528.42
5673.1636,-187500.03,-187500.03,-187500.03,-187500.03,-187500.03,-187500.03,-187500.03,-187500.03,-187500.03,-140312.34,-179131.73,-187500.03,-138677.28,-187500.03,-187500.03,-187500.03
5673.186,-187500.03,-187500.03,-187500.03,-187500.03,-187500.03,-187500.03,-187500.03,-187500.03,-187500.03,-133963.03,-173673.56,-187500.03,-134848.61,-187500.03,-187500.03,-184611.97
5673.2085,-187500.03,-187500.03,-187500.03,-187500.03,-187500.03,-187500.03,-187500.03,-187500.03,-187500.03,-127562.43,-168936.33,-187500.03,-129677.12,-187500.03,-187500.03,-177989.1
5673.2305,-187500.03,-187500.03,-187500.03,-187500.03,-187500.03,-187500.03,-187500.03,-187500.03,-187500.03,-131531.25,-172590.22,-187500.03,-131817.78,-187500.03,-187500.03,-181062.3
5673.253,-187500.03,-187500.03,-187500.03,-187500.03,-187500.03,-187500.03,-187500.03,-187500.03,-187500.03,-139947.66,-178961.33,-187500.03,-138242.72,-187500.03,-187500.03,-187500.03
5673.2754,-187500.03,-187500.03,-187500.03,-187500.03,-187500.03,-187500.03,-187500.03,-187500.03,-187500.03,-135598.2,-174973.02,-187500.03,-135984.06,-187500.03,-187500.03,-186137.3
5673.298,-187500.03,-187500.03,-187500.03,-187500.03,-187500.03,-187500.03,-187500.03,-187500.03,-187500.03,-127972.32,-169172.42,-187500.03,-130119.77,-187500.03,-187500.03,-178526.39
5673.32,-187500.03,-187500.03,-187500.03,-187500.03,-187500.03,-187500.03,-187500.03,-187500.03,-187500.03,-130136.805,-171429.34,-187500.03,-130877.375,-187500.03,-187500.03,-179803.94
5673.3423,-187500.03,-187500.03,-187500.03,-187500.03,-187500.03,-187500.03,-187500.03,-187500.03,-187500.03,-139112.14,-178413.97,-187500.03,-137491.83,-187500.03,-187500.03,-187500.03
5673.3647,-187500.03,-187500.03,-187500.03,-187500.03,-187500.03,-187500.03,-187500.03,-187500.03,-187500.03,-137158.88,-176246.73,-187500.03,-137024.02,-187500.03,-187500.03,-187500.03
5673.387,-187500.03,-187500.03,-187500.03,-187500.03,-187500.03,-187500.03,-187500.03,-187500.03,-187500.03,-128673.49,-169651.78,-187500.03,-130764.586,-187500.03,-187500.03,-179333.12
5673.4097,-187500.03,-187500.03,-187500.03,-187500.03,-187500.03,-187500.03,-187500.03,-187500.03,-187500.03,-129004.75,-170456.94,-187500.03,-130158.63,-187500.03,-187500.03,-178830.47
5673.4316,-187500.03,-187500.03,-187500.03,-187500.03,-187500.03,-187500.03,-187500.03,-187500.03,-187500.03,-137902.84,-177552.75,-187500.03,-136503.47,-187500.03,-187500.03,-187246.17
5673.454,-187500.03,-187500.03,-187500.03,-187500.03,-187500.03,-187500.03,-187500.03,-187500.03,-187500.03,-138517.28,-177389.36,-187500.03,-137879.33,-187500.03,-187500.03,-187500.03
5673.4766,-187500.03,-187500.03,-187500.03,-187500.03,-187500.03,-187500.03,-187500.03,-187500.03,-187500.03,-129650.875,-170362.38,-187500.03,-131585.83,-187500.03,-187500.03,-180378.28
5673.499,-187500.03,-187500.03,-187500.03,-187500.03,-187500.03,-187500.03,-187500.03,-187500.03,-187500.03,-128164.586,-169702.33,-187500.03,-129668.94,-187500.03,-187500.03,-178147.31
5673.521,-187500.03,-187500.03,-187500.03,-187500.03,-187500.03,-187500.03,-187500.03,-187500.03,-187500.03,-136411.3,-176442.19,-187500.03,-135345.22,-187500.03,-187500.03,-185739.52
5673.5435,-187500.03,-187500.03,-187500.03,-187500.03,-187500.03,-187500.03,-187500.03,-187500.03,-187500.03,-139554.81,-178301.53,-187500.03,-138472.23,-187500.03,-187500.03,-187500.03
5673.566,-187500.03,-187500.03,-187500.03,-187500.03,-187500.03,-187500.03,-187500.03,-187500.03,-187500.03,-130887.195,-171289.31,-187500.03,-132563.22,-187500.03,-187500.03,-181636.06
5673.5884,-187500.03,-187500.03,-187500.03,-187500.03,-187500.03,-187500.03,-187500.03,-187500.03,-187500.03,-127641.16,-169191.69,-187500.03,-129422.27,-187500.03,-187500.03,-177778.88
5673.611,-187500.03,-187500.03,-187500.03,-187500.03,-187500.03,-187500.03,-187500.03,-187500.03,-187500.03,-134772.53,-175184.94,-187500.03,-134115.19,-187500.03,-187500.03,-184128.47
5673.633,-187500.03,-187500.03,-187500.03,-187500.03,-187500.03,-187500.03,-187500.03,-187500.03,-187500.03,-140172.06,-178900.7,-187500.03,-138740.5,-187500.03,-187500.03,-187500.03
5673.6553,-187500.03,-187500.03,-187500.03,-187500.03,-187500.03,-187500.03,-187500.03,-187500.03,-187500.03,-132336.77,-172401.22,-187500.03,-133657.42,-187500.03,-187500.03,-183061.95
5673.6777,-187500.03,-187500.03,-187500.03,-187500.03,-187500.03,-187500.03,-187500.03,-187500.03,-187500.03,-127432.8,-168928.61,-187500.03,-129421.55,-187500.03,-187500.03,-177724.28
5673.7,-187500.03,-187500.03,-187500.03,-187500.03,-187500.03,-187500.03,-187500.03,-187500.03,-187500.03,-133103.88,-173866.83,-187500.03,-132911.3,-187500.03,-187500.03,-182534.4
5673.722,-187500.03,-187500.03,-187500.03,-187500.03,-187500.03,-187500.03,-187500.03,-187500.03,-187500.03,-140303.5,-179122.8,-187500.03,-138658.36,-187500.03,-187500.03,-187500.03
5673.7446,-187500.03,-187500.03,-187500.03,-187500.03,-187500.03,-187500.03,-187500.03,-187500.03,-187500.03,-133932.14,-173646.39,-187500.03,-134811.95,-187500.03,-187500.03,-184590.45
5673.767,-187500.03,-187500.03,-187500.03,-187500.03,-187500.03,-187500.03,-187500.03,-187500.03,-187500.03,-127540.22,-168917.3,-187500.03,-129647.52,-187500.03,-187500.03,-177974.4
5673.7896,-187500.03,-187500.03,-187500.03,-187500.03,-187500.03,-187500.03,-187500.03,-187500.03,-187500.03,-131526.64,-172585.44,-187500.03,-131804.25,-187500.03,-187500.03,-181065.06
5673.812,-187500.03,-187500.03,-187500.03,-187500.03,-187500.03,-187500.03,-187500.03,-187500.03,-187500.03,-139933.48,-178946.92,-187500.03,-138223.77,-187500.03,-187500.03,-187500.03
5673.834,-187500.03,-187500.03,-187500.03,-187500.03,-187500.03,-187500.03,-187500.03,-187500.03,-187500.03,-135556.25,-174938.4,-187500.03,-135944.9,-187500.03,-187500.03,-186106.08
5673.8564,-187500.03,-187500.03,-187500.03,-187500.03,-187500.03,-187500.03,-187500.03,-187500.03,-187500.03,-127944.45,-169148.94,-187500.03,-130088.31,-187500.03,-187500.03,-178505.34
5673.879,-187500.03,-187500.03,-187500.03,-187500.03,-187500.03,-187500.03,-187500.03,-187500.03,-187500.03,-130158.84,-171444.7,-187500.03,-130883.45,-187500.03,-187500.03,-179832.53
5673.9014,-187500.03,-187500.03,-187500.03,-187500.03,-187500.03,-187500.03,-187500.03,-187500.03,-187500.03,-139125.48,-178416.02,-187500.03,-137493.14,-187500.03,-187500.03,-187500.03
5673.9233,-187500.03,-187500.03,-187500.03,-187500.03,-187500.03,-187500.03,-187500.03,-187500.03,-187500.03,-137092.95,-176186.94,-187500.03,-136965.94,-187500.03,-187500.03,-187500.03
5673.946,-187500.03,-187500.03,-187500.03,-187500.03,-187500.03,-187500.03,-187500.03,-187500.03,-187500.03,-128621.19,-169605.2,-187500.03,-130709.47,-187500.03,-187500.03,-179286.89
5673.9683,-187500.03,-187500.03,-187500.03,-187500.03,-187500.03,-187500.03,-187500.03,-187500.03,-187500.03,-129012.305,-170456.92,-187500.03,-130146.33,-187500.03,-187500.03,-178839.94
5673.9907,-187500.03,-187500.03,-187500.03,-187500.03,-187500.03,-187500.03,-187500.03,-187500.03,-187500.03,-137919.45,-177554.6,-187500.03,-136502.81,-187500.03,-187500.03,-187271.23
5674.0127,-187500.03,-187500.03,-187500.03,-187500.03,-187500.03,-187500.03,-187500.03,-187500.03,-187500.03,-138457.52,-177330.5,-187500.03,-137824.25,-187500.03,-187500.03,-187500.03
5674.035,-187500.03,-187500.03,-187500.03,-187500.03,-187500.03,-187500.03,-187500.03,-187500.03,-187500.03,-129594.51,-170308.69,-187500.03,-131527.66,-187500.03,-187500.03,-180327.77
5674.0576,-187500.03,-187500.03,-187500.03,-187500.03,-187500.03,-187500.03,-187500.03,-187500.03,-187500.03,-128161.94,-169689.84,-187500.03,-129646.85,-187500.03,-187500.03,-178146.73
5674.08,-187500.03,-187500.03,-187500.03,-187500.03,-187500.03,-187500.03,-187500.03,-187500.03,-187500.03,-136433.25,-176445.5,-187500.03,-135345.2,-187500.03,-187500.03,-185771.4
5674.1025,-187500.03,-187500.03,-187500.03,-187500.03,-187500.03,-187500.03,-187500.03,-187500.03,-187500.03,-139502.98,-178245.8,-187500.03,-138421.25,-187500.03,-187500.03,-187500.03
5674.1245,-187500.03,-187500.03,-187500.03,-187500.03,-187500.03,-187500.03,-187500.03,-187500.03,-187500.03,-130822.24,-171228.61,-187500.03,-132500.0,-187500.03,-187500.03,-181583.3
5674.147,-187500.03,-187500.03,-187500.03,-187500.03,-187500.03,-187500.03,-187500.03,-187500.03,-187500.03,-127627.64,-169173.75,-187500.03,-129396.42,-187500.03,-187500.03,-177773.42
5674.1694,-187500.03,-187500.03,-187500.03,-187500.03,-187500.03,-187500.03,-187500.03,-187500.03,-187500.03,-134799.25,-175195.12,-187500.03,-134123.25,-187500.03,-187500.03,-184168.73
5674.192,-187500.03,-187500.03,-187500.03,-187500.03,-187500.03,-187500.03,-187500.03,-187500.03,-187500.03,-140126.61,-178850.05,-187500.03,-138698.08,-187500.03,-187500.03,-187500.03
5674.214,-187500.03,-187500.03,-187500.03,-187500.03,-187500.03,-187500.03,-187500.03,-187500.03,-187500.03,-132257.31,-172328.17,-187500.03,-133584.3,-187500.03,-187500.03,-182998.03
5674.2363,-187500.03,-187500.03,-187500.03,-187500.03,-187500.03,-187500.03,-187500.03,-187500.03,-187500.03,-127414.914,-168908.88,-187500.03,-129387.81,-187500.03,-187500.03,-177714.86
5674.259,-187500.03,-187500.03,-187500.03,-187500.03,-187500.03,-187500.03,-187500.03,-187500.03,-187500.03,-133168.77,-173909.02,-187500.03,-132941.11,-187500.03,-187500.03,-182610.42
5674.2812,-187500.03,-187500.03,-187500.03,-187500.03,-187500.03,-187500.03,-187500.03,-187500.03,-187500.03,-140281.61,-179089.8,-187500.03,-138634.98,-187500.03,-187500.03,-187500.03
5674.3037,-187500.03,-187500.03,-187500.03,-187500.03,-187500.03,-187500.03,-187500.03,-187500.03,-187500.03,-133818.58,-173547.72,-187500.03,-134717.44,-187500.03,-187500.03,-184495.44
5674.3257,-187500.03,-187500.03,-187500.03,-187500.03,-187500.03,-187500.03,-187500.03,-187500.03,-187500.03,-127504.04,-168885.36,-187500.03,-129603.71,-187500.03,-187500.03,-177946.52
5674.348,-187500.03,-187500.03,-187500.03,-187500.03,-187500.03,-187500.03,-187500.03,-187500.03,-187500.03,-131590.03,-172630.22,-187500.03,-131836.39,-187500.03,-187500.03,-181139.75
5674.3706,-187500.03,-187500.03,-187500.03,-187500.03,-187500.03,-187500.03,-187500.03,-187500.03,-187500.03,-139936.7,-178936.42,-187500.03,-138220.5,-187500.03,-187500.03,-187500.03
5674.393,-187500.03,-187500.03,-187500.03,-187500.03,-187500.03,-187500.03,-187500.03,-187500.03,-187500.03,-135449.69,-174846.53,-187500.03,-135857.12,-187500.03,-187500.03,-186024.61
5674.415,-187500.03,-187500.03,-187500.03,-187500.03,-187500.03,-187500.03,-187500.03,-187500.03,-187500.03,-127893.05,-169106.08,-187500.03,-130033.05,-187500.03,-187500.03,-178466.0
5674.4375,-187500.03,-187500.03,-187500.03,-187500.03,-187500.03,-187500.03,-187500.03,-187500.03,-187500.03,-130186.53,-171462.27,-187500.03,-130886.97,-187500.03,-187500.03,-179870.62
5674.46,-187500.03,-187500.03,-187500.03,-187500.03,-187500.03,-187500.03,-187500.03,-187500.03,-187500.03,-139136.52,-178413.83,-187500.03,-137494.56,-187500.03,-187500.03,-187500.03
5674.4824,-187500.03,-187500.03,-187500.03,-187500.03,-187500.03,-187500.03,-187500.03,-187500.03,-187500.03,-137008.84,-176113.88,-187500.03,-136899.64,-187500.03,-187500.03,-187441.2
5674.505,-187500.03,-187500.03,-187500.03,-187500.03,-187500.03,-187500.03,-187500.03,-187500.03,-187500.03,-128570.72,-169563.27,-187500.03,-130661.76,-187500.03,-187500.03,-179247.67
5674.527,-187500.03,-187500.03,-187500.03,-187500.03,-187500.03,-187500.03,-187500.03,-187500.03,-187500.03,-129021.14,-170461.58,-187500.03,-130142.08,-187500.03,-187500.03,-178856.52
5674.5493,-187500.03,-187500.03,-187500.03,-187500.03,-187500.03,-187500.03,-187500.03,-187500.03,-187500.03,-137937.22,-177561.75,-187500.03,-136510.47,-187500.03,-187500.03,-187303.16
5674.572,-187500.03,-187500.03,-187500.03,-187500.03,-187500.03,-187500.03,-187500.03,-187500.03,-187500.03,-138400.11,-177277.47,-187500.03,-137778.12,-187500.03,-187500.03,-187500.03
5674.594,-187500.03,-187500.03,-187500.03,-187500.03,-187500.03,-187500.03,-187500.03,-187500.03,-187500.03,-129543.37,-170263.64,-187500.03,-131482.58,-187500.03,-187500.03,-180288.2
5674.616,-187500.03,-187500.03,-187500.03,-187500.03,-187500.03,-187500.03,-187500.03,-187500.03,-187500.03,-128147.45,-169675.55,-187500.03,-129629.57,-187500.03,-187500.03,-178141.14
5674.6387,-187500.03,-187500.03,-187500.03,-187500.03,-187500.03,-187500.03,-187500.03,-187500.03,-187500.03,-136434.89,-176441.9,-187500.03,-135342.08,-187500.03,-187500.03,-185783.66
5674.661,-187500.03,-187500.03,-187500.03,-187500.03,-187500.03,-187500.03,-187500.03,-187500.03,-187500.03,-139460.27,-178206.23,-187500.03,-138387.86,-187500.03,-187500.03,-187500.03
5674.6836,-187500.03,-187500.03,-187500.03,-187500.03,-187500.03,-187500.03,-187500.03,-187500.03,-187500.03,-130774.87,-171185.5,-187500.03,-132460.55,-187500.03,-187500.03,-181541.34
5674.706,-187500.03,-187500.03,-187500.03,-187500.03,-187500.03,-187500.03,-187500.03,-187500.03,-187500.03,-127609.05,-169152.78,-187500.03,-129377.516,-187500.03,-187500.03,-177755.61
5674.728,-187500.03,-187500.03,-187500.03,-187500.03,-187500.03,-187500.03,-187500.03,-187500.03,-187500.03,-134807.17,-175192.77,-187500.03,-134125.25,-187500.03,-187500.03,-184177.4
5674.7505,-187500.03,-187500.03,-187500.03,-187500.03,-187500.03,-187500.03,-187500.03,-187500.03,-187500.03,-140103.36,-178822.2,-187500.03,-138679.42,-187500.03,-187500.03,-187500.03
5674.773,-187500.03,-187500.03,-187500.03,-187500.03,-187500.03,-187500.03,-187500.03,-187500.03,-187500.03,-132220.89,-172293.3,-187500.03,-133554.39,-187500.03,-187500.03,-182961.55
5674.7954,-187500.03,-187500.03,-187500.03,-187500.03,-187500.03,-187500.03,-187500.03,-187500.03,-187500.03,-127390.84,-168884.22,-187500.03,-129366.65,-187500.03,-187500.03,-177687.4
5674.8174,-187500.03,-187500.03,-187500.03,-187500.03,-187500.03,-187500.03,-187500.03,-187500.03,-187500.03,-133140.11,-173882.4,-187500.03,-132917.05,-187500.03,-187500.03,-182579.05
5674.84,-187500.03,-187500.03,-187500.03,-187500.03,-187500.03,-187500.03,-187500.03,-187500.03,-187500.03,-140258.25,-179068.97,-187500.03,-138613.17,-187500.03,-187500.03,-187500.03
5674.8623,-187500.03,-187500.03,-187500.03,-187500.03,-187500.03,-187500.03,-187500.03,-187500.03,-187500.03,-133809.52,-173537.08,-187500.03,-134707.34,-187500.03,-187500.03,-184485.31
5674.885,-187500.03,-187500.03,-187500.03,-187500.03,-187500.03,-187500.03,-187500.03,-187500.03,-187500.03,-127480.3,-168861.27,-187500.03,-129584.1,-187500.03,-187500.03,-177924.81
5674.907,-187500.03,-187500.03,-187500.03,-187500.03,-187500.03,-187500.03,-187500.03,-187500.03,-187500.03,-131547.22,-172592.02,-187500.03,-131801.25,-187500.03,-187500.03,-181100.47
5674.929,-187500.03,-187500.03,-187500.03,-187500.03,-187500.03,-187500.03,-187500.03,-187500.03,-187500.03,-139905.77,-178909.06,-187500.03,-138190.73,-187500.03,-187500.03,-187500.03
5674.9517,-187500.03,-187500.03,-187500.03,-187500.03,-187500.03,-187500.03,-187500.03,-187500.03,-187500.03,-135437.53,-174832.06,-187500.03,-135843.03,-187500.03,-187500.03,-186017.48
5674.974,-187500.03,-187500.03,-187500.03,-187500.03,-187500.03,-187500.03,-187500.03,-187500.03,-187500.03,-127869.055,-169079.7,-187500.03,-130014.984,-187500.03,-187500.03,-178452.23
5674.9966,-187500.03,-187500.03,-187500.03,-187500.03,-187500.03,-187500.03,-187500.03,-187500.03,-187500.03,-130133.69,-171413.97,-187500.03,-130848.484,-187500.03,-187500.03,-179834.06
5675.0186,-187500.03,-187500.03,-187500.03,-187500.03,-187500.03,-187500.03,-187500.03,-187500.03,-187500.03,-139091.17,-178374.03,-187500.03,-137456.23,-187500.03,-187500.03,-187500.03
5675.041,-187500.03,-187500.03,-187500.03,-187500.03,-187500.03,-187500.03,-187500.03,-187500.03,-187500.03,-136996.83,-176098.02,-187500.03,-136884.58,-187500.03,-187500.03,-187448.9
5675.0635,-187500.03,-187500.03,-187500.03,-187500.03,-187500.03,-187500.03,-187500.03,-187500.03,-187500.03,-128550.19,-169538.7,-187500.03,-130643.74,-187500.03,-187500.03,-179253.28
5675.086,-187500.03,-187500.03,-187500.03,-187500.03,-187500.03,-187500.03,-187500.03,-187500.03,-187500.03,-128973.62,-170415.8,-187500.03,-130103.47,-187500.03,-187500.03,-178838.56
5675.1084,-187500.03,-187500.03,-187500.03,-187500.03,-187500.03,-187500.03,-187500.03,-187500.03,-187500.03,-137886.86,-177515.8,-187500.03,-136464.19,-187500.03,-187500.03,-187281.75
5675.1304,-187500.03,-187500.03,-187500.03,-187500.03,-187500.03,-187500.03,-187500.03,-187500.03,-187500.03,-138369.17,-177247.03,-187500.03,-137746.4,-187500.03,-187500.03,-187500.03
5675.153,-187500.03,-187500.03,-187500.03,-187500.03,-187500.03,-187500.03,-187500.03,-187500.03,-187500.03,-129518.57,-170238.42,-187500.03,-131460.03,-187500.03,-187500.03,-180291.83
5675.1753,-187500.03,-187500.03,-187500.03,-187500.03,-187500.03,-187500.03,-187500.03,-187500.03,-187500.03,-128120.81,-169650.02,-187500.03,-129608.375,-187500.03,-187500.03,-178143.81
5675.1978,-187500.03,-187500.03,-187500.03,-187500.03,-187500.03,-187500.03,-187500.03,-187500.03,-187500.03,-136411.08,-176420.23,-187500.03,-135322.28,-187500.03,-187500.03,-185789.78
5675.2197,-187500.03,-187500.03,-187500.03,-187500.03,-187500.03,-187500.03,-187500.03,-187500.03,-187500.03,-139420.53,-178171.72,-187500.03,-138354.66,-187500.03,-187500.03,-187500.03
5675.242,-187500.03,-187500.03,-187500.03,-187500.03,-187500.03,-187500.03,-187500.03,-187500.03,-187500.03,-130731.33,-171151.3,-187500.03,-132422.81,-187500.03,-187500.03,-181520.4
5675.2646,-187500.03,-187500.03,-187500.03,-187500.03,-187500.03,-187500.03,-187500.03,-187500.03,-187500.03,-127591.12,-169141.97,-187500.03,-129359.47,-187500.03,-187500.03,-177757.14
5675.287,-187500.03,-187500.03,-187500.03,-187500.03,-187500.03,-187500.03,-187500.03,-187500.03,-187500.03,-134812.34,-175200.77,-187500.03,-134127.7,-187500.03,-187500.03,-184203.55
5675.3096,-187500.03,-187500.03,-187500.03,-187500.03,-187500.03,-187500.03,-187500.03,-187500.03,-187500.03,-140056.88,-178787.61,-187500.03,-138646.95,-187500.03,-187500.03,-187500.03
5675.3315,-187500.03,-187500.03,-187500.03,-187500.03,-187500.03,-187500.03,-187500.03,-187500.03,-187500.03,-132147.25,-172240.81,-187500.03,-133499.23,-187500.03,-187500.03,-182900.5
5675.354,-187500.03,-187500.03,-187500.03,-187500.03,-187500.03,-187500.03,-187500.03,-187500.03,-187500.03,-127367.03,-168871.9,-187500.03,-129345.51,-187500.03,-187500.03,-177666.47
5675.3765,-187500.03,-187500.03,-187500.03,-187500.03,-187500.03,-187500.03,-187500.03,-187500.03,-187500.03,-133152.81,-173894.58,-187500.03,-132923.67,-187500.03,-187500.03,-182593.39
5675.399,-187500.03,-187500.03,-187500.03,-187500.03,-187500.03,-187500.03,-187500.03,-187500.03,-187500.03,-140228.67,-179043.12,-187500.03,-138590.67,-187500.03,-187500.03,-187500.03
5675.421,-187500.03,-187500.03,-187500.03,-187500.03,-187500.03,-187500.03,-187500.03,-187500.03,-187500.03,-133734.67,-173478.08,-187500.03,-134647.83,-187500.03,-187500.03,-184408.8
5675.4434,-187500.03,-187500.03,-187500.03,-187500.03,-187500.03,-187500.03,-187500.03,-187500.03,-187500.03,-127451.88,-168841.38,-187500.03,-129555.31,-187500.03,-187500.03,-177886.2
5675.466,-187500.03,-187500.03,-187500.03,-187500.03,-187500.03,-187500.03,-187500.03,-187500.03,-187500.03,-131565.36,-172608.69,-187500.03,-131809.98,-187500.03,-187500.03,-181109.95
5675.4883,-187500.03,-187500.03,-187500.03,-187500.03,-187500.03,-187500.03,-187500.03,-187500.03,-187500.03,-139902.11,-178904.95,-187500.03,-138189.25,-187500.03,-187500.03,-187500.03
5675.5107,-187500.03,-187500.03,-187500.03,-187500.03,-187500.03,-187500.03,-187500.03,-187500.03,-187500.03,-135369.48,-174777.56,-187500.03,-135793.47,-187500.03,-187500.03,-185949.22
5675.5327,-187500.03,-187500.03,-187500.03,-187500.03,-187500.03,-187500.03,-187500.03,-187500.03,-187500.03,-127835.664,-169054.61,-187500.03,-129985.766,-187500.03,-187500.03,-178414.0
5675.555,-187500.03,-187500.03,-187500.03,-187500.03,-187500.03,-187500.03,-187500.03,-187500.03,-187500.03,-130149.99,-171426.31,-187500.03,-130856.586,-187500.03,-187500.03,-179846.98
5675.5776,-187500.03,-187500.03,-187500.03,-187500.03,-187500.03,-187500.03,-187500.03,-187500.03,-187500.03,-139097.53,-178375.17,-187500.03,-137462.25,-187500.03,-187500.03,-187500.03
5675.6,-187500.03,-187500.03,-187500.03,-187500.03,-187500.03,-187500.03,-187500.03,-187500.03,-187500.03,-136936.88,-176047.55,-187500.03,-136842.2,-187500.03,-187500.03,-187396.0
5675.622,-187500.03,-187500.03,-187500.03,-187500.03,-187500.03,-187500.03,-187500.03,-187500.03,-187500.03,-128506.7,-169504.2,-187500.03,-130610.57,-187500.03,-187500.03,-179210.31
5675.6445,-187500.03,-187500.03,-187500.03,-187500.03,-187500.03,-187500.03,-187500.03,-187500.03,-187500.03,-128982.29,-170421.61,-187500.03,-130110.02,-187500.03,-187500.03,-178846.08
5675.667,-187500.03,-187500.03,-187500.03,-187500.03,-187500.03,-187500.03,-187500.03,-187500.03,-187500.03,-137899.84,-177519.72,-187500.03,-136479.06,-187500.03,-187500.03,-187301.14
5675.6895,-187500.03,-187500.03,-187500.03,-187500.03,-187500.03,-187500.03,-187500.03,-187500.03,-187500.03,-138320.58,-177201.86,-187500.03,-137716.78,-187500.03,-187500.03,-187500.03
5675.7114,-187500.03,-187500.03,-187500.03,-187500.03,-187500.03,-187500.03,-187500.03,-187500.03,-187500.03,-129464.28,-170191.3,-187500.03,-131418.81,-187500.03,-187500.03,-180244.89
5675.734,-187500.03,-187500.03,-187500.03,-187500.03,-187500.03,-187500.03,-187500.03,-187500.03,-187500.03,-128119.664,-169646.45,-187500.03,-129602.59,-187500.03,-187500.03,-178147.89
5675.7563,-187500.03,-187500.03,-187500.03,-187500.03,-187500.03,-187500.03,-187500.03,-187500.03,-187500.03,-136429.9,-176429.05,-187500.03,-135334.14,-187500.03,-187500.03,-185820.12
5675.779,-187500.03,-187500.03,-187500.03,-187500.03,-187500.03,-187500.03,-187500.03,-187500.03,-187500.03,-139383.16,-178136.0,-187500.03,-138329.05,-187500.03,-187500.03,-187500.03
5675.8013,-187500.03,-187500.03,-187500.03,-187500.03,-187500.03,-187500.03,-187500.03,-187500.03,-187500.03,-130680.99,-171107.0,-187500.03,-132385.27,-187500.03,-187500.03,-181486.66
5675.823,-187500.03,-187500.03,-187500.03,-187500.03,-187500.03,-187500.03,-187500.03,-187500.03,-187500.03,-127573.56,-169124.27,-187500.03,-129343.945,-187500.03,-187500.03,-177753.8
5675.8457,-187500.03,-187500.03,-187500.03,-187500.03,-187500.03,-187500.03,-187500.03,-187500.03,-187500.03,-134802.64,-175186.34,-187500.03,-134117.3,-187500.03,-187500.03,-184210.22
5675.868,-187500.03,-187500.03,-187500.03,-187500.03,-187500.03,-187500.03,-187500.03,-187500.03,-187500.03,-140033.48,-178763.67,-187500.03,-138626.94,-187500.03,-187500.03,-187500.03
5675.8906,-187500.03,-187500.03,-187500.03,-187500.03,-187500.03,-187500.03,-187500.03,-187500.03,-187500.03,-132121.3,-172214.88,-187500.03,-133474.98,-187500.03,-187500.03,-182895.36
5675.9126,-187500.03,-187500.03,-187500.03,-187500.03,-187500.03,-187500.03,-187500.03,-187500.03,-187500.03,-127343.77,-168849.62,-187500.03,-129322.664,-187500.03,-187500.03,-177665.55
5675.935,-187500.03,-187500.03,-187500.03,-187500.03,-187500.03,-187500.03,-187500.03,-187500.03,-187500.03,-133135.25,-173878.05,-187500.03,-132905.97,-187500.03,-187500.03,-182600.62
5675.9575,-187500.03,-187500.03,-187500.03,-187500.03,-187500.03,-187500.03,-187500.03,-187500.03,-187500.03,-140208.05,-179025.56,-187500.03,-138573.12,-187500.03,-187500.03,-187500.03
5675.98,-187500.03,-187500.03,-187500.03,-187500.03,-187500.03,-187500.03,-187500.03,-187500.03,-187500.03,-133712.23,-173459.66,-187500.03,-134631.66,-187500.03,-187500.03,-184416.47
5676.0024,-187500.03,-187500.03,-187500.03,-187500.03,-187500.03,-187500.03,-187500.03,-187500.03,-187500.03,-127430.81,-168825.44,-187500.03,-129540.516,-187500.03,-187500.03,-177896.17
5676.0244,-187500.03,-187500.03,-187500.03,-187500.03,-187500.03,-187500.03,-187500.03,-187500.03,-187500.03,-131555.89,-172601.53,-187500.03,-131802.98,-187500.03,-187500.03,-181129.47
5676.047,-187500.03,-187500.03,-187500.03,-187500.03,-187500.03,-187500.03,-187500.03,-187500.03,-187500.03,-139880.84,-178886.88,-187500.03,-138171.14,-187500.03,-187500.03,-187500.03
5676.0693,-187500.03,-187500.03,-187500.03,-187500.03,-187500.03,-187500.03,-187500.03,-187500.03,-187500.03,-135357.14,-174767.42,-187500.03,-135781.56,-187500.03,-187500.03,-185960.27
5676.092,-187500.03,-187500.03,-187500.03,-187500.03,-187500.03,-187500.03,-187500.03,-187500.03,-187500.03,-127822.336,-169046.0,-187500.03,-129975.93,-187500.03,-187500.03,-178421.27
5676.114,-187500.03,-187500.03,-187500.03,-187500.03,-187500.03,-187500.03,-187500.03,-187500.03,-187500.03,-130145.56,-171424.7,-187500.03,-130853.055,-187500.03,-187500.03,-179856.27
5676.136,-187500.03,-187500.03,-187500.03,-187500.03,-187500.03,-187500.03,-187500.03,-187500.03,-187500.03,-139088.45,-178370.11,-187500.03,-137456.11,-187500.03,-187500.03,-187500.03
5676.1587,-187500.03,-187500.03,-187500.03,-187500.03,-187500.03,-187500.03,-187500.03,-187500.03,-187500.03,-136935.06,-176049.1,-187500.03,-136841.27,-187500.03,-187500.03,-187395.11
5676.181,-187500.03,-187500.03,-187500.03,-187500.03,-187500.03,-187500.03,-187500.03,-187500.03,-187500.03,-128501.414,-169503.66,-187500.03,-130608.47,-187500.03,-187500.03,-179202.12
5676.2036,-187500.03,-187500.03,-187500.03,-187500.03,-187500.03,-187500.03,-187500.03,-187500.03,-187500.03,-128989.55,-170432.66,-187500.03,-130117.805,-187500.03,-187500.03,-178847.55
5676.2256,-187500.03,-187500.03,-187500.03,-187500.03,-187500.03,-187500.03,-187500.03,-187500.03,-187500.03,-137909.17,-177531.52,-187500.03,-136489.17,-187500.03,-187500.03,-187302.55
5676.248,-187500.03,-187500.03,-187500.03,-187500.03,-187500.03,-187500.03,-187500.03,-187500.03,-187500.03,-138302.17,-177193.48,-187500.03,-137706.12,-187500.03,-187500.03,-187500.03
5676.2705,-187500.03,-187500.03,-187500.03,-187500.03,-187500.03,-187500.03,-187500.03,-187500.03,-187500.03,-129449.71,-170188.34,-187500.03,-131408.89,-187500.03,-187500.03,-180217.52
5676.293,-187500.03,-187500.03,-187500.03,-187500.03,-187500.03,-187500.03,-187500.03,-187500.03,-187500.03,-128134.77,-169669.55,-187500.03,-129616.695,-187500.03,-187500.03,-178149.06
5676.315,-187500.03,-187500.03,-187500.03,-187500.03,-187500.03,-187500.03,-187500.03,-187500.03,-187500.03,-136469.95,-176467.52,-187500.03,-135370.42,-187500.03,-187500.03,-185847.98
5676.3374,-187500.03,-187500.03,-187500.03,-187500.03,-187500.03,-187500.03,-187500.03,-187500.03,-187500.03,-139353.47,-178115.27,-187500.03,-138314.77,-187500.03,-187500.03,-187500.03
5676.36,-187500.03,-187500.03,-187500.03,-187500.03,-187500.03,-187500.03,-187500.03,-187500.03,-187500.03,-130640.67,-171080.72,-187500.03,-132356.52,-187500.03,-187500.03,-181437.98
5676.3823,-187500.03,-187500.03,-187500.03,-187500.03,-187500.03,-187500.03,-187500.03,-187500.03,-187500.03,-127576.32,-169131.72,-187500.03,-129345.15,-187500.03,-187500.03,-177749.0
5676.405,-187500.03,-187500.03,-187500.03,-187500.03,-187500.03,-187500.03,-187500.03,-187500.03,-187500.03,-134837.88,-175215.89,-187500.03,-134143.9,-187500.03,-187500.03,-184245.55
5676.427,-187500.03,-187500.03,-187500.03,-187500.03,-187500.03,-187500.03,-187500.03,-187500.03,-187500.03,-140012.0,-178745.5,-187500.03,-138615.11,-187500.03,-187500.03,-187500.03
5676.449,-187500.03,-187500.03,-187500.03,-187500.03,-187500.03,-187500.03,-187500.03,-187500.03,-187500.03,-132071.72,-172178.48,-187500.03,-133438.66,-187500.03,-187500.03,-182858.02
5676.4717,-187500.03,-187500.03,-187500.03,-187500.03,-187500.03,-187500.03,-187500.03,-187500.03,-187500.03,-127337.04,-168848.66,-187500.03,-129316.94,-187500.03,-187500.03,-177669.23
5676.494,-187500.03,-187500.03,-187500.03,-187500.03,-187500.03,-187500.03,-187500.03,-187500.03,-187500.03,-133177.14,-173913.31,-187500.03,-132939.62,-187500.03,-187500.03,-182657.75
5676.516,-187500.03,-187500.03,-187500.03,-187500.03,-187500.03,-187500.03,-187500.03,-187500.03,-187500.03,-140198.77,-179015.1,-187500.03,-138574.52,-187500.03,-187500.03,-187500.03
5676.5386,-187500.03,-187500.03,-187500.03,-187500.03,-187500.03,-187500.03,-187500.03,-187500.03,-187500.03,-133654.8,-173415.31,-187500.03,-134592.73,-187500.03,-187500.03,-184384.17
5676.561,-187500.03,-187500.03,-187500.03,-187500.03,-187500.03,-187500.03,-187500.03,-187500.03,-187500.03,-127412.305,-168814.78,-187500.03,-129524.09,-187500.03,-187500.03,-177896.11
5676.5835,-187500.03,-187500.03,-187500.03,-187500.03,-187500.03,-187500.03,-187500.03,-187500.03,-187500.03,-131585.33,-172627.81,-187500.03,-131821.56,-187500.03,-187500.03,-181175.73
5676.606,-187500.03,-187500.03,-187500.03,-187500.03,-187500.03,-187500.03,-187500.03,-187500.03,-187500.03,-139887.86,-178892.17,-187500.03,-138179.95,-187500.03,-187500.03,-187500.03
5676.628,-187500.03,-187500.03,-187500.03,-187500.03,-187500.03,-187500.03,-187500.03,-187500.03,-187500.03,-135292.67,-174721.94,-187500.03,-135737.27,-187500.03,-187500.03,-185920.17
