Tm,Oz,Po7,Po4,Po3,P4,P3,Po8,Pz,Fz,F2,F3,F4,AF3,Cz,AF4,F1
4835.8896,-187500.03,-187500.03,-187500.03,-187500.03,-187500.03,-187500.03,-187500.03,-187500.03,-187500.03,-136492.08,-176286.62,-187500.03,-134590.56,-187500.03,-187500.03,-184682.47
4835.912,-187500.03,-187500.03,-187500.03,-187500.03,-187500.03,-187500.03,-187500.03,-187500.03,-187500.03,-142741.73,-180692.31,-187500.03,-139848.92,-187500.03,-187500.03,-187500.03
4835.9346,-187500.03,-187500.03,-187500.03,-187500.03,-187500.03,-187500.03,-187500.03,-187500.03,-187500.03,-135318.92,-174524.58,-187500.03,-135101.36,-187500.03,-187500.03,-185027.12
4835.9565,-187500.03,-187500.03,-187500.03,-187500.03,-187500.03,-187500.03,-187500.03,-187500.03,-187500.03,-129746.09,-170515.25,-187500.03,-130354.51,-187500.03,-187500.03,-178997.42
4835.979,-187500.03,-187500.03,-187500.03,-187500.03,-187500.03,-187500.03,-187500.03,-187500.03,-187500.03,-134848.23,-174984.08,-187500.03,-133396.9,-187500.03,-187500.03,-183134.25
4836.0015,-187500.03,-187500.03,-187500.03,-187500.03,-187500.03,-187500.03,-187500.03,-187500.03,-187500.03,-142675.23,-180754.52,-187500.03,-139613.6,-187500.03,-187500.03,-187500.03
4836.024,-187500.03,-187500.03,-187500.03,-187500.03,-187500.03,-187500.03,-187500.03,-187500.03,-187500.03,-136939.97,-175790.64,-187500.03,-136268.8,-187500.03,-187500.03,-186572.66
4836.046,-187500.03,-187500.03,-187500.03,-187500.03,-187500.03,-187500.03,-187500.03,-187500.03,-187500.03,-129965.45,-170600.5,-187500.03,-130669.1,-187500.03,-187500.03,-179371.61
4836.0684,-187500.03,-187500.03,-187500.03,-187500.03,-187500.03,-187500.03,-187500.03,-187500.03,-187500.03,-133329.55,-173751.8,-187500.03,-132336.28,-187500.03,-187500.03,-181742.12
4836.091,-187500.03,-187500.03,-187500.03,-187500.03,-187500.03,-187500.03,-187500.03,-187500.03,-187500.03,-142129.22,-180437.45,-187500.03,-139047.78,-187500.03,-187500.03,-187500.03
4836.1133,-187500.03,-187500.03,-187500.03,-187500.03,-187500.03,-187500.03,-187500.03,-187500.03,-187500.03,-138566.72,-177083.47,-187500.03,-137395.4,-187500.03,-187500.03,-187500.03
4836.1357,-187500.03,-187500.03,-187500.03,-187500.03,-187500.03,-187500.03,-187500.03,-187500.03,-187500.03,-130485.414,-170926.8,-187500.03,-131197.1,-187500.03,-187500.03,-180023.44
4836.1577,-187500.03,-187500.03,-187500.03,-187500.03,-187500.03,-187500.03,-187500.03,-187500.03,-187500.03,-132035.02,-172670.73,-187500.03,-131468.78,-187500.03,-187500.03,-180595.95
4836.18,-187500.03,-187500.03,-187500.03,-187500.03,-187500.03,-187500.03,-187500.03,-187500.03,-187500.03,-141167.03,-179784.7,-187500.03,-138205.84,-187500.03,-187500.03,-187500.03
4836.2026,-187500.03,-187500.03,-187500.03,-187500.03,-187500.03,-187500.03,-187500.03,-187500.03,-187500.03,-140068.48,-178306.62,-187500.03,-138391.97,-187500.03,-187500.03,-187500.03
4836.225,-187500.03,-187500.03,-187500.03,-187500.03,-187500.03,-187500.03,-187500.03,-187500.03,-187500.03,-131284.16,-171484.47,-187500.03,-131918.19,-187500.03,-187500.03,-180925.4
4836.247,-187500.03,-187500.03,-187500.03,-187500.03,-187500.03,-187500.03,-187500.03,-187500.03,-187500.03,-131001.63,-171777.55,-187500.03,-130821.32,-187500.03,-187500.03,-179722.48
4836.2695,-187500.03,-187500.03,-187500.03,-187500.03,-187500.03,-187500.03,-187500.03,-187500.03,-187500.03,-139852.34,-178830.38,-187500.03,-137133.97,-187500.03,-187500.03,-187500.03
4836.292,-187500.03,-187500.03,-187500.03,-187500.03,-187500.03,-187500.03,-187500.03,-187500.03,-187500.03,-141338.86,-179369.81,-187500.03,-139175.73,-187500.03,-187500.03,-187500.03
4836.3145,-187500.03,-187500.03,-187500.03,-187500.03,-187500.03,-187500.03,-187500.03,-187500.03,-187500.03,-132360.19,-172266.17,-187500.03,-132811.88,-187500.03,-187500.03,-182065.83
4836.337,-187500.03,-187500.03,-187500.03,-187500.03,-187500.03,-187500.03,-187500.03,-187500.03,-187500.03,-130271.67,-171110.66,-187500.03,-130414.55,-187500.03,-187500.03,-179159.56
4836.359,-187500.03,-187500.03,-187500.03,-187500.03,-187500.03,-187500.03,-187500.03,-187500.03,-187500.03,-138306.05,-177670.5,-187500.03,-135932.67,-187500.03,-187500.03,-186434.61
4836.3813,-187500.03,-187500.03,-187500.03,-187500.03,-187500.03,-187500.03,-187500.03,-187500.03,-187500.03,-142258.06,-180181.12,-187500.03,-139679.58,-187500.03,-187500.03,-187500.03
4836.404,-187500.03,-187500.03,-187500.03,-187500.03,-187500.03,-187500.03,-187500.03,-187500.03,-187500.03,-133682.02,-173255.6,-187500.03,-133855.97,-187500.03,-187500.03,-183406.8
4836.4263,-187500.03,-187500.03,-187500.03,-187500.03,-187500.03,-187500.03,-187500.03,-187500.03,-187500.03,-129857.54,-170688.5,-187500.03,-130256.25,-187500.03,-187500.03,-178914.16
4836.448,-187500.03,-187500.03,-187500.03,-187500.03,-187500.03,-187500.03,-187500.03,-187500.03,-187500.03,-136654.48,-176396.31,-187500.03,-134694.38,-187500.03,-187500.03,-184825.66
4836.4707,-187500.03,-187500.03,-187500.03,-187500.03,-187500.03,-187500.03,-187500.03,-187500.03,-187500.03,-142730.8,-180658.47,-187500.03,-139840.77,-187500.03,-187500.03,-187500.03
4836.493,-187500.03,-187500.03,-187500.03,-187500.03,-187500.03,-187500.03,-187500.03,-187500.03,-187500.03,-135192.0,-174412.81,-187500.03,-134992.06,-187500.03,-187500.03,-184893.88
4836.5156,-187500.03,-187500.03,-187500.03,-187500.03,-187500.03,-187500.03,-187500.03,-187500.03,-187500.03,-129754.586,-170516.39,-187500.03,-130334.08,-187500.03,-187500.03,-178981.38
4836.538,-187500.03,-187500.03,-187500.03,-187500.03,-187500.03,-187500.03,-187500.03,-187500.03,-187500.03,-135007.03,-175095.8,-187500.03,-133498.75,-187500.03,-187500.03,-183270.31
4836.56,-187500.03,-187500.03,-187500.03,-187500.03,-187500.03,-187500.03,-187500.03,-187500.03,-187500.03,-142719.12,-180762.92,-187500.03,-139649.5,-187500.03,-187500.03,-187500.03
4836.5825,-187500.03,-187500.03,-187500.03,-187500.03,-187500.03,-187500.03,-187500.03,-187500.03,-187500.03,-136818.31,-175678.8,-187500.03,-136171.28,-187500.03,-187500.03,-186447.44
4836.605,-187500.03,-187500.03,-187500.03,-187500.03,-187500.03,-187500.03,-187500.03,-187500.03,-187500.03,-129949.41,-170578.17,-187500.03,-130631.805,-187500.03,-187500.03,-179331.36
4836.6274,-187500.03,-187500.03,-187500.03,-187500.03,-187500.03,-187500.03,-187500.03,-187500.03,-187500.03,-133477.42,-173856.89,-187500.03,-132423.89,-187500.03,-187500.03,-181866.95
4836.6494,-187500.03,-187500.03,-187500.03,-187500.03,-187500.03,-187500.03,-187500.03,-187500.03,-187500.03,-142226.81,-180489.81,-187500.03,-139119.1,-187500.03,-187500.03,-187500.03
4836.672,-187500.03,-187500.03,-187500.03,-187500.03,-187500.03,-187500.03,-187500.03,-187500.03,-187500.03,-138453.5,-176978.62,-187500.03,-137308.78,-187500.03,-187500.03,-187500.03
4836.6943,-187500.03,-187500.03,-187500.03,-187500.03,-187500.03,-187500.03,-187500.03,-187500.03,-187500.03,-130448.266,-170891.17,-187500.03,-131147.42,-187500.03,-187500.03,-179968.7
4836.717,-187500.03,-187500.03,-187500.03,-187500.03,-187500.03,-187500.03,-187500.03,-187500.03,-187500.03,-132153.84,-172757.4,-187500.03,-131536.52,-187500.03,-187500.03,-180693.56
4836.7393,-187500.03,-187500.03,-187500.03,-187500.03,-187500.03,-187500.03,-187500.03,-187500.03,-187500.03,-141282.45,-179853.73,-187500.03,-138287.33,-187500.03,-187500.03,-187500.03
4836.761,-187500.03,-187500.03,-187500.03,-187500.03,-187500.03,-187500.03,-187500.03,-187500.03,-187500.03,-139962.72,-178208.72,-187500.03,-138310.67,-187500.03,-187500.03,-187500.03
4836.7837,-187500.03,-187500.03,-187500.03,-187500.03,-187500.03,-187500.03,-187500.03,-187500.03,-187500.03,-131225.61,-171433.78,-187500.03,-131849.66,-187500.03,-187500.03,-180854.14
4836.806,-187500.03,-187500.03,-187500.03,-187500.03,-187500.03,-187500.03,-187500.03,-187500.03,-187500.03,-131107.55,-171857.7,-187500.03,-130874.914,-187500.03,-187500.03,-179810.94
4836.8286,-187500.03,-187500.03,-187500.03,-187500.03,-187500.03,-187500.03,-187500.03,-187500.03,-187500.03,-140014.17,-178941.66,-187500.03,-137250.2,-187500.03,-187500.03,-187500.03
4836.8506,-187500.03,-187500.03,-187500.03,-187500.03,-187500.03,-187500.03,-187500.03,-187500.03,-187500.03,-141247.61,-179280.81,-187500.03,-139113.22,-187500.03,-187500.03,-187500.03
4836.873,-187500.03,-187500.03,-187500.03,-187500.03,-187500.03,-187500.03,-187500.03,-187500.03,-187500.03,-132262.36,-172186.1,-187500.03,-132719.95,-187500.03,-187500.03,-181961.58
4836.8955,-187500.03,-187500.03,-187500.03,-187500.03,-187500.03,-187500.03,-187500.03,-187500.03,-187500.03,-130351.336,-171172.75,-187500.03,-130448.18,-187500.03,-187500.03,-179221.89
4836.918,-187500.03,-187500.03,-187500.03,-187500.03,-187500.03,-187500.03,-187500.03,-187500.03,-187500.03,-138494.7,-177805.45,-187500.03,-136065.2,-187500.03,-187500.03,-186620.19
4836.9404,-187500.03,-187500.03,-187500.03,-187500.03,-187500.03,-187500.03,-187500.03,-187500.03,-187500.03,-142203.7,-180118.97,-187500.03,-139645.52,-187500.03,-187500.03,-187500.03
4836.9624,-187500.03,-187500.03,-187500.03,-187500.03,-187500.03,-187500.03,-187500.03,-187500.03,-187500.03,-133557.69,-173154.14,-187500.03,-133746.12,-187500.03,-187500.03,-183283.34
4836.985,-187500.03,-187500.03,-187500.03,-187500.03,-187500.03,-187500.03,-187500.03,-187500.03,-187500.03,-129906.234,-170727.95,-187500.03,-130265.38,-187500.03,-187500.03,-178947.86
4837.0073,-187500.03,-187500.03,-187500.03,-187500.03,-187500.03,-187500.03,-187500.03,-187500.03,-187500.03,-136843.55,-176534.5,-187500.03,-134823.16,-187500.03,-187500.03,-185008.98
4837.03,-187500.03,-187500.03,-187500.03,-187500.03,-187500.03,-187500.03,-187500.03,-187500.03,-187500.03,-142725.44,-180632.78,-187500.03,-139845.06,-187500.03,-187500.03,-187500.03
4837.052,-187500.03,-187500.03,-187500.03,-187500.03,-187500.03,-187500.03,-187500.03,-187500.03,-187500.03,-135051.78,-174295.53,-187500.03,-134877.97,-187500.03,-187500.03,-184751.94
4837.074,-187500.03,-187500.03,-187500.03,-187500.03,-187500.03,-187500.03,-187500.03,-187500.03,-187500.03,-129774.26,-170530.47,-187500.03,-130322.86,-187500.03,-187500.03,-178976.86
4837.0967,-187500.03,-187500.03,-187500.03,-187500.03,-187500.03,-187500.03,-187500.03,-187500.03,-187500.03,-135194.23,-175234.03,-187500.03,-133623.02,-187500.03,-187500.03,-183438.98
4837.119,-187500.03,-187500.03,-187500.03,-187500.03,-187500.03,-187500.03,-187500.03,-187500.03,-187500.03,-142766.75,-180777.45,-187500.03,-139692.5,-187500.03,-187500.03,-187500.03
4837.1416,-187500.03,-187500.03,-187500.03,-187500.03,-187500.03,-187500.03,-187500.03,-187500.03,-187500.03,-136671.17,-175554.61,-187500.03,-136057.69,-187500.03,-187500.03,-186299.48
4837.1636,-187500.03,-187500.03,-187500.03,-187500.03,-187500.03,-187500.03,-187500.03,-187500.03,-187500.03,-129949.11,-170577.89,-187500.03,-130608.125,-187500.03,-187500.03,-179305.27
4837.186,-187500.03,-187500.03,-187500.03,-187500.03,-187500.03,-187500.03,-187500.03,-187500.03,-187500.03,-133654.98,-173990.16,-187500.03,-132541.77,-187500.03,-187500.03,-182019.58
4837.2085,-187500.03,-187500.03,-187500.03,-187500.03,-187500.03,-187500.03,-187500.03,-187500.03,-187500.03,-142323.14,-180543.62,-187500.03,-139200.12,-187500.03,-187500.03,-187500.03
4837.231,-187500.03,-187500.03,-187500.03,-187500.03,-187500.03,-187500.03,-187500.03,-187500.03,-187500.03,-138310.48,-176853.11,-187500.03,-137204.89,-187500.03,-187500.03,-187500.03
4837.253,-187500.03,-187500.03,-187500.03,-187500.03,-187500.03,-187500.03,-187500.03,-187500.03,-187500.03,-130418.44,-170863.94,-187500.03,-131103.58,-187500.03,-187500.03,-179910.11
4837.2754,-187500.03,-187500.03,-187500.03,-187500.03,-187500.03,-187500.03,-187500.03,-187500.03,-187500.03,-132308.9,-172872.16,-187500.03,-131632.94,-187500.03,-187500.03,-180819.25
4837.298,-187500.03,-187500.03,-187500.03,-187500.03,-187500.03,-187500.03,-187500.03,-187500.03,-187500.03,-141432.33,-179948.45,-187500.03,-138401.31,-187500.03,-187500.03,-187500.03
4837.3203,-187500.03,-187500.03,-187500.03,-187500.03,-187500.03,-187500.03,-187500.03,-187500.03,-187500.03,-139864.9,-178114.1,-187500.03,-138244.81,-187500.03,-187500.03,-187500.03
4837.343,-187500.03,-187500.03,-187500.03,-187500.03,-187500.03,-187500.03,-187500.03,-187500.03,-187500.03,-131176.16,-171390.64,-187500.03,-131796.48,-187500.03,-187500.03,-180785.36
4837.3647,-187500.03,-187500.03,-187500.03,-187500.03,-187500.03,-187500.03,-187500.03,-187500.03,-187500.03,-131222.34,-171944.08,-187500.03,-130943.34,-187500.03,-187500.03,-179900.12
4837.387,-187500.03,-187500.03,-187500.03,-187500.03,-187500.03,-187500.03,-187500.03,-187500.03,-187500.03,-140172.97,-179048.5,-187500.03,-137369.48,-187500.03,-187500.03,-187500.03
4837.4097,-187500.03,-187500.03,-187500.03,-187500.03,-187500.03,-187500.03,-187500.03,-187500.03,-187500.03,-141198.36,-179226.94,-187500.03,-139087.03,-187500.03,-187500.03,-187500.03
4837.432,-187500.03,-187500.03,-187500.03,-187500.03,-187500.03,-187500.03,-187500.03,-187500.03,-187500.03,-132206.89,-172138.9,-187500.03,-132668.14,-187500.03,-187500.03,-181896.9
4837.454,-187500.03,-187500.03,-187500.03,-187500.03,-187500.03,-187500.03,-187500.03,-187500.03,-187500.03,-130440.3,-171242.4,-187500.03,-130497.02,-187500.03,-187500.03,-179293.42
4837.4766,-187500.03,-187500.03,-187500.03,-187500.03,-187500.03,-187500.03,-187500.03,-187500.03,-187500.03,-138658.84,-177921.42,-187500.03,-136182.5,-187500.03,-187500.03,-186777.19
4837.499,-187500.03,-187500.03,-187500.03,-187500.03,-187500.03,-187500.03,-187500.03,-187500.03,-187500.03,-142185.95,-180089.27,-187500.03,-139640.31,-187500.03,-187500.03,-187500.03
4837.5215,-187500.03,-187500.03,-187500.03,-187500.03,-187500.03,-187500.03,-187500.03,-187500.03,-187500.03,-133487.6,-173093.94,-187500.03,-133685.55,-187500.03,-187500.03,-183209.39
4837.544,-187500.03,-187500.03,-187500.03,-187500.03,-187500.03,-187500.03,-187500.03,-187500.03,-187500.03,-129976.69,-170782.8,-187500.03,-130301.46,-187500.03,-187500.03,-179001.14
4837.566,-187500.03,-187500.03,-187500.03,-187500.03,-187500.03,-187500.03,-187500.03,-187500.03,-187500.03,-137033.7,-176675.28,-187500.03,-134960.38,-187500.03,-187500.03,-185188.77
4837.5884,-187500.03,-187500.03,-187500.03,-187500.03,-187500.03,-187500.03,-187500.03,-187500.03,-187500.03,-142749.97,-180635.33,-187500.03,-139874.16,-187500.03,-187500.03,-187500.03
4837.611,-187500.03,-187500.03,-187500.03,-187500.03,-187500.03,-187500.03,-187500.03,-187500.03,-187500.03,-134961.36,-174217.6,-187500.03,-134805.05,-187500.03,-187500.03,-184663.88
4837.6333,-187500.03,-187500.03,-187500.03,-187500.03,-187500.03,-187500.03,-187500.03,-187500.03,-187500.03,-129817.086,-170561.45,-187500.03,-130334.32,-187500.03,-187500.03,-179004.8
4837.6553,-187500.03,-187500.03,-187500.03,-187500.03,-187500.03,-187500.03,-187500.03,-187500.03,-187500.03,-135383.73,-175374.22,-187500.03,-133755.75,-187500.03,-187500.03,-183616.06
4837.6777,-187500.03,-187500.03,-187500.03,-187500.03,-187500.03,-187500.03,-187500.03,-187500.03,-187500.03,-142829.19,-180807.78,-187500.03,-139751.02,-187500.03,-187500.03,-187500.03
4837.7,-187500.03,-187500.03,-187500.03,-187500.03,-187500.03,-187500.03,-187500.03,-187500.03,-187500.03,-136571.11,-175466.56,-187500.03,-135982.98,-187500.03,-187500.03,-186197.45
4837.7227,-187500.03,-187500.03,-187500.03,-187500.03,-187500.03,-187500.03,-187500.03,-187500.03,-187500.03,-129970.95,-170590.89,-187500.03,-130604.59,-187500.03,-187500.03,-179303.44
4837.7446,-187500.03,-187500.03,-187500.03,-187500.03,-187500.03,-187500.03,-187500.03,-187500.03,-187500.03,-133834.9,-174122.03,-187500.03,-132661.92,-187500.03,-187500.03,-182174.02
4837.767,-187500.03,-187500.03,-187500.03,-187500.03,-187500.03,-187500.03,-187500.03,-187500.03,-187500.03,-142433.11,-180606.72,-187500.03,-139288.97,-187500.03,-187500.03,-187500.03
4837.7896,-187500.03,-187500.03,-187500.03,-187500.03,-187500.03,-187500.03,-187500.03,-187500.03,-187500.03,-138222.38,-176770.39,-187500.03,-137142.12,-187500.03,-187500.03,-187500.03
4837.812,-187500.03,-187500.03,-187500.03,-187500.03,-187500.03,-187500.03,-187500.03,-187500.03,-187500.03,-130416.75,-170860.38,-187500.03,-131084.92,-187500.03,-187500.03,-179885.08
4837.8345,-187500.03,-187500.03,-187500.03,-187500.03,-187500.03,-187500.03,-187500.03,-187500.03,-187500.03,-132469.25,-172997.03,-187500.03,-131739.92,-187500.03,-187500.03,-180952.58
4837.8564,-187500.03,-187500.03,-187500.03,-187500.03,-187500.03,-187500.03,-187500.03,-187500.03,-187500.03,-141577.23,-180046.03,-187500.03,-138517.6,-187500.03,-187500.03,-187500.03
4837.879,-187500.03,-187500.03,-187500.03,-187500.03,-187500.03,-187500.03,-187500.03,-187500.03,-187500.03,-139785.89,-178039.14,-187500.03,-138194.61,-187500.03,-187500.03,-187500.03
4837.9014,-187500.03,-187500.03,-187500.03,-187500.03,-187500.03,-187500.03,-187500.03,-187500.03,-187500.03,-131148.28,-171364.4,-187500.03,-131762.12,-187500.03,-187500.03,-180731.78
4837.924,-187500.03,-187500.03,-187500.03,-187500.03,-187500.03,-187500.03,-187500.03,-187500.03,-187500.03,-131363.44,-172051.75,-187500.03,-131033.016,-187500.03,-187500.03,-180008.98
4837.946,-187500.03,-187500.03,-187500.03,-187500.03,-187500.03,-187500.03,-187500.03,-187500.03,-187500.03,-140346.02,-179167.75,-187500.03,-137500.2,-187500.03,-187500.03,-187500.03
4837.9683,-187500.03,-187500.03,-187500.03,-187500.03,-187500.03,-187500.03,-187500.03,-187500.03,-187500.03,-141133.81,-179161.62,-187500.03,-139047.88,-187500.03,-187500.03,-187500.03
4837.9907,-187500.03,-187500.03,-187500.03,-187500.03,-187500.03,-187500.03,-187500.03,-187500.03,-187500.03,-132151.56,-172093.8,-187500.03,-132614.19,-187500.03,-187500.03,-181822.12
4838.013,-187500.03,-187500.03,-187500.03,-187500.03,-187500.03,-187500.03,-187500.03,-187500.03,-187500.03,-130548.266,-171326.86,-187500.03,-130562.88,-187500.03,-187500.03,-179373.0
4838.0356,-187500.03,-187500.03,-187500.03,-187500.03,-187500.03,-187500.03,-187500.03,-187500.03,-187500.03,-138850.42,-178058.31,-187500.03,-136328.25,-187500.03,-187500.03,-186953.5
4838.0576,-187500.03,-187500.03,-187500.03,-187500.03,-187500.03,-187500.03,-187500.03,-187500.03,-187500.03,-142159.52,-180051.48,-187500.03,-139636.62,-187500.03,-187500.03,-187500.03
4838.08,-187500.03,-187500.03,-187500.03,-187500.03,-187500.03,-187500.03,-187500.03,-187500.03,-187500.03,-133410.55,-173031.1,-187500.03,-133622.44,-187500.03,-187500.03,-183117.39
4838.1025,-187500.03,-187500.03,-187500.03,-187500.03,-187500.03,-187500.03,-187500.03,-187500.03,-187500.03,-130050.93,-170843.02,-187500.03,-130340.58,-187500.03,-187500.03,-179046.84
4838.125,-187500.03,-187500.03,-187500.03,-187500.03,-187500.03,-187500.03,-187500.03,-187500.03,-187500.03,-137220.7,-176813.94,-187500.03,-135096.61,-187500.03,-187500.03,-185356.23
4838.147,-187500.03,-187500.03,-187500.03,-187500.03,-187500.03,-187500.03,-187500.03,-187500.03,-187500.03,-142767.36,-180634.42,-187500.03,-139903.53,-187500.03,-187500.03,-187500.03
4838.1694,-187500.03,-187500.03,-187500.03,-187500.03,-187500.03,-187500.03,-187500.03,-187500.03,-187500.03,-134881.73,-174151.62,-187500.03,-134747.39,-187500.03,-187500.03,-184573.25
4838.192,-187500.03,-187500.03,-187500.03,-187500.03,-187500.03,-187500.03,-187500.03,-187500.03,-187500.03,-129864.35,-170600.52,-187500.03,-130357.66,-187500.03,-187500.03,-179024.12
4838.2144,-187500.03,-187500.03,-187500.03,-187500.03,-187500.03,-187500.03,-187500.03,-187500.03,-187500.03,-135571.33,-175517.86,-187500.03,-133892.12,-187500.03,-187500.03,-183780.27
4838.237,-187500.03,-187500.03,-187500.03,-187500.03,-187500.03,-187500.03,-187500.03,-187500.03,-187500.03,-142894.95,-180845.2,-187500.03,-139815.39,-187500.03,-187500.03,-187500.03
4838.259,-187500.03,-187500.03,-187500.03,-187500.03,-187500.03,-187500.03,-187500.03,-187500.03,-187500.03,-136488.38,-175399.3,-187500.03,-135925.69,-187500.03,-187500.03,-186114.19
4838.2812,-187500.03,-187500.03,-187500.03,-187500.03,-187500.03,-187500.03,-187500.03,-187500.03,-187500.03,-129990.664,-170613.06,-187500.03,-130607.14,-187500.03,-187500.03,-179307.62
4838.3037,-187500.03,-187500.03,-187500.03,-187500.03,-187500.03,-187500.03,-187500.03,-187500.03,-187500.03,-134008.58,-174264.94,-187500.03,-132786.34,-187500.03,-187500.03,-182335.81
4838.326,-187500.03,-187500.03,-187500.03,-187500.03,-187500.03,-187500.03,-187500.03,-187500.03,-187500.03,-142531.36,-180677.08,-187500.03,-139375.81,-187500.03,-187500.03,-187500.03
4838.348,-187500.03,-187500.03,-187500.03,-187500.03,-187500.03,-187500.03,-187500.03,-187500.03,-187500.03,-138136.05,-176702.89,-187500.03,-137086.88,-187500.03,-187500.03,-187500.03
4838.3706,-187500.03,-187500.03,-187500.03,-187500.03,-187500.03,-187500.03,-187500.03,-187500.03,-187500.03,-130412.86,-170863.31,-187500.03,-131071.555,-187500.03,-187500.03,-179870.17
4838.393,-187500.03,-187500.03,-187500.03,-187500.03,-187500.03,-187500.03,-187500.03,-187500.03,-187500.03,-132630.94,-173127.7,-187500.03,-131851.6,-187500.03,-187500.03,-181099.36
4838.4155,-187500.03,-187500.03,-187500.03,-187500.03,-187500.03,-187500.03,-187500.03,-187500.03,-187500.03,-141717.77,-180144.42,-187500.03,-138633.06,-187500.03,-187500.03,-187500.03
4838.438,-187500.03,-187500.03,-187500.03,-187500.03,-187500.03,-187500.03,-187500.03,-187500.03,-187500.03,-139699.7,-177964.2,-187500.03,-138141.5,-187500.03,-187500.03,-187500.03
4838.46,-187500.03,-187500.03,-187500.03,-187500.03,-187500.03,-187500.03,-187500.03,-187500.03,-187500.03,-131118.05,-171344.16,-187500.03,-131727.4,-187500.03,-187500.03,-180692.64
4838.4824,-187500.03,-187500.03,-187500.03,-187500.03,-187500.03,-187500.03,-187500.03,-187500.03,-187500.03,-131494.69,-172159.42,-187500.03,-131118.38,-187500.03,-187500.03,-180123.78
4838.505,-187500.03,-187500.03,-187500.03,-187500.03,-187500.03,-187500.03,-187500.03,-187500.03,-187500.03,-140516.52,-179291.7,-187500.03,-137634.56,-187500.03,-187500.03,-187500.03
4838.5273,-187500.03,-187500.03,-187500.03,-187500.03,-187500.03,-187500.03,-187500.03,-187500.03,-187500.03,-141072.28,-179104.17,-187500.03,-139017.83,-187500.03,-187500.03,-187500.03
4838.5493,-187500.03,-187500.03,-187500.03,-187500.03,-187500.03,-187500.03,-187500.03,-187500.03,-187500.03,-132097.86,-172052.2,-187500.03,-132566.12,-187500.03,-187500.03,-181754.48
4838.572,-187500.03,-187500.03,-187500.03,-187500.03,-187500.03,-187500.03,-187500.03,-187500.03,-187500.03,-130652.3,-171410.64,-187500.03,-130626.63,-187500.03,-187500.03,-179450.2
4838.594,-187500.03,-187500.03,-187500.03,-187500.03,-187500.03,-187500.03,-187500.03,-187500.03,-187500.03,-139040.94,-178196.31,-187500.03,-136471.52,-187500.03,-187500.03,-187129.1
4838.6167,-187500.03,-187500.03,-187500.03,-187500.03,-187500.03,-187500.03,-187500.03,-187500.03,-187500.03,-142126.5,-180011.12,-187500.03,-139625.89,-187500.03,-187500.03,-187500.03
4838.639,-187500.03,-187500.03,-187500.03,-187500.03,-187500.03,-187500.03,-187500.03,-187500.03,-187500.03,-133334.72,-172969.78,-187500.03,-133558.47,-187500.03,-187500.03,-183028.62
4838.661,-187500.03,-187500.03,-187500.03,-187500.03,-187500.03,-187500.03,-187500.03,-187500.03,-187500.03,-130123.836,-170902.89,-187500.03,-130377.766,-187500.03,-187500.03,-179090.92
4838.6836,-187500.03,-187500.03,-187500.03,-187500.03,-187500.03,-187500.03,-187500.03,-187500.03,-187500.03,-137408.83,-176955.23,-187500.03,-135233.33,-187500.03,-187500.03,-185525.31
4838.706,-187500.03,-187500.03,-187500.03,-187500.03,-187500.03,-187500.03,-187500.03,-187500.03,-187500.03,-142766.56,-180620.8,-187500.03,-139917.25,-187500.03,-187500.03,-187500.03
4838.7285,-187500.03,-187500.03,-187500.03,-187500.03,-187500.03,-187500.03,-187500.03,-187500.03,-187500.03,-134780.56,-174072.89,-187500.03,-134668.98,-187500.03,-187500.03,-184463.86
4838.7505,-187500.03,-187500.03,-187500.03,-187500.03,-187500.03,-187500.03,-187500.03,-187500.03,-187500.03,-129902.88,-170637.27,-187500.03,-130370.11,-187500.03,-187500.03,-179038.97
4838.773,-187500.03,-187500.03,-187500.03,-187500.03,-187500.03,-187500.03,-187500.03,-187500.03,-187500.03,-135743.31,-175652.5,-187500.03,-134013.27,-187500.03,-187500.03,-183936.95
4838.7954,-187500.03,-187500.03,-187500.03,-187500.03,-187500.03,-187500.03,-187500.03,-187500.03,-187500.03,-142931.14,-180864.27,-187500.03,-139855.22,-187500.03,-187500.03,-187500.03
4838.818,-187500.03,-187500.03,-187500.03,-187500.03,-187500.03,-187500.03,-187500.03,-187500.03,-187500.03,-136372.33,-175309.58,-187500.03,-135840.52,-187500.03,-187500.03,-185999.84
4838.8403,-187500.03,-187500.03,-187500.03,-187500.03,-187500.03,-187500.03,-187500.03,-187500.03,-187500.03,-129998.85,-170626.98,-187500.03,-130598.27,-187500.03,-187500.03,-179295.03
4838.8623,-187500.03,-187500.03,-187500.03,-187500.03,-187500.03,-187500.03,-187500.03,-187500.03,-187500.03,-134166.02,-174390.7,-187500.03,-132896.62,-187500.03,-187500.03,-182473.22
4838.885,-187500.03,-187500.03,-187500.03,-187500.03,-187500.03,-187500.03,-187500.03,-187500.03,-187500.03,-142605.34,-180724.19,-187500.03,-139444.94,-187500.03,-187500.03,-187500.03
4838.907,-187500.03,-187500.03,-187500.03,-187500.03,-187500.03,-187500.03,-187500.03,-187500.03,-187500.03,-137999.12,-176593.28,-187500.03,-136990.05,-187500.03,-187500.03,-187500.03
4838.9297,-187500.03,-187500.03,-187500.03,-187500.03,-187500.03,-187500.03,-187500.03,-187500.03,-187500.03,-130385.19,-170849.25,-187500.03,-131031.6,-187500.03,-187500.03,-179819.94
4838.9517,-187500.03,-187500.03,-187500.03,-187500.03,-187500.03,-187500.03,-187500.03,-187500.03,-187500.03,-132782.64,-173252.86,-187500.03,-131948.73,-187500.03,-187500.03,-181227.3
4838.974,-187500.03,-187500.03,-187500.03,-187500.03,-187500.03,-187500.03,-187500.03,-187500.03,-187500.03,-141839.19,-180227.73,-187500.03,-138730.89,-187500.03,-187500.03,-187500.03
4838.9966,-187500.03,-187500.03,-187500.03,-187500.03,-187500.03,-187500.03,-187500.03,-187500.03,-187500.03,-139552.66,-177841.89,-187500.03,-138041.42,-187500.03,-187500.03,-187500.03
4839.019,-187500.03,-187500.03,-187500.03,-187500.03,-187500.03,-187500.03,-187500.03,-187500.03,-187500.03,-131048.84,-171293.88,-187500.03,-131659.4,-187500.03,-187500.03,-180599.38
4839.0415,-187500.03,-187500.03,-187500.03,-187500.03,-187500.03,-187500.03,-187500.03,-187500.03,-187500.03,-131623.86,-172266.16,-187500.03,-131198.88,-187500.03,-187500.03,-180222.34
4839.0635,-187500.03,-187500.03,-187500.03,-187500.03,-187500.03,-187500.03,-187500.03,-187500.03,-187500.03,-140683.77,-179411.78,-187500.03,-137765.52,-187500.03,-187500.03,-187500.03
4839.086,-187500.03,-187500.03,-187500.03,-187500.03,-187500.03,-187500.03,-187500.03,-187500.03,-187500.03,-140951.14,-178997.11,-187500.03,-138938.84,-187500.03,-187500.03,-187500.03
4839.1084,-187500.03,-187500.03,-187500.03,-187500.03,-187500.03,-187500.03,-187500.03,-187500.03,-187500.03,-131994.83,-171974.38,-187500.03,-132472.27,-187500.03,-187500.03,-181633.16
4839.131,-187500.03,-187500.03,-187500.03,-187500.03,-187500.03,-187500.03,-187500.03,-187500.03,-187500.03,-130741.43,-171488.22,-187500.03,-130672.32,-187500.03,-187500.03,-179512.1
4839.153,-187500.03,-187500.03,-187500.03,-187500.03,-187500.03,-187500.03,-187500.03,-187500.03,-187500.03,-139220.16,-178332.55,-187500.03,-136607.19,-187500.03,-187500.03,-187302.17
4839.1753,-187500.03,-187500.03,-187500.03,-187500.03,-187500.03,-187500.03,-187500.03,-187500.03,-187500.03,-142041.11,-179936.16,-187500.03,-139581.98,-187500.03,-187500.03,-187500.03
4839.1978,-187500.03,-187500.03,-187500.03,-187500.03,-187500.03,-187500.03,-187500.03,-187500.03,-187500.03,-133198.42,-172868.17,-187500.03,-133451.77,-187500.03,-187500.03,-182887.8
4839.22,-187500.03,-187500.03,-187500.03,-187500.03,-187500.03,-187500.03,-187500.03,-187500.03,-187500.03,-130172.92,-170948.89,-187500.03,-130397.78,-187500.03,-187500.03,-179119.28
4839.2427,-187500.03,-187500.03,-187500.03,-187500.03,-187500.03,-187500.03,-187500.03,-187500.03,-187500.03,-137586.19,-177088.55,-187500.03,-135363.31,-187500.03,-187500.03,-185693.66
4839.2646,-187500.03,-187500.03,-187500.03,-187500.03,-187500.03,-187500.03,-187500.03,-187500.03,-187500.03,-142738.39,-180583.73,-187500.03,-139911.19,-187500.03,-187500.03,-187500.03
4839.287,-187500.03,-187500.03,-187500.03,-187500.03,-187500.03,-187500.03,-187500.03,-187500.03,-187500.03,-134639.58,-173961.28,-187500.03,-134559.1,-187500.03,-187500.03,-184326.9
4839.3096,-187500.03,-187500.03,-187500.03,-187500.03,-187500.03,-187500.03,-187500.03,-187500.03,-187500.03,-129920.84,-170658.75,-187500.03,-130363.555,-187500.03,-187500.03,-179042.0
4839.332,-187500.03,-187500.03,-187500.03,-187500.03,-187500.03,-187500.03,-187500.03,-187500.03,-187500.03,-135910.86,-175784.92,-187500.03,-134131.16,-187500.03,-187500.03,-184094.4
4839.354,-187500.03,-187500.03,-187500.03,-187500.03,-187500.03,-187500.03,-187500.03,-187500.03,-187500.03,-142949.16,-180866.55,-187500.03,-139883.19,-187500.03,-187500.03,-187500.03
4839.3765,-187500.03,-187500.03,-187500.03,-187500.03,-187500.03,-187500.03,-187500.03,-187500.03,-187500.03,-136220.92,-175188.64,-187500.03,-135729.25,-187500.03,-187500.03,-185850.83
4839.399,-187500.03,-187500.03,-187500.03,-187500.03,-187500.03,-187500.03,-187500.03,-187500.03,-187500.03,-129981.12,-170617.27,-187500.03,-130567.266,-187500.03,-187500.03,-179258.56
4839.4214,-187500.03,-187500.03,-187500.03,-187500.03,-187500.03,-187500.03,-187500.03,-187500.03,-187500.03,-134314.92,-174506.31,-187500.03,-132995.61,-187500.03,-187500.03,-182604.9
4839.4434,-187500.03,-187500.03,-187500.03,-187500.03,-187500.03,-187500.03,-187500.03,-187500.03,-187500.03,-142671.73,-180761.97,-187500.03,-139504.12,-187500.03,-187500.03,-187500.03
4839.466,-187500.03,-187500.03,-187500.03,-187500.03,-187500.03,-187500.03,-187500.03,-187500.03,-187500.03,-137866.55,-176482.98,-187500.03,-136895.45,-187500.03,-187500.03,-187386.72
4839.4883,-187500.03,-187500.03,-187500.03,-187500.03,-187500.03,-187500.03,-187500.03,-187500.03,-187500.03,-130342.84,-170816.89,-187500.03,-130984.16,-187500.03,-187500.03,-179758.34
4839.5107,-187500.03,-187500.03,-187500.03,-187500.03,-187500.03,-187500.03,-187500.03,-187500.03,-187500.03,-132884.72,-173331.05,-187500.03,-132012.03,-187500.03,-187500.03,-181305.69
4839.533,-187500.03,-187500.03,-187500.03,-187500.03,-187500.03,-187500.03,-187500.03,-187500.03,-187500.03,-141922.64,-180280.78,-187500.03,-138799.22,-187500.03,-187500.03,-187500.03
4839.555,-187500.03,-187500.03,-187500.03,-187500.03,-187500.03,-187500.03,-187500.03,-187500.03,-187500.03,-139456.64,-177758.16,-187500.03,-137976.94,-187500.03,-187500.03,-187500.03
4839.5776,-187500.03,-187500.03,-187500.03,-187500.03,-187500.03,-187500.03,-187500.03,-187500.03,-187500.03,-130993.14,-171249.44,-187500.03,-131604.78,-187500.03,-187500.03,-180526.39
4839.6,-187500.03,-187500.03,-187500.03,-187500.03,-187500.03,-187500.03,-187500.03,-187500.03,-187500.03,-131692.31,-172318.95,-187500.03,-131233.95,-187500.03,-187500.03,-180269.97
4839.6226,-187500.03,-187500.03,-187500.03,-187500.03,-187500.03,-187500.03,-187500.03,-187500.03,-187500.03,-140774.67,-179469.78,-187500.03,-137831.08,-187500.03,-187500.03,-187500.03
4839.6445,-187500.03,-187500.03,-187500.03,-187500.03,-187500.03,-187500.03,-187500.03,-187500.03,-187500.03,-140867.81,-178917.95,-187500.03,-138882.4,-187500.03,-187500.03,-187500.03
4839.667,-187500.03,-187500.03,-187500.03,-187500.03,-187500.03,-187500.03,-187500.03,-187500.03,-187500.03,-131914.12,-171904.42,-187500.03,-132401.27,-187500.03,-187500.03,-181543.64
4839.6895,-187500.03,-187500.03,-187500.03,-187500.03,-187500.03,-187500.03,-187500.03,-187500.03,-187500.03,-130787.016,-171520.23,-187500.03,-130690.42,-187500.03,-187500.03,-179541.22
4839.712,-187500.03,-187500.03,-187500.03,-187500.03,-187500.03,-187500.03,-187500.03,-187500.03,-187500.03,-139322.94,-178398.86,-187500.03,-136679.52,-187500.03,-187500.03,-187398.39
4839.7344,-187500.03,-187500.03,-187500.03,-187500.03,-187500.03,-187500.03,-187500.03,-187500.03,-187500.03,-141976.97,-179868.98,-187500.03,-139537.05,-187500.03,-187500.03,-187500.03
4839.7563,-187500.03,-187500.03,-187500.03,-187500.03,-187500.03,-187500.03,-187500.03,-187500.03,-187500.03,-133100.64,-172783.61,-187500.03,-133363.16,-187500.03,-187500.03,-182783.61
4839.779,-187500.03,-187500.03,-187500.03,-187500.03,-187500.03,-187500.03,-187500.03,-187500.03,-187500.03,-130195.86,-170963.86,-187500.03,-130393.016,-187500.03,-187500.03,-179128.52
4839.8013,-187500.03,-187500.03,-187500.03,-187500.03,-187500.03,-187500.03,-187500.03,-187500.03,-187500.03,-137701.55,-177166.66,-187500.03,-135439.77,-187500.03,-187500.03,-185806.17
4839.8237,-187500.03,-187500.03,-187500.03,-187500.03,-187500.03,-187500.03,-187500.03,-187500.03,-187500.03,-142691.23,-180529.5,-187500.03,-139882.12,-187500.03,-187500.03,-187500.03
4839.8457,-187500.03,-187500.03,-187500.03,-187500.03,-187500.03,-187500.03,-187500.03,-187500.03,-187500.03,-134506.81,-173851.3,-187500.03,-134451.38,-187500.03,-187500.03,-184196.53
4839.868,-187500.03,-187500.03,-187500.03,-187500.03,-187500.03,-187500.03,-187500.03,-187500.03,-187500.03,-129915.05,-170653.05,-187500.03,-130339.625,-187500.03,-187500.03,-179022.03
4839.8906,-187500.03,-187500.03,-187500.03,-187500.03,-187500.03,-187500.03,-187500.03,-187500.03,-187500.03,-136031.28,-175870.48,-187500.03,-134209.2,-187500.03,-187500.03,-184207.98
4839.913,-187500.03,-187500.03,-187500.03,-187500.03,-187500.03,-187500.03,-187500.03,-187500.03,-187500.03,-142937.55,-180838.67,-187500.03,-139878.77,-187500.03,-187500.03,-187500.03
4839.9355,-187500.03,-187500.03,-187500.03,-187500.03,-187500.03,-187500.03,-187500.03,-187500.03,-187500.03,-136079.7,-175070.22,-187500.03,-135614.78,-187500.03,-187500.03,-185719.11
4839.9575,-187500.03,-187500.03,-187500.03,-187500.03,-187500.03,-187500.03,-187500.03,-187500.03,-187500.03,-129952.71,-170595.73,-187500.03,-130520.36,-187500.03,-187500.03,-179221.58
4839.98,-187500.03,-187500.03,-187500.03,-187500.03,-187500.03,-187500.03,-187500.03,-187500.03,-187500.03,-134426.66,-174591.56,-187500.03,-133059.53,-187500.03,-187500.03,-182710.78
4840.0024,-187500.03,-187500.03,-187500.03,-187500.03,-187500.03,-187500.03,-187500.03,-187500.03,-187500.03,-142692.36,-180763.8,-187500.03,-139520.92,-187500.03,-187500.03,-187500.03
4840.025,-187500.03,-187500.03,-187500.03,-187500.03,-187500.03,-187500.03,-187500.03,-187500.03,-187500.03,-137720.62,-176362.75,-187500.03,-136784.17,-187500.03,-187500.03,-187255.33
4840.047,-187500.03,-187500.03,-187500.03,-187500.03,-187500.03,-187500.03,-187500.03,-187500.03,-187500.03,-130291.805,-170778.61,-187500.03,-130927.25,-187500.03,-187500.03,-179700.48
4840.0693,-187500.03,-187500.03,-187500.03,-187500.03,-187500.03,-187500.03,-187500.03,-187500.03,-187500.03,-132984.83,-173409.9,-187500.03,-132072.47,-187500.03,-187500.03,-181398.67
4840.092,-187500.03,-187500.03,-187500.03,-187500.03,-187500.03,-187500.03,-187500.03,-187500.03,-187500.03,-141984.25,-180315.16,-187500.03,-138847.02,-187500.03,-187500.03,-187500.03
4840.1143,-187500.03,-187500.03,-187500.03,-187500.03,-187500.03,-187500.03,-187500.03,-187500.03,-187500.03,-139319.81,-177644.0,-187500.03,-137873.25,-187500.03,-187500.03,-187500.03
4840.1367,-187500.03,-187500.03,-187500.03,-187500.03,-187500.03,-187500.03,-187500.03,-187500.03,-187500.03,-130923.33,-171198.19,-187500.03,-131530.44,-187500.03,-187500.03,-180448.88
4840.1587,-187500.03,-187500.03,-187500.03,-187500.03,-187500.03,-187500.03,-187500.03,-187500.03,-187500.03,-131776.9,-172390.84,-187500.03,-131277.2,-187500.03,-187500.03,-180340.86
4840.181,-187500.03,-187500.03,-187500.03,-187500.03,-187500.03,-187500.03,-187500.03,-187500.03,-187500.03,-140868.86,-179535.8,-187500.03,-137900.92,-187500.03,-187500.03,-187500.03
4840.2036,-187500.03,-187500.03,-187500.03,-187500.03,-187500.03,-187500.03,-187500.03,-187500.03,-187500.03,-140753.8,-178823.81,-187500.03,-138802.77,-187500.03,-187500.03,-187500.03
4840.226,-187500.03,-187500.03,-187500.03,-187500.03,-187500.03,-187500.03,-187500.03,-187500.03,-187500.03,-131829.6,-171843.94,-187500.03,-132323.66,-187500.03,-187500.03,-181445.25
4840.248,-187500.03,-187500.03,-187500.03,-187500.03,-187500.03,-187500.03,-187500.03,-187500.03,-187500.03,-130853.31,-171579.06,-187500.03,-130721.7,-187500.03,-187500.03,-179584.78
4840.2705,-187500.03,-187500.03,-187500.03,-187500.03,-187500.03,-187500.03,-187500.03,-187500.03,-187500.03,-139450.28,-178491.84,-187500.03,-136771.03,-187500.03,-187500.03,-187500.03
4840.293,-187500.03,-187500.03,-187500.03,-187500.03,-187500.03,-187500.03,-187500.03,-187500.03,-187500.03,-141895.08,-179795.92,-187500.03,-139484.5,-187500.03,-187500.03,-187500.03
4840.3154,-187500.03,-187500.03,-187500.03,-187500.03,-187500.03,-187500.03,-187500.03,-187500.03,-187500.03,-132994.48,-172703.8,-187500.03,-133272.94,-187500.03,-187500.03,-182663.98
4840.338,-187500.03,-187500.03,-187500.03,-187500.03,-187500.03,-187500.03,-187500.03,-187500.03,-187500.03,-130237.3,-171003.64,-187500.03,-130405.8,-187500.03,-187500.03,-179143.08
4840.36,-187500.03,-187500.03,-187500.03,-187500.03,-187500.03,-187500.03,-187500.03,-187500.03,-187500.03,-137856.27,-177284.61,-187500.03,-135552.28,-187500.03,-187500.03,-185945.33
4840.3823,-187500.03,-187500.03,-187500.03,-187500.03,-187500.03,-187500.03,-187500.03,-187500.03,-187500.03,-142646.45,-180480.83,-187500.03,-139860.31,-187500.03,-187500.03,-187500.03
4840.405,-187500.03,-187500.03,-187500.03,-187500.03,-187500.03,-187500.03,-187500.03,-187500.03,-187500.03,-134376.48,-173746.53,-187500.03,-134345.02,-187500.03,-187500.03,-184056.25
4840.4272,-187500.03,-187500.03,-187500.03,-187500.03,-187500.03,-187500.03,-187500.03,-187500.03,-187500.03,-129929.04,-170667.62,-187500.03,-130328.91,-187500.03,-187500.03,-179012.81
4840.449,-187500.03,-187500.03,-187500.03,-187500.03,-187500.03,-187500.03,-187500.03,-187500.03,-187500.03,-136180.12,-175982.31,-187500.03,-134310.9,-187500.03,-187500.03,-184343.61
4840.4717,-187500.03,-187500.03,-187500.03,-187500.03,-187500.03,-187500.03,-187500.03,-187500.03,-187500.03,-142928.52,-180815.36,-187500.03,-139882.8,-187500.03,-187500.03,-187500.03
4840.494,-187500.03,-187500.03,-187500.03,-187500.03,-187500.03,-187500.03,-187500.03,-187500.03,-187500.03,-135930.64,-174948.05,-187500.03,-135501.28,-187500.03,-187500.03,-185572.66
4840.5166,-187500.03,-187500.03,-187500.03,-187500.03,-187500.03,-187500.03,-187500.03,-187500.03,-187500.03,-129933.91,-170581.23,-187500.03,-130488.53,-187500.03,-187500.03,-179183.36
4840.539,-187500.03,-187500.03,-187500.03,-187500.03,-187500.03,-187500.03,-187500.03,-187500.03,-187500.03,-134566.36,-174696.75,-187500.03,-133153.75,-187500.03,-187500.03,-182832.77
4840.561,-187500.03,-187500.03,-187500.03,-187500.03,-187500.03,-187500.03,-187500.03,-187500.03,-187500.03,-142736.7,-180779.94,-187500.03,-139562.67,-187500.03,-187500.03,-187500.03
4840.5835,-187500.03,-187500.03,-187500.03,-187500.03,-187500.03,-187500.03,-187500.03,-187500.03,-187500.03,-137572.34,-176238.17,-187500.03,-136670.98,-187500.03,-187500.03,-187115.81
4840.606,-187500.03,-187500.03,-187500.03,-187500.03,-187500.03,-187500.03,-187500.03,-187500.03,-187500.03,-130249.2,-170746.11,-187500.03,-130871.15,-187500.03,-187500.03,-179643.58
4840.6284,-187500.03,-187500.03,-187500.03,-187500.03,-187500.03,-187500.03,-187500.03,-187500.03,-187500.03,-133102.53,-173500.16,-187500.03,-132139.34,-187500.03,-187500.03,-181501.64
4840.6504,-187500.03,-187500.03,-187500.03,-187500.03,-187500.03,-187500.03,-187500.03,-187500.03,-187500.03,-142063.0,-180360.58,-187500.03,-138908.66,-187500.03,-187500.03,-187500.03
4840.673,-187500.03,-187500.03,-187500.03,-187500.03,-187500.03,-187500.03,-187500.03,-187500.03,-187500.03,-139177.28,-177521.0,-187500.03,-137769.25,-187500.03,-187500.03,-187500.03
4840.6953,-187500.03,-187500.03,-187500.03,-187500.03,-187500.03,-187500.03,-187500.03,-187500.03,-187500.03,-130853.22,-171141.19,-187500.03,-131458.81,-187500.03,-187500.03,-180368.05
4840.718,-187500.03,-187500.03,-187500.03,-187500.03,-187500.03,-187500.03,-187500.03,-187500.03,-187500.03,-131869.38,-172460.17,-187500.03,-131326.98,-187500.03,-187500.03,-180417.34
4840.74,-187500.03,-187500.03,-187500.03,-187500.03,-187500.03,-187500.03,-187500.03,-187500.03,-187500.03,-140982.27,-179604.73,-187500.03,-137984.0,-187500.03,-187500.03,-187500.03
4840.762,-187500.03,-187500.03,-187500.03,-187500.03,-187500.03,-187500.03,-187500.03,-187500.03,-187500.03,-140635.0,-178711.97,-187500.03,-138717.25,-187500.03,-187500.03,-187500.03
4840.7847,-187500.03,-187500.03,-187500.03,-187500.03,-187500.03,-187500.03,-187500.03,-187500.03,-187500.03,-131739.42,-171766.6,-187500.03,-132234.94,-187500.03,-187500.03,-181343.52
4840.807,-187500.03,-187500.03,-187500.03,-187500.03,-187500.03,-187500.03,-187500.03,-187500.03,-187500.03,-130922.52,-171629.38,-187500.03,-130747.516,-187500.03,-187500.03,-179631.06
4840.8296,-187500.03,-187500.03,-187500.03,-187500.03,-187500.03,-187500.03,-187500.03,-187500.03,-187500.03,-139595.75,-178589.44,-187500.03,-136871.62,-187500.03,-187500.03,-187500.03
4840.8516,-187500.03,-187500.03,-187500.03,-187500.03,-187500.03,-187500.03,-187500.03,-187500.03,-187500.03,-141823.8,-179718.27,-187500.03,-139435.45,-187500.03,-187500.03,-187500.03
4840.874,-187500.03,-187500.03,-187500.03,-187500.03,-187500.03,-187500.03,-187500.03,-187500.03,-187500.03,-132891.98,-172611.89,-187500.03,-133179.81,-187500.03,-187500.03,-182550.38
4840.8965,-187500.03,-187500.03,-187500.03,-187500.03,-187500.03,-187500.03,-187500.03,-187500.03,-187500.03,-130284.33,-171031.9,-187500.03,-130415.586,-187500.03,-187500.03,-179165.83
4840.919,-187500.03,-187500.03,-187500.03,-187500.03,-187500.03,-187500.03,-187500.03,-187500.03,-187500.03,-138002.98,-177381.14,-187500.03,-135648.62,-187500.03,-187500.03,-186079.64
4840.9414,-187500.03,-187500.03,-187500.03,-187500.03,-187500.03,-187500.03,-187500.03,-187500.03,-187500.03,-142606.64,-180427.22,-187500.03,-139833.61,-187500.03,-187500.03,-187500.03
4840.9634,-187500.03,-187500.03,-187500.03,-187500.03,-187500.03,-187500.03,-187500.03,-187500.03,-187500.03,-134256.6,-173645.36,-187500.03,-134241.62,-187500.03,-187500.03,-183932.33
4840.986,-187500.03,-187500.03,-187500.03,-187500.03,-187500.03,-187500.03,-187500.03,-187500.03,-187500.03,-129960.58,-170690.73,-187500.03,-130326.67,-187500.03,-187500.03,-179022.11
4841.0083,-187500.03,-187500.03,-187500.03,-187500.03,-187500.03,-187500.03,-187500.03,-187500.03,-187500.03,-136354.62,-176109.36,-187500.03,-134429.33,-187500.03,-187500.03,-184503.11
4841.031,-187500.03,-187500.03,-187500.03,-187500.03,-187500.03,-187500.03,-187500.03,-187500.03,-187500.03,-142938.55,-180802.61,-187500.03,-139900.36,-187500.03,-187500.03,-187500.03
4841.0527,-187500.03,-187500.03,-187500.03,-187500.03,-187500.03,-187500.03,-187500.03,-187500.03,-187500.03,-135780.94,-174823.86,-187500.03,-135383.98,-187500.03,-187500.03,-185425.89
4841.075,-187500.03,-187500.03,-187500.03,-187500.03,-187500.03,-187500.03,-187500.03,-187500.03,-187500.03,-129931.97,-170582.5,-187500.03,-130462.914,-187500.03,-187500.03,-179164.1
4841.0977,-187500.03,-187500.03,-187500.03,-187500.03,-187500.03,-187500.03,-187500.03,-187500.03,-187500.03,-134733.0,-174825.56,-187500.03,-133264.39,-187500.03,-187500.03,-182988.56
4841.12,-187500.03,-187500.03,-187500.03,-187500.03,-187500.03,-187500.03,-187500.03,-187500.03,-187500.03,-142792.08,-180807.48,-187500.03,-139616.11,-187500.03,-187500.03,-187500.03
4841.1426,-187500.03,-187500.03,-187500.03,-187500.03,-187500.03,-187500.03,-187500.03,-187500.03,-187500.03,-137412.25,-176107.36,-187500.03,-136555.83,-187500.03,-187500.03,-186970.53
4841.1646,-187500.03,-187500.03,-187500.03,-187500.03,-187500.03,-187500.03,-187500.03,-187500.03,-187500.03,-130210.695,-170720.64,-187500.03,-130824.85,-187500.03,-187500.03,-179592.7
4841.187,-187500.03,-187500.03,-187500.03,-187500.03,-187500.03,-187500.03,-187500.03,-187500.03,-187500.03,-133252.19,-173622.34,-187500.03,-132239.83,-187500.03,-187500.03,-181635.7
4841.2095,-187500.03,-187500.03,-187500.03,-187500.03,-187500.03,-187500.03,-187500.03,-187500.03,-187500.03,-142173.58,-180436.89,-187500.03,-139002.69,-187500.03,-187500.03,-187500.03
4841.232,-187500.03,-187500.03,-187500.03,-187500.03,-187500.03,-187500.03,-187500.03,-187500.03,-187500.03,-139037.77,-177407.56,-187500.03,-137676.36,-187500.03,-187500.03,-187500.03
4841.254,-187500.03,-187500.03,-187500.03,-187500.03,-187500.03,-187500.03,-187500.03,-187500.03,-187500.03,-130792.42,-171101.73,-187500.03,-131398.64,-187500.03,-187500.03,-180294.11
4841.2764,-187500.03,-187500.03,-187500.03,-187500.03,-187500.03,-187500.03,-187500.03,-187500.03,-187500.03,-131996.3,-172569.94,-187500.03,-131407.92,-187500.03,-187500.03,-180525.53
4841.299,-187500.03,-187500.03,-187500.03,-187500.03,-187500.03,-187500.03,-187500.03,-187500.03,-187500.03,-141127.95,-179714.75,-187500.03,-138103.02,-187500.03,-187500.03,-187500.03
4841.3213,-187500.03,-187500.03,-187500.03,-187500.03,-187500.03,-187500.03,-187500.03,-187500.03,-187500.03,-140515.89,-178615.89,-187500.03,-138646.78,-187500.03,-187500.03,-187500.03
4841.3433,-187500.03,-187500.03,-187500.03,-187500.03,-187500.03,-187500.03,-187500.03,-187500.03,-187500.03,-131650.38,-171706.47,-187500.03,-132161.89,-187500.03,-187500.03,-181245.16
4841.3657,-187500.03,-187500.03,-187500.03,-187500.03,-187500.03,-187500.03,-187500.03,-187500.03,-187500.03,-131019.2,-171718.05,-187500.03,-130811.16,-187500.03,-187500.03,-179709.64
4841.388,-187500.03,-187500.03,-187500.03,-187500.03,-187500.03,-187500.03,-187500.03,-187500.03,-187500.03,-139758.52,-178713.47,-187500.03,-137004.6,-187500.03,-187500.03,-187500.03
4841.4106,-187500.03,-187500.03,-187500.03,-187500.03,-187500.03,-187500.03,-187500.03,-187500.03,-187500.03,-141732.39,-179641.11,-187500.03,-139391.23,-187500.03,-187500.03,-187500.03
4841.433,-187500.03,-187500.03,-187500.03,-187500.03,-187500.03,-187500.03,-187500.03,-187500.03,-187500.03,-132772.12,-172527.17,-187500.03,-133089.3,-187500.03,-187500.03,-182426.77
4841.455,-187500.03,-187500.03,-187500.03,-187500.03,-187500.03,-187500.03,-187500.03,-187500.03,-187500.03,-130346.95,-171095.66,-187500.03,-130453.44,-187500.03,-187500.03,-179210.44
4841.4775,-187500.03,-187500.03,-187500.03,-187500.03,-187500.03,-187500.03,-187500.03,-187500.03,-187500.03,-138181.06,-177521.94,-187500.03,-135789.61,-187500.03,-187500.03,-186250.05
4841.5,-187500.03,-187500.03,-187500.03,-187500.03,-187500.03,-187500.03,-187500.03,-187500.03,-187500.03,-142567.95,-180387.12,-187500.03,-139829.4,-187500.03,-187500.03,-187500.03
4841.5225,-187500.03,-187500.03,-187500.03,-187500.03,-187500.03,-187500.03,-187500.03,-187500.03,-187500.03,-134129.89,-173545.14,-187500.03,-134149.7,-187500.03,-187500.03,-183795.1
4841.5444,-187500.03,-187500.03,-187500.03,-187500.03,-187500.03,-187500.03,-187500.03,-187500.03,-187500.03,-129992.37,-170717.05,-187500.03,-130340.12,-187500.03,-187500.03,-179023.53
4841.567,-187500.03,-187500.03,-187500.03,-187500.03,-187500.03,-187500.03,-187500.03,-187500.03,-187500.03,-136515.67,-176225.78,-187500.03,-134548.72,-187500.03,-187500.03,-184638.17
4841.5894,-187500.03,-187500.03,-187500.03,-187500.03,-187500.03,-187500.03,-187500.03,-187500.03,-187500.03,-142948.78,-180789.64,-187500.03,-139922.9,-187500.03,-187500.03,-187500.03
4841.612,-187500.03,-187500.03,-187500.03,-187500.03,-187500.03,-187500.03,-187500.03,-187500.03,-187500.03,-135664.98,-174722.89,-187500.03,-135297.66,-187500.03,-187500.03,-185296.88
4841.6343,-187500.03,-187500.03,-187500.03,-187500.03,-187500.03,-187500.03,-187500.03,-187500.03,-187500.03,-129940.97,-170587.1,-187500.03,-130455.555,-187500.03,-187500.03,-179141.08
4841.6562,-187500.03,-187500.03,-187500.03,-187500.03,-187500.03,-187500.03,-187500.03,-187500.03,-187500.03,-134880.94,-174932.98,-187500.03,-133368.97,-187500.03,-187500.03,-183106.66
4841.6787,-187500.03,-187500.03,-187500.03,-187500.03,-187500.03,-187500.03,-187500.03,-187500.03,-187500.03,-142839.28,-180822.8,-187500.03,-139663.05,-187500.03,-187500.03,-187500.03
4841.701,-187500.03,-187500.03,-187500.03,-187500.03,-187500.03,-187500.03,-187500.03,-187500.03,-187500.03,-137298.62,-176003.77,-187500.03,-136475.55,-187500.03,-187500.03,-186847.27
4841.7236,-187500.03,-187500.03,-187500.03,-187500.03,-187500.03,-187500.03,-187500.03,-187500.03,-187500.03,-130200.64,-170706.06,-187500.03,-130803.24,-187500.03,-187500.03,-179553.95
4841.7456,-187500.03,-187500.03,-187500.03,-187500.03,-187500.03,-187500.03,-187500.03,-187500.03,-187500.03,-133397.8,-173727.66,-187500.03,-132336.9,-187500.03,-187500.03,-181755.16
4841.768,-187500.03,-187500.03,-187500.03,-187500.03,-187500.03,-187500.03,-187500.03,-187500.03,-187500.03,-142258.27,-180480.08,-187500.03,-139073.56,-187500.03,-187500.03,-187500.03
4841.7905,-187500.03,-187500.03,-187500.03,-187500.03,-187500.03,-187500.03,-187500.03,-187500.03,-187500.03,-138911.78,-177292.5,-187500.03,-137587.38,-187500.03,-187500.03,-187500.03
4841.813,-187500.03,-187500.03,-187500.03,-187500.03,-187500.03,-187500.03,-187500.03,-187500.03,-187500.03,-130745.4,-171059.72,-187500.03,-131349.17,-187500.03,-187500.03,-180232.72
4841.8354,-187500.03,-187500.03,-187500.03,-187500.03,-187500.03,-187500.03,-187500.03,-187500.03,-187500.03,-132115.39,-172658.44,-187500.03,-131484.98,-187500.03,-187500.03,-180627.62
4841.8574,-187500.03,-187500.03,-187500.03,-187500.03,-187500.03,-187500.03,-187500.03,-187500.03,-187500.03,-141246.69,-179787.94,-187500.03,-138199.3,-187500.03,-187500.03,-187500.03
4841.88,-187500.03,-187500.03,-187500.03,-187500.03,-187500.03,-187500.03,-187500.03,-187500.03,-187500.03,-140407.98,-178515.92,-187500.03,-138576.69,-187500.03,-187500.03,-187500.03
4841.9023,-187500.03,-187500.03,-187500.03,-187500.03,-187500.03,-187500.03,-187500.03,-187500.03,-187500.03,-131578.5,-171645.5,-187500.03,-132092.73,-187500.03,-187500.03,-181167.44
4841.925,-187500.03,-187500.03,-187500.03,-187500.03,-187500.03,-187500.03,-187500.03,-187500.03,-187500.03,-131112.23,-171788.0,-187500.03,-130860.12,-187500.03,-187500.03,-179789.1
4841.947,-187500.03,-187500.03,-187500.03,-187500.03,-187500.03,-187500.03,-187500.03,-187500.03,-187500.03,-139907.23,-178814.02,-187500.03,-137112.33,-187500.03,-187500.03,-187500.03
4841.969,-187500.03,-187500.03,-187500.03,-187500.03,-187500.03,-187500.03,-187500.03,-187500.03,-187500.03,-141653.56,-179561.4,-187500.03,-139338.66,-187500.03,-187500.03,-187500.03
4841.9917,-187500.03,-187500.03,-187500.03,-187500.03,-187500.03,-187500.03,-187500.03,-187500.03,-187500.03,-132685.58,-172453.03,-187500.03,-133009.58,-187500.03,-187500.03,-182337.58
4842.014,-187500.03,-187500.03,-187500.03,-187500.03,-187500.03,-187500.03,-187500.03,-187500.03,-187500.03,-130416.87,-171147.78,-187500.03,-130483.836,-187500.03,-187500.03,-179262.88
4842.0366,-187500.03,-187500.03,-187500.03,-187500.03,-187500.03,-187500.03,-187500.03,-187500.03,-187500.03,-138344.6,-177636.05,-187500.03,-135906.06,-187500.03,-187500.03,-186408.28
4842.0586,-187500.03,-187500.03,-187500.03,-187500.03,-187500.03,-187500.03,-187500.03,-187500.03,-187500.03,-142529.67,-180340.16,-187500.03,-139811.33,-187500.03,-187500.03,-187500.03
4842.081,-187500.03,-187500.03,-187500.03,-187500.03,-187500.03,-187500.03,-187500.03,-187500.03,-187500.03,-134027.08,-173459.92,-187500.03,-134065.36,-187500.03,-187500.03,-183693.31
4842.1035,-187500.03,-187500.03,-187500.03,-187500.03,-187500.03,-187500.03,-187500.03,-187500.03,-187500.03,-130029.42,-170748.12,-187500.03,-130349.47,-187500.03,-187500.03,-179046.73
4842.126,-187500.03,-187500.03,-187500.03,-187500.03,-187500.03,-187500.03,-187500.03,-187500.03,-187500.03,-136685.02,-176354.61,-187500.03,-134668.98,-187500.03,-187500.03,-184801.92
4842.148,-187500.03,-187500.03,-187500.03,-187500.03,-187500.03,-187500.03,-187500.03,-187500.03,-187500.03,-142960.12,-180787.0,-187500.03,-139944.48,-187500.03,-187500.03,-187500.03
4842.1704,-187500.03,-187500.03,-187500.03,-187500.03,-187500.03,-187500.03,-187500.03,-187500.03,-187500.03,-135556.66,-174636.62,-187500.03,-135216.11,-187500.03,-187500.03,-185192.4
4842.193,-187500.03,-187500.03,-187500.03,-187500.03,-187500.03,-187500.03,-187500.03,-187500.03,-187500.03,-129956.93,-170604.72,-187500.03,-130452.516,-187500.03,-187500.03,-179142.0
4842.2153,-187500.03,-187500.03,-187500.03,-187500.03,-187500.03,-187500.03,-187500.03,-187500.03,-187500.03,-135050.25,-175066.3,-187500.03,-133487.56,-187500.03,-187500.03,-183264.06
4842.238,-187500.03,-187500.03,-187500.03,-187500.03,-187500.03,-187500.03,-187500.03,-187500.03,-187500.03,-142889.95,-180850.84,-187500.03,-139713.55,-187500.03,-187500.03,-187500.03
4842.26,-187500.03,-187500.03,-187500.03,-187500.03,-187500.03,-187500.03,-187500.03,-187500.03,-187500.03,-137176.14,-175907.44,-187500.03,-136385.45,-187500.03,-187500.03,-186732.11
4842.282,-187500.03,-187500.03,-187500.03,-187500.03,-187500.03,-187500.03,-187500.03,-187500.03,-187500.03,-130183.71,-170702.05,-187500.03,-130774.5,-187500.03,-187500.03,-179524.4
4842.3047,-187500.03,-187500.03,-187500.03,-187500.03,-187500.03,-187500.03,-187500.03,-187500.03,-187500.03,-133531.05,-173840.61,-187500.03,-132427.92,-187500.03,-187500.03,-181877.53
4842.327,-187500.03,-187500.03,-187500.03,-187500.03,-187500.03,-187500.03,-187500.03,-187500.03,-187500.03,-142341.88,-180541.12,-187500.03,-139149.2,-187500.03,-187500.03,-187500.03
4842.349,-187500.03,-187500.03,-187500.03,-187500.03,-187500.03,-187500.03,-187500.03,-187500.03,-187500.03,-138804.31,-177211.0,-187500.03,-137519.83,-187500.03,-187500.03,-187500.03
4842.3716,-187500.03,-187500.03,-187500.03,-187500.03,-187500.03,-187500.03,-187500.03,-187500.03,-187500.03,-130701.69,-171034.53,-187500.03,-131308.7,-187500.03,-187500.03,-180179.22
4842.394,-187500.03,-187500.03,-187500.03,-187500.03,-187500.03,-187500.03,-187500.03,-187500.03,-187500.03,-132220.22,-172751.14,-187500.03,-131554.75,-187500.03,-187500.03,-180720.2
4842.4165,-187500.03,-187500.03,-187500.03,-187500.03,-187500.03,-187500.03,-187500.03,-187500.03,-187500.03,-141361.44,-179875.58,-187500.03,-138292.47,-187500.03,-187500.03,-187500.03
4842.439,-187500.03,-187500.03,-187500.03,-187500.03,-187500.03,-187500.03,-187500.03,-187500.03,-187500.03,-140310.75,-178439.77,-187500.03,-138514.5,-187500.03,-187500.03,-187500.03
4842.461,-187500.03,-187500.03,-187500.03,-187500.03,-187500.03,-187500.03,-187500.03,-187500.03,-187500.03,-131509.53,-171603.22,-187500.03,-132033.03,-187500.03,-187500.03,-181095.86
4842.4834,-187500.03,-187500.03,-187500.03,-187500.03,-187500.03,-187500.03,-187500.03,-187500.03,-187500.03,-131186.34,-171862.5,-187500.03,-130906.734,-187500.03,-187500.03,-179853.4
4842.506,-187500.03,-187500.03,-187500.03,-187500.03,-187500.03,-187500.03,-187500.03,-187500.03,-187500.03,-140035.56,-178918.44,-187500.03,-137217.22,-187500.03,-187500.03,-187500.03
4842.5283,-187500.03,-187500.03,-187500.03,-187500.03,-187500.03,-187500.03,-187500.03,-187500.03,-187500.03,-141568.72,-179498.61,-187500.03,-139296.38,-187500.03,-187500.03,-187500.03
4842.5503,-187500.03,-187500.03,-187500.03,-187500.03,-187500.03,-187500.03,-187500.03,-187500.03,-187500.03,-132585.86,-172390.58,-187500.03,-132935.55,-187500.03,-187500.03,-182241.12
4842.5728,-187500.03,-187500.03,-187500.03,-187500.03,-187500.03,-187500.03,-187500.03,-187500.03,-187500.03,-130463.69,-171204.62,-187500.03,-130512.89,-187500.03,-187500.03,-179303.38
4842.595,-187500.03,-187500.03,-187500.03,-187500.03,-187500.03,-187500.03,-187500.03,-187500.03,-187500.03,-138490.47,-177758.88,-187500.03,-136019.97,-187500.03,-187500.03,-186557.95
4842.6177,-187500.03,-187500.03,-187500.03,-187500.03,-187500.03,-187500.03,-187500.03,-187500.03,-187500.03,-142468.64,-180293.38,-187500.03,-139785.44,-187500.03,-187500.03,-187500.03
4842.64,-187500.03,-187500.03,-187500.03,-187500.03,-187500.03,-187500.03,-187500.03,-187500.03,-187500.03,-133893.38,-173369.08,-187500.03,-133966.78,-187500.03,-187500.03,-183565.98
4842.662,-187500.03,-187500.03,-187500.03,-187500.03,-187500.03,-187500.03,-187500.03,-187500.03,-187500.03,-130044.51,-170779.42,-187500.03,-130349.5,-187500.03,-187500.03,-179049.47
4842.6846,-187500.03,-187500.03,-187500.03,-187500.03,-187500.03,-187500.03,-187500.03,-187500.03,-187500.03,-136828.75,-176477.95,-187500.03,-134776.22,-187500.03,-187500.03,-184940.39
4842.707,-187500.03,-187500.03,-187500.03,-187500.03,-187500.03,-187500.03,-187500.03,-187500.03,-187500.03,-142926.95,-180760.06,-187500.03,-139937.88,-187500.03,-187500.03,-187500.03
4842.7295,-187500.03,-187500.03,-187500.03,-187500.03,-187500.03,-187500.03,-187500.03,-187500.03,-187500.03,-135403.05,-174526.25,-187500.03,-135103.94,-187500.03,-187500.03,-185042.64
4842.7515,-187500.03,-187500.03,-187500.03,-187500.03,-187500.03,-187500.03,-187500.03,-187500.03,-187500.03,-129945.16,-170608.28,-187500.03,-130429.49,-187500.03,-187500.03,-179113.3
4842.774,-187500.03,-187500.03,-187500.03,-187500.03,-187500.03,-187500.03,-187500.03,-187500.03,-187500.03,-135180.75,-175174.17,-187500.03,-133580.1,-187500.03,-187500.03,-183383.88
4842.7964,-187500.03,-187500.03,-187500.03,-187500.03,-187500.03,-187500.03,-187500.03,-187500.03,-187500.03,-142909.44,-180859.06,-187500.03,-139743.53,-187500.03,-187500.03,-187500.03
4842.819,-187500.03,-187500.03,-187500.03,-187500.03,-187500.03,-187500.03,-187500.03,-187500.03,-187500.03,-137022.94,-175788.4,-187500.03,-136278.34,-187500.03,-187500.03,-186587.33
4842.8413,-187500.03,-187500.03,-187500.03,-187500.03,-187500.03,-187500.03,-187500.03,-187500.03,-187500.03,-130146.5,-170679.64,-187500.03,-130734.625,-187500.03,-187500.03,-179470.75
4842.8633,-187500.03,-187500.03,-187500.03,-187500.03,-187500.03,-187500.03,-187500.03,-187500.03,-187500.03,-133652.9,-173938.2,-187500.03,-132510.08,-187500.03,-187500.03,-181981.11
4842.8857,-187500.03,-187500.03,-187500.03,-187500.03,-187500.03,-187500.03,-187500.03,-187500.03,-187500.03,-142405.19,-180575.47,-187500.03,-139205.98,-187500.03,-187500.03,-187500.03
4842.908,-187500.03,-187500.03,-187500.03,-187500.03,-187500.03,-187500.03,-187500.03,-187500.03,-187500.03,-138656.8,-177084.03,-187500.03,-137413.47,-187500.03,-187500.03,-187500.03
4842.9307,-187500.03,-187500.03,-187500.03,-187500.03,-187500.03,-187500.03,-187500.03,-187500.03,-187500.03,-130652.12,-170994.88,-187500.03,-131253.02,-187500.03,-187500.03,-180109.89
4842.9526,-187500.03,-187500.03,-187500.03,-187500.03,-187500.03,-187500.03,-187500.03,-187500.03,-187500.03,-132333.77,-172838.52,-187500.03,-131622.31,-187500.03,-187500.03,-180812.08
4842.975,-187500.03,-187500.03,-187500.03,-187500.03,-187500.03,-187500.03,-187500.03,-187500.03,-187500.03,-141465.9,-179940.9,-187500.03,-138373.08,-187500.03,-187500.03,-187500.03
4842.9976,-187500.03,-187500.03,-187500.03,-187500.03,-187500.03,-187500.03,-187500.03,-187500.03,-187500.03,-140187.89,-178330.02,-187500.03,-138429.89,-187500.03,-187500.03,-187500.03
4843.02,-187500.03,-187500.03,-187500.03,-187500.03,-187500.03,-187500.03,-187500.03,-187500.03,-187500.03,-131437.64,-171543.14,-187500.03,-131964.69,-187500.03,-187500.03,-181005.25
4843.042,-187500.03,-187500.03,-187500.03,-187500.03,-187500.03,-187500.03,-187500.03,-187500.03,-187500.03,-131275.89,-171929.77,-187500.03,-130957.26,-187500.03,-187500.03,-179918.0
4843.0645,-187500.03,-187500.03,-187500.03,-187500.03,-187500.03,-187500.03,-187500.03,-187500.03,-187500.03,-140166.58,-179004.45,-187500.03,-137314.45,-187500.03,-187500.03,-187500.03
4843.087,-187500.03,-187500.03,-187500.03,-187500.03,-187500.03,-187500.03,-187500.03,-187500.03,-187500.03,-141469.67,-179404.0,-187500.03,-139227.61,-187500.03,-187500.03,-187500.03
4843.1094,-187500.03,-187500.03,-187500.03,-187500.03,-187500.03,-187500.03,-187500.03,-187500.03,-187500.03,-132481.83,-172306.66,-187500.03,-132839.36,-187500.03,-187500.03,-182123.16
4843.132,-187500.03,-187500.03,-187500.03,-187500.03,-187500.03,-187500.03,-187500.03,-187500.03,-187500.03,-130536.78,-171265.94,-187500.03,-130544.45,-187500.03,-187500.03,-179353.89
4843.154,-187500.03,-187500.03,-187500.03,-187500.03,-187500.03,-187500.03,-187500.03,-187500.03,-187500.03,-138664.72,-177887.58,-187500.03,-136148.14,-187500.03,-187500.03,-186728.23
4843.1763,-187500.03,-187500.03,-187500.03,-187500.03,-187500.03,-187500.03,-187500.03,-187500.03,-187500.03,-142398.64,-180223.2,-187500.03,-139746.95,-187500.03,-187500.03,-187500.03
4843.1987,-187500.03,-187500.03,-187500.03,-187500.03,-187500.03,-187500.03,-187500.03,-187500.03,-187500.03,-133752.64,-173257.14,-187500.03,-133851.55,-187500.03,-187500.03,-183426.73
4843.221,-187500.03,-187500.03,-187500.03,-187500.03,-187500.03,-187500.03,-187500.03,-187500.03,-187500.03,-130088.97,-170819.64,-187500.03,-130361.01,-187500.03,-187500.03,-179081.94
4843.243,-187500.03,-187500.03,-187500.03,-187500.03,-187500.03,-187500.03,-187500.03,-187500.03,-187500.03,-137016.77,-176618.89,-187500.03,-134909.84,-187500.03,-187500.03,-185130.34
4843.2656,-187500.03,-187500.03,-187500.03,-187500.03,-187500.03,-187500.03,-187500.03,-187500.03,-187500.03,-142910.67,-180730.38,-187500.03,-139940.55,-187500.03,-187500.03,-187500.03
4843.288,-187500.03,-187500.03,-187500.03,-187500.03,-187500.03,-187500.03,-187500.03,-187500.03,-187500.03,-135240.56,-174396.77,-187500.03,-134978.5,-187500.03,-187500.03,-184897.75
4843.3105,-187500.03,-187500.03,-187500.03,-187500.03,-187500.03,-187500.03,-187500.03,-187500.03,-187500.03,-129951.97,-170621.25,-187500.03,-130414.055,-187500.03,-187500.03,-179115.45
4843.333,-187500.03,-187500.03,-187500.03,-187500.03,-187500.03,-187500.03,-187500.03,-187500.03,-187500.03,-135365.03,-175319.78,-187500.03,-133709.39,-187500.03,-187500.03,-183566.86
4843.355,-187500.03,-187500.03,-187500.03,-187500.03,-187500.03,-187500.03,-187500.03,-187500.03,-187500.03,-142948.06,-180875.17,-187500.03,-139788.39,-187500.03,-187500.03,-187500.03
4843.3774,-187500.03,-187500.03,-187500.03,-187500.03,-187500.03,-187500.03,-187500.03,-187500.03,-187500.03,-136856.14,-175655.36,-187500.03,-136156.75,-187500.03,-187500.03,-186438.83
4843.4,-187500.03,-187500.03,-187500.03,-187500.03,-187500.03,-187500.03,-187500.03,-187500.03,-187500.03,-130118.164,-170665.25,-187500.03,-130692.93,-187500.03,-187500.03,-179436.78
4843.4224,-187500.03,-187500.03,-187500.03,-187500.03,-187500.03,-187500.03,-187500.03,-187500.03,-187500.03,-133802.17,-174059.22,-187500.03,-132606.67,-187500.03,-187500.03,-182125.6
4843.4443,-187500.03,-187500.03,-187500.03,-187500.03,-187500.03,-187500.03,-187500.03,-187500.03,-187500.03,-142483.94,-180626.75,-187500.03,-139273.53,-187500.03,-187500.03,-187500.03
4843.467,-187500.03,-187500.03,-187500.03,-187500.03,-187500.03,-187500.03,-187500.03,-187500.03,-187500.03,-138513.16,-176972.05,-187500.03,-137314.72,-187500.03,-187500.03,-187500.03
4843.4893,-187500.03,-187500.03,-187500.03,-187500.03,-187500.03,-187500.03,-187500.03,-187500.03,-187500.03,-130595.15,-170961.75,-187500.03,-131197.8,-187500.03,-187500.03,-180050.48
4843.5117,-187500.03,-187500.03,-187500.03,-187500.03,-187500.03,-187500.03,-187500.03,-187500.03,-187500.03,-132441.72,-172935.05,-187500.03,-131692.53,-187500.03,-187500.03,-180910.53
4843.534,-187500.03,-187500.03,-187500.03,-187500.03,-187500.03,-187500.03,-187500.03,-187500.03,-187500.03,-141568.95,-180019.44,-187500.03,-138459.62,-187500.03,-187500.03,-187500.03
4843.556,-187500.03,-187500.03,-187500.03,-187500.03,-187500.03,-187500.03,-187500.03,-187500.03,-187500.03,-140073.45,-178241.02,-187500.03,-138357.38,-187500.03,-187500.03,-187500.03
4843.5786,-187500.03,-187500.03,-187500.03,-187500.03,-187500.03,-187500.03,-187500.03,-187500.03,-187500.03,-131361.36,-171494.6,-187500.03,-131898.83,-187500.03,-187500.03,-180928.58
4843.601,-187500.03,-187500.03,-187500.03,-187500.03,-187500.03,-187500.03,-187500.03,-187500.03,-187500.03,-131351.36,-172003.44,-187500.03,-131003.17,-187500.03,-187500.03,-179986.95
4843.6235,-187500.03,-187500.03,-187500.03,-187500.03,-187500.03,-187500.03,-187500.03,-187500.03,-187500.03,-140284.67,-179099.03,-187500.03,-137408.88,-187500.03,-187500.03,-187500.03
4843.6455,-187500.03,-187500.03,-187500.03,-187500.03,-187500.03,-187500.03,-187500.03,-187500.03,-187500.03,-141381.19,-179334.78,-187500.03,-139177.25,-187500.03,-187500.03,-187500.03
4843.668,-187500.03,-187500.03,-187500.03,-187500.03,-187500.03,-187500.03,-187500.03,-187500.03,-187500.03,-132388.8,-172242.75,-187500.03,-132766.36,-187500.03,-187500.03,-182031.45
4843.6904,-187500.03,-187500.03,-187500.03,-187500.03,-187500.03,-187500.03,-187500.03,-187500.03,-187500.03,-130569.266,-171301.64,-187500.03,-130559.12,-187500.03,-187500.03,-179376.34
4843.713,-187500.03,-187500.03,-187500.03,-187500.03,-187500.03,-187500.03,-187500.03,-187500.03,-187500.03,-138759.53,-177962.64,-187500.03,-136220.34,-187500.03,-187500.03,-186822.9
4843.7354,-187500.03,-187500.03,-187500.03,-187500.03,-187500.03,-187500.03,-187500.03,-187500.03,-187500.03,-142340.44,-180175.77,-187500.03,-139714.66,-187500.03,-187500.03,-187500.03
4843.7573,-187500.03,-187500.03,-187500.03,-187500.03,-187500.03,-187500.03,-187500.03,-187500.03,-187500.03,-133653.28,-173188.27,-187500.03,-133772.28,-187500.03,-187500.03,-183329.06
4843.78,-187500.03,-187500.03,-187500.03,-187500.03,-187500.03,-187500.03,-187500.03,-187500.03,-187500.03,-130104.36,-170845.94,-187500.03,-130360.09,-187500.03,-187500.03,-179088.14
4843.8022,-187500.03,-187500.03,-187500.03,-187500.03,-187500.03,-187500.03,-187500.03,-187500.03,-187500.03,-137135.45,-176719.0,-187500.03,-134996.34,-187500.03,-187500.03,-185246.08
4843.8247,-187500.03,-187500.03,-187500.03,-187500.03,-187500.03,-187500.03,-187500.03,-187500.03,-187500.03,-142876.3,-180702.17,-187500.03,-139928.4,-187500.03,-187500.03,-187500.03
4843.8467,-187500.03,-187500.03,-187500.03,-187500.03,-187500.03,-187500.03,-187500.03,-187500.03,-187500.03,-135104.56,-174299.06,-187500.03,-134877.12,-187500.03,-187500.03,-184764.05
4843.869,-187500.03,-187500.03,-187500.03,-187500.03,-187500.03,-187500.03,-187500.03,-187500.03,-187500.03,-129939.09,-170624.56,-187500.03,-130390.375,-187500.03,-187500.03,-179086.12
4843.8916,-187500.03,-187500.03,-187500.03,-187500.03,-187500.03,-187500.03,-187500.03,-187500.03,-187500.03,-135489.16,-175422.98,-187500.03,-133794.67,-187500.03,-187500.03,-183678.61
4843.914,-187500.03,-187500.03,-187500.03,-187500.03,-187500.03,-187500.03,-187500.03,-187500.03,-187500.03,-142948.64,-180870.34,-187500.03,-139797.86,-187500.03,-187500.03,-187500.03
4843.9365,-187500.03,-187500.03,-187500.03,-187500.03,-187500.03,-187500.03,-187500.03,-187500.03,-187500.03,-136710.02,-175545.73,-187500.03,-136045.48,-187500.03,-187500.03,-186297.92
4843.9585,-187500.03,-187500.03,-187500.03,-187500.03,-187500.03,-187500.03,-187500.03,-187500.03,-187500.03,-130085.945,-170650.9,-187500.03,-130650.77,-187500.03,-187500.03,-179385.88
4843.981,-187500.03,-187500.03,-187500.03,-187500.03,-187500.03,-187500.03,-187500.03,-187500.03,-187500.03,-133932.98,-174168.39,-187500.03,-132695.36,-187500.03,-187500.03,-182238.25
4844.0034,-187500.03,-187500.03,-187500.03,-187500.03,-187500.03,-187500.03,-187500.03,-187500.03,-187500.03,-142537.1,-180659.25,-187500.03,-139326.67,-187500.03,-187500.03,-187500.03
4844.026,-187500.03,-187500.03,-187500.03,-187500.03,-187500.03,-187500.03,-187500.03,-187500.03,-187500.03,-138350.4,-176841.12,-187500.03,-137200.48,-187500.03,-187500.03,-187500.03
4844.048,-187500.03,-187500.03,-187500.03,-187500.03,-187500.03,-187500.03,-187500.03,-187500.03,-187500.03,-130524.78,-170911.2,-187500.03,-131128.34,-187500.03,-187500.03,-179961.6
4844.0703,-187500.03,-187500.03,-187500.03,-187500.03,-187500.03,-187500.03,-187500.03,-187500.03,-187500.03,-132551.6,-173023.81,-187500.03,-131759.31,-187500.03,-187500.03,-181000.56
4844.093,-187500.03,-187500.03,-187500.03,-187500.03,-187500.03,-187500.03,-187500.03,-187500.03,-187500.03,-141660.28,-180075.05,-187500.03,-138534.08,-187500.03,-187500.03,-187500.03
4844.115,-187500.03,-187500.03,-187500.03,-187500.03,-187500.03,-187500.03,-187500.03,-187500.03,-187500.03,-139919.58,-178107.47,-187500.03,-138249.88,-187500.03,-187500.03,-187500.03
4844.1377,-187500.03,-187500.03,-187500.03,-187500.03,-187500.03,-187500.03,-187500.03,-187500.03,-187500.03,-131267.84,-171417.44,-187500.03,-131811.67,-187500.03,-187500.03,-180822.23
4844.1597,-187500.03,-187500.03,-187500.03,-187500.03,-187500.03,-187500.03,-187500.03,-187500.03,-187500.03,-131429.06,-172060.25,-187500.03,-131041.516,-187500.03,-187500.03,-180044.88
4844.182,-187500.03,-187500.03,-187500.03,-187500.03,-187500.03,-187500.03,-187500.03,-187500.03,-187500.03,-140399.73,-179169.5,-187500.03,-137492.5,-187500.03,-187500.03,-187500.03
4844.2046,-187500.03,-187500.03,-187500.03,-187500.03,-187500.03,-187500.03,-187500.03,-187500.03,-187500.03,-141264.44,-179223.62,-187500.03,-139096.16,-187500.03,-187500.03,-187500.03
4844.227,-187500.03,-187500.03,-187500.03,-187500.03,-187500.03,-187500.03,-187500.03,-187500.03,-187500.03,-132278.61,-172147.03,-187500.03,-132666.97,-187500.03,-187500.03,-181914.73
4844.249,-187500.03,-187500.03,-187500.03,-187500.03,-187500.03,-187500.03,-187500.03,-187500.03,-187500.03,-130616.266,-171331.81,-187500.03,-130570.125,-187500.03,-187500.03,-179407.27
4844.2715,-187500.03,-187500.03,-187500.03,-187500.03,-187500.03,-187500.03,-187500.03,-187500.03,-187500.03,-138890.3,-178046.5,-187500.03,-136307.77,-187500.03,-187500.03,-186953.03
4844.294,-187500.03,-187500.03,-187500.03,-187500.03,-187500.03,-187500.03,-187500.03,-187500.03,-187500.03,-142263.7,-180094.52,-187500.03,-139661.02,-187500.03,-187500.03,-187500.03
4844.3164,-187500.03,-187500.03,-187500.03,-187500.03,-187500.03,-187500.03,-187500.03,-187500.03,-187500.03,-133531.11,-173082.67,-187500.03,-133666.14,-187500.03,-187500.03,-183208.23
4844.339,-187500.03,-187500.03,-187500.03,-187500.03,-187500.03,-187500.03,-187500.03,-187500.03,-187500.03,-130112.664,-170845.27,-187500.03,-130342.945,-187500.03,-187500.03,-179083.1
4844.361,-187500.03,-187500.03,-187500.03,-187500.03,-187500.03,-187500.03,-187500.03,-187500.03,-187500.03,-137244.53,-176787.9,-187500.03,-135065.38,-187500.03,-187500.03,-185347.06
4844.3833,-187500.03,-187500.03,-187500.03,-187500.03,-187500.03,-187500.03,-187500.03,-187500.03,-187500.03,-142850.08,-180657.98,-187500.03,-139909.88,-187500.03,-187500.03,-187500.03
4844.406,-187500.03,-187500.03,-187500.03,-187500.03,-187500.03,-187500.03,-187500.03,-187500.03,-187500.03,-134998.0,-174201.45,-187500.03,-134785.58,-187500.03,-187500.03,-184658.88
4844.428,-187500.03,-187500.03,-187500.03,-187500.03,-187500.03,-187500.03,-187500.03,-187500.03,-187500.03,-129930.14,-170610.3,-187500.03,-130362.97,-187500.03,-187500.03,-179068.33
4844.45,-187500.03,-187500.03,-187500.03,-187500.03,-187500.03,-187500.03,-187500.03,-187500.03,-187500.03,-135584.78,-175488.16,-187500.03,-133852.75,-187500.03,-187500.03,-183769.61
4844.4727,-187500.03,-187500.03,-187500.03,-187500.03,-187500.03,-187500.03,-187500.03,-187500.03,-187500.03,-142953.1,-180855.89,-187500.03,-139804.73,-187500.03,-187500.03,-187500.03
4844.495,-187500.03,-187500.03,-187500.03,-187500.03,-187500.03,-187500.03,-187500.03,-187500.03,-187500.03,-136595.47,-175445.42,-187500.03,-135957.97,-187500.03,-187500.03,-186190.8
4844.5176,-187500.03,-187500.03,-187500.03,-187500.03,-187500.03,-187500.03,-187500.03,-187500.03,-187500.03,-130052.28,-170619.86,-187500.03,-130612.28,-187500.03,-187500.03,-179345.75
4844.54,-187500.03,-187500.03,-187500.03,-187500.03,-187500.03,-187500.03,-187500.03,-187500.03,-187500.03,-134008.3,-174221.72,-187500.03,-132740.47,-187500.03,-187500.03,-182308.66
4844.562,-187500.03,-187500.03,-187500.03,-187500.03,-187500.03,-187500.03,-187500.03,-187500.03,-187500.03,-142565.8,-180667.34,-187500.03,-139347.83,-187500.03,-187500.03,-187500.03
4844.5845,-187500.03,-187500.03,-187500.03,-187500.03,-187500.03,-187500.03,-187500.03,-187500.03,-187500.03,-138235.11,-176743.4,-187500.03,-137108.45,-187500.03,-187500.03,-187500.03
4844.607,-187500.03,-187500.03,-187500.03,-187500.03,-187500.03,-187500.03,-187500.03,-187500.03,-187500.03,-130473.33,-170870.92,-187500.03,-131070.09,-187500.03,-187500.03,-179908.66
4844.6294,-187500.03,-187500.03,-187500.03,-187500.03,-187500.03,-187500.03,-187500.03,-187500.03,-187500.03,-132621.33,-173078.17,-187500.03,-131795.48,-187500.03,-187500.03,-181067.9
4844.6514,-187500.03,-187500.03,-187500.03,-187500.03,-187500.03,-187500.03,-187500.03,-187500.03,-187500.03,-141723.48,-180112.28,-187500.03,-138581.25,-187500.03,-187500.03,-187500.03
4844.674,-187500.03,-187500.03,-187500.03,-187500.03,-187500.03,-187500.03,-187500.03,-187500.03,-187500.03,-139794.0,-178000.47,-187500.03,-138159.12,-187500.03,-187500.03,-187500.03
4844.6963,-187500.03,-187500.03,-187500.03,-187500.03,-187500.03,-187500.03,-187500.03,-187500.03,-187500.03,-131184.83,-171354.58,-187500.03,-131733.97,-187500.03,-187500.03,-180738.42
4844.7188,-187500.03,-187500.03,-187500.03,-187500.03,-187500.03,-187500.03,-187500.03,-187500.03,-187500.03,-131489.86,-172111.92,-187500.03,-131069.42,-187500.03,-187500.03,-180099.1
4844.7407,-187500.03,-187500.03,-187500.03,-187500.03,-187500.03,-187500.03,-187500.03,-187500.03,-187500.03,-140504.67,-179242.94,-187500.03,-137569.52,-187500.03,-187500.03,-187500.03
4844.763,-187500.03,-187500.03,-187500.03,-187500.03,-187500.03,-187500.03,-187500.03,-187500.03,-187500.03,-141153.78,-179127.78,-187500.03,-139020.72,-187500.03,-187500.03,-187500.03
4844.7856,-187500.03,-187500.03,-187500.03,-187500.03,-187500.03,-187500.03,-187500.03,-187500.03,-187500.03,-132168.8,-172064.11,-187500.03,-132572.36,-187500.03,-187500.03,-181806.69
4844.808,-187500.03,-187500.03,-187500.03,-187500.03,-187500.03,-187500.03,-187500.03,-187500.03,-187500.03,-130651.3,-171365.83,-187500.03,-130581.24,-187500.03,-187500.03,-179432.75
4844.8306,-187500.03,-187500.03,-187500.03,-187500.03,-187500.03,-187500.03,-187500.03,-187500.03,-187500.03,-139012.66,-178137.97,-187500.03,-136400.48,-187500.03,-187500.03,-187075.92
4844.8525,-187500.03,-187500.03,-187500.03,-187500.03,-187500.03,-187500.03,-187500.03,-187500.03,-187500.03,-142194.53,-180029.25,-187500.03,-139622.17,-187500.03,-187500.03,-187500.03
4844.875,-187500.03,-187500.03,-187500.03,-187500.03,-187500.03,-187500.03,-187500.03,-187500.03,-187500.03,-133407.98,-172985.44,-187500.03,-133566.78,-187500.03,-187500.03,-183079.27
4844.8975,-187500.03,-187500.03,-187500.03,-187500.03,-187500.03,-187500.03,-187500.03,-187500.03,-187500.03,-130129.76,-170862.48,-187500.03,-130338.836,-187500.03,-187500.03,-179078.92
4844.92,-187500.03,-187500.03,-187500.03,-187500.03,-187500.03,-187500.03,-187500.03,-187500.03,-187500.03,-137371.89,-176883.02,-187500.03,-135153.66,-187500.03,-187500.03,-185464.34
4844.942,-187500.03,-187500.03,-187500.03,-187500.03,-187500.03,-187500.03,-187500.03,-187500.03,-187500.03,-142815.34,-180617.77,-187500.03,-139892.75,-187500.03,-187500.03,-187500.03
4844.9644,-187500.03,-187500.03,-187500.03,-187500.03,-187500.03,-187500.03,-187500.03,-187500.03,-187500.03,-134858.4,-174090.45,-187500.03,-134675.73,-187500.03,-187500.03,-184520.95
4844.987,-187500.03,-187500.03,-187500.03,-187500.03,-187500.03,-187500.03,-187500.03,-187500.03,-187500.03,-129919.32,-170606.5,-187500.03,-130336.42,-187500.03,-187500.03,-179038.97
4845.0093,-187500.03,-187500.03,-187500.03,-187500.03,-187500.03,-187500.03,-187500.03,-187500.03,-187500.03,-135702.22,-175578.06,-187500.03,-133930.3,-187500.03,-187500.03,-183873.7
4845.0317,-187500.03,-187500.03,-187500.03,-187500.03,-187500.03,-187500.03,-187500.03,-187500.03,-187500.03,-142956.11,-180844.03,-187500.03,-139813.47,-187500.03,-187500.03,-187500.03
4845.0537,-187500.03,-187500.03,-187500.03,-187500.03,-187500.03,-187500.03,-187500.03,-187500.03,-187500.03,-136450.47,-175326.97,-187500.03,-135846.69,-187500.03,-187500.03,-186052.89
4845.076,-187500.03,-187500.03,-187500.03,-187500.03,-187500.03,-187500.03,-187500.03,-187500.03,-187500.03,-130018.336,-170596.22,-187500.03,-130566.734,-187500.03,-187500.03,-179299.36
4845.0986,-187500.03,-187500.03,-187500.03,-187500.03,-187500.03,-187500.03,-187500.03,-187500.03,-187500.03,-134116.77,-174304.95,-187500.03,-132805.28,-187500.03,-187500.03,-182407.05
4845.121,-187500.03,-187500.03,-187500.03,-187500.03,-187500.03,-187500.03,-187500.03,-187500.03,-187500.03,-142602.5,-180680.34,-187500.03,-139378.94,-187500.03,-187500.03,-187500.03
4845.143,-187500.03,-187500.03,-187500.03,-187500.03,-187500.03,-187500.03,-187500.03,-187500.03,-187500.03,-138086.16,-176616.84,-187500.03,-136997.89,-187500.03,-187500.03,-187500.03
4845.1655,-187500.03,-187500.03,-187500.03,-187500.03,-187500.03,-187500.03,-187500.03,-187500.03,-187500.03,-130415.9,-170824.88,-187500.03,-131010.1,-187500.03,-187500.03,-179840.17
4845.188,-187500.03,-187500.03,-187500.03,-187500.03,-187500.03,-187500.03,-187500.03,-187500.03,-187500.03,-132725.69,-173156.53,-187500.03,-131858.73,-187500.03,-187500.03,-181157.02
4845.2104,-187500.03,-187500.03,-187500.03,-187500.03,-187500.03,-187500.03,-187500.03,-187500.03,-187500.03,-141803.14,-180154.94,-187500.03,-138643.98,-187500.03,-187500.03,-187500.03
4845.233,-187500.03,-187500.03,-187500.03,-187500.03,-187500.03,-187500.03,-187500.03,-187500.03,-187500.03,-139640.94,-177865.17,-187500.03,-138047.44,-187500.03,-187500.03,-187500.03
4845.255,-187500.03,-187500.03,-187500.03,-187500.03,-187500.03,-187500.03,-187500.03,-187500.03,-187500.03,-131091.12,-171277.28,-187500.03,-131642.78,-187500.03,-187500.03,-180630.89
4845.2773,-187500.03,-187500.03,-187500.03,-187500.03,-187500.03,-187500.03,-187500.03,-187500.03,-187500.03,-131574.47,-172175.64,-187500.03,-131111.44,-187500.03,-187500.03,-180162.17
4845.3,-187500.03,-187500.03,-187500.03,-187500.03,-187500.03,-187500.03,-187500.03,-187500.03,-187500.03,-140618.94,-179315.73,-187500.03,-137656.06,-187500.03,-187500.03,-187500.03
4845.3223,-187500.03,-187500.03,-187500.03,-187500.03,-187500.03,-187500.03,-187500.03,-187500.03,-187500.03,-141025.9,-179010.81,-187500.03,-138933.75,-187500.03,-187500.03,-187500.03
4845.344,-187500.03,-187500.03,-187500.03,-187500.03,-187500.03,-187500.03,-187500.03,-187500.03,-187500.03,-132053.12,-171967.78,-187500.03,-132470.2,-187500.03,-187500.03,-181676.8
4845.3667,-187500.03,-187500.03,-187500.03,-187500.03,-187500.03,-187500.03,-187500.03,-187500.03,-187500.03,-130714.234,-171412.88,-187500.03,-130606.15,-187500.03,-187500.03,-179470.7
4845.389,-187500.03,-187500.03,-187500.03,-187500.03,-187500.03,-187500.03,-187500.03,-187500.03,-187500.03,-139155.2,-178231.7,-187500.03,-136500.58,-187500.03,-187500.03,-187212.11
4845.4116,-187500.03,-187500.03,-187500.03,-187500.03,-187500.03,-187500.03,-187500.03,-187500.03,-187500.03,-142103.7,-179936.31,-187500.03,-139562.53,-187500.03,-187500.03,-187500.03
4845.434,-187500.03,-187500.03,-187500.03,-187500.03,-187500.03,-187500.03,-187500.03,-187500.03,-187500.03,-133274.89,-172874.19,-187500.03,-133454.88,-187500.03,-187500.03,-182941.8
4845.456,-187500.03,-187500.03,-187500.03,-187500.03,-187500.03,-187500.03,-187500.03,-187500.03,-187500.03,-130161.52,-170885.02,-187500.03,-130340.38,-187500.03,-187500.03,-179092.61
4845.4785,-187500.03,-187500.03,-187500.03,-187500.03,-187500.03,-187500.03,-187500.03,-187500.03,-187500.03,-137517.6,-176984.12,-187500.03,-135257.5,-187500.03,-187500.03,-185606.14
4845.501,-187500.03,-187500.03,-187500.03,-187500.03,-187500.03,-187500.03,-187500.03,-187500.03,-187500.03,-142756.22,-180551.11,-187500.03,-139862.28,-187500.03,-187500.03,-187500.03
4845.5234,-187500.03,-187500.03,-187500.03,-187500.03,-187500.03,-187500.03,-187500.03,-187500.03,-187500.03,-134700.38,-173959.58,-187500.03,-134552.39,-187500.03,-187500.03,-184364.94
4845.5454,-187500.03,-187500.03,-187500.03,-187500.03,-187500.03,-187500.03,-187500.03,-187500.03,-187500.03,-129917.71,-170604.48,-187500.03,-130314.5,-187500.03,-187500.03,-179021.12
4845.568,-187500.03,-187500.03,-187500.03,-187500.03,-187500.03,-187500.03,-187500.03,-187500.03,-187500.03,-135847.47,-175683.02,-187500.03,-134027.75,-187500.03,-187500.03,-184011.19
4845.5903,-187500.03,-187500.03,-187500.03,-187500.03,-187500.03,-187500.03,-187500.03,-187500.03,-187500.03,-142944.61,-180814.9,-187500.03,-139813.64,-187500.03,-187500.03,-187500.03
4845.613,-187500.03,-187500.03,-187500.03,-187500.03,-187500.03,-187500.03,-187500.03,-187500.03,-187500.03,-136279.38,-175185.66,-187500.03,-135713.97,-187500.03,-187500.03,-185890.89
4845.6353,-187500.03,-187500.03,-187500.03,-187500.03,-187500.03,-187500.03,-187500.03,-187500.03,-187500.03,-129985.88,-170571.77,-187500.03,-130520.195,-187500.03,-187500.03,-179252.23
4845.657,-187500.03,-187500.03,-187500.03,-187500.03,-187500.03,-187500.03,-187500.03,-187500.03,-187500.03,-134257.8,-174413.53,-187500.03,-132899.0,-187500.03,-187500.03,-182536.25
4845.6797,-187500.03,-187500.03,-187500.03,-187500.03,-187500.03,-187500.03,-187500.03,-187500.03,-187500.03,-142642.16,-180694.55,-187500.03,-139419.98,-187500.03,-187500.03,-187500.03
4845.702,-187500.03,-187500.03,-187500.03,-187500.03,-187500.03,-187500.03,-187500.03,-187500.03,-187500.03,-137908.86,-176470.22,-187500.03,-136869.25,-187500.03,-187500.03,-187413.81
4845.7246,-187500.03,-187500.03,-187500.03,-187500.03,-187500.03,-187500.03,-187500.03,-187500.03,-187500.03,-130354.08,-170778.89,-187500.03,-130943.97,-187500.03,-187500.03,-179760.94
4845.7466,-187500.03,-187500.03,-187500.03,-187500.03,-187500.03,-187500.03,-187500.03,-187500.03,-187500.03,-132864.67,-173268.98,-187500.03,-131946.89,-187500.03,-187500.03,-181278.48
4845.769,-187500.03,-187500.03,-187500.03,-187500.03,-187500.03,-187500.03,-187500.03,-187500.03,-187500.03,-141907.94,-180224.58,-187500.03,-138732.39,-187500.03,-187500.03,-187500.03
4845.7915,-187500.03,-187500.03,-187500.03,-187500.03,-187500.03,-187500.03,-187500.03,-187500.03,-187500.03,-139472.78,-177728.1,-187500.03,-137933.05,-187500.03,-187500.03,-187500.03
4845.814,-187500.03,-187500.03,-187500.03,-187500.03,-187500.03,-187500.03,-187500.03,-187500.03,-187500.03,-131000.164,-171213.89,-187500.03,-131558.92,-187500.03,-187500.03,-180528.61
4845.8364,-187500.03,-187500.03,-187500.03,-187500.03,-187500.03,-187500.03,-187500.03,-187500.03,-187500.03,-131689.53,-172276.9,-187500.03,-131181.2,-187500.03,-187500.03,-180258.47
4845.8584,-187500.03,-187500.03,-187500.03,-187500.03,-187500.03,-187500.03,-187500.03,-187500.03,-187500.03,-140762.1,-179420.23,-187500.03,-137769.0,-187500.03,-187500.03,-187500.03
4845.881,-187500.03,-187500.03,-187500.03,-187500.03,-187500.03,-187500.03,-187500.03,-187500.03,-187500.03,-140877.22,-178887.73,-187500.03,-138836.72,-187500.03,-187500.03,-187500.03
4845.9033,-187500.03,-187500.03,-187500.03,-187500.03,-187500.03,-187500.03,-187500.03,-187500.03,-187500.03,-131932.33,-171881.08,-187500.03,-132365.72,-187500.03,-187500.03,-181546.78
4845.926,-187500.03,-187500.03,-187500.03,-187500.03,-187500.03,-187500.03,-187500.03,-187500.03,-187500.03,-130794.48,-171488.22,-187500.03,-130646.336,-187500.03,-187500.03,-179530.22
4845.9478,-187500.03,-187500.03,-187500.03,-187500.03,-187500.03,-187500.03,-187500.03,-187500.03,-187500.03,-139326.28,-178363.17,-187500.03,-136629.27,-187500.03,-187500.03,-187383.31
4845.97,-187500.03,-187500.03,-187500.03,-187500.03,-187500.03,-187500.03,-187500.03,-187500.03,-187500.03,-141987.95,-179840.77,-187500.03,-139492.8,-187500.03,-187500.03,-187500.03
4845.9927,-187500.03,-187500.03,-187500.03,-187500.03,-187500.03,-187500.03,-187500.03,-187500.03,-187500.03,-133116.39,-172760.84,-187500.03,-133325.52,-187500.03,-187500.03,-182778.28
4846.015,-187500.03,-187500.03,-187500.03,-187500.03,-187500.03,-187500.03,-187500.03,-187500.03,-187500.03,-130197.96,-170929.89,-187500.03,-130346.77,-187500.03,-187500.03,-179106.02
4846.0376,-187500.03,-187500.03,-187500.03,-187500.03,-187500.03,-187500.03,-187500.03,-187500.03,-187500.03,-137696.4,-177127.44,-187500.03,-135387.33,-187500.03,-187500.03,-185775.88
4846.0596,-187500.03,-187500.03,-187500.03,-187500.03,-187500.03,-187500.03,-187500.03,-187500.03,-187500.03,-142701.42,-180501.22,-187500.03,-139838.27,-187500.03,-187500.03,-187500.03
4846.082,-187500.03,-187500.03,-187500.03,-187500.03,-187500.03,-187500.03,-187500.03,-187500.03,-187500.03,-134538.75,-173838.47,-187500.03,-134424.53,-187500.03,-187500.03,-184200.7
4846.1045,-187500.03,-187500.03,-187500.03,-187500.03,-187500.03,-187500.03,-187500.03,-187500.03,-187500.03,-129930.336,-170626.53,-187500.03,-130302.04,-187500.03,-187500.03,-179011.16
4846.127,-187500.03,-187500.03,-187500.03,-187500.03,-187500.03,-187500.03,-187500.03,-187500.03,-187500.03,-136032.03,-175830.86,-187500.03,-134159.33,-187500.03,-187500.03,-184182.2
4846.149,-187500.03,-187500.03,-187500.03,-187500.03,-187500.03,-187500.03,-187500.03,-187500.03,-187500.03,-142949.4,-180808.38,-187500.03,-139836.67,-187500.03,-187500.03,-187500.03
4846.1714,-187500.03,-187500.03,-187500.03,-187500.03,-187500.03,-187500.03,-187500.03,-187500.03,-187500.03,-136112.67,-175055.89,-187500.03,-135593.27,-187500.03,-187500.03,-185728.22
4846.194,-187500.03,-187500.03,-187500.03,-187500.03,-187500.03,-187500.03,-187500.03,-187500.03,-187500.03,-129967.33,-170565.61,-187500.03,-130489.96,-187500.03,-187500.03,-179212.2
4846.2163,-187500.03,-187500.03,-187500.03,-187500.03,-187500.03,-187500.03,-187500.03,-187500.03,-187500.03,-134429.78,-174551.84,-187500.03,-133017.95,-187500.03,-187500.03,-182687.66
4846.239,-187500.03,-187500.03,-187500.03,-187500.03,-187500.03,-187500.03,-187500.03,-187500.03,-187500.03,-142700.77,-180727.36,-187500.03,-139478.38,-187500.03,-187500.03,-187500.03
4846.2607,-187500.03,-187500.03,-187500.03,-187500.03,-187500.03,-187500.03,-187500.03,-187500.03,-187500.03,-137750.58,-176343.0,-187500.03,-136756.52,-187500.03,-187500.03,-187262.83
4846.283,-187500.03,-187500.03,-187500.03,-187500.03,-187500.03,-187500.03,-187500.03,-187500.03,-187500.03,-130311.86,-170752.72,-187500.03,-130896.0,-187500.03,-187500.03,-179700.77
4846.3057,-187500.03,-187500.03,-187500.03,-187500.03,-187500.03,-187500.03,-187500.03,-187500.03,-187500.03,-132986.89,-173369.92,-187500.03,-132025.75,-187500.03,-187500.03,-181382.11
4846.328,-187500.03,-187500.03,-187500.03,-187500.03,-187500.03,-187500.03,-187500.03,-187500.03,-187500.03,-141995.55,-180283.92,-187500.03,-138806.17,-187500.03,-187500.03,-187500.03
4846.35,-187500.03,-187500.03,-187500.03,-187500.03,-187500.03,-187500.03,-187500.03,-187500.03,-187500.03,-139356.94,-177633.08,-187500.03,-137854.19,-187500.03,-187500.03,-187500.03
4846.3726,-187500.03,-187500.03,-187500.03,-187500.03,-187500.03,-187500.03,-187500.03,-187500.03,-187500.03,-130948.17,-171176.23,-187500.03,-131507.4,-187500.03,-187500.03,-180461.48
4846.395,-187500.03,-187500.03,-187500.03,-187500.03,-187500.03,-187500.03,-187500.03,-187500.03,-187500.03,-131782.78,-172352.62,-187500.03,-131238.1,-187500.03,-187500.03,-180334.2
4846.4175,-187500.03,-187500.03,-187500.03,-187500.03,-187500.03,-187500.03,-187500.03,-187500.03,-187500.03,-140883.6,-179504.95,-187500.03,-137863.98,-187500.03,-187500.03,-187500.03
4846.4395,-187500.03,-187500.03,-187500.03,-187500.03,-187500.03,-187500.03,-187500.03,-187500.03,-187500.03,-140797.6,-178816.69,-187500.03,-138788.38,-187500.03,-187500.03,-187500.03
4846.462,-187500.03,-187500.03,-187500.03,-187500.03,-187500.03,-187500.03,-187500.03,-187500.03,-187500.03,-131864.9,-171831.6,-187500.03,-132307.78,-187500.03,-187500.03,-181477.4
4846.4844,-187500.03,-187500.03,-187500.03,-187500.03,-187500.03,-187500.03,-187500.03,-187500.03,-187500.03,-130856.27,-171542.1,-187500.03,-130680.01,-187500.03,-187500.03,-179582.55
4846.507,-187500.03,-187500.03,-187500.03,-187500.03,-187500.03,-187500.03,-187500.03,-187500.03,-187500.03,-139452.12,-178455.39,-187500.03,-136724.12,-187500.03,-187500.03,-187500.03
4846.5293,-187500.03,-187500.03,-187500.03,-187500.03,-187500.03,-187500.03,-187500.03,-187500.03,-187500.03,-141941.34,-179792.31,-187500.03,-139469.66,-187500.03,-187500.03,-187500.03
4846.5513,-187500.03,-187500.03,-187500.03,-187500.03,-187500.03,-187500.03,-187500.03,-187500.03,-187500.03,-133044.31,-172700.36,-187500.03,-133268.7,-187500.03,-187500.03,-182707.34
4846.5737,-187500.03,-187500.03,-187500.03,-187500.03,-187500.03,-187500.03,-187500.03,-187500.03,-187500.03,-130248.02,-170967.58,-187500.03,-130373.24,-187500.03,-187500.03,-179147.6
4846.596,-187500.03,-187500.03,-187500.03,-187500.03,-187500.03,-187500.03,-187500.03,-187500.03,-187500.03,-137844.98,-177234.3,-187500.03,-135496.08,-187500.03,-187500.03,-185923.06
4846.6187,-187500.03,-187500.03,-187500.03,-187500.03,-187500.03,-187500.03,-187500.03,-187500.03,-187500.03,-142697.66,-180483.42,-187500.03,-139847.88,-187500.03,-187500.03,-187500.03
4846.6406,-187500.03,-187500.03,-187500.03,-187500.03,-187500.03,-187500.03,-187500.03,-187500.03,-187500.03,-134447.8,-173763.4,-187500.03,-134356.42,-187500.03,-187500.03,-184117.06
4846.663,-187500.03,-187500.03,-187500.03,-187500.03,-187500.03,-187500.03,-187500.03,-187500.03,-187500.03,-129956.16,-170646.69,-187500.03,-130310.43,-187500.03,-187500.03,-179028.06
4846.6855,-187500.03,-187500.03,-187500.03,-187500.03,-187500.03,-187500.03,-187500.03,-187500.03,-187500.03,-136177.83,-175939.34,-187500.03,-134265.39,-187500.03,-187500.03,-184322.47
4846.708,-187500.03,-187500.03,-187500.03,-187500.03,-187500.03,-187500.03,-187500.03,-187500.03,-187500.03,-142978.19,-180815.98,-187500.03,-139873.95,-187500.03,-187500.03,-187500.03
4846.7305,-187500.03,-187500.03,-187500.03,-187500.03,-187500.03,-187500.03,-187500.03,-187500.03,-187500.03,-136009.95,-174969.83,-187500.03,-135522.23,-187500.03,-187500.03,-185632.2
4846.7524,-187500.03,-187500.03,-187500.03,-187500.03,-187500.03,-187500.03,-187500.03,-187500.03,-187500.03,-129974.14,-170572.7,-187500.03,-130484.64,-187500.03,-187500.03,-179208.53
4846.775,-187500.03,-187500.03,-187500.03,-187500.03,-187500.03,-187500.03,-187500.03,-187500.03,-187500.03,-134574.62,-174664.45,-187500.03,-133122.5,-187500.03,-187500.03,-182825.92
4846.7974,-187500.03,-187500.03,-187500.03,-187500.03,-187500.03,-187500.03,-187500.03,-187500.03,-187500.03,-142772.88,-180771.77,-187500.03,-139547.78,-187500.03,-187500.03,-187500.03
4846.82,-187500.03,-187500.03,-187500.03,-187500.03,-187500.03,-187500.03,-187500.03,-187500.03,-187500.03,-137638.86,-176251.66,-187500.03,-136683.53,-187500.03,-187500.03,-187165.48
4846.842,-187500.03,-187500.03,-187500.03,-187500.03,-187500.03,-187500.03,-187500.03,-187500.03,-187500.03,-130293.99,-170743.16,-187500.03,-130873.35,-187500.03,-187500.03,-179673.25
4846.8643,-187500.03,-187500.03,-187500.03,-187500.03,-187500.03,-187500.03,-187500.03,-187500.03,-187500.03,-133116.52,-173476.69,-187500.03,-132115.95,-187500.03,-187500.03,-181498.92
4846.8867,-187500.03,-187500.03,-187500.03,-187500.03,-187500.03,-187500.03,-187500.03,-187500.03,-187500.03,-142093.31,-180353.3,-187500.03,-138889.25,-187500.03,-187500.03,-187500.03
4846.909,-187500.03,-187500.03,-187500.03,-187500.03,-187500.03,-187500.03,-187500.03,-187500.03,-187500.03,-139246.3,-177543.58,-187500.03,-137781.72,-187500.03,-187500.03,-187500.03
4846.9316,-187500.03,-187500.03,-187500.03,-187500.03,-187500.03,-187500.03,-187500.03,-187500.03,-187500.03,-130902.9,-171148.81,-187500.03,-131462.95,-187500.03,-187500.03,-180406.86
4846.9536,-187500.03,-187500.03,-187500.03,-187500.03,-187500.03,-187500.03,-187500.03,-187500.03,-187500.03,-131883.64,-172440.05,-187500.03,-131302.17,-187500.03,-187500.03,-180421.47
4846.976,-187500.03,-187500.03,-187500.03,-187500.03,-187500.03,-187500.03,-187500.03,-187500.03,-187500.03,-140996.47,-179589.19,-187500.03,-137953.83,-187500.03,-187500.03,-187500.03
4846.9985,-187500.03,-187500.03,-187500.03,-187500.03,-187500.03,-187500.03,-187500.03,-187500.03,-187500.03,-140694.72,-178732.44,-187500.03,-138722.52,-187500.03,-187500.03,-187500.03
4847.021,-187500.03,-187500.03,-187500.03,-187500.03,-187500.03,-187500.03,-187500.03,-187500.03,-187500.03,-131788.61,-171777.38,-187500.03,-132240.06,-187500.03,-187500.03,-181389.16
4847.043,-187500.03,-187500.03,-187500.03,-187500.03,-187500.03,-187500.03,-187500.03,-187500.03,-187500.03,-130940.54,-171617.61,-187500.03,-130731.51,-187500.03,-187500.03,-179646.48
4847.0654,-187500.03,-187500.03,-187500.03,-187500.03,-187500.03,-187500.03,-187500.03,-187500.03,-187500.03,-139598.84,-178569.45,-187500.03,-136839.75,-187500.03,-187500.03,-187500.03
4847.088,-187500.03,-187500.03,-187500.03,-187500.03,-187500.03,-187500.03,-187500.03,-187500.03,-187500.03,-141862.17,-179726.95,-187500.03,-139428.06,-187500.03,-187500.03,-187500.03
4847.1104,-187500.03,-187500.03,-187500.03,-187500.03,-187500.03,-187500.03,-187500.03,-187500.03,-187500.03,-132931.75,-172620.61,-187500.03,-133176.97,-187500.03,-187500.03,-182583.77
4847.133,-187500.03,-187500.03,-187500.03,-187500.03,-187500.03,-187500.03,-187500.03,-187500.03,-187500.03,-130314.42,-171035.25,-187500.03,-130407.26,-187500.03,-187500.03,-179190.02
4847.155,-187500.03,-187500.03,-187500.03,-187500.03,-187500.03,-187500.03,-187500.03,-187500.03,-187500.03,-138032.17,-177386.1,-187500.03,-135638.47,-187500.03,-187500.03,-186102.23
4847.1772,-187500.03,-187500.03,-187500.03,-187500.03,-187500.03,-187500.03,-187500.03,-187500.03,-187500.03,-142637.47,-180433.6,-187500.03,-139825.52,-187500.03,-187500.03,-187500.03
4847.1997,-187500.03,-187500.03,-187500.03,-187500.03,-187500.03,-187500.03,-187500.03,-187500.03,-187500.03,-134285.02,-173647.6,-187500.03,-134233.98,-187500.03,-187500.03,-183950.08
4847.222,-187500.03,-187500.03,-187500.03,-187500.03,-187500.03,-187500.03,-187500.03,-187500.03,-187500.03,-129987.41,-170689.9,-187500.03,-130317.85,-187500.03,-187500.03,-179034.4
4847.244,-187500.03,-187500.03,-187500.03,-187500.03,-187500.03,-187500.03,-187500.03,-187500.03,-187500.03,-136367.14,-176096.08,-187500.03,-134403.44,-187500.03,-187500.03,-184496.81
4847.2666,-187500.03,-187500.03,-187500.03,-187500.03,-187500.03,-187500.03,-187500.03,-187500.03,-187500.03,-142968.12,-180802.56,-187500.03,-139881.45,-187500.03,-187500.03,-187500.03
4847.289,-187500.03,-187500.03,-187500.03,-187500.03,-187500.03,-187500.03,-187500.03,-187500.03,-187500.03,-135826.89,-174835.4,-187500.03,-135380.88,-187500.03,-187500.03,-185452.8
4847.3115,-187500.03,-187500.03,-187500.03,-187500.03,-187500.03,-187500.03,-187500.03,-187500.03,-187500.03,-129969.72,-170588.94,-187500.03,-130457.46,-187500.03,-187500.03,-179184.16
4847.334,-187500.03,-187500.03,-187500.03,-187500.03,-187500.03,-187500.03,-187500.03,-187500.03,-187500.03,-134771.53,-174832.19,-187500.03,-133258.5,-187500.03,-187500.03,-183009.67
4847.356,-187500.03,-187500.03,-187500.03,-187500.03,-187500.03,-187500.03,-187500.03,-187500.03,-187500.03,-142829.28,-180812.2,-187500.03,-139607.42,-187500.03,-187500.03,-187500.03
4847.3784,-187500.03,-187500.03,-187500.03,-187500.03,-187500.03,-187500.03,-187500.03,-187500.03,-187500.03,-137445.92,-176108.03,-187500.03,-136546.97,-187500.03,-187500.03,-186988.45
4847.401,-187500.03,-187500.03,-187500.03,-187500.03,-187500.03,-187500.03,-187500.03,-187500.03,-187500.03,-130245.21,-170722.38,-187500.03,-130818.81,-187500.03,-187500.03,-179613.1
4847.4233,-187500.03,-187500.03,-187500.03,-187500.03,-187500.03,-187500.03,-187500.03,-187500.03,-187500.03,-133280.22,-173618.61,-187500.03,-132227.62,-187500.03,-187500.03,-181652.66
4847.4453,-187500.03,-187500.03,-187500.03,-187500.03,-187500.03,-187500.03,-187500.03,-187500.03,-187500.03,-142193.9,-180426.48,-187500.03,-138980.36,-187500.03,-187500.03,-187500.03
4847.468,-187500.03,-187500.03,-187500.03,-187500.03,-187500.03,-187500.03,-187500.03,-187500.03,-187500.03,-139083.81,-177418.28,-187500.03,-137674.66,-187500.03,-187500.03,-187500.03
4847.49,-187500.03,-187500.03,-187500.03,-187500.03,-187500.03,-187500.03,-187500.03,-187500.03,-187500.03,-130827.98,-171104.38,-187500.03,-131394.8,-187500.03,-187500.03,-180328.98
4847.5127,-187500.03,-187500.03,-187500.03,-187500.03,-187500.03,-187500.03,-187500.03,-187500.03,-187500.03,-132010.83,-172556.16,-187500.03,-131387.94,-187500.03,-187500.03,-180540.1
4847.535,-187500.03,-187500.03,-187500.03,-187500.03,-187500.03,-187500.03,-187500.03,-187500.03,-187500.03,-141140.03,-179699.52,-187500.03,-138075.53,-187500.03,-187500.03,-187500.03
4847.557,-187500.03,-187500.03,-187500.03,-187500.03,-187500.03,-187500.03,-187500.03,-187500.03,-187500.03,-140566.98,-178631.62,-187500.03,-138648.36,-187500.03,-187500.03,-187500.03
4847.5796,-187500.03,-187500.03,-187500.03,-187500.03,-187500.03,-187500.03,-187500.03,-187500.03,-187500.03,-131690.22,-171711.48,-187500.03,-132161.03,-187500.03,-187500.03,-181291.2
4847.602,-187500.03,-187500.03,-187500.03,-187500.03,-187500.03,-187500.03,-187500.03,-187500.03,-187500.03,-131021.4,-171692.78,-187500.03,-130779.234,-187500.03,-187500.03,-179715.9
4847.6245,-187500.03,-187500.03,-187500.03,-187500.03,-187500.03,-187500.03,-187500.03,-187500.03,-187500.03,-139739.73,-178676.1,-187500.03,-136949.19,-187500.03,-187500.03,-187500.03
4847.6465,-187500.03,-187500.03,-187500.03,-187500.03,-187500.03,-187500.03,-187500.03,-187500.03,-187500.03,-141782.5,-179659.39,-187500.03,-139383.5,-187500.03,-187500.03,-187500.03
4847.669,-187500.03,-187500.03,-187500.03,-187500.03,-187500.03,-187500.03,-187500.03,-187500.03,-187500.03,-132833.45,-172551.62,-187500.03,-133099.39,-187500.03,-187500.03,-182491.1
4847.6914,-187500.03,-187500.03,-187500.03,-187500.03,-187500.03,-187500.03,-187500.03,-187500.03,-187500.03,-130348.38,-171072.75,-187500.03,-130421.164,-187500.03,-187500.03,-179215.31
4847.714,-187500.03,-187500.03,-187500.03,-187500.03,-187500.03,-187500.03,-187500.03,-187500.03,-187500.03,-138146.33,-177475.77,-187500.03,-135724.17,-187500.03,-187500.03,-186216.11
4847.7363,-187500.03,-187500.03,-187500.03,-187500.03,-187500.03,-187500.03,-187500.03,-187500.03,-187500.03,-142602.95,-180399.08,-187500.03,-139810.66,-187500.03,-187500.03,-187500.03
4847.7583,-187500.03,-187500.03,-187500.03,-187500.03,-187500.03,-187500.03,-187500.03,-187500.03,-187500.03,-134191.94,-173574.38,-187500.03,-134161.14,-187500.03,-187500.03,-183861.12
4847.781,-187500.03,-187500.03,-187500.03,-187500.03,-187500.03,-187500.03,-187500.03,-187500.03,-187500.03,-129991.25,-170696.94,-187500.03,-130307.57,-187500.03,-187500.03,-179030.69
4847.803,-187500.03,-187500.03,-187500.03,-187500.03,-187500.03,-187500.03,-187500.03,-187500.03,-187500.03,-136473.72,-176178.69,-187500.03,-134479.53,-187500.03,-187500.03,-184603.28
4847.8257,-187500.03,-187500.03,-187500.03,-187500.03,-187500.03,-187500.03,-187500.03,-187500.03,-187500.03,-142962.53,-180791.66,-187500.03,-139889.9,-187500.03,-187500.03,-187500.03
4847.8477,-187500.03,-187500.03,-187500.03,-187500.03,-187500.03,-187500.03,-187500.03,-187500.03,-187500.03,-135727.16,-174759.1,-187500.03,-135309.95,-187500.03,-187500.03,-185365.44
4847.87,-187500.03,-187500.03,-187500.03,-187500.03,-187500.03,-187500.03,-187500.03,-187500.03,-187500.03,-129948.06,-170576.42,-187500.03,-130432.92,-187500.03,-187500.03,-179157.52
4847.8926,-187500.03,-187500.03,-187500.03,-187500.03,-187500.03,-187500.03,-187500.03,-187500.03,-187500.03,-134844.1,-174889.05,-187500.03,-133308.62,-187500.03,-187500.03,-183076.95
4847.915,-187500.03,-187500.03,-187500.03,-187500.03,-187500.03,-187500.03,-187500.03,-187500.03,-187500.03,-142839.34,-180812.25,-187500.03,-139624.47,-187500.03,-187500.03,-187500.03
4847.9375,-187500.03,-187500.03,-187500.03,-187500.03,-187500.03,-187500.03,-187500.03,-187500.03,-187500.03,-137345.9,-176027.86,-187500.03,-136475.06,-187500.03,-187500.03,-186899.4
4847.9595,-187500.03,-187500.03,-187500.03,-187500.03,-187500.03,-187500.03,-187500.03,-187500.03,-187500.03,-130208.91,-170697.53,-187500.03,-130779.74,-187500.03,-187500.03,-179571.34
4847.982,-187500.03,-187500.03,-187500.03,-187500.03,-187500.03,-187500.03,-187500.03,-187500.03,-187500.03,-133376.34,-173697.36,-187500.03,-132289.69,-187500.03,-187500.03,-181740.75
4848.0044,-187500.03,-187500.03,-187500.03,-187500.03,-187500.03,-187500.03,-187500.03,-187500.03,-187500.03,-142249.92,-180461.06,-187500.03,-139031.52,-187500.03,-187500.03,-187500.03
4848.027,-187500.03,-187500.03,-187500.03,-187500.03,-187500.03,-187500.03,-187500.03,-187500.03,-187500.03,-138932.08,-177294.84,-187500.03,-137568.94,-187500.03,-187500.03,-187500.03
4848.049,-187500.03,-187500.03,-187500.03,-187500.03,-187500.03,-187500.03,-187500.03,-187500.03,-187500.03,-130749.3,-171047.05,-187500.03,-131322.36,-187500.03,-187500.03,-180236.72
4848.0713,-187500.03,-187500.03,-187500.03,-187500.03,-187500.03,-187500.03,-187500.03,-187500.03,-187500.03,-132101.31,-172632.19,-187500.03,-131442.1,-187500.03,-187500.03,-180611.28
4848.0938,-187500.03,-187500.03,-187500.03,-187500.03,-187500.03,-187500.03,-187500.03,-187500.03,-187500.03,-141240.34,-179767.73,-187500.03,-138156.42,-187500.03,-187500.03,-187500.03
4848.116,-187500.03,-187500.03,-187500.03,-187500.03,-187500.03,-187500.03,-187500.03,-187500.03,-187500.03,-140420.0,-178508.42,-187500.03,-138547.0,-187500.03,-187500.03,-187500.03
4848.1387,-187500.03,-187500.03,-187500.03,-187500.03,-187500.03,-187500.03,-187500.03,-187500.03,-187500.03,-131584.05,-171632.36,-187500.03,-132063.92,-187500.03,-187500.03,-181170.33
4848.1606,-187500.03,-187500.03,-187500.03,-187500.03,-187500.03,-187500.03,-187500.03,-187500.03,-187500.03,-131096.2,-171759.62,-187500.03,-130816.53,-187500.03,-187500.03,-179770.19
4848.183,-187500.03,-187500.03,-187500.03,-187500.03,-187500.03,-187500.03,-187500.03,-187500.03,-187500.03,-139885.66,-178782.31,-187500.03,-137060.7,-187500.03,-187500.03,-187500.03
4848.2056,-187500.03,-187500.03,-187500.03,-187500.03,-187500.03,-187500.03,-187500.03,-187500.03,-187500.03,-141649.56,-179544.7,-187500.03,-139300.4,-187500.03,-187500.03,-187500.03
4848.228,-187500.03,-187500.03,-187500.03,-187500.03,-187500.03,-187500.03,-187500.03,-187500.03,-187500.03,-132683.12,-172438.14,-187500.03,-132976.6,-187500.03,-187500.03,-182334.47
4848.25,-187500.03,-187500.03,-187500.03,-187500.03,-187500.03,-187500.03,-187500.03,-187500.03,-187500.03,-130387.875,-171112.19,-187500.03,-130431.53,-187500.03,-187500.03,-179234.44
4848.2725,-187500.03,-187500.03,-187500.03,-187500.03,-187500.03,-187500.03,-187500.03,-187500.03,-187500.03,-138301.58,-177590.36,-187500.03,-135836.11,-187500.03,-187500.03,-186366.44
4848.295,-187500.03,-187500.03,-187500.03,-187500.03,-187500.03,-187500.03,-187500.03,-187500.03,-187500.03,-142520.39,-180319.5,-187500.03,-139760.8,-187500.03,-187500.03,-187500.03
4848.3174,-187500.03,-187500.03,-187500.03,-187500.03,-187500.03,-187500.03,-187500.03,-187500.03,-187500.03,-134035.22,-173452.23,-187500.03,-134032.5,-187500.03,-187500.03,-183707.3
4848.3394,-187500.03,-187500.03,-187500.03,-187500.03,-187500.03,-187500.03,-187500.03,-187500.03,-187500.03,-130000.055,-170710.94,-187500.03,-130292.875,-187500.03,-187500.03,-179025.2
4848.362,-187500.03,-187500.03,-187500.03,-187500.03,-187500.03,-187500.03,-187500.03,-187500.03,-187500.03,-136611.77,-176284.12,-187500.03,-134573.58,-187500.03,-187500.03,-184735.3
4848.3843,-187500.03,-187500.03,-187500.03,-187500.03,-187500.03,-187500.03,-187500.03,-187500.03,-187500.03,-142938.19,-180758.25,-187500.03,-139881.48,-187500.03,-187500.03,-187500.03
4848.4067,-187500.03,-187500.03,-187500.03,-187500.03,-187500.03,-187500.03,-187500.03,-187500.03,-187500.03,-135582.38,-174642.33,-187500.03,-135197.56,-187500.03,-187500.03,-185225.66
4848.429,-187500.03,-187500.03,-187500.03,-187500.03,-187500.03,-187500.03,-187500.03,-187500.03,-187500.03,-129933.0,-170567.66,-187500.03,-130402.85,-187500.03,-187500.03,-179128.56
4848.451,-187500.03,-187500.03,-187500.03,-187500.03,-187500.03,-187500.03,-187500.03,-187500.03,-187500.03,-134963.67,-174980.28,-187500.03,-133386.52,-187500.03,-187500.03,-183186.55
4848.4736,-187500.03,-187500.03,-187500.03,-187500.03,-187500.03,-187500.03,-187500.03,-187500.03,-187500.03,-142851.64,-180805.44,-187500.03,-139638.44,-187500.03,-187500.03,-187500.03
4848.496,-187500.03,-187500.03,-187500.03,-187500.03,-187500.03,-187500.03,-187500.03,-187500.03,-187500.03,-137208.28,-175912.64,-187500.03,-136369.14,-187500.03,-187500.03,-186768.38
4848.5186,-187500.03,-187500.03,-187500.03,-187500.03,-187500.03,-187500.03,-187500.03,-187500.03,-187500.03,-130172.03,-170669.4,-187500.03,-130733.15,-187500.03,-187500.03,-179520.66
4848.5405,-187500.03,-187500.03,-187500.03,-187500.03,-187500.03,-187500.03,-187500.03,-187500.03,-187500.03,-133453.81,-173757.08,-187500.03,-132332.11,-187500.03,-187500.03,-181805.03
4848.563,-187500.03,-187500.03,-187500.03,-187500.03,-187500.03,-187500.03,-187500.03,-187500.03,-187500.03,-142289.47,-180480.88,-187500.03,-139060.89,-187500.03,-187500.03,-187500.03
4848.5854,-187500.03,-187500.03,-187500.03,-187500.03,-187500.03,-187500.03,-187500.03,-187500.03,-187500.03,-138834.81,-177211.45,-187500.03,-137495.31,-187500.03,-187500.03,-187500.03
4848.608,-187500.03,-187500.03,-187500.03,-187500.03,-187500.03,-187500.03,-187500.03,-187500.03,-187500.03,-130708.4,-171014.14,-187500.03,-131277.14,-187500.03,-187500.03,-180186.52
4848.6304,-187500.03,-187500.03,-187500.03,-187500.03,-187500.03,-187500.03,-187500.03,-187500.03,-187500.03,-132159.38,-172676.19,-187500.03,-131471.58,-187500.03,-187500.03,-180657.94
4848.6523,-187500.03,-187500.03,-187500.03,-187500.03,-187500.03,-187500.03,-187500.03,-187500.03,-187500.03,-141297.38,-179801.16,-187500.03,-138196.81,-187500.03,-187500.03,-187500.03
4848.675,-187500.03,-187500.03,-187500.03,-187500.03,-187500.03,-187500.03,-187500.03,-187500.03,-187500.03,-140337.25,-178433.69,-187500.03,-138486.7,-187500.03,-187500.03,-187500.03
4848.6973,-187500.03,-187500.03,-187500.03,-187500.03,-187500.03,-187500.03,-187500.03,-187500.03,-187500.03,-131520.52,-171581.12,-187500.03,-132005.62,-187500.03,-187500.03,-181101.36
4848.7197,-187500.03,-187500.03,-187500.03,-187500.03,-187500.03,-187500.03,-187500.03,-187500.03,-187500.03,-131133.16,-171787.84,-187500.03,-130831.06,-187500.03,-187500.03,-179796.73
4848.7417,-187500.03,-187500.03,-187500.03,-187500.03,-187500.03,-187500.03,-187500.03,-187500.03,-187500.03,-139965.98,-178835.16,-187500.03,-137118.88,-187500.03,-187500.03,-187500.03
4848.764,-187500.03,-187500.03,-187500.03,-187500.03,-187500.03,-187500.03,-187500.03,-187500.03,-187500.03,-141594.22,-179489.08,-187500.03,-139264.1,-187500.03,-187500.03,-187500.03
4848.7866,-187500.03,-187500.03,-187500.03,-187500.03,-187500.03,-187500.03,-187500.03,-187500.03,-187500.03,-132617.1,-172382.27,-187500.03,-132918.1,-187500.03,-187500.03,-182264.27
4848.809,-187500.03,-187500.03,-187500.03,-187500.03,-187500.03,-187500.03,-187500.03,-187500.03,-187500.03,-130423.125,-171137.72,-187500.03,-130442.086,-187500.03,-187500.03,-179258.47
4848.8315,-187500.03,-187500.03,-187500.03,-187500.03,-187500.03,-187500.03,-187500.03,-187500.03,-187500.03,-138404.48,-177660.53,-187500.03,-135906.73,-187500.03,-187500.03,-186465.52
4848.8535,-187500.03,-187500.03,-187500.03,-187500.03,-187500.03,-187500.03,-187500.03,-187500.03,-187500.03,-142485.36,-180278.05,-187500.03,-139741.89,-187500.03,-187500.03,-187500.03
4848.876,-187500.03,-187500.03,-187500.03,-187500.03,-187500.03,-187500.03,-187500.03,-187500.03,-187500.03,-133939.03,-173373.47,-187500.03,-133956.81,-187500.03,-187500.03,-183610.84
4848.8984,-187500.03,-187500.03,-187500.03,-187500.03,-187500.03,-187500.03,-187500.03,-187500.03,-187500.03,-130016.836,-170726.05,-187500.03,-130290.984,-187500.03,-187500.03,-179028.55
4848.921,-187500.03,-187500.03,-187500.03,-187500.03,-187500.03,-187500.03,-187500.03,-187500.03,-187500.03,-136737.11,-176377.1,-187500.03,-134662.02,-187500.03,-187500.03,-184852.11
4848.943,-187500.03,-187500.03,-187500.03,-187500.03,-187500.03,-187500.03,-187500.03,-187500.03,-187500.03,-142926.1,-180734.2,-187500.03,-139883.69,-187500.03,-187500.03,-187500.03
4848.9653,-187500.03,-187500.03,-187500.03,-187500.03,-187500.03,-187500.03,-187500.03,-187500.03,-187500.03,-135447.69,-174530.67,-187500.03,-135093.58,-187500.03,-187500.03,-185090.53
4848.988,-187500.03,-187500.03,-187500.03,-187500.03,-187500.03,-187500.03,-187500.03,-187500.03,-187500.03,-129923.52,-170560.81,-187500.03,-130377.5,-187500.03,-187500.03,-179101.4
4849.0103,-187500.03,-187500.03,-187500.03,-187500.03,-187500.03,-187500.03,-187500.03,-187500.03,-187500.03,-135091.95,-175077.02,-187500.03,-133471.88,-187500.03,-187500.03,-183300.94
4849.0327,-187500.03,-187500.03,-187500.03,-187500.03,-187500.03,-187500.03,-187500.03,-187500.03,-187500.03,-142884.05,-180816.19,-187500.03,-139671.78,-187500.03,-187500.03,-187500.03
4849.0547,-187500.03,-187500.03,-187500.03,-187500.03,-187500.03,-187500.03,-187500.03,-187500.03,-187500.03,-137073.75,-175800.42,-187500.03,-136270.98,-187500.03,-187500.03,-186639.31
4849.077,-187500.03,-187500.03,-187500.03,-187500.03,-187500.03,-187500.03,-187500.03,-187500.03,-187500.03,-130137.65,-170643.78,-187500.03,-130692.6,-187500.03,-187500.03,-179472.4
4849.0996,-187500.03,-187500.03,-187500.03,-187500.03,-187500.03,-187500.03,-187500.03,-187500.03,-187500.03,-133563.86,-173840.19,-187500.03,-132403.19,-187500.03,-187500.03,-181900.16
4849.122,-187500.03,-187500.03,-187500.03,-187500.03,-187500.03,-187500.03,-187500.03,-187500.03,-187500.03,-142357.42,-180515.95,-187500.03,-139119.56,-187500.03,-187500.03,-187500.03
4849.144,-187500.03,-187500.03,-187500.03,-187500.03,-187500.03,-187500.03,-187500.03,-187500.03,-187500.03,-138707.62,-177098.16,-187500.03,-137406.34,-187500.03,-187500.03,-187500.03
4849.1665,-187500.03,-187500.03,-187500.03,-187500.03,-187500.03,-187500.03,-187500.03,-187500.03,-187500.03,-130649.12,-170964.4,-187500.03,-131216.77,-187500.03,-187500.03,-180113.62
4849.189,-187500.03,-187500.03,-187500.03,-187500.03,-187500.03,-187500.03,-187500.03,-187500.03,-187500.03,-132251.83,-172746.69,-187500.03,-131523.97,-187500.03,-187500.03,-180733.67
4849.2114,-187500.03,-187500.03,-187500.03,-187500.03,-187500.03,-187500.03,-187500.03,-187500.03,-187500.03,-141396.27,-179864.4,-187500.03,-138273.42,-187500.03,-187500.03,-187500.03
4849.234,-187500.03,-187500.03,-187500.03,-187500.03,-187500.03,-187500.03,-187500.03,-187500.03,-187500.03,-140224.47,-178333.94,-187500.03,-138409.77,-187500.03,-187500.03,-187500.03
4849.256,-187500.03,-187500.03,-187500.03,-187500.03,-187500.03,-187500.03,-187500.03,-187500.03,-187500.03,-131446.05,-171521.5,-187500.03,-131935.58,-187500.03,-187500.03,-181017.48
4849.2783,-187500.03,-187500.03,-187500.03,-187500.03,-187500.03,-187500.03,-187500.03,-187500.03,-187500.03,-131209.06,-171848.77,-187500.03,-130870.52,-187500.03,-187500.03,-179855.38
4849.301,-187500.03,-187500.03,-187500.03,-187500.03,-187500.03,-187500.03,-187500.03,-187500.03,-187500.03,-140083.52,-178916.03,-187500.03,-137204.17,-187500.03,-187500.03,-187500.03
