Tm,Oz,Po7,Po4,Po3,P4,P3,Po8,Pz,Fz,F2,F3,F4,AF3,Cz,AF4,F1
4494.0645,-187500.03,-187500.03,-187500.03,-187500.03,-187500.03,-187500.03,-187500.03,-187500.03,-187500.03,-129731.48,-169869.8,-187500.03,-130206.29,-187500.03,-187500.03,-178436.02
4494.087,-187500.03,-187500.03,-187500.03,-187500.03,-187500.03,-187500.03,-187500.03,-187500.03,-187500.03,-134307.88,-173936.83,-187500.03,-132857.3,-187500.03,-187500.03,-182031.1
4494.1094,-187500.03,-187500.03,-187500.03,-187500.03,-187500.03,-187500.03,-187500.03,-187500.03,-187500.03,-142486.08,-180070.28,-187500.03,-139415.81,-187500.03,-187500.03,-187500.03
4494.1313,-187500.03,-187500.03,-187500.03,-187500.03,-187500.03,-187500.03,-187500.03,-187500.03,-187500.03,-137405.56,-175597.92,-187500.03,-136566.42,-187500.03,-187500.03,-186545.0
4494.154,-187500.03,-187500.03,-187500.03,-187500.03,-187500.03,-187500.03,-187500.03,-187500.03,-187500.03,-130059.66,-170046.02,-187500.03,-130619.06,-187500.03,-187500.03,-178930.92
4494.1763,-187500.03,-187500.03,-187500.03,-187500.03,-187500.03,-187500.03,-187500.03,-187500.03,-187500.03,-132819.08,-172714.98,-187500.03,-131810.05,-187500.03,-187500.03,-180664.56
4494.1987,-187500.03,-187500.03,-187500.03,-187500.03,-187500.03,-187500.03,-187500.03,-187500.03,-187500.03,-141784.92,-179625.42,-187500.03,-138716.3,-187500.03,-187500.03,-187500.03
4494.221,-187500.03,-187500.03,-187500.03,-187500.03,-187500.03,-187500.03,-187500.03,-187500.03,-187500.03,-139048.84,-176918.23,-187500.03,-137707.27,-187500.03,-187500.03,-187500.03
4494.243,-187500.03,-187500.03,-187500.03,-187500.03,-187500.03,-187500.03,-187500.03,-187500.03,-187500.03,-130694.85,-170473.88,-187500.03,-131250.1,-187500.03,-187500.03,-179710.86
4494.2656,-187500.03,-187500.03,-187500.03,-187500.03,-187500.03,-187500.03,-187500.03,-187500.03,-187500.03,-131573.34,-171664.28,-187500.03,-130979.57,-187500.03,-187500.03,-179571.16
4494.288,-187500.03,-187500.03,-187500.03,-187500.03,-187500.03,-187500.03,-187500.03,-187500.03,-187500.03,-140646.95,-178822.88,-187500.03,-137727.14,-187500.03,-187500.03,-187500.03
4494.3105,-187500.03,-187500.03,-187500.03,-187500.03,-187500.03,-187500.03,-187500.03,-187500.03,-187500.03,-140515.2,-178128.72,-187500.03,-138674.94,-187500.03,-187500.03,-187500.03
4494.3325,-187500.03,-187500.03,-187500.03,-187500.03,-187500.03,-187500.03,-187500.03,-187500.03,-187500.03,-131619.4,-171142.05,-187500.03,-132081.28,-187500.03,-187500.03,-180751.66
4494.355,-187500.03,-187500.03,-187500.03,-187500.03,-187500.03,-187500.03,-187500.03,-187500.03,-187500.03,-130624.3,-170832.44,-187500.03,-130399.18,-187500.03,-187500.03,-178790.52
4494.3774,-187500.03,-187500.03,-187500.03,-187500.03,-187500.03,-187500.03,-187500.03,-187500.03,-187500.03,-139190.17,-177744.36,-187500.03,-136537.64,-187500.03,-187500.03,-186794.48
4494.4,-187500.03,-187500.03,-187500.03,-187500.03,-187500.03,-187500.03,-187500.03,-187500.03,-187500.03,-141683.08,-179121.67,-187500.03,-139378.64,-187500.03,-187500.03,-187500.03
4494.422,-187500.03,-187500.03,-187500.03,-187500.03,-187500.03,-187500.03,-187500.03,-187500.03,-187500.03,-132812.03,-172027.66,-187500.03,-133077.9,-187500.03,-187500.03,-182020.78
4494.4443,-187500.03,-187500.03,-187500.03,-187500.03,-187500.03,-187500.03,-187500.03,-187500.03,-187500.03,-129995.42,-170245.44,-187500.03,-130077.18,-187500.03,-187500.03,-178345.66
4494.467,-187500.03,-187500.03,-187500.03,-187500.03,-187500.03,-187500.03,-187500.03,-187500.03,-187500.03,-137535.78,-176481.88,-187500.03,-135245.89,-187500.03,-187500.03,-185131.83
4494.4893,-187500.03,-187500.03,-187500.03,-187500.03,-187500.03,-187500.03,-187500.03,-187500.03,-187500.03,-142430.44,-179804.45,-187500.03,-139746.39,-187500.03,-187500.03,-187500.03
4494.5117,-187500.03,-187500.03,-187500.03,-187500.03,-187500.03,-187500.03,-187500.03,-187500.03,-187500.03,-134240.4,-173112.5,-187500.03,-134211.03,-187500.03,-187500.03,-183476.42
4494.5337,-187500.03,-187500.03,-187500.03,-187500.03,-187500.03,-187500.03,-187500.03,-187500.03,-187500.03,-129694.51,-169911.86,-187500.03,-130016.016,-187500.03,-187500.03,-178230.55
4494.556,-187500.03,-187500.03,-187500.03,-187500.03,-187500.03,-187500.03,-187500.03,-187500.03,-187500.03,-135818.12,-175135.23,-187500.03,-133950.6,-187500.03,-187500.03,-183458.97
4494.5786,-187500.03,-187500.03,-187500.03,-187500.03,-187500.03,-187500.03,-187500.03,-187500.03,-187500.03,-142691.42,-180117.78,-187500.03,-139738.72,-187500.03,-187500.03,-187500.03
4494.601,-187500.03,-187500.03,-187500.03,-187500.03,-187500.03,-187500.03,-187500.03,-187500.03,-187500.03,-135852.55,-174362.58,-187500.03,-135428.81,-187500.03,-187500.03,-185065.17
4494.623,-187500.03,-187500.03,-187500.03,-187500.03,-187500.03,-187500.03,-187500.03,-187500.03,-187500.03,-129723.76,-169844.97,-187500.03,-130205.305,-187500.03,-187500.03,-178443.42
4494.6455,-187500.03,-187500.03,-187500.03,-187500.03,-187500.03,-187500.03,-187500.03,-187500.03,-187500.03,-134148.22,-173795.47,-187500.03,-132732.56,-187500.03,-187500.03,-181878.84
4494.668,-187500.03,-187500.03,-187500.03,-187500.03,-187500.03,-187500.03,-187500.03,-187500.03,-187500.03,-142433.53,-180027.34,-187500.03,-139353.11,-187500.03,-187500.03,-187500.03
4494.6904,-187500.03,-187500.03,-187500.03,-187500.03,-187500.03,-187500.03,-187500.03,-187500.03,-187500.03,-137538.33,-175693.62,-187500.03,-136653.64,-187500.03,-187500.03,-186668.11
4494.713,-187500.03,-187500.03,-187500.03,-187500.03,-187500.03,-187500.03,-187500.03,-187500.03,-187500.03,-130081.1,-170047.4,-187500.03,-130641.97,-187500.03,-187500.03,-178965.64
4494.735,-187500.03,-187500.03,-187500.03,-187500.03,-187500.03,-187500.03,-187500.03,-187500.03,-187500.03,-132679.62,-172590.94,-187500.03,-131703.89,-187500.03,-187500.03,-180535.2
4494.7573,-187500.03,-187500.03,-187500.03,-187500.03,-187500.03,-187500.03,-187500.03,-187500.03,-187500.03,-141688.22,-179548.0,-187500.03,-138621.53,-187500.03,-187500.03,-187500.03
4494.78,-187500.03,-187500.03,-187500.03,-187500.03,-187500.03,-187500.03,-187500.03,-187500.03,-187500.03,-139166.66,-177004.28,-187500.03,-137776.89,-187500.03,-187500.03,-187500.03
4494.8022,-187500.03,-187500.03,-187500.03,-187500.03,-187500.03,-187500.03,-187500.03,-187500.03,-187500.03,-130743.164,-170496.27,-187500.03,-131290.84,-187500.03,-187500.03,-179768.03
4494.824,-187500.03,-187500.03,-187500.03,-187500.03,-187500.03,-187500.03,-187500.03,-187500.03,-187500.03,-131459.42,-171558.36,-187500.03,-130897.03,-187500.03,-187500.03,-179466.02
4494.8467,-187500.03,-187500.03,-187500.03,-187500.03,-187500.03,-187500.03,-187500.03,-187500.03,-187500.03,-140526.52,-178726.19,-187500.03,-137619.73,-187500.03,-187500.03,-187500.03
4494.869,-187500.03,-187500.03,-187500.03,-187500.03,-187500.03,-187500.03,-187500.03,-187500.03,-187500.03,-140619.66,-178206.48,-187500.03,-138732.14,-187500.03,-187500.03,-187500.03
4494.8916,-187500.03,-187500.03,-187500.03,-187500.03,-187500.03,-187500.03,-187500.03,-187500.03,-187500.03,-131694.78,-171188.69,-187500.03,-132139.66,-187500.03,-187500.03,-180831.12
4494.914,-187500.03,-187500.03,-187500.03,-187500.03,-187500.03,-187500.03,-187500.03,-187500.03,-187500.03,-130537.31,-170749.95,-187500.03,-130339.055,-187500.03,-187500.03,-178715.97
4494.936,-187500.03,-187500.03,-187500.03,-187500.03,-187500.03,-187500.03,-187500.03,-187500.03,-187500.03,-139037.45,-177624.72,-187500.03,-136413.58,-187500.03,-187500.03,-186636.31
4494.9585,-187500.03,-187500.03,-187500.03,-187500.03,-187500.03,-187500.03,-187500.03,-187500.03,-187500.03,-141744.55,-179174.2,-187500.03,-139406.53,-187500.03,-187500.03,-187500.03
4494.981,-187500.03,-187500.03,-187500.03,-187500.03,-187500.03,-187500.03,-187500.03,-187500.03,-187500.03,-132906.98,-172095.27,-187500.03,-133151.47,-187500.03,-187500.03,-182120.47
4495.0034,-187500.03,-187500.03,-187500.03,-187500.03,-187500.03,-187500.03,-187500.03,-187500.03,-187500.03,-129938.83,-170189.19,-187500.03,-130043.77,-187500.03,-187500.03,-178309.67
4495.0254,-187500.03,-187500.03,-187500.03,-187500.03,-187500.03,-187500.03,-187500.03,-187500.03,-187500.03,-137368.58,-176348.31,-187500.03,-135112.94,-187500.03,-187500.03,-184972.81
4495.048,-187500.03,-187500.03,-187500.03,-187500.03,-187500.03,-187500.03,-187500.03,-187500.03,-187500.03,-142454.39,-179828.53,-187500.03,-139741.7,-187500.03,-187500.03,-187500.03
4495.0703,-187500.03,-187500.03,-187500.03,-187500.03,-187500.03,-187500.03,-187500.03,-187500.03,-187500.03,-134354.45,-173197.2,-187500.03,-134293.58,-187500.03,-187500.03,-183602.73
4495.093,-187500.03,-187500.03,-187500.03,-187500.03,-187500.03,-187500.03,-187500.03,-187500.03,-187500.03,-129665.766,-169879.05,-187500.03,-130003.586,-187500.03,-187500.03,-178231.72
4495.115,-187500.03,-187500.03,-187500.03,-187500.03,-187500.03,-187500.03,-187500.03,-187500.03,-187500.03,-135652.33,-175002.25,-187500.03,-133824.84,-187500.03,-187500.03,-183311.86
4495.137,-187500.03,-187500.03,-187500.03,-187500.03,-187500.03,-187500.03,-187500.03,-187500.03,-187500.03,-142672.02,-180109.56,-187500.03,-139704.53,-187500.03,-187500.03,-187500.03
4495.1597,-187500.03,-187500.03,-187500.03,-187500.03,-187500.03,-187500.03,-187500.03,-187500.03,-187500.03,-135961.8,-174446.36,-187500.03,-135505.27,-187500.03,-187500.03,-185182.66
4495.182,-187500.03,-187500.03,-187500.03,-187500.03,-187500.03,-187500.03,-187500.03,-187500.03,-187500.03,-129723.266,-169838.22,-187500.03,-130213.96,-187500.03,-187500.03,-178468.42
4495.2046,-187500.03,-187500.03,-187500.03,-187500.03,-187500.03,-187500.03,-187500.03,-187500.03,-187500.03,-134012.38,-173685.72,-187500.03,-132632.11,-187500.03,-187500.03,-181762.36
4495.2266,-187500.03,-187500.03,-187500.03,-187500.03,-187500.03,-187500.03,-187500.03,-187500.03,-187500.03,-142373.05,-179987.78,-187500.03,-139290.88,-187500.03,-187500.03,-187500.03
4495.249,-187500.03,-187500.03,-187500.03,-187500.03,-187500.03,-187500.03,-187500.03,-187500.03,-187500.03,-137640.86,-175777.48,-187500.03,-136721.05,-187500.03,-187500.03,-186767.73
4495.2715,-187500.03,-187500.03,-187500.03,-187500.03,-187500.03,-187500.03,-187500.03,-187500.03,-187500.03,-130103.65,-170062.9,-187500.03,-130666.18,-187500.03,-187500.03,-179003.02
4495.294,-187500.03,-187500.03,-187500.03,-187500.03,-187500.03,-187500.03,-187500.03,-187500.03,-187500.03,-132556.94,-172490.67,-187500.03,-131616.22,-187500.03,-187500.03,-180421.64
4495.3164,-187500.03,-187500.03,-187500.03,-187500.03,-187500.03,-187500.03,-187500.03,-187500.03,-187500.03,-141597.69,-179485.1,-187500.03,-138541.19,-187500.03,-187500.03,-187500.03
4495.3384,-187500.03,-187500.03,-187500.03,-187500.03,-187500.03,-187500.03,-187500.03,-187500.03,-187500.03,-139271.3,-177091.33,-187500.03,-137845.16,-187500.03,-187500.03,-187500.03
4495.361,-187500.03,-187500.03,-187500.03,-187500.03,-187500.03,-187500.03,-187500.03,-187500.03,-187500.03,-130789.92,-170530.1,-187500.03,-131333.73,-187500.03,-187500.03,-179811.67
4495.3833,-187500.03,-187500.03,-187500.03,-187500.03,-187500.03,-187500.03,-187500.03,-187500.03,-187500.03,-131362.75,-171476.47,-187500.03,-130828.65,-187500.03,-187500.03,-179367.81
4495.406,-187500.03,-187500.03,-187500.03,-187500.03,-187500.03,-187500.03,-187500.03,-187500.03,-187500.03,-140405.64,-178635.95,-187500.03,-137513.95,-187500.03,-187500.03,-187500.03
4495.4277,-187500.03,-187500.03,-187500.03,-187500.03,-187500.03,-187500.03,-187500.03,-187500.03,-187500.03,-140704.11,-178276.1,-187500.03,-138776.56,-187500.03,-187500.03,-187500.03
4495.45,-187500.03,-187500.03,-187500.03,-187500.03,-187500.03,-187500.03,-187500.03,-187500.03,-187500.03,-131760.1,-171231.83,-187500.03,-132190.48,-187500.03,-187500.03,-180887.11
4495.4727,-187500.03,-187500.03,-187500.03,-187500.03,-187500.03,-187500.03,-187500.03,-187500.03,-187500.03,-130464.03,-170679.14,-187500.03,-130287.24,-187500.03,-187500.03,-178643.28
4495.495,-187500.03,-187500.03,-187500.03,-187500.03,-187500.03,-187500.03,-187500.03,-187500.03,-187500.03,-138899.1,-177509.31,-187500.03,-136295.28,-187500.03,-187500.03,-186483.17
4495.5176,-187500.03,-187500.03,-187500.03,-187500.03,-187500.03,-187500.03,-187500.03,-187500.03,-187500.03,-141804.77,-179217.39,-187500.03,-139426.95,-187500.03,-187500.03,-187500.03
4495.5396,-187500.03,-187500.03,-187500.03,-187500.03,-187500.03,-187500.03,-187500.03,-187500.03,-187500.03,-132997.42,-172154.39,-187500.03,-133215.44,-187500.03,-187500.03,-182206.3
4495.562,-187500.03,-187500.03,-187500.03,-187500.03,-187500.03,-187500.03,-187500.03,-187500.03,-187500.03,-129891.6,-170135.42,-187500.03,-130009.305,-187500.03,-187500.03,-178268.94
4495.5845,-187500.03,-187500.03,-187500.03,-187500.03,-187500.03,-187500.03,-187500.03,-187500.03,-187500.03,-137223.27,-176224.52,-187500.03,-134992.81,-187500.03,-187500.03,-184822.31
4495.607,-187500.03,-187500.03,-187500.03,-187500.03,-187500.03,-187500.03,-187500.03,-187500.03,-187500.03,-142481.08,-179845.4,-187500.03,-139736.83,-187500.03,-187500.03,-187500.03
4495.629,-187500.03,-187500.03,-187500.03,-187500.03,-187500.03,-187500.03,-187500.03,-187500.03,-187500.03,-134462.64,-173269.19,-187500.03,-134368.48,-187500.03,-187500.03,-183707.27
4495.6514,-187500.03,-187500.03,-187500.03,-187500.03,-187500.03,-187500.03,-187500.03,-187500.03,-187500.03,-129647.09,-169848.92,-187500.03,-129992.2,-187500.03,-187500.03,-178225.69
4495.674,-187500.03,-187500.03,-187500.03,-187500.03,-187500.03,-187500.03,-187500.03,-187500.03,-187500.03,-135509.14,-174878.58,-187500.03,-133707.28,-187500.03,-187500.03,-183172.12
4495.6963,-187500.03,-187500.03,-187500.03,-187500.03,-187500.03,-187500.03,-187500.03,-187500.03,-187500.03,-142653.23,-180093.47,-187500.03,-139664.61,-187500.03,-187500.03,-187500.03
4495.7188,-187500.03,-187500.03,-187500.03,-187500.03,-187500.03,-187500.03,-187500.03,-187500.03,-187500.03,-136074.92,-174526.05,-187500.03,-135578.52,-187500.03,-187500.03,-185289.39
4495.7407,-187500.03,-187500.03,-187500.03,-187500.03,-187500.03,-187500.03,-187500.03,-187500.03,-187500.03,-129718.39,-169821.2,-187500.03,-130214.32,-187500.03,-187500.03,-178479.33
4495.763,-187500.03,-187500.03,-187500.03,-187500.03,-187500.03,-187500.03,-187500.03,-187500.03,-187500.03,-133871.78,-173564.53,-187500.03,-132521.64,-187500.03,-187500.03,-181631.98
4495.7856,-187500.03,-187500.03,-187500.03,-187500.03,-187500.03,-187500.03,-187500.03,-187500.03,-187500.03,-142299.64,-179931.56,-187500.03,-139211.67,-187500.03,-187500.03,-187500.03
4495.808,-187500.03,-187500.03,-187500.03,-187500.03,-187500.03,-187500.03,-187500.03,-187500.03,-187500.03,-137746.6,-175856.2,-187500.03,-136782.66,-187500.03,-187500.03,-186858.42
4495.83,-187500.03,-187500.03,-187500.03,-187500.03,-187500.03,-187500.03,-187500.03,-187500.03,-187500.03,-130124.33,-170067.75,-187500.03,-130682.02,-187500.03,-187500.03,-179030.56
4495.8525,-187500.03,-187500.03,-187500.03,-187500.03,-187500.03,-187500.03,-187500.03,-187500.03,-187500.03,-132439.12,-172387.81,-187500.03,-131523.08,-187500.03,-187500.03,-180312.47
4495.875,-187500.03,-187500.03,-187500.03,-187500.03,-187500.03,-187500.03,-187500.03,-187500.03,-187500.03,-141494.22,-179405.81,-187500.03,-138441.38,-187500.03,-187500.03,-187500.03
4495.8975,-187500.03,-187500.03,-187500.03,-187500.03,-187500.03,-187500.03,-187500.03,-187500.03,-187500.03,-139363.03,-177163.2,-187500.03,-137894.3,-187500.03,-187500.03,-187500.03
4495.92,-187500.03,-187500.03,-187500.03,-187500.03,-187500.03,-187500.03,-187500.03,-187500.03,-187500.03,-130829.766,-170555.0,-187500.03,-131362.9,-187500.03,-187500.03,-179864.45
4495.942,-187500.03,-187500.03,-187500.03,-187500.03,-187500.03,-187500.03,-187500.03,-187500.03,-187500.03,-131266.33,-171395.2,-187500.03,-130756.08,-187500.03,-187500.03,-179288.0
4495.9644,-187500.03,-187500.03,-187500.03,-187500.03,-187500.03,-187500.03,-187500.03,-187500.03,-187500.03,-140276.62,-178541.4,-187500.03,-137402.34,-187500.03,-187500.03,-187500.03
4495.987,-187500.03,-187500.03,-187500.03,-187500.03,-187500.03,-187500.03,-187500.03,-187500.03,-187500.03,-140779.45,-178341.64,-187500.03,-138813.75,-187500.03,-187500.03,-187500.03
4496.0093,-187500.03,-187500.03,-187500.03,-187500.03,-187500.03,-187500.03,-187500.03,-187500.03,-187500.03,-131830.27,-171284.08,-187500.03,-132243.98,-187500.03,-187500.03,-180967.88
4496.0312,-187500.03,-187500.03,-187500.03,-187500.03,-187500.03,-187500.03,-187500.03,-187500.03,-187500.03,-130400.06,-170625.0,-187500.03,-130242.586,-187500.03,-187500.03,-178596.58
4496.0537,-187500.03,-187500.03,-187500.03,-187500.03,-187500.03,-187500.03,-187500.03,-187500.03,-187500.03,-138769.06,-177416.06,-187500.03,-136186.53,-187500.03,-187500.03,-186352.89
4496.076,-187500.03,-187500.03,-187500.03,-187500.03,-187500.03,-187500.03,-187500.03,-187500.03,-187500.03,-141861.39,-179275.22,-187500.03,-139450.02,-187500.03,-187500.03,-187500.03
4496.0986,-187500.03,-187500.03,-187500.03,-187500.03,-187500.03,-187500.03,-187500.03,-187500.03,-187500.03,-133093.27,-172230.62,-187500.03,-133286.75,-187500.03,-187500.03,-182301.12
4496.1206,-187500.03,-187500.03,-187500.03,-187500.03,-187500.03,-187500.03,-187500.03,-187500.03,-187500.03,-129860.73,-170107.06,-187500.03,-129994.26,-187500.03,-187500.03,-178245.94
4496.143,-187500.03,-187500.03,-187500.03,-187500.03,-187500.03,-187500.03,-187500.03,-187500.03,-187500.03,-137100.9,-176132.56,-187500.03,-134898.62,-187500.03,-187500.03,-184693.34
4496.1655,-187500.03,-187500.03,-187500.03,-187500.03,-187500.03,-187500.03,-187500.03,-187500.03,-187500.03,-142511.12,-179880.47,-187500.03,-139745.16,-187500.03,-187500.03,-187500.03
4496.188,-187500.03,-187500.03,-187500.03,-187500.03,-187500.03,-187500.03,-187500.03,-187500.03,-187500.03,-134578.83,-173361.72,-187500.03,-134455.67,-187500.03,-187500.03,-183806.38
4496.2104,-187500.03,-187500.03,-187500.03,-187500.03,-187500.03,-187500.03,-187500.03,-187500.03,-187500.03,-129647.18,-169843.81,-187500.03,-130002.04,-187500.03,-187500.03,-178221.69
4496.2324,-187500.03,-187500.03,-187500.03,-187500.03,-187500.03,-187500.03,-187500.03,-187500.03,-187500.03,-135395.2,-174788.42,-187500.03,-133622.56,-187500.03,-187500.03,-183045.39
4496.255,-187500.03,-187500.03,-187500.03,-187500.03,-187500.03,-187500.03,-187500.03,-187500.03,-187500.03,-142650.64,-180099.66,-187500.03,-139648.88,-187500.03,-187500.03,-187500.03
4496.2773,-187500.03,-187500.03,-187500.03,-187500.03,-187500.03,-187500.03,-187500.03,-187500.03,-187500.03,-136211.92,-174632.12,-187500.03,-135678.53,-187500.03,-187500.03,-185395.92
4496.3,-187500.03,-187500.03,-187500.03,-187500.03,-187500.03,-187500.03,-187500.03,-187500.03,-187500.03,-129764.16,-169845.9,-187500.03,-130258.86,-187500.03,-187500.03,-178508.64
4496.322,-187500.03,-187500.03,-187500.03,-187500.03,-187500.03,-187500.03,-187500.03,-187500.03,-187500.03,-133788.14,-173490.42,-187500.03,-132462.47,-187500.03,-187500.03,-181530.34
4496.344,-187500.03,-187500.03,-187500.03,-187500.03,-187500.03,-187500.03,-187500.03,-187500.03,-187500.03,-142284.61,-179922.58,-187500.03,-139188.61,-187500.03,-187500.03,-187500.03
4496.3667,-187500.03,-187500.03,-187500.03,-187500.03,-187500.03,-187500.03,-187500.03,-187500.03,-187500.03,-137894.42,-175968.0,-187500.03,-136889.17,-187500.03,-187500.03,-186981.0
4496.389,-187500.03,-187500.03,-187500.03,-187500.03,-187500.03,-187500.03,-187500.03,-187500.03,-187500.03,-130188.164,-170105.61,-187500.03,-130742.18,-187500.03,-187500.03,-179094.05
4496.4116,-187500.03,-187500.03,-187500.03,-187500.03,-187500.03,-187500.03,-187500.03,-187500.03,-187500.03,-132364.69,-172318.61,-187500.03,-131475.28,-187500.03,-187500.03,-180242.61
4496.4336,-187500.03,-187500.03,-187500.03,-187500.03,-187500.03,-187500.03,-187500.03,-187500.03,-187500.03,-141441.9,-179367.7,-187500.03,-138393.6,-187500.03,-187500.03,-187500.03
4496.456,-187500.03,-187500.03,-187500.03,-187500.03,-187500.03,-187500.03,-187500.03,-187500.03,-187500.03,-139498.05,-177268.8,-187500.03,-137988.75,-187500.03,-187500.03,-187500.03
4496.4785,-187500.03,-187500.03,-187500.03,-187500.03,-187500.03,-187500.03,-187500.03,-187500.03,-187500.03,-130920.68,-170615.84,-187500.03,-131443.53,-187500.03,-187500.03,-179965.27
4496.501,-187500.03,-187500.03,-187500.03,-187500.03,-187500.03,-187500.03,-187500.03,-187500.03,-187500.03,-131216.08,-171342.78,-187500.03,-130726.71,-187500.03,-187500.03,-179252.45
4496.523,-187500.03,-187500.03,-187500.03,-187500.03,-187500.03,-187500.03,-187500.03,-187500.03,-187500.03,-140205.33,-178485.55,-187500.03,-137339.39,-187500.03,-187500.03,-187500.03
4496.5454,-187500.03,-187500.03,-187500.03,-187500.03,-187500.03,-187500.03,-187500.03,-187500.03,-187500.03,-140898.08,-178436.22,-187500.03,-138890.02,-187500.03,-187500.03,-187500.03
4496.568,-187500.03,-187500.03,-187500.03,-187500.03,-187500.03,-187500.03,-187500.03,-187500.03,-187500.03,-131944.3,-171365.56,-187500.03,-132337.52,-187500.03,-187500.03,-181096.81
4496.5903,-187500.03,-187500.03,-187500.03,-187500.03,-187500.03,-187500.03,-187500.03,-187500.03,-187500.03,-130376.32,-170595.33,-187500.03,-130237.25,-187500.03,-187500.03,-178594.44
4496.613,-187500.03,-187500.03,-187500.03,-187500.03,-187500.03,-187500.03,-187500.03,-187500.03,-187500.03,-138684.34,-177352.73,-187500.03,-136124.27,-187500.03,-187500.03,-186276.72
4496.635,-187500.03,-187500.03,-187500.03,-187500.03,-187500.03,-187500.03,-187500.03,-187500.03,-187500.03,-141956.53,-179357.06,-187500.03,-139513.33,-187500.03,-187500.03,-187500.03
4496.657,-187500.03,-187500.03,-187500.03,-187500.03,-187500.03,-187500.03,-187500.03,-187500.03,-187500.03,-133233.2,-172336.22,-187500.03,-133401.33,-187500.03,-187500.03,-182447.6
4496.6797,-187500.03,-187500.03,-187500.03,-187500.03,-187500.03,-187500.03,-187500.03,-187500.03,-187500.03,-129870.33,-170105.55,-187500.03,-130015.67,-187500.03,-187500.03,-178269.4
4496.702,-187500.03,-187500.03,-187500.03,-187500.03,-187500.03,-187500.03,-187500.03,-187500.03,-187500.03,-137011.23,-176062.78,-187500.03,-134830.95,-187500.03,-187500.03,-184605.12
4496.724,-187500.03,-187500.03,-187500.03,-187500.03,-187500.03,-187500.03,-187500.03,-187500.03,-187500.03,-142575.95,-179940.58,-187500.03,-139780.47,-187500.03,-187500.03,-187500.03
4496.7466,-187500.03,-187500.03,-187500.03,-187500.03,-187500.03,-187500.03,-187500.03,-187500.03,-187500.03,-134736.97,-173485.36,-187500.03,-134578.77,-187500.03,-187500.03,-183958.22
4496.769,-187500.03,-187500.03,-187500.03,-187500.03,-187500.03,-187500.03,-187500.03,-187500.03,-187500.03,-129695.195,-169874.89,-187500.03,-130054.59,-187500.03,-187500.03,-178271.86
4496.7915,-187500.03,-187500.03,-187500.03,-187500.03,-187500.03,-187500.03,-187500.03,-187500.03,-187500.03,-135337.75,-174743.55,-187500.03,-133587.53,-187500.03,-187500.03,-182981.64
4496.814,-187500.03,-187500.03,-187500.03,-187500.03,-187500.03,-187500.03,-187500.03,-187500.03,-187500.03,-142701.19,-180148.33,-187500.03,-139681.62,-187500.03,-187500.03,-187500.03
4496.836,-187500.03,-187500.03,-187500.03,-187500.03,-187500.03,-187500.03,-187500.03,-187500.03,-187500.03,-136378.08,-174762.23,-187500.03,-135808.94,-187500.03,-187500.03,-185546.39
4496.8584,-187500.03,-187500.03,-187500.03,-187500.03,-187500.03,-187500.03,-187500.03,-187500.03,-187500.03,-129838.54,-169899.28,-187500.03,-130332.07,-187500.03,-187500.03,-178580.88
4496.881,-187500.03,-187500.03,-187500.03,-187500.03,-187500.03,-187500.03,-187500.03,-187500.03,-187500.03,-133745.58,-173457.47,-187500.03,-132441.14,-187500.03,-187500.03,-181482.55
4496.9033,-187500.03,-187500.03,-187500.03,-187500.03,-187500.03,-187500.03,-187500.03,-187500.03,-187500.03,-142307.53,-179953.42,-187500.03,-139201.11,-187500.03,-187500.03,-187500.03
4496.9253,-187500.03,-187500.03,-187500.03,-187500.03,-187500.03,-187500.03,-187500.03,-187500.03,-187500.03,-138061.94,-176106.95,-187500.03,-137017.05,-187500.03,-187500.03,-187131.53
4496.9478,-187500.03,-187500.03,-187500.03,-187500.03,-187500.03,-187500.03,-187500.03,-187500.03,-187500.03,-130291.94,-170187.14,-187500.03,-130838.75,-187500.03,-187500.03,-179192.78
4496.97,-187500.03,-187500.03,-187500.03,-187500.03,-187500.03,-187500.03,-187500.03,-187500.03,-187500.03,-132341.44,-172301.53,-187500.03,-131474.95,-187500.03,-187500.03,-180214.72
4496.9927,-187500.03,-187500.03,-187500.03,-187500.03,-187500.03,-187500.03,-187500.03,-187500.03,-187500.03,-141435.19,-179376.8,-187500.03,-138390.64,-187500.03,-187500.03,-187500.03
4497.015,-187500.03,-187500.03,-187500.03,-187500.03,-187500.03,-187500.03,-187500.03,-187500.03,-187500.03,-139663.36,-177411.36,-187500.03,-138114.64,-187500.03,-187500.03,-187500.03
4497.037,-187500.03,-187500.03,-187500.03,-187500.03,-187500.03,-187500.03,-187500.03,-187500.03,-187500.03,-131042.06,-170718.47,-187500.03,-131552.56,-187500.03,-187500.03,-180086.31
4497.0596,-187500.03,-187500.03,-187500.03,-187500.03,-187500.03,-187500.03,-187500.03,-187500.03,-187500.03,-131206.66,-171342.81,-187500.03,-130738.17,-187500.03,-187500.03,-179248.7
4497.082,-187500.03,-187500.03,-187500.03,-187500.03,-187500.03,-187500.03,-187500.03,-187500.03,-187500.03,-140165.36,-178473.25,-187500.03,-137315.11,-187500.03,-187500.03,-187500.03
4497.1045,-187500.03,-187500.03,-187500.03,-187500.03,-187500.03,-187500.03,-187500.03,-187500.03,-187500.03,-141034.69,-178563.81,-187500.03,-138996.86,-187500.03,-187500.03,-187500.03
4497.1265,-187500.03,-187500.03,-187500.03,-187500.03,-187500.03,-187500.03,-187500.03,-187500.03,-187500.03,-132071.34,-171477.81,-187500.03,-132452.9,-187500.03,-187500.03,-181229.56
4497.149,-187500.03,-187500.03,-187500.03,-187500.03,-187500.03,-187500.03,-187500.03,-187500.03,-187500.03,-130380.44,-170609.33,-187500.03,-130260.945,-187500.03,-187500.03,-178609.02
4497.1714,-187500.03,-187500.03,-187500.03,-187500.03,-187500.03,-187500.03,-187500.03,-187500.03,-187500.03,-138618.27,-177321.73,-187500.03,-136078.89,-187500.03,-187500.03,-186208.5
4497.194,-187500.03,-187500.03,-187500.03,-187500.03,-187500.03,-187500.03,-187500.03,-187500.03,-187500.03,-142058.1,-179462.3,-187500.03,-139584.89,-187500.03,-187500.03,-187500.03
4497.2163,-187500.03,-187500.03,-187500.03,-187500.03,-187500.03,-187500.03,-187500.03,-187500.03,-187500.03,-133364.39,-172457.0,-187500.03,-133513.03,-187500.03,-187500.03,-182588.81
4497.2383,-187500.03,-187500.03,-187500.03,-187500.03,-187500.03,-187500.03,-187500.03,-187500.03,-187500.03,-129886.82,-170133.48,-187500.03,-130049.29,-187500.03,-187500.03,-178305.38
4497.2607,-187500.03,-187500.03,-187500.03,-187500.03,-187500.03,-187500.03,-187500.03,-187500.03,-187500.03,-136931.17,-176023.5,-187500.03,-134783.03,-187500.03,-187500.03,-184536.16
4497.283,-187500.03,-187500.03,-187500.03,-187500.03,-187500.03,-187500.03,-187500.03,-187500.03,-187500.03,-142632.39,-180015.23,-187500.03,-139822.44,-187500.03,-187500.03,-187500.03
4497.3057,-187500.03,-187500.03,-187500.03,-187500.03,-187500.03,-187500.03,-187500.03,-187500.03,-187500.03,-134870.9,-173609.83,-187500.03,-134692.45,-187500.03,-187500.03,-184101.94
4497.3276,-187500.03,-187500.03,-187500.03,-187500.03,-187500.03,-187500.03,-187500.03,-187500.03,-187500.03,-129718.78,-169906.97,-187500.03,-130094.29,-187500.03,-187500.03,-178316.5
4497.35,-187500.03,-187500.03,-187500.03,-187500.03,-187500.03,-187500.03,-187500.03,-187500.03,-187500.03,-135231.44,-174677.56,-187500.03,-133518.84,-187500.03,-187500.03,-182890.52
4497.3726,-187500.03,-187500.03,-187500.03,-187500.03,-187500.03,-187500.03,-187500.03,-187500.03,-187500.03,-142705.8,-180180.66,-187500.03,-139680.03,-187500.03,-187500.03,-187500.03
4497.395,-187500.03,-187500.03,-187500.03,-187500.03,-187500.03,-187500.03,-187500.03,-187500.03,-187500.03,-136518.58,-174892.7,-187500.03,-135921.77,-187500.03,-187500.03,-185694.69
4497.4175,-187500.03,-187500.03,-187500.03,-187500.03,-187500.03,-187500.03,-187500.03,-187500.03,-187500.03,-129875.17,-169941.03,-187500.03,-130382.06,-187500.03,-187500.03,-178640.08
4497.4395,-187500.03,-187500.03,-187500.03,-187500.03,-187500.03,-187500.03,-187500.03,-187500.03,-187500.03,-133642.42,-173390.78,-187500.03,-132379.5,-187500.03,-187500.03,-181397.58
4497.462,-187500.03,-187500.03,-187500.03,-187500.03,-187500.03,-187500.03,-187500.03,-187500.03,-187500.03,-142269.5,-179949.8,-187500.03,-139170.75,-187500.03,-187500.03,-187500.03
4497.4844,-187500.03,-187500.03,-187500.03,-187500.03,-187500.03,-187500.03,-187500.03,-187500.03,-187500.03,-138200.16,-176232.08,-187500.03,-137127.05,-187500.03,-187500.03,-187266.19
4497.507,-187500.03,-187500.03,-187500.03,-187500.03,-187500.03,-187500.03,-187500.03,-187500.03,-187500.03,-130345.92,-170234.62,-187500.03,-130900.94,-187500.03,-187500.03,-179260.16
4497.529,-187500.03,-187500.03,-187500.03,-187500.03,-187500.03,-187500.03,-187500.03,-187500.03,-187500.03,-132253.73,-172235.45,-187500.03,-131423.39,-187500.03,-187500.03,-180137.88
4497.5513,-187500.03,-187500.03,-187500.03,-187500.03,-187500.03,-187500.03,-187500.03,-187500.03,-187500.03,-141352.81,-179326.95,-187500.03,-138323.28,-187500.03,-187500.03,-187500.03
4497.5737,-187500.03,-187500.03,-187500.03,-187500.03,-187500.03,-187500.03,-187500.03,-187500.03,-187500.03,-139789.95,-177521.9,-187500.03,-138206.28,-187500.03,-187500.03,-187500.03
4497.596,-187500.03,-187500.03,-187500.03,-187500.03,-187500.03,-187500.03,-187500.03,-187500.03,-187500.03,-131123.28,-170780.12,-187500.03,-131632.78,-187500.03,-187500.03,-180172.52
4497.6187,-187500.03,-187500.03,-187500.03,-187500.03,-187500.03,-187500.03,-187500.03,-187500.03,-187500.03,-131130.17,-171275.4,-187500.03,-130699.055,-187500.03,-187500.03,-179178.98
4497.6406,-187500.03,-187500.03,-187500.03,-187500.03,-187500.03,-187500.03,-187500.03,-187500.03,-187500.03,-140039.94,-178381.14,-187500.03,-137219.98,-187500.03,-187500.03,-187500.03
4497.663,-187500.03,-187500.03,-187500.03,-187500.03,-187500.03,-187500.03,-187500.03,-187500.03,-187500.03,-141147.22,-178658.67,-187500.03,-139072.11,-187500.03,-187500.03,-187500.03
4497.6855,-187500.03,-187500.03,-187500.03,-187500.03,-187500.03,-187500.03,-187500.03,-187500.03,-187500.03,-132182.25,-171557.08,-187500.03,-132549.95,-187500.03,-187500.03,-181341.61
4497.708,-187500.03,-187500.03,-187500.03,-187500.03,-187500.03,-187500.03,-187500.03,-187500.03,-187500.03,-130329.36,-170556.61,-187500.03,-130239.055,-187500.03,-187500.03,-178569.58
4497.73,-187500.03,-187500.03,-187500.03,-187500.03,-187500.03,-187500.03,-187500.03,-187500.03,-187500.03,-138469.81,-177203.1,-187500.03,-135966.72,-187500.03,-187500.03,-186057.4
4497.7524,-187500.03,-187500.03,-187500.03,-187500.03,-187500.03,-187500.03,-187500.03,-187500.03,-187500.03,-142126.94,-179520.25,-187500.03,-139624.69,-187500.03,-187500.03,-187500.03
4497.775,-187500.03,-187500.03,-187500.03,-187500.03,-187500.03,-187500.03,-187500.03,-187500.03,-187500.03,-133493.38,-172548.6,-187500.03,-133621.34,-187500.03,-187500.03,-182721.05
4497.7974,-187500.03,-187500.03,-187500.03,-187500.03,-187500.03,-187500.03,-187500.03,-187500.03,-187500.03,-129861.97,-170098.12,-187500.03,-130049.16,-187500.03,-187500.03,-178298.8
4497.82,-187500.03,-187500.03,-187500.03,-187500.03,-187500.03,-187500.03,-187500.03,-187500.03,-187500.03,-136790.52,-175905.61,-187500.03,-134679.92,-187500.03,-187500.03,-184405.03
4497.842,-187500.03,-187500.03,-187500.03,-187500.03,-187500.03,-187500.03,-187500.03,-187500.03,-187500.03,-142655.56,-180038.03,-187500.03,-139826.28,-187500.03,-187500.03,-187500.03
4497.8643,-187500.03,-187500.03,-187500.03,-187500.03,-187500.03,-187500.03,-187500.03,-187500.03,-187500.03,-135005.38,-173710.77,-187500.03,-134794.66,-187500.03,-187500.03,-184245.67
4497.8867,-187500.03,-187500.03,-187500.03,-187500.03,-187500.03,-187500.03,-187500.03,-187500.03,-187500.03,-129720.23,-169898.31,-187500.03,-130107.03,-187500.03,-187500.03,-178344.72
4497.909,-187500.03,-187500.03,-187500.03,-187500.03,-187500.03,-187500.03,-187500.03,-187500.03,-187500.03,-135096.77,-174569.08,-187500.03,-133419.62,-187500.03,-187500.03,-182776.61
4497.931,-187500.03,-187500.03,-187500.03,-187500.03,-187500.03,-187500.03,-187500.03,-187500.03,-187500.03,-142680.95,-180171.52,-187500.03,-139646.75,-187500.03,-187500.03,-187500.03
4497.9536,-187500.03,-187500.03,-187500.03,-187500.03,-187500.03,-187500.03,-187500.03,-187500.03,-187500.03,-136655.6,-175001.3,-187500.03,-136022.23,-187500.03,-187500.03,-185837.8
4497.976,-187500.03,-187500.03,-187500.03,-187500.03,-187500.03,-187500.03,-187500.03,-187500.03,-187500.03,-129903.734,-169954.42,-187500.03,-130415.44,-187500.03,-187500.03,-178691.89
4497.9985,-187500.03,-187500.03,-187500.03,-187500.03,-187500.03,-187500.03,-187500.03,-187500.03,-187500.03,-133524.92,-173290.84,-187500.03,-132293.72,-187500.03,-187500.03,-181296.89
4498.0205,-187500.03,-187500.03,-187500.03,-187500.03,-187500.03,-187500.03,-187500.03,-187500.03,-187500.03,-142206.19,-179905.75,-187500.03,-139105.05,-187500.03,-187500.03,-187500.03
4498.043,-187500.03,-187500.03,-187500.03,-187500.03,-187500.03,-187500.03,-187500.03,-187500.03,-187500.03,-138336.55,-176340.27,-187500.03,-137216.19,-187500.03,-187500.03,-187398.19
4498.0654,-187500.03,-187500.03,-187500.03,-187500.03,-187500.03,-187500.03,-187500.03,-187500.03,-187500.03,-130399.8,-170269.42,-187500.03,-130948.62,-187500.03,-187500.03,-179329.4
4498.088,-187500.03,-187500.03,-187500.03,-187500.03,-187500.03,-187500.03,-187500.03,-187500.03,-187500.03,-132159.14,-172155.56,-187500.03,-131358.2,-187500.03,-187500.03,-180058.55
4498.1104,-187500.03,-187500.03,-187500.03,-187500.03,-187500.03,-187500.03,-187500.03,-187500.03,-187500.03,-141266.75,-179268.97,-187500.03,-138249.77,-187500.03,-187500.03,-187500.03
4498.1323,-187500.03,-187500.03,-187500.03,-187500.03,-187500.03,-187500.03,-187500.03,-187500.03,-187500.03,-139906.3,-177619.9,-187500.03,-138284.86,-187500.03,-187500.03,-187500.03
4498.155,-187500.03,-187500.03,-187500.03,-187500.03,-187500.03,-187500.03,-187500.03,-187500.03,-187500.03,-131192.89,-170829.44,-187500.03,-131693.69,-187500.03,-187500.03,-180251.31
4498.1772,-187500.03,-187500.03,-187500.03,-187500.03,-187500.03,-187500.03,-187500.03,-187500.03,-187500.03,-131066.81,-171217.14,-187500.03,-130657.24,-187500.03,-187500.03,-179126.19
4498.1997,-187500.03,-187500.03,-187500.03,-187500.03,-187500.03,-187500.03,-187500.03,-187500.03,-187500.03,-139948.19,-178312.27,-187500.03,-137142.06,-187500.03,-187500.03,-187500.03
4498.2217,-187500.03,-187500.03,-187500.03,-187500.03,-187500.03,-187500.03,-187500.03,-187500.03,-187500.03,-141228.77,-178726.84,-187500.03,-139119.84,-187500.03,-187500.03,-187500.03
4498.244,-187500.03,-187500.03,-187500.03,-187500.03,-187500.03,-187500.03,-187500.03,-187500.03,-187500.03,-132267.92,-171620.11,-187500.03,-132620.97,-187500.03,-187500.03,-181427.28
4498.2666,-187500.03,-187500.03,-187500.03,-187500.03,-187500.03,-187500.03,-187500.03,-187500.03,-187500.03,-130290.82,-170519.69,-187500.03,-130220.71,-187500.03,-187500.03,-178536.62
4498.289,-187500.03,-187500.03,-187500.03,-187500.03,-187500.03,-187500.03,-187500.03,-187500.03,-187500.03,-138365.34,-177124.64,-187500.03,-135886.44,-187500.03,-187500.03,-185945.53
4498.3115,-187500.03,-187500.03,-187500.03,-187500.03,-187500.03,-187500.03,-187500.03,-187500.03,-187500.03,-142176.16,-179566.6,-187500.03,-139649.48,-187500.03,-187500.03,-187500.03
4498.3335,-187500.03,-187500.03,-187500.03,-187500.03,-187500.03,-187500.03,-187500.03,-187500.03,-187500.03,-133590.47,-172623.27,-187500.03,-133696.81,-187500.03,-187500.03,-182810.6
4498.356,-187500.03,-187500.03,-187500.03,-187500.03,-187500.03,-187500.03,-187500.03,-187500.03,-187500.03,-129836.5,-170073.81,-187500.03,-130039.93,-187500.03,-187500.03,-178278.33
4498.3784,-187500.03,-187500.03,-187500.03,-187500.03,-187500.03,-187500.03,-187500.03,-187500.03,-187500.03,-136658.73,-175808.23,-187500.03,-134581.02,-187500.03,-187500.03,-184269.05
4498.401,-187500.03,-187500.03,-187500.03,-187500.03,-187500.03,-187500.03,-187500.03,-187500.03,-187500.03,-142668.98,-180063.48,-187500.03,-139824.1,-187500.03,-187500.03,-187500.03
4498.423,-187500.03,-187500.03,-187500.03,-187500.03,-187500.03,-187500.03,-187500.03,-187500.03,-187500.03,-135119.42,-173806.06,-187500.03,-134883.52,-187500.03,-187500.03,-184349.12
4498.4453,-187500.03,-187500.03,-187500.03,-187500.03,-187500.03,-187500.03,-187500.03,-187500.03,-187500.03,-129717.4,-169894.69,-187500.03,-130118.66,-187500.03,-187500.03,-178347.03
4498.468,-187500.03,-187500.03,-187500.03,-187500.03,-187500.03,-187500.03,-187500.03,-187500.03,-187500.03,-134982.17,-174481.62,-187500.03,-133337.67,-187500.03,-187500.03,-182659.84
4498.49,-187500.03,-187500.03,-187500.03,-187500.03,-187500.03,-187500.03,-187500.03,-187500.03,-187500.03,-142665.53,-180172.16,-187500.03,-139624.17,-187500.03,-187500.03,-187500.03
4498.5127,-187500.03,-187500.03,-187500.03,-187500.03,-187500.03,-187500.03,-187500.03,-187500.03,-187500.03,-136766.12,-175096.44,-187500.03,-136103.16,-187500.03,-187500.03,-185937.42
4498.5347,-187500.03,-187500.03,-187500.03,-187500.03,-187500.03,-187500.03,-187500.03,-187500.03,-187500.03,-129919.37,-169971.81,-187500.03,-130438.74,-187500.03,-187500.03,-178717.19
4498.557,-187500.03,-187500.03,-187500.03,-187500.03,-187500.03,-187500.03,-187500.03,-187500.03,-187500.03,-133417.95,-173215.19,-187500.03,-132219.78,-187500.03,-187500.03,-181200.56
4498.5796,-187500.03,-187500.03,-187500.03,-187500.03,-187500.03,-187500.03,-187500.03,-187500.03,-187500.03,-142154.3,-179884.25,-187500.03,-139059.17,-187500.03,-187500.03,-187500.03
4498.602,-187500.03,-187500.03,-187500.03,-187500.03,-187500.03,-187500.03,-187500.03,-187500.03,-187500.03,-138435.47,-176431.86,-187500.03,-137290.05,-187500.03,-187500.03,-187494.0
4498.624,-187500.03,-187500.03,-187500.03,-187500.03,-187500.03,-187500.03,-187500.03,-187500.03,-187500.03,-130437.0,-170307.16,-187500.03,-130992.58,-187500.03,-187500.03,-179385.92
4498.6465,-187500.03,-187500.03,-187500.03,-187500.03,-187500.03,-187500.03,-187500.03,-187500.03,-187500.03,-132064.56,-172088.69,-187500.03,-131300.98,-187500.03,-187500.03,-179985.2
4498.669,-187500.03,-187500.03,-187500.03,-187500.03,-187500.03,-187500.03,-187500.03,-187500.03,-187500.03,-141178.92,-179215.48,-187500.03,-138179.6,-187500.03,-187500.03,-187500.03
4498.6914,-187500.03,-187500.03,-187500.03,-187500.03,-187500.03,-187500.03,-187500.03,-187500.03,-187500.03,-139995.55,-177701.88,-187500.03,-138345.61,-187500.03,-187500.03,-187500.03
4498.714,-187500.03,-187500.03,-187500.03,-187500.03,-187500.03,-187500.03,-187500.03,-187500.03,-187500.03,-131250.38,-170879.6,-187500.03,-131747.88,-187500.03,-187500.03,-180325.75
4498.736,-187500.03,-187500.03,-187500.03,-187500.03,-187500.03,-187500.03,-187500.03,-187500.03,-187500.03,-130997.09,-171166.36,-187500.03,-130616.84,-187500.03,-187500.03,-179078.58
4498.7583,-187500.03,-187500.03,-187500.03,-187500.03,-187500.03,-187500.03,-187500.03,-187500.03,-187500.03,-139841.7,-178239.61,-187500.03,-137059.52,-187500.03,-187500.03,-187451.8
4498.781,-187500.03,-187500.03,-187500.03,-187500.03,-187500.03,-187500.03,-187500.03,-187500.03,-187500.03,-141304.92,-178796.9,-187500.03,-139170.12,-187500.03,-187500.03,-187500.03
4498.803,-187500.03,-187500.03,-187500.03,-187500.03,-187500.03,-187500.03,-187500.03,-187500.03,-187500.03,-132345.95,-171682.66,-187500.03,-132688.36,-187500.03,-187500.03,-181514.97
4498.825,-187500.03,-187500.03,-187500.03,-187500.03,-187500.03,-187500.03,-187500.03,-187500.03,-187500.03,-130247.35,-170482.48,-187500.03,-130198.36,-187500.03,-187500.03,-178508.69
4498.8477,-187500.03,-187500.03,-187500.03,-187500.03,-187500.03,-187500.03,-187500.03,-187500.03,-187500.03,-138253.89,-177039.28,-187500.03,-135798.06,-187500.03,-187500.03,-185833.22
4498.87,-187500.03,-187500.03,-187500.03,-187500.03,-187500.03,-187500.03,-187500.03,-187500.03,-187500.03,-142230.11,-179612.83,-187500.03,-139675.69,-187500.03,-187500.03,-187500.03
4498.8926,-187500.03,-187500.03,-187500.03,-187500.03,-187500.03,-187500.03,-187500.03,-187500.03,-187500.03,-133689.25,-172696.03,-187500.03,-133772.86,-187500.03,-187500.03,-182909.31
4498.915,-187500.03,-187500.03,-187500.03,-187500.03,-187500.03,-187500.03,-187500.03,-187500.03,-187500.03,-129819.11,-170050.39,-187500.03,-130034.7,-187500.03,-187500.03,-178270.16
4498.937,-187500.03,-187500.03,-187500.03,-187500.03,-187500.03,-187500.03,-187500.03,-187500.03,-187500.03,-136546.62,-175713.9,-187500.03,-134492.98,-187500.03,-187500.03,-184152.14
4498.9595,-187500.03,-187500.03,-187500.03,-187500.03,-187500.03,-187500.03,-187500.03,-187500.03,-187500.03,-142694.69,-180082.62,-187500.03,-139827.23,-187500.03,-187500.03,-187500.03
4498.982,-187500.03,-187500.03,-187500.03,-187500.03,-187500.03,-187500.03,-187500.03,-187500.03,-187500.03,-135230.27,-173885.14,-187500.03,-134965.22,-187500.03,-187500.03,-184451.08
4499.0044,-187500.03,-187500.03,-187500.03,-187500.03,-187500.03,-187500.03,-187500.03,-187500.03,-187500.03,-129718.83,-169883.73,-187500.03,-130129.02,-187500.03,-187500.03,-178356.08
4499.0264,-187500.03,-187500.03,-187500.03,-187500.03,-187500.03,-187500.03,-187500.03,-187500.03,-187500.03,-134859.11,-174375.4,-187500.03,-133245.14,-187500.03,-187500.03,-182540.28
4499.049,-187500.03,-187500.03,-187500.03,-187500.03,-187500.03,-187500.03,-187500.03,-187500.03,-187500.03,-142640.17,-180152.0,-187500.03,-139589.38,-187500.03,-187500.03,-187500.03
4499.0713,-187500.03,-187500.03,-187500.03,-187500.03,-187500.03,-187500.03,-187500.03,-187500.03,-187500.03,-136869.33,-175170.73,-187500.03,-136175.8,-187500.03,-187500.03,-186037.83
4499.0938,-187500.03,-187500.03,-187500.03,-187500.03,-187500.03,-187500.03,-187500.03,-187500.03,-187500.03,-129934.3,-169972.75,-187500.03,-130457.375,-187500.03,-187500.03,-178745.7
4499.116,-187500.03,-187500.03,-187500.03,-187500.03,-187500.03,-187500.03,-187500.03,-187500.03,-187500.03,-133324.16,-173131.89,-187500.03,-132150.84,-187500.03,-187500.03,-181118.36
4499.138,-187500.03,-187500.03,-187500.03,-187500.03,-187500.03,-187500.03,-187500.03,-187500.03,-187500.03,-142102.4,-179841.78,-187500.03,-139008.52,-187500.03,-187500.03,-187500.03
4499.1606,-187500.03,-187500.03,-187500.03,-187500.03,-187500.03,-187500.03,-187500.03,-187500.03,-187500.03,-138505.31,-176479.38,-187500.03,-137330.62,-187500.03,-187500.03,-187500.03
4499.183,-187500.03,-187500.03,-187500.03,-187500.03,-187500.03,-187500.03,-187500.03,-187500.03,-187500.03,-130452.07,-170306.64,-187500.03,-131001.68,-187500.03,-187500.03,-179414.53
4499.2056,-187500.03,-187500.03,-187500.03,-187500.03,-187500.03,-187500.03,-187500.03,-187500.03,-187500.03,-131980.44,-172010.72,-187500.03,-131230.73,-187500.03,-187500.03,-179916.53
4499.2275,-187500.03,-187500.03,-187500.03,-187500.03,-187500.03,-187500.03,-187500.03,-187500.03,-187500.03,-141094.81,-179149.6,-187500.03,-138096.48,-187500.03,-187500.03,-187500.03
4499.25,-187500.03,-187500.03,-187500.03,-187500.03,-187500.03,-187500.03,-187500.03,-187500.03,-187500.03,-140070.6,-177762.0,-187500.03,-138384.83,-187500.03,-187500.03,-187500.03
4499.2725,-187500.03,-187500.03,-187500.03,-187500.03,-187500.03,-187500.03,-187500.03,-187500.03,-187500.03,-131294.42,-170909.62,-187500.03,-131782.47,-187500.03,-187500.03,-180387.61
4499.295,-187500.03,-187500.03,-187500.03,-187500.03,-187500.03,-187500.03,-187500.03,-187500.03,-187500.03,-130921.57,-171098.02,-187500.03,-130563.02,-187500.03,-187500.03,-179022.47
4499.3174,-187500.03,-187500.03,-187500.03,-187500.03,-187500.03,-187500.03,-187500.03,-187500.03,-187500.03,-139718.2,-178143.16,-187500.03,-136954.86,-187500.03,-187500.03,-187329.36
4499.3394,-187500.03,-187500.03,-187500.03,-187500.03,-187500.03,-187500.03,-187500.03,-187500.03,-187500.03,-141361.88,-178844.5,-187500.03,-139192.62,-187500.03,-187500.03,-187500.03
4499.362,-187500.03,-187500.03,-187500.03,-187500.03,-187500.03,-187500.03,-187500.03,-187500.03,-187500.03,-132411.33,-171730.11,-187500.03,-132735.19,-187500.03,-187500.03,-181589.53
4499.3843,-187500.03,-187500.03,-187500.03,-187500.03,-187500.03,-187500.03,-187500.03,-187500.03,-187500.03,-130187.05,-170428.66,-187500.03,-130155.31,-187500.03,-187500.03,-178465.45
4499.4067,-187500.03,-187500.03,-187500.03,-187500.03,-187500.03,-187500.03,-187500.03,-187500.03,-187500.03,-138119.45,-176935.62,-187500.03,-135687.5,-187500.03,-187500.03,-185700.62
4499.4287,-187500.03,-187500.03,-187500.03,-187500.03,-187500.03,-187500.03,-187500.03,-187500.03,-187500.03,-142268.02,-179648.1,-187500.03,-139686.88,-187500.03,-187500.03,-187500.03
4499.451,-187500.03,-187500.03,-187500.03,-187500.03,-187500.03,-187500.03,-187500.03,-187500.03,-187500.03,-133774.77,-172759.23,-187500.03,-133837.94,-187500.03,-187500.03,-182995.53
4499.4736,-187500.03,-187500.03,-187500.03,-187500.03,-187500.03,-187500.03,-187500.03,-187500.03,-187500.03,-129785.31,-170015.73,-187500.03,-130015.49,-187500.03,-187500.03,-178245.88
4499.496,-187500.03,-187500.03,-187500.03,-187500.03,-187500.03,-187500.03,-187500.03,-187500.03,-187500.03,-136410.81,-175605.33,-187500.03,-134385.33,-187500.03,-187500.03,-184016.97
4499.5186,-187500.03,-187500.03,-187500.03,-187500.03,-187500.03,-187500.03,-187500.03,-187500.03,-187500.03,-142693.11,-180086.69,-187500.03,-139806.31,-187500.03,-187500.03,-187500.03
4499.5405,-187500.03,-187500.03,-187500.03,-187500.03,-187500.03,-187500.03,-187500.03,-187500.03,-187500.03,-135331.3,-173960.69,-187500.03,-135035.67,-187500.03,-187500.03,-184547.4
4499.563,-187500.03,-187500.03,-187500.03,-187500.03,-187500.03,-187500.03,-187500.03,-187500.03,-187500.03,-129715.65,-169872.9,-187500.03,-130132.98,-187500.03,-187500.03,-178363.05
4499.5854,-187500.03,-187500.03,-187500.03,-187500.03,-187500.03,-187500.03,-187500.03,-187500.03,-187500.03,-134742.94,-174280.5,-187500.03,-133158.27,-187500.03,-187500.03,-182428.48
4499.608,-187500.03,-187500.03,-187500.03,-187500.03,-187500.03,-187500.03,-187500.03,-187500.03,-187500.03,-142611.27,-180134.3,-187500.03,-139552.84,-187500.03,-187500.03,-187500.03
4499.63,-187500.03,-187500.03,-187500.03,-187500.03,-187500.03,-187500.03,-187500.03,-187500.03,-187500.03,-136980.02,-175256.03,-187500.03,-136252.42,-187500.03,-187500.03,-186136.0
4499.6523,-187500.03,-187500.03,-187500.03,-187500.03,-187500.03,-187500.03,-187500.03,-187500.03,-187500.03,-129954.37,-169980.48,-187500.03,-130481.16,-187500.03,-187500.03,-178773.8
4499.675,-187500.03,-187500.03,-187500.03,-187500.03,-187500.03,-187500.03,-187500.03,-187500.03,-187500.03,-133194.1,-173022.94,-187500.03,-132055.83,-187500.03,-187500.03,-180993.72
4499.6973,-187500.03,-187500.03,-187500.03,-187500.03,-187500.03,-187500.03,-187500.03,-187500.03,-187500.03,-142020.78,-179782.84,-187500.03,-138929.08,-187500.03,-187500.03,-187500.03
4499.719,-187500.03,-187500.03,-187500.03,-187500.03,-187500.03,-187500.03,-187500.03,-187500.03,-187500.03,-138648.55,-176594.7,-187500.03,-137429.42,-187500.03,-187500.03,-187500.03
4499.7417,-187500.03,-187500.03,-187500.03,-187500.03,-187500.03,-187500.03,-187500.03,-187500.03,-187500.03,-130512.086,-170349.11,-187500.03,-131062.41,-187500.03,-187500.03,-179482.3
4499.764,-187500.03,-187500.03,-187500.03,-187500.03,-187500.03,-187500.03,-187500.03,-187500.03,-187500.03,-131865.64,-171913.33,-187500.03,-131156.77,-187500.03,-187500.03,-179807.31
4499.7866,-187500.03,-187500.03,-187500.03,-187500.03,-187500.03,-187500.03,-187500.03,-187500.03,-187500.03,-140975.39,-179060.92,-187500.03,-137998.17,-187500.03,-187500.03,-187500.03
4499.809,-187500.03,-187500.03,-187500.03,-187500.03,-187500.03,-187500.03,-187500.03,-187500.03,-187500.03,-140192.47,-177859.52,-187500.03,-138463.45,-187500.03,-187500.03,-187500.03
4499.831,-187500.03,-187500.03,-187500.03,-187500.03,-187500.03,-187500.03,-187500.03,-187500.03,-187500.03,-131377.08,-170966.48,-187500.03,-131853.08,-187500.03,-187500.03,-180464.5
4499.8535,-187500.03,-187500.03,-187500.03,-187500.03,-187500.03,-187500.03,-187500.03,-187500.03,-187500.03,-130847.65,-171031.45,-187500.03,-130515.89,-187500.03,-187500.03,-178951.62
4499.876,-187500.03,-187500.03,-187500.03,-187500.03,-187500.03,-187500.03,-187500.03,-187500.03,-187500.03,-139591.92,-178048.3,-187500.03,-136852.98,-187500.03,-187500.03,-187190.19
4499.8984,-187500.03,-187500.03,-187500.03,-187500.03,-187500.03,-187500.03,-187500.03,-187500.03,-187500.03,-141448.38,-178919.23,-187500.03,-139245.27,-187500.03,-187500.03,-187500.03
4499.9204,-187500.03,-187500.03,-187500.03,-187500.03,-187500.03,-187500.03,-187500.03,-187500.03,-187500.03,-132515.66,-171806.47,-187500.03,-132822.06,-187500.03,-187500.03,-181688.44
4499.943,-187500.03,-187500.03,-187500.03,-187500.03,-187500.03,-187500.03,-187500.03,-187500.03,-187500.03,-130150.35,-170389.06,-187500.03,-130140.484,-187500.03,-187500.03,-178431.45
4499.9653,-187500.03,-187500.03,-187500.03,-187500.03,-187500.03,-187500.03,-187500.03,-187500.03,-187500.03,-137982.72,-176825.28,-187500.03,-135583.08,-187500.03,-187500.03,-185552.66
4499.988,-187500.03,-187500.03,-187500.03,-187500.03,-187500.03,-187500.03,-187500.03,-187500.03,-187500.03,-142318.39,-179691.1,-187500.03,-139708.11,-187500.03,-187500.03,-187500.03
4500.0103,-187500.03,-187500.03,-187500.03,-187500.03,-187500.03,-187500.03,-187500.03,-187500.03,-187500.03,-133904.06,-172852.77,-187500.03,-133937.62,-187500.03,-187500.03,-183113.9
4500.032,-187500.03,-187500.03,-187500.03,-187500.03,-187500.03,-187500.03,-187500.03,-187500.03,-187500.03,-129771.63,-169993.47,-187500.03,-130018.4,-187500.03,-187500.03,-178239.22
4500.0547,-187500.03,-187500.03,-187500.03,-187500.03,-187500.03,-187500.03,-187500.03,-187500.03,-187500.03,-136281.83,-175499.2,-187500.03,-134289.06,-187500.03,-187500.03,-183883.56
4500.077,-187500.03,-187500.03,-187500.03,-187500.03,-187500.03,-187500.03,-187500.03,-187500.03,-187500.03,-142716.6,-180108.33,-187500.03,-139808.73,-187500.03,-187500.03,-187500.03
4500.0996,-187500.03,-187500.03,-187500.03,-187500.03,-187500.03,-187500.03,-187500.03,-187500.03,-187500.03,-135483.84,-174072.11,-187500.03,-135152.67,-187500.03,-187500.03,-184686.36
4500.1216,-187500.03,-187500.03,-187500.03,-187500.03,-187500.03,-187500.03,-187500.03,-187500.03,-187500.03,-129733.5,-169871.22,-187500.03,-130164.0,-187500.03,-187500.03,-178386.48
4500.144,-187500.03,-187500.03,-187500.03,-187500.03,-187500.03,-187500.03,-187500.03,-187500.03,-187500.03,-134617.8,-174168.84,-187500.03,-133070.48,-187500.03,-187500.03,-182301.06
4500.1665,-187500.03,-187500.03,-187500.03,-187500.03,-187500.03,-187500.03,-187500.03,-187500.03,-187500.03,-142593.08,-180118.5,-187500.03,-139525.08,-187500.03,-187500.03,-187500.03
4500.189,-187500.03,-187500.03,-187500.03,-187500.03,-187500.03,-187500.03,-187500.03,-187500.03,-187500.03,-137154.31,-175382.89,-187500.03,-136380.52,-187500.03,-187500.03,-186291.03
4500.2114,-187500.03,-187500.03,-187500.03,-187500.03,-187500.03,-187500.03,-187500.03,-187500.03,-187500.03,-130010.25,-170006.17,-187500.03,-130538.57,-187500.03,-187500.03,-178832.78
4500.2334,-187500.03,-187500.03,-187500.03,-187500.03,-187500.03,-187500.03,-187500.03,-187500.03,-187500.03,-133107.9,-172938.56,-187500.03,-131999.92,-187500.03,-187500.03,-180907.42
4500.256,-187500.03,-187500.03,-187500.03,-187500.03,-187500.03,-187500.03,-187500.03,-187500.03,-187500.03,-141989.84,-179754.98,-187500.03,-138899.36,-187500.03,-187500.03,-187500.03
4500.2783,-187500.03,-187500.03,-187500.03,-187500.03,-187500.03,-187500.03,-187500.03,-187500.03,-187500.03,-138806.95,-176709.9,-187500.03,-137545.75,-187500.03,-187500.03,-187500.03
4500.301,-187500.03,-187500.03,-187500.03,-187500.03,-187500.03,-187500.03,-187500.03,-187500.03,-187500.03,-130596.68,-170399.62,-187500.03,-131141.42,-187500.03,-187500.03,-179572.38
4500.3228,-187500.03,-187500.03,-187500.03,-187500.03,-187500.03,-187500.03,-187500.03,-187500.03,-187500.03,-131816.1,-171861.88,-187500.03,-131132.23,-187500.03,-187500.03,-179767.12
4500.345,-187500.03,-187500.03,-187500.03,-187500.03,-187500.03,-187500.03,-187500.03,-187500.03,-187500.03,-140924.0,-179021.66,-187500.03,-137956.53,-187500.03,-187500.03,-187500.03
4500.3677,-187500.03,-187500.03,-187500.03,-187500.03,-187500.03,-187500.03,-187500.03,-187500.03,-187500.03,-140314.5,-177956.23,-187500.03,-138549.08,-187500.03,-187500.03,-187500.03
4500.39,-187500.03,-187500.03,-187500.03,-187500.03,-187500.03,-187500.03,-187500.03,-187500.03,-187500.03,-131476.62,-171038.83,-187500.03,-131940.1,-187500.03,-187500.03,-180578.28
4500.4126,-187500.03,-187500.03,-187500.03,-187500.03,-187500.03,-187500.03,-187500.03,-187500.03,-187500.03,-130820.32,-171003.83,-187500.03,-130510.93,-187500.03,-187500.03,-178943.88
4500.4346,-187500.03,-187500.03,-187500.03,-187500.03,-187500.03,-187500.03,-187500.03,-187500.03,-187500.03,-139525.61,-178001.27,-187500.03,-136804.83,-187500.03,-187500.03,-187127.83
4500.457,-187500.03,-187500.03,-187500.03,-187500.03,-187500.03,-187500.03,-187500.03,-187500.03,-187500.03,-141554.25,-179010.39,-187500.03,-139318.62,-187500.03,-187500.03,-187500.03
4500.4795,-187500.03,-187500.03,-187500.03,-187500.03,-187500.03,-187500.03,-187500.03,-187500.03,-187500.03,-132637.58,-171905.69,-187500.03,-132926.94,-187500.03,-187500.03,-181825.23
4500.502,-187500.03,-187500.03,-187500.03,-187500.03,-187500.03,-187500.03,-187500.03,-187500.03,-187500.03,-130143.734,-170383.88,-187500.03,-130152.36,-187500.03,-187500.03,-178448.83
4500.524,-187500.03,-187500.03,-187500.03,-187500.03,-187500.03,-187500.03,-187500.03,-187500.03,-187500.03,-137902.38,-176772.67,-187500.03,-135527.33,-187500.03,-187500.03,-185485.6
4500.5464,-187500.03,-187500.03,-187500.03,-187500.03,-187500.03,-187500.03,-187500.03,-187500.03,-187500.03,-142389.88,-179765.19,-187500.03,-139758.25,-187500.03,-187500.03,-187500.03
4500.569,-187500.03,-187500.03,-187500.03,-187500.03,-187500.03,-187500.03,-187500.03,-187500.03,-187500.03,-134033.78,-172968.0,-187500.03,-134048.38,-187500.03,-187500.03,-183260.98
4500.5913,-187500.03,-187500.03,-187500.03,-187500.03,-187500.03,-187500.03,-187500.03,-187500.03,-187500.03,-129790.86,-170017.05,-187500.03,-130054.33,-187500.03,-187500.03,-178283.08
4500.614,-187500.03,-187500.03,-187500.03,-187500.03,-187500.03,-187500.03,-187500.03,-187500.03,-187500.03,-136195.42,-175446.1,-187500.03,-134236.58,-187500.03,-187500.03,-183811.6
4500.6357,-187500.03,-187500.03,-187500.03,-187500.03,-187500.03,-187500.03,-187500.03,-187500.03,-187500.03,-142746.94,-180153.5,-187500.03,-139830.94,-187500.03,-187500.03,-187500.03
4500.658,-187500.03,-187500.03,-187500.03,-187500.03,-187500.03,-187500.03,-187500.03,-187500.03,-187500.03,-135607.23,-174181.97,-187500.03,-135254.52,-187500.03,-187500.03,-184815.11
4500.6807,-187500.03,-187500.03,-187500.03,-187500.03,-187500.03,-187500.03,-187500.03,-187500.03,-187500.03,-129763.22,-169902.02,-187500.03,-130205.26,-187500.03,-187500.03,-178433.45
4500.703,-187500.03,-187500.03,-187500.03,-187500.03,-187500.03,-187500.03,-187500.03,-187500.03,-187500.03,-134527.53,-174110.17,-187500.03,-133014.88,-187500.03,-187500.03,-182222.69
4500.725,-187500.03,-187500.03,-187500.03,-187500.03,-187500.03,-187500.03,-187500.03,-187500.03,-187500.03,-142586.62,-180135.86,-187500.03,-139518.28,-187500.03,-187500.03,-187500.03
4500.7476,-187500.03,-187500.03,-187500.03,-187500.03,-187500.03,-187500.03,-187500.03,-187500.03,-187500.03,-137275.19,-175492.23,-187500.03,-136478.39,-187500.03,-187500.03,-186411.4
4500.77,-187500.03,-187500.03,-187500.03,-187500.03,-187500.03,-187500.03,-187500.03,-187500.03,-187500.03,-130054.79,-170048.56,-187500.03,-130594.445,-187500.03,-187500.03,-178890.05
4500.7925,-187500.03,-187500.03,-187500.03,-187500.03,-187500.03,-187500.03,-187500.03,-187500.03,-187500.03,-133011.11,-172868.98,-187500.03,-131943.62,-187500.03,-187500.03,-180820.8
4500.815,-187500.03,-187500.03,-187500.03,-187500.03,-187500.03,-187500.03,-187500.03,-187500.03,-187500.03,-141922.45,-179720.11,-187500.03,-138845.67,-187500.03,-187500.03,-187500.03
4500.837,-187500.03,-187500.03,-187500.03,-187500.03,-187500.03,-187500.03,-187500.03,-187500.03,-187500.03,-138906.42,-176799.67,-187500.03,-137618.64,-187500.03,-187500.03,-187500.03
4500.8594,-187500.03,-187500.03,-187500.03,-187500.03,-187500.03,-187500.03,-187500.03,-187500.03,-187500.03,-130644.336,-170440.28,-187500.03,-131190.75,-187500.03,-187500.03,-179623.52
4500.882,-187500.03,-187500.03,-187500.03,-187500.03,-187500.03,-187500.03,-187500.03,-187500.03,-187500.03,-131751.73,-171814.2,-187500.03,-131095.58,-187500.03,-187500.03,-179709.17
4500.9043,-187500.03,-187500.03,-187500.03,-187500.03,-187500.03,-187500.03,-187500.03,-187500.03,-187500.03,-140847.83,-178973.42,-187500.03,-137899.47,-187500.03,-187500.03,-187500.03
4500.9263,-187500.03,-187500.03,-187500.03,-187500.03,-187500.03,-187500.03,-187500.03,-187500.03,-187500.03,-140379.17,-178015.61,-187500.03,-138598.64,-187500.03,-187500.03,-187500.03
4500.9487,-187500.03,-187500.03,-187500.03,-187500.03,-187500.03,-187500.03,-187500.03,-187500.03,-187500.03,-131525.97,-171076.66,-187500.03,-131992.5,-187500.03,-187500.03,-180624.02
4500.971,-187500.03,-187500.03,-187500.03,-187500.03,-187500.03,-187500.03,-187500.03,-187500.03,-187500.03,-130762.31,-170952.95,-187500.03,-130480.63,-187500.03,-187500.03,-178885.38
4500.9937,-187500.03,-187500.03,-187500.03,-187500.03,-187500.03,-187500.03,-187500.03,-187500.03,-187500.03,-139417.16,-177922.17,-187500.03,-136722.66,-187500.03,-187500.03,-187009.02
4501.016,-187500.03,-187500.03,-187500.03,-187500.03,-187500.03,-187500.03,-187500.03,-187500.03,-187500.03,-141605.83,-179059.61,-187500.03,-139351.44,-187500.03,-187500.03,-187500.03
4501.038,-187500.03,-187500.03,-187500.03,-187500.03,-187500.03,-187500.03,-187500.03,-187500.03,-187500.03,-132706.62,-171956.86,-187500.03,-132987.42,-187500.03,-187500.03,-181890.92
4501.0605,-187500.03,-187500.03,-187500.03,-187500.03,-187500.03,-187500.03,-187500.03,-187500.03,-187500.03,-130092.47,-170336.62,-187500.03,-130127.74,-187500.03,-187500.03,-178403.73
4501.083,-187500.03,-187500.03,-187500.03,-187500.03,-187500.03,-187500.03,-187500.03,-187500.03,-187500.03,-137760.31,-176663.38,-187500.03,-135422.02,-187500.03,-187500.03,-185339.53
4501.1055,-187500.03,-187500.03,-187500.03,-187500.03,-187500.03,-187500.03,-187500.03,-187500.03,-187500.03,-142417.78,-179794.95,-187500.03,-139768.84,-187500.03,-187500.03,-187500.03
4501.1274,-187500.03,-187500.03,-187500.03,-187500.03,-187500.03,-187500.03,-187500.03,-187500.03,-187500.03,-134127.27,-173036.19,-187500.03,-134123.61,-187500.03,-187500.03,-183346.88
4501.15,-187500.03,-187500.03,-187500.03,-187500.03,-187500.03,-187500.03,-187500.03,-187500.03,-187500.03,-129771.5,-169990.44,-187500.03,-130052.984,-187500.03,-187500.03,-178269.27
4501.1724,-187500.03,-187500.03,-187500.03,-187500.03,-187500.03,-187500.03,-187500.03,-187500.03,-187500.03,-136061.14,-175336.67,-187500.03,-134137.88,-187500.03,-187500.03,-183676.38
4501.195,-187500.03,-187500.03,-187500.03,-187500.03,-187500.03,-187500.03,-187500.03,-187500.03,-187500.03,-142745.94,-180159.67,-187500.03,-139816.86,-187500.03,-187500.03,-187500.03
4501.2173,-187500.03,-187500.03,-187500.03,-187500.03,-187500.03,-187500.03,-187500.03,-187500.03,-187500.03,-135720.94,-174268.75,-187500.03,-135340.83,-187500.03,-187500.03,-184921.72
4501.2393,-187500.03,-187500.03,-187500.03,-187500.03,-187500.03,-187500.03,-187500.03,-187500.03,-187500.03,-129775.57,-169901.84,-187500.03,-130228.51,-187500.03,-187500.03,-178453.8
4501.2617,-187500.03,-187500.03,-187500.03,-187500.03,-187500.03,-187500.03,-187500.03,-187500.03,-187500.03,-134405.33,-174007.67,-187500.03,-132928.31,-187500.03,-187500.03,-182104.23
4501.284,-187500.03,-187500.03,-187500.03,-187500.03,-187500.03,-187500.03,-187500.03,-187500.03,-187500.03,-142546.48,-180110.9,-187500.03,-139475.98,-187500.03,-187500.03,-187500.03
4501.3066,-187500.03,-187500.03,-187500.03,-187500.03,-187500.03,-187500.03,-187500.03,-187500.03,-187500.03,-137404.36,-175593.14,-187500.03,-136572.16,-187500.03,-187500.03,-186528.62
4501.3286,-187500.03,-187500.03,-187500.03,-187500.03,-187500.03,-187500.03,-187500.03,-187500.03,-187500.03,-130098.49,-170072.78,-187500.03,-130639.67,-187500.03,-187500.03,-178942.53
4501.351,-187500.03,-187500.03,-187500.03,-187500.03,-187500.03,-187500.03,-187500.03,-187500.03,-187500.03,-132913.62,-172781.72,-187500.03,-131877.12,-187500.03,-187500.03,-180734.56
4501.3735,-187500.03,-187500.03,-187500.03,-187500.03,-187500.03,-187500.03,-187500.03,-187500.03,-187500.03,-141858.9,-179671.97,-187500.03,-138786.03,-187500.03,-187500.03,-187500.03
4501.396,-187500.03,-187500.03,-187500.03,-187500.03,-187500.03,-187500.03,-187500.03,-187500.03,-187500.03,-139049.48,-176910.77,-187500.03,-137719.28,-187500.03,-187500.03,-187500.03
4501.418,-187500.03,-187500.03,-187500.03,-187500.03,-187500.03,-187500.03,-187500.03,-187500.03,-187500.03,-130729.125,-170494.11,-187500.03,-131270.39,-187500.03,-187500.03,-179720.39
4501.4404,-187500.03,-187500.03,-187500.03,-187500.03,-187500.03,-187500.03,-187500.03,-187500.03,-187500.03,-131673.12,-171733.95,-187500.03,-131050.375,-187500.03,-187500.03,-179643.86
4501.463,-187500.03,-187500.03,-187500.03,-187500.03,-187500.03,-187500.03,-187500.03,-187500.03,-187500.03,-140755.97,-178897.27,-187500.03,-137822.14,-187500.03,-187500.03,-187500.03
4501.4854,-187500.03,-187500.03,-187500.03,-187500.03,-187500.03,-187500.03,-187500.03,-187500.03,-187500.03,-140541.5,-178138.2,-187500.03,-138710.14,-187500.03,-187500.03,-187500.03
4501.508,-187500.03,-187500.03,-187500.03,-187500.03,-187500.03,-187500.03,-187500.03,-187500.03,-187500.03,-131649.98,-171156.39,-187500.03,-132099.69,-187500.03,-187500.03,-180761.17
4501.53,-187500.03,-187500.03,-187500.03,-187500.03,-187500.03,-187500.03,-187500.03,-187500.03,-187500.03,-130717.2,-170896.98,-187500.03,-130460.56,-187500.03,-187500.03,-178860.11
4501.5522,-187500.03,-187500.03,-187500.03,-187500.03,-187500.03,-187500.03,-187500.03,-187500.03,-187500.03,-139306.92,-177828.61,-187500.03,-136634.19,-187500.03,-187500.03,-186896.53
4501.5747,-187500.03,-187500.03,-187500.03,-187500.03,-187500.03,-187500.03,-187500.03,-187500.03,-187500.03,-141722.5,-179149.6,-187500.03,-139424.28,-187500.03,-187500.03,-187500.03
4501.597,-187500.03,-187500.03,-187500.03,-187500.03,-187500.03,-187500.03,-187500.03,-187500.03,-187500.03,-132842.48,-172051.84,-187500.03,-133099.44,-187500.03,-187500.03,-182030.25
4501.619,-187500.03,-187500.03,-187500.03,-187500.03,-187500.03,-187500.03,-187500.03,-187500.03,-187500.03,-130087.33,-170317.27,-187500.03,-130139.055,-187500.03,-187500.03,-178410.44
4501.6416,-187500.03,-187500.03,-187500.03,-187500.03,-187500.03,-187500.03,-187500.03,-187500.03,-187500.03,-137664.84,-176582.06,-187500.03,-135351.02,-187500.03,-187500.03,-185241.3
4501.664,-187500.03,-187500.03,-187500.03,-187500.03,-187500.03,-187500.03,-187500.03,-187500.03,-187500.03,-142487.16,-179851.69,-187500.03,-139809.27,-187500.03,-187500.03,-187500.03
4501.6865,-187500.03,-187500.03,-187500.03,-187500.03,-187500.03,-187500.03,-187500.03,-187500.03,-187500.03,-134270.28,-173142.48,-187500.03,-134236.12,-187500.03,-187500.03,-183489.16
4501.709,-187500.03,-187500.03,-187500.03,-187500.03,-187500.03,-187500.03,-187500.03,-187500.03,-187500.03,-129783.6,-169990.14,-187500.03,-130076.6,-187500.03,-187500.03,-178293.58
4501.731,-187500.03,-187500.03,-187500.03,-187500.03,-187500.03,-187500.03,-187500.03,-187500.03,-187500.03,-135950.5,-175247.3,-187500.03,-134057.88,-187500.03,-187500.03,-183569.8
4501.7534,-187500.03,-187500.03,-187500.03,-187500.03,-187500.03,-187500.03,-187500.03,-187500.03,-187500.03,-142762.62,-180180.9,-187500.03,-139817.03,-187500.03,-187500.03,-187500.03
4501.776,-187500.03,-187500.03,-187500.03,-187500.03,-187500.03,-187500.03,-187500.03,-187500.03,-187500.03,-135870.25,-174385.02,-187500.03,-135455.84,-187500.03,-187500.03,-185064.02
4501.7983,-187500.03,-187500.03,-187500.03,-187500.03,-187500.03,-187500.03,-187500.03,-187500.03,-187500.03,-129804.625,-169917.88,-187500.03,-130266.37,-187500.03,-187500.03,-178492.23
4501.8203,-187500.03,-187500.03,-187500.03,-187500.03,-187500.03,-187500.03,-187500.03,-187500.03,-187500.03,-134305.98,-173929.1,-187500.03,-132860.55,-187500.03,-187500.03,-182010.98
4501.843,-187500.03,-187500.03,-187500.03,-187500.03,-187500.03,-187500.03,-187500.03,-187500.03,-187500.03,-142526.06,-180108.39,-187500.03,-139449.88,-187500.03,-187500.03,-187500.03
4501.865,-187500.03,-187500.03,-187500.03,-187500.03,-187500.03,-187500.03,-187500.03,-187500.03,-187500.03,-137543.88,-175711.06,-187500.03,-136675.47,-187500.03,-187500.03,-186662.33
4501.8877,-187500.03,-187500.03,-187500.03,-187500.03,-187500.03,-187500.03,-187500.03,-187500.03,-187500.03,-130151.11,-170114.86,-187500.03,-130695.28,-187500.03,-187500.03,-179008.11
4501.91,-187500.03,-187500.03,-187500.03,-187500.03,-187500.03,-187500.03,-187500.03,-187500.03,-187500.03,-132841.2,-172729.06,-187500.03,-131836.3,-187500.03,-187500.03,-180672.95
4501.932,-187500.03,-187500.03,-187500.03,-187500.03,-187500.03,-187500.03,-187500.03,-187500.03,-187500.03,-141814.72,-179653.94,-187500.03,-138751.98,-187500.03,-187500.03,-187500.03
4501.9546,-187500.03,-187500.03,-187500.03,-187500.03,-187500.03,-187500.03,-187500.03,-187500.03,-187500.03,-139164.23,-177013.39,-187500.03,-137806.28,-187500.03,-187500.03,-187500.03
4501.977,-187500.03,-187500.03,-187500.03,-187500.03,-187500.03,-187500.03,-187500.03,-187500.03,-187500.03,-130792.22,-170548.88,-187500.03,-131332.5,-187500.03,-187500.03,-179791.38
4501.9995,-187500.03,-187500.03,-187500.03,-187500.03,-187500.03,-187500.03,-187500.03,-187500.03,-187500.03,-131619.28,-171697.0,-187500.03,-131021.055,-187500.03,-187500.03,-179599.64
4502.0215,-187500.03,-187500.03,-187500.03,-187500.03,-187500.03,-187500.03,-187500.03,-187500.03,-187500.03,-140685.53,-178859.56,-187500.03,-137766.81,-187500.03,-187500.03,-187500.03
4502.044,-187500.03,-187500.03,-187500.03,-187500.03,-187500.03,-187500.03,-187500.03,-187500.03,-187500.03,-140632.02,-178227.45,-187500.03,-138773.67,-187500.03,-187500.03,-187500.03
4502.0664,-187500.03,-187500.03,-187500.03,-187500.03,-187500.03,-187500.03,-187500.03,-187500.03,-187500.03,-131730.23,-171228.94,-187500.03,-132173.72,-187500.03,-187500.03,-180847.39
4502.089,-187500.03,-187500.03,-187500.03,-187500.03,-187500.03,-187500.03,-187500.03,-187500.03,-187500.03,-130684.88,-170878.92,-187500.03,-130453.586,-187500.03,-187500.03,-178839.27
4502.1113,-187500.03,-187500.03,-187500.03,-187500.03,-187500.03,-187500.03,-187500.03,-187500.03,-187500.03,-139230.75,-177785.52,-187500.03,-136584.61,-187500.03,-187500.03,-186822.14
4502.1333,-187500.03,-187500.03,-187500.03,-187500.03,-187500.03,-187500.03,-187500.03,-187500.03,-187500.03,-141799.86,-179227.84,-187500.03,-139484.22,-187500.03,-187500.03,-187500.03
4502.156,-187500.03,-187500.03,-187500.03,-187500.03,-187500.03,-187500.03,-187500.03,-187500.03,-187500.03,-132946.11,-172138.97,-187500.03,-133192.7,-187500.03,-187500.03,-182144.78
4502.178,-187500.03,-187500.03,-187500.03,-187500.03,-187500.03,-187500.03,-187500.03,-187500.03,-187500.03,-130078.836,-170311.83,-187500.03,-130151.555,-187500.03,-187500.03,-178420.6
4502.2007,-187500.03,-187500.03,-187500.03,-187500.03,-187500.03,-187500.03,-187500.03,-187500.03,-187500.03,-137584.27,-176528.72,-187500.03,-135298.45,-187500.03,-187500.03,-185170.39
4502.2227,-187500.03,-187500.03,-187500.03,-187500.03,-187500.03,-187500.03,-187500.03,-187500.03,-187500.03,-142541.03,-179908.34,-187500.03,-139846.94,-187500.03,-187500.03,-187500.03
4502.245,-187500.03,-187500.03,-187500.03,-187500.03,-187500.03,-187500.03,-187500.03,-187500.03,-187500.03,-134385.3,-173239.1,-187500.03,-134334.47,-187500.03,-187500.03,-183612.98
4502.2676,-187500.03,-187500.03,-187500.03,-187500.03,-187500.03,-187500.03,-187500.03,-187500.03,-187500.03,-129796.56,-170002.11,-187500.03,-130104.125,-187500.03,-187500.03,-178323.72
4502.29,-187500.03,-187500.03,-187500.03,-187500.03,-187500.03,-187500.03,-187500.03,-187500.03,-187500.03,-135886.98,-175203.12,-187500.03,-134018.4,-187500.03,-187500.03,-183514.81
4502.3125,-187500.03,-187500.03,-187500.03,-187500.03,-187500.03,-187500.03,-187500.03,-187500.03,-187500.03,-142793.73,-180217.75,-187500.03,-139837.73,-187500.03,-187500.03,-187500.03
4502.3345,-187500.03,-187500.03,-187500.03,-187500.03,-187500.03,-187500.03,-187500.03,-187500.03,-187500.03,-135987.16,-174484.7,-187500.03,-135549.97,-187500.03,-187500.03,-185186.62
4502.357,-187500.03,-187500.03,-187500.03,-187500.03,-187500.03,-187500.03,-187500.03,-187500.03,-187500.03,-129844.32,-169953.47,-187500.03,-130313.47,-187500.03,-187500.03,-178550.81
4502.3794,-187500.03,-187500.03,-187500.03,-187500.03,-187500.03,-187500.03,-187500.03,-187500.03,-187500.03,-134242.39,-173884.97,-187500.03,-132822.42,-187500.03,-187500.03,-181961.94
4502.402,-187500.03,-187500.03,-187500.03,-187500.03,-187500.03,-187500.03,-187500.03,-187500.03,-187500.03,-142528.38,-180122.1,-187500.03,-139447.88,-187500.03,-187500.03,-187500.03
4502.424,-187500.03,-187500.03,-187500.03,-187500.03,-187500.03,-187500.03,-187500.03,-187500.03,-187500.03,-137660.14,-175808.66,-187500.03,-136765.22,-187500.03,-187500.03,-186777.28
4502.4463,-187500.03,-187500.03,-187500.03,-187500.03,-187500.03,-187500.03,-187500.03,-187500.03,-187500.03,-130201.13,-170154.47,-187500.03,-130748.125,-187500.03,-187500.03,-179067.84
4502.4688,-187500.03,-187500.03,-187500.03,-187500.03,-187500.03,-187500.03,-187500.03,-187500.03,-187500.03,-132776.16,-172678.05,-187500.03,-131796.83,-187500.03,-187500.03,-180615.33
4502.491,-187500.03,-187500.03,-187500.03,-187500.03,-187500.03,-187500.03,-187500.03,-187500.03,-187500.03,-141783.98,-179641.62,-187500.03,-138722.86,-187500.03,-187500.03,-187500.03
4502.5137,-187500.03,-187500.03,-187500.03,-187500.03,-187500.03,-187500.03,-187500.03,-187500.03,-187500.03,-139275.05,-177108.98,-187500.03,-137885.34,-187500.03,-187500.03,-187500.03
4502.5356,-187500.03,-187500.03,-187500.03,-187500.03,-187500.03,-187500.03,-187500.03,-187500.03,-187500.03,-130852.92,-170597.42,-187500.03,-131389.53,-187500.03,-187500.03,-179862.4
4502.558,-187500.03,-187500.03,-187500.03,-187500.03,-187500.03,-187500.03,-187500.03,-187500.03,-187500.03,-131574.83,-171661.69,-187500.03,-130998.33,-187500.03,-187500.03,-179567.22
4502.5806,-187500.03,-187500.03,-187500.03,-187500.03,-187500.03,-187500.03,-187500.03,-187500.03,-187500.03,-140640.23,-178829.77,-187500.03,-137731.44,-187500.03,-187500.03,-187500.03
4502.603,-187500.03,-187500.03,-187500.03,-187500.03,-187500.03,-187500.03,-187500.03,-187500.03,-187500.03,-140703.84,-178286.55,-187500.03,-138824.52,-187500.03,-187500.03,-187500.03
4502.625,-187500.03,-187500.03,-187500.03,-187500.03,-187500.03,-187500.03,-187500.03,-187500.03,-187500.03,-131790.08,-171272.64,-187500.03,-132227.19,-187500.03,-187500.03,-180909.81
4502.6475,-187500.03,-187500.03,-187500.03,-187500.03,-187500.03,-187500.03,-187500.03,-187500.03,-187500.03,-130661.31,-170854.84,-187500.03,-130443.93,-187500.03,-187500.03,-178820.27
4502.67,-187500.03,-187500.03,-187500.03,-187500.03,-187500.03,-187500.03,-187500.03,-187500.03,-187500.03,-139173.12,-177738.67,-187500.03,-136535.27,-187500.03,-187500.03,-186757.88
4502.6924,-187500.03,-187500.03,-187500.03,-187500.03,-187500.03,-187500.03,-187500.03,-187500.03,-187500.03,-141846.56,-179264.0,-187500.03,-139508.81,-187500.03,-187500.03,-187500.03
4502.715,-187500.03,-187500.03,-187500.03,-187500.03,-187500.03,-187500.03,-187500.03,-187500.03,-187500.03,-133006.64,-172181.0,-187500.03,-133241.38,-187500.03,-187500.03,-182201.23
4502.737,-187500.03,-187500.03,-187500.03,-187500.03,-187500.03,-187500.03,-187500.03,-187500.03,-187500.03,-130060.06,-170289.66,-187500.03,-130147.01,-187500.03,-187500.03,-178404.27
4502.7593,-187500.03,-187500.03,-187500.03,-187500.03,-187500.03,-187500.03,-187500.03,-187500.03,-187500.03,-137513.55,-176470.17,-187500.03,-135247.03,-187500.03,-187500.03,-185094.48
4502.7817,-187500.03,-187500.03,-187500.03,-187500.03,-187500.03,-187500.03,-187500.03,-187500.03,-187500.03,-142566.72,-179928.38,-187500.03,-139860.23,-187500.03,-187500.03,-187500.03
4502.804,-187500.03,-187500.03,-187500.03,-187500.03,-187500.03,-187500.03,-187500.03,-187500.03,-187500.03,-134455.67,-173288.03,-187500.03,-134391.5,-187500.03,-187500.03,-183677.12
4502.826,-187500.03,-187500.03,-187500.03,-187500.03,-187500.03,-187500.03,-187500.03,-187500.03,-187500.03,-129791.47,-169987.08,-187500.03,-130110.38,-187500.03,-187500.03,-178321.12
4502.8486,-187500.03,-187500.03,-187500.03,-187500.03,-187500.03,-187500.03,-187500.03,-187500.03,-187500.03,-135788.23,-175118.16,-187500.03,-133945.88,-187500.03,-187500.03,-183415.22
4502.871,-187500.03,-187500.03,-187500.03,-187500.03,-187500.03,-187500.03,-187500.03,-187500.03,-187500.03,-142795.39,-180220.39,-187500.03,-139829.86,-187500.03,-187500.03,-187500.03
4502.8936,-187500.03,-187500.03,-187500.03,-187500.03,-187500.03,-187500.03,-187500.03,-187500.03,-187500.03,-136086.22,-174557.2,-187500.03,-135626.53,-187500.03,-187500.03,-185282.84
4502.916,-187500.03,-187500.03,-187500.03,-187500.03,-187500.03,-187500.03,-187500.03,-187500.03,-187500.03,-129849.67,-169948.83,-187500.03,-130330.1,-187500.03,-187500.03,-178566.23
4502.938,-187500.03,-187500.03,-187500.03,-187500.03,-187500.03,-187500.03,-187500.03,-187500.03,-187500.03,-134131.08,-173793.62,-187500.03,-132745.7,-187500.03,-187500.03,-181856.48
4502.9604,-187500.03,-187500.03,-187500.03,-187500.03,-187500.03,-187500.03,-187500.03,-187500.03,-187500.03,-142497.61,-180105.02,-187500.03,-139416.19,-187500.03,-187500.03,-187500.03
4502.983,-187500.03,-187500.03,-187500.03,-187500.03,-187500.03,-187500.03,-187500.03,-187500.03,-187500.03,-137777.52,-175900.78,-187500.03,-136852.48,-187500.03,-187500.03,-186889.39
4503.0054,-187500.03,-187500.03,-187500.03,-187500.03,-187500.03,-187500.03,-187500.03,-187500.03,-187500.03,-130230.63,-170173.11,-187500.03,-130783.99,-187500.03,-187500.03,-179113.97
4503.0273,-187500.03,-187500.03,-187500.03,-187500.03,-187500.03,-187500.03,-187500.03,-187500.03,-187500.03,-132677.72,-172600.06,-187500.03,-131732.28,-187500.03,-187500.03,-180534.84
4503.05,-187500.03,-187500.03,-187500.03,-187500.03,-187500.03,-187500.03,-187500.03,-187500.03,-187500.03,-141712.8,-179598.2,-187500.03,-138662.27,-187500.03,-187500.03,-187500.03
4503.0723,-187500.03,-187500.03,-187500.03,-187500.03,-187500.03,-187500.03,-187500.03,-187500.03,-187500.03,-139399.36,-177216.98,-187500.03,-137976.52,-187500.03,-187500.03,-187500.03
4503.0947,-187500.03,-187500.03,-187500.03,-187500.03,-187500.03,-187500.03,-187500.03,-187500.03,-187500.03,-130915.85,-170649.31,-187500.03,-131455.17,-187500.03,-187500.03,-179944.98
4503.1167,-187500.03,-187500.03,-187500.03,-187500.03,-187500.03,-187500.03,-187500.03,-187500.03,-187500.03,-131480.02,-171586.31,-187500.03,-130942.805,-187500.03,-187500.03,-179493.86
4503.139,-187500.03,-187500.03,-187500.03,-187500.03,-187500.03,-187500.03,-187500.03,-187500.03,-187500.03,-140517.69,-178745.62,-187500.03,-137634.92,-187500.03,-187500.03,-187500.03
4503.1616,-187500.03,-187500.03,-187500.03,-187500.03,-187500.03,-187500.03,-187500.03,-187500.03,-187500.03,-140820.16,-178391.7,-187500.03,-138902.22,-187500.03,-187500.03,-187500.03
4503.184,-187500.03,-187500.03,-187500.03,-187500.03,-187500.03,-187500.03,-187500.03,-187500.03,-187500.03,-131878.9,-171348.72,-187500.03,-132307.48,-187500.03,-187500.03,-181020.14
4503.2065,-187500.03,-187500.03,-187500.03,-187500.03,-187500.03,-187500.03,-187500.03,-187500.03,-187500.03,-130602.34,-170814.47,-187500.03,-130417.555,-187500.03,-187500.03,-178790.81
4503.2285,-187500.03,-187500.03,-187500.03,-187500.03,-187500.03,-187500.03,-187500.03,-187500.03,-187500.03,-139054.61,-177661.55,-187500.03,-136451.44,-187500.03,-187500.03,-186649.97
4503.251,-187500.03,-187500.03,-187500.03,-187500.03,-187500.03,-187500.03,-187500.03,-187500.03,-187500.03,-141912.28,-179332.48,-187500.03,-139554.0,-187500.03,-187500.03,-187500.03
4503.2734,-187500.03,-187500.03,-187500.03,-187500.03,-187500.03,-187500.03,-187500.03,-187500.03,-187500.03,-133096.84,-172259.19,-187500.03,-133322.88,-187500.03,-187500.03,-182305.75
4503.296,-187500.03,-187500.03,-187500.03,-187500.03,-187500.03,-187500.03,-187500.03,-187500.03,-187500.03,-130031.63,-170270.42,-187500.03,-130142.63,-187500.03,-187500.03,-178396.88
4503.318,-187500.03,-187500.03,-187500.03,-187500.03,-187500.03,-187500.03,-187500.03,-187500.03,-187500.03,-137389.28,-176381.92,-187500.03,-135156.33,-187500.03,-187500.03,-184977.38
4503.3403,-187500.03,-187500.03,-187500.03,-187500.03,-187500.03,-187500.03,-187500.03,-187500.03,-187500.03,-142592.16,-179963.64,-187500.03,-139869.3,-187500.03,-187500.03,-187500.03
4503.363,-187500.03,-187500.03,-187500.03,-187500.03,-187500.03,-187500.03,-187500.03,-187500.03,-187500.03,-134552.56,-173370.9,-187500.03,-134470.02,-187500.03,-187500.03,-183778.48
4503.3853,-187500.03,-187500.03,-187500.03,-187500.03,-187500.03,-187500.03,-187500.03,-187500.03,-187500.03,-129778.33,-169981.11,-187500.03,-130115.79,-187500.03,-187500.03,-178325.14
4503.4077,-187500.03,-187500.03,-187500.03,-187500.03,-187500.03,-187500.03,-187500.03,-187500.03,-187500.03,-135680.17,-175041.31,-187500.03,-133869.98,-187500.03,-187500.03,-183313.56
4503.4297,-187500.03,-187500.03,-187500.03,-187500.03,-187500.03,-187500.03,-187500.03,-187500.03,-187500.03,-142786.28,-180225.89,-187500.03,-139814.0,-187500.03,-187500.03,-187500.03
4503.452,-187500.03,-187500.03,-187500.03,-187500.03,-187500.03,-187500.03,-187500.03,-187500.03,-187500.03,-136175.4,-174632.19,-187500.03,-135695.3,-187500.03,-187500.03,-185365.62
4503.4746,-187500.03,-187500.03,-187500.03,-187500.03,-187500.03,-187500.03,-187500.03,-187500.03,-187500.03,-129854.91,-169952.62,-187500.03,-130344.82,-187500.03,-187500.03,-178577.9
4503.497,-187500.03,-187500.03,-187500.03,-187500.03,-187500.03,-187500.03,-187500.03,-187500.03,-187500.03,-134041.22,-173721.34,-187500.03,-132680.77,-187500.03,-187500.03,-181767.53
4503.519,-187500.03,-187500.03,-187500.03,-187500.03,-187500.03,-187500.03,-187500.03,-187500.03,-187500.03,-142456.89,-180078.14,-187500.03,-139375.6,-187500.03,-187500.03,-187500.03
4503.5415,-187500.03,-187500.03,-187500.03,-187500.03,-187500.03,-187500.03,-187500.03,-187500.03,-187500.03,-137867.33,-175971.58,-187500.03,-136917.16,-187500.03,-187500.03,-186970.36
4503.564,-187500.03,-187500.03,-187500.03,-187500.03,-187500.03,-187500.03,-187500.03,-187500.03,-187500.03,-130251.87,-170184.1,-187500.03,-130811.516,-187500.03,-187500.03,-179141.48
4503.5864,-187500.03,-187500.03,-187500.03,-187500.03,-187500.03,-187500.03,-187500.03,-187500.03,-187500.03,-132574.66,-172511.12,-187500.03,-131662.48,-187500.03,-187500.03,-180435.19
4503.609,-187500.03,-187500.03,-187500.03,-187500.03,-187500.03,-187500.03,-187500.03,-187500.03,-187500.03,-141624.48,-179529.48,-187500.03,-138588.69,-187500.03,-187500.03,-187500.03
4503.631,-187500.03,-187500.03,-187500.03,-187500.03,-187500.03,-187500.03,-187500.03,-187500.03,-187500.03,-139489.84,-177285.34,-187500.03,-138037.12,-187500.03,-187500.03,-187500.03
4503.6533,-187500.03,-187500.03,-187500.03,-187500.03,-187500.03,-187500.03,-187500.03,-187500.03,-187500.03,-130963.74,-170676.14,-187500.03,-131498.56,-187500.03,-187500.03,-179992.67
4503.676,-187500.03,-187500.03,-187500.03,-187500.03,-187500.03,-187500.03,-187500.03,-187500.03,-187500.03,-131400.4,-171512.3,-187500.03,-130889.18,-187500.03,-187500.03,-179420.03
4503.698,-187500.03,-187500.03,-187500.03,-187500.03,-187500.03,-187500.03,-187500.03,-187500.03,-187500.03,-140401.94,-178653.97,-187500.03,-137538.73,-187500.03,-187500.03,-187500.03
4503.72,-187500.03,-187500.03,-187500.03,-187500.03,-187500.03,-187500.03,-187500.03,-187500.03,-187500.03,-140896.39,-178451.92,-187500.03,-138947.45,-187500.03,-187500.03,-187500.03
4503.7427,-187500.03,-187500.03,-187500.03,-187500.03,-187500.03,-187500.03,-187500.03,-187500.03,-187500.03,-131952.31,-171397.1,-187500.03,-132370.6,-187500.03,-187500.03,-181096.03
4503.765,-187500.03,-187500.03,-187500.03,-187500.03,-187500.03,-187500.03,-187500.03,-187500.03,-187500.03,-130528.67,-170742.27,-187500.03,-130372.836,-187500.03,-187500.03,-178726.92
4503.7876,-187500.03,-187500.03,-187500.03,-187500.03,-187500.03,-187500.03,-187500.03,-187500.03,-187500.03,-138890.73,-177528.42,-187500.03,-136319.1,-187500.03,-187500.03,-186478.53
4503.81,-187500.03,-187500.03,-187500.03,-187500.03,-187500.03,-187500.03,-187500.03,-187500.03,-187500.03,-141970.16,-179378.67,-187500.03,-139575.6,-187500.03,-187500.03,-187500.03
4503.832,-187500.03,-187500.03,-187500.03,-187500.03,-187500.03,-187500.03,-187500.03,-187500.03,-187500.03,-133210.14,-172338.77,-187500.03,-133409.95,-187500.03,-187500.03,-182420.42
4503.8545,-187500.03,-187500.03,-187500.03,-187500.03,-187500.03,-187500.03,-187500.03,-187500.03,-187500.03,-129980.12,-170216.72,-187500.03,-130114.69,-187500.03,-187500.03,-178364.38
4503.877,-187500.03,-187500.03,-187500.03,-187500.03,-187500.03,-187500.03,-187500.03,-187500.03,-187500.03,-137212.97,-176240.47,-187500.03,-135018.52,-187500.03,-187500.03,-184806.03
4503.8994,-187500.03,-187500.03,-187500.03,-187500.03,-187500.03,-187500.03,-187500.03,-187500.03,-187500.03,-142611.84,-179984.5,-187500.03,-139861.22,-187500.03,-187500.03,-187500.03
4503.9214,-187500.03,-187500.03,-187500.03,-187500.03,-187500.03,-187500.03,-187500.03,-187500.03,-187500.03,-134689.67,-173470.88,-187500.03,-134570.95,-187500.03,-187500.03,-183914.98
4503.944,-187500.03,-187500.03,-187500.03,-187500.03,-187500.03,-187500.03,-187500.03,-187500.03,-187500.03,-129766.57,-169955.66,-187500.03,-130120.1,-187500.03,-187500.03,-178331.97
4503.9663,-187500.03,-187500.03,-187500.03,-187500.03,-187500.03,-187500.03,-187500.03,-187500.03,-187500.03,-135513.12,-174899.88,-187500.03,-133745.55,-187500.03,-187500.03,-183157.05
4503.989,-187500.03,-187500.03,-187500.03,-187500.03,-187500.03,-187500.03,-187500.03,-187500.03,-187500.03,-142757.62,-180206.25,-187500.03,-139771.53,-187500.03,-187500.03,-187500.03
4504.011,-187500.03,-187500.03,-187500.03,-187500.03,-187500.03,-187500.03,-187500.03,-187500.03,-187500.03,-136315.11,-174737.61,-187500.03,-135791.19,-187500.03,-187500.03,-185504.33
4504.033,-187500.03,-187500.03,-187500.03,-187500.03,-187500.03,-187500.03,-187500.03,-187500.03,-187500.03,-129868.54,-169951.14,-187500.03,-130364.164,-187500.03,-187500.03,-178613.7
4504.0557,-187500.03,-187500.03,-187500.03,-187500.03,-187500.03,-187500.03,-187500.03,-187500.03,-187500.03,-133894.19,-173598.05,-187500.03,-132572.98,-187500.03,-187500.03,-181638.2
4504.078,-187500.03,-187500.03,-187500.03,-187500.03,-187500.03,-187500.03,-187500.03,-187500.03,-187500.03,-142381.89,-180024.9,-187500.03,-139302.33,-187500.03,-187500.03,-187500.03
4504.1006,-187500.03,-187500.03,-187500.03,-187500.03,-187500.03,-187500.03,-187500.03,-187500.03,-187500.03,-137986.47,-176065.73,-187500.03,-136998.11,-187500.03,-187500.03,-187082.36
4504.1226,-187500.03,-187500.03,-187500.03,-187500.03,-187500.03,-187500.03,-187500.03,-187500.03,-187500.03,-130284.55,-170202.48,-187500.03,-130845.53,-187500.03,-187500.03,-179190.23
4504.145,-187500.03,-187500.03,-187500.03,-187500.03,-187500.03,-187500.03,-187500.03,-187500.03,-187500.03,-132462.69,-172416.77,-187500.03,-131581.8,-187500.03,-187500.03,-180339.17
4504.1675,-187500.03,-187500.03,-187500.03,-187500.03,-187500.03,-187500.03,-187500.03,-187500.03,-187500.03,-141529.66,-179458.81,-187500.03,-138498.86,-187500.03,-187500.03,-187500.03
4504.19,-187500.03,-187500.03,-187500.03,-187500.03,-187500.03,-187500.03,-187500.03,-187500.03,-187500.03,-139582.48,-177359.36,-187500.03,-138088.48,-187500.03,-187500.03,-187500.03
4504.2124,-187500.03,-187500.03,-187500.03,-187500.03,-187500.03,-187500.03,-187500.03,-187500.03,-187500.03,-131008.61,-170706.27,-187500.03,-131536.61,-187500.03,-187500.03,-180049.12
4504.2344,-187500.03,-187500.03,-187500.03,-187500.03,-187500.03,-187500.03,-187500.03,-187500.03,-187500.03,-131299.64,-171428.2,-187500.03,-130819.02,-187500.03,-187500.03,-179332.39
4504.257,-187500.03,-187500.03,-187500.03,-187500.03,-187500.03,-187500.03,-187500.03,-187500.03,-187500.03,-140278.7,-178565.83,-187500.03,-137435.5,-187500.03,-187500.03,-187500.03
4504.2793,-187500.03,-187500.03,-187500.03,-187500.03,-187500.03,-187500.03,-187500.03,-187500.03,-187500.03,-140964.34,-178513.39,-187500.03,-138981.62,-187500.03,-187500.03,-187500.03
4504.302,-187500.03,-187500.03,-187500.03,-187500.03,-187500.03,-187500.03,-187500.03,-187500.03,-187500.03,-132015.12,-171444.52,-187500.03,-132420.5,-187500.03,-187500.03,-181161.22
4504.3237,-187500.03,-187500.03,-187500.03,-187500.03,-187500.03,-187500.03,-187500.03,-187500.03,-187500.03,-130453.26,-170676.38,-187500.03,-130320.51,-187500.03,-187500.03,-178662.9
4504.346,-187500.03,-187500.03,-187500.03,-187500.03,-187500.03,-187500.03,-187500.03,-187500.03,-187500.03,-138755.52,-177427.34,-187500.03,-136209.61,-187500.03,-187500.03,-186343.03
4504.3687,-187500.03,-187500.03,-187500.03,-187500.03,-187500.03,-187500.03,-187500.03,-187500.03,-187500.03,-141998.23,-179412.05,-187500.03,-139584.12,-187500.03,-187500.03,-187500.03
4504.391,-187500.03,-187500.03,-187500.03,-187500.03,-187500.03,-187500.03,-187500.03,-187500.03,-187500.03,-133275.77,-172390.0,-187500.03,-133461.53,-187500.03,-187500.03,-182487.62
4504.4136,-187500.03,-187500.03,-187500.03,-187500.03,-187500.03,-187500.03,-187500.03,-187500.03,-187500.03,-129924.87,-170169.12,-187500.03,-130081.95,-187500.03,-187500.03,-178318.48
4504.4355,-187500.03,-187500.03,-187500.03,-187500.03,-187500.03,-187500.03,-187500.03,-187500.03,-187500.03,-137057.45,-176129.39,-187500.03,-134906.5,-187500.03,-187500.03,-184657.12
4504.458,-187500.03,-187500.03,-187500.03,-187500.03,-187500.03,-187500.03,-187500.03,-187500.03,-187500.03,-142590.86,-179992.0,-187500.03,-139844.81,-187500.03,-187500.03,-187500.03
4504.4805,-187500.03,-187500.03,-187500.03,-187500.03,-187500.03,-187500.03,-187500.03,-187500.03,-187500.03,-134752.23,-173532.98,-187500.03,-134627.94,-187500.03,-187500.03,-183985.08
4504.503,-187500.03,-187500.03,-187500.03,-187500.03,-187500.03,-187500.03,-187500.03,-187500.03,-187500.03,-129723.984,-169926.75,-187500.03,-130104.17,-187500.03,-187500.03,-178309.81
4504.525,-187500.03,-187500.03,-187500.03,-187500.03,-187500.03,-187500.03,-187500.03,-187500.03,-187500.03,-135350.12,-174787.8,-187500.03,-133636.25,-187500.03,-187500.03,-183015.28
4504.5474,-187500.03,-187500.03,-187500.03,-187500.03,-187500.03,-187500.03,-187500.03,-187500.03,-187500.03,-142697.1,-180191.66,-187500.03,-139732.5,-187500.03,-187500.03,-187500.03
4504.57,-187500.03,-187500.03,-187500.03,-187500.03,-187500.03,-187500.03,-187500.03,-187500.03,-187500.03,-136382.33,-174809.89,-187500.03,-135857.39,-187500.03,-187500.03,-185583.34
4504.5923,-187500.03,-187500.03,-187500.03,-187500.03,-187500.03,-187500.03,-187500.03,-187500.03,-187500.03,-129854.14,-169945.48,-187500.03,-130376.79,-187500.03,-187500.03,-178620.94
4504.6147,-187500.03,-187500.03,-187500.03,-187500.03,-187500.03,-187500.03,-187500.03,-187500.03,-187500.03,-133750.1,-173492.44,-187500.03,-132483.44,-187500.03,-187500.03,-181517.23
4504.6367,-187500.03,-187500.03,-187500.03,-187500.03,-187500.03,-187500.03,-187500.03,-187500.03,-187500.03,-142293.61,-179980.6,-187500.03,-139244.16,-187500.03,-187500.03,-187500.03
4504.659,-187500.03,-187500.03,-187500.03,-187500.03,-187500.03,-187500.03,-187500.03,-187500.03,-187500.03,-138045.3,-176128.27,-187500.03,-137052.3,-187500.03,-187500.03,-187152.56
4504.6816,-187500.03,-187500.03,-187500.03,-187500.03,-187500.03,-187500.03,-187500.03,-187500.03,-187500.03,-130292.82,-170213.16,-187500.03,-130870.74,-187500.03,-187500.03,-179222.03
4504.704,-187500.03,-187500.03,-187500.03,-187500.03,-187500.03,-187500.03,-187500.03,-187500.03,-187500.03,-132358.14,-172340.2,-187500.03,-131520.83,-187500.03,-187500.03,-180262.19
4504.726,-187500.03,-187500.03,-187500.03,-187500.03,-187500.03,-187500.03,-187500.03,-187500.03,-187500.03,-141433.6,-179406.42,-187500.03,-138439.5,-187500.03,-187500.03,-187500.03
4504.7485,-187500.03,-187500.03,-187500.03,-187500.03,-187500.03,-187500.03,-187500.03,-187500.03,-187500.03,-139627.94,-177414.03,-187500.03,-138138.61,-187500.03,-187500.03,-187500.03
4504.771,-187500.03,-187500.03,-187500.03,-187500.03,-187500.03,-187500.03,-187500.03,-187500.03,-187500.03,-131030.26,-170727.73,-187500.03,-131577.95,-187500.03,-187500.03,-180101.73
4504.7935,-187500.03,-187500.03,-187500.03,-187500.03,-187500.03,-187500.03,-187500.03,-187500.03,-187500.03,-131222.52,-171368.25,-187500.03,-130783.98,-187500.03,-187500.03,-179289.25
4504.816,-187500.03,-187500.03,-187500.03,-187500.03,-187500.03,-187500.03,-187500.03,-187500.03,-187500.03,-140173.23,-178497.73,-187500.03,-137370.23,-187500.03,-187500.03,-187500.03
4504.838,-187500.03,-187500.03,-187500.03,-187500.03,-187500.03,-187500.03,-187500.03,-187500.03,-187500.03,-141005.34,-178562.34,-187500.03,-139023.77,-187500.03,-187500.03,-187500.03
4504.8604,-187500.03,-187500.03,-187500.03,-187500.03,-187500.03,-187500.03,-187500.03,-187500.03,-187500.03,-132060.22,-171483.95,-187500.03,-132473.56,-187500.03,-187500.03,-181235.66
4504.883,-187500.03,-187500.03,-187500.03,-187500.03,-187500.03,-187500.03,-187500.03,-187500.03,-187500.03,-130401.266,-170637.4,-187500.03,-130303.234,-187500.03,-187500.03,-178642.89
4504.9053,-187500.03,-187500.03,-187500.03,-187500.03,-187500.03,-187500.03,-187500.03,-187500.03,-187500.03,-138634.64,-177346.77,-187500.03,-136133.8,-187500.03,-187500.03,-186247.84
4504.9272,-187500.03,-187500.03,-187500.03,-187500.03,-187500.03,-187500.03,-187500.03,-187500.03,-187500.03,-142037.05,-179460.56,-187500.03,-139621.14,-187500.03,-187500.03,-187500.03
4504.9497,-187500.03,-187500.03,-187500.03,-187500.03,-187500.03,-187500.03,-187500.03,-187500.03,-187500.03,-133350.86,-172456.42,-187500.03,-133538.02,-187500.03,-187500.03,-182587.36
4504.972,-187500.03,-187500.03,-187500.03,-187500.03,-187500.03,-187500.03,-187500.03,-187500.03,-187500.03,-129900.5,-170151.06,-187500.03,-130085.53,-187500.03,-187500.03,-178325.44
4504.9946,-187500.03,-187500.03,-187500.03,-187500.03,-187500.03,-187500.03,-187500.03,-187500.03,-187500.03,-136951.23,-176050.97,-187500.03,-134833.67,-187500.03,-187500.03,-184571.34
4505.0166,-187500.03,-187500.03,-187500.03,-187500.03,-187500.03,-187500.03,-187500.03,-187500.03,-187500.03,-142619.12,-180024.0,-187500.03,-139860.97,-187500.03,-187500.03,-187500.03
4505.039,-187500.03,-187500.03,-187500.03,-187500.03,-187500.03,-187500.03,-187500.03,-187500.03,-187500.03,-134854.55,-173613.11,-187500.03,-134714.5,-187500.03,-187500.03,-184101.05
4505.0615,-187500.03,-187500.03,-187500.03,-187500.03,-187500.03,-187500.03,-187500.03,-187500.03,-187500.03,-129733.19,-169927.64,-187500.03,-130129.12,-187500.03,-187500.03,-178339.34
4505.084,-187500.03,-187500.03,-187500.03,-187500.03,-187500.03,-187500.03,-187500.03,-187500.03,-187500.03,-135255.58,-174709.08,-187500.03,-133572.28,-187500.03,-187500.03,-182931.33
4505.1064,-187500.03,-187500.03,-187500.03,-187500.03,-187500.03,-187500.03,-187500.03,-187500.03,-187500.03,-142699.5,-180195.8,-187500.03,-139725.16,-187500.03,-187500.03,-187500.03
4505.1284,-187500.03,-187500.03,-187500.03,-187500.03,-187500.03,-187500.03,-187500.03,-187500.03,-187500.03,-136501.78,-174898.78,-187500.03,-135946.34,-187500.03,-187500.03,-185698.94
4505.151,-187500.03,-187500.03,-187500.03,-187500.03,-187500.03,-187500.03,-187500.03,-187500.03,-187500.03,-129886.195,-169960.77,-187500.03,-130412.234,-187500.03,-187500.03,-178662.28
4505.1733,-187500.03,-187500.03,-187500.03,-187500.03,-187500.03,-187500.03,-187500.03,-187500.03,-187500.03,-133668.53,-173421.66,-187500.03,-132427.06,-187500.03,-187500.03,-181442.5
4505.196,-187500.03,-187500.03,-187500.03,-187500.03,-187500.03,-187500.03,-187500.03,-187500.03,-187500.03,-142267.67,-179963.97,-187500.03,-139214.69,-187500.03,-187500.03,-187500.03
4505.218,-187500.03,-187500.03,-187500.03,-187500.03,-187500.03,-187500.03,-187500.03,-187500.03,-187500.03,-138171.62,-176226.55,-187500.03,-137145.08,-187500.03,-187500.03,-187272.9
4505.24,-187500.03,-187500.03,-187500.03,-187500.03,-187500.03,-187500.03,-187500.03,-187500.03,-187500.03,-130349.055,-170248.83,-187500.03,-130928.516,-187500.03,-187500.03,-179287.75
4505.2627,-187500.03,-187500.03,-187500.03,-187500.03,-187500.03,-187500.03,-187500.03,-187500.03,-187500.03,-132284.5,-172272.7,-187500.03,-131477.12,-187500.03,-187500.03,-180195.92
4505.285,-187500.03,-187500.03,-187500.03,-187500.03,-187500.03,-187500.03,-187500.03,-187500.03,-187500.03,-141367.56,-179357.2,-187500.03,-138384.16,-187500.03,-187500.03,-187500.03
4505.3076,-187500.03,-187500.03,-187500.03,-187500.03,-187500.03,-187500.03,-187500.03,-187500.03,-187500.03,-139743.05,-177503.94,-187500.03,-138217.81,-187500.03,-187500.03,-187500.03
4505.3296,-187500.03,-187500.03,-187500.03,-187500.03,-187500.03,-187500.03,-187500.03,-187500.03,-187500.03,-131105.0,-170778.94,-187500.03,-131643.31,-187500.03,-187500.03,-180177.73
4505.352,-187500.03,-187500.03,-187500.03,-187500.03,-187500.03,-187500.03,-187500.03,-187500.03,-187500.03,-131187.22,-171333.44,-187500.03,-130767.48,-187500.03,-187500.03,-179259.14
4505.3745,-187500.03,-187500.03,-187500.03,-187500.03,-187500.03,-187500.03,-187500.03,-187500.03,-187500.03,-140109.36,-178451.08,-187500.03,-137322.22,-187500.03,-187500.03,-187500.03
4505.397,-187500.03,-187500.03,-187500.03,-187500.03,-187500.03,-187500.03,-187500.03,-187500.03,-187500.03,-141078.38,-178624.25,-187500.03,-139076.69,-187500.03,-187500.03,-187500.03
4505.419,-187500.03,-187500.03,-187500.03,-187500.03,-187500.03,-187500.03,-187500.03,-187500.03,-187500.03,-132131.44,-171537.86,-187500.03,-132541.62,-187500.03,-187500.03,-181309.02
4505.4414,-187500.03,-187500.03,-187500.03,-187500.03,-187500.03,-187500.03,-187500.03,-187500.03,-187500.03,-130377.234,-170613.03,-187500.03,-130300.87,-187500.03,-187500.03,-178625.55
4505.464,-187500.03,-187500.03,-187500.03,-187500.03,-187500.03,-187500.03,-187500.03,-187500.03,-187500.03,-138555.88,-177287.94,-187500.03,-136079.33,-187500.03,-187500.03,-186167.44
4505.4863,-187500.03,-187500.03,-187500.03,-187500.03,-187500.03,-187500.03,-187500.03,-187500.03,-187500.03,-142098.38,-179517.19,-187500.03,-139663.3,-187500.03,-187500.03,-187500.03
4505.509,-187500.03,-187500.03,-187500.03,-187500.03,-187500.03,-187500.03,-187500.03,-187500.03,-187500.03,-133450.53,-172535.73,-187500.03,-133623.86,-187500.03,-187500.03,-182694.23
4505.531,-187500.03,-187500.03,-187500.03,-187500.03,-187500.03,-187500.03,-187500.03,-187500.03,-187500.03,-129892.6,-170143.47,-187500.03,-130096.52,-187500.03,-187500.03,-178333.6
4505.553,-187500.03,-187500.03,-187500.03,-187500.03,-187500.03,-187500.03,-187500.03,-187500.03,-187500.03,-136848.38,-175976.28,-187500.03,-134764.08,-187500.03,-187500.03,-184476.56
4505.5757,-187500.03,-187500.03,-187500.03,-187500.03,-187500.03,-187500.03,-187500.03,-187500.03,-187500.03,-142655.88,-180066.47,-187500.03,-139883.78,-187500.03,-187500.03,-187500.03
4505.598,-187500.03,-187500.03,-187500.03,-187500.03,-187500.03,-187500.03,-187500.03,-187500.03,-187500.03,-134986.03,-173721.52,-187500.03,-134822.9,-187500.03,-187500.03,-184239.02
4505.62,-187500.03,-187500.03,-187500.03,-187500.03,-187500.03,-187500.03,-187500.03,-187500.03,-187500.03,-129742.3,-169936.31,-187500.03,-130155.13,-187500.03,-187500.03,-178367.84
4505.6426,-187500.03,-187500.03,-187500.03,-187500.03,-187500.03,-187500.03,-187500.03,-187500.03,-187500.03,-135134.78,-174622.25,-187500.03,-133488.19,-187500.03,-187500.03,-182823.84
4505.665,-187500.03,-187500.03,-187500.03,-187500.03,-187500.03,-187500.03,-187500.03,-187500.03,-187500.03,-142693.3,-180211.53,-187500.03,-139707.95,-187500.03,-187500.03,-187500.03
4505.6875,-187500.03,-187500.03,-187500.03,-187500.03,-187500.03,-187500.03,-187500.03,-187500.03,-187500.03,-136646.72,-175025.17,-187500.03,-136056.89,-187500.03,-187500.03,-185850.62
4505.71,-187500.03,-187500.03,-187500.03,-187500.03,-187500.03,-187500.03,-187500.03,-187500.03,-187500.03,-129920.05,-169993.44,-187500.03,-130456.92,-187500.03,-187500.03,-178721.31
4505.732,-187500.03,-187500.03,-187500.03,-187500.03,-187500.03,-187500.03,-187500.03,-187500.03,-187500.03,-133557.31,-173342.53,-187500.03,-132355.4,-187500.03,-187500.03,-181352.4
4505.7544,-187500.03,-187500.03,-187500.03,-187500.03,-187500.03,-187500.03,-187500.03,-187500.03,-187500.03,-142218.6,-179945.88,-187500.03,-139169.3,-187500.03,-187500.03,-187500.03
4505.777,-187500.03,-187500.03,-187500.03,-187500.03,-187500.03,-187500.03,-187500.03,-187500.03,-187500.03,-138314.97,-176353.0,-187500.03,-137249.19,-187500.03,-187500.03,-187415.4
4505.7993,-187500.03,-187500.03,-187500.03,-187500.03,-187500.03,-187500.03,-187500.03,-187500.03,-187500.03,-130408.11,-170300.2,-187500.03,-130987.87,-187500.03,-187500.03,-179365.11
4505.8213,-187500.03,-187500.03,-187500.03,-187500.03,-187500.03,-187500.03,-187500.03,-187500.03,-187500.03,-132189.67,-172202.05,-187500.03,-131414.73,-187500.03,-187500.03,-180120.17
4505.8438,-187500.03,-187500.03,-187500.03,-187500.03,-187500.03,-187500.03,-187500.03,-187500.03,-187500.03,-141283.47,-179308.7,-187500.03,-138310.0,-187500.03,-187500.03,-187500.03
4505.866,-187500.03,-187500.03,-187500.03,-187500.03,-187500.03,-187500.03,-187500.03,-187500.03,-187500.03,-139880.95,-177626.83,-187500.03,-138313.39,-187500.03,-187500.03,-187500.03
4505.8887,-187500.03,-187500.03,-187500.03,-187500.03,-187500.03,-187500.03,-187500.03,-187500.03,-187500.03,-131191.81,-170848.67,-187500.03,-131725.34,-187500.03,-187500.03,-180284.62
4505.911,-187500.03,-187500.03,-187500.03,-187500.03,-187500.03,-187500.03,-187500.03,-187500.03,-187500.03,-131097.5,-171260.47,-187500.03,-130714.43,-187500.03,-187500.03,-179190.02
4505.933,-187500.03,-187500.03,-187500.03,-187500.03,-187500.03,-187500.03,-187500.03,-187500.03,-187500.03,-139967.34,-178350.3,-187500.03,-137205.2,-187500.03,-187500.03,-187500.03
4505.9556,-187500.03,-187500.03,-187500.03,-187500.03,-187500.03,-187500.03,-187500.03,-187500.03,-187500.03,-141194.88,-178725.77,-187500.03,-139144.47,-187500.03,-187500.03,-187500.03
4505.978,-187500.03,-187500.03,-187500.03,-187500.03,-187500.03,-187500.03,-187500.03,-187500.03,-187500.03,-132252.5,-171627.7,-187500.03,-132638.33,-187500.03,-187500.03,-181435.95
4506.0005,-187500.03,-187500.03,-187500.03,-187500.03,-187500.03,-187500.03,-187500.03,-187500.03,-187500.03,-130331.55,-170567.61,-187500.03,-130276.01,-187500.03,-187500.03,-178595.64
4506.0225,-187500.03,-187500.03,-187500.03,-187500.03,-187500.03,-187500.03,-187500.03,-187500.03,-187500.03,-138430.39,-177193.03,-187500.03,-135978.0,-187500.03,-187500.03,-186043.1
4506.045,-187500.03,-187500.03,-187500.03,-187500.03,-187500.03,-187500.03,-187500.03,-187500.03,-187500.03,-142144.19,-179561.64,-187500.03,-139680.39,-187500.03,-187500.03,-187500.03
4506.0674,-187500.03,-187500.03,-187500.03,-187500.03,-187500.03,-187500.03,-187500.03,-187500.03,-187500.03,-133546.69,-172608.9,-187500.03,-133697.8,-187500.03,-187500.03,-182789.12
4506.09,-187500.03,-187500.03,-187500.03,-187500.03,-187500.03,-187500.03,-187500.03,-187500.03,-187500.03,-129874.84,-170121.23,-187500.03,-130092.56,-187500.03,-187500.03,-178323.94
4506.1123,-187500.03,-187500.03,-187500.03,-187500.03,-187500.03,-187500.03,-187500.03,-187500.03,-187500.03,-136749.14,-175896.44,-187500.03,-134688.02,-187500.03,-187500.03,-184378.12
4506.1343,-187500.03,-187500.03,-187500.03,-187500.03,-187500.03,-187500.03,-187500.03,-187500.03,-187500.03,-142665.84,-180077.03,-187500.03,-139874.22,-187500.03,-187500.03,-187500.03
4506.1567,-187500.03,-187500.03,-187500.03,-187500.03,-187500.03,-187500.03,-187500.03,-187500.03,-187500.03,-135071.62,-173783.12,-187500.03,-134881.94,-187500.03,-187500.03,-184319.64
4506.179,-187500.03,-187500.03,-187500.03,-187500.03,-187500.03,-187500.03,-187500.03,-187500.03,-187500.03,-129744.664,-169928.58,-187500.03,-130161.34,-187500.03,-187500.03,-178378.73
4506.2017,-187500.03,-187500.03,-187500.03,-187500.03,-187500.03,-187500.03,-187500.03,-187500.03,-187500.03,-135057.33,-174555.92,-187500.03,-133428.55,-187500.03,-187500.03,-182751.36
4506.2236,-187500.03,-187500.03,-187500.03,-187500.03,-187500.03,-187500.03,-187500.03,-187500.03,-187500.03,-142686.28,-180207.34,-187500.03,-139691.95,-187500.03,-187500.03,-187500.03
4506.246,-187500.03,-187500.03,-187500.03,-187500.03,-187500.03,-187500.03,-187500.03,-187500.03,-187500.03,-136737.16,-175091.88,-187500.03,-136123.67,-187500.03,-187500.03,-185937.03
4506.2686,-187500.03,-187500.03,-187500.03,-187500.03,-187500.03,-187500.03,-187500.03,-187500.03,-187500.03,-129942.266,-170000.98,-187500.03,-130484.48,-187500.03,-187500.03,-178751.38
4506.291,-187500.03,-187500.03,-187500.03,-187500.03,-187500.03,-187500.03,-187500.03,-187500.03,-187500.03,-133475.08,-173272.78,-187500.03,-132298.9,-187500.03,-187500.03,-181276.47
4506.3135,-187500.03,-187500.03,-187500.03,-187500.03,-187500.03,-187500.03,-187500.03,-187500.03,-187500.03,-142186.8,-179926.67,-187500.03,-139135.36,-187500.03,-187500.03,-187500.03
4506.3354,-187500.03,-187500.03,-187500.03,-187500.03,-187500.03,-187500.03,-187500.03,-187500.03,-187500.03,-138420.06,-176436.11,-187500.03,-137323.52,-187500.03,-187500.03,-187500.03
4506.358,-187500.03,-187500.03,-187500.03,-187500.03,-187500.03,-187500.03,-187500.03,-187500.03,-187500.03,-130457.34,-170333.48,-187500.03,-131036.016,-187500.03,-187500.03,-179423.14
4506.3804,-187500.03,-187500.03,-187500.03,-187500.03,-187500.03,-187500.03,-187500.03,-187500.03,-187500.03,-132123.27,-172144.97,-187500.03,-131374.42,-187500.03,-187500.03,-180061.83
4506.403,-187500.03,-187500.03,-187500.03,-187500.03,-187500.03,-187500.03,-187500.03,-187500.03,-187500.03,-141225.53,-179267.89,-187500.03,-138261.44,-187500.03,-187500.03,-187500.03
4506.425,-187500.03,-187500.03,-187500.03,-187500.03,-187500.03,-187500.03,-187500.03,-187500.03,-187500.03,-139983.23,-177709.53,-187500.03,-138384.73,-187500.03,-187500.03,-187500.03
4506.4473,-187500.03,-187500.03,-187500.03,-187500.03,-187500.03,-187500.03,-187500.03,-187500.03,-187500.03,-131266.81,-170903.77,-187500.03,-131793.06,-187500.03,-187500.03,-180360.19
4506.4697,-187500.03,-187500.03,-187500.03,-187500.03,-187500.03,-187500.03,-187500.03,-187500.03,-187500.03,-131053.24,-171220.88,-187500.03,-130691.68,-187500.03,-187500.03,-179151.47
4506.492,-187500.03,-187500.03,-187500.03,-187500.03,-187500.03,-187500.03,-187500.03,-187500.03,-187500.03,-139896.08,-178301.36,-187500.03,-137147.88,-187500.03,-187500.03,-187500.03
4506.5146,-187500.03,-187500.03,-187500.03,-187500.03,-187500.03,-187500.03,-187500.03,-187500.03,-187500.03,-141294.8,-178811.44,-187500.03,-139212.52,-187500.03,-187500.03,-187500.03
4506.5366,-187500.03,-187500.03,-187500.03,-187500.03,-187500.03,-187500.03,-187500.03,-187500.03,-187500.03,-132352.55,-171706.2,-187500.03,-132727.34,-187500.03,-187500.03,-181542.98
4506.559,-187500.03,-187500.03,-187500.03,-187500.03,-187500.03,-187500.03,-187500.03,-187500.03,-187500.03,-130297.06,-170536.72,-187500.03,-130268.01,-187500.03,-187500.03,-178574.1
4506.5815,-187500.03,-187500.03,-187500.03,-187500.03,-187500.03,-187500.03,-187500.03,-187500.03,-187500.03,-138311.06,-177104.39,-187500.03,-135888.02,-187500.03,-187500.03,-185920.4
4506.604,-187500.03,-187500.03,-187500.03,-187500.03,-187500.03,-187500.03,-187500.03,-187500.03,-187500.03,-142229.53,-179637.72,-187500.03,-139730.62,-187500.03,-187500.03,-187500.03
4506.626,-187500.03,-187500.03,-187500.03,-187500.03,-187500.03,-187500.03,-187500.03,-187500.03,-187500.03,-133688.6,-172718.22,-187500.03,-133812.73,-187500.03,-187500.03,-182935.0
4506.6484,-187500.03,-187500.03,-187500.03,-187500.03,-187500.03,-187500.03,-187500.03,-187500.03,-187500.03,-129867.164,-170106.14,-187500.03,-130102.17,-187500.03,-187500.03,-178333.67
4506.671,-187500.03,-187500.03,-187500.03,-187500.03,-187500.03,-187500.03,-187500.03,-187500.03,-187500.03,-136609.25,-175785.34,-187500.03,-134581.02,-187500.03,-187500.03,-184243.3
4506.6934,-187500.03,-187500.03,-187500.03,-187500.03,-187500.03,-187500.03,-187500.03,-187500.03,-187500.03,-142700.53,-180115.86,-187500.03,-139883.45,-187500.03,-187500.03,-187500.03
4506.7153,-187500.03,-187500.03,-187500.03,-187500.03,-187500.03,-187500.03,-187500.03,-187500.03,-187500.03,-135220.1,-173901.86,-187500.03,-134996.83,-187500.03,-187500.03,-184471.19
4506.738,-187500.03,-187500.03,-187500.03,-187500.03,-187500.03,-187500.03,-187500.03,-187500.03,-187500.03,-129758.89,-169935.16,-187500.03,-130189.836,-187500.03,-187500.03,-178411.16
4506.7603,-187500.03,-187500.03,-187500.03,-187500.03,-187500.03,-187500.03,-187500.03,-187500.03,-187500.03,-134917.17,-174446.08,-187500.03,-133328.88,-187500.03,-187500.03,-182622.89
4506.7827,-187500.03,-187500.03,-187500.03,-187500.03,-187500.03,-187500.03,-187500.03,-187500.03,-187500.03,-142665.3,-180202.92,-187500.03,-139658.97,-187500.03,-187500.03,-187500.03
4506.805,-187500.03,-187500.03,-187500.03,-187500.03,-187500.03,-187500.03,-187500.03,-187500.03,-187500.03,-136875.73,-175202.38,-187500.03,-136223.02,-187500.03,-187500.03,-186074.89
4506.827,-187500.03,-187500.03,-187500.03,-187500.03,-187500.03,-187500.03,-187500.03,-187500.03,-187500.03,-129974.35,-170022.05,-187500.03,-130520.85,-187500.03,-187500.03,-178802.22
4506.8496,-187500.03,-187500.03,-187500.03,-187500.03,-187500.03,-187500.03,-187500.03,-187500.03,-187500.03,-133360.55,-173180.05,-187500.03,-132216.52,-187500.03,-187500.03,-181177.22
4506.872,-187500.03,-187500.03,-187500.03,-187500.03,-187500.03,-187500.03,-187500.03,-187500.03,-187500.03,-142123.62,-179888.9,-187500.03,-139072.19,-187500.03,-187500.03,-187500.03
4506.8945,-187500.03,-187500.03,-187500.03,-187500.03,-187500.03,-187500.03,-187500.03,-187500.03,-187500.03,-138538.83,-176536.14,-187500.03,-137403.64,-187500.03,-187500.03,-187500.03
4506.9165,-187500.03,-187500.03,-187500.03,-187500.03,-187500.03,-187500.03,-187500.03,-187500.03,-187500.03,-130501.72,-170366.1,-187500.03,-131078.44,-187500.03,-187500.03,-179481.62
4506.939,-187500.03,-187500.03,-187500.03,-187500.03,-187500.03,-187500.03,-187500.03,-187500.03,-187500.03,-132022.86,-172061.61,-187500.03,-131303.75,-187500.03,-187500.03,-179975.62
4506.9614,-187500.03,-187500.03,-187500.03,-187500.03,-187500.03,-187500.03,-187500.03,-187500.03,-187500.03,-141121.44,-179193.47,-187500.03,-138167.22,-187500.03,-187500.03,-187500.03
4506.984,-187500.03,-187500.03,-187500.03,-187500.03,-187500.03,-187500.03,-187500.03,-187500.03,-187500.03,-140079.89,-177791.25,-187500.03,-138439.28,-187500.03,-187500.03,-187500.03
4507.0063,-187500.03,-187500.03,-187500.03,-187500.03,-187500.03,-187500.03,-187500.03,-187500.03,-187500.03,-131323.56,-170947.69,-187500.03,-131839.56,-187500.03,-187500.03,-180428.27
4507.0283,-187500.03,-187500.03,-187500.03,-187500.03,-187500.03,-187500.03,-187500.03,-187500.03,-187500.03,-130971.12,-171152.77,-187500.03,-130634.73,-187500.03,-187500.03,-179084.66
4507.051,-187500.03,-187500.03,-187500.03,-187500.03,-187500.03,-187500.03,-187500.03,-187500.03,-187500.03,-139766.06,-178204.8,-187500.03,-137037.03,-187500.03,-187500.03,-187406.88
4507.073,-187500.03,-187500.03,-187500.03,-187500.03,-187500.03,-187500.03,-187500.03,-187500.03,-187500.03,-141368.95,-178875.97,-187500.03,-139248.23,-187500.03,-187500.03,-187500.03
4507.0957,-187500.03,-187500.03,-187500.03,-187500.03,-187500.03,-187500.03,-187500.03,-187500.03,-187500.03,-132435.78,-171766.47,-187500.03,-132791.83,-187500.03,-187500.03,-181631.81
4507.1177,-187500.03,-187500.03,-187500.03,-187500.03,-187500.03,-187500.03,-187500.03,-187500.03,-187500.03,-130246.234,-170488.36,-187500.03,-130233.32,-187500.03,-187500.03,-178536.53
4507.14,-187500.03,-187500.03,-187500.03,-187500.03,-187500.03,-187500.03,-187500.03,-187500.03,-187500.03,-138176.38,-176999.94,-187500.03,-135773.6,-187500.03,-187500.03,-185784.77
4507.1626,-187500.03,-187500.03,-187500.03,-187500.03,-187500.03,-187500.03,-187500.03,-187500.03,-187500.03,-142280.62,-179685.38,-187500.03,-139744.97,-187500.03,-187500.03,-187500.03
4507.185,-187500.03,-187500.03,-187500.03,-187500.03,-187500.03,-187500.03,-187500.03,-187500.03,-187500.03,-133792.62,-172797.14,-187500.03,-133887.0,-187500.03,-187500.03,-183041.22
4507.2075,-187500.03,-187500.03,-187500.03,-187500.03,-187500.03,-187500.03,-187500.03,-187500.03,-187500.03,-129839.39,-170077.98,-187500.03,-130087.805,-187500.03,-187500.03,-178319.47
4507.2295,-187500.03,-187500.03,-187500.03,-187500.03,-187500.03,-187500.03,-187500.03,-187500.03,-187500.03,-136469.6,-175674.72,-187500.03,-134470.31,-187500.03,-187500.03,-184105.78
4507.252,-187500.03,-187500.03,-187500.03,-187500.03,-187500.03,-187500.03,-187500.03,-187500.03,-187500.03,-142711.22,-180128.73,-187500.03,-139869.03,-187500.03,-187500.03,-187500.03
4507.2744,-187500.03,-187500.03,-187500.03,-187500.03,-187500.03,-187500.03,-187500.03,-187500.03,-187500.03,-135342.14,-173991.72,-187500.03,-135081.23,-187500.03,-187500.03,-184588.02
4507.297,-187500.03,-187500.03,-187500.03,-187500.03,-187500.03,-187500.03,-187500.03,-187500.03,-187500.03,-129760.625,-169924.94,-187500.03,-130195.09,-187500.03,-187500.03,-178425.45
4507.319,-187500.03,-187500.03,-187500.03,-187500.03,-187500.03,-187500.03,-187500.03,-187500.03,-187500.03,-134794.78,-174342.45,-187500.03,-133229.84,-187500.03,-187500.03,-182506.44
4507.3413,-187500.03,-187500.03,-187500.03,-187500.03,-187500.03,-187500.03,-187500.03,-187500.03,-187500.03,-142635.0,-180182.0,-187500.03,-139612.7,-187500.03,-187500.03,-187500.03
4507.364,-187500.03,-187500.03,-187500.03,-187500.03,-187500.03,-187500.03,-187500.03,-187500.03,-187500.03,-136997.8,-175295.1,-187500.03,-136301.81,-187500.03,-187500.03,-186192.73
4507.386,-187500.03,-187500.03,-187500.03,-187500.03,-187500.03,-187500.03,-187500.03,-187500.03,-187500.03,-130000.81,-170033.67,-187500.03,-130545.305,-187500.03,-187500.03,-178845.86
4507.4087,-187500.03,-187500.03,-187500.03,-187500.03,-187500.03,-187500.03,-187500.03,-187500.03,-187500.03,-133248.5,-173081.81,-187500.03,-132130.75,-187500.03,-187500.03,-181079.95
4507.4307,-187500.03,-187500.03,-187500.03,-187500.03,-187500.03,-187500.03,-187500.03,-187500.03,-187500.03,-142050.95,-179831.61,-187500.03,-138996.64,-187500.03,-187500.03,-187500.03
4507.453,-187500.03,-187500.03,-187500.03,-187500.03,-187500.03,-187500.03,-187500.03,-187500.03,-187500.03,-138652.88,-176620.67,-187500.03,-137470.38,-187500.03,-187500.03,-187500.03
4507.4756,-187500.03,-187500.03,-187500.03,-187500.03,-187500.03,-187500.03,-187500.03,-187500.03,-187500.03,-130543.02,-170385.66,-187500.03,-131110.17,-187500.03,-187500.03,-179539.6
4507.498,-187500.03,-187500.03,-187500.03,-187500.03,-187500.03,-187500.03,-187500.03,-187500.03,-187500.03,-131927.64,-171975.1,-187500.03,-131231.5,-187500.03,-187500.03,-179901.22
